solid OpenSCAD_Model
  facet normal 0.64462 -0.282733 0.710301
    outer loop
      vertex 5.78864 -4.75891 4.8751
      vertex 6.54291 -5.21257 4.01
      vertex 5.83843 -4.66162 4.86864
    endloop
  endfacet
  facet normal 0.644609 -0.282753 0.710303
    outer loop
      vertex 5.75343 -4.8277 4.87967
      vertex 6.54291 -5.21257 4.01
      vertex 5.78864 -4.75891 4.8751
    endloop
  endfacet
  facet normal 0.644608 -0.282754 0.710303
    outer loop
      vertex 6.54291 -5.21257 4.01
      vertex 5.75343 -4.8277 4.87967
      vertex 5.72156 -4.8888 4.88427
    endloop
  endfacet
  facet normal -0.459914 0.53851 -0.706036
    outer loop
      vertex -7.91064 7.41064 0
      vertex -8.1935 7.6935 0.4
      vertex -7.96678 7.88713 0.4
    endloop
  endfacet
  facet normal 0.60456 -0.370474 0.705164
    outer loop
      vertex 5.72156 -4.8888 4.88427
      vertex 6.38713 -5.46678 4.01
      vertex 6.54291 -5.21257 4.01
    endloop
  endfacet
  facet normal 0.604538 -0.370504 0.705167
    outer loop
      vertex 6.38713 -5.46678 4.01
      vertex 5.72156 -4.8888 4.88427
      vertex 5.70089 -4.9199 4.88565
    endloop
  endfacet
  facet normal 0.706023 0.0555593 -0.706006
    outer loop
      vertex 8.74998 6.34999 0.4
      vertex 8.34999 6.34999 0
      vertex 8.72659 6.64722 0.4
    endloop
  endfacet
  facet normal 0.309685 0.74768 0.587426
    outer loop
      vertex 7.43712 8.157 0.41
      vertex 5.71257 6.04291 4.01
      vertex 7.71257 8.04291 0.41
    endloop
  endfacet
  facet normal 0.309685 0.74768 0.587426
    outer loop
      vertex 5.71257 6.04291 4.01
      vertex 7.43712 8.157 0.41
      vertex 5.43712 6.157 4.01
    endloop
  endfacet
  facet normal 0.85582 -0.0673473 0.512871
    outer loop
      vertex 6.72659 -4.64722 4.01
      vertex 8.74998 -6.34999 0.41
      vertex 6.74998 -4.34999 4.01
    endloop
  endfacet
  facet normal 0.85582 -0.0673473 0.512871
    outer loop
      vertex 8.74998 -6.34999 0.41
      vertex 6.72659 -4.64722 4.01
      vertex 8.72659 -6.64722 0.41
    endloop
  endfacet
  facet normal -0.0689663 0.700264 -0.710545
    outer loop
      vertex -7.14262 7.82117 0
      vertex -7.14722 8.22659 0.4
      vertex -6.84999 7.84999 0
    endloop
  endfacet
  facet normal 0.68957 -0.16553 0.705049
    outer loop
      vertex 5.87137 -4.58224 4.8617
      vertex 6.657 -4.93712 4.01
      vertex 6.72659 -4.64722 4.01
    endloop
  endfacet
  facet normal 0.689254 -0.166448 0.705141
    outer loop
      vertex 5.87004 -4.58618 4.86207
      vertex 6.657 -4.93712 4.01
      vertex 5.87137 -4.58224 4.8617
    endloop
  endfacet
  facet normal 0.689604 -0.165423 0.705041
    outer loop
      vertex 6.657 -4.93712 4.01
      vertex 5.87004 -4.58618 4.86207
      vertex 5.85708 -4.62367 4.86595
    endloop
  endfacet
  facet normal -0.700264 -0.0689663 -0.710545
    outer loop
      vertex -8.32117 -6.64262 0
      vertex -8.72659 -6.64722 0.4
      vertex -8.34999 -6.34999 0
    endloop
  endfacet
  facet normal -0.807864 -0.193926 0.55655
    outer loop
      vertex -8.72659 -6.64722 0.41
      vertex -6.657 -4.93712 4.01
      vertex -6.72659 -4.64722 4.01
    endloop
  endfacet
  facet normal -0.807864 -0.193926 0.55655
    outer loop
      vertex -6.657 -4.93712 4.01
      vertex -8.72659 -6.64722 0.41
      vertex -8.657 -6.93712 0.41
    endloop
  endfacet
  facet normal -0.707111 1.20486e-06 0.707102
    outer loop
      vertex -6.74998 4.34999 4.01
      vertex -5.93157 4.30954 4.82842
      vertex -5.92589 4.34999 4.8341
    endloop
  endfacet
  facet normal -0.707118 -0.000278729 0.707096
    outer loop
      vertex -6.74998 4.34999 4.01
      vertex -5.93491 4.28444 4.82507
      vertex -5.93157 4.30954 4.82842
    endloop
  endfacet
  facet normal -0.707105 4.43804e-05 0.707109
    outer loop
      vertex -6.74998 4.34999 4.01
      vertex -5.95591 4.1268 4.80408
      vertex -5.93491 4.28444 4.82507
    endloop
  endfacet
  facet normal -0.707111 1.02348e-06 0.707102
    outer loop
      vertex -6.74998 4.34999 4.01
      vertex -5.96795 4.02543 4.79204
      vertex -5.95591 4.1268 4.80408
    endloop
  endfacet
  facet normal -0.70721 -0.000474493 0.707004
    outer loop
      vertex -6.74998 4.34999 4.01
      vertex -5.96954 4.01122 4.79044
      vertex -5.96795 4.02543 4.79204
    endloop
  endfacet
  facet normal -0.707107 -2.19147e-15 0.707107
    outer loop
      vertex -6.74998 4.34999 4.01
      vertex -5.99904 3.74862 4.76094
      vertex -5.96954 4.01122 4.79044
    endloop
  endfacet
  facet normal -0.707094 3.2071e-05 0.70712
    outer loop
      vertex -6.74998 4.34999 4.01
      vertex -6.02055 3.54536 4.73944
      vertex -5.99904 3.74862 4.76094
    endloop
  endfacet
  facet normal -0.707111 9.18509e-07 0.707102
    outer loop
      vertex -6.74998 4.34999 4.01
      vertex -6.02747 3.47996 4.73252
      vertex -6.02055 3.54536 4.73944
    endloop
  endfacet
  facet normal -0.707111 8.67697e-07 0.707102
    outer loop
      vertex -6.74998 4.34999 4.01
      vertex -6.03549 3.39916 4.7245
      vertex -6.02747 3.47996 4.73252
    endloop
  endfacet
  facet normal -0.707134 -3.3735e-05 0.707079
    outer loop
      vertex -6.74998 4.34999 4.01
      vertex -6.0534 3.21865 4.70658
      vertex -6.03549 3.39916 4.7245
    endloop
  endfacet
  facet normal -0.707072 4.24093e-05 0.707141
    outer loop
      vertex -6.74998 4.34999 4.01
      vertex -6.06683 3.07372 4.69316
      vertex -6.0534 3.21865 4.70658
    endloop
  endfacet
  facet normal -0.707111 8.17473e-07 0.707102
    outer loop
      vertex -6.74998 4.34999 4.01
      vertex -6.077 2.96395 4.68299
      vertex -6.06683 3.07372 4.69316
    endloop
  endfacet
  facet normal -0.707158 -4.49433e-05 0.707055
    outer loop
      vertex -6.74998 4.34999 4.01
      vertex -6.08829 2.83252 4.67169
      vertex -6.077 2.96395 4.68299
    endloop
  endfacet
  facet normal -0.707107 0 0.707107
    outer loop
      vertex -6.74998 4.34999 4.01
      vertex -6.09838 2.71517 4.6616
      vertex -6.08829 2.83252 4.67169
    endloop
  endfacet
  facet normal -0.707107 5.66726e-15 0.707107
    outer loop
      vertex -6.74998 4.34999 4.01
      vertex -6.10611 2.61764 4.65387
      vertex -6.09838 2.71517 4.6616
    endloop
  endfacet
  facet normal -0.707107 0 0.707107
    outer loop
      vertex -6.74998 4.34999 4.01
      vertex -6.11767 2.4717 4.64231
      vertex -6.10611 2.61764 4.65387
    endloop
  endfacet
  facet normal -0.707056 3.43102e-05 0.707158
    outer loop
      vertex -6.74998 4.34999 4.01
      vertex -6.12997 2.30213 4.63002
      vertex -6.11767 2.4717 4.64231
    endloop
  endfacet
  facet normal -0.707248 -8.18e-05 0.706966
    outer loop
      vertex -6.74998 4.34999 4.01
      vertex -6.13498 2.23295 4.625
      vertex -6.12997 2.30213 4.63002
    endloop
  endfacet
  facet normal -0.707107 2.81725e-15 0.707107
    outer loop
      vertex -6.74998 4.34999 4.01
      vertex -6.14712 2.04819 4.61286
      vertex -6.13498 2.23295 4.625
    endloop
  endfacet
  facet normal -0.707107 -1.04519e-14 0.707107
    outer loop
      vertex -6.74998 4.34999 4.01
      vertex -6.15039 1.99838 4.60959
      vertex -6.14712 2.04819 4.61286
    endloop
  endfacet
  facet normal -0.707107 0 0.707107
    outer loop
      vertex -6.74998 4.34999 4.01
      vertex -6.15295 1.9549 4.60703
      vertex -6.15039 1.99838 4.60959
    endloop
  endfacet
  facet normal -0.707107 0 0.707107
    outer loop
      vertex -6.74998 4.34999 4.01
      vertex -6.16398 1.76749 4.596
      vertex -6.15295 1.9549 4.60703
    endloop
  endfacet
  facet normal -0.707107 0 0.707107
    outer loop
      vertex -6.74998 4.34999 4.01
      vertex -6.17483 1.55886 4.58515
      vertex -6.16398 1.76749 4.596
    endloop
  endfacet
  facet normal -0.706388 0.000296125 0.707825
    outer loop
      vertex -6.74998 4.34999 4.01
      vertex -6.17583 1.53981 4.58416
      vertex -6.17483 1.55886 4.58515
    endloop
  endfacet
  facet normal -0.707937 -0.000336853 0.706276
    outer loop
      vertex -6.74998 4.34999 4.01
      vertex -6.1766 1.52264 4.58338
      vertex -6.17583 1.53981 4.58416
    endloop
  endfacet
  facet normal -0.707038 2.7839e-05 0.707175
    outer loop
      vertex -6.74998 4.34999 4.01
      vertex -6.18598 1.31487 4.57401
      vertex -6.1766 1.52264 4.58338
    endloop
  endfacet
  facet normal -0.709485 -0.00088323 0.70472
    outer loop
      vertex -6.74998 4.34999 4.01
      vertex -6.18623 1.30824 4.57375
      vertex -6.18598 1.31487 4.57401
    endloop
  endfacet
  facet normal -0.707008 3.66388e-05 0.707206
    outer loop
      vertex -6.74998 4.34999 4.01
      vertex -6.19235 1.14824 4.56764
      vertex -6.18623 1.30824 4.57375
    endloop
  endfacet
  facet normal -0.707425 -0.000108733 0.706788
    outer loop
      vertex -6.74998 4.34999 4.01
      vertex -6.19417 1.0939 4.56581
      vertex -6.19235 1.14824 4.56764
    endloop
  endfacet
  facet normal -0.696735 0.00351369 0.71732
    outer loop
      vertex -6.74998 4.34999 4.01
      vertex -6.19423 1.09221 4.56576
      vertex -6.19417 1.0939 4.56581
    endloop
  endfacet
  facet normal -0.707112 3.05395e-07 0.707101
    outer loop
      vertex -6.74998 4.34999 4.01
      vertex -6.19428 1.09042 4.56571
      vertex -6.19423 1.09221 4.56576
    endloop
  endfacet
  facet normal -0.707112 3.01181e-07 0.707101
    outer loop
      vertex -6.74998 4.34999 4.01
      vertex -6.2003 0.871394 4.55969
      vertex -6.19428 1.09042 4.56571
    endloop
  endfacet
  facet normal -0.707112 2.42014e-07 0.707101
    outer loop
      vertex -6.74998 4.34999 4.01
      vertex -6.20046 0.863902 4.55953
      vertex -6.2003 0.871394 4.55969
    endloop
  endfacet
  facet normal -0.707112 2.42402e-07 0.707101
    outer loop
      vertex -6.74998 4.34999 4.01
      vertex -6.20499 0.65217 4.555
      vertex -6.20046 0.863902 4.55953
    endloop
  endfacet
  facet normal -0.707113 1.79601e-07 0.707101
    outer loop
      vertex -6.74998 4.34999 4.01
      vertex -6.2081 0.448602 4.55189
      vertex -6.20499 0.65217 4.555
    endloop
  endfacet
  facet normal -0.708692 -0.000439179 0.705517
    outer loop
      vertex -6.74998 4.34999 4.01
      vertex -6.20832 0.434128 4.55166
      vertex -6.2081 0.448602 4.55189
    endloop
  endfacet
  facet normal -0.705486 0.000447961 0.708724
    outer loop
      vertex -6.74998 4.34999 4.01
      vertex -6.20846 0.419319 4.55153
      vertex -6.20832 0.434128 4.55166
    endloop
  endfacet
  facet normal -0.707232 -3.2637e-05 0.706982
    outer loop
      vertex -6.74998 4.34999 4.01
      vertex -6.21031 0.216868 4.54967
      vertex -6.20846 0.419319 4.55153
    endloop
  endfacet
  facet normal -0.707107 0 0.707107
    outer loop
      vertex -6.74998 4.34999 4.01
      vertex -6.21036 0.200327 4.54962
      vertex -6.21031 0.216868 4.54967
    endloop
  endfacet
  facet normal -0.706974 3.44835e-05 0.707239
    outer loop
      vertex -6.74998 4.34999 4.01
      vertex -6.21098 0 4.54901
      vertex -6.21036 0.200327 4.54962
    endloop
  endfacet
  facet normal -0.70726 -3.62357e-05 0.706954
    outer loop
      vertex -6.74998 4.34999 4.01
      vertex -6.21036 -0.200327 4.54962
      vertex -6.21098 0 4.54901
    endloop
  endfacet
  facet normal -0.707107 0 0.707107
    outer loop
      vertex -6.74998 -4.34999 4.01
      vertex -6.21036 -0.200327 4.54962
      vertex -6.74998 4.34999 4.01
    endloop
  endfacet
  facet normal -0.707107 0 0.707107
    outer loop
      vertex -6.21036 -0.200327 4.54962
      vertex -6.74998 -4.34999 4.01
      vertex -6.21031 -0.216868 4.54967
    endloop
  endfacet
  facet normal -0.707232 3.2637e-05 0.706982
    outer loop
      vertex -6.21031 -0.216868 4.54967
      vertex -6.74998 -4.34999 4.01
      vertex -6.20846 -0.419319 4.55153
    endloop
  endfacet
  facet normal -0.705486 -0.000447961 0.708724
    outer loop
      vertex -6.20846 -0.419319 4.55153
      vertex -6.74998 -4.34999 4.01
      vertex -6.20832 -0.434128 4.55166
    endloop
  endfacet
  facet normal -0.708692 0.000439179 0.705517
    outer loop
      vertex -6.20832 -0.434128 4.55166
      vertex -6.74998 -4.34999 4.01
      vertex -6.2081 -0.448602 4.55189
    endloop
  endfacet
  facet normal -0.707113 -1.79601e-07 0.707101
    outer loop
      vertex -6.2081 -0.448602 4.55189
      vertex -6.74998 -4.34999 4.01
      vertex -6.20499 -0.65217 4.555
    endloop
  endfacet
  facet normal -0.707112 -2.42402e-07 0.707101
    outer loop
      vertex -6.20499 -0.65217 4.555
      vertex -6.74998 -4.34999 4.01
      vertex -6.20046 -0.863902 4.55953
    endloop
  endfacet
  facet normal -0.707112 -2.42014e-07 0.707101
    outer loop
      vertex -6.20046 -0.863902 4.55953
      vertex -6.74998 -4.34999 4.01
      vertex -6.2003 -0.871394 4.55969
    endloop
  endfacet
  facet normal -0.707112 -3.01181e-07 0.707101
    outer loop
      vertex -6.2003 -0.871394 4.55969
      vertex -6.74998 -4.34999 4.01
      vertex -6.19428 -1.09042 4.56571
    endloop
  endfacet
  facet normal -0.707112 -3.05395e-07 0.707101
    outer loop
      vertex -6.19428 -1.09042 4.56571
      vertex -6.74998 -4.34999 4.01
      vertex -6.19423 -1.09221 4.56576
    endloop
  endfacet
  facet normal -0.696735 -0.00351369 0.71732
    outer loop
      vertex -6.19423 -1.09221 4.56576
      vertex -6.74998 -4.34999 4.01
      vertex -6.19417 -1.0939 4.56581
    endloop
  endfacet
  facet normal -0.707425 0.000108733 0.706788
    outer loop
      vertex -6.19417 -1.0939 4.56581
      vertex -6.74998 -4.34999 4.01
      vertex -6.19235 -1.14824 4.56764
    endloop
  endfacet
  facet normal -0.707008 -3.66388e-05 0.707206
    outer loop
      vertex -6.19235 -1.14824 4.56764
      vertex -6.74998 -4.34999 4.01
      vertex -6.18623 -1.30824 4.57375
    endloop
  endfacet
  facet normal -0.709485 0.00088323 0.70472
    outer loop
      vertex -6.18623 -1.30824 4.57375
      vertex -6.74998 -4.34999 4.01
      vertex -6.18598 -1.31487 4.57401
    endloop
  endfacet
  facet normal -0.707038 -2.7839e-05 0.707175
    outer loop
      vertex -6.18598 -1.31487 4.57401
      vertex -6.74998 -4.34999 4.01
      vertex -6.1766 -1.52264 4.58338
    endloop
  endfacet
  facet normal -0.707937 0.000336853 0.706276
    outer loop
      vertex -6.1766 -1.52264 4.58338
      vertex -6.74998 -4.34999 4.01
      vertex -6.17583 -1.53981 4.58416
    endloop
  endfacet
  facet normal -0.706388 -0.000296125 0.707825
    outer loop
      vertex -6.17583 -1.53981 4.58416
      vertex -6.74998 -4.34999 4.01
      vertex -6.17483 -1.55886 4.58515
    endloop
  endfacet
  facet normal -0.707107 0 0.707107
    outer loop
      vertex -6.17483 -1.55886 4.58515
      vertex -6.74998 -4.34999 4.01
      vertex -6.16398 -1.76749 4.596
    endloop
  endfacet
  facet normal -0.707107 0 0.707107
    outer loop
      vertex -6.16398 -1.76749 4.596
      vertex -6.74998 -4.34999 4.01
      vertex -6.15295 -1.9549 4.60703
    endloop
  endfacet
  facet normal -0.707107 0 0.707107
    outer loop
      vertex -6.15295 -1.9549 4.60703
      vertex -6.74998 -4.34999 4.01
      vertex -6.15039 -1.99838 4.60959
    endloop
  endfacet
  facet normal -0.707107 1.00273e-14 0.707107
    outer loop
      vertex -6.15039 -1.99838 4.60959
      vertex -6.74998 -4.34999 4.01
      vertex -6.14712 -2.04819 4.61286
    endloop
  endfacet
  facet normal -0.707107 -2.77323e-15 0.707107
    outer loop
      vertex -6.14712 -2.04819 4.61286
      vertex -6.74998 -4.34999 4.01
      vertex -6.13498 -2.23295 4.625
    endloop
  endfacet
  facet normal -0.707248 8.18e-05 0.706966
    outer loop
      vertex -6.13498 -2.23295 4.625
      vertex -6.74998 -4.34999 4.01
      vertex -6.12997 -2.30213 4.63002
    endloop
  endfacet
  facet normal -0.707056 -3.43102e-05 0.707158
    outer loop
      vertex -6.12997 -2.30213 4.63002
      vertex -6.74998 -4.34999 4.01
      vertex -6.11767 -2.4717 4.64231
    endloop
  endfacet
  facet normal -0.707107 -6.45641e-17 0.707107
    outer loop
      vertex -6.11767 -2.4717 4.64231
      vertex -6.74998 -4.34999 4.01
      vertex -6.10611 -2.61764 4.65387
    endloop
  endfacet
  facet normal -0.707107 -5.37746e-15 0.707107
    outer loop
      vertex -6.10611 -2.61764 4.65387
      vertex -6.74998 -4.34999 4.01
      vertex -6.09838 -2.71517 4.6616
    endloop
  endfacet
  facet normal -0.707107 0 0.707107
    outer loop
      vertex -6.09838 -2.71517 4.6616
      vertex -6.74998 -4.34999 4.01
      vertex -6.08829 -2.83252 4.67169
    endloop
  endfacet
  facet normal -0.707111 -9.18509e-07 0.707102
    outer loop
      vertex -6.74998 -4.34999 4.01
      vertex -6.02055 -3.54536 4.73944
      vertex -6.02747 -3.47996 4.73252
    endloop
  endfacet
  facet normal -0.707107 2.19147e-15 0.707107
    outer loop
      vertex -6.74998 -4.34999 4.01
      vertex -5.96954 -4.01122 4.79044
      vertex -5.99904 -3.74862 4.76094
    endloop
  endfacet
  facet normal -0.707158 4.49433e-05 0.707055
    outer loop
      vertex -6.08829 -2.83252 4.67169
      vertex -6.74998 -4.34999 4.01
      vertex -6.077 -2.96395 4.68299
    endloop
  endfacet
  facet normal -0.707111 -8.17473e-07 0.707102
    outer loop
      vertex -6.74998 -4.34999 4.01
      vertex -6.06683 -3.07372 4.69316
      vertex -6.077 -2.96395 4.68299
    endloop
  endfacet
  facet normal -0.707072 -4.24093e-05 0.707141
    outer loop
      vertex -6.74998 -4.34999 4.01
      vertex -6.0534 -3.21865 4.70658
      vertex -6.06683 -3.07372 4.69316
    endloop
  endfacet
  facet normal -0.707134 3.3735e-05 0.707079
    outer loop
      vertex -6.74998 -4.34999 4.01
      vertex -6.03549 -3.39916 4.7245
      vertex -6.0534 -3.21865 4.70658
    endloop
  endfacet
  facet normal -0.707111 -8.67697e-07 0.707102
    outer loop
      vertex -6.74998 -4.34999 4.01
      vertex -6.02747 -3.47996 4.73252
      vertex -6.03549 -3.39916 4.7245
    endloop
  endfacet
  facet normal -0.707094 -3.2071e-05 0.70712
    outer loop
      vertex -6.02055 -3.54536 4.73944
      vertex -6.74998 -4.34999 4.01
      vertex -5.99904 -3.74862 4.76094
    endloop
  endfacet
  facet normal -0.70721 0.000474493 0.707004
    outer loop
      vertex -5.96954 -4.01122 4.79044
      vertex -6.74998 -4.34999 4.01
      vertex -5.96795 -4.02543 4.79204
    endloop
  endfacet
  facet normal -0.707111 -1.02348e-06 0.707102
    outer loop
      vertex -6.74998 -4.34999 4.01
      vertex -5.95591 -4.1268 4.80408
      vertex -5.96795 -4.02543 4.79204
    endloop
  endfacet
  facet normal -0.707105 -4.43804e-05 0.707109
    outer loop
      vertex -6.74998 -4.34999 4.01
      vertex -5.93491 -4.28444 4.82507
      vertex -5.95591 -4.1268 4.80408
    endloop
  endfacet
  facet normal -0.707118 0.000278729 0.707096
    outer loop
      vertex -6.74998 -4.34999 4.01
      vertex -5.93157 -4.30954 4.82842
      vertex -5.93491 -4.28444 4.82507
    endloop
  endfacet
  facet normal -0.707111 -1.20486e-06 0.707102
    outer loop
      vertex -5.93157 -4.30954 4.82842
      vertex -6.74998 -4.34999 4.01
      vertex -5.92589 -4.34999 4.8341
    endloop
  endfacet
  facet normal 0.923886 -0.382669 0
    outer loop
      vertex 8.54291 -7.21257 0.41
      vertex 8.657 -6.93712 0.4
      vertex 8.657 -6.93712 0.41
    endloop
  endfacet
  facet normal 0.923886 -0.382669 0
    outer loop
      vertex 8.657 -6.93712 0.4
      vertex 8.54291 -7.21257 0.41
      vertex 8.54291 -7.21257 0.4
    endloop
  endfacet
  facet normal 0 -0.707116 -0.707098
    outer loop
      vertex -6.84999 -7.84999 0
      vertex 6.84999 -8.24998 0.4
      vertex -6.84999 -8.24998 0.4
    endloop
  endfacet
  facet normal 0 -0.707116 -0.707098
    outer loop
      vertex 6.84999 -8.24998 0.4
      vertex -6.84999 -7.84999 0
      vertex 6.84999 -7.84999 0
    endloop
  endfacet
  facet normal -0.649434 -0.760418 0
    outer loop
      vertex -8.1935 -7.6935 0.4
      vertex -7.96678 -7.88713 0.41
      vertex -8.1935 -7.6935 0.41
    endloop
  endfacet
  facet normal -0.649434 -0.760418 -0
    outer loop
      vertex -7.96678 -7.88713 0.41
      vertex -8.1935 -7.6935 0.4
      vertex -7.96678 -7.88713 0.4
    endloop
  endfacet
  facet normal -0.996918 0.0784507 0
    outer loop
      vertex -8.74998 6.34999 0.4
      vertex -8.72659 6.64722 0.41
      vertex -8.72659 6.64722 0.4
    endloop
  endfacet
  facet normal -0.996918 0.0784507 0
    outer loop
      vertex -8.72659 6.64722 0.41
      vertex -8.74998 6.34999 0.4
      vertex -8.74998 6.34999 0.41
    endloop
  endfacet
  facet normal 0.0673473 0.85582 0.512871
    outer loop
      vertex 6.84999 8.24998 0.41
      vertex 5.14722 6.22659 4.01
      vertex 7.14722 8.22659 0.41
    endloop
  endfacet
  facet normal 0.0673473 0.85582 0.512871
    outer loop
      vertex 5.14722 6.22659 4.01
      vertex 6.84999 8.24998 0.41
      vertex 4.84999 6.24998 4.01
    endloop
  endfacet
  facet normal 0 0.874157 0.485643
    outer loop
      vertex 6.84999 8.24998 0.41
      vertex -4.84999 6.24998 4.01
      vertex 4.84999 6.24998 4.01
    endloop
  endfacet
  facet normal 0 0.874157 0.485643
    outer loop
      vertex -4.84999 6.24998 4.01
      vertex 6.84999 8.24998 0.41
      vertex -6.84999 8.24998 0.41
    endloop
  endfacet
  facet normal 0.707111 1.20486e-06 0.707102
    outer loop
      vertex 5.93157 4.30954 4.82842
      vertex 6.74998 4.34999 4.01
      vertex 5.92589 4.34999 4.8341
    endloop
  endfacet
  facet normal 0.707118 -0.000278729 0.707096
    outer loop
      vertex 5.93491 4.28444 4.82507
      vertex 6.74998 4.34999 4.01
      vertex 5.93157 4.30954 4.82842
    endloop
  endfacet
  facet normal 0.707105 4.43804e-05 0.707109
    outer loop
      vertex 5.95591 4.1268 4.80408
      vertex 6.74998 4.34999 4.01
      vertex 5.93491 4.28444 4.82507
    endloop
  endfacet
  facet normal 0.707111 1.02348e-06 0.707102
    outer loop
      vertex 5.96795 4.02543 4.79204
      vertex 6.74998 4.34999 4.01
      vertex 5.95591 4.1268 4.80408
    endloop
  endfacet
  facet normal 0.70721 -0.000474493 0.707004
    outer loop
      vertex 5.96954 4.01122 4.79044
      vertex 6.74998 4.34999 4.01
      vertex 5.96795 4.02543 4.79204
    endloop
  endfacet
  facet normal 0.707107 -2.20288e-15 0.707107
    outer loop
      vertex 5.99904 3.74862 4.76094
      vertex 6.74998 4.34999 4.01
      vertex 5.96954 4.01122 4.79044
    endloop
  endfacet
  facet normal 0.707094 3.2071e-05 0.70712
    outer loop
      vertex 6.02055 3.54536 4.73944
      vertex 6.74998 4.34999 4.01
      vertex 5.99904 3.74862 4.76094
    endloop
  endfacet
  facet normal 0.707111 9.18509e-07 0.707102
    outer loop
      vertex 6.02747 3.47996 4.73252
      vertex 6.74998 4.34999 4.01
      vertex 6.02055 3.54536 4.73944
    endloop
  endfacet
  facet normal 0.707111 8.67697e-07 0.707102
    outer loop
      vertex 6.03549 3.39916 4.7245
      vertex 6.74998 4.34999 4.01
      vertex 6.02747 3.47996 4.73252
    endloop
  endfacet
  facet normal 0.707134 -3.3735e-05 0.707079
    outer loop
      vertex 6.0534 3.21865 4.70658
      vertex 6.74998 4.34999 4.01
      vertex 6.03549 3.39916 4.7245
    endloop
  endfacet
  facet normal 0.707072 4.24093e-05 0.707141
    outer loop
      vertex 6.06683 3.07372 4.69316
      vertex 6.74998 4.34999 4.01
      vertex 6.0534 3.21865 4.70658
    endloop
  endfacet
  facet normal 0.707111 8.17473e-07 0.707102
    outer loop
      vertex 6.077 2.96395 4.68299
      vertex 6.74998 4.34999 4.01
      vertex 6.06683 3.07372 4.69316
    endloop
  endfacet
  facet normal 0.707158 -4.49433e-05 0.707055
    outer loop
      vertex 6.08829 2.83252 4.67169
      vertex 6.74998 4.34999 4.01
      vertex 6.077 2.96395 4.68299
    endloop
  endfacet
  facet normal 0.707107 0 0.707107
    outer loop
      vertex 6.09838 2.71517 4.6616
      vertex 6.74998 4.34999 4.01
      vertex 6.08829 2.83252 4.67169
    endloop
  endfacet
  facet normal 0.707107 5.37746e-15 0.707107
    outer loop
      vertex 6.10611 2.61764 4.65387
      vertex 6.74998 4.34999 4.01
      vertex 6.09838 2.71517 4.6616
    endloop
  endfacet
  facet normal 0.707107 6.45641e-17 0.707107
    outer loop
      vertex 6.11767 2.4717 4.64231
      vertex 6.74998 4.34999 4.01
      vertex 6.10611 2.61764 4.65387
    endloop
  endfacet
  facet normal 0.707056 3.43102e-05 0.707158
    outer loop
      vertex 6.12997 2.30213 4.63002
      vertex 6.74998 4.34999 4.01
      vertex 6.11767 2.4717 4.64231
    endloop
  endfacet
  facet normal 0.707248 -8.18e-05 0.706966
    outer loop
      vertex 6.13498 2.23295 4.625
      vertex 6.74998 4.34999 4.01
      vertex 6.12997 2.30213 4.63002
    endloop
  endfacet
  facet normal 0.707107 2.77323e-15 0.707107
    outer loop
      vertex 6.14712 2.04819 4.61286
      vertex 6.74998 4.34999 4.01
      vertex 6.13498 2.23295 4.625
    endloop
  endfacet
  facet normal 0.707107 -1.00273e-14 0.707107
    outer loop
      vertex 6.15039 1.99838 4.60959
      vertex 6.74998 4.34999 4.01
      vertex 6.14712 2.04819 4.61286
    endloop
  endfacet
  facet normal 0.707107 0 0.707107
    outer loop
      vertex 6.15295 1.9549 4.60703
      vertex 6.74998 4.34999 4.01
      vertex 6.15039 1.99838 4.60959
    endloop
  endfacet
  facet normal 0.707107 0 0.707107
    outer loop
      vertex 6.16398 1.76749 4.596
      vertex 6.74998 4.34999 4.01
      vertex 6.15295 1.9549 4.60703
    endloop
  endfacet
  facet normal 0.707107 0 0.707107
    outer loop
      vertex 6.17483 1.55886 4.58515
      vertex 6.74998 4.34999 4.01
      vertex 6.16398 1.76749 4.596
    endloop
  endfacet
  facet normal 0.706388 0.000296125 0.707825
    outer loop
      vertex 6.17583 1.53981 4.58416
      vertex 6.74998 4.34999 4.01
      vertex 6.17483 1.55886 4.58515
    endloop
  endfacet
  facet normal 0.707937 -0.000336853 0.706276
    outer loop
      vertex 6.1766 1.52264 4.58338
      vertex 6.74998 4.34999 4.01
      vertex 6.17583 1.53981 4.58416
    endloop
  endfacet
  facet normal 0.707038 2.7839e-05 0.707175
    outer loop
      vertex 6.18598 1.31487 4.57401
      vertex 6.74998 4.34999 4.01
      vertex 6.1766 1.52264 4.58338
    endloop
  endfacet
  facet normal 0.709485 -0.00088323 0.70472
    outer loop
      vertex 6.18623 1.30824 4.57375
      vertex 6.74998 4.34999 4.01
      vertex 6.18598 1.31487 4.57401
    endloop
  endfacet
  facet normal 0.707008 3.66388e-05 0.707206
    outer loop
      vertex 6.19235 1.14824 4.56764
      vertex 6.74998 4.34999 4.01
      vertex 6.18623 1.30824 4.57375
    endloop
  endfacet
  facet normal 0.707425 -0.000108733 0.706788
    outer loop
      vertex 6.19417 1.0939 4.56581
      vertex 6.74998 4.34999 4.01
      vertex 6.19235 1.14824 4.56764
    endloop
  endfacet
  facet normal 0.696735 0.00351369 0.71732
    outer loop
      vertex 6.19423 1.09221 4.56576
      vertex 6.74998 4.34999 4.01
      vertex 6.19417 1.0939 4.56581
    endloop
  endfacet
  facet normal 0.707112 3.05395e-07 0.707101
    outer loop
      vertex 6.19428 1.09042 4.56571
      vertex 6.74998 4.34999 4.01
      vertex 6.19423 1.09221 4.56576
    endloop
  endfacet
  facet normal 0.707112 3.01181e-07 0.707101
    outer loop
      vertex 6.2003 0.871394 4.55969
      vertex 6.74998 4.34999 4.01
      vertex 6.19428 1.09042 4.56571
    endloop
  endfacet
  facet normal 0.707112 2.42014e-07 0.707101
    outer loop
      vertex 6.20046 0.863902 4.55953
      vertex 6.74998 4.34999 4.01
      vertex 6.2003 0.871394 4.55969
    endloop
  endfacet
  facet normal 0.707112 2.42402e-07 0.707101
    outer loop
      vertex 6.20499 0.65217 4.555
      vertex 6.74998 4.34999 4.01
      vertex 6.20046 0.863902 4.55953
    endloop
  endfacet
  facet normal 0.707113 1.79601e-07 0.707101
    outer loop
      vertex 6.2081 0.448602 4.55189
      vertex 6.74998 4.34999 4.01
      vertex 6.20499 0.65217 4.555
    endloop
  endfacet
  facet normal 0.708692 -0.000439179 0.705517
    outer loop
      vertex 6.20832 0.434128 4.55166
      vertex 6.74998 4.34999 4.01
      vertex 6.2081 0.448602 4.55189
    endloop
  endfacet
  facet normal 0.705486 0.000447961 0.708724
    outer loop
      vertex 6.20846 0.419319 4.55153
      vertex 6.74998 4.34999 4.01
      vertex 6.20832 0.434128 4.55166
    endloop
  endfacet
  facet normal 0.707232 -3.2637e-05 0.706982
    outer loop
      vertex 6.21031 0.216868 4.54967
      vertex 6.74998 4.34999 4.01
      vertex 6.20846 0.419319 4.55153
    endloop
  endfacet
  facet normal 0.707107 0 0.707107
    outer loop
      vertex 6.21036 0.200327 4.54962
      vertex 6.74998 4.34999 4.01
      vertex 6.21031 0.216868 4.54967
    endloop
  endfacet
  facet normal 0.706974 3.44835e-05 0.707239
    outer loop
      vertex 6.21098 0 4.54901
      vertex 6.74998 4.34999 4.01
      vertex 6.21036 0.200327 4.54962
    endloop
  endfacet
  facet normal 0.70726 -3.62357e-05 0.706954
    outer loop
      vertex 6.21036 -0.200327 4.54962
      vertex 6.74998 4.34999 4.01
      vertex 6.21098 0 4.54901
    endloop
  endfacet
  facet normal 0.707107 0 0.707107
    outer loop
      vertex 6.74998 -4.34999 4.01
      vertex 6.21036 -0.200327 4.54962
      vertex 6.21031 -0.216868 4.54967
    endloop
  endfacet
  facet normal 0.707232 3.2637e-05 0.706982
    outer loop
      vertex 6.74998 -4.34999 4.01
      vertex 6.21031 -0.216868 4.54967
      vertex 6.20846 -0.419319 4.55153
    endloop
  endfacet
  facet normal 0.705486 -0.000447961 0.708724
    outer loop
      vertex 6.74998 -4.34999 4.01
      vertex 6.20846 -0.419319 4.55153
      vertex 6.20832 -0.434128 4.55166
    endloop
  endfacet
  facet normal 0.708692 0.000439179 0.705517
    outer loop
      vertex 6.74998 -4.34999 4.01
      vertex 6.20832 -0.434128 4.55166
      vertex 6.2081 -0.448602 4.55189
    endloop
  endfacet
  facet normal 0.707113 -1.79601e-07 0.707101
    outer loop
      vertex 6.74998 -4.34999 4.01
      vertex 6.2081 -0.448602 4.55189
      vertex 6.20499 -0.65217 4.555
    endloop
  endfacet
  facet normal 0.707112 -2.42402e-07 0.707101
    outer loop
      vertex 6.74998 -4.34999 4.01
      vertex 6.20499 -0.65217 4.555
      vertex 6.20046 -0.863902 4.55953
    endloop
  endfacet
  facet normal 0.707112 -2.42014e-07 0.707101
    outer loop
      vertex 6.74998 -4.34999 4.01
      vertex 6.20046 -0.863902 4.55953
      vertex 6.2003 -0.871394 4.55969
    endloop
  endfacet
  facet normal 0.707112 -3.01181e-07 0.707101
    outer loop
      vertex 6.74998 -4.34999 4.01
      vertex 6.2003 -0.871394 4.55969
      vertex 6.19428 -1.09042 4.56571
    endloop
  endfacet
  facet normal 0.707112 -3.05395e-07 0.707101
    outer loop
      vertex 6.74998 -4.34999 4.01
      vertex 6.19428 -1.09042 4.56571
      vertex 6.19423 -1.09221 4.56576
    endloop
  endfacet
  facet normal 0.696735 -0.00351369 0.71732
    outer loop
      vertex 6.74998 -4.34999 4.01
      vertex 6.19423 -1.09221 4.56576
      vertex 6.19417 -1.0939 4.56581
    endloop
  endfacet
  facet normal 0.707425 0.000108733 0.706788
    outer loop
      vertex 6.74998 -4.34999 4.01
      vertex 6.19417 -1.0939 4.56581
      vertex 6.19235 -1.14824 4.56764
    endloop
  endfacet
  facet normal 0.707008 -3.66388e-05 0.707206
    outer loop
      vertex 6.74998 -4.34999 4.01
      vertex 6.19235 -1.14824 4.56764
      vertex 6.18623 -1.30824 4.57375
    endloop
  endfacet
  facet normal 0.709485 0.00088323 0.70472
    outer loop
      vertex 6.74998 -4.34999 4.01
      vertex 6.18623 -1.30824 4.57375
      vertex 6.18598 -1.31487 4.57401
    endloop
  endfacet
  facet normal 0.707038 -2.7839e-05 0.707175
    outer loop
      vertex 6.74998 -4.34999 4.01
      vertex 6.18598 -1.31487 4.57401
      vertex 6.1766 -1.52264 4.58338
    endloop
  endfacet
  facet normal 0.707937 0.000336853 0.706276
    outer loop
      vertex 6.74998 -4.34999 4.01
      vertex 6.1766 -1.52264 4.58338
      vertex 6.17583 -1.53981 4.58416
    endloop
  endfacet
  facet normal 0.706388 -0.000296125 0.707825
    outer loop
      vertex 6.74998 -4.34999 4.01
      vertex 6.17583 -1.53981 4.58416
      vertex 6.17483 -1.55886 4.58515
    endloop
  endfacet
  facet normal 0.707107 0 0.707107
    outer loop
      vertex 6.74998 -4.34999 4.01
      vertex 6.17483 -1.55886 4.58515
      vertex 6.16398 -1.76749 4.596
    endloop
  endfacet
  facet normal 0.707107 0 0.707107
    outer loop
      vertex 6.74998 -4.34999 4.01
      vertex 6.16398 -1.76749 4.596
      vertex 6.15295 -1.9549 4.60703
    endloop
  endfacet
  facet normal 0.707107 0 0.707107
    outer loop
      vertex 6.74998 -4.34999 4.01
      vertex 6.15295 -1.9549 4.60703
      vertex 6.15039 -1.99838 4.60959
    endloop
  endfacet
  facet normal 0.707107 1.04519e-14 0.707107
    outer loop
      vertex 6.74998 -4.34999 4.01
      vertex 6.15039 -1.99838 4.60959
      vertex 6.14712 -2.04819 4.61286
    endloop
  endfacet
  facet normal 0.707107 -2.81725e-15 0.707107
    outer loop
      vertex 6.74998 -4.34999 4.01
      vertex 6.14712 -2.04819 4.61286
      vertex 6.13498 -2.23295 4.625
    endloop
  endfacet
  facet normal 0.707248 8.18e-05 0.706966
    outer loop
      vertex 6.74998 -4.34999 4.01
      vertex 6.13498 -2.23295 4.625
      vertex 6.12997 -2.30213 4.63002
    endloop
  endfacet
  facet normal 0.707056 -3.43102e-05 0.707158
    outer loop
      vertex 6.74998 -4.34999 4.01
      vertex 6.12997 -2.30213 4.63002
      vertex 6.11767 -2.4717 4.64231
    endloop
  endfacet
  facet normal 0.707107 0 0.707107
    outer loop
      vertex 6.74998 -4.34999 4.01
      vertex 6.11767 -2.4717 4.64231
      vertex 6.10611 -2.61764 4.65387
    endloop
  endfacet
  facet normal 0.707107 -5.66726e-15 0.707107
    outer loop
      vertex 6.74998 -4.34999 4.01
      vertex 6.10611 -2.61764 4.65387
      vertex 6.09838 -2.71517 4.6616
    endloop
  endfacet
  facet normal 0.707107 0 0.707107
    outer loop
      vertex 6.74998 -4.34999 4.01
      vertex 6.09838 -2.71517 4.6616
      vertex 6.08829 -2.83252 4.67169
    endloop
  endfacet
  facet normal 0.707158 4.49433e-05 0.707055
    outer loop
      vertex 6.74998 -4.34999 4.01
      vertex 6.08829 -2.83252 4.67169
      vertex 6.077 -2.96395 4.68299
    endloop
  endfacet
  facet normal 0.707094 -3.2071e-05 0.70712
    outer loop
      vertex 6.74998 -4.34999 4.01
      vertex 6.02055 -3.54536 4.73944
      vertex 5.99904 -3.74862 4.76094
    endloop
  endfacet
  facet normal 0.70721 0.000474493 0.707004
    outer loop
      vertex 6.74998 -4.34999 4.01
      vertex 5.96954 -4.01122 4.79044
      vertex 5.96795 -4.02543 4.79204
    endloop
  endfacet
  facet normal 0.707107 0 0.707107
    outer loop
      vertex 6.21036 -0.200327 4.54962
      vertex 6.74998 -4.34999 4.01
      vertex 6.74998 4.34999 4.01
    endloop
  endfacet
  facet normal 0.707111 -8.17473e-07 0.707102
    outer loop
      vertex 6.06683 -3.07372 4.69316
      vertex 6.74998 -4.34999 4.01
      vertex 6.077 -2.96395 4.68299
    endloop
  endfacet
  facet normal 0.707072 -4.24093e-05 0.707141
    outer loop
      vertex 6.0534 -3.21865 4.70658
      vertex 6.74998 -4.34999 4.01
      vertex 6.06683 -3.07372 4.69316
    endloop
  endfacet
  facet normal 0.707134 3.3735e-05 0.707079
    outer loop
      vertex 6.03549 -3.39916 4.7245
      vertex 6.74998 -4.34999 4.01
      vertex 6.0534 -3.21865 4.70658
    endloop
  endfacet
  facet normal 0.707111 -8.67697e-07 0.707102
    outer loop
      vertex 6.02747 -3.47996 4.73252
      vertex 6.74998 -4.34999 4.01
      vertex 6.03549 -3.39916 4.7245
    endloop
  endfacet
  facet normal 0.707111 -9.18509e-07 0.707102
    outer loop
      vertex 6.02055 -3.54536 4.73944
      vertex 6.74998 -4.34999 4.01
      vertex 6.02747 -3.47996 4.73252
    endloop
  endfacet
  facet normal 0.707107 2.19147e-15 0.707107
    outer loop
      vertex 5.96954 -4.01122 4.79044
      vertex 6.74998 -4.34999 4.01
      vertex 5.99904 -3.74862 4.76094
    endloop
  endfacet
  facet normal 0.707111 -1.02348e-06 0.707102
    outer loop
      vertex 5.95591 -4.1268 4.80408
      vertex 6.74998 -4.34999 4.01
      vertex 5.96795 -4.02543 4.79204
    endloop
  endfacet
  facet normal 0.707105 -4.43804e-05 0.707109
    outer loop
      vertex 5.93491 -4.28444 4.82507
      vertex 6.74998 -4.34999 4.01
      vertex 5.95591 -4.1268 4.80408
    endloop
  endfacet
  facet normal 0.707118 0.000278729 0.707096
    outer loop
      vertex 5.93157 -4.30954 4.82842
      vertex 6.74998 -4.34999 4.01
      vertex 5.93491 -4.28444 4.82507
    endloop
  endfacet
  facet normal 0.707111 -1.20486e-06 0.707102
    outer loop
      vertex 6.74998 -4.34999 4.01
      vertex 5.93157 -4.30954 4.82842
      vertex 5.92589 -4.34999 4.8341
    endloop
  endfacet
  facet normal -0.537284 0.458867 0.707649
    outer loop
      vertex -6.38713 5.46678 4.01
      vertex -5.67677 4.94803 4.88572
      vertex -6.1935 5.6935 4.01
    endloop
  endfacet
  facet normal -0.537253 0.458906 0.707647
    outer loop
      vertex -5.67677 4.94803 4.88572
      vertex -6.38713 5.46678 4.01
      vertex -5.70089 4.9199 4.88565
    endloop
  endfacet
  facet normal 0 0.707116 -0.707098
    outer loop
      vertex 6.84999 7.84999 0
      vertex -6.84999 8.24998 0.4
      vertex 6.84999 8.24998 0.4
    endloop
  endfacet
  facet normal 0 0.707116 -0.707098
    outer loop
      vertex -6.84999 8.24998 0.4
      vertex 6.84999 7.84999 0
      vertex -6.84999 7.84999 0
    endloop
  endfacet
  facet normal -0.193926 -0.807864 0.55655
    outer loop
      vertex -7.14722 -8.22659 0.41
      vertex -5.43712 -6.157 4.01
      vertex -7.43712 -8.157 0.41
    endloop
  endfacet
  facet normal -0.193926 -0.807864 0.55655
    outer loop
      vertex -5.43712 -6.157 4.01
      vertex -7.14722 -8.22659 0.41
      vertex -5.14722 -6.22659 4.01
    endloop
  endfacet
  facet normal 0.193926 -0.807864 0.55655
    outer loop
      vertex 7.14722 -8.22659 0.41
      vertex 5.43712 -6.157 4.01
      vertex 5.14722 -6.22659 4.01
    endloop
  endfacet
  facet normal 0.193926 -0.807864 0.55655
    outer loop
      vertex 5.43712 -6.157 4.01
      vertex 7.14722 -8.22659 0.41
      vertex 7.43712 -8.157 0.41
    endloop
  endfacet
  facet normal 0 1 -0
    outer loop
      vertex 6.84999 8.24998 0.4
      vertex -6.84999 8.24998 0.41
      vertex 6.84999 8.24998 0.41
    endloop
  endfacet
  facet normal 0 1 0
    outer loop
      vertex -6.84999 8.24998 0.41
      vertex 6.84999 8.24998 0.4
      vertex -6.84999 8.24998 0.4
    endloop
  endfacet
  facet normal 0 -1 0
    outer loop
      vertex -6.84999 -8.24998 0.4
      vertex 6.84999 -8.24998 0.41
      vertex -6.84999 -8.24998 0.41
    endloop
  endfacet
  facet normal 0 -1 -0
    outer loop
      vertex 6.84999 -8.24998 0.41
      vertex -6.84999 -8.24998 0.4
      vertex 6.84999 -8.24998 0.4
    endloop
  endfacet
  facet normal 0.652076 -0.270243 0.708354
    outer loop
      vertex 5.83843 -4.66162 4.86864
      vertex 6.657 -4.93712 4.01
      vertex 5.85708 -4.62367 4.86595
    endloop
  endfacet
  facet normal 0.652126 -0.270107 0.708359
    outer loop
      vertex 6.657 -4.93712 4.01
      vertex 5.83843 -4.66162 4.86864
      vertex 6.54291 -5.21257 4.01
    endloop
  endfacet
  facet normal -0.543891 0.446427 -0.710553
    outer loop
      vertex -8.0972 7.18335 0
      vertex -8.38713 7.46678 0.4
      vertex -7.91064 7.41064 0
    endloop
  endfacet
  facet normal -0.0555593 -0.706023 -0.706006
    outer loop
      vertex -6.84999 -8.24998 0.4
      vertex -7.14722 -8.22659 0.4
      vertex -6.84999 -7.84999 0
    endloop
  endfacet
  facet normal 0.334631 -0.618232 0.711204
    outer loop
      vertex 5.39905 -5.2138 4.87824
      vertex 5.71257 -6.04291 4.01
      vertex 5.44246 -5.18607 4.88192
    endloop
  endfacet
  facet normal 0.334618 -0.618238 0.711205
    outer loop
      vertex 5.71257 -6.04291 4.01
      vertex 5.39905 -5.2138 4.87824
      vertex 5.22487 -5.32319 4.8651
    endloop
  endfacet
  facet normal 0.618204 0.334674 0.711208
    outer loop
      vertex 6.54291 5.21257 4.01
      vertex 5.79157 4.76016 4.87598
      vertex 5.81565 4.71976 4.87406
    endloop
  endfacet
  facet normal 0.618246 0.334602 0.711206
    outer loop
      vertex 6.54291 5.21257 4.01
      vertex 5.75202 4.82652 4.87914
      vertex 5.79157 4.76016 4.87598
    endloop
  endfacet
  facet normal 0.61825 0.334593 0.711206
    outer loop
      vertex 5.75202 4.82652 4.87914
      vertex 6.54291 5.21257 4.01
      vertex 5.68239 4.9413 4.88567
    endloop
  endfacet
  facet normal 0.459914 -0.53851 -0.706036
    outer loop
      vertex 7.96678 -7.88713 0.4
      vertex 7.91064 -7.41064 0
      vertex 8.1935 -7.6935 0.4
    endloop
  endfacet
  facet normal 0.330463 0.618297 -0.713094
    outer loop
      vertex 7.68335 7.5972 0
      vertex 7.42401 7.73581 0
      vertex 7.71257 8.04291 0.4
    endloop
  endfacet
  facet normal -0.85582 0.0673473 0.512871
    outer loop
      vertex -8.74998 6.34999 0.41
      vertex -6.72659 4.64722 4.01
      vertex -8.72659 6.64722 0.41
    endloop
  endfacet
  facet normal -0.85582 0.0673473 0.512871
    outer loop
      vertex -6.72659 4.64722 4.01
      vertex -8.74998 6.34999 0.41
      vertex -6.74998 4.34999 4.01
    endloop
  endfacet
  facet normal 0.69163 0.166025 -0.702911
    outer loop
      vertex 8.72659 6.64722 0.4
      vertex 8.32117 6.64262 0
      vertex 8.657 6.93712 0.4
    endloop
  endfacet
  facet normal 0 0.707107 0.707107
    outer loop
      vertex 4.84999 6.24998 4.01
      vertex 4.56779 5.48331 4.77667
      vertex 4.59774 5.47937 4.78061
    endloop
  endfacet
  facet normal -5.24654e-05 0.707143 0.707071
    outer loop
      vertex 4.84999 6.24998 4.01
      vertex 3.9176 5.56556 4.69442
      vertex 4.03361 5.55179 4.7082
    endloop
  endfacet
  facet normal -2.62173e-05 0.707147 0.707067
    outer loop
      vertex 4.84999 6.24998 4.01
      vertex 3.04881 5.65978 4.6002
      vertex 3.25582 5.63924 4.62075
    endloop
  endfacet
  facet normal 0 0.707107 0.707107
    outer loop
      vertex 4.84999 6.24998 4.01
      vertex 2.98125 5.66629 4.59369
      vertex 3.01134 5.6635 4.59648
    endloop
  endfacet
  facet normal 0.0388274 0.716537 -0.696468
    outer loop
      vertex 1.0197 5.78299 4.477
      vertex 0.813542 5.78865 4.47133
      vertex 0.933451 5.78536 4.47463
    endloop
  endfacet
  facet normal 0.0268643 0.302585 -0.952744
    outer loop
      vertex 0.813542 5.78865 4.47133
      vertex 0.608871 5.79303 4.46695
      vertex 0.722776 5.7906 4.46939
    endloop
  endfacet
  facet normal 0.0201571 0.405513 -0.913867
    outer loop
      vertex 0.608871 5.79303 4.46695
      vertex 0.405306 5.79614 4.46384
      vertex 0.49936 5.79471 4.46528
    endloop
  endfacet
  facet normal 0.0129538 0.645575 -0.763587
    outer loop
      vertex 0.405306 5.79614 4.46384
      vertex 0.20247 5.79801 4.46198
      vertex 0.309078 5.79703 4.46296
    endloop
  endfacet
  facet normal -0.00375458 -0.260701 0.965412
    outer loop
      vertex 0.20247 5.79801 4.46198
      vertex 0 5.79863 4.46136
      vertex 0.105195 5.7983 4.46168
    endloop
  endfacet
  facet normal 4.64449e-08 0.707114 0.707099
    outer loop
      vertex 0.20247 5.79801 4.46198
      vertex 4.84999 6.24998 4.01
      vertex 0 5.79863 4.46136
    endloop
  endfacet
  facet normal 3.19812e-05 0.70695 0.707263
    outer loop
      vertex 0.405306 5.79614 4.46384
      vertex 4.84999 6.24998 4.01
      vertex 0.20247 5.79801 4.46198
    endloop
  endfacet
  facet normal 2.70253e-15 0.707107 0.707107
    outer loop
      vertex 0.608871 5.79303 4.46695
      vertex 4.84999 6.24998 4.01
      vertex 0.405306 5.79614 4.46384
    endloop
  endfacet
  facet normal 0 0.707107 0.707107
    outer loop
      vertex 0.813542 5.78865 4.47133
      vertex 4.84999 6.24998 4.01
      vertex 0.608871 5.79303 4.46695
    endloop
  endfacet
  facet normal -2.76511e-05 0.707228 0.706986
    outer loop
      vertex 1.0197 5.78299 4.477
      vertex 4.84999 6.24998 4.01
      vertex 0.813542 5.78865 4.47133
    endloop
  endfacet
  facet normal 6.84864e-05 0.706833 0.70738
    outer loop
      vertex 1.10112 5.78025 4.47973
      vertex 4.84999 6.24998 4.01
      vertex 1.0197 5.78299 4.477
    endloop
  endfacet
  facet normal -4.40595e-05 0.707283 0.706931
    outer loop
      vertex 1.22773 5.77601 4.48398
      vertex 4.84999 6.24998 4.01
      vertex 1.10112 5.78025 4.47973
    endloop
  endfacet
  facet normal 4.53707e-07 0.707113 0.707101
    outer loop
      vertex 1.36478 5.77058 4.48941
      vertex 4.84999 6.24998 4.01
      vertex 1.22773 5.77601 4.48398
    endloop
  endfacet
  facet normal 7.53761e-05 0.70684 0.707373
    outer loop
      vertex 1.43804 5.76767 4.49231
      vertex 4.84999 6.24998 4.01
      vertex 1.36478 5.77058 4.48941
    endloop
  endfacet
  facet normal -7.02793e-15 0.707107 0.707107
    outer loop
      vertex 1.50559 5.76459 4.49539
      vertex 4.84999 6.24998 4.01
      vertex 1.43804 5.76767 4.49231
    endloop
  endfacet
  facet normal 4.62525e-17 0.707107 0.707107
    outer loop
      vertex 1.65107 5.75795 4.50203
      vertex 4.84999 6.24998 4.01
      vertex 1.50559 5.76459 4.49539
    endloop
  endfacet
  facet normal -3.26994e-05 0.707213 0.707
    outer loop
      vertex 1.81293 5.74959 4.5104
      vertex 4.84999 6.24998 4.01
      vertex 1.65107 5.75795 4.50203
    endloop
  endfacet
  facet normal 9.96812e-05 0.706811 0.707402
    outer loop
      vertex 1.86724 5.74678 4.5132
      vertex 4.84999 6.24998 4.01
      vertex 1.81293 5.74959 4.5104
    endloop
  endfacet
  facet normal 5.62927e-17 0.707107 0.707107
    outer loop
      vertex 2.04477 5.73655 4.52343
      vertex 4.84999 6.24998 4.01
      vertex 1.86724 5.74678 4.5132
    endloop
  endfacet
  facet normal -0.000127214 0.707454 0.706759
    outer loop
      vertex 2.08705 5.73412 4.52587
      vertex 4.84999 6.24998 4.01
      vertex 2.04477 5.73655 4.52343
    endloop
  endfacet
  facet normal 6.50254e-07 0.707112 0.707102
    outer loop
      vertex 2.12463 5.73173 4.52826
      vertex 4.84999 6.24998 4.01
      vertex 2.08705 5.73412 4.52587
    endloop
  endfacet
  facet normal 2.9089e-05 0.707037 0.707176
    outer loop
      vertex 2.31098 5.71988 4.5401
      vertex 4.84999 6.24998 4.01
      vertex 2.12463 5.73173 4.52826
    endloop
  endfacet
  facet normal -2.45146e-05 0.707165 0.707048
    outer loop
      vertex 2.52741 5.70485 4.55514
      vertex 4.84999 6.24998 4.01
      vertex 2.31098 5.71988 4.5401
    endloop
  endfacet
  facet normal 0.000449077 0.706156 0.708056
    outer loop
      vertex 2.53958 5.704 4.55598
      vertex 4.84999 6.24998 4.01
      vertex 2.52741 5.70485 4.55514
    endloop
  endfacet
  facet normal -3.46587e-05 0.70718 0.707033
    outer loop
      vertex 2.69428 5.69235 4.56764
      vertex 4.84999 6.24998 4.01
      vertex 2.53958 5.704 4.55598
    endloop
  endfacet
  facet normal 8.18121e-07 0.707112 0.707102
    outer loop
      vertex 2.77304 5.68558 4.57441
      vertex 4.84999 6.24998 4.01
      vertex 2.69428 5.69235 4.56764
    endloop
  endfacet
  facet normal 2.61937e-05 0.707065 0.707149
    outer loop
      vertex 2.98125 5.66629 4.59369
      vertex 4.84999 6.24998 4.01
      vertex 2.77304 5.68558 4.57441
    endloop
  endfacet
  facet normal 0 0.707107 0.707107
    outer loop
      vertex 3.04881 5.65978 4.6002
      vertex 4.84999 6.24998 4.01
      vertex 3.01134 5.6635 4.59648
    endloop
  endfacet
  facet normal 3.40322e-05 0.707068 0.707145
    outer loop
      vertex 3.42336 5.62151 4.63847
      vertex 4.84999 6.24998 4.01
      vertex 3.25582 5.63924 4.62075
    endloop
  endfacet
  facet normal 0 0.707107 0.707107
    outer loop
      vertex 3.50717 5.61264 4.64734
      vertex 4.84999 6.24998 4.01
      vertex 3.42336 5.62151 4.63847
    endloop
  endfacet
  facet normal -4.70049e-15 0.707107 0.707107
    outer loop
      vertex 3.61544 5.60048 4.6595
      vertex 4.84999 6.24998 4.01
      vertex 3.50717 5.61264 4.64734
    endloop
  endfacet
  facet normal 3.52128e-15 0.707107 0.707107
    outer loop
      vertex 3.76615 5.58355 4.67643
      vertex 4.84999 6.24998 4.01
      vertex 3.61544 5.60048 4.6595
    endloop
  endfacet
  facet normal 0 0.707107 0.707107
    outer loop
      vertex 3.9176 5.56556 4.69442
      vertex 4.84999 6.24998 4.01
      vertex 3.76615 5.58355 4.67643
    endloop
  endfacet
  facet normal 1.10592e-06 0.707111 0.707102
    outer loop
      vertex 4.12284 5.54062 4.71937
      vertex 4.84999 6.24998 4.01
      vertex 4.03361 5.55179 4.7082
    endloop
  endfacet
  facet normal 1.10564e-06 0.707111 0.707102
    outer loop
      vertex 4.31046 5.51714 4.74285
      vertex 4.84999 6.24998 4.01
      vertex 4.12284 5.54062 4.71937
    endloop
  endfacet
  facet normal 2.62104e-05 0.707102 0.707112
    outer loop
      vertex 4.56779 5.48331 4.77667
      vertex 4.84999 6.24998 4.01
      vertex 4.31046 5.51714 4.74285
    endloop
  endfacet
  facet normal -0.000304787 0.707157 0.707057
    outer loop
      vertex 4.61994 5.47632 4.78367
      vertex 4.84999 6.24998 4.01
      vertex 4.59774 5.47937 4.78061
    endloop
  endfacet
  facet normal 1.20896e-06 0.707111 0.707102
    outer loop
      vertex 4.76817 5.45591 4.80408
      vertex 4.84999 6.24998 4.01
      vertex 4.61994 5.47632 4.78367
    endloop
  endfacet
  facet normal 8.64222e-05 0.707107 0.707107
    outer loop
      vertex 4.84999 6.24998 4.01
      vertex 4.76817 5.45591 4.80408
      vertex 4.84999 5.44325 4.81673
    endloop
  endfacet
  facet normal -2.62104e-05 0.707102 0.707112
    outer loop
      vertex -4.84999 6.24998 4.01
      vertex -4.56779 5.48331 4.77667
      vertex -4.31046 5.51714 4.74285
    endloop
  endfacet
  facet normal 0 0.707107 0.707107
    outer loop
      vertex -4.84999 6.24998 4.01
      vertex -3.9176 5.56556 4.69442
      vertex -3.76615 5.58355 4.67643
    endloop
  endfacet
  facet normal 0 0.707107 0.707107
    outer loop
      vertex -4.84999 6.24998 4.01
      vertex -3.04881 5.65978 4.6002
      vertex -3.01134 5.6635 4.59648
    endloop
  endfacet
  facet normal -2.61937e-05 0.707065 0.707149
    outer loop
      vertex -4.84999 6.24998 4.01
      vertex -2.98125 5.66629 4.59369
      vertex -2.77304 5.68558 4.57441
    endloop
  endfacet
  facet normal -0.0388274 0.716537 -0.696468
    outer loop
      vertex -0.813542 5.78865 4.47133
      vertex -1.0197 5.78299 4.477
      vertex -0.933451 5.78536 4.47463
    endloop
  endfacet
  facet normal -0.0268643 0.302585 -0.952744
    outer loop
      vertex -0.608871 5.79303 4.46695
      vertex -0.813542 5.78865 4.47133
      vertex -0.722776 5.7906 4.46939
    endloop
  endfacet
  facet normal -0.0201571 0.405513 -0.913867
    outer loop
      vertex -0.405306 5.79614 4.46384
      vertex -0.608871 5.79303 4.46695
      vertex -0.49936 5.79471 4.46528
    endloop
  endfacet
  facet normal -0.0129538 0.645575 -0.763587
    outer loop
      vertex -0.20247 5.79801 4.46198
      vertex -0.405306 5.79614 4.46384
      vertex -0.309078 5.79703 4.46296
    endloop
  endfacet
  facet normal 0.00375458 -0.260701 0.965412
    outer loop
      vertex 0 5.79863 4.46136
      vertex -0.20247 5.79801 4.46198
      vertex -0.105195 5.7983 4.46168
    endloop
  endfacet
  facet normal -4.96053e-08 0.707115 0.707099
    outer loop
      vertex 4.84999 6.24998 4.01
      vertex -0.20247 5.79801 4.46198
      vertex 0 5.79863 4.46136
    endloop
  endfacet
  facet normal -0 0.707115 0.707099
    outer loop
      vertex -4.84999 6.24998 4.01
      vertex -0.20247 5.79801 4.46198
      vertex 4.84999 6.24998 4.01
    endloop
  endfacet
  facet normal -3.19812e-05 0.70695 0.707263
    outer loop
      vertex -0.20247 5.79801 4.46198
      vertex -4.84999 6.24998 4.01
      vertex -0.405306 5.79614 4.46384
    endloop
  endfacet
  facet normal -2.70253e-15 0.707107 0.707107
    outer loop
      vertex -0.405306 5.79614 4.46384
      vertex -4.84999 6.24998 4.01
      vertex -0.608871 5.79303 4.46695
    endloop
  endfacet
  facet normal 0 0.707107 0.707107
    outer loop
      vertex -0.608871 5.79303 4.46695
      vertex -4.84999 6.24998 4.01
      vertex -0.813542 5.78865 4.47133
    endloop
  endfacet
  facet normal 2.76511e-05 0.707228 0.706986
    outer loop
      vertex -0.813542 5.78865 4.47133
      vertex -4.84999 6.24998 4.01
      vertex -1.0197 5.78299 4.477
    endloop
  endfacet
  facet normal -6.84864e-05 0.706833 0.70738
    outer loop
      vertex -1.0197 5.78299 4.477
      vertex -4.84999 6.24998 4.01
      vertex -1.10112 5.78025 4.47973
    endloop
  endfacet
  facet normal 4.40595e-05 0.707283 0.706931
    outer loop
      vertex -1.10112 5.78025 4.47973
      vertex -4.84999 6.24998 4.01
      vertex -1.22773 5.77601 4.48398
    endloop
  endfacet
  facet normal -4.53707e-07 0.707113 0.707101
    outer loop
      vertex -1.22773 5.77601 4.48398
      vertex -4.84999 6.24998 4.01
      vertex -1.36478 5.77058 4.48941
    endloop
  endfacet
  facet normal -7.53761e-05 0.70684 0.707373
    outer loop
      vertex -1.36478 5.77058 4.48941
      vertex -4.84999 6.24998 4.01
      vertex -1.43804 5.76767 4.49231
    endloop
  endfacet
  facet normal 7.02793e-15 0.707107 0.707107
    outer loop
      vertex -1.43804 5.76767 4.49231
      vertex -4.84999 6.24998 4.01
      vertex -1.50559 5.76459 4.49539
    endloop
  endfacet
  facet normal -4.62525e-17 0.707107 0.707107
    outer loop
      vertex -1.50559 5.76459 4.49539
      vertex -4.84999 6.24998 4.01
      vertex -1.65107 5.75795 4.50203
    endloop
  endfacet
  facet normal 3.26994e-05 0.707213 0.707
    outer loop
      vertex -1.65107 5.75795 4.50203
      vertex -4.84999 6.24998 4.01
      vertex -1.81293 5.74959 4.5104
    endloop
  endfacet
  facet normal -9.96812e-05 0.706811 0.707402
    outer loop
      vertex -1.81293 5.74959 4.5104
      vertex -4.84999 6.24998 4.01
      vertex -1.86724 5.74678 4.5132
    endloop
  endfacet
  facet normal -5.62927e-17 0.707107 0.707107
    outer loop
      vertex -1.86724 5.74678 4.5132
      vertex -4.84999 6.24998 4.01
      vertex -2.04477 5.73655 4.52343
    endloop
  endfacet
  facet normal 0.000127214 0.707454 0.706759
    outer loop
      vertex -2.04477 5.73655 4.52343
      vertex -4.84999 6.24998 4.01
      vertex -2.08705 5.73412 4.52587
    endloop
  endfacet
  facet normal -6.50254e-07 0.707112 0.707102
    outer loop
      vertex -2.08705 5.73412 4.52587
      vertex -4.84999 6.24998 4.01
      vertex -2.12463 5.73173 4.52826
    endloop
  endfacet
  facet normal -2.9089e-05 0.707037 0.707176
    outer loop
      vertex -2.12463 5.73173 4.52826
      vertex -4.84999 6.24998 4.01
      vertex -2.31098 5.71988 4.5401
    endloop
  endfacet
  facet normal 2.45146e-05 0.707165 0.707048
    outer loop
      vertex -2.31098 5.71988 4.5401
      vertex -4.84999 6.24998 4.01
      vertex -2.52741 5.70485 4.55514
    endloop
  endfacet
  facet normal -8.64222e-05 0.707107 0.707107
    outer loop
      vertex -4.76817 5.45591 4.80408
      vertex -4.84999 6.24998 4.01
      vertex -4.84999 5.44325 4.81673
    endloop
  endfacet
  facet normal -1.20896e-06 0.707111 0.707102
    outer loop
      vertex -4.61994 5.47632 4.78367
      vertex -4.84999 6.24998 4.01
      vertex -4.76817 5.45591 4.80408
    endloop
  endfacet
  facet normal 0.000304787 0.707157 0.707057
    outer loop
      vertex -4.59774 5.47937 4.78061
      vertex -4.84999 6.24998 4.01
      vertex -4.61994 5.47632 4.78367
    endloop
  endfacet
  facet normal -1.01907e-16 0.707107 0.707107
    outer loop
      vertex -4.56779 5.48331 4.77667
      vertex -4.84999 6.24998 4.01
      vertex -4.59774 5.47937 4.78061
    endloop
  endfacet
  facet normal -1.10564e-06 0.707111 0.707102
    outer loop
      vertex -4.12284 5.54062 4.71937
      vertex -4.84999 6.24998 4.01
      vertex -4.31046 5.51714 4.74285
    endloop
  endfacet
  facet normal -1.10592e-06 0.707111 0.707102
    outer loop
      vertex -4.03361 5.55179 4.7082
      vertex -4.84999 6.24998 4.01
      vertex -4.12284 5.54062 4.71937
    endloop
  endfacet
  facet normal 5.24654e-05 0.707143 0.707071
    outer loop
      vertex -3.9176 5.56556 4.69442
      vertex -4.84999 6.24998 4.01
      vertex -4.03361 5.55179 4.7082
    endloop
  endfacet
  facet normal -3.52128e-15 0.707107 0.707107
    outer loop
      vertex -3.61544 5.60048 4.6595
      vertex -4.84999 6.24998 4.01
      vertex -3.76615 5.58355 4.67643
    endloop
  endfacet
  facet normal 4.69331e-15 0.707107 0.707107
    outer loop
      vertex -3.50717 5.61264 4.64734
      vertex -4.84999 6.24998 4.01
      vertex -3.61544 5.60048 4.6595
    endloop
  endfacet
  facet normal 0 0.707107 0.707107
    outer loop
      vertex -3.42336 5.62151 4.63847
      vertex -4.84999 6.24998 4.01
      vertex -3.50717 5.61264 4.64734
    endloop
  endfacet
  facet normal -3.40322e-05 0.707068 0.707145
    outer loop
      vertex -3.25582 5.63924 4.62075
      vertex -4.84999 6.24998 4.01
      vertex -3.42336 5.62151 4.63847
    endloop
  endfacet
  facet normal 2.62173e-05 0.707147 0.707067
    outer loop
      vertex -3.04881 5.65978 4.6002
      vertex -4.84999 6.24998 4.01
      vertex -3.25582 5.63924 4.62075
    endloop
  endfacet
  facet normal 0 0.707107 0.707107
    outer loop
      vertex -2.98125 5.66629 4.59369
      vertex -4.84999 6.24998 4.01
      vertex -3.01134 5.6635 4.59648
    endloop
  endfacet
  facet normal -8.18121e-07 0.707112 0.707102
    outer loop
      vertex -2.69428 5.69235 4.56764
      vertex -4.84999 6.24998 4.01
      vertex -2.77304 5.68558 4.57441
    endloop
  endfacet
  facet normal 3.46587e-05 0.70718 0.707033
    outer loop
      vertex -2.53958 5.704 4.55598
      vertex -4.84999 6.24998 4.01
      vertex -2.69428 5.69235 4.56764
    endloop
  endfacet
  facet normal -0.000449077 0.706156 0.708056
    outer loop
      vertex -2.52741 5.70485 4.55514
      vertex -4.84999 6.24998 4.01
      vertex -2.53958 5.704 4.55598
    endloop
  endfacet
  facet normal -0.446427 -0.543891 -0.710553
    outer loop
      vertex -7.68335 -7.5972 0
      vertex -7.96678 -7.88713 0.4
      vertex -7.91064 -7.41064 0
    endloop
  endfacet
  facet normal 0.670882 0.203513 -0.713092
    outer loop
      vertex 8.32117 6.64262 0
      vertex 8.23581 6.92401 0
      vertex 8.657 6.93712 0.4
    endloop
  endfacet
  facet normal 0.658082 0.272574 -0.701877
    outer loop
      vertex 8.657 6.93712 0.4
      vertex 8.23581 6.92401 0
      vertex 8.54291 7.21257 0.4
    endloop
  endfacet
  facet normal 0.537253 -0.458906 0.707647
    outer loop
      vertex 5.67677 -4.94803 4.88572
      vertex 6.38713 -5.46678 4.01
      vertex 5.70089 -4.9199 4.88565
    endloop
  endfacet
  facet normal 0.537284 -0.458867 0.707649
    outer loop
      vertex 6.38713 -5.46678 4.01
      vertex 5.67677 -4.94803 4.88572
      vertex 6.1935 -5.6935 4.01
    endloop
  endfacet
  facet normal 0 -0.707107 0.707107
    outer loop
      vertex -4.84999 -6.24998 4.01
      vertex -4.56779 -5.48331 4.77667
      vertex -4.59774 -5.47937 4.78061
    endloop
  endfacet
  facet normal 5.24654e-05 -0.707143 0.707071
    outer loop
      vertex -4.84999 -6.24998 4.01
      vertex -3.9176 -5.56556 4.69442
      vertex -4.03361 -5.55179 4.7082
    endloop
  endfacet
  facet normal 2.62173e-05 -0.707147 0.707067
    outer loop
      vertex -4.84999 -6.24998 4.01
      vertex -3.04881 -5.65978 4.6002
      vertex -3.25582 -5.63924 4.62075
    endloop
  endfacet
  facet normal 0 -0.707107 0.707107
    outer loop
      vertex -4.84999 -6.24998 4.01
      vertex -2.98125 -5.66629 4.59369
      vertex -3.01134 -5.6635 4.59648
    endloop
  endfacet
  facet normal -0.0388274 -0.716537 -0.696468
    outer loop
      vertex -1.0197 -5.78299 4.477
      vertex -0.813542 -5.78865 4.47133
      vertex -0.933451 -5.78536 4.47463
    endloop
  endfacet
  facet normal -0.0268643 -0.302585 -0.952744
    outer loop
      vertex -0.813542 -5.78865 4.47133
      vertex -0.608871 -5.79303 4.46695
      vertex -0.722776 -5.7906 4.46939
    endloop
  endfacet
  facet normal -0.0201571 -0.405513 -0.913867
    outer loop
      vertex -0.608871 -5.79303 4.46695
      vertex -0.405306 -5.79614 4.46384
      vertex -0.49936 -5.79471 4.46528
    endloop
  endfacet
  facet normal -0.0129538 -0.645575 -0.763587
    outer loop
      vertex -0.405306 -5.79614 4.46384
      vertex -0.20247 -5.79801 4.46198
      vertex -0.309078 -5.79703 4.46296
    endloop
  endfacet
  facet normal 0.00375458 0.260701 0.965412
    outer loop
      vertex -0.20247 -5.79801 4.46198
      vertex 0 -5.79863 4.46136
      vertex -0.105195 -5.7983 4.46168
    endloop
  endfacet
  facet normal -4.64449e-08 -0.707114 0.707099
    outer loop
      vertex -0.20247 -5.79801 4.46198
      vertex -4.84999 -6.24998 4.01
      vertex 0 -5.79863 4.46136
    endloop
  endfacet
  facet normal -3.19812e-05 -0.70695 0.707263
    outer loop
      vertex -0.405306 -5.79614 4.46384
      vertex -4.84999 -6.24998 4.01
      vertex -0.20247 -5.79801 4.46198
    endloop
  endfacet
  facet normal -2.70253e-15 -0.707107 0.707107
    outer loop
      vertex -0.608871 -5.79303 4.46695
      vertex -4.84999 -6.24998 4.01
      vertex -0.405306 -5.79614 4.46384
    endloop
  endfacet
  facet normal 0 -0.707107 0.707107
    outer loop
      vertex -0.813542 -5.78865 4.47133
      vertex -4.84999 -6.24998 4.01
      vertex -0.608871 -5.79303 4.46695
    endloop
  endfacet
  facet normal 2.76511e-05 -0.707228 0.706986
    outer loop
      vertex -1.0197 -5.78299 4.477
      vertex -4.84999 -6.24998 4.01
      vertex -0.813542 -5.78865 4.47133
    endloop
  endfacet
  facet normal -6.84864e-05 -0.706833 0.70738
    outer loop
      vertex -1.10112 -5.78025 4.47973
      vertex -4.84999 -6.24998 4.01
      vertex -1.0197 -5.78299 4.477
    endloop
  endfacet
  facet normal 4.40595e-05 -0.707283 0.706931
    outer loop
      vertex -1.22773 -5.77601 4.48398
      vertex -4.84999 -6.24998 4.01
      vertex -1.10112 -5.78025 4.47973
    endloop
  endfacet
  facet normal -4.53707e-07 -0.707113 0.707101
    outer loop
      vertex -1.36478 -5.77058 4.48941
      vertex -4.84999 -6.24998 4.01
      vertex -1.22773 -5.77601 4.48398
    endloop
  endfacet
  facet normal -7.53761e-05 -0.70684 0.707373
    outer loop
      vertex -1.43804 -5.76767 4.49231
      vertex -4.84999 -6.24998 4.01
      vertex -1.36478 -5.77058 4.48941
    endloop
  endfacet
  facet normal 7.02793e-15 -0.707107 0.707107
    outer loop
      vertex -1.50559 -5.76459 4.49539
      vertex -4.84999 -6.24998 4.01
      vertex -1.43804 -5.76767 4.49231
    endloop
  endfacet
  facet normal -4.62525e-17 -0.707107 0.707107
    outer loop
      vertex -1.65107 -5.75795 4.50203
      vertex -4.84999 -6.24998 4.01
      vertex -1.50559 -5.76459 4.49539
    endloop
  endfacet
  facet normal 3.26994e-05 -0.707213 0.707
    outer loop
      vertex -1.81293 -5.74959 4.5104
      vertex -4.84999 -6.24998 4.01
      vertex -1.65107 -5.75795 4.50203
    endloop
  endfacet
  facet normal -9.96812e-05 -0.706811 0.707402
    outer loop
      vertex -1.86724 -5.74678 4.5132
      vertex -4.84999 -6.24998 4.01
      vertex -1.81293 -5.74959 4.5104
    endloop
  endfacet
  facet normal -5.62927e-17 -0.707107 0.707107
    outer loop
      vertex -2.04477 -5.73655 4.52343
      vertex -4.84999 -6.24998 4.01
      vertex -1.86724 -5.74678 4.5132
    endloop
  endfacet
  facet normal 0.000127214 -0.707454 0.706759
    outer loop
      vertex -2.08705 -5.73412 4.52587
      vertex -4.84999 -6.24998 4.01
      vertex -2.04477 -5.73655 4.52343
    endloop
  endfacet
  facet normal -6.50254e-07 -0.707112 0.707102
    outer loop
      vertex -2.12463 -5.73173 4.52826
      vertex -4.84999 -6.24998 4.01
      vertex -2.08705 -5.73412 4.52587
    endloop
  endfacet
  facet normal -2.9089e-05 -0.707037 0.707176
    outer loop
      vertex -2.31098 -5.71988 4.5401
      vertex -4.84999 -6.24998 4.01
      vertex -2.12463 -5.73173 4.52826
    endloop
  endfacet
  facet normal 2.45146e-05 -0.707165 0.707048
    outer loop
      vertex -2.52741 -5.70485 4.55514
      vertex -4.84999 -6.24998 4.01
      vertex -2.31098 -5.71988 4.5401
    endloop
  endfacet
  facet normal -0.000449077 -0.706156 0.708056
    outer loop
      vertex -2.53958 -5.704 4.55598
      vertex -4.84999 -6.24998 4.01
      vertex -2.52741 -5.70485 4.55514
    endloop
  endfacet
  facet normal 3.46587e-05 -0.70718 0.707033
    outer loop
      vertex -2.69428 -5.69235 4.56764
      vertex -4.84999 -6.24998 4.01
      vertex -2.53958 -5.704 4.55598
    endloop
  endfacet
  facet normal -8.18121e-07 -0.707112 0.707102
    outer loop
      vertex -2.77304 -5.68558 4.57441
      vertex -4.84999 -6.24998 4.01
      vertex -2.69428 -5.69235 4.56764
    endloop
  endfacet
  facet normal -2.61937e-05 -0.707065 0.707149
    outer loop
      vertex -2.98125 -5.66629 4.59369
      vertex -4.84999 -6.24998 4.01
      vertex -2.77304 -5.68558 4.57441
    endloop
  endfacet
  facet normal 0 -0.707107 0.707107
    outer loop
      vertex -3.04881 -5.65978 4.6002
      vertex -4.84999 -6.24998 4.01
      vertex -3.01134 -5.6635 4.59648
    endloop
  endfacet
  facet normal -3.40322e-05 -0.707068 0.707145
    outer loop
      vertex -3.42336 -5.62151 4.63847
      vertex -4.84999 -6.24998 4.01
      vertex -3.25582 -5.63924 4.62075
    endloop
  endfacet
  facet normal 0 -0.707107 0.707107
    outer loop
      vertex -3.50717 -5.61264 4.64734
      vertex -4.84999 -6.24998 4.01
      vertex -3.42336 -5.62151 4.63847
    endloop
  endfacet
  facet normal 4.70049e-15 -0.707107 0.707107
    outer loop
      vertex -3.61544 -5.60048 4.6595
      vertex -4.84999 -6.24998 4.01
      vertex -3.50717 -5.61264 4.64734
    endloop
  endfacet
  facet normal -3.52128e-15 -0.707107 0.707107
    outer loop
      vertex -3.76615 -5.58355 4.67643
      vertex -4.84999 -6.24998 4.01
      vertex -3.61544 -5.60048 4.6595
    endloop
  endfacet
  facet normal 0 -0.707107 0.707107
    outer loop
      vertex -3.9176 -5.56556 4.69442
      vertex -4.84999 -6.24998 4.01
      vertex -3.76615 -5.58355 4.67643
    endloop
  endfacet
  facet normal -1.10592e-06 -0.707111 0.707102
    outer loop
      vertex -4.12284 -5.54062 4.71937
      vertex -4.84999 -6.24998 4.01
      vertex -4.03361 -5.55179 4.7082
    endloop
  endfacet
  facet normal -1.10564e-06 -0.707111 0.707102
    outer loop
      vertex -4.31046 -5.51714 4.74285
      vertex -4.84999 -6.24998 4.01
      vertex -4.12284 -5.54062 4.71937
    endloop
  endfacet
  facet normal -2.62104e-05 -0.707102 0.707112
    outer loop
      vertex -4.56779 -5.48331 4.77667
      vertex -4.84999 -6.24998 4.01
      vertex -4.31046 -5.51714 4.74285
    endloop
  endfacet
  facet normal 0.000304787 -0.707157 0.707057
    outer loop
      vertex -4.61994 -5.47632 4.78367
      vertex -4.84999 -6.24998 4.01
      vertex -4.59774 -5.47937 4.78061
    endloop
  endfacet
  facet normal -1.20896e-06 -0.707111 0.707102
    outer loop
      vertex -4.76817 -5.45591 4.80408
      vertex -4.84999 -6.24998 4.01
      vertex -4.61994 -5.47632 4.78367
    endloop
  endfacet
  facet normal -8.64222e-05 -0.707107 0.707107
    outer loop
      vertex -4.84999 -6.24998 4.01
      vertex -4.76817 -5.45591 4.80408
      vertex -4.84999 -5.44325 4.81673
    endloop
  endfacet
  facet normal 2.62104e-05 -0.707102 0.707112
    outer loop
      vertex 4.84999 -6.24998 4.01
      vertex 4.56779 -5.48331 4.77667
      vertex 4.31046 -5.51714 4.74285
    endloop
  endfacet
  facet normal 0 -0.707107 0.707107
    outer loop
      vertex 4.84999 -6.24998 4.01
      vertex 3.9176 -5.56556 4.69442
      vertex 3.76615 -5.58355 4.67643
    endloop
  endfacet
  facet normal 0 -0.707107 0.707107
    outer loop
      vertex 4.84999 -6.24998 4.01
      vertex 3.04881 -5.65978 4.6002
      vertex 3.01134 -5.6635 4.59648
    endloop
  endfacet
  facet normal 2.61937e-05 -0.707065 0.707149
    outer loop
      vertex 4.84999 -6.24998 4.01
      vertex 2.98125 -5.66629 4.59369
      vertex 2.77304 -5.68558 4.57441
    endloop
  endfacet
  facet normal 0.0388274 -0.716537 -0.696468
    outer loop
      vertex 0.813542 -5.78865 4.47133
      vertex 1.0197 -5.78299 4.477
      vertex 0.933451 -5.78536 4.47463
    endloop
  endfacet
  facet normal 0.0268643 -0.302585 -0.952744
    outer loop
      vertex 0.608871 -5.79303 4.46695
      vertex 0.813542 -5.78865 4.47133
      vertex 0.722776 -5.7906 4.46939
    endloop
  endfacet
  facet normal 0.0201571 -0.405513 -0.913867
    outer loop
      vertex 0.405306 -5.79614 4.46384
      vertex 0.608871 -5.79303 4.46695
      vertex 0.49936 -5.79471 4.46528
    endloop
  endfacet
  facet normal 0.0129538 -0.645575 -0.763587
    outer loop
      vertex 0.20247 -5.79801 4.46198
      vertex 0.405306 -5.79614 4.46384
      vertex 0.309078 -5.79703 4.46296
    endloop
  endfacet
  facet normal -0.00375458 0.260701 0.965412
    outer loop
      vertex 0 -5.79863 4.46136
      vertex 0.20247 -5.79801 4.46198
      vertex 0.105195 -5.7983 4.46168
    endloop
  endfacet
  facet normal 4.96053e-08 -0.707115 0.707099
    outer loop
      vertex -4.84999 -6.24998 4.01
      vertex 0.20247 -5.79801 4.46198
      vertex 0 -5.79863 4.46136
    endloop
  endfacet
  facet normal 0 -0.707115 0.707099
    outer loop
      vertex 4.84999 -6.24998 4.01
      vertex 0.20247 -5.79801 4.46198
      vertex -4.84999 -6.24998 4.01
    endloop
  endfacet
  facet normal 3.19812e-05 -0.70695 0.707263
    outer loop
      vertex 0.20247 -5.79801 4.46198
      vertex 4.84999 -6.24998 4.01
      vertex 0.405306 -5.79614 4.46384
    endloop
  endfacet
  facet normal 2.70253e-15 -0.707107 0.707107
    outer loop
      vertex 0.405306 -5.79614 4.46384
      vertex 4.84999 -6.24998 4.01
      vertex 0.608871 -5.79303 4.46695
    endloop
  endfacet
  facet normal 0 -0.707107 0.707107
    outer loop
      vertex 0.608871 -5.79303 4.46695
      vertex 4.84999 -6.24998 4.01
      vertex 0.813542 -5.78865 4.47133
    endloop
  endfacet
  facet normal -2.76511e-05 -0.707228 0.706986
    outer loop
      vertex 0.813542 -5.78865 4.47133
      vertex 4.84999 -6.24998 4.01
      vertex 1.0197 -5.78299 4.477
    endloop
  endfacet
  facet normal 6.84864e-05 -0.706833 0.70738
    outer loop
      vertex 1.0197 -5.78299 4.477
      vertex 4.84999 -6.24998 4.01
      vertex 1.10112 -5.78025 4.47973
    endloop
  endfacet
  facet normal -4.40595e-05 -0.707283 0.706931
    outer loop
      vertex 1.10112 -5.78025 4.47973
      vertex 4.84999 -6.24998 4.01
      vertex 1.22773 -5.77601 4.48398
    endloop
  endfacet
  facet normal 4.53707e-07 -0.707113 0.707101
    outer loop
      vertex 1.22773 -5.77601 4.48398
      vertex 4.84999 -6.24998 4.01
      vertex 1.36478 -5.77058 4.48941
    endloop
  endfacet
  facet normal 7.53761e-05 -0.70684 0.707373
    outer loop
      vertex 1.36478 -5.77058 4.48941
      vertex 4.84999 -6.24998 4.01
      vertex 1.43804 -5.76767 4.49231
    endloop
  endfacet
  facet normal -7.02793e-15 -0.707107 0.707107
    outer loop
      vertex 1.43804 -5.76767 4.49231
      vertex 4.84999 -6.24998 4.01
      vertex 1.50559 -5.76459 4.49539
    endloop
  endfacet
  facet normal 4.62525e-17 -0.707107 0.707107
    outer loop
      vertex 1.50559 -5.76459 4.49539
      vertex 4.84999 -6.24998 4.01
      vertex 1.65107 -5.75795 4.50203
    endloop
  endfacet
  facet normal -3.26994e-05 -0.707213 0.707
    outer loop
      vertex 1.65107 -5.75795 4.50203
      vertex 4.84999 -6.24998 4.01
      vertex 1.81293 -5.74959 4.5104
    endloop
  endfacet
  facet normal 9.96812e-05 -0.706811 0.707402
    outer loop
      vertex 1.81293 -5.74959 4.5104
      vertex 4.84999 -6.24998 4.01
      vertex 1.86724 -5.74678 4.5132
    endloop
  endfacet
  facet normal 5.62927e-17 -0.707107 0.707107
    outer loop
      vertex 1.86724 -5.74678 4.5132
      vertex 4.84999 -6.24998 4.01
      vertex 2.04477 -5.73655 4.52343
    endloop
  endfacet
  facet normal -0.000127214 -0.707454 0.706759
    outer loop
      vertex 2.04477 -5.73655 4.52343
      vertex 4.84999 -6.24998 4.01
      vertex 2.08705 -5.73412 4.52587
    endloop
  endfacet
  facet normal 6.50254e-07 -0.707112 0.707102
    outer loop
      vertex 2.08705 -5.73412 4.52587
      vertex 4.84999 -6.24998 4.01
      vertex 2.12463 -5.73173 4.52826
    endloop
  endfacet
  facet normal 2.9089e-05 -0.707037 0.707176
    outer loop
      vertex 2.12463 -5.73173 4.52826
      vertex 4.84999 -6.24998 4.01
      vertex 2.31098 -5.71988 4.5401
    endloop
  endfacet
  facet normal -2.45146e-05 -0.707165 0.707048
    outer loop
      vertex 2.31098 -5.71988 4.5401
      vertex 4.84999 -6.24998 4.01
      vertex 2.52741 -5.70485 4.55514
    endloop
  endfacet
  facet normal 8.64222e-05 -0.707107 0.707107
    outer loop
      vertex 4.76817 -5.45591 4.80408
      vertex 4.84999 -6.24998 4.01
      vertex 4.84999 -5.44325 4.81673
    endloop
  endfacet
  facet normal 1.20896e-06 -0.707111 0.707102
    outer loop
      vertex 4.61994 -5.47632 4.78367
      vertex 4.84999 -6.24998 4.01
      vertex 4.76817 -5.45591 4.80408
    endloop
  endfacet
  facet normal -0.000304787 -0.707157 0.707057
    outer loop
      vertex 4.59774 -5.47937 4.78061
      vertex 4.84999 -6.24998 4.01
      vertex 4.61994 -5.47632 4.78367
    endloop
  endfacet
  facet normal 1.01907e-16 -0.707107 0.707107
    outer loop
      vertex 4.56779 -5.48331 4.77667
      vertex 4.84999 -6.24998 4.01
      vertex 4.59774 -5.47937 4.78061
    endloop
  endfacet
  facet normal 1.10564e-06 -0.707111 0.707102
    outer loop
      vertex 4.12284 -5.54062 4.71937
      vertex 4.84999 -6.24998 4.01
      vertex 4.31046 -5.51714 4.74285
    endloop
  endfacet
  facet normal 1.10592e-06 -0.707111 0.707102
    outer loop
      vertex 4.03361 -5.55179 4.7082
      vertex 4.84999 -6.24998 4.01
      vertex 4.12284 -5.54062 4.71937
    endloop
  endfacet
  facet normal -5.24654e-05 -0.707143 0.707071
    outer loop
      vertex 3.9176 -5.56556 4.69442
      vertex 4.84999 -6.24998 4.01
      vertex 4.03361 -5.55179 4.7082
    endloop
  endfacet
  facet normal 3.52128e-15 -0.707107 0.707107
    outer loop
      vertex 3.61544 -5.60048 4.6595
      vertex 4.84999 -6.24998 4.01
      vertex 3.76615 -5.58355 4.67643
    endloop
  endfacet
  facet normal -4.69331e-15 -0.707107 0.707107
    outer loop
      vertex 3.50717 -5.61264 4.64734
      vertex 4.84999 -6.24998 4.01
      vertex 3.61544 -5.60048 4.6595
    endloop
  endfacet
  facet normal 0 -0.707107 0.707107
    outer loop
      vertex 3.42336 -5.62151 4.63847
      vertex 4.84999 -6.24998 4.01
      vertex 3.50717 -5.61264 4.64734
    endloop
  endfacet
  facet normal 3.40322e-05 -0.707068 0.707145
    outer loop
      vertex 3.25582 -5.63924 4.62075
      vertex 4.84999 -6.24998 4.01
      vertex 3.42336 -5.62151 4.63847
    endloop
  endfacet
  facet normal -2.62173e-05 -0.707147 0.707067
    outer loop
      vertex 3.04881 -5.65978 4.6002
      vertex 4.84999 -6.24998 4.01
      vertex 3.25582 -5.63924 4.62075
    endloop
  endfacet
  facet normal 0 -0.707107 0.707107
    outer loop
      vertex 2.98125 -5.66629 4.59369
      vertex 4.84999 -6.24998 4.01
      vertex 3.01134 -5.6635 4.59648
    endloop
  endfacet
  facet normal 8.18121e-07 -0.707112 0.707102
    outer loop
      vertex 2.69428 -5.69235 4.56764
      vertex 4.84999 -6.24998 4.01
      vertex 2.77304 -5.68558 4.57441
    endloop
  endfacet
  facet normal -3.46587e-05 -0.70718 0.707033
    outer loop
      vertex 2.53958 -5.704 4.55598
      vertex 4.84999 -6.24998 4.01
      vertex 2.69428 -5.69235 4.56764
    endloop
  endfacet
  facet normal 0.000449077 -0.706156 0.708056
    outer loop
      vertex 2.52741 -5.70485 4.55514
      vertex 4.84999 -6.24998 4.01
      vertex 2.53958 -5.704 4.55598
    endloop
  endfacet
  facet normal 0.602983 0.369508 0.707019
    outer loop
      vertex 6.38713 5.46678 4.01
      vertex 5.68239 4.9413 4.88567
      vertex 6.54291 5.21257 4.01
    endloop
  endfacet
  facet normal 0.60303 0.369439 0.707015
    outer loop
      vertex 5.68239 4.9413 4.88567
      vertex 6.38713 5.46678 4.01
      vertex 5.66189 4.97214 4.88704
    endloop
  endfacet
  facet normal -0.677543 0.415199 0.607079
    outer loop
      vertex -8.54291 7.21257 0.41
      vertex -6.38713 5.46678 4.01
      vertex -8.38713 7.46678 0.41
    endloop
  endfacet
  facet normal -0.677543 0.415199 0.607079
    outer loop
      vertex -6.38713 5.46678 4.01
      vertex -8.54291 7.21257 0.41
      vertex -6.54291 5.21257 4.01
    endloop
  endfacet
  facet normal -0.309685 -0.74768 0.587426
    outer loop
      vertex -7.43712 -8.157 0.41
      vertex -5.71257 -6.04291 4.01
      vertex -7.71257 -8.04291 0.41
    endloop
  endfacet
  facet normal -0.309685 -0.74768 0.587426
    outer loop
      vertex -5.71257 -6.04291 4.01
      vertex -7.43712 -8.157 0.41
      vertex -5.43712 -6.157 4.01
    endloop
  endfacet
  facet normal -0.606462 -0.37164 -0.702914
    outer loop
      vertex -8.38713 -7.46678 0.4
      vertex -8.54291 -7.21257 0.4
      vertex -8.0972 -7.18335 0
    endloop
  endfacet
  facet normal -0.923886 -0.382669 0
    outer loop
      vertex -8.54291 -7.21257 0.4
      vertex -8.657 -6.93712 0.41
      vertex -8.657 -6.93712 0.4
    endloop
  endfacet
  facet normal -0.923886 -0.382669 0
    outer loop
      vertex -8.657 -6.93712 0.41
      vertex -8.54291 -7.21257 0.4
      vertex -8.54291 -7.21257 0.41
    endloop
  endfacet
  facet normal -0.330463 -0.618297 -0.713094
    outer loop
      vertex -7.42401 -7.73581 0
      vertex -7.71257 -8.04291 0.4
      vertex -7.68335 -7.5972 0
    endloop
  endfacet
  facet normal 0.706017 -0.0556139 0.706008
    outer loop
      vertex 5.91558 -4.40039 4.84044
      vertex 6.74998 -4.34999 4.01
      vertex 5.92589 -4.34999 4.8341
    endloop
  endfacet
  facet normal 0.706017 -0.0555588 0.706012
    outer loop
      vertex 6.74998 -4.34999 4.01
      vertex 5.91558 -4.40039 4.84044
      vertex 6.72659 -4.64722 4.01
    endloop
  endfacet
  facet normal 0.69963 -0.0871656 0.709169
    outer loop
      vertex 5.88447 -4.52838 4.8554
      vertex 6.72659 -4.64722 4.01
      vertex 5.91558 -4.40039 4.84044
    endloop
  endfacet
  facet normal 0.699624 -0.0872132 0.709169
    outer loop
      vertex 6.72659 -4.64722 4.01
      vertex 5.88447 -4.52838 4.8554
      vertex 5.87137 -4.58224 4.8617
    endloop
  endfacet
  facet normal 0.0689663 0.700264 -0.710545
    outer loop
      vertex 7.14262 7.82117 0
      vertex 6.84999 7.84999 0
      vertex 7.14722 8.22659 0.4
    endloop
  endfacet
  facet normal -0.874157 0 0.485643
    outer loop
      vertex -8.74998 6.34999 0.41
      vertex -6.74998 -4.34999 4.01
      vertex -6.74998 4.34999 4.01
    endloop
  endfacet
  facet normal -0.874157 0 0.485643
    outer loop
      vertex -6.74998 -4.34999 4.01
      vertex -8.74998 6.34999 0.41
      vertex -8.74998 -6.34999 0.41
    endloop
  endfacet
  facet normal 0.458867 0.537284 0.707648
    outer loop
      vertex 5.96678 5.88713 4.01
      vertex 5.45096 5.1788 4.88228
      vertex 6.1935 5.6935 4.01
    endloop
  endfacet
  facet normal 0.459015 0.537168 0.707641
    outer loop
      vertex 5.45096 5.1788 4.88228
      vertex 5.96678 5.88713 4.01
      vertex 5.42261 5.20429 4.88132
    endloop
  endfacet
  facet normal -0.688173 -0.165265 0.706473
    outer loop
      vertex -5.84755 -4.64294 4.8673
      vertex -6.657 -4.93712 4.01
      vertex -5.83365 -4.68308 4.87145
    endloop
  endfacet
  facet normal -0.688193 -0.1652 0.70647
    outer loop
      vertex -6.657 -4.93712 4.01
      vertex -5.84755 -4.64294 4.8673
      vertex -6.72659 -4.64722 4.01
    endloop
  endfacet
  facet normal 0.693225 0.115656 0.711381
    outer loop
      vertex 6.72659 4.64722 4.01
      vertex 5.88038 4.5268 4.85419
      vertex 5.91558 4.40039 4.84044
    endloop
  endfacet
  facet normal 0.693226 0.115647 0.711381
    outer loop
      vertex 6.72659 4.64722 4.01
      vertex 5.86495 4.5822 4.86022
      vertex 5.88038 4.5268 4.85419
    endloop
  endfacet
  facet normal 0.693224 0.115665 0.711381
    outer loop
      vertex 5.86495 4.5822 4.86022
      vertex 6.72659 4.64722 4.01
      vertex 5.84755 4.64294 4.8673
    endloop
  endfacet
  facet normal -0.309685 0.74768 0.587426
    outer loop
      vertex -7.43712 8.157 0.41
      vertex -5.71257 6.04291 4.01
      vertex -5.43712 6.157 4.01
    endloop
  endfacet
  facet normal -0.309685 0.74768 0.587426
    outer loop
      vertex -5.71257 6.04291 4.01
      vertex -7.43712 8.157 0.41
      vertex -7.71257 8.04291 0.41
    endloop
  endfacet
  facet normal -0.654668 -0.271055 0.705648
    outer loop
      vertex -6.657 -4.93712 4.01
      vertex -5.81565 -4.71976 4.87406
      vertex -5.83365 -4.68308 4.87145
    endloop
  endfacet
  facet normal -0.654637 -0.271148 0.705641
    outer loop
      vertex -5.81565 -4.71976 4.87406
      vertex -6.657 -4.93712 4.01
      vertex -6.54291 -5.21257 4.01
    endloop
  endfacet
  facet normal 0.0552497 0.706023 0.70603
    outer loop
      vertex 4.84999 6.24998 4.01
      vertex 4.87365 5.43806 4.82006
      vertex 4.89269 5.43389 4.82274
    endloop
  endfacet
  facet normal 0.0555588 0.706018 0.706012
    outer loop
      vertex 4.84999 6.24998 4.01
      vertex 4.9051 5.43107 4.82458
      vertex 5.14722 6.22659 4.01
    endloop
  endfacet
  facet normal 0.055756 0.706016 0.705997
    outer loop
      vertex 4.9051 5.43107 4.82458
      vertex 4.84999 6.24998 4.01
      vertex 4.89269 5.43389 4.82274
    endloop
  endfacet
  facet normal 0.0555026 0.706017 0.706017
    outer loop
      vertex 4.87365 5.43806 4.82006
      vertex 4.84999 6.24998 4.01
      vertex 4.84999 5.44325 4.81673
    endloop
  endfacet
  facet normal -0.415199 0.677543 0.607079
    outer loop
      vertex -7.71257 8.04291 0.41
      vertex -5.96678 5.88713 4.01
      vertex -5.71257 6.04291 4.01
    endloop
  endfacet
  facet normal -0.415199 0.677543 0.607079
    outer loop
      vertex -5.96678 5.88713 4.01
      vertex -7.71257 8.04291 0.41
      vertex -7.96678 7.88713 0.41
    endloop
  endfacet
  facet normal -0.85264 0.522498 0
    outer loop
      vertex -8.54291 7.21257 0.4
      vertex -8.38713 7.46678 0.41
      vertex -8.38713 7.46678 0.4
    endloop
  endfacet
  facet normal -0.85264 0.522498 0
    outer loop
      vertex -8.38713 7.46678 0.41
      vertex -8.54291 7.21257 0.4
      vertex -8.54291 7.21257 0.41
    endloop
  endfacet
  facet normal -0.271216 0.654614 0.705636
    outer loop
      vertex -5.43712 6.157 4.01
      vertex -5.22487 5.32319 4.8651
      vertex -5.18607 5.34334 4.86132
    endloop
  endfacet
  facet normal -0.271147 0.654637 0.705641
    outer loop
      vertex -5.22487 5.32319 4.8651
      vertex -5.43712 6.157 4.01
      vertex -5.71257 6.04291 4.01
    endloop
  endfacet
  facet normal -0.115732 0.693216 0.711377
    outer loop
      vertex -5.11319 5.36814 4.85207
      vertex -5.14722 6.22659 4.01
      vertex -5.143 5.35912 4.85601
    endloop
  endfacet
  facet normal -0.115665 0.693223 0.711382
    outer loop
      vertex -5.14722 6.22659 4.01
      vertex -5.11319 5.36814 4.85207
      vertex -4.9051 5.43107 4.82458
    endloop
  endfacet
  facet normal 0.511273 0.598646 0.616622
    outer loop
      vertex 7.96678 7.88713 0.41
      vertex 6.1935 5.6935 4.01
      vertex 8.1935 7.6935 0.41
    endloop
  endfacet
  facet normal 0.511273 0.598646 0.616622
    outer loop
      vertex 6.1935 5.6935 4.01
      vertex 7.96678 7.88713 0.41
      vertex 5.96678 5.88713 4.01
    endloop
  endfacet
  facet normal 0.270109 0.652131 0.708355
    outer loop
      vertex 5.43712 6.157 4.01
      vertex 5.1682 5.34684 4.8584
      vertex 5.71257 6.04291 4.01
    endloop
  endfacet
  facet normal 0.269034 0.652531 0.708396
    outer loop
      vertex 5.43712 6.157 4.01
      vertex 5.16499 5.3485 4.85809
      vertex 5.1682 5.34684 4.8584
    endloop
  endfacet
  facet normal 0.270182 0.652101 0.708354
    outer loop
      vertex 5.16499 5.3485 4.85809
      vertex 5.43712 6.157 4.01
      vertex 5.12776 5.36751 4.85479
    endloop
  endfacet
  facet normal 0.598646 -0.511273 0.616622
    outer loop
      vertex 6.1935 -5.6935 4.01
      vertex 8.38713 -7.46678 0.41
      vertex 6.38713 -5.46678 4.01
    endloop
  endfacet
  facet normal 0.598646 -0.511273 0.616622
    outer loop
      vertex 8.38713 -7.46678 0.41
      vertex 6.1935 -5.6935 4.01
      vertex 8.1935 -7.6935 0.41
    endloop
  endfacet
  facet normal 0.511273 -0.598646 0.616622
    outer loop
      vertex 6.1935 -5.6935 4.01
      vertex 7.96678 -7.88713 0.41
      vertex 8.1935 -7.6935 0.41
    endloop
  endfacet
  facet normal 0.511273 -0.598646 0.616622
    outer loop
      vertex 7.96678 -7.88713 0.41
      vertex 6.1935 -5.6935 4.01
      vertex 5.96678 -5.88713 4.01
    endloop
  endfacet
  facet normal 0.517549 -0.476292 0.710837
    outer loop
      vertex 5.6532 -4.97397 4.8855
      vertex 6.1935 -5.6935 4.01
      vertex 5.67677 -4.94803 4.88572
    endloop
  endfacet
  facet normal 0.517418 -0.47641 0.710853
    outer loop
      vertex 5.59512 -5.03787 4.88495
      vertex 6.1935 -5.6935 4.01
      vertex 5.6532 -4.97397 4.8855
    endloop
  endfacet
  facet normal 0.517518 -0.476311 0.710847
    outer loop
      vertex 6.1935 -5.6935 4.01
      vertex 5.59512 -5.03787 4.88495
      vertex 5.50151 -5.13928 4.88515
    endloop
  endfacet
  facet normal -0.670882 0.203513 -0.713092
    outer loop
      vertex -8.32117 6.64262 0
      vertex -8.657 6.93712 0.4
      vertex -8.23581 6.92401 0
    endloop
  endfacet
  facet normal -0.0552497 -0.706023 0.70603
    outer loop
      vertex -4.84999 -6.24998 4.01
      vertex -4.87365 -5.43806 4.82006
      vertex -4.89269 -5.43389 4.82274
    endloop
  endfacet
  facet normal -0.0555588 -0.706018 0.706012
    outer loop
      vertex -4.84999 -6.24998 4.01
      vertex -4.9051 -5.43107 4.82458
      vertex -5.14722 -6.22659 4.01
    endloop
  endfacet
  facet normal -0.055756 -0.706016 0.705997
    outer loop
      vertex -4.9051 -5.43107 4.82458
      vertex -4.84999 -6.24998 4.01
      vertex -4.89269 -5.43389 4.82274
    endloop
  endfacet
  facet normal -0.0555026 -0.706017 0.706017
    outer loop
      vertex -4.87365 -5.43806 4.82006
      vertex -4.84999 -6.24998 4.01
      vertex -4.84999 -5.44325 4.81673
    endloop
  endfacet
  facet normal 0 -0.874157 0.485643
    outer loop
      vertex -6.84999 -8.24998 0.41
      vertex 4.84999 -6.24998 4.01
      vertex -4.84999 -6.24998 4.01
    endloop
  endfacet
  facet normal 0 -0.874157 0.485643
    outer loop
      vertex 4.84999 -6.24998 4.01
      vertex -6.84999 -8.24998 0.41
      vertex 6.84999 -8.24998 0.41
    endloop
  endfacet
  facet normal -0.37164 -0.606462 -0.702914
    outer loop
      vertex -7.71257 -8.04291 0.4
      vertex -7.96678 -7.88713 0.4
      vertex -7.68335 -7.5972 0
    endloop
  endfacet
  facet normal -0.677543 -0.415199 0.607079
    outer loop
      vertex -8.54291 -7.21257 0.41
      vertex -6.38713 -5.46678 4.01
      vertex -6.54291 -5.21257 4.01
    endloop
  endfacet
  facet normal -0.677543 -0.415199 0.607079
    outer loop
      vertex -6.38713 -5.46678 4.01
      vertex -8.54291 -7.21257 0.41
      vertex -8.38713 -7.46678 0.41
    endloop
  endfacet
  facet normal -0.996918 -0.0784507 0
    outer loop
      vertex -8.72659 -6.64722 0.4
      vertex -8.74998 -6.34999 0.41
      vertex -8.74998 -6.34999 0.4
    endloop
  endfacet
  facet normal -0.996918 -0.0784507 0
    outer loop
      vertex -8.74998 -6.34999 0.41
      vertex -8.72659 -6.64722 0.4
      vertex -8.72659 -6.64722 0.41
    endloop
  endfacet
  facet normal -0.476416 -0.517406 0.710858
    outer loop
      vertex -5.46697 -5.16355 4.88265
      vertex -6.1935 -5.6935 4.01
      vertex -5.45096 -5.1788 4.88228
    endloop
  endfacet
  facet normal -0.47635 -0.51748 0.710848
    outer loop
      vertex -5.59706 -5.03961 4.8857
      vertex -6.1935 -5.6935 4.01
      vertex -5.46697 -5.16355 4.88265
    endloop
  endfacet
  facet normal -0.476285 -0.51754 0.710848
    outer loop
      vertex -6.1935 -5.6935 4.01
      vertex -5.59706 -5.03961 4.8857
      vertex -5.63804 -4.99996 4.88711
    endloop
  endfacet
  facet normal -0.165531 -0.689569 0.705049
    outer loop
      vertex -5.43712 -6.157 4.01
      vertex -5.08317 -5.38366 4.84946
      vertex -5.11518 -5.37206 4.85329
    endloop
  endfacet
  facet normal -0.16536 -0.689624 0.705035
    outer loop
      vertex -5.43712 -6.157 4.01
      vertex -5.11518 -5.37206 4.85329
      vertex -5.12776 -5.36751 4.85479
    endloop
  endfacet
  facet normal -0.16553 -0.689569 0.705049
    outer loop
      vertex -5.08317 -5.38366 4.84946
      vertex -5.43712 -6.157 4.01
      vertex -5.14722 -6.22659 4.01
    endloop
  endfacet
  facet normal -0.522498 0.85264 0
    outer loop
      vertex -7.71257 8.04291 0.4
      vertex -7.96678 7.88713 0.41
      vertex -7.71257 8.04291 0.41
    endloop
  endfacet
  facet normal -0.522498 0.85264 0
    outer loop
      vertex -7.96678 7.88713 0.41
      vertex -7.71257 8.04291 0.4
      vertex -7.96678 7.88713 0.4
    endloop
  endfacet
  facet normal -0.334631 0.618232 0.711204
    outer loop
      vertex -5.39905 5.2138 4.87824
      vertex -5.71257 6.04291 4.01
      vertex -5.44246 5.18607 4.88192
    endloop
  endfacet
  facet normal -0.334618 0.618238 0.711205
    outer loop
      vertex -5.71257 6.04291 4.01
      vertex -5.39905 5.2138 4.87824
      vertex -5.22487 5.32319 4.8651
    endloop
  endfacet
  facet normal -0.707116 0 -0.707098
    outer loop
      vertex -8.34999 -6.34999 0
      vertex -8.74998 6.34999 0.4
      vertex -8.34999 6.34999 0
    endloop
  endfacet
  facet normal -0.707116 -0 -0.707098
    outer loop
      vertex -8.74998 6.34999 0.4
      vertex -8.34999 -6.34999 0
      vertex -8.74998 -6.34999 0.4
    endloop
  endfacet
  facet normal -0.74768 0.309685 0.587426
    outer loop
      vertex -8.657 6.93712 0.41
      vertex -6.54291 5.21257 4.01
      vertex -8.54291 7.21257 0.41
    endloop
  endfacet
  facet normal -0.74768 0.309685 0.587426
    outer loop
      vertex -6.54291 5.21257 4.01
      vertex -8.657 6.93712 0.41
      vertex -6.657 4.93712 4.01
    endloop
  endfacet
  facet normal -0.604538 0.370504 0.705167
    outer loop
      vertex -6.38713 5.46678 4.01
      vertex -5.72156 4.8888 4.88427
      vertex -5.70089 4.9199 4.88565
    endloop
  endfacet
  facet normal -0.60456 0.370474 0.705164
    outer loop
      vertex -5.72156 4.8888 4.88427
      vertex -6.38713 5.46678 4.01
      vertex -6.54291 5.21257 4.01
    endloop
  endfacet
  facet normal -0.37164 0.606462 -0.702914
    outer loop
      vertex -7.68335 7.5972 0
      vertex -7.96678 7.88713 0.4
      vertex -7.71257 8.04291 0.4
    endloop
  endfacet
  facet normal -0.0871855 -0.699626 0.70917
    outer loop
      vertex -5.08317 -5.38366 4.84946
      vertex -5.14722 -6.22659 4.01
      vertex -4.9051 -5.43107 4.82458
    endloop
  endfacet
  facet normal 0.282794 0.644588 0.710305
    outer loop
      vertex 5.71257 6.04291 4.01
      vertex 5.1682 5.34684 4.8584
      vertex 5.39071 5.22641 4.8791
    endloop
  endfacet
  facet normal -0.618297 -0.330463 -0.713094
    outer loop
      vertex -8.0972 -7.18335 0
      vertex -8.54291 -7.21257 0.4
      vertex -8.23581 -6.92401 0
    endloop
  endfacet
  facet normal -0.60303 -0.369439 0.707015
    outer loop
      vertex -5.68239 -4.9413 4.88567
      vertex -6.38713 -5.46678 4.01
      vertex -5.66189 -4.97214 4.88704
    endloop
  endfacet
  facet normal -0.602983 -0.369508 0.707019
    outer loop
      vertex -6.38713 -5.46678 4.01
      vertex -5.68239 -4.9413 4.88567
      vertex -6.54291 -5.21257 4.01
    endloop
  endfacet
  facet normal -0.165199 0.688191 0.706472
    outer loop
      vertex -5.43712 6.157 4.01
      vertex -5.143 5.35912 4.85601
      vertex -5.14722 6.22659 4.01
    endloop
  endfacet
  facet normal -0.164984 0.688256 0.706459
    outer loop
      vertex -5.143 5.35912 4.85601
      vertex -5.43712 6.157 4.01
      vertex -5.16688 5.35046 4.85887
    endloop
  endfacet
  facet normal -0.165149 0.688209 0.706466
    outer loop
      vertex -5.16688 5.35046 4.85887
      vertex -5.43712 6.157 4.01
      vertex -5.18607 5.34334 4.86132
    endloop
  endfacet
  facet normal -0.0784507 0.996918 0
    outer loop
      vertex -6.84999 8.24998 0.4
      vertex -7.14722 8.22659 0.41
      vertex -6.84999 8.24998 0.41
    endloop
  endfacet
  facet normal -0.0784507 0.996918 0
    outer loop
      vertex -7.14722 8.22659 0.41
      vertex -6.84999 8.24998 0.4
      vertex -7.14722 8.22659 0.4
    endloop
  endfacet
  facet normal -0.272574 0.658082 -0.701877
    outer loop
      vertex -7.42401 7.73581 0
      vertex -7.71257 8.04291 0.4
      vertex -7.43712 8.157 0.4
    endloop
  endfacet
  facet normal 0.53851 -0.459914 -0.706036
    outer loop
      vertex 8.1935 -7.6935 0.4
      vertex 7.91064 -7.41064 0
      vertex 8.38713 -7.46678 0.4
    endloop
  endfacet
  facet normal 0.203513 -0.670882 -0.713092
    outer loop
      vertex 7.43712 -8.157 0.4
      vertex 7.14262 -7.82117 0
      vertex 7.42401 -7.73581 0
    endloop
  endfacet
  facet normal -0.511273 0.598646 0.616622
    outer loop
      vertex -7.96678 7.88713 0.41
      vertex -6.1935 5.6935 4.01
      vertex -5.96678 5.88713 4.01
    endloop
  endfacet
  facet normal -0.511273 0.598646 0.616622
    outer loop
      vertex -6.1935 5.6935 4.01
      vertex -7.96678 7.88713 0.41
      vertex -8.1935 7.6935 0.41
    endloop
  endfacet
  facet normal -0.517418 0.47641 0.710853
    outer loop
      vertex -6.1935 5.6935 4.01
      vertex -5.6532 4.97397 4.8855
      vertex -5.59512 5.03787 4.88495
    endloop
  endfacet
  facet normal -0.517549 0.476292 0.710837
    outer loop
      vertex -5.6532 4.97397 4.8855
      vertex -6.1935 5.6935 4.01
      vertex -5.67677 4.94803 4.88572
    endloop
  endfacet
  facet normal -0.517518 0.476311 0.710847
    outer loop
      vertex -6.1935 5.6935 4.01
      vertex -5.59512 5.03787 4.88495
      vertex -5.50151 5.13928 4.88515
    endloop
  endfacet
  facet normal 0.0871855 0.699626 0.70917
    outer loop
      vertex 5.14722 6.22659 4.01
      vertex 4.9051 5.43107 4.82458
      vertex 5.08317 5.38366 4.84946
    endloop
  endfacet
  facet normal -0.539027 -0.460344 0.70536
    outer loop
      vertex -6.38713 -5.46678 4.01
      vertex -5.65829 -4.97634 4.88705
      vertex -5.66189 -4.97214 4.88704
    endloop
  endfacet
  facet normal -0.539034 -0.460335 0.705361
    outer loop
      vertex -5.65829 -4.97634 4.88705
      vertex -6.38713 -5.46678 4.01
      vertex -5.63804 -4.99996 4.88711
    endloop
  endfacet
  facet normal -0.539022 -0.460351 0.705359
    outer loop
      vertex -5.63804 -4.99996 4.88711
      vertex -6.38713 -5.46678 4.01
      vertex -6.1935 -5.6935 4.01
    endloop
  endfacet
  facet normal -0.618204 -0.334674 0.711208
    outer loop
      vertex -6.54291 -5.21257 4.01
      vertex -5.79157 -4.76016 4.87598
      vertex -5.81565 -4.71976 4.87406
    endloop
  endfacet
  facet normal -0.61825 -0.334593 0.711206
    outer loop
      vertex -5.75202 -4.82652 4.87914
      vertex -6.54291 -5.21257 4.01
      vertex -5.68239 -4.9413 4.88567
    endloop
  endfacet
  facet normal -0.618246 -0.334602 0.711206
    outer loop
      vertex -5.79157 -4.76016 4.87598
      vertex -6.54291 -5.21257 4.01
      vertex -5.75202 -4.82652 4.87914
    endloop
  endfacet
  facet normal 0.476285 0.51754 0.710848
    outer loop
      vertex 6.1935 5.6935 4.01
      vertex 5.59706 5.03961 4.8857
      vertex 5.63804 4.99996 4.88711
    endloop
  endfacet
  facet normal 0.47635 0.51748 0.710848
    outer loop
      vertex 6.1935 5.6935 4.01
      vertex 5.46697 5.16355 4.88265
      vertex 5.59706 5.03961 4.8857
    endloop
  endfacet
  facet normal 0.476416 0.517406 0.710858
    outer loop
      vertex 5.46697 5.16355 4.88265
      vertex 6.1935 5.6935 4.01
      vertex 5.45096 5.1788 4.88228
    endloop
  endfacet
  facet normal -0.644609 0.282753 0.710303
    outer loop
      vertex -6.54291 5.21257 4.01
      vertex -5.78864 4.75891 4.8751
      vertex -5.75343 4.8277 4.87967
    endloop
  endfacet
  facet normal -0.64462 0.282733 0.710301
    outer loop
      vertex -5.78864 4.75891 4.8751
      vertex -6.54291 5.21257 4.01
      vertex -5.83843 4.66162 4.86864
    endloop
  endfacet
  facet normal -0.644608 0.282754 0.710303
    outer loop
      vertex -6.54291 5.21257 4.01
      vertex -5.75343 4.8277 4.87967
      vertex -5.72156 4.8888 4.88427
    endloop
  endfacet
  facet normal 0.460351 -0.539022 0.705359
    outer loop
      vertex 5.50151 -5.13928 4.88515
      vertex 5.96678 -5.88713 4.01
      vertex 6.1935 -5.6935 4.01
    endloop
  endfacet
  facet normal 0.460286 -0.53907 0.705366
    outer loop
      vertex 5.96678 -5.88713 4.01
      vertex 5.50151 -5.13928 4.88515
      vertex 5.47373 -5.16423 4.88421
    endloop
  endfacet
  facet normal 0.370141 -0.602574 0.707037
    outer loop
      vertex 5.47145 -5.16583 4.88404
      vertex 5.96678 -5.88713 4.01
      vertex 5.47373 -5.16423 4.88421
    endloop
  endfacet
  facet normal 0.369354 -0.603085 0.707012
    outer loop
      vertex 5.44246 -5.18607 4.88192
      vertex 5.96678 -5.88713 4.01
      vertex 5.47145 -5.16583 4.88404
    endloop
  endfacet
  facet normal 0.369507 -0.602981 0.707021
    outer loop
      vertex 5.96678 -5.88713 4.01
      vertex 5.44246 -5.18607 4.88192
      vertex 5.71257 -6.04291 4.01
    endloop
  endfacet
  facet normal 0.271147 -0.654637 0.705641
    outer loop
      vertex 5.22487 -5.32319 4.8651
      vertex 5.43712 -6.157 4.01
      vertex 5.71257 -6.04291 4.01
    endloop
  endfacet
  facet normal 0.271216 -0.654614 0.705636
    outer loop
      vertex 5.43712 -6.157 4.01
      vertex 5.22487 -5.32319 4.8651
      vertex 5.18607 -5.34334 4.86132
    endloop
  endfacet
  facet normal -0.0673473 -0.85582 0.512871
    outer loop
      vertex -6.84999 -8.24998 0.41
      vertex -5.14722 -6.22659 4.01
      vertex -7.14722 -8.22659 0.41
    endloop
  endfacet
  facet normal -0.0673473 -0.85582 0.512871
    outer loop
      vertex -5.14722 -6.22659 4.01
      vertex -6.84999 -8.24998 0.41
      vertex -4.84999 -6.24998 4.01
    endloop
  endfacet
  facet normal -0.658082 -0.272574 -0.701877
    outer loop
      vertex -8.54291 -7.21257 0.4
      vertex -8.657 -6.93712 0.4
      vertex -8.23581 -6.92401 0
    endloop
  endfacet
  facet normal -0.166025 0.69163 -0.702911
    outer loop
      vertex -7.14262 7.82117 0
      vertex -7.43712 8.157 0.4
      vertex -7.14722 8.22659 0.4
    endloop
  endfacet
  facet normal -0.203513 0.670882 -0.713092
    outer loop
      vertex -7.42401 7.73581 0
      vertex -7.43712 8.157 0.4
      vertex -7.14262 7.82117 0
    endloop
  endfacet
  facet normal -0.693225 -0.115656 0.711381
    outer loop
      vertex -6.72659 -4.64722 4.01
      vertex -5.88038 -4.5268 4.85419
      vertex -5.91558 -4.40039 4.84044
    endloop
  endfacet
  facet normal -0.693224 -0.115665 0.711381
    outer loop
      vertex -5.86495 -4.5822 4.86022
      vertex -6.72659 -4.64722 4.01
      vertex -5.84755 -4.64294 4.8673
    endloop
  endfacet
  facet normal -0.693226 -0.115647 0.711381
    outer loop
      vertex -5.88038 -4.5268 4.85419
      vertex -6.72659 -4.64722 4.01
      vertex -5.86495 -4.5822 4.86022
    endloop
  endfacet
  facet normal 0.166025 0.69163 -0.702911
    outer loop
      vertex 7.43712 8.157 0.4
      vertex 7.14262 7.82117 0
      vertex 7.14722 8.22659 0.4
    endloop
  endfacet
  facet normal -0.543891 -0.446427 -0.710553
    outer loop
      vertex -7.91064 -7.41064 0
      vertex -8.38713 -7.46678 0.4
      vertex -8.0972 -7.18335 0
    endloop
  endfacet
  facet normal -0.282794 -0.644588 0.710305
    outer loop
      vertex -5.39071 -5.22641 4.8791
      vertex -5.71257 -6.04291 4.01
      vertex -5.1682 -5.34684 4.8584
    endloop
  endfacet
  facet normal -0.270182 -0.652101 0.708354
    outer loop
      vertex -5.16499 -5.3485 4.85809
      vertex -5.43712 -6.157 4.01
      vertex -5.12776 -5.36751 4.85479
    endloop
  endfacet
  facet normal -0.269034 -0.652531 0.708396
    outer loop
      vertex -5.1682 -5.34684 4.8584
      vertex -5.43712 -6.157 4.01
      vertex -5.16499 -5.3485 4.85809
    endloop
  endfacet
  facet normal -0.270109 -0.652131 0.708355
    outer loop
      vertex -5.43712 -6.157 4.01
      vertex -5.1682 -5.34684 4.8584
      vertex -5.71257 -6.04291 4.01
    endloop
  endfacet
  facet normal 0.706017 0.0556139 0.706008
    outer loop
      vertex 6.74998 4.34999 4.01
      vertex 5.91558 4.40039 4.84044
      vertex 5.92589 4.34999 4.8341
    endloop
  endfacet
  facet normal 0.706017 0.0555588 0.706012
    outer loop
      vertex 5.91558 4.40039 4.84044
      vertex 6.74998 4.34999 4.01
      vertex 6.72659 4.64722 4.01
    endloop
  endfacet
  facet normal 0.677543 -0.415199 0.607079
    outer loop
      vertex 6.38713 -5.46678 4.01
      vertex 8.54291 -7.21257 0.41
      vertex 6.54291 -5.21257 4.01
    endloop
  endfacet
  facet normal 0.677543 -0.415199 0.607079
    outer loop
      vertex 8.54291 -7.21257 0.41
      vertex 6.38713 -5.46678 4.01
      vertex 8.38713 -7.46678 0.41
    endloop
  endfacet
  facet normal -0.972377 0.233417 0
    outer loop
      vertex -8.72659 6.64722 0.4
      vertex -8.657 6.93712 0.41
      vertex -8.657 6.93712 0.4
    endloop
  endfacet
  facet normal -0.972377 0.233417 0
    outer loop
      vertex -8.657 6.93712 0.41
      vertex -8.72659 6.64722 0.4
      vertex -8.72659 6.64722 0.41
    endloop
  endfacet
  facet normal -0.706017 0.0555588 0.706012
    outer loop
      vertex -6.74998 4.34999 4.01
      vertex -5.91558 4.40039 4.84044
      vertex -6.72659 4.64722 4.01
    endloop
  endfacet
  facet normal -0.706017 0.0556139 0.706008
    outer loop
      vertex -5.91558 4.40039 4.84044
      vertex -6.74998 4.34999 4.01
      vertex -5.92589 4.34999 4.8341
    endloop
  endfacet
  facet normal -0.699624 0.0872132 0.709169
    outer loop
      vertex -6.72659 4.64722 4.01
      vertex -5.88447 4.52838 4.8554
      vertex -5.87137 4.58224 4.8617
    endloop
  endfacet
  facet normal -0.69963 0.0871656 0.709169
    outer loop
      vertex -5.88447 4.52838 4.8554
      vertex -6.72659 4.64722 4.01
      vertex -5.91558 4.40039 4.84044
    endloop
  endfacet
  facet normal -0.74768 -0.309685 0.587426
    outer loop
      vertex -8.657 -6.93712 0.41
      vertex -6.54291 -5.21257 4.01
      vertex -6.657 -4.93712 4.01
    endloop
  endfacet
  facet normal -0.74768 -0.309685 0.587426
    outer loop
      vertex -6.54291 -5.21257 4.01
      vertex -8.657 -6.93712 0.41
      vertex -8.54291 -7.21257 0.41
    endloop
  endfacet
  facet normal -0.0555593 0.706023 -0.706006
    outer loop
      vertex -6.84999 7.84999 0
      vertex -7.14722 8.22659 0.4
      vertex -6.84999 8.24998 0.4
    endloop
  endfacet
  facet normal -0.0673473 0.85582 0.512871
    outer loop
      vertex -6.84999 8.24998 0.41
      vertex -5.14722 6.22659 4.01
      vertex -4.84999 6.24998 4.01
    endloop
  endfacet
  facet normal -0.0673473 0.85582 0.512871
    outer loop
      vertex -5.14722 6.22659 4.01
      vertex -6.84999 8.24998 0.41
      vertex -7.14722 8.22659 0.41
    endloop
  endfacet
  facet normal -0.193926 0.807864 0.55655
    outer loop
      vertex -7.14722 8.22659 0.41
      vertex -5.43712 6.157 4.01
      vertex -5.14722 6.22659 4.01
    endloop
  endfacet
  facet normal -0.193926 0.807864 0.55655
    outer loop
      vertex -5.43712 6.157 4.01
      vertex -7.14722 8.22659 0.41
      vertex -7.43712 8.157 0.41
    endloop
  endfacet
  facet normal 0.203513 0.670882 -0.713092
    outer loop
      vertex 7.42401 7.73581 0
      vertex 7.14262 7.82117 0
      vertex 7.43712 8.157 0.4
    endloop
  endfacet
  facet normal -0.649434 0.760418 0
    outer loop
      vertex -7.96678 7.88713 0.4
      vertex -8.1935 7.6935 0.41
      vertex -7.96678 7.88713 0.41
    endloop
  endfacet
  facet normal -0.649434 0.760418 0
    outer loop
      vertex -8.1935 7.6935 0.41
      vertex -7.96678 7.88713 0.4
      vertex -8.1935 7.6935 0.4
    endloop
  endfacet
  facet normal -0.233417 0.972377 0
    outer loop
      vertex -7.14722 8.22659 0.4
      vertex -7.43712 8.157 0.41
      vertex -7.14722 8.22659 0.41
    endloop
  endfacet
  facet normal -0.233417 0.972377 0
    outer loop
      vertex -7.43712 8.157 0.41
      vertex -7.14722 8.22659 0.4
      vertex -7.43712 8.157 0.4
    endloop
  endfacet
  facet normal -0.460286 0.53907 0.705366
    outer loop
      vertex -5.96678 5.88713 4.01
      vertex -5.50151 5.13928 4.88515
      vertex -5.47373 5.16423 4.88421
    endloop
  endfacet
  facet normal -0.460351 0.539022 0.705359
    outer loop
      vertex -5.50151 5.13928 4.88515
      vertex -5.96678 5.88713 4.01
      vertex -6.1935 5.6935 4.01
    endloop
  endfacet
  facet normal -0.369507 0.602981 0.707021
    outer loop
      vertex -5.96678 5.88713 4.01
      vertex -5.44246 5.18607 4.88192
      vertex -5.71257 6.04291 4.01
    endloop
  endfacet
  facet normal -0.369354 0.603085 0.707012
    outer loop
      vertex -5.44246 5.18607 4.88192
      vertex -5.96678 5.88713 4.01
      vertex -5.47145 5.16583 4.88404
    endloop
  endfacet
  facet normal -0.370141 0.602574 0.707037
    outer loop
      vertex -5.47145 5.16583 4.88404
      vertex -5.96678 5.88713 4.01
      vertex -5.47373 5.16423 4.88421
    endloop
  endfacet
  facet normal 0.16553 0.689569 0.705049
    outer loop
      vertex 5.08317 5.38366 4.84946
      vertex 5.43712 6.157 4.01
      vertex 5.14722 6.22659 4.01
    endloop
  endfacet
  facet normal 0.16536 0.689624 0.705035
    outer loop
      vertex 5.43712 6.157 4.01
      vertex 5.11518 5.37206 4.85329
      vertex 5.12776 5.36751 4.85479
    endloop
  endfacet
  facet normal 0.165531 0.689569 0.705049
    outer loop
      vertex 5.43712 6.157 4.01
      vertex 5.08317 5.38366 4.84946
      vertex 5.11518 5.37206 4.85329
    endloop
  endfacet
  facet normal 0.370473 0.604557 0.705167
    outer loop
      vertex 5.39071 5.22641 4.8791
      vertex 5.96678 5.88713 4.01
      vertex 5.71257 6.04291 4.01
    endloop
  endfacet
  facet normal 0.370299 0.604686 0.705148
    outer loop
      vertex 5.96678 5.88713 4.01
      vertex 5.40322 5.21782 4.8799
      vertex 5.42261 5.20429 4.88132
    endloop
  endfacet
  facet normal 0.370176 0.604775 0.705136
    outer loop
      vertex 5.96678 5.88713 4.01
      vertex 5.39071 5.22641 4.8791
      vertex 5.40322 5.21782 4.8799
    endloop
  endfacet
  facet normal 0.233417 0.972377 -0
    outer loop
      vertex 7.43712 8.157 0.4
      vertex 7.14722 8.22659 0.41
      vertex 7.43712 8.157 0.41
    endloop
  endfacet
  facet normal 0.233417 0.972377 0
    outer loop
      vertex 7.14722 8.22659 0.41
      vertex 7.43712 8.157 0.4
      vertex 7.14722 8.22659 0.4
    endloop
  endfacet
  facet normal 0.522498 -0.85264 0
    outer loop
      vertex 7.71257 -8.04291 0.4
      vertex 7.96678 -7.88713 0.41
      vertex 7.71257 -8.04291 0.41
    endloop
  endfacet
  facet normal 0.522498 -0.85264 0
    outer loop
      vertex 7.96678 -7.88713 0.41
      vertex 7.71257 -8.04291 0.4
      vertex 7.96678 -7.88713 0.4
    endloop
  endfacet
  facet normal 0.0784507 -0.996918 0
    outer loop
      vertex 6.84999 -8.24998 0.4
      vertex 7.14722 -8.22659 0.41
      vertex 6.84999 -8.24998 0.41
    endloop
  endfacet
  facet normal 0.0784507 -0.996918 0
    outer loop
      vertex 7.14722 -8.22659 0.41
      vertex 6.84999 -8.24998 0.4
      vertex 7.14722 -8.22659 0.4
    endloop
  endfacet
  facet normal 0.115732 -0.693216 0.711377
    outer loop
      vertex 5.11319 -5.36814 4.85207
      vertex 5.14722 -6.22659 4.01
      vertex 5.143 -5.35912 4.85601
    endloop
  endfacet
  facet normal 0.115665 -0.693223 0.711382
    outer loop
      vertex 5.14722 -6.22659 4.01
      vertex 5.11319 -5.36814 4.85207
      vertex 4.9051 -5.43107 4.82458
    endloop
  endfacet
  facet normal -0.446427 0.543891 -0.710553
    outer loop
      vertex -7.91064 7.41064 0
      vertex -7.96678 7.88713 0.4
      vertex -7.68335 7.5972 0
    endloop
  endfacet
  facet normal -0.203513 -0.670882 -0.713092
    outer loop
      vertex -7.14262 -7.82117 0
      vertex -7.43712 -8.157 0.4
      vertex -7.42401 -7.73581 0
    endloop
  endfacet
  facet normal 0.165149 -0.688209 0.706466
    outer loop
      vertex 5.16688 -5.35046 4.85887
      vertex 5.43712 -6.157 4.01
      vertex 5.18607 -5.34334 4.86132
    endloop
  endfacet
  facet normal 0.164984 -0.688256 0.706459
    outer loop
      vertex 5.143 -5.35912 4.85601
      vertex 5.43712 -6.157 4.01
      vertex 5.16688 -5.35046 4.85887
    endloop
  endfacet
  facet normal 0.165199 -0.688191 0.706472
    outer loop
      vertex 5.43712 -6.157 4.01
      vertex 5.143 -5.35912 4.85601
      vertex 5.14722 -6.22659 4.01
    endloop
  endfacet
  facet normal 0.166025 -0.69163 -0.702911
    outer loop
      vertex 7.14722 -8.22659 0.4
      vertex 7.14262 -7.82117 0
      vertex 7.43712 -8.157 0.4
    endloop
  endfacet
  facet normal -0.0784507 -0.996918 0
    outer loop
      vertex -7.14722 -8.22659 0.4
      vertex -6.84999 -8.24998 0.41
      vertex -7.14722 -8.22659 0.41
    endloop
  endfacet
  facet normal -0.0784507 -0.996918 -0
    outer loop
      vertex -6.84999 -8.24998 0.41
      vertex -7.14722 -8.22659 0.4
      vertex -6.84999 -8.24998 0.4
    endloop
  endfacet
  facet normal -0.233417 -0.972377 0
    outer loop
      vertex -7.43712 -8.157 0.4
      vertex -7.14722 -8.22659 0.41
      vertex -7.43712 -8.157 0.41
    endloop
  endfacet
  facet normal -0.233417 -0.972377 -0
    outer loop
      vertex -7.14722 -8.22659 0.41
      vertex -7.43712 -8.157 0.4
      vertex -7.14722 -8.22659 0.4
    endloop
  endfacet
  facet normal -0.370176 -0.604775 0.705136
    outer loop
      vertex -5.96678 -5.88713 4.01
      vertex -5.39071 -5.22641 4.8791
      vertex -5.40322 -5.21782 4.8799
    endloop
  endfacet
  facet normal -0.370299 -0.604686 0.705148
    outer loop
      vertex -5.96678 -5.88713 4.01
      vertex -5.40322 -5.21782 4.8799
      vertex -5.42261 -5.20429 4.88132
    endloop
  endfacet
  facet normal -0.370473 -0.604557 0.705167
    outer loop
      vertex -5.39071 -5.22641 4.8791
      vertex -5.96678 -5.88713 4.01
      vertex -5.71257 -6.04291 4.01
    endloop
  endfacet
  facet normal -0.522498 -0.85264 0
    outer loop
      vertex -7.96678 -7.88713 0.4
      vertex -7.71257 -8.04291 0.41
      vertex -7.96678 -7.88713 0.41
    endloop
  endfacet
  facet normal -0.522498 -0.85264 -0
    outer loop
      vertex -7.71257 -8.04291 0.41
      vertex -7.96678 -7.88713 0.4
      vertex -7.71257 -8.04291 0.4
    endloop
  endfacet
  facet normal 0.446427 0.543891 -0.710553
    outer loop
      vertex 7.91064 7.41064 0
      vertex 7.68335 7.5972 0
      vertex 7.96678 7.88713 0.4
    endloop
  endfacet
  facet normal 0.272574 0.658082 -0.701877
    outer loop
      vertex 7.71257 8.04291 0.4
      vertex 7.42401 7.73581 0
      vertex 7.43712 8.157 0.4
    endloop
  endfacet
  facet normal 0.700264 -0.0689663 -0.710545
    outer loop
      vertex 8.72659 -6.64722 0.4
      vertex 8.32117 -6.64262 0
      vertex 8.34999 -6.34999 0
    endloop
  endfacet
  facet normal -0.706023 -0.0555593 -0.706006
    outer loop
      vertex -8.72659 -6.64722 0.4
      vertex -8.74998 -6.34999 0.4
      vertex -8.34999 -6.34999 0
    endloop
  endfacet
  facet normal -0.459015 -0.537168 0.707641
    outer loop
      vertex -5.45096 -5.1788 4.88228
      vertex -5.96678 -5.88713 4.01
      vertex -5.42261 -5.20429 4.88132
    endloop
  endfacet
  facet normal -0.458867 -0.537284 0.707648
    outer loop
      vertex -5.96678 -5.88713 4.01
      vertex -5.45096 -5.1788 4.88228
      vertex -6.1935 -5.6935 4.01
    endloop
  endfacet
  facet normal -0.598646 -0.511273 0.616622
    outer loop
      vertex -8.38713 -7.46678 0.41
      vertex -6.1935 -5.6935 4.01
      vertex -6.38713 -5.46678 4.01
    endloop
  endfacet
  facet normal -0.598646 -0.511273 0.616622
    outer loop
      vertex -6.1935 -5.6935 4.01
      vertex -8.38713 -7.46678 0.41
      vertex -8.1935 -7.6935 0.41
    endloop
  endfacet
  facet normal 0.688193 0.1652 0.70647
    outer loop
      vertex 6.657 4.93712 4.01
      vertex 5.84755 4.64294 4.8673
      vertex 6.72659 4.64722 4.01
    endloop
  endfacet
  facet normal 0.688173 0.165265 0.706473
    outer loop
      vertex 5.84755 4.64294 4.8673
      vertex 6.657 4.93712 4.01
      vertex 5.83365 4.68308 4.87145
    endloop
  endfacet
  facet normal 0.539022 0.460351 0.705359
    outer loop
      vertex 5.63804 4.99996 4.88711
      vertex 6.38713 5.46678 4.01
      vertex 6.1935 5.6935 4.01
    endloop
  endfacet
  facet normal 0.539027 0.460344 0.70536
    outer loop
      vertex 6.38713 5.46678 4.01
      vertex 5.65829 4.97634 4.88705
      vertex 5.66189 4.97214 4.88704
    endloop
  endfacet
  facet normal 0.539034 0.460335 0.705361
    outer loop
      vertex 6.38713 5.46678 4.01
      vertex 5.63804 4.99996 4.88711
      vertex 5.65829 4.97634 4.88705
    endloop
  endfacet
  facet normal -0.700264 0.0689663 -0.710545
    outer loop
      vertex -8.34999 6.34999 0
      vertex -8.72659 6.64722 0.4
      vertex -8.32117 6.64262 0
    endloop
  endfacet
  facet normal -0.706023 0.0555593 -0.706006
    outer loop
      vertex -8.34999 6.34999 0
      vertex -8.74998 6.34999 0.4
      vertex -8.72659 6.64722 0.4
    endloop
  endfacet
  facet normal -0.706017 -0.0556139 0.706008
    outer loop
      vertex -6.74998 -4.34999 4.01
      vertex -5.91558 -4.40039 4.84044
      vertex -5.92589 -4.34999 4.8341
    endloop
  endfacet
  facet normal -0.706017 -0.0555588 0.706012
    outer loop
      vertex -5.91558 -4.40039 4.84044
      vertex -6.74998 -4.34999 4.01
      vertex -6.72659 -4.64722 4.01
    endloop
  endfacet
  facet normal -0.972377 -0.233417 0
    outer loop
      vertex -8.657 -6.93712 0.4
      vertex -8.72659 -6.64722 0.41
      vertex -8.72659 -6.64722 0.4
    endloop
  endfacet
  facet normal -0.972377 -0.233417 0
    outer loop
      vertex -8.72659 -6.64722 0.41
      vertex -8.657 -6.93712 0.4
      vertex -8.657 -6.93712 0.41
    endloop
  endfacet
  facet normal -0.0555026 0.706017 0.706017
    outer loop
      vertex -4.84999 6.24998 4.01
      vertex -4.87365 5.43806 4.82006
      vertex -4.84999 5.44325 4.81673
    endloop
  endfacet
  facet normal -0.0552497 0.706023 0.70603
    outer loop
      vertex -4.87365 5.43806 4.82006
      vertex -4.84999 6.24998 4.01
      vertex -4.89269 5.43389 4.82274
    endloop
  endfacet
  facet normal -0.055756 0.706016 0.705997
    outer loop
      vertex -4.84999 6.24998 4.01
      vertex -4.9051 5.43107 4.82458
      vertex -4.89269 5.43389 4.82274
    endloop
  endfacet
  facet normal -0.0555588 0.706018 0.706012
    outer loop
      vertex -4.9051 5.43107 4.82458
      vertex -4.84999 6.24998 4.01
      vertex -5.14722 6.22659 4.01
    endloop
  endfacet
  facet normal -0.330463 0.618297 -0.713094
    outer loop
      vertex -7.68335 7.5972 0
      vertex -7.71257 8.04291 0.4
      vertex -7.42401 7.73581 0
    endloop
  endfacet
  facet normal -0.652126 0.270107 0.708359
    outer loop
      vertex -6.657 4.93712 4.01
      vertex -5.83843 4.66162 4.86864
      vertex -6.54291 5.21257 4.01
    endloop
  endfacet
  facet normal -0.652076 0.270243 0.708354
    outer loop
      vertex -5.83843 4.66162 4.86864
      vertex -6.657 4.93712 4.01
      vertex -5.85708 4.62367 4.86595
    endloop
  endfacet
  facet normal 0.74768 0.309685 0.587426
    outer loop
      vertex 6.54291 5.21257 4.01
      vertex 8.657 6.93712 0.41
      vertex 8.54291 7.21257 0.41
    endloop
  endfacet
  facet normal 0.74768 0.309685 0.587426
    outer loop
      vertex 8.657 6.93712 0.41
      vertex 6.54291 5.21257 4.01
      vertex 6.657 4.93712 4.01
    endloop
  endfacet
  facet normal 0.0555593 -0.706023 -0.706006
    outer loop
      vertex 7.14722 -8.22659 0.4
      vertex 6.84999 -8.24998 0.4
      vertex 6.84999 -7.84999 0
    endloop
  endfacet
  facet normal 0.272574 -0.658082 -0.701877
    outer loop
      vertex 7.43712 -8.157 0.4
      vertex 7.42401 -7.73581 0
      vertex 7.71257 -8.04291 0.4
    endloop
  endfacet
  facet normal 0.0689663 -0.700264 -0.710545
    outer loop
      vertex 7.14722 -8.22659 0.4
      vertex 6.84999 -7.84999 0
      vertex 7.14262 -7.82117 0
    endloop
  endfacet
  facet normal 0.309685 -0.74768 0.587426
    outer loop
      vertex 7.43712 -8.157 0.41
      vertex 5.71257 -6.04291 4.01
      vertex 5.43712 -6.157 4.01
    endloop
  endfacet
  facet normal 0.309685 -0.74768 0.587426
    outer loop
      vertex 5.71257 -6.04291 4.01
      vertex 7.43712 -8.157 0.41
      vertex 7.71257 -8.04291 0.41
    endloop
  endfacet
  facet normal 0.53851 0.459914 -0.706036
    outer loop
      vertex 8.38713 7.46678 0.4
      vertex 7.91064 7.41064 0
      vertex 8.1935 7.6935 0.4
    endloop
  endfacet
  facet normal 0.0555026 -0.706017 0.706017
    outer loop
      vertex 4.84999 -6.24998 4.01
      vertex 4.87365 -5.43806 4.82006
      vertex 4.84999 -5.44325 4.81673
    endloop
  endfacet
  facet normal 0.0552497 -0.706023 0.70603
    outer loop
      vertex 4.87365 -5.43806 4.82006
      vertex 4.84999 -6.24998 4.01
      vertex 4.89269 -5.43389 4.82274
    endloop
  endfacet
  facet normal 0.055756 -0.706016 0.705997
    outer loop
      vertex 4.84999 -6.24998 4.01
      vertex 4.9051 -5.43107 4.82458
      vertex 4.89269 -5.43389 4.82274
    endloop
  endfacet
  facet normal 0.0555588 -0.706018 0.706012
    outer loop
      vertex 4.9051 -5.43107 4.82458
      vertex 4.84999 -6.24998 4.01
      vertex 5.14722 -6.22659 4.01
    endloop
  endfacet
  facet normal 0.233417 -0.972377 0
    outer loop
      vertex 7.14722 -8.22659 0.4
      vertex 7.43712 -8.157 0.41
      vertex 7.14722 -8.22659 0.41
    endloop
  endfacet
  facet normal 0.233417 -0.972377 0
    outer loop
      vertex 7.43712 -8.157 0.41
      vertex 7.14722 -8.22659 0.4
      vertex 7.43712 -8.157 0.4
    endloop
  endfacet
  facet normal -0.382669 -0.923886 0
    outer loop
      vertex -7.71257 -8.04291 0.4
      vertex -7.43712 -8.157 0.41
      vertex -7.71257 -8.04291 0.41
    endloop
  endfacet
  facet normal -0.382669 -0.923886 -0
    outer loop
      vertex -7.43712 -8.157 0.41
      vertex -7.71257 -8.04291 0.4
      vertex -7.43712 -8.157 0.4
    endloop
  endfacet
  facet normal -0.272574 -0.658082 -0.701877
    outer loop
      vertex -7.43712 -8.157 0.4
      vertex -7.71257 -8.04291 0.4
      vertex -7.42401 -7.73581 0
    endloop
  endfacet
  facet normal 0.0555593 0.706023 -0.706006
    outer loop
      vertex 7.14722 8.22659 0.4
      vertex 6.84999 7.84999 0
      vertex 6.84999 8.24998 0.4
    endloop
  endfacet
  facet normal -0.511273 -0.598646 0.616622
    outer loop
      vertex -6.1935 -5.6935 4.01
      vertex -7.96678 -7.88713 0.41
      vertex -5.96678 -5.88713 4.01
    endloop
  endfacet
  facet normal -0.511273 -0.598646 0.616622
    outer loop
      vertex -7.96678 -7.88713 0.41
      vertex -6.1935 -5.6935 4.01
      vertex -8.1935 -7.6935 0.41
    endloop
  endfacet
  facet normal -0.760418 -0.649434 0
    outer loop
      vertex -8.1935 -7.6935 0.4
      vertex -8.38713 -7.46678 0.41
      vertex -8.38713 -7.46678 0.4
    endloop
  endfacet
  facet normal -0.760418 -0.649434 0
    outer loop
      vertex -8.38713 -7.46678 0.41
      vertex -8.1935 -7.6935 0.4
      vertex -8.1935 -7.6935 0.41
    endloop
  endfacet
  facet normal -0.166025 -0.69163 -0.702911
    outer loop
      vertex -7.14722 -8.22659 0.4
      vertex -7.43712 -8.157 0.4
      vertex -7.14262 -7.82117 0
    endloop
  endfacet
  facet normal -0.0689663 -0.700264 -0.710545
    outer loop
      vertex -6.84999 -7.84999 0
      vertex -7.14722 -8.22659 0.4
      vertex -7.14262 -7.82117 0
    endloop
  endfacet
  facet normal 0.658082 -0.272574 -0.701877
    outer loop
      vertex 8.54291 -7.21257 0.4
      vertex 8.23581 -6.92401 0
      vertex 8.657 -6.93712 0.4
    endloop
  endfacet
  facet normal -0.69163 -0.166025 -0.702911
    outer loop
      vertex -8.657 -6.93712 0.4
      vertex -8.72659 -6.64722 0.4
      vertex -8.32117 -6.64262 0
    endloop
  endfacet
  facet normal -0.670882 -0.203513 -0.713092
    outer loop
      vertex -8.23581 -6.92401 0
      vertex -8.657 -6.93712 0.4
      vertex -8.32117 -6.64262 0
    endloop
  endfacet
  facet normal -0.85264 -0.522498 0
    outer loop
      vertex -8.38713 -7.46678 0.4
      vertex -8.54291 -7.21257 0.41
      vertex -8.54291 -7.21257 0.4
    endloop
  endfacet
  facet normal -0.85264 -0.522498 0
    outer loop
      vertex -8.54291 -7.21257 0.41
      vertex -8.38713 -7.46678 0.4
      vertex -8.38713 -7.46678 0.41
    endloop
  endfacet
  facet normal 0.654637 0.271148 0.705641
    outer loop
      vertex 5.81565 4.71976 4.87406
      vertex 6.657 4.93712 4.01
      vertex 6.54291 5.21257 4.01
    endloop
  endfacet
  facet normal 0.654668 0.271055 0.705648
    outer loop
      vertex 6.657 4.93712 4.01
      vertex 5.81565 4.71976 4.87406
      vertex 5.83365 4.68308 4.87145
    endloop
  endfacet
  facet normal -0.69163 0.166025 -0.702911
    outer loop
      vertex -8.32117 6.64262 0
      vertex -8.72659 6.64722 0.4
      vertex -8.657 6.93712 0.4
    endloop
  endfacet
  facet normal -0.923886 0.382669 0
    outer loop
      vertex -8.657 6.93712 0.4
      vertex -8.54291 7.21257 0.41
      vertex -8.54291 7.21257 0.4
    endloop
  endfacet
  facet normal -0.923886 0.382669 0
    outer loop
      vertex -8.54291 7.21257 0.41
      vertex -8.657 6.93712 0.4
      vertex -8.657 6.93712 0.41
    endloop
  endfacet
  facet normal -0.658082 0.272574 -0.701877
    outer loop
      vertex -8.23581 6.92401 0
      vertex -8.657 6.93712 0.4
      vertex -8.54291 7.21257 0.4
    endloop
  endfacet
  facet normal -0.85582 -0.0673473 0.512871
    outer loop
      vertex -8.74998 -6.34999 0.41
      vertex -6.72659 -4.64722 4.01
      vertex -6.74998 -4.34999 4.01
    endloop
  endfacet
  facet normal -0.85582 -0.0673473 0.512871
    outer loop
      vertex -6.72659 -4.64722 4.01
      vertex -8.74998 -6.34999 0.41
      vertex -8.72659 -6.64722 0.41
    endloop
  endfacet
  facet normal -0.53851 0.459914 -0.706036
    outer loop
      vertex -7.91064 7.41064 0
      vertex -8.38713 7.46678 0.4
      vertex -8.1935 7.6935 0.4
    endloop
  endfacet
  facet normal -0.760418 0.649434 0
    outer loop
      vertex -8.38713 7.46678 0.4
      vertex -8.1935 7.6935 0.41
      vertex -8.1935 7.6935 0.4
    endloop
  endfacet
  facet normal -0.760418 0.649434 0
    outer loop
      vertex -8.1935 7.6935 0.41
      vertex -8.38713 7.46678 0.4
      vertex -8.38713 7.46678 0.41
    endloop
  endfacet
  facet normal -0.382669 0.923886 0
    outer loop
      vertex -7.43712 8.157 0.4
      vertex -7.71257 8.04291 0.41
      vertex -7.43712 8.157 0.41
    endloop
  endfacet
  facet normal -0.382669 0.923886 0
    outer loop
      vertex -7.71257 8.04291 0.41
      vertex -7.43712 8.157 0.4
      vertex -7.71257 8.04291 0.4
    endloop
  endfacet
  facet normal -0.598646 0.511273 0.616622
    outer loop
      vertex -8.38713 7.46678 0.41
      vertex -6.1935 5.6935 4.01
      vertex -8.1935 7.6935 0.41
    endloop
  endfacet
  facet normal -0.598646 0.511273 0.616622
    outer loop
      vertex -6.1935 5.6935 4.01
      vertex -8.38713 7.46678 0.41
      vertex -6.38713 5.46678 4.01
    endloop
  endfacet
  facet normal -0.807864 0.193926 0.55655
    outer loop
      vertex -8.72659 6.64722 0.41
      vertex -6.657 4.93712 4.01
      vertex -8.657 6.93712 0.41
    endloop
  endfacet
  facet normal -0.807864 0.193926 0.55655
    outer loop
      vertex -6.657 4.93712 4.01
      vertex -8.72659 6.64722 0.41
      vertex -6.72659 4.64722 4.01
    endloop
  endfacet
  facet normal -0.689604 0.165423 0.705041
    outer loop
      vertex -6.657 4.93712 4.01
      vertex -5.87004 4.58618 4.86207
      vertex -5.85708 4.62367 4.86595
    endloop
  endfacet
  facet normal -0.689254 0.166448 0.705141
    outer loop
      vertex -6.657 4.93712 4.01
      vertex -5.87137 4.58224 4.8617
      vertex -5.87004 4.58618 4.86207
    endloop
  endfacet
  facet normal -0.68957 0.16553 0.705049
    outer loop
      vertex -5.87137 4.58224 4.8617
      vertex -6.657 4.93712 4.01
      vertex -6.72659 4.64722 4.01
    endloop
  endfacet
  facet normal 0.598646 0.511273 0.616622
    outer loop
      vertex 6.1935 5.6935 4.01
      vertex 8.38713 7.46678 0.41
      vertex 8.1935 7.6935 0.41
    endloop
  endfacet
  facet normal 0.598646 0.511273 0.616622
    outer loop
      vertex 8.38713 7.46678 0.41
      vertex 6.1935 5.6935 4.01
      vertex 6.38713 5.46678 4.01
    endloop
  endfacet
  facet normal 0.677543 0.415199 0.607079
    outer loop
      vertex 6.38713 5.46678 4.01
      vertex 8.54291 7.21257 0.41
      vertex 8.38713 7.46678 0.41
    endloop
  endfacet
  facet normal 0.677543 0.415199 0.607079
    outer loop
      vertex 8.54291 7.21257 0.41
      vertex 6.38713 5.46678 4.01
      vertex 6.54291 5.21257 4.01
    endloop
  endfacet
  facet normal 0.85582 0.0673473 0.512871
    outer loop
      vertex 6.72659 4.64722 4.01
      vertex 8.74998 6.34999 0.41
      vertex 8.72659 6.64722 0.41
    endloop
  endfacet
  facet normal 0.85582 0.0673473 0.512871
    outer loop
      vertex 8.74998 6.34999 0.41
      vertex 6.72659 4.64722 4.01
      vertex 6.74998 4.34999 4.01
    endloop
  endfacet
  facet normal 0.543891 -0.446427 -0.710553
    outer loop
      vertex 8.38713 -7.46678 0.4
      vertex 7.91064 -7.41064 0
      vertex 8.0972 -7.18335 0
    endloop
  endfacet
  facet normal 0.446427 -0.543891 -0.710553
    outer loop
      vertex 7.96678 -7.88713 0.4
      vertex 7.68335 -7.5972 0
      vertex 7.91064 -7.41064 0
    endloop
  endfacet
  facet normal 0.415199 -0.677543 0.607079
    outer loop
      vertex 7.71257 -8.04291 0.41
      vertex 5.96678 -5.88713 4.01
      vertex 5.71257 -6.04291 4.01
    endloop
  endfacet
  facet normal 0.415199 -0.677543 0.607079
    outer loop
      vertex 5.96678 -5.88713 4.01
      vertex 7.71257 -8.04291 0.41
      vertex 7.96678 -7.88713 0.41
    endloop
  endfacet
  facet normal 0.382669 -0.923886 0
    outer loop
      vertex 7.43712 -8.157 0.4
      vertex 7.71257 -8.04291 0.41
      vertex 7.43712 -8.157 0.41
    endloop
  endfacet
  facet normal 0.382669 -0.923886 0
    outer loop
      vertex 7.71257 -8.04291 0.41
      vertex 7.43712 -8.157 0.4
      vertex 7.71257 -8.04291 0.4
    endloop
  endfacet
  facet normal 0.0673473 -0.85582 0.512871
    outer loop
      vertex 6.84999 -8.24998 0.41
      vertex 5.14722 -6.22659 4.01
      vertex 4.84999 -6.24998 4.01
    endloop
  endfacet
  facet normal 0.0673473 -0.85582 0.512871
    outer loop
      vertex 5.14722 -6.22659 4.01
      vertex 6.84999 -8.24998 0.41
      vertex 7.14722 -8.22659 0.41
    endloop
  endfacet
  facet normal -0.415199 -0.677543 0.607079
    outer loop
      vertex -7.71257 -8.04291 0.41
      vertex -5.96678 -5.88713 4.01
      vertex -7.96678 -7.88713 0.41
    endloop
  endfacet
  facet normal -0.415199 -0.677543 0.607079
    outer loop
      vertex -5.96678 -5.88713 4.01
      vertex -7.71257 -8.04291 0.41
      vertex -5.71257 -6.04291 4.01
    endloop
  endfacet
  facet normal 0.382669 0.923886 -0
    outer loop
      vertex 7.71257 8.04291 0.4
      vertex 7.43712 8.157 0.41
      vertex 7.71257 8.04291 0.41
    endloop
  endfacet
  facet normal 0.382669 0.923886 0
    outer loop
      vertex 7.43712 8.157 0.41
      vertex 7.71257 8.04291 0.4
      vertex 7.43712 8.157 0.4
    endloop
  endfacet
  facet normal 0.0784507 0.996918 -0
    outer loop
      vertex 7.14722 8.22659 0.4
      vertex 6.84999 8.24998 0.41
      vertex 7.14722 8.22659 0.41
    endloop
  endfacet
  facet normal 0.0784507 0.996918 0
    outer loop
      vertex 6.84999 8.24998 0.41
      vertex 7.14722 8.22659 0.4
      vertex 6.84999 8.24998 0.4
    endloop
  endfacet
  facet normal -0.53851 -0.459914 -0.706036
    outer loop
      vertex -8.1935 -7.6935 0.4
      vertex -8.38713 -7.46678 0.4
      vertex -7.91064 -7.41064 0
    endloop
  endfacet
  facet normal -0.459914 -0.53851 -0.706036
    outer loop
      vertex -7.96678 -7.88713 0.4
      vertex -8.1935 -7.6935 0.4
      vertex -7.91064 -7.41064 0
    endloop
  endfacet
  facet normal -1 0 0
    outer loop
      vertex -8.74998 -6.34999 0.4
      vertex -8.74998 6.34999 0.41
      vertex -8.74998 6.34999 0.4
    endloop
  endfacet
  facet normal -1 -0 0
    outer loop
      vertex -8.74998 6.34999 0.41
      vertex -8.74998 -6.34999 0.4
      vertex -8.74998 -6.34999 0.41
    endloop
  endfacet
  facet normal -0.606462 0.37164 -0.702914
    outer loop
      vertex -8.0972 7.18335 0
      vertex -8.54291 7.21257 0.4
      vertex -8.38713 7.46678 0.4
    endloop
  endfacet
  facet normal -0.618297 0.330463 -0.713094
    outer loop
      vertex -8.23581 6.92401 0
      vertex -8.54291 7.21257 0.4
      vertex -8.0972 7.18335 0
    endloop
  endfacet
  facet normal 0.37164 0.606462 -0.702914
    outer loop
      vertex 7.96678 7.88713 0.4
      vertex 7.68335 7.5972 0
      vertex 7.71257 8.04291 0.4
    endloop
  endfacet
  facet normal 0.923886 0.382669 0
    outer loop
      vertex 8.657 6.93712 0.41
      vertex 8.54291 7.21257 0.4
      vertex 8.54291 7.21257 0.41
    endloop
  endfacet
  facet normal 0.923886 0.382669 0
    outer loop
      vertex 8.54291 7.21257 0.4
      vertex 8.657 6.93712 0.41
      vertex 8.657 6.93712 0.4
    endloop
  endfacet
  facet normal 1 -0 0
    outer loop
      vertex 8.74998 -6.34999 0.41
      vertex 8.74998 6.34999 0.4
      vertex 8.74998 6.34999 0.41
    endloop
  endfacet
  facet normal 1 0 0
    outer loop
      vertex 8.74998 6.34999 0.4
      vertex 8.74998 -6.34999 0.41
      vertex 8.74998 -6.34999 0.4
    endloop
  endfacet
  facet normal 0.330463 -0.618297 -0.713094
    outer loop
      vertex 7.71257 -8.04291 0.4
      vertex 7.42401 -7.73581 0
      vertex 7.68335 -7.5972 0
    endloop
  endfacet
  facet normal 0.606462 -0.37164 -0.702914
    outer loop
      vertex 8.38713 -7.46678 0.4
      vertex 8.0972 -7.18335 0
      vertex 8.54291 -7.21257 0.4
    endloop
  endfacet
  facet normal 0.37164 -0.606462 -0.702914
    outer loop
      vertex 7.71257 -8.04291 0.4
      vertex 7.68335 -7.5972 0
      vertex 7.96678 -7.88713 0.4
    endloop
  endfacet
  facet normal 0.415199 0.677543 0.607079
    outer loop
      vertex 7.71257 8.04291 0.41
      vertex 5.96678 5.88713 4.01
      vertex 7.96678 7.88713 0.41
    endloop
  endfacet
  facet normal 0.415199 0.677543 0.607079
    outer loop
      vertex 5.96678 5.88713 4.01
      vertex 7.71257 8.04291 0.41
      vertex 5.71257 6.04291 4.01
    endloop
  endfacet
  facet normal 0.522498 0.85264 -0
    outer loop
      vertex 7.96678 7.88713 0.4
      vertex 7.71257 8.04291 0.41
      vertex 7.96678 7.88713 0.41
    endloop
  endfacet
  facet normal 0.522498 0.85264 0
    outer loop
      vertex 7.71257 8.04291 0.41
      vertex 7.96678 7.88713 0.4
      vertex 7.71257 8.04291 0.4
    endloop
  endfacet
  facet normal 0.193926 0.807864 0.55655
    outer loop
      vertex 7.14722 8.22659 0.41
      vertex 5.43712 6.157 4.01
      vertex 7.43712 8.157 0.41
    endloop
  endfacet
  facet normal 0.193926 0.807864 0.55655
    outer loop
      vertex 5.43712 6.157 4.01
      vertex 7.14722 8.22659 0.41
      vertex 5.14722 6.22659 4.01
    endloop
  endfacet
  facet normal 0.760418 0.649434 0
    outer loop
      vertex 8.38713 7.46678 0.41
      vertex 8.1935 7.6935 0.4
      vertex 8.1935 7.6935 0.41
    endloop
  endfacet
  facet normal 0.760418 0.649434 0
    outer loop
      vertex 8.1935 7.6935 0.4
      vertex 8.38713 7.46678 0.41
      vertex 8.38713 7.46678 0.4
    endloop
  endfacet
  facet normal 0.874157 -0 0.485643
    outer loop
      vertex 6.74998 -4.34999 4.01
      vertex 8.74998 6.34999 0.41
      vertex 6.74998 4.34999 4.01
    endloop
  endfacet
  facet normal 0.874157 0 0.485643
    outer loop
      vertex 8.74998 6.34999 0.41
      vertex 6.74998 -4.34999 4.01
      vertex 8.74998 -6.34999 0.41
    endloop
  endfacet
  facet normal 0.996918 0.0784507 0
    outer loop
      vertex 8.74998 6.34999 0.41
      vertex 8.72659 6.64722 0.4
      vertex 8.72659 6.64722 0.41
    endloop
  endfacet
  facet normal 0.996918 0.0784507 0
    outer loop
      vertex 8.72659 6.64722 0.4
      vertex 8.74998 6.34999 0.41
      vertex 8.74998 6.34999 0.4
    endloop
  endfacet
  facet normal 0.74768 -0.309685 0.587426
    outer loop
      vertex 6.54291 -5.21257 4.01
      vertex 8.657 -6.93712 0.41
      vertex 6.657 -4.93712 4.01
    endloop
  endfacet
  facet normal 0.74768 -0.309685 0.587426
    outer loop
      vertex 8.657 -6.93712 0.41
      vertex 6.54291 -5.21257 4.01
      vertex 8.54291 -7.21257 0.41
    endloop
  endfacet
  facet normal 0.700264 0.0689663 -0.710545
    outer loop
      vertex 8.34999 6.34999 0
      vertex 8.32117 6.64262 0
      vertex 8.72659 6.64722 0.4
    endloop
  endfacet
  facet normal 0 0 -1
    outer loop
      vertex 8.157 -6.43712 0
      vertex 8.34999 -6.34999 0
      vertex 8.32117 -6.64262 0
    endloop
  endfacet
  facet normal 0 0 -1
    outer loop
      vertex 8.34999 -6.34999 0
      vertex 8.24998 -5.84999 0
      vertex 8.34999 6.34999 0
    endloop
  endfacet
  facet normal 0 0 -1
    outer loop
      vertex 8.24998 5.84999 0
      vertex 8.34999 6.34999 0
      vertex 8.24998 -5.84999 0
    endloop
  endfacet
  facet normal 0 0 -1
    outer loop
      vertex 8.04291 -6.71257 0
      vertex 8.32117 -6.64262 0
      vertex 8.23581 -6.92401 0
    endloop
  endfacet
  facet normal 0 0 -1
    outer loop
      vertex 8.34999 -6.34999 0
      vertex 8.22659 -6.14722 0
      vertex 8.24998 -5.84999 0
    endloop
  endfacet
  facet normal -0 0 -1
    outer loop
      vertex 8.34999 -6.34999 0
      vertex 8.157 -6.43712 0
      vertex 8.22659 -6.14722 0
    endloop
  endfacet
  facet normal 0 0 -1
    outer loop
      vertex 7.88713 -6.96678 0
      vertex 8.23581 -6.92401 0
      vertex 8.0972 -7.18335 0
    endloop
  endfacet
  facet normal -0 0 -1
    outer loop
      vertex 8.32117 -6.64262 0
      vertex 8.04291 -6.71257 0
      vertex 8.157 -6.43712 0
    endloop
  endfacet
  facet normal 0 0 -1
    outer loop
      vertex 7.6935 -7.1935 0
      vertex 8.0972 -7.18335 0
      vertex 7.91064 -7.41064 0
    endloop
  endfacet
  facet normal -0 0 -1
    outer loop
      vertex 8.23581 -6.92401 0
      vertex 7.88713 -6.96678 0
      vertex 8.04291 -6.71257 0
    endloop
  endfacet
  facet normal -0 0 -1
    outer loop
      vertex 8.0972 -7.18335 0
      vertex 7.6935 -7.1935 0
      vertex 7.88713 -6.96678 0
    endloop
  endfacet
  facet normal 0 0 -1
    outer loop
      vertex 7.68335 -7.5972 0
      vertex 7.6935 -7.1935 0
      vertex 7.91064 -7.41064 0
    endloop
  endfacet
  facet normal 0 0 -1
    outer loop
      vertex 7.68335 -7.5972 0
      vertex 7.46678 -7.38713 0
      vertex 7.6935 -7.1935 0
    endloop
  endfacet
  facet normal 0 0 -1
    outer loop
      vertex 7.42401 -7.73581 0
      vertex 7.46678 -7.38713 0
      vertex 7.68335 -7.5972 0
    endloop
  endfacet
  facet normal 0 0 -1
    outer loop
      vertex 7.42401 -7.73581 0
      vertex 7.21257 -7.54291 0
      vertex 7.46678 -7.38713 0
    endloop
  endfacet
  facet normal 0 0 -1
    outer loop
      vertex 7.14262 -7.82117 0
      vertex 7.21257 -7.54291 0
      vertex 7.42401 -7.73581 0
    endloop
  endfacet
  facet normal 0 0 -1
    outer loop
      vertex 7.14262 -7.82117 0
      vertex 6.93712 -7.657 0
      vertex 7.21257 -7.54291 0
    endloop
  endfacet
  facet normal 0 0 -1
    outer loop
      vertex 6.84999 -7.84999 0
      vertex 6.93712 -7.657 0
      vertex 7.14262 -7.82117 0
    endloop
  endfacet
  facet normal 0 0 -1
    outer loop
      vertex 6.84999 -7.84999 0
      vertex 6.64722 -7.72659 0
      vertex 6.93712 -7.657 0
    endloop
  endfacet
  facet normal 0 0 -1
    outer loop
      vertex 6.84999 -7.84999 0
      vertex 6.34999 -7.74998 0
      vertex 6.64722 -7.72659 0
    endloop
  endfacet
  facet normal 0 0 -1
    outer loop
      vertex 6.84999 -7.84999 0
      vertex -6.34999 -7.74998 0
      vertex 6.34999 -7.74998 0
    endloop
  endfacet
  facet normal 0 0 -1
    outer loop
      vertex -6.84999 -7.84999 0
      vertex -6.34999 -7.74998 0
      vertex 6.84999 -7.84999 0
    endloop
  endfacet
  facet normal 0 0 -1
    outer loop
      vertex -6.84999 -7.84999 0
      vertex -6.64722 -7.72659 0
      vertex -6.34999 -7.74998 0
    endloop
  endfacet
  facet normal 0 0 -1
    outer loop
      vertex -6.84999 -7.84999 0
      vertex -6.93712 -7.657 0
      vertex -6.64722 -7.72659 0
    endloop
  endfacet
  facet normal 0 0 -1
    outer loop
      vertex -7.14262 -7.82117 0
      vertex -6.93712 -7.657 0
      vertex -6.84999 -7.84999 0
    endloop
  endfacet
  facet normal 0 0 -1
    outer loop
      vertex -7.14262 -7.82117 0
      vertex -7.21257 -7.54291 0
      vertex -6.93712 -7.657 0
    endloop
  endfacet
  facet normal 0 0 -1
    outer loop
      vertex -7.42401 -7.73581 0
      vertex -7.21257 -7.54291 0
      vertex -7.14262 -7.82117 0
    endloop
  endfacet
  facet normal 0 0 -1
    outer loop
      vertex -7.42401 -7.73581 0
      vertex -7.46678 -7.38713 0
      vertex -7.21257 -7.54291 0
    endloop
  endfacet
  facet normal 0 0 -1
    outer loop
      vertex -7.68335 -7.5972 0
      vertex -7.46678 -7.38713 0
      vertex -7.42401 -7.73581 0
    endloop
  endfacet
  facet normal 0 0 -1
    outer loop
      vertex -7.68335 -7.5972 0
      vertex -7.6935 -7.1935 0
      vertex -7.46678 -7.38713 0
    endloop
  endfacet
  facet normal 0 0 -1
    outer loop
      vertex -7.91064 -7.41064 0
      vertex -7.6935 -7.1935 0
      vertex -7.68335 -7.5972 0
    endloop
  endfacet
  facet normal 0 0 -1
    outer loop
      vertex -8.0972 -7.18335 0
      vertex -7.6935 -7.1935 0
      vertex -7.91064 -7.41064 0
    endloop
  endfacet
  facet normal 0 0 -1
    outer loop
      vertex -7.6935 -7.1935 0
      vertex -8.0972 -7.18335 0
      vertex -7.88713 -6.96678 0
    endloop
  endfacet
  facet normal 0 0 -1
    outer loop
      vertex -8.23581 -6.92401 0
      vertex -7.88713 -6.96678 0
      vertex -8.0972 -7.18335 0
    endloop
  endfacet
  facet normal 0 0 -1
    outer loop
      vertex -7.88713 -6.96678 0
      vertex -8.23581 -6.92401 0
      vertex -8.04291 -6.71257 0
    endloop
  endfacet
  facet normal 0 0 -1
    outer loop
      vertex -8.32117 -6.64262 0
      vertex -8.04291 -6.71257 0
      vertex -8.23581 -6.92401 0
    endloop
  endfacet
  facet normal 0 0 -1
    outer loop
      vertex -8.04291 -6.71257 0
      vertex -8.32117 -6.64262 0
      vertex -8.157 -6.43712 0
    endloop
  endfacet
  facet normal 0 0 -1
    outer loop
      vertex -8.34999 -6.34999 0
      vertex -8.157 -6.43712 0
      vertex -8.32117 -6.64262 0
    endloop
  endfacet
  facet normal -0 0 -1
    outer loop
      vertex -8.22659 -6.14722 0
      vertex -8.34999 -6.34999 0
      vertex -8.24998 -5.84999 0
    endloop
  endfacet
  facet normal 0 0 -1
    outer loop
      vertex -8.157 -6.43712 0
      vertex -8.34999 -6.34999 0
      vertex -8.22659 -6.14722 0
    endloop
  endfacet
  facet normal 0 0 -1
    outer loop
      vertex 8.22659 6.14722 0
      vertex 8.34999 6.34999 0
      vertex 8.24998 5.84999 0
    endloop
  endfacet
  facet normal 0 0 -1
    outer loop
      vertex 8.157 6.43712 0
      vertex 8.34999 6.34999 0
      vertex 8.22659 6.14722 0
    endloop
  endfacet
  facet normal 0 0 -1
    outer loop
      vertex 8.34999 6.34999 0
      vertex 8.157 6.43712 0
      vertex 8.32117 6.64262 0
    endloop
  endfacet
  facet normal 0 0 -1
    outer loop
      vertex 8.04291 6.71257 0
      vertex 8.32117 6.64262 0
      vertex 8.157 6.43712 0
    endloop
  endfacet
  facet normal 0 0 -1
    outer loop
      vertex 8.32117 6.64262 0
      vertex 8.04291 6.71257 0
      vertex 8.23581 6.92401 0
    endloop
  endfacet
  facet normal 0 0 -1
    outer loop
      vertex 7.88713 6.96678 0
      vertex 8.23581 6.92401 0
      vertex 8.04291 6.71257 0
    endloop
  endfacet
  facet normal 0 0 -1
    outer loop
      vertex 8.23581 6.92401 0
      vertex 7.88713 6.96678 0
      vertex 8.0972 7.18335 0
    endloop
  endfacet
  facet normal 0 0 -1
    outer loop
      vertex 7.6935 7.1935 0
      vertex 8.0972 7.18335 0
      vertex 7.88713 6.96678 0
    endloop
  endfacet
  facet normal 0 0 -1
    outer loop
      vertex 8.0972 7.18335 0
      vertex 7.6935 7.1935 0
      vertex 7.91064 7.41064 0
    endloop
  endfacet
  facet normal 0 0 -1
    outer loop
      vertex 7.6935 7.1935 0
      vertex 7.68335 7.5972 0
      vertex 7.91064 7.41064 0
    endloop
  endfacet
  facet normal 0 0 -1
    outer loop
      vertex 7.46678 7.38713 0
      vertex 7.68335 7.5972 0
      vertex 7.6935 7.1935 0
    endloop
  endfacet
  facet normal 0 0 -1
    outer loop
      vertex 7.46678 7.38713 0
      vertex 7.42401 7.73581 0
      vertex 7.68335 7.5972 0
    endloop
  endfacet
  facet normal 0 0 -1
    outer loop
      vertex 7.21257 7.54291 0
      vertex 7.42401 7.73581 0
      vertex 7.46678 7.38713 0
    endloop
  endfacet
  facet normal 0 0 -1
    outer loop
      vertex 7.21257 7.54291 0
      vertex 7.14262 7.82117 0
      vertex 7.42401 7.73581 0
    endloop
  endfacet
  facet normal 0 0 -1
    outer loop
      vertex 6.93712 7.657 0
      vertex 7.14262 7.82117 0
      vertex 7.21257 7.54291 0
    endloop
  endfacet
  facet normal 0 0 -1
    outer loop
      vertex 6.93712 7.657 0
      vertex 6.84999 7.84999 0
      vertex 7.14262 7.82117 0
    endloop
  endfacet
  facet normal 0 0 -1
    outer loop
      vertex 6.64722 7.72659 0
      vertex 6.84999 7.84999 0
      vertex 6.93712 7.657 0
    endloop
  endfacet
  facet normal 0 0 -1
    outer loop
      vertex 6.34999 7.74998 0
      vertex 6.84999 7.84999 0
      vertex 6.64722 7.72659 0
    endloop
  endfacet
  facet normal 0 0 -1
    outer loop
      vertex -6.34999 7.74998 0
      vertex 6.84999 7.84999 0
      vertex 6.34999 7.74998 0
    endloop
  endfacet
  facet normal 0 0 -1
    outer loop
      vertex -6.34999 7.74998 0
      vertex -6.84999 7.84999 0
      vertex 6.84999 7.84999 0
    endloop
  endfacet
  facet normal 0 0 -1
    outer loop
      vertex -6.64722 7.72659 0
      vertex -6.84999 7.84999 0
      vertex -6.34999 7.74998 0
    endloop
  endfacet
  facet normal 0 0 -1
    outer loop
      vertex -6.93712 7.657 0
      vertex -6.84999 7.84999 0
      vertex -6.64722 7.72659 0
    endloop
  endfacet
  facet normal 0 0 -1
    outer loop
      vertex -6.93712 7.657 0
      vertex -7.14262 7.82117 0
      vertex -6.84999 7.84999 0
    endloop
  endfacet
  facet normal 0 0 -1
    outer loop
      vertex -7.21257 7.54291 0
      vertex -7.14262 7.82117 0
      vertex -6.93712 7.657 0
    endloop
  endfacet
  facet normal 0 0 -1
    outer loop
      vertex -7.21257 7.54291 0
      vertex -7.42401 7.73581 0
      vertex -7.14262 7.82117 0
    endloop
  endfacet
  facet normal 0 0 -1
    outer loop
      vertex -7.46678 7.38713 0
      vertex -7.42401 7.73581 0
      vertex -7.21257 7.54291 0
    endloop
  endfacet
  facet normal 0 0 -1
    outer loop
      vertex -7.46678 7.38713 0
      vertex -7.68335 7.5972 0
      vertex -7.42401 7.73581 0
    endloop
  endfacet
  facet normal 0 0 -1
    outer loop
      vertex -7.6935 7.1935 0
      vertex -7.68335 7.5972 0
      vertex -7.46678 7.38713 0
    endloop
  endfacet
  facet normal 0 0 -1
    outer loop
      vertex -8.0972 7.18335 0
      vertex -7.6935 7.1935 0
      vertex -7.88713 6.96678 0
    endloop
  endfacet
  facet normal 0 0 -1
    outer loop
      vertex -7.6935 7.1935 0
      vertex -7.91064 7.41064 0
      vertex -7.68335 7.5972 0
    endloop
  endfacet
  facet normal 0 0 -1
    outer loop
      vertex -8.23581 6.92401 0
      vertex -7.88713 6.96678 0
      vertex -8.04291 6.71257 0
    endloop
  endfacet
  facet normal -0 0 -1
    outer loop
      vertex -7.6935 7.1935 0
      vertex -8.0972 7.18335 0
      vertex -7.91064 7.41064 0
    endloop
  endfacet
  facet normal 0 0 -1
    outer loop
      vertex -8.32117 6.64262 0
      vertex -8.04291 6.71257 0
      vertex -8.157 6.43712 0
    endloop
  endfacet
  facet normal 0 0 -1
    outer loop
      vertex -8.34999 6.34999 0
      vertex -8.157 6.43712 0
      vertex -8.22659 6.14722 0
    endloop
  endfacet
  facet normal -0 0 -1
    outer loop
      vertex -7.88713 6.96678 0
      vertex -8.23581 6.92401 0
      vertex -8.0972 7.18335 0
    endloop
  endfacet
  facet normal 0 0 -1
    outer loop
      vertex -8.34999 6.34999 0
      vertex -8.22659 6.14722 0
      vertex -8.24998 5.84999 0
    endloop
  endfacet
  facet normal -0 0 -1
    outer loop
      vertex -8.04291 6.71257 0
      vertex -8.32117 6.64262 0
      vertex -8.23581 6.92401 0
    endloop
  endfacet
  facet normal -0 0 -1
    outer loop
      vertex -8.24998 -5.84999 0
      vertex -8.34999 -6.34999 0
      vertex -8.24998 5.84999 0
    endloop
  endfacet
  facet normal 0 0 -1
    outer loop
      vertex -8.34999 6.34999 0
      vertex -8.24998 5.84999 0
      vertex -8.34999 -6.34999 0
    endloop
  endfacet
  facet normal -0 0 -1
    outer loop
      vertex -8.157 6.43712 0
      vertex -8.34999 6.34999 0
      vertex -8.32117 6.64262 0
    endloop
  endfacet
  facet normal 0.618297 -0.330463 -0.713094
    outer loop
      vertex 8.54291 -7.21257 0.4
      vertex 8.0972 -7.18335 0
      vertex 8.23581 -6.92401 0
    endloop
  endfacet
  facet normal 0.670882 -0.203513 -0.713092
    outer loop
      vertex 8.657 -6.93712 0.4
      vertex 8.23581 -6.92401 0
      vertex 8.32117 -6.64262 0
    endloop
  endfacet
  facet normal 0.649434 -0.760418 0
    outer loop
      vertex 7.96678 -7.88713 0.4
      vertex 8.1935 -7.6935 0.41
      vertex 7.96678 -7.88713 0.41
    endloop
  endfacet
  facet normal 0.649434 -0.760418 0
    outer loop
      vertex 8.1935 -7.6935 0.41
      vertex 7.96678 -7.88713 0.4
      vertex 8.1935 -7.6935 0.4
    endloop
  endfacet
  facet normal 0.459914 0.53851 -0.706036
    outer loop
      vertex 8.1935 7.6935 0.4
      vertex 7.91064 7.41064 0
      vertex 7.96678 7.88713 0.4
    endloop
  endfacet
  facet normal 0.649434 0.760418 -0
    outer loop
      vertex 8.1935 7.6935 0.4
      vertex 7.96678 7.88713 0.41
      vertex 8.1935 7.6935 0.41
    endloop
  endfacet
  facet normal 0.649434 0.760418 0
    outer loop
      vertex 7.96678 7.88713 0.41
      vertex 8.1935 7.6935 0.4
      vertex 7.96678 7.88713 0.4
    endloop
  endfacet
  facet normal 0.618297 0.330463 -0.713094
    outer loop
      vertex 8.23581 6.92401 0
      vertex 8.0972 7.18335 0
      vertex 8.54291 7.21257 0.4
    endloop
  endfacet
  facet normal 0.972377 0.233417 0
    outer loop
      vertex 8.72659 6.64722 0.41
      vertex 8.657 6.93712 0.4
      vertex 8.657 6.93712 0.41
    endloop
  endfacet
  facet normal 0.972377 0.233417 0
    outer loop
      vertex 8.657 6.93712 0.4
      vertex 8.72659 6.64722 0.41
      vertex 8.72659 6.64722 0.4
    endloop
  endfacet
  facet normal 0.69163 -0.166025 -0.702911
    outer loop
      vertex 8.657 -6.93712 0.4
      vertex 8.32117 -6.64262 0
      vertex 8.72659 -6.64722 0.4
    endloop
  endfacet
  facet normal 0.760418 -0.649434 0
    outer loop
      vertex 8.1935 -7.6935 0.41
      vertex 8.38713 -7.46678 0.4
      vertex 8.38713 -7.46678 0.41
    endloop
  endfacet
  facet normal 0.760418 -0.649434 0
    outer loop
      vertex 8.38713 -7.46678 0.4
      vertex 8.1935 -7.6935 0.41
      vertex 8.1935 -7.6935 0.4
    endloop
  endfacet
  facet normal 0.707116 0 -0.707098
    outer loop
      vertex 8.74998 -6.34999 0.4
      vertex 8.34999 6.34999 0
      vertex 8.74998 6.34999 0.4
    endloop
  endfacet
  facet normal 0.707116 0 -0.707098
    outer loop
      vertex 8.34999 6.34999 0
      vertex 8.74998 -6.34999 0.4
      vertex 8.34999 -6.34999 0
    endloop
  endfacet
  facet normal 0.807864 -0.193926 0.55655
    outer loop
      vertex 6.657 -4.93712 4.01
      vertex 8.72659 -6.64722 0.41
      vertex 6.72659 -4.64722 4.01
    endloop
  endfacet
  facet normal 0.807864 -0.193926 0.55655
    outer loop
      vertex 8.72659 -6.64722 0.41
      vertex 6.657 -4.93712 4.01
      vertex 8.657 -6.93712 0.41
    endloop
  endfacet
  facet normal 0.85264 0.522498 0
    outer loop
      vertex 8.54291 7.21257 0.41
      vertex 8.38713 7.46678 0.4
      vertex 8.38713 7.46678 0.41
    endloop
  endfacet
  facet normal 0.85264 0.522498 0
    outer loop
      vertex 8.38713 7.46678 0.4
      vertex 8.54291 7.21257 0.41
      vertex 8.54291 7.21257 0.4
    endloop
  endfacet
  facet normal 0.606462 0.37164 -0.702914
    outer loop
      vertex 8.54291 7.21257 0.4
      vertex 8.0972 7.18335 0
      vertex 8.38713 7.46678 0.4
    endloop
  endfacet
  facet normal 0.543891 0.446427 -0.710553
    outer loop
      vertex 8.0972 7.18335 0
      vertex 7.91064 7.41064 0
      vertex 8.38713 7.46678 0.4
    endloop
  endfacet
  facet normal 0.807864 0.193926 0.55655
    outer loop
      vertex 6.657 4.93712 4.01
      vertex 8.72659 6.64722 0.41
      vertex 8.657 6.93712 0.41
    endloop
  endfacet
  facet normal 0.807864 0.193926 0.55655
    outer loop
      vertex 8.72659 6.64722 0.41
      vertex 6.657 4.93712 4.01
      vertex 6.72659 4.64722 4.01
    endloop
  endfacet
  facet normal 0.85264 -0.522498 0
    outer loop
      vertex 8.38713 -7.46678 0.41
      vertex 8.54291 -7.21257 0.4
      vertex 8.54291 -7.21257 0.41
    endloop
  endfacet
  facet normal 0.85264 -0.522498 0
    outer loop
      vertex 8.54291 -7.21257 0.4
      vertex 8.38713 -7.46678 0.41
      vertex 8.38713 -7.46678 0.4
    endloop
  endfacet
  facet normal 0.972377 -0.233417 0
    outer loop
      vertex 8.657 -6.93712 0.41
      vertex 8.72659 -6.64722 0.4
      vertex 8.72659 -6.64722 0.41
    endloop
  endfacet
  facet normal 0.972377 -0.233417 0
    outer loop
      vertex 8.72659 -6.64722 0.4
      vertex 8.657 -6.93712 0.41
      vertex 8.657 -6.93712 0.4
    endloop
  endfacet
  facet normal 0.996918 -0.0784507 0
    outer loop
      vertex 8.72659 -6.64722 0.41
      vertex 8.74998 -6.34999 0.4
      vertex 8.74998 -6.34999 0.41
    endloop
  endfacet
  facet normal 0.996918 -0.0784507 0
    outer loop
      vertex 8.74998 -6.34999 0.4
      vertex 8.72659 -6.64722 0.41
      vertex 8.72659 -6.64722 0.4
    endloop
  endfacet
  facet normal 0.706023 -0.0555593 -0.706006
    outer loop
      vertex 8.72659 -6.64722 0.4
      vertex 8.34999 -6.34999 0
      vertex 8.74998 -6.34999 0.4
    endloop
  endfacet
  facet normal 0.162138 -0.0622356 0.984804
    outer loop
      vertex -4.11601 1.4981 4.19473
      vertex -4.06122 1.64084 4.19473
      vertex -5.02045 1.82729 4.36444
    endloop
  endfacet
  facet normal 0.104146 0.00911903 0.99452
    outer loop
      vertex -2.42699 -0.255087 3.95655
      vertex -2.43442 -0.170231 3.95655
      vertex -3.39365 -0.356687 4.05871
    endloop
  endfacet
  facet normal -0.109294 -0.134969 0.984804
    outer loop
      vertex 3.43419 4.09271 4.36444
      vertex 3.28926 4.21007 4.36444
      vertex 2.81552 3.3554 4.19473
    endloop
  endfacet
  facet normal 0.1387 0.104519 0.984804
    outer loop
      vertex -3.45162 -2.6967 4.19473
      vertex -3.54363 -2.5746 4.19473
      vertex -4.21007 -3.28926 4.36444
    endloop
  endfacet
  facet normal -0.129951 0.0498808 0.990265
    outer loop
      vertex 4.06122 -1.64084 4.19473
      vertex 4.11601 -1.4981 4.19473
      vertex 3.20655 -1.16709 4.05871
    endloop
  endfacet
  facet normal 0.181869 -0.100818 0.978141
    outer loop
      vertex -4.62687 2.67133 4.36444
      vertex -5.45477 3.14931 4.56764
      vertex -5.56136 2.95703 4.56764
    endloop
  endfacet
  facet normal 0.220164 0.165902 0.961252
    outer loop
      vertex -5.91558 -4.40039 4.84044
      vertex -5.71066 -4.46166 4.80408
      vertex -5.86289 -4.25964 4.80408
    endloop
  endfacet
  facet normal 0.220154 0.165863 0.961261
    outer loop
      vertex -5.71066 -4.46166 4.80408
      vertex -5.91558 -4.40039 4.84044
      vertex -5.88038 -4.5268 4.85419
    endloop
  endfacet
  facet normal 0.220072 0.16594 0.961266
    outer loop
      vertex -5.86289 -4.25964 4.80408
      vertex -5.92589 -4.34999 4.8341
      vertex -5.91558 -4.40039 4.84044
    endloop
  endfacet
  facet normal 0.220137 0.165892 0.961259
    outer loop
      vertex -5.92589 -4.34999 4.8341
      vertex -5.86289 -4.25964 4.80408
      vertex -5.93157 -4.30954 4.82842
    endloop
  endfacet
  facet normal 0.193237 -0.145612 0.970287
    outer loop
      vertex -4.96339 3.87782 4.56764
      vertex -5.71066 4.46166 4.80408
      vertex -5.86289 4.25964 4.80408
    endloop
  endfacet
  facet normal 0.0507815 -0.16608 0.984804
    outer loop
      vertex -1.20734 4.21048 4.19473
      vertex -1.47263 5.13569 4.36444
      vertex -1.65097 5.08116 4.36444
    endloop
  endfacet
  facet normal 0.207657 0.0108831 0.978141
    outer loop
      vertex -6.20846 -0.419319 4.55153
      vertex -5.32964 -0.372684 4.36444
      vertex -5.3394 -0.186456 4.36444
    endloop
  endfacet
  facet normal 0.207674 0.0105499 0.978141
    outer loop
      vertex -5.32964 -0.372684 4.36444
      vertex -6.20846 -0.419319 4.55153
      vertex -6.20832 -0.434128 4.55166
    endloop
  endfacet
  facet normal 0.0390643 -0.169222 0.984804
    outer loop
      vertex -1.05966 4.25006 4.19473
      vertex -0.910687 4.28445 4.19473
      vertex -1.1108 5.2259 4.36444
    endloop
  endfacet
  facet normal 0.180801 -0.207977 0.961279
    outer loop
      vertex -4.84999 5.44325 4.81673
      vertex -4.84914 5.38552 4.80408
      vertex -4.76817 5.45591 4.80408
    endloop
  endfacet
  facet normal 0.180911 -0.207971 0.961259
    outer loop
      vertex -4.84914 5.38552 4.80408
      vertex -4.84999 5.44325 4.81673
      vertex -4.87365 5.43806 4.82006
    endloop
  endfacet
  facet normal -0.00608593 -0.0695058 0.997563
    outer loop
      vertex 0.255087 2.42699 3.95655
      vertex 0.170231 2.43442 3.95655
      vertex 0.102221 1.46184 3.88837
    endloop
  endfacet
  facet normal -0.119315 -0.071689 0.990265
    outer loop
      vertex 3.79333 2.19008 4.19473
      vertex 3.71459 2.32113 4.19473
      vertex 2.95517 1.70617 4.05871
    endloop
  endfacet
  facet normal -0.0457771 -0.0526559 0.997563
    outer loop
      vertex 0.980548 1.08901 3.88837
      vertex 1.56863 1.86942 3.95655
      vertex 0.941945 1.12257 3.88837
    endloop
  endfacet
  facet normal -0.022712 -0.0659713 0.997563
    outer loop
      vertex 0.501198 1.37703 3.88837
      vertex 0.754112 2.32092 3.95655
      vertex 0.452835 1.39368 3.88837
    endloop
  endfacet
  facet normal -0.0349009 0.000609869 0.999391
    outer loop
      vertex 1.46541 0 3.88837
      vertex 0.488667 0 3.85426
      vertex 0.488369 -0.0170536 3.85426
    endloop
  endfacet
  facet normal 0.207656 0.0108842 0.978141
    outer loop
      vertex -6.20846 -0.419319 4.55153
      vertex -5.3394 -0.186456 4.36444
      vertex -6.21031 -0.216868 4.54967
    endloop
  endfacet
  facet normal -0.0396696 0.20412 0.978142
    outer loop
      vertex 1.22773 -5.77601 4.48398
      vertex 1.1108 -5.2259 4.36444
      vertex 1.10112 -5.78025 4.47973
    endloop
  endfacet
  facet normal 0.147039 0.147039 0.978141
    outer loop
      vertex -3.84318 -3.71132 4.36444
      vertex -4.37539 -4.53085 4.56764
      vertex -3.71132 -3.84318 4.36444
    endloop
  endfacet
  facet normal 0.147039 0.147039 0.978141
    outer loop
      vertex -4.37539 -4.53085 4.56764
      vertex -3.84318 -3.71132 4.36444
      vertex -4.53085 -4.37539 4.56764
    endloop
  endfacet
  facet normal 0.19413 -0.0745188 0.978141
    outer loop
      vertex -5.02045 1.82729 4.36444
      vertex -4.95362 2.00139 4.36444
      vertex -5.91878 2.15426 4.56764
    endloop
  endfacet
  facet normal 0.0642281 -0.0272551 0.997563
    outer loop
      vertex -1.3587 0.54895 3.88837
      vertex -1.33872 0.596034 3.88837
      vertex -2.26266 0.914175 3.95655
    endloop
  endfacet
  facet normal -0.0696763 -0.00364501 0.997563
    outer loop
      vertex 2.43887 0.0851669 3.95655
      vertex 2.43442 0.170231 3.95655
      vertex 1.46451 0.0511417 3.88837
    endloop
  endfacet
  facet normal 0.0408467 -0.0962351 0.99452
    outer loop
      vertex -0.992583 2.22938 3.95655
      vertex -0.914175 2.26266 3.95655
      vertex -1.38792 3.11733 4.05871
    endloop
  endfacet
  facet normal 0.127018 -0.118441 0.984804
    outer loop
      vertex -3.15083 3.04272 4.19473
      vertex -3.84318 3.71132 4.36444
      vertex -3.97036 3.57493 4.36444
    endloop
  endfacet
  facet normal -0.0659713 -0.022712 0.997563
    outer loop
      vertex 1.39368 0.452835 3.88837
      vertex 2.32092 0.754112 3.95655
      vertex 1.37703 0.501198 3.88837
    endloop
  endfacet
  facet normal 0.188462 -0.0878753 0.978141
    outer loop
      vertex -4.88075 2.17305 4.36444
      vertex -5.66117 2.76114 4.56764
      vertex -5.75408 2.56188 4.56764
    endloop
  endfacet
  facet normal -0.00909868 -0.173431 0.984804
    outer loop
      vertex 0.305545 4.36949 4.19473
      vertex 0.372684 5.32964 4.36444
      vertex 0.152865 4.3775 4.19473
    endloop
  endfacet
  facet normal 0.0631873 -0.124026 0.990265
    outer loop
      vertex -1.602 3.01292 4.05871
      vertex -1.49587 3.06699 4.05871
      vertex -1.92014 3.93687 4.19473
    endloop
  endfacet
  facet normal -0.0507815 -0.16608 0.984804
    outer loop
      vertex 1.65097 5.08116 4.36444
      vertex 1.47263 5.13569 4.36444
      vertex 1.20734 4.21048 4.19473
    endloop
  endfacet
  facet normal 0.0199559 -0.102623 0.99452
    outer loop
      vertex -0.50738 2.38703 3.95655
      vertex -0.423763 2.40329 3.95655
      vertex -0.592546 3.3605 4.05871
    endloop
  endfacet
  facet normal -0.0798454 0.114018 0.990265
    outer loop
      vertex 2.44936 -3.63132 4.19473
      vertex 2.00572 -2.76064 4.05871
      vertex 1.90816 -2.82896 4.05871
    endloop
  endfacet
  facet normal -0.100985 -0.0270512 0.99452
    outer loop
      vertex 2.36787 0.590376 3.95655
      vertex 3.28015 0.940568 4.05871
      vertex 2.34583 0.672654 3.95655
    endloop
  endfacet
  facet normal -0.0467678 0.202612 0.978142
    outer loop
      vertex 1.2925 -5.18395 4.36444
      vertex 1.36478 -5.77058 4.48941
      vertex 1.43804 -5.76767 4.49231
    endloop
  endfacet
  facet normal -0.0467777 0.20261 0.978142
    outer loop
      vertex 1.36478 -5.77058 4.48941
      vertex 1.2925 -5.18395 4.36444
      vertex 1.1108 -5.2259 4.36444
    endloop
  endfacet
  facet normal -0.104147 -0.00911088 0.99452
    outer loop
      vertex 3.40403 0.238032 4.05871
      vertex 3.39365 0.356687 4.05871
      vertex 2.43442 0.170231 3.95655
    endloop
  endfacet
  facet normal 0.0359359 -0.0598059 0.997563
    outer loop
      vertex -0.732703 1.26908 3.88837
      vertex -1.22018 2.11341 3.95655
      vertex -1.29319 2.06954 3.95655
    endloop
  endfacet
  facet normal 0.126152 -0.058828 0.990265
    outer loop
      vertex -3.11733 1.38792 4.05871
      vertex -3.06699 1.49587 4.05871
      vertex -3.93687 1.92014 4.19473
    endloop
  endfacet
  facet normal -0.201602 -0.188019 0.961252
    outer loop
      vertex 5.21301 5.03414 4.80408
      vertex 5.45096 5.1788 4.88228
      vertex 5.42261 5.20429 4.88132
    endloop
  endfacet
  facet normal -0.201597 -0.188025 0.961252
    outer loop
      vertex 5.21301 5.03414 4.80408
      vertex 5.42261 5.20429 4.88132
      vertex 5.40322 5.21782 4.8799
    endloop
  endfacet
  facet normal -0.201485 -0.188204 0.96124
    outer loop
      vertex 5.45096 5.1788 4.88228
      vertex 5.21301 5.03414 4.80408
      vertex 5.46697 5.16355 4.88265
    endloop
  endfacet
  facet normal 0.222697 -0.0945535 0.970292
    outer loop
      vertex -5.75408 2.56188 4.56764
      vertex -6.09838 2.71517 4.6616
      vertex -6.10611 2.61764 4.65387
    endloop
  endfacet
  facet normal 0.202613 -0.0467782 0.978141
    outer loop
      vertex -5.2259 1.1108 4.36444
      vertex -5.18395 1.2925 4.36444
      vertex -6.11153 1.52378 4.56764
    endloop
  endfacet
  facet normal 0.193236 -0.145615 0.970287
    outer loop
      vertex -5.0957 3.70224 4.56764
      vertex -4.96339 3.87782 4.56764
      vertex -5.86289 4.25964 4.80408
    endloop
  endfacet
  facet normal 0.151894 -0.0842048 0.984803
    outer loop
      vertex -3.86746 2.05636 4.19473
      vertex -3.79333 2.19008 4.19473
      vertex -4.71728 2.50822 4.36444
    endloop
  endfacet
  facet normal 0.0878793 -0.188459 0.978141
    outer loop
      vertex -2.34206 4.80194 4.36444
      vertex -2.17305 4.88075 4.36444
      vertex -2.76114 5.66117 4.56764
    endloop
  endfacet
  facet normal 0.12174 -0.0674886 0.990265
    outer loop
      vertex -2.95517 1.70617 4.05871
      vertex -3.79333 2.19008 4.19473
      vertex -3.86746 2.05636 4.19473
    endloop
  endfacet
  facet normal 0.105046 -0.091327 0.990265
    outer loop
      vertex -2.61401 2.19341 4.05871
      vertex -2.53586 2.2833 4.05871
      vertex -3.3554 2.81552 4.19473
    endloop
  endfacet
  facet normal 0.17695 -0.16502 0.970287
    outer loop
      vertex -4.68079 4.21461 4.56764
      vertex -4.53085 4.37539 4.56764
      vertex -5.21301 5.03414 4.80408
    endloop
  endfacet
  facet normal 0.17696 -0.165013 0.970287
    outer loop
      vertex -4.68079 4.21461 4.56764
      vertex -5.21301 5.03414 4.80408
      vertex -5.38552 4.84914 4.80408
    endloop
  endfacet
  facet normal -0.0340342 -0.0988503 0.99452
    outer loop
      vertex 0.834652 2.29319 3.95655
      vertex 1.16709 3.20655 4.05871
      vertex 0.754112 2.32092 3.95655
    endloop
  endfacet
  facet normal 0.0265632 -0.136636 0.990265
    outer loop
      vertex -0.709465 3.33777 4.05871
      vertex -0.592546 3.3605 4.05871
      vertex -0.910687 4.28445 4.19473
    endloop
  endfacet
  facet normal 0.040696 -0.133113 0.990265
    outer loop
      vertex -0.940568 3.28015 4.05871
      vertex -1.20734 4.21048 4.19473
      vertex -1.35355 4.16578 4.19473
    endloop
  endfacet
  facet normal 0.0507757 -0.166083 0.984804
    outer loop
      vertex -1.35355 4.16578 4.19473
      vertex -1.20734 4.21048 4.19473
      vertex -1.65097 5.08116 4.36444
    endloop
  endfacet
  facet normal -0.131791 -0.202905 0.970289
    outer loop
      vertex 3.61544 5.60048 4.6595
      vertex 3.52215 5.2218 4.56764
      vertex 3.76615 5.58355 4.67643
    endloop
  endfacet
  facet normal -0.131767 -0.202911 0.970291
    outer loop
      vertex 3.52215 5.2218 4.56764
      vertex 3.61544 5.60048 4.6595
      vertex 3.33776 5.34154 4.56764
    endloop
  endfacet
  facet normal -0.0127448 -0.103765 0.99452
    outer loop
      vertex 0.474906 3.37913 4.05871
      vertex 0.356687 3.39365 4.05871
      vertex 0.339632 2.41661 3.95655
    endloop
  endfacet
  facet normal -0.0305633 -0.0999776 0.99452
    outer loop
      vertex 1.05447 3.24533 4.05871
      vertex 0.940568 3.28015 4.05871
      vertex 0.754112 2.32092 3.95655
    endloop
  endfacet
  facet normal -0.0348587 0.00182212 0.999391
    outer loop
      vertex 1.46184 -0.102221 3.88837
      vertex 1.46451 -0.0511417 3.88837
      vertex 0.487476 -0.0340872 3.85426
    endloop
  endfacet
  facet normal -0.025529 -0.0238059 0.999391
    outer loop
      vertex 0.363151 0.326982 3.85426
      vertex 1.08901 0.980548 3.88837
      vertex 0.351518 0.339457 3.85426
    endloop
  endfacet
  facet normal -0.0204035 -0.0667214 0.997563
    outer loop
      vertex 0.754112 2.32092 3.95655
      vertex 0.672654 2.34583 3.95655
      vertex 0.452835 1.39368 3.88837
    endloop
  endfacet
  facet normal -0.133113 -0.040696 0.990265
    outer loop
      vertex 4.21048 1.20734 4.19473
      vertex 4.16578 1.35355 4.19473
      vertex 3.28015 0.940568 4.05871
    endloop
  endfacet
  facet normal -0.0975998 0.0374699 0.99452
    outer loop
      vertex 3.20655 -1.16709 4.05871
      vertex 2.29319 -0.834652 3.95655
      vertex 2.26266 -0.914175 3.95655
    endloop
  endfacet
  facet normal -0.0474594 -0.0931515 0.99452
    outer loop
      vertex 1.14568 2.15471 3.95655
      vertex 1.602 3.01292 4.05871
      vertex 1.06978 2.19338 3.95655
    endloop
  endfacet
  facet normal -0.131069 -0.113942 0.984804
    outer loop
      vertex 4.09271 3.43419 4.36444
      vertex 3.97036 3.57493 4.36444
      vertex 3.3554 2.81552 4.19473
    endloop
  endfacet
  facet normal -0.0121306 -0.138666 0.990265
    outer loop
      vertex 0.356687 3.39365 4.05871
      vertex 0.457851 4.35617 4.19473
      vertex 0.238032 3.40403 4.05871
    endloop
  endfacet
  facet normal -0.0631873 -0.124026 0.990265
    outer loop
      vertex 1.602 3.01292 4.05871
      vertex 1.92014 3.93687 4.19473
      vertex 1.49587 3.06699 4.05871
    endloop
  endfacet
  facet normal -0.204734 -0.0362079 0.978148
    outer loop
      vertex 6.19417 1.0939 4.56581
      vertex 5.26148 0.927741 4.36444
      vertex 6.19423 1.09221 4.56576
    endloop
  endfacet
  facet normal -0.204116 -0.0396726 0.978143
    outer loop
      vertex 5.26148 0.927741 4.36444
      vertex 6.19417 1.0939 4.56581
      vertex 5.2259 1.1108 4.36444
    endloop
  endfacet
  facet normal -0.0697614 0.00122767 0.997563
    outer loop
      vertex 2.44036 0 3.95655
      vertex 1.46541 0 3.88837
      vertex 1.46451 -0.0511417 3.88837
    endloop
  endfacet
  facet normal -0.0344757 -0.00546615 0.999391
    outer loop
      vertex 1.45115 0.203945 3.88837
      vertex 1.44314 0.254465 3.88837
      vertex 0.483912 0.0680084 3.85426
    endloop
  endfacet
  facet normal -0.0121306 0.138666 0.990265
    outer loop
      vertex 0.457851 -4.35617 4.19473
      vertex 0.356687 -3.39365 4.05871
      vertex 0.238032 -3.40403 4.05871
    endloop
  endfacet
  facet normal -0.182607 -0.158741 0.970287
    outer loop
      vertex 5.55147 4.65824 4.80408
      vertex 5.38552 4.84914 4.80408
      vertex 4.68079 4.21461 4.56764
    endloop
  endfacet
  facet normal 0.0659708 0.0227138 0.997563
    outer loop
      vertex -2.29319 -0.834652 3.95655
      vertex -1.37703 -0.501198 3.88837
      vertex -2.32092 -0.754112 3.95655
    endloop
  endfacet
  facet normal -0.00608593 0.0695058 0.997563
    outer loop
      vertex 0.170231 -2.43442 3.95655
      vertex 0.255087 -2.42699 3.95655
      vertex 0.102221 -1.46184 3.88837
    endloop
  endfacet
  facet normal 0.171533 -0.0271751 0.984804
    outer loop
      vertex -4.31362 0.760607 4.19473
      vertex -5.26148 0.927741 4.36444
      vertex -5.29066 0.743553 4.36444
    endloop
  endfacet
  facet normal 0.0346464 0.00425155 0.999391
    outer loop
      vertex -1.45115 -0.203945 3.88837
      vertex -0.483912 -0.0680084 3.85426
      vertex -1.45738 -0.153176 3.88837
    endloop
  endfacet
  facet normal -0.228752 -0.0787854 0.970291
    outer loop
      vertex 5.91878 2.15426 4.56764
      vertex 6.14712 2.04819 4.61286
      vertex 6.13498 2.23295 4.625
    endloop
  endfacet
  facet normal -0.228738 -0.078751 0.970298
    outer loop
      vertex 6.14712 2.04819 4.61286
      vertex 5.91878 2.15426 4.56764
      vertex 5.99035 1.94638 4.56764
    endloop
  endfacet
  facet normal 0.126156 -0.0588217 0.990265
    outer loop
      vertex -3.11733 1.38792 4.05871
      vertex -3.93687 1.92014 4.19473
      vertex -4.00148 1.78157 4.19473
    endloop
  endfacet
  facet normal 0.141823 0.152076 0.978141
    outer loop
      vertex -4.21461 -4.68079 4.56764
      vertex -3.71132 -3.84318 4.36444
      vertex -4.37539 -4.53085 4.56764
    endloop
  endfacet
  facet normal 0.0109005 0.207656 0.978141
    outer loop
      vertex -0.20247 -5.79801 4.46198
      vertex -0.186456 -5.3394 4.36444
      vertex -0.309078 -5.79703 4.46296
    endloop
  endfacet
  facet normal 0.215592 -0.109823 0.970288
    outer loop
      vertex -5.56136 2.95703 4.56764
      vertex -6.0534 3.21865 4.70658
      vertex -6.06683 3.07372 4.69316
    endloop
  endfacet
  facet normal 0.129951 -0.0498808 0.990265
    outer loop
      vertex -3.20655 1.16709 4.05871
      vertex -4.06122 1.64084 4.19473
      vertex -4.11601 1.4981 4.19473
    endloop
  endfacet
  facet normal 0.145652 -0.0945901 0.984804
    outer loop
      vertex -3.63132 2.44936 4.19473
      vertex -4.42926 2.98757 4.36444
      vertex -4.53083 2.83117 4.36444
    endloop
  endfacet
  facet normal 0.142265 -0.0996117 0.984804
    outer loop
      vertex -3.63132 2.44936 4.19473
      vertex -4.3223 3.14033 4.36444
      vertex -4.42926 2.98757 4.36444
    endloop
  endfacet
  facet normal 0.0493358 -0.0493358 0.997563
    outer loop
      vertex -1.69522 1.75545 3.95655
      vertex -1.05412 1.01796 3.88837
      vertex -1.01796 1.05412 3.88837
    endloop
  endfacet
  facet normal 0.0493358 -0.0493358 0.997563
    outer loop
      vertex -1.05412 1.01796 3.88837
      vertex -1.69522 1.75545 3.95655
      vertex -1.75545 1.69522 3.95655
    endloop
  endfacet
  facet normal 0.148866 -0.089446 0.984804
    outer loop
      vertex -3.71459 2.32113 4.19473
      vertex -4.53083 2.83117 4.36444
      vertex -4.62687 2.67133 4.36444
    endloop
  endfacet
  facet normal 0.181871 -0.100809 0.978141
    outer loop
      vertex -4.71728 2.50822 4.36444
      vertex -4.62687 2.67133 4.36444
      vertex -5.56136 2.95703 4.56764
    endloop
  endfacet
  facet normal 0.188037 -0.152269 0.970287
    outer loop
      vertex -4.96339 3.87782 4.56764
      vertex -4.82503 4.04868 4.56764
      vertex -5.55147 4.65824 4.80408
    endloop
  endfacet
  facet normal 0.171089 -0.171089 0.970287
    outer loop
      vertex -5.03414 5.21301 4.80408
      vertex -4.53085 4.37539 4.56764
      vertex -4.37539 4.53085 4.56764
    endloop
  endfacet
  facet normal 0.171089 -0.171089 0.970287
    outer loop
      vertex -4.53085 4.37539 4.56764
      vertex -5.03414 5.21301 4.80408
      vertex -5.21301 5.03414 4.80408
    endloop
  endfacet
  facet normal 0.0331355 -0.170482 0.984804
    outer loop
      vertex -0.910687 4.28445 4.19473
      vertex -0.927741 5.26148 4.36444
      vertex -1.1108 5.2259 4.36444
    endloop
  endfacet
  facet normal 0.0441851 -0.0947488 0.99452
    outer loop
      vertex -1.06978 2.19338 3.95655
      vertex -0.992583 2.22938 3.95655
      vertex -1.38792 3.11733 4.05871
    endloop
  endfacet
  facet normal 0.0453154 -0.131612 0.990265
    outer loop
      vertex -1.16709 3.20655 4.05871
      vertex -1.35355 4.16578 4.19473
      vertex -1.4981 4.11601 4.19473
    endloop
  endfacet
  facet normal 0.10452 -0.138699 0.984804
    outer loop
      vertex -2.5746 3.54363 4.19473
      vertex -3.14033 4.3223 4.36444
      vertex -3.28926 4.21007 4.36444
    endloop
  endfacet
  facet normal -0.0788439 -0.154745 0.984803
    outer loop
      vertex 2.50822 4.71728 4.36444
      vertex 2.34206 4.80194 4.36444
      vertex 1.92014 3.93687 4.19473
    endloop
  endfacet
  facet normal -0.0565394 -0.164211 0.984804
    outer loop
      vertex 1.4981 4.11601 4.19473
      vertex 1.82729 5.02045 4.36444
      vertex 1.35355 4.16578 4.19473
    endloop
  endfacet
  facet normal -0.0538457 -0.0896119 0.99452
    outer loop
      vertex 1.29319 2.06954 3.95655
      vertex 1.70617 2.95517 4.05871
      vertex 1.22018 2.11341 3.95655
    endloop
  endfacet
  facet normal -0.0474582 -0.0931522 0.99452
    outer loop
      vertex 1.602 3.01292 4.05871
      vertex 1.49587 3.06699 4.05871
      vertex 1.06978 2.19338 3.95655
    endloop
  endfacet
  facet normal 0.188035 -0.15227 0.970287
    outer loop
      vertex -4.96339 3.87782 4.56764
      vertex -5.55147 4.65824 4.80408
      vertex -5.71066 4.46166 4.80408
    endloop
  endfacet
  facet normal 0.220155 -0.165868 0.961259
    outer loop
      vertex -5.91558 4.40039 4.84044
      vertex -5.71066 4.46166 4.80408
      vertex -5.88447 4.52838 4.8554
    endloop
  endfacet
  facet normal 0.220164 -0.165902 0.961252
    outer loop
      vertex -5.71066 4.46166 4.80408
      vertex -5.91558 4.40039 4.84044
      vertex -5.86289 4.25964 4.80408
    endloop
  endfacet
  facet normal 0.220072 -0.16594 0.961266
    outer loop
      vertex -5.92589 4.34999 4.8341
      vertex -5.86289 4.25964 4.80408
      vertex -5.91558 4.40039 4.84044
    endloop
  endfacet
  facet normal 0.220137 -0.165892 0.961259
    outer loop
      vertex -5.86289 4.25964 4.80408
      vertex -5.92589 4.34999 4.8341
      vertex -5.93157 4.30954 4.82842
    endloop
  endfacet
  facet normal 0.208055 -0.180832 0.961256
    outer loop
      vertex -5.38552 4.84914 4.80408
      vertex -5.59512 5.03787 4.88495
      vertex -5.6532 4.97397 4.8855
    endloop
  endfacet
  facet normal 0.158743 -0.182603 0.970287
    outer loop
      vertex -4.84914 5.38552 4.80408
      vertex -4.61994 5.47632 4.78367
      vertex -4.76817 5.45591 4.80408
    endloop
  endfacet
  facet normal 0.158744 -0.182605 0.970287
    outer loop
      vertex -4.61994 5.47632 4.78367
      vertex -4.84914 5.38552 4.80408
      vertex -4.21461 4.68079 4.56764
    endloop
  endfacet
  facet normal 0.13878 -0.198198 0.970287
    outer loop
      vertex -3.9176 5.56556 4.69442
      vertex -3.70224 5.0957 4.56764
      vertex -3.52215 5.2218 4.56764
    endloop
  endfacet
  facet normal 0.138779 -0.198199 0.970287
    outer loop
      vertex -3.70224 5.0957 4.56764
      vertex -3.9176 5.56556 4.69442
      vertex -4.03361 5.55179 4.7082
    endloop
  endfacet
  facet normal 0.100818 -0.181869 0.978141
    outer loop
      vertex -2.67133 4.62687 4.36444
      vertex -2.95703 5.56136 4.56764
      vertex -3.14931 5.45477 4.56764
    endloop
  endfacet
  facet normal 0.152265 -0.188031 0.970288
    outer loop
      vertex -4.56779 5.48331 4.77667
      vertex -4.04868 4.82503 4.56764
      vertex -3.87782 4.96339 4.56764
    endloop
  endfacet
  facet normal 0.152369 -0.187949 0.970288
    outer loop
      vertex -4.04868 4.82503 4.56764
      vertex -4.56779 5.48331 4.77667
      vertex -4.59774 5.47937 4.78061
    endloop
  endfacet
  facet normal 0.094585 -0.145654 0.984804
    outer loop
      vertex -2.44936 3.63132 4.19473
      vertex -2.32113 3.71459 4.19473
      vertex -2.83117 4.53083 4.36444
    endloop
  endfacet
  facet normal 0.104519 -0.1387 0.984804
    outer loop
      vertex -2.6967 3.45162 4.19473
      vertex -2.5746 3.54363 4.19473
      vertex -3.28926 4.21007 4.36444
    endloop
  endfacet
  facet normal 0.0235162 -0.101866 0.99452
    outer loop
      vertex -0.590376 2.36787 3.95655
      vertex -0.50738 2.38703 3.95655
      vertex -0.709465 3.33777 4.05871
    endloop
  endfacet
  facet normal 0.0331354 -0.170482 0.984804
    outer loop
      vertex -0.910687 4.28445 4.19473
      vertex -0.760607 4.31362 4.19473
      vertex -0.927741 5.26148 4.36444
    endloop
  endfacet
  facet normal 0.0360294 -0.134451 0.990265
    outer loop
      vertex -0.940568 3.28015 4.05871
      vertex -0.82552 3.31098 4.05871
      vertex -1.05966 4.25006 4.19473
    endloop
  endfacet
  facet normal -0.141812 -0.152082 0.978141
    outer loop
      vertex 3.71132 3.84318 4.36444
      vertex 4.21461 4.68079 4.56764
      vertex 3.57493 3.97036 4.36444
    endloop
  endfacet
  facet normal 0.00364212 -0.0696767 0.997563
    outer loop
      vertex -0.102221 1.46184 3.88837
      vertex -0.0511417 1.46451 3.88837
      vertex -0.170231 2.43442 3.95655
    endloop
  endfacet
  facet normal -0.054219 -0.0439142 0.997563
    outer loop
      vertex 1.92303 1.50244 3.95655
      vertex 1.86942 1.56863 3.95655
      vertex 1.12257 0.941945 3.88837
    endloop
  endfacet
  facet normal -0.0788478 -0.154742 0.984804
    outer loop
      vertex 2.05636 3.86746 4.19473
      vertex 2.50822 4.71728 4.36444
      vertex 1.92014 3.93687 4.19473
    endloop
  endfacet
  facet normal -0.0271751 -0.171533 0.984804
    outer loop
      vertex 0.760607 4.31362 4.19473
      vertex 0.927741 5.26148 4.36444
      vertex 0.743553 5.29066 4.36444
    endloop
  endfacet
  facet normal -0.126152 -0.058828 0.990265
    outer loop
      vertex 3.11733 1.38792 4.05871
      vertex 3.93687 1.92014 4.19473
      vertex 3.06699 1.49587 4.05871
    endloop
  endfacet
  facet normal -0.0347736 -0.00304112 0.999391
    outer loop
      vertex 0.487476 0.0340872 3.85426
      vertex 1.45738 0.153176 3.88837
      vertex 0.48599 0.0510788 3.85426
    endloop
  endfacet
  facet normal -0.104529 -0.00182874 0.99452
    outer loop
      vertex 2.44036 0 3.95655
      vertex 3.41234 0 4.05871
      vertex 2.43887 0.0851669 3.95655
    endloop
  endfacet
  facet normal -0.137481 0.0217721 0.990265
    outer loop
      vertex 4.33754 -0.609601 4.19473
      vertex 3.37913 -0.474906 4.05871
      vertex 3.3605 -0.592546 4.05871
    endloop
  endfacet
  facet normal -0.151897 -0.0841948 0.984804
    outer loop
      vertex 4.71728 2.50822 4.36444
      vertex 4.62687 2.67133 4.36444
      vertex 3.79333 2.19008 4.19473
    endloop
  endfacet
  facet normal -0.211614 -0.117313 0.970287
    outer loop
      vertex 5.45477 3.14931 4.56764
      vertex 6.03549 3.39916 4.7245
      vertex 6.02747 3.47996 4.73252
    endloop
  endfacet
  facet normal -0.211616 -0.117309 0.970287
    outer loop
      vertex 6.03549 3.39916 4.7245
      vertex 5.45477 3.14931 4.56764
      vertex 5.56136 2.95703 4.56764
    endloop
  endfacet
  facet normal -0.0685824 -0.0789042 0.99452
    outer loop
      vertex 1.63292 1.81354 3.95655
      vertex 2.19341 2.61401 4.05871
      vertex 1.56863 1.86942 3.95655
    endloop
  endfacet
  facet normal -0.0585171 -0.0379985 0.997563
    outer loop
      vertex 2.06954 1.29319 3.95655
      vertex 2.02315 1.36463 3.95655
      vertex 1.21488 0.819445 3.88837
    endloop
  endfacet
  facet normal -0.172377 -0.0211624 0.984804
    outer loop
      vertex 4.35617 0.457851 4.19473
      vertex 5.29066 0.743553 4.36444
      vertex 4.33754 0.609601 4.19473
    endloop
  endfacet
  facet normal -0.0316739 0.0621682 0.997563
    outer loop
      vertex 1.06978 -2.19338 3.95655
      vertex 1.14568 -2.15471 3.95655
      vertex 0.642391 -1.3171 3.88837
    endloop
  endfacet
  facet normal 0.0211591 0.172378 0.984804
    outer loop
      vertex -0.558458 -5.31338 4.36444
      vertex -0.457851 -4.35617 4.19473
      vertex -0.743553 -5.29066 4.36444
    endloop
  endfacet
  facet normal -0.0344757 0.00546615 0.999391
    outer loop
      vertex 1.44314 -0.254465 3.88837
      vertex 1.45115 -0.203945 3.88837
      vertex 0.483912 -0.0680084 3.85426
    endloop
  endfacet
  facet normal -0.139173 -0.00243081 0.990265
    outer loop
      vertex 3.41234 0 4.05871
      vertex 4.3775 0.152865 4.19473
      vertex 3.41026 0.119088 4.05871
    endloop
  endfacet
  facet normal -0.00666058 0.0342651 0.999391
    outer loop
      vertex 0.254465 -1.44314 3.88837
      vertex 0.304675 -1.43338 3.88837
      vertex 0.084856 -0.481243 3.85426
    endloop
  endfacet
  facet normal -0.0285938 -0.020021 0.999391
    outer loop
      vertex 0.405123 0.273259 3.85426
      vertex 1.21488 0.819445 3.88837
      vertex 0.39534 0.287231 3.85426
    endloop
  endfacet
  facet normal -0.136638 0.0265574 0.990265
    outer loop
      vertex 4.28445 -0.910687 4.19473
      vertex 4.31362 -0.760607 4.19473
      vertex 3.3605 -0.592546 4.05871
    endloop
  endfacet
  facet normal -0.23137 -0.0707237 0.970292
    outer loop
      vertex 6.15295 1.9549 4.60703
      vertex 6.05463 1.73614 4.56764
      vertex 6.16398 1.76749 4.596
    endloop
  endfacet
  facet normal -0.231349 -0.0707339 0.970296
    outer loop
      vertex 6.05463 1.73614 4.56764
      vertex 6.15295 1.9549 4.60703
      vertex 5.99035 1.94638 4.56764
    endloop
  endfacet
  facet normal -0.178243 -0.107097 0.978141
    outer loop
      vertex 5.45477 3.14931 4.56764
      vertex 5.34154 3.33776 4.56764
      vertex 4.62687 2.67133 4.36444
    endloop
  endfacet
  facet normal -0.0684892 -0.0133132 0.997563
    outer loop
      vertex 1.44314 0.254465 3.88837
      vertex 2.40329 0.423763 3.95655
      vertex 1.43338 0.304675 3.88837
    endloop
  endfacet
  facet normal -0.169222 -0.0390643 0.984804
    outer loop
      vertex 4.28445 0.910687 4.19473
      vertex 5.2259 1.1108 4.36444
      vertex 4.25006 1.05966 4.19473
    endloop
  endfacet
  facet normal 0.096232 -0.0408523 0.99452
    outer loop
      vertex -2.26266 0.914175 3.95655
      vertex -3.11733 1.38792 4.05871
      vertex -3.16387 1.27829 4.05871
    endloop
  endfacet
  facet normal -0.0133132 0.0684892 0.997563
    outer loop
      vertex 0.423763 -2.40329 3.95655
      vertex 0.304675 -1.43338 3.88837
      vertex 0.254465 -1.44314 3.88837
    endloop
  endfacet
  facet normal 0.094585 0.145654 0.984804
    outer loop
      vertex -2.32113 -3.71459 4.19473
      vertex -2.44936 -3.63132 4.19473
      vertex -2.83117 -4.53083 4.36444
    endloop
  endfacet
  facet normal 0.0439142 0.054219 0.997563
    outer loop
      vertex -1.50244 -1.92303 3.95655
      vertex -0.941945 -1.12257 3.88837
      vertex -1.56863 -1.86942 3.95655
    endloop
  endfacet
  facet normal 0.0227138 0.0659708 0.997563
    outer loop
      vertex -0.754112 -2.32092 3.95655
      vertex -0.501198 -1.37703 3.88837
      vertex -0.834652 -2.29319 3.95655
    endloop
  endfacet
  facet normal 0.133115 0.0406933 0.990265
    outer loop
      vertex -3.24533 -1.05447 4.05871
      vertex -3.28015 -0.940568 4.05871
      vertex -4.16578 -1.35355 4.19473
    endloop
  endfacet
  facet normal 0.0945901 0.145652 0.984804
    outer loop
      vertex -2.83117 -4.53083 4.36444
      vertex -2.44936 -3.63132 4.19473
      vertex -2.98757 -4.42926 4.36444
    endloop
  endfacet
  facet normal 0.0632342 -0.0294886 0.997563
    outer loop
      vertex -1.33872 0.596034 3.88837
      vertex -2.19338 1.06978 3.95655
      vertex -2.22938 0.992583 3.95655
    endloop
  endfacet
  facet normal 0.215581 -0.109868 0.970285
    outer loop
      vertex -6.077 2.96395 4.68299
      vertex -5.56136 2.95703 4.56764
      vertex -6.06683 3.07372 4.69316
    endloop
  endfacet
  facet normal 0.215582 -0.109843 0.970288
    outer loop
      vertex -5.56136 2.95703 4.56764
      vertex -6.077 2.96395 4.68299
      vertex -5.66117 2.76114 4.56764
    endloop
  endfacet
  facet normal 0.145654 -0.094585 0.984804
    outer loop
      vertex -3.71459 2.32113 4.19473
      vertex -3.63132 2.44936 4.19473
      vertex -4.53083 2.83117 4.36444
    endloop
  endfacet
  facet normal -0.0678628 0.159864 0.984804
    outer loop
      vertex 2.00139 -4.95362 4.36444
      vertex 2.17305 -4.88075 4.36444
      vertex 1.64084 -4.06122 4.19473
    endloop
  endfacet
  facet normal -0.0571524 0.0400213 0.997563
    outer loop
      vertex 1.97429 -1.43441 3.95655
      vertex 1.21488 -0.819445 3.88837
      vertex 1.18554 -0.861344 3.88837
    endloop
  endfacet
  facet normal -0.165013 0.17696 0.970287
    outer loop
      vertex 4.84914 -5.38552 4.80408
      vertex 5.03414 -5.21301 4.80408
      vertex 4.21461 -4.68079 4.56764
    endloop
  endfacet
  facet normal 0.00911903 0.104146 0.99452
    outer loop
      vertex -0.170231 -2.43442 3.95655
      vertex -0.255087 -2.42699 3.95655
      vertex -0.356687 -3.39365 4.05871
    endloop
  endfacet
  facet normal 0.225639 -0.158321 0.96126
    outer loop
      vertex -5.86289 4.25964 4.80408
      vertex -5.93157 4.30954 4.82842
      vertex -5.93491 4.28444 4.82507
    endloop
  endfacet
  facet normal 0.169222 -0.0390643 0.984804
    outer loop
      vertex -4.28445 0.910687 4.19473
      vertex -4.25006 1.05966 4.19473
      vertex -5.2259 1.1108 4.36444
    endloop
  endfacet
  facet normal 0.13445 -0.0360342 0.990265
    outer loop
      vertex -3.28015 0.940568 4.05871
      vertex -4.21048 1.20734 4.19473
      vertex -4.25006 1.05966 4.19473
    endloop
  endfacet
  facet normal 0.202612 -0.0467799 0.978141
    outer loop
      vertex -5.2259 1.1108 4.36444
      vertex -6.11153 1.52378 4.56764
      vertex -6.16099 1.30956 4.56764
    endloop
  endfacet
  facet normal 0.032588 0.0125093 0.999391
    outer loop
      vertex -0.453084 -0.183058 3.85426
      vertex -0.459197 -0.167133 3.85426
      vertex -1.3587 -0.54895 3.88837
    endloop
  endfacet
  facet normal 0.237342 0.0470001 0.970289
    outer loop
      vertex -6.18598 -1.31487 4.57401
      vertex -6.16099 -1.30956 4.56764
      vertex -6.18623 -1.30824 4.57375
    endloop
  endfacet
  facet normal 0.207408 -0.124582 0.970289
    outer loop
      vertex -5.34154 3.33776 4.56764
      vertex -5.99904 3.74862 4.76094
      vertex -6.02055 3.54536 4.73944
    endloop
  endfacet
  facet normal 0.178243 -0.107097 0.978141
    outer loop
      vertex -4.62687 2.67133 4.36444
      vertex -5.34154 3.33776 4.56764
      vertex -5.45477 3.14931 4.56764
    endloop
  endfacet
  facet normal -0.0163485 -0.103259 0.99452
    outer loop
      vertex 0.423763 2.40329 3.95655
      vertex 0.592546 3.3605 4.05871
      vertex 0.339632 2.41661 3.95655
    endloop
  endfacet
  facet normal 0.0406933 -0.133115 0.990265
    outer loop
      vertex -1.05447 3.24533 4.05871
      vertex -0.940568 3.28015 4.05871
      vertex -1.35355 4.16578 4.19473
    endloop
  endfacet
  facet normal 0.111165 -0.0837697 0.990265
    outer loop
      vertex -2.76064 2.00572 4.05871
      vertex -3.45162 2.6967 4.19473
      vertex -3.54363 2.5746 4.19473
    endloop
  endfacet
  facet normal 0.147039 -0.147039 0.978141
    outer loop
      vertex -4.37539 4.53085 4.56764
      vertex -3.84318 3.71132 4.36444
      vertex -3.71132 3.84318 4.36444
    endloop
  endfacet
  facet normal 0.147039 -0.147039 0.978141
    outer loop
      vertex -3.84318 3.71132 4.36444
      vertex -4.37539 4.53085 4.56764
      vertex -4.53085 4.37539 4.56764
    endloop
  endfacet
  facet normal 0.16607 -0.125144 0.978141
    outer loop
      vertex -4.3223 3.14033 4.36444
      vertex -4.96339 3.87782 4.56764
      vertex -5.0957 3.70224 4.56764
    endloop
  endfacet
  facet normal 0.0896119 -0.0538457 0.99452
    outer loop
      vertex -2.11341 1.22018 3.95655
      vertex -2.06954 1.29319 3.95655
      vertex -2.95517 1.70617 4.05871
    endloop
  endfacet
  facet normal 0.156937 -0.136422 0.978141
    outer loop
      vertex -4.09271 3.43419 4.36444
      vertex -4.68079 4.21461 4.56764
      vertex -4.82503 4.04868 4.56764
    endloop
  endfacet
  facet normal 0.156932 -0.136426 0.978141
    outer loop
      vertex -4.09271 3.43419 4.36444
      vertex -3.97036 3.57493 4.36444
      vertex -4.68079 4.21461 4.56764
    endloop
  endfacet
  facet normal 0.058828 -0.126152 0.990265
    outer loop
      vertex -1.49587 3.06699 4.05871
      vertex -1.38792 3.11733 4.05871
      vertex -1.92014 3.93687 4.19473
    endloop
  endfacet
  facet normal 0.10995 -0.215507 0.970293
    outer loop
      vertex -2.95703 5.56136 4.56764
      vertex -2.98125 5.66629 4.59369
      vertex -3.01134 5.6635 4.59648
    endloop
  endfacet
  facet normal 0.0449449 -0.167756 0.984803
    outer loop
      vertex -1.05966 4.25006 4.19473
      vertex -1.2925 5.18395 4.36444
      vertex -1.47263 5.13569 4.36444
    endloop
  endfacet
  facet normal 0.0538116 -0.200849 0.978143
    outer loop
      vertex -1.47263 5.13569 4.36444
      vertex -1.50559 5.76459 4.49539
      vertex -1.65107 5.75795 4.50203
    endloop
  endfacet
  facet normal 0.0788478 -0.154742 0.984804
    outer loop
      vertex -2.05636 3.86746 4.19473
      vertex -1.92014 3.93687 4.19473
      vertex -2.50822 4.71728 4.36444
    endloop
  endfacet
  facet normal 0.0812528 -0.191407 0.978142
    outer loop
      vertex -2.52741 5.70485 4.55514
      vertex -2.17305 4.88075 4.36444
      vertex -2.00139 4.95362 4.36444
    endloop
  endfacet
  facet normal 0.0808929 -0.191562 0.978141
    outer loop
      vertex -2.17305 4.88075 4.36444
      vertex -2.52741 5.70485 4.55514
      vertex -2.53958 5.704 4.55598
    endloop
  endfacet
  facet normal -0.125145 -0.166069 0.978141
    outer loop
      vertex 3.28926 4.21007 4.36444
      vertex 3.87782 4.96339 4.56764
      vertex 3.14033 4.3223 4.36444
    endloop
  endfacet
  facet normal -0.0913206 -0.105051 0.990265
    outer loop
      vertex 2.9309 3.2551 4.19473
      vertex 2.81552 3.3554 4.19473
      vertex 2.2833 2.53586 4.05871
    endloop
  endfacet
  facet normal -0.0543907 -0.128129 0.990265
    outer loop
      vertex 1.78157 4.00148 4.19473
      vertex 1.64084 4.06122 4.19473
      vertex 1.38792 3.11733 4.05871
    endloop
  endfacet
  facet normal 0.00909868 -0.173431 0.984804
    outer loop
      vertex -0.305545 4.36949 4.19473
      vertex -0.152865 4.3775 4.19473
      vertex -0.372684 5.32964 4.36444
    endloop
  endfacet
  facet normal -0.040696 -0.133113 0.990265
    outer loop
      vertex 1.35355 4.16578 4.19473
      vertex 1.20734 4.21048 4.19473
      vertex 0.940568 3.28015 4.05871
    endloop
  endfacet
  facet normal -0.0607189 -0.198877 0.978142
    outer loop
      vertex 1.81293 5.74959 4.5104
      vertex 1.65097 5.08116 4.36444
      vertex 1.86724 5.74678 4.5132
    endloop
  endfacet
  facet normal -0.0608032 -0.198857 0.978141
    outer loop
      vertex 1.65097 5.08116 4.36444
      vertex 1.81293 5.74959 4.5104
      vertex 1.47263 5.13569 4.36444
    endloop
  endfacet
  facet normal -0.0565404 -0.16421 0.984804
    outer loop
      vertex 1.82729 5.02045 4.36444
      vertex 1.65097 5.08116 4.36444
      vertex 1.35355 4.16578 4.19473
    endloop
  endfacet
  facet normal 0.225732 -0.158067 0.96128
    outer loop
      vertex -5.86289 4.25964 4.80408
      vertex -5.93491 4.28444 4.82507
      vertex -5.95591 4.1268 4.80408
    endloop
  endfacet
  facet normal 0.198201 -0.138781 0.970287
    outer loop
      vertex -5.2218 3.52215 4.56764
      vertex -5.0957 3.70224 4.56764
      vertex -5.86289 4.25964 4.80408
    endloop
  endfacet
  facet normal 0.214202 -0.173499 0.961257
    outer loop
      vertex -5.55147 4.65824 4.80408
      vertex -5.75343 4.8277 4.87967
      vertex -5.78864 4.75891 4.8751
    endloop
  endfacet
  facet normal 0.208034 -0.180875 0.961252
    outer loop
      vertex -5.67677 4.94803 4.88572
      vertex -5.38552 4.84914 4.80408
      vertex -5.6532 4.97397 4.8855
    endloop
  endfacet
  facet normal 0.208043 -0.180852 0.961255
    outer loop
      vertex -5.38552 4.84914 4.80408
      vertex -5.67677 4.94803 4.88572
      vertex -5.55147 4.65824 4.80408
    endloop
  endfacet
  facet normal 0.208099 -0.180826 0.961248
    outer loop
      vertex -5.70089 4.9199 4.88565
      vertex -5.55147 4.65824 4.80408
      vertex -5.67677 4.94803 4.88572
    endloop
  endfacet
  facet normal 0.207991 -0.180891 0.961259
    outer loop
      vertex -5.72156 4.8888 4.88427
      vertex -5.55147 4.65824 4.80408
      vertex -5.70089 4.9199 4.88565
    endloop
  endfacet
  facet normal 0.208016 -0.180872 0.961257
    outer loop
      vertex -5.55147 4.65824 4.80408
      vertex -5.72156 4.8888 4.88427
      vertex -5.75343 4.8277 4.87967
    endloop
  endfacet
  facet normal 0.21422 -0.173458 0.961261
    outer loop
      vertex -5.83843 4.66162 4.86864
      vertex -5.55147 4.65824 4.80408
      vertex -5.78864 4.75891 4.8751
    endloop
  endfacet
  facet normal 0.21422 -0.173475 0.961258
    outer loop
      vertex -5.55147 4.65824 4.80408
      vertex -5.83843 4.66162 4.86864
      vertex -5.71066 4.46166 4.80408
    endloop
  endfacet
  facet normal 0.214274 -0.173438 0.961252
    outer loop
      vertex -5.85708 4.62367 4.86595
      vertex -5.71066 4.46166 4.80408
      vertex -5.83843 4.66162 4.86864
    endloop
  endfacet
  facet normal 0.21418 -0.173525 0.961258
    outer loop
      vertex -5.71066 4.46166 4.80408
      vertex -5.85708 4.62367 4.86595
      vertex -5.87004 4.58618 4.86207
    endloop
  endfacet
  facet normal 0.220951 -0.164855 0.961251
    outer loop
      vertex -5.87137 4.58224 4.8617
      vertex -5.71066 4.46166 4.80408
      vertex -5.87004 4.58618 4.86207
    endloop
  endfacet
  facet normal 0.220112 -0.165974 0.961251
    outer loop
      vertex -5.71066 4.46166 4.80408
      vertex -5.87137 4.58224 4.8617
      vertex -5.88447 4.52838 4.8554
    endloop
  endfacet
  facet normal 0.188271 -0.201321 0.961261
    outer loop
      vertex -4.9051 5.43107 4.82458
      vertex -4.84914 5.38552 4.80408
      vertex -4.89269 5.43389 4.82274
    endloop
  endfacet
  facet normal 0.188016 -0.201629 0.961247
    outer loop
      vertex -4.9051 5.43107 4.82458
      vertex -5.03414 5.21301 4.80408
      vertex -4.84914 5.38552 4.80408
    endloop
  endfacet
  facet normal 0.187955 -0.201594 0.961266
    outer loop
      vertex -5.03414 5.21301 4.80408
      vertex -4.9051 5.43107 4.82458
      vertex -5.11319 5.36814 4.85207
    endloop
  endfacet
  facet normal 0.165013 -0.17696 0.970287
    outer loop
      vertex -4.21461 4.68079 4.56764
      vertex -4.84914 5.38552 4.80408
      vertex -5.03414 5.21301 4.80408
    endloop
  endfacet
  facet normal 0.100809 -0.181871 0.978141
    outer loop
      vertex -2.67133 4.62687 4.36444
      vertex -2.50822 4.71728 4.36444
      vertex -2.95703 5.56136 4.56764
    endloop
  endfacet
  facet normal 0.131765 -0.202914 0.970291
    outer loop
      vertex -3.33776 5.34154 4.56764
      vertex -3.50717 5.61264 4.64734
      vertex -3.61544 5.60048 4.6595
    endloop
  endfacet
  facet normal 0.124637 -0.207368 0.970291
    outer loop
      vertex -3.33776 5.34154 4.56764
      vertex -3.42336 5.62151 4.63847
      vertex -3.50717 5.61264 4.64734
    endloop
  endfacet
  facet normal 0.136426 -0.156932 0.978141
    outer loop
      vertex -3.57493 3.97036 4.36444
      vertex -3.43419 4.09271 4.36444
      vertex -4.21461 4.68079 4.56764
    endloop
  endfacet
  facet normal 0.130861 -0.161603 0.978141
    outer loop
      vertex -3.43419 4.09271 4.36444
      vertex -3.28926 4.21007 4.36444
      vertex -3.87782 4.96339 4.56764
    endloop
  endfacet
  facet normal 0.0744927 -0.194136 0.978142
    outer loop
      vertex -2.00139 4.95362 4.36444
      vertex -2.12463 5.73173 4.52826
      vertex -2.31098 5.71988 4.5401
    endloop
  endfacet
  facet normal -0.00363646 -0.20791 0.978141
    outer loop
      vertex 0.105195 5.7983 4.46168
      vertex 0.186456 5.3394 4.36444
      vertex 0.20247 5.79801 4.46198
    endloop
  endfacet
  facet normal -0.00362392 -0.207908 0.978142
    outer loop
      vertex 0.186456 5.3394 4.36444
      vertex 0.105195 5.7983 4.46168
      vertex 0 5.34265 4.36444
    endloop
  endfacet
  facet normal 0.00728068 -0.139004 0.990265
    outer loop
      vertex -0.119088 3.41026 4.05871
      vertex -0.152865 4.3775 4.19473
      vertex -0.238032 3.40403 4.05871
    endloop
  endfacet
  facet normal -0.00122767 -0.0697614 0.997563
    outer loop
      vertex 0.0511417 1.46451 3.88837
      vertex 0 2.44036 3.95655
      vertex 0 1.46541 3.88837
    endloop
  endfacet
  facet normal 0.00903533 -0.0337167 0.999391
    outer loop
      vertex -0.134694 0.469737 3.85426
      vertex -0.354513 1.42188 3.88837
      vertex -0.40392 1.40864 3.88837
    endloop
  endfacet
  facet normal 0.0127448 -0.103765 0.99452
    outer loop
      vertex -0.339632 2.41661 3.95655
      vertex -0.356687 3.39365 4.05871
      vertex -0.474906 3.37913 4.05871
    endloop
  endfacet
  facet normal 0.0599643 -0.0856387 0.99452
    outer loop
      vertex -1.43441 1.97429 3.95655
      vertex -1.36463 2.02315 3.95655
      vertex -2.00572 2.76064 4.05871
    endloop
  endfacet
  facet normal 0.0400193 -0.0571541 0.997563
    outer loop
      vertex -0.819445 1.21488 3.88837
      vertex -1.36463 2.02315 3.95655
      vertex -1.43441 1.97429 3.95655
    endloop
  endfacet
  facet normal 0.0265574 -0.136638 0.990265
    outer loop
      vertex -0.592546 3.3605 4.05871
      vertex -0.760607 4.31362 4.19473
      vertex -0.910687 4.28445 4.19473
    endloop
  endfacet
  facet normal 0.0396662 -0.204123 0.978141
    outer loop
      vertex -1.10112 5.78025 4.47973
      vertex -0.927741 5.26148 4.36444
      vertex -1.0197 5.78299 4.477
    endloop
  endfacet
  facet normal 0.0396735 -0.20412 0.978142
    outer loop
      vertex -0.927741 5.26148 4.36444
      vertex -1.10112 5.78025 4.47973
      vertex -1.1108 5.2259 4.36444
    endloop
  endfacet
  facet normal 0.0360342 -0.13445 0.990265
    outer loop
      vertex -0.940568 3.28015 4.05871
      vertex -1.05966 4.25006 4.19473
      vertex -1.20734 4.21048 4.19473
    endloop
  endfacet
  facet normal 0.0270606 -0.100982 0.99452
    outer loop
      vertex -0.590376 2.36787 3.95655
      vertex -0.82552 3.31098 4.05871
      vertex -0.940568 3.28015 4.05871
    endloop
  endfacet
  facet normal 0.0313092 -0.135627 0.990265
    outer loop
      vertex -0.709465 3.33777 4.05871
      vertex -0.910687 4.28445 4.19473
      vertex -1.05966 4.25006 4.19473
    endloop
  endfacet
  facet normal 0.053758 -0.200869 0.978142
    outer loop
      vertex -1.50559 5.76459 4.49539
      vertex -1.2925 5.18395 4.36444
      vertex -1.43804 5.76767 4.49231
    endloop
  endfacet
  facet normal 0.0538111 -0.200849 0.978143
    outer loop
      vertex -1.2925 5.18395 4.36444
      vertex -1.50559 5.76459 4.49539
      vertex -1.47263 5.13569 4.36444
    endloop
  endfacet
  facet normal -0.102251 -0.219259 0.970294
    outer loop
      vertex 2.76114 5.66117 4.56764
      vertex 2.77304 5.68558 4.57441
      vertex 2.69428 5.69235 4.56764
    endloop
  endfacet
  facet normal -0.0949285 -0.101802 0.990265
    outer loop
      vertex 3.04272 3.15083 4.19473
      vertex 2.9309 3.2551 4.19473
      vertex 2.2833 2.53586 4.05871
    endloop
  endfacet
  facet normal -0.0217721 -0.137481 0.990265
    outer loop
      vertex 0.592546 3.3605 4.05871
      vertex 0.609601 4.33754 4.19473
      vertex 0.474906 3.37913 4.05871
    endloop
  endfacet
  facet normal 0.131611 0.0453196 0.990265
    outer loop
      vertex -3.20655 -1.16709 4.05871
      vertex -3.24533 -1.05447 4.05871
      vertex -4.16578 -1.35355 4.19473
    endloop
  endfacet
  facet normal -0.0210072 -0.0278773 0.999391
    outer loop
      vertex 0.300853 0.385075 3.85426
      vertex 0.902194 1.15476 3.88837
      vertex 0.287231 0.39534 3.85426
    endloop
  endfacet
  facet normal -0.0379985 -0.0585171 0.997563
    outer loop
      vertex 1.36463 2.02315 3.95655
      vertex 1.29319 2.06954 3.95655
      vertex 0.819445 1.21488 3.88837
    endloop
  endfacet
  facet normal -0.0538433 -0.089613 0.99452
    outer loop
      vertex 1.80826 2.89383 4.05871
      vertex 1.70617 2.95517 4.05871
      vertex 1.29319 2.06954 3.95655
    endloop
  endfacet
  facet normal -0.0506894 -0.091434 0.99452
    outer loop
      vertex 1.70617 2.95517 4.05871
      vertex 1.602 3.01292 4.05871
      vertex 1.14568 2.15471 3.95655
    endloop
  endfacet
  facet normal -0.12174 -0.0674886 0.990265
    outer loop
      vertex 3.86746 2.05636 4.19473
      vertex 3.79333 2.19008 4.19473
      vertex 2.95517 1.70617 4.05871
    endloop
  endfacet
  facet normal -0.0999776 -0.0305633 0.99452
    outer loop
      vertex 3.28015 0.940568 4.05871
      vertex 3.24533 1.05447 4.05871
      vertex 2.32092 0.754112 3.95655
    endloop
  endfacet
  facet normal -0.135627 -0.0313092 0.990265
    outer loop
      vertex 4.28445 0.910687 4.19473
      vertex 4.25006 1.05966 4.19473
      vertex 3.33777 0.709465 4.05871
    endloop
  endfacet
  facet normal -0.137481 -0.0217776 0.990265
    outer loop
      vertex 4.33754 0.609601 4.19473
      vertex 4.31362 0.760607 4.19473
      vertex 3.3605 0.592546 4.05871
    endloop
  endfacet
  facet normal -0.0651363 0.0250067 0.997563
    outer loop
      vertex 2.26266 -0.914175 3.95655
      vertex 2.29319 -0.834652 3.95655
      vertex 1.37703 -0.501198 3.88837
    endloop
  endfacet
  facet normal -0.00122047 0.069761 0.997563
    outer loop
      vertex 0.0851669 -2.43887 3.95655
      vertex 0.0511417 -1.46451 3.88837
      vertex 0 -2.44036 3.95655
    endloop
  endfacet
  facet normal -0.128128 -0.0543928 0.990265
    outer loop
      vertex 3.16387 1.27829 4.05871
      vertex 4.06122 1.64084 4.19473
      vertex 3.11733 1.38792 4.05871
    endloop
  endfacet
  facet normal -0.19413 -0.0745188 0.978141
    outer loop
      vertex 5.02045 1.82729 4.36444
      vertex 5.91878 2.15426 4.56764
      vertex 4.95362 2.00139 4.36444
    endloop
  endfacet
  facet normal -0.0347733 0.00304364 0.999391
    outer loop
      vertex 1.45738 -0.153176 3.88837
      vertex 1.46184 -0.102221 3.88837
      vertex 0.487476 -0.0340872 3.85426
    endloop
  endfacet
  facet normal -0.0396696 -0.20412 0.978142
    outer loop
      vertex 1.1108 5.2259 4.36444
      vertex 1.22773 5.77601 4.48398
      vertex 1.10112 5.78025 4.47973
    endloop
  endfacet
  facet normal -0.0629135 -0.083496 0.99452
    outer loop
      vertex 1.50244 1.92303 3.95655
      vertex 2.00572 2.76064 4.05871
      vertex 1.43441 1.97429 3.95655
    endloop
  endfacet
  facet normal -0.130861 -0.161603 0.978141
    outer loop
      vertex 3.43419 4.09271 4.36444
      vertex 3.87782 4.96339 4.56764
      vertex 3.28926 4.21007 4.36444
    endloop
  endfacet
  facet normal -0.0739249 -0.0739249 0.99452
    outer loop
      vertex 2.37041 2.45463 4.05871
      vertex 1.75545 1.69522 3.95655
      vertex 2.45463 2.37041 4.05871
    endloop
  endfacet
  facet normal -0.0739249 -0.0739249 0.99452
    outer loop
      vertex 1.75545 1.69522 3.95655
      vertex 2.37041 2.45463 4.05871
      vertex 1.69522 1.75545 3.95655
    endloop
  endfacet
  facet normal 0.0346463 -0.00425261 0.999391
    outer loop
      vertex -0.48599 0.0510788 3.85426
      vertex -0.483912 0.0680084 3.85426
      vertex -1.45738 0.153176 3.88837
    endloop
  endfacet
  facet normal -0.0147539 0.0316349 0.999391
    outer loop
      vertex 0.596034 -1.33872 3.88837
      vertex 0.642391 -1.3171 3.88837
      vertex 0.198758 -0.44642 3.85426
    endloop
  endfacet
  facet normal -0.0571541 0.0400193 0.997563
    outer loop
      vertex 1.97429 -1.43441 3.95655
      vertex 2.02315 -1.36463 3.95655
      vertex 1.21488 -0.819445 3.88837
    endloop
  endfacet
  facet normal 0.00182212 -0.0348587 0.999391
    outer loop
      vertex -0.0340872 0.487476 3.85426
      vertex -0.0511417 1.46451 3.88837
      vertex -0.102221 1.46184 3.88837
    endloop
  endfacet
  facet normal -0.0673935 0.01806 0.997563
    outer loop
      vertex 2.34583 -0.672654 3.95655
      vertex 1.42188 -0.354513 3.88837
      vertex 1.40864 -0.40392 3.88837
    endloop
  endfacet
  facet normal -0.23366 -0.0626904 0.970295
    outer loop
      vertex 6.17583 1.53981 4.58416
      vertex 6.17483 1.55886 4.58515
      vertex 6.11153 1.52378 4.56764
    endloop
  endfacet
  facet normal -0.196613 -0.0676972 0.978141
    outer loop
      vertex 5.08116 1.65097 4.36444
      vertex 5.91878 2.15426 4.56764
      vertex 5.02045 1.82729 4.36444
    endloop
  endfacet
  facet normal -0.191408 -0.0812566 0.978141
    outer loop
      vertex 5.83999 2.35951 4.56764
      vertex 5.75408 2.56188 4.56764
      vertex 4.95362 2.00139 4.36444
    endloop
  endfacet
  facet normal -0.159865 -0.0678626 0.984804
    outer loop
      vertex 4.06122 1.64084 4.19473
      vertex 4.88075 2.17305 4.36444
      vertex 4.00148 1.78157 4.19473
    endloop
  endfacet
  facet normal -0.0695061 -0.00608375 0.997563
    outer loop
      vertex 1.46184 0.102221 3.88837
      vertex 2.42699 0.255087 3.95655
      vertex 1.45738 0.153176 3.88837
    endloop
  endfacet
  facet normal -0.204117 0.039777 0.978138
    outer loop
      vertex 5.2259 -1.1108 4.36444
      vertex 6.19235 -1.14824 4.56764
      vertex 6.19417 -1.0939 4.56581
    endloop
  endfacet
  facet normal -0.204121 0.0396803 0.978141
    outer loop
      vertex 6.19235 -1.14824 4.56764
      vertex 5.2259 -1.1108 4.36444
      vertex 6.16099 -1.30956 4.56764
    endloop
  endfacet
  facet normal -0.078897 0.0685927 0.99452
    outer loop
      vertex 2.53586 -2.2833 4.05871
      vertex 2.61401 -2.19341 4.05871
      vertex 1.81354 -1.63292 3.95655
    endloop
  endfacet
  facet normal 0.0219678 -0.0271267 0.999391
    outer loop
      vertex -0.314109 0.37434 3.85426
      vertex -0.300853 0.385075 3.85426
      vertex -0.941945 1.12257 3.88837
    endloop
  endfacet
  facet normal -0.00304364 -0.0347733 0.999391
    outer loop
      vertex 0.153176 1.45738 3.88837
      vertex 0.102221 1.46184 3.88837
      vertex 0.0340872 0.487476 3.85426
    endloop
  endfacet
  facet normal -0.0125092 -0.032588 0.999391
    outer loop
      vertex 0.54895 1.3587 3.88837
      vertex 0.501198 1.37703 3.88837
      vertex 0.167133 0.459197 3.85426
    endloop
  endfacet
  facet normal 0.138156 0.0169687 0.990265
    outer loop
      vertex -3.37913 -0.474906 4.05871
      vertex -3.39365 -0.356687 4.05871
      vertex -4.33754 -0.609601 4.19473
    endloop
  endfacet
  facet normal 0.0764602 0.071299 0.99452
    outer loop
      vertex -2.45463 -2.37041 4.05871
      vertex -1.81354 -1.63292 3.95655
      vertex -2.53586 -2.2833 4.05871
    endloop
  endfacet
  facet normal 0.083496 0.0629135 0.99452
    outer loop
      vertex -1.92303 -1.50244 3.95655
      vertex -1.97429 -1.43441 3.95655
      vertex -2.76064 -2.00572 4.05871
    endloop
  endfacet
  facet normal 0.0875989 0.108174 0.990265
    outer loop
      vertex -2.6967 -3.45162 4.19473
      vertex -2.10085 -2.68896 4.05871
      vertex -2.81552 -3.3554 4.19473
    endloop
  endfacet
  facet normal 0.114023 0.079836 0.990265
    outer loop
      vertex -3.54363 -2.5746 4.19473
      vertex -2.76064 -2.00572 4.05871
      vertex -3.63132 -2.44936 4.19473
    endloop
  endfacet
  facet normal 0.0510299 -0.0475815 0.997563
    outer loop
      vertex -1.05412 1.01796 3.88837
      vertex -1.75545 1.69522 3.95655
      vertex -1.81354 1.63292 3.95655
    endloop
  endfacet
  facet normal -0.0299187 -0.0179814 0.999391
    outer loop
      vertex 1.26908 0.732703 3.88837
      vertex 1.24273 0.776546 3.88837
      vertex 0.414412 0.258954 3.85426
    endloop
  endfacet
  facet normal 0.171533 -0.0271715 0.984804
    outer loop
      vertex -4.33754 0.609601 4.19473
      vertex -4.31362 0.760607 4.19473
      vertex -5.29066 0.743553 4.36444
    endloop
  endfacet
  facet normal 0.0876808 -0.0569355 0.99452
    outer loop
      vertex -2.02315 1.36463 3.95655
      vertex -2.82896 1.90816 4.05871
      vertex -2.89383 1.80826 4.05871
    endloop
  endfacet
  facet normal 0.087596 -0.108177 0.990265
    outer loop
      vertex -2.19341 2.61401 4.05871
      vertex -2.10085 2.68896 4.05871
      vertex -2.81552 3.3554 4.19473
    endloop
  endfacet
  facet normal 0.113942 -0.131069 0.984804
    outer loop
      vertex -2.81552 3.3554 4.19473
      vertex -3.43419 4.09271 4.36444
      vertex -3.57493 3.97036 4.36444
    endloop
  endfacet
  facet normal -0.228738 0.078751 0.970298
    outer loop
      vertex 5.91878 -2.15426 4.56764
      vertex 6.14712 -2.04819 4.61286
      vertex 5.99035 -1.94638 4.56764
    endloop
  endfacet
  facet normal -0.228752 0.0787854 0.970291
    outer loop
      vertex 6.14712 -2.04819 4.61286
      vertex 5.91878 -2.15426 4.56764
      vertex 6.13498 -2.23295 4.625
    endloop
  endfacet
  facet normal -0.225884 -0.0867088 0.970288
    outer loop
      vertex 5.83999 2.35951 4.56764
      vertex 6.12997 2.30213 4.63002
      vertex 6.11767 2.4717 4.64231
    endloop
  endfacet
  facet normal -0.225885 -0.0867111 0.970287
    outer loop
      vertex 6.12997 2.30213 4.63002
      vertex 5.83999 2.35951 4.56764
      vertex 5.91878 2.15426 4.56764
    endloop
  endfacet
  facet normal 0.119315 0.0716892 0.990265
    outer loop
      vertex -2.89383 -1.80826 4.05871
      vertex -2.95517 -1.70617 4.05871
      vertex -3.71459 -2.32113 4.19473
    endloop
  endfacet
  facet normal 0.211606 -0.11732 0.970288
    outer loop
      vertex -5.56136 2.95703 4.56764
      vertex -6.03549 3.39916 4.7245
      vertex -6.0534 3.21865 4.70658
    endloop
  endfacet
  facet normal 0.185278 -0.0944029 0.978141
    outer loop
      vertex -4.71728 2.50822 4.36444
      vertex -5.56136 2.95703 4.56764
      vertex -5.66117 2.76114 4.56764
    endloop
  endfacet
  facet normal 0.219281 -0.102259 0.970288
    outer loop
      vertex -6.08829 2.83252 4.67169
      vertex -5.66117 2.76114 4.56764
      vertex -6.077 2.96395 4.68299
    endloop
  endfacet
  facet normal 0.219283 -0.102246 0.970289
    outer loop
      vertex -5.66117 2.76114 4.56764
      vertex -6.08829 2.83252 4.67169
      vertex -5.75408 2.56188 4.56764
    endloop
  endfacet
  facet normal 0.225848 -0.0867644 0.970291
    outer loop
      vertex -5.91878 2.15426 4.56764
      vertex -6.12997 2.30213 4.63002
      vertex -6.13498 2.23295 4.625
    endloop
  endfacet
  facet normal 0.231348 -0.0707499 0.970295
    outer loop
      vertex -5.99035 1.94638 4.56764
      vertex -6.15039 1.99838 4.60959
      vertex -6.15295 1.9549 4.60703
    endloop
  endfacet
  facet normal 0.225884 -0.0867088 0.970288
    outer loop
      vertex -6.12997 2.30213 4.63002
      vertex -5.83999 2.35951 4.56764
      vertex -6.11767 2.4717 4.64231
    endloop
  endfacet
  facet normal 0.225885 -0.0867111 0.970287
    outer loop
      vertex -5.83999 2.35951 4.56764
      vertex -6.12997 2.30213 4.63002
      vertex -5.91878 2.15426 4.56764
    endloop
  endfacet
  facet normal 0.235666 -0.0546473 0.970297
    outer loop
      vertex -6.11153 1.52378 4.56764
      vertex -6.17583 1.53981 4.58416
      vertex -6.1766 1.52264 4.58338
    endloop
  endfacet
  facet normal 0.16775 -0.044959 0.984804
    outer loop
      vertex -4.25006 1.05966 4.19473
      vertex -4.21048 1.20734 4.19473
      vertex -5.13569 1.47263 4.36444
    endloop
  endfacet
  facet normal 0.0347736 -0.00304112 0.999391
    outer loop
      vertex -0.487476 0.0340872 3.85426
      vertex -0.48599 0.0510788 3.85426
      vertex -1.45738 0.153176 3.88837
    endloop
  endfacet
  facet normal 0.0975998 0.0374699 0.99452
    outer loop
      vertex -2.26266 -0.914175 3.95655
      vertex -2.29319 -0.834652 3.95655
      vertex -3.20655 -1.16709 4.05871
    endloop
  endfacet
  facet normal 0.102624 0.0199509 0.99452
    outer loop
      vertex -3.33777 -0.709465 4.05871
      vertex -2.38703 -0.50738 3.95655
      vertex -3.3605 -0.592546 4.05871
    endloop
  endfacet
  facet normal 0.173644 -0.00302158 0.984804
    outer loop
      vertex -4.38016 0 4.19473
      vertex -4.3775 0.152865 4.19473
      vertex -5.34265 0 4.36444
    endloop
  endfacet
  facet normal 0.178243 -0.107098 0.978141
    outer loop
      vertex -4.62687 2.67133 4.36444
      vertex -4.53083 2.83117 4.36444
      vertex -5.34154 3.33776 4.56764
    endloop
  endfacet
  facet normal 0.174394 -0.113256 0.978141
    outer loop
      vertex -4.53083 2.83117 4.36444
      vertex -4.42926 2.98757 4.36444
      vertex -5.2218 3.52215 4.56764
    endloop
  endfacet
  facet normal 0.211614 -0.117313 0.970287
    outer loop
      vertex -6.03549 3.39916 4.7245
      vertex -5.45477 3.14931 4.56764
      vertex -6.02747 3.47996 4.73252
    endloop
  endfacet
  facet normal 0.211616 -0.117309 0.970287
    outer loop
      vertex -5.45477 3.14931 4.56764
      vertex -6.03549 3.39916 4.7245
      vertex -5.56136 2.95703 4.56764
    endloop
  endfacet
  facet normal 0.207399 -0.124611 0.970287
    outer loop
      vertex -6.02747 3.47996 4.73252
      vertex -5.34154 3.33776 4.56764
      vertex -6.02055 3.54536 4.73944
    endloop
  endfacet
  facet normal 0.207398 -0.124615 0.970287
    outer loop
      vertex -5.34154 3.33776 4.56764
      vertex -6.02747 3.47996 4.73252
      vertex -5.45477 3.14931 4.56764
    endloop
  endfacet
  facet normal 0.0506894 -0.091434 0.99452
    outer loop
      vertex -1.14568 2.15471 3.95655
      vertex -1.602 3.01292 4.05871
      vertex -1.70617 2.95517 4.05871
    endloop
  endfacet
  facet normal 0.152082 -0.141812 0.978141
    outer loop
      vertex -3.97036 3.57493 4.36444
      vertex -3.84318 3.71132 4.36444
      vertex -4.68079 4.21461 4.56764
    endloop
  endfacet
  facet normal 0.067694 -0.196611 0.978142
    outer loop
      vertex -1.65097 5.08116 4.36444
      vertex -1.86724 5.74678 4.5132
      vertex -2.04477 5.73655 4.52343
    endloop
  endfacet
  facet normal 0.109833 -0.215562 0.970294
    outer loop
      vertex -2.77304 5.68558 4.57441
      vertex -2.95703 5.56136 4.56764
      vertex -2.76114 5.66117 4.56764
    endloop
  endfacet
  facet normal 0.109818 -0.215539 0.9703
    outer loop
      vertex -2.95703 5.56136 4.56764
      vertex -2.77304 5.68558 4.57441
      vertex -2.98125 5.66629 4.59369
    endloop
  endfacet
  facet normal 0.0812641 -0.1914 0.978142
    outer loop
      vertex -2.00139 4.95362 4.36444
      vertex -2.31098 5.71988 4.5401
      vertex -2.52741 5.70485 4.55514
    endloop
  endfacet
  facet normal 0.0879205 -0.18853 0.978124
    outer loop
      vertex -2.76114 5.66117 4.56764
      vertex -2.53958 5.704 4.55598
      vertex -2.69428 5.69235 4.56764
    endloop
  endfacet
  facet normal 0.0879042 -0.188441 0.978143
    outer loop
      vertex -2.53958 5.704 4.55598
      vertex -2.76114 5.66117 4.56764
      vertex -2.17305 4.88075 4.36444
    endloop
  endfacet
  facet normal 0.044959 -0.16775 0.984804
    outer loop
      vertex -1.20734 4.21048 4.19473
      vertex -1.05966 4.25006 4.19473
      vertex -1.47263 5.13569 4.36444
    endloop
  endfacet
  facet normal 0.039069 -0.169221 0.984803
    outer loop
      vertex -1.05966 4.25006 4.19473
      vertex -1.1108 5.2259 4.36444
      vertex -1.2925 5.18395 4.36444
    endloop
  endfacet
  facet normal 0.0498808 -0.129951 0.990265
    outer loop
      vertex -1.16709 3.20655 4.05871
      vertex -1.4981 4.11601 4.19473
      vertex -1.64084 4.06122 4.19473
    endloop
  endfacet
  facet normal 0.0678628 -0.159864 0.984804
    outer loop
      vertex -1.64084 4.06122 4.19473
      vertex -2.00139 4.95362 4.36444
      vertex -2.17305 4.88075 4.36444
    endloop
  endfacet
  facet normal 0.0622379 -0.162137 0.984804
    outer loop
      vertex -1.64084 4.06122 4.19473
      vertex -1.82729 5.02045 4.36444
      vertex -2.00139 4.95362 4.36444
    endloop
  endfacet
  facet normal 0.0745185 -0.19413 0.978141
    outer loop
      vertex -2.08705 5.73412 4.52587
      vertex -2.00139 4.95362 4.36444
      vertex -1.82729 5.02045 4.36444
    endloop
  endfacet
  facet normal 0.0745533 -0.194125 0.97814
    outer loop
      vertex -2.00139 4.95362 4.36444
      vertex -2.08705 5.73412 4.52587
      vertex -2.12463 5.73173 4.52826
    endloop
  endfacet
  facet normal 0.0569355 -0.0876808 0.99452
    outer loop
      vertex -1.36463 2.02315 3.95655
      vertex -1.80826 2.89383 4.05871
      vertex -1.90816 2.82896 4.05871
    endloop
  endfacet
  facet normal 0.125145 -0.166069 0.978141
    outer loop
      vertex -3.28926 4.21007 4.36444
      vertex -3.14033 4.3223 4.36444
      vertex -3.87782 4.96339 4.56764
    endloop
  endfacet
  facet normal -0.100818 -0.181869 0.978141
    outer loop
      vertex 3.14931 5.45477 4.56764
      vertex 2.95703 5.56136 4.56764
      vertex 2.67133 4.62687 4.36444
    endloop
  endfacet
  facet normal -0.094585 -0.145654 0.984804
    outer loop
      vertex 2.44936 3.63132 4.19473
      vertex 2.83117 4.53083 4.36444
      vertex 2.32113 3.71459 4.19473
    endloop
  endfacet
  facet normal -0.0879205 -0.18853 0.978124
    outer loop
      vertex 2.53958 5.704 4.55598
      vertex 2.76114 5.66117 4.56764
      vertex 2.69428 5.69235 4.56764
    endloop
  endfacet
  facet normal -0.0879042 -0.188441 0.978143
    outer loop
      vertex 2.76114 5.66117 4.56764
      vertex 2.53958 5.704 4.55598
      vertex 2.17305 4.88075 4.36444
    endloop
  endfacet
  facet normal 0.0151427 -0.173009 0.984804
    outer loop
      vertex -0.305545 4.36949 4.19473
      vertex -0.372684 5.32964 4.36444
      vertex -0.558458 5.31338 4.36444
    endloop
  endfacet
  facet normal 0.0151308 -0.173012 0.984804
    outer loop
      vertex -0.457851 4.35617 4.19473
      vertex -0.305545 4.36949 4.19473
      vertex -0.558458 5.31338 4.36444
    endloop
  endfacet
  facet normal -0.00182874 -0.104529 0.99452
    outer loop
      vertex 0.0851669 2.43887 3.95655
      vertex 0 3.41234 4.05871
      vertex 0 2.44036 3.95655
    endloop
  endfacet
  facet normal -0.00243081 -0.139173 0.990265
    outer loop
      vertex 0.119088 3.41026 4.05871
      vertex 0.152865 4.3775 4.19473
      vertex 0 3.41234 4.05871
    endloop
  endfacet
  facet normal -0.046782 -0.202608 0.978142
    outer loop
      vertex 1.36478 5.77058 4.48941
      vertex 1.22773 5.77601 4.48398
      vertex 1.1108 5.2259 4.36444
    endloop
  endfacet
  facet normal -0.053758 -0.200869 0.978142
    outer loop
      vertex 1.2925 5.18395 4.36444
      vertex 1.50559 5.76459 4.49539
      vertex 1.43804 5.76767 4.49231
    endloop
  endfacet
  facet normal -0.0538111 -0.200849 0.978143
    outer loop
      vertex 1.50559 5.76459 4.49539
      vertex 1.2925 5.18395 4.36444
      vertex 1.47263 5.13569 4.36444
    endloop
  endfacet
  facet normal -0.039069 -0.169221 0.984803
    outer loop
      vertex 1.2925 5.18395 4.36444
      vertex 1.1108 5.2259 4.36444
      vertex 1.05966 4.25006 4.19473
    endloop
  endfacet
  facet normal -0.00302158 -0.173644 0.984804
    outer loop
      vertex 0.152865 4.3775 4.19473
      vertex 0 5.34265 4.36444
      vertex 0 4.38016 4.19473
    endloop
  endfacet
  facet normal 0.0211624 -0.172377 0.984804
    outer loop
      vertex -0.609601 4.33754 4.19473
      vertex -0.457851 4.35617 4.19473
      vertex -0.743553 5.29066 4.36444
    endloop
  endfacet
  facet normal -0.0453154 -0.131612 0.990265
    outer loop
      vertex 1.4981 4.11601 4.19473
      vertex 1.35355 4.16578 4.19473
      vertex 1.16709 3.20655 4.05871
    endloop
  endfacet
  facet normal -0.0622379 -0.162137 0.984804
    outer loop
      vertex 2.00139 4.95362 4.36444
      vertex 1.82729 5.02045 4.36444
      vertex 1.64084 4.06122 4.19473
    endloop
  endfacet
  facet normal 0.174398 -0.113251 0.978141
    outer loop
      vertex -4.53083 2.83117 4.36444
      vertex -5.2218 3.52215 4.56764
      vertex -5.34154 3.33776 4.56764
    endloop
  endfacet
  facet normal 0.198195 -0.138784 0.970288
    outer loop
      vertex -5.96795 4.02543 4.79204
      vertex -5.86289 4.25964 4.80408
      vertex -5.95591 4.1268 4.80408
    endloop
  endfacet
  facet normal 0.198197 -0.138785 0.970287
    outer loop
      vertex -5.86289 4.25964 4.80408
      vertex -5.96795 4.02543 4.79204
      vertex -5.2218 3.52215 4.56764
    endloop
  endfacet
  facet normal 0.145611 -0.19324 0.970286
    outer loop
      vertex -3.87782 4.96339 4.56764
      vertex -4.12284 5.54062 4.71937
      vertex -4.31046 5.51714 4.74285
    endloop
  endfacet
  facet normal 0.0506881 -0.0914349 0.99452
    outer loop
      vertex -1.22018 2.11341 3.95655
      vertex -1.14568 2.15471 3.95655
      vertex -1.70617 2.95517 4.05871
    endloop
  endfacet
  facet normal 0.145613 -0.193233 0.970287
    outer loop
      vertex -4.03361 5.55179 4.7082
      vertex -3.87782 4.96339 4.56764
      vertex -3.70224 5.0957 4.56764
    endloop
  endfacet
  facet normal 0.14565 -0.193223 0.970284
    outer loop
      vertex -3.87782 4.96339 4.56764
      vertex -4.03361 5.55179 4.7082
      vertex -4.12284 5.54062 4.71937
    endloop
  endfacet
  facet normal 0.099611 -0.142266 0.984804
    outer loop
      vertex -2.5746 3.54363 4.19473
      vertex -2.44936 3.63132 4.19473
      vertex -3.14033 4.3223 4.36444
    endloop
  endfacet
  facet normal 0.0944029 -0.185278 0.978141
    outer loop
      vertex -2.50822 4.71728 4.36444
      vertex -2.76114 5.66117 4.56764
      vertex -2.95703 5.56136 4.56764
    endloop
  endfacet
  facet normal 0.0949294 -0.101801 0.990265
    outer loop
      vertex -2.37041 2.45463 4.05871
      vertex -2.2833 2.53586 4.05871
      vertex -3.04272 3.15083 4.19473
    endloop
  endfacet
  facet normal 0.118441 -0.127018 0.984804
    outer loop
      vertex -3.04272 3.15083 4.19473
      vertex -3.57493 3.97036 4.36444
      vertex -3.71132 3.84318 4.36444
    endloop
  endfacet
  facet normal 0.107097 -0.178243 0.978141
    outer loop
      vertex -2.67133 4.62687 4.36444
      vertex -3.14931 5.45477 4.56764
      vertex -3.33776 5.34154 4.56764
    endloop
  endfacet
  facet normal 0.124616 -0.2074 0.970287
    outer loop
      vertex -3.25582 5.63924 4.62075
      vertex -3.33776 5.34154 4.56764
      vertex -3.14931 5.45477 4.56764
    endloop
  endfacet
  facet normal 0.124571 -0.207389 0.970295
    outer loop
      vertex -3.33776 5.34154 4.56764
      vertex -3.25582 5.63924 4.62075
      vertex -3.42336 5.62151 4.63847
    endloop
  endfacet
  facet normal -0.0467678 -0.202612 0.978142
    outer loop
      vertex 1.36478 5.77058 4.48941
      vertex 1.2925 5.18395 4.36444
      vertex 1.43804 5.76767 4.49231
    endloop
  endfacet
  facet normal -0.0467777 -0.20261 0.978142
    outer loop
      vertex 1.2925 5.18395 4.36444
      vertex 1.36478 5.77058 4.48941
      vertex 1.1108 5.2259 4.36444
    endloop
  endfacet
  facet normal -0.00903533 -0.0337167 0.999391
    outer loop
      vertex 0.40392 1.40864 3.88837
      vertex 0.354513 1.42188 3.88837
      vertex 0.134694 0.469737 3.85426
    endloop
  endfacet
  facet normal 0.0133132 -0.0684892 0.997563
    outer loop
      vertex -0.304675 1.43338 3.88837
      vertex -0.254465 1.44314 3.88837
      vertex -0.423763 2.40329 3.95655
    endloop
  endfacet
  facet normal 0.0379917 -0.0585209 0.997563
    outer loop
      vertex -0.819445 1.21488 3.88837
      vertex -0.776546 1.24273 3.88837
      vertex -1.29319 2.06954 3.95655
    endloop
  endfacet
  facet normal 0.0678626 -0.159865 0.984804
    outer loop
      vertex -1.78157 4.00148 4.19473
      vertex -1.64084 4.06122 4.19473
      vertex -2.17305 4.88075 4.36444
    endloop
  endfacet
  facet normal 0.0250036 -0.0651377 0.997563
    outer loop
      vertex -0.54895 1.3587 3.88837
      vertex -0.501198 1.37703 3.88837
      vertex -0.914175 2.26266 3.95655
    endloop
  endfacet
  facet normal 0.0305633 -0.0999776 0.99452
    outer loop
      vertex -0.754112 2.32092 3.95655
      vertex -0.940568 3.28015 4.05871
      vertex -1.05447 3.24533 4.05871
    endloop
  endfacet
  facet normal -0.124571 -0.207389 0.970295
    outer loop
      vertex 3.25582 5.63924 4.62075
      vertex 3.33776 5.34154 4.56764
      vertex 3.42336 5.62151 4.63847
    endloop
  endfacet
  facet normal -0.124616 -0.2074 0.970287
    outer loop
      vertex 3.33776 5.34154 4.56764
      vertex 3.25582 5.63924 4.62075
      vertex 3.14931 5.45477 4.56764
    endloop
  endfacet
  facet normal -0.0945901 -0.145652 0.984804
    outer loop
      vertex 2.98757 4.42926 4.36444
      vertex 2.83117 4.53083 4.36444
      vertex 2.44936 3.63132 4.19473
    endloop
  endfacet
  facet normal -0.0419874 -0.055724 0.997563
    outer loop
      vertex 0.902194 1.15476 3.88837
      vertex 1.50244 1.92303 3.95655
      vertex 0.861344 1.18554 3.88837
    endloop
  endfacet
  facet normal 0.0169614 0.138158 0.990265
    outer loop
      vertex -0.457851 -4.35617 4.19473
      vertex -0.356687 -3.39365 4.05871
      vertex -0.609601 -4.33754 4.19473
    endloop
  endfacet
  facet normal -0.0621682 -0.0316739 0.997563
    outer loop
      vertex 2.19338 1.06978 3.95655
      vertex 2.15471 1.14568 3.95655
      vertex 1.3171 0.642391 3.88837
    endloop
  endfacet
  facet normal 0.0272551 -0.0642281 0.997563
    outer loop
      vertex -0.596034 1.33872 3.88837
      vertex -0.54895 1.3587 3.88837
      vertex -0.914175 2.26266 3.95655
    endloop
  endfacet
  facet normal -0.0305299 -0.0169226 0.999391
    outer loop
      vertex 0.431467 0.229415 3.85426
      vertex 1.26908 0.732703 3.88837
      vertex 0.423198 0.244333 3.85426
    endloop
  endfacet
  facet normal -0.0947491 -0.0441841 0.99452
    outer loop
      vertex 3.11733 1.38792 4.05871
      vertex 3.06699 1.49587 4.05871
      vertex 2.19338 1.06978 3.95655
    endloop
  endfacet
  facet normal -0.0338286 0.0610226 0.997563
    outer loop
      vertex 1.14568 -2.15471 3.95655
      vertex 1.22018 -2.11341 3.95655
      vertex 0.732703 -1.26908 3.88837
    endloop
  endfacet
  facet normal -0.0169687 -0.138156 0.990265
    outer loop
      vertex 0.474906 3.37913 4.05871
      vertex 0.609601 4.33754 4.19473
      vertex 0.356687 3.39365 4.05871
    endloop
  endfacet
  facet normal -0.0250036 -0.0651377 0.997563
    outer loop
      vertex 0.54895 1.3587 3.88837
      vertex 0.914175 2.26266 3.95655
      vertex 0.501198 1.37703 3.88837
    endloop
  endfacet
  facet normal -0.0667214 -0.0204035 0.997563
    outer loop
      vertex 2.34583 0.672654 3.95655
      vertex 2.32092 0.754112 3.95655
      vertex 1.39368 0.452835 3.88837
    endloop
  endfacet
  facet normal 0.0632342 0.0294886 0.997563
    outer loop
      vertex -2.19338 -1.06978 3.95655
      vertex -1.33872 -0.596034 3.88837
      vertex -2.22938 -0.992583 3.95655
    endloop
  endfacet
  facet normal 0.0856387 0.0599643 0.99452
    outer loop
      vertex -1.97429 -1.43441 3.95655
      vertex -2.02315 -1.36463 3.95655
      vertex -2.76064 -2.00572 4.05871
    endloop
  endfacet
  facet normal 0.0679836 -0.0156943 0.997563
    outer loop
      vertex -1.43338 0.304675 3.88837
      vertex -2.36787 0.590376 3.95655
      vertex -2.38703 0.50738 3.95655
    endloop
  endfacet
  facet normal -0.0439142 -0.054219 0.997563
    outer loop
      vertex 1.56863 1.86942 3.95655
      vertex 1.50244 1.92303 3.95655
      vertex 0.941945 1.12257 3.88837
    endloop
  endfacet
  facet normal -0.0569355 -0.0876808 0.99452
    outer loop
      vertex 1.90816 2.82896 4.05871
      vertex 1.80826 2.89383 4.05871
      vertex 1.36463 2.02315 3.95655
    endloop
  endfacet
  facet normal -0.181869 -0.100818 0.978141
    outer loop
      vertex 5.56136 2.95703 4.56764
      vertex 5.45477 3.14931 4.56764
      vertex 4.62687 2.67133 4.36444
    endloop
  endfacet
  facet normal -0.0988503 -0.0340342 0.99452
    outer loop
      vertex 2.32092 0.754112 3.95655
      vertex 3.20655 1.16709 4.05871
      vertex 2.29319 0.834652 3.95655
    endloop
  endfacet
  facet normal -0.119315 -0.0716892 0.990265
    outer loop
      vertex 2.95517 1.70617 4.05871
      vertex 3.71459 2.32113 4.19473
      vertex 2.89383 1.80826 4.05871
    endloop
  endfacet
  facet normal -0.0764602 -0.071299 0.99452
    outer loop
      vertex 2.53586 2.2833 4.05871
      vertex 2.45463 2.37041 4.05871
      vertex 1.81354 1.63292 3.95655
    endloop
  endfacet
  facet normal -0.138667 -0.0121272 0.990265
    outer loop
      vertex 4.36949 0.305545 4.19473
      vertex 4.35617 0.457851 4.19473
      vertex 3.40403 0.238032 4.05871
    endloop
  endfacet
  facet normal -0.104146 -0.00911903 0.99452
    outer loop
      vertex 2.43442 0.170231 3.95655
      vertex 3.39365 0.356687 4.05871
      vertex 2.42699 0.255087 3.95655
    endloop
  endfacet
  facet normal -0.102623 -0.0199559 0.99452
    outer loop
      vertex 2.40329 0.423763 3.95655
      vertex 3.3605 0.592546 4.05871
      vertex 2.38703 0.50738 3.95655
    endloop
  endfacet
  facet normal -0.101866 -0.0235162 0.99452
    outer loop
      vertex 2.38703 0.50738 3.95655
      vertex 3.33777 0.709465 4.05871
      vertex 2.36787 0.590376 3.95655
    endloop
  endfacet
  facet normal -0.0542227 0.043909 0.997563
    outer loop
      vertex 1.92303 -1.50244 3.95655
      vertex 1.15476 -0.902194 3.88837
      vertex 1.12257 -0.941945 3.88837
    endloop
  endfacet
  facet normal -0.0285929 0.0200223 0.999391
    outer loop
      vertex 1.18554 -0.861344 3.88837
      vertex 1.21488 -0.819445 3.88837
      vertex 0.39534 -0.287231 3.85426
    endloop
  endfacet
  facet normal -0.043909 -0.0542227 0.997563
    outer loop
      vertex 0.941945 1.12257 3.88837
      vertex 1.50244 1.92303 3.95655
      vertex 0.902194 1.15476 3.88837
    endloop
  endfacet
  facet normal -0.0856347 -0.0599689 0.99452
    outer loop
      vertex 2.82896 1.90816 4.05871
      vertex 2.76064 2.00572 4.05871
      vertex 2.02315 1.36463 3.95655
    endloop
  endfacet
  facet normal -0.0285938 0.020021 0.999391
    outer loop
      vertex 1.21488 -0.819445 3.88837
      vertex 0.405123 -0.273259 3.85426
      vertex 0.39534 -0.287231 3.85426
    endloop
  endfacet
  facet normal 0.0156943 -0.0679836 0.997563
    outer loop
      vertex -0.304675 1.43338 3.88837
      vertex -0.50738 2.38703 3.95655
      vertex -0.590376 2.36787 3.95655
    endloop
  endfacet
  facet normal -0.219257 -0.10228 0.970291
    outer loop
      vertex 6.09838 2.71517 4.6616
      vertex 6.08829 2.83252 4.67169
      vertex 5.75408 2.56188 4.56764
    endloop
  endfacet
  facet normal -0.159864 -0.0678628 0.984804
    outer loop
      vertex 4.95362 2.00139 4.36444
      vertex 4.88075 2.17305 4.36444
      vertex 4.06122 1.64084 4.19473
    endloop
  endfacet
  facet normal -0.139173 0.00243081 0.990265
    outer loop
      vertex 4.3775 -0.152865 4.19473
      vertex 3.41234 0 4.05871
      vertex 3.41026 -0.119088 4.05871
    endloop
  endfacet
  facet normal -0.16421 -0.0565404 0.984804
    outer loop
      vertex 5.08116 1.65097 4.36444
      vertex 5.02045 1.82729 4.36444
      vertex 4.16578 1.35355 4.19473
    endloop
  endfacet
  facet normal -0.0199559 -0.102623 0.99452
    outer loop
      vertex 0.50738 2.38703 3.95655
      vertex 0.592546 3.3605 4.05871
      vertex 0.423763 2.40329 3.95655
    endloop
  endfacet
  facet normal -0.0331354 -0.170482 0.984804
    outer loop
      vertex 0.910687 4.28445 4.19473
      vertex 0.927741 5.26148 4.36444
      vertex 0.760607 4.31362 4.19473
    endloop
  endfacet
  facet normal -0.0678628 -0.159864 0.984804
    outer loop
      vertex 2.17305 4.88075 4.36444
      vertex 2.00139 4.95362 4.36444
      vertex 1.64084 4.06122 4.19473
    endloop
  endfacet
  facet normal -0.0808929 -0.191562 0.978141
    outer loop
      vertex 2.52741 5.70485 4.55514
      vertex 2.17305 4.88075 4.36444
      vertex 2.53958 5.704 4.55598
    endloop
  endfacet
  facet normal -0.0812528 -0.191407 0.978142
    outer loop
      vertex 2.17305 4.88075 4.36444
      vertex 2.52741 5.70485 4.55514
      vertex 2.00139 4.95362 4.36444
    endloop
  endfacet
  facet normal -0.079836 -0.114023 0.990265
    outer loop
      vertex 2.5746 3.54363 4.19473
      vertex 2.44936 3.63132 4.19473
      vertex 2.00572 2.76064 4.05871
    endloop
  endfacet
  facet normal -0.089446 -0.148866 0.984804
    outer loop
      vertex 2.83117 4.53083 4.36444
      vertex 2.67133 4.62687 4.36444
      vertex 2.32113 3.71459 4.19473
    endloop
  endfacet
  facet normal -0.0875989 -0.108174 0.990265
    outer loop
      vertex 2.81552 3.3554 4.19473
      vertex 2.6967 3.45162 4.19473
      vertex 2.10085 2.68896 4.05871
    endloop
  endfacet
  facet normal -0.101801 -0.0949294 0.990265
    outer loop
      vertex 2.53586 2.2833 4.05871
      vertex 3.15083 3.04272 4.19473
      vertex 2.45463 2.37041 4.05871
    endloop
  endfacet
  facet normal -0.137481 0.0217776 0.990265
    outer loop
      vertex 4.31362 -0.760607 4.19473
      vertex 4.33754 -0.609601 4.19473
      vertex 3.3605 -0.592546 4.05871
    endloop
  endfacet
  facet normal -0.225848 0.0867644 0.970291
    outer loop
      vertex 6.12997 -2.30213 4.63002
      vertex 6.13498 -2.23295 4.625
      vertex 5.91878 -2.15426 4.56764
    endloop
  endfacet
  facet normal -0.0109005 0.207656 0.978141
    outer loop
      vertex 0.20247 -5.79801 4.46198
      vertex 0.309078 -5.79703 4.46296
      vertex 0.186456 -5.3394 4.36444
    endloop
  endfacet
  facet normal -0.0235146 0.101866 0.99452
    outer loop
      vertex 0.709465 -3.33777 4.05871
      vertex 0.82552 -3.31098 4.05871
      vertex 0.590376 -2.36787 3.95655
    endloop
  endfacet
  facet normal -0.154745 0.0788439 0.984803
    outer loop
      vertex 4.71728 -2.50822 4.36444
      vertex 4.80194 -2.34206 4.36444
      vertex 3.93687 -1.92014 4.19473
    endloop
  endfacet
  facet normal -0.0359359 0.0598059 0.997563
    outer loop
      vertex 1.22018 -2.11341 3.95655
      vertex 1.29319 -2.06954 3.95655
      vertex 0.732703 -1.26908 3.88837
    endloop
  endfacet
  facet normal -0.0498774 0.129952 0.990265
    outer loop
      vertex 1.64084 -4.06122 4.19473
      vertex 1.27829 -3.16387 4.05871
      vertex 1.16709 -3.20655 4.05871
    endloop
  endfacet
  facet normal -0.0457715 0.0526601 0.997563
    outer loop
      vertex 1.56863 -1.86942 3.95655
      vertex 1.63292 -1.81354 3.95655
      vertex 0.980548 -1.08901 3.88837
    endloop
  endfacet
  facet normal -0.0879205 0.18853 0.978124
    outer loop
      vertex 2.76114 -5.66117 4.56764
      vertex 2.53958 -5.704 4.55598
      vertex 2.69428 -5.69235 4.56764
    endloop
  endfacet
  facet normal -0.0879042 0.188441 0.978143
    outer loop
      vertex 2.53958 -5.704 4.55598
      vertex 2.76114 -5.66117 4.56764
      vertex 2.17305 -4.88075 4.36444
    endloop
  endfacet
  facet normal -0.103259 0.0163485 0.99452
    outer loop
      vertex 3.3605 -0.592546 4.05871
      vertex 2.41661 -0.339632 3.95655
      vertex 2.40329 -0.423763 3.95655
    endloop
  endfacet
  facet normal -0.172378 0.0211591 0.984804
    outer loop
      vertex 5.29066 -0.743553 4.36444
      vertex 5.31338 -0.558458 4.36444
      vertex 4.35617 -0.457851 4.19473
    endloop
  endfacet
  facet normal -0.167756 0.0449449 0.984803
    outer loop
      vertex 5.13569 -1.47263 4.36444
      vertex 5.18395 -1.2925 4.36444
      vertex 4.25006 -1.05966 4.19473
    endloop
  endfacet
  facet normal -0.231348 -0.0707499 0.970295
    outer loop
      vertex 6.15295 1.9549 4.60703
      vertex 6.15039 1.99838 4.60959
      vertex 5.99035 1.94638 4.56764
    endloop
  endfacet
  facet normal -0.205289 -0.0330568 0.978143
    outer loop
      vertex 5.26148 0.927741 4.36444
      vertex 6.19428 1.09042 4.56571
      vertex 6.19423 1.09221 4.56576
    endloop
  endfacet
  facet normal -0.205379 -0.0325372 0.978142
    outer loop
      vertex 6.19428 1.09042 4.56571
      vertex 5.26148 0.927741 4.36444
      vertex 5.29066 0.743553 4.36444
    endloop
  endfacet
  facet normal -0.142266 -0.099611 0.984804
    outer loop
      vertex 3.63132 2.44936 4.19473
      vertex 4.3223 3.14033 4.36444
      vertex 3.54363 2.5746 4.19473
    endloop
  endfacet
  facet normal -0.220124 -0.165936 0.961255
    outer loop
      vertex 5.88038 4.5268 4.85419
      vertex 5.86495 4.5822 4.86022
      vertex 5.71066 4.46166 4.80408
    endloop
  endfacet
  facet normal -0.222706 -0.0944984 0.970295
    outer loop
      vertex 5.75408 2.56188 4.56764
      vertex 6.11767 2.4717 4.64231
      vertex 6.10611 2.61764 4.65387
    endloop
  endfacet
  facet normal -0.222717 -0.0945477 0.970288
    outer loop
      vertex 6.11767 2.4717 4.64231
      vertex 5.75408 2.56188 4.56764
      vertex 5.83999 2.35951 4.56764
    endloop
  endfacet
  facet normal -0.139004 -0.00728068 0.990265
    outer loop
      vertex 3.41026 0.119088 4.05871
      vertex 4.3775 0.152865 4.19473
      vertex 3.40403 0.238032 4.05871
    endloop
  endfacet
  facet normal -0.104529 -0.00182571 0.99452
    outer loop
      vertex 3.41234 0 4.05871
      vertex 3.41026 0.119088 4.05871
      vertex 2.43887 0.0851669 3.95655
    endloop
  endfacet
  facet normal 0.00903493 -0.0337167 0.999391
    outer loop
      vertex -0.134694 0.469737 3.85426
      vertex -0.118218 0.474152 3.85426
      vertex -0.354513 1.42188 3.88837
    endloop
  endfacet
  facet normal -0.00304112 -0.0347736 0.999391
    outer loop
      vertex 0.0510788 0.48599 3.85426
      vertex 0.153176 1.45738 3.88837
      vertex 0.0340872 0.487476 3.85426
    endloop
  endfacet
  facet normal -0.0474582 0.0931522 0.99452
    outer loop
      vertex 1.49587 -3.06699 4.05871
      vertex 1.602 -3.01292 4.05871
      vertex 1.06978 -2.19338 3.95655
    endloop
  endfacet
  facet normal -0.0305633 0.0999776 0.99452
    outer loop
      vertex 0.940568 -3.28015 4.05871
      vertex 1.05447 -3.24533 4.05871
      vertex 0.754112 -2.32092 3.95655
    endloop
  endfacet
  facet normal 0.0227138 -0.0659708 0.997563
    outer loop
      vertex -0.501198 1.37703 3.88837
      vertex -0.754112 2.32092 3.95655
      vertex -0.834652 2.29319 3.95655
    endloop
  endfacet
  facet normal -0.0333811 -0.0102055 0.999391
    outer loop
      vertex 0.469737 0.134694 3.85426
      vertex 1.40864 0.40392 3.88837
      vertex 0.46475 0.151006 3.85426
    endloop
  endfacet
  facet normal 0.0113628 0.0330053 0.999391
    outer loop
      vertex -0.452835 -1.39368 3.88837
      vertex -0.167133 -0.459197 3.85426
      vertex -0.501198 -1.37703 3.88837
    endloop
  endfacet
  facet normal 0.111169 0.0837654 0.990265
    outer loop
      vertex -2.68896 -2.10085 4.05871
      vertex -2.76064 -2.00572 4.05871
      vertex -3.45162 -2.6967 4.19473
    endloop
  endfacet
  facet normal 0.0475863 0.051026 0.997563
    outer loop
      vertex -0.980548 -1.08901 3.88837
      vertex -1.01796 -1.05412 3.88837
      vertex -1.63292 -1.81354 3.95655
    endloop
  endfacet
  facet normal 0.0325377 0.205382 0.978141
    outer loop
      vertex -0.927741 -5.26148 4.36444
      vertex -0.933451 -5.78536 4.47463
      vertex -0.743553 -5.29066 4.36444
    endloop
  endfacet
  facet normal 0.0325215 0.205382 0.978141
    outer loop
      vertex -0.933451 -5.78536 4.47463
      vertex -0.927741 -5.26148 4.36444
      vertex -1.0197 -5.78299 4.477
    endloop
  endfacet
  facet normal 0.171089 0.171089 0.970287
    outer loop
      vertex -4.53085 -4.37539 4.56764
      vertex -5.03414 -5.21301 4.80408
      vertex -4.37539 -4.53085 4.56764
    endloop
  endfacet
  facet normal 0.171089 0.171089 0.970287
    outer loop
      vertex -5.03414 -5.21301 4.80408
      vertex -4.53085 -4.37539 4.56764
      vertex -5.21301 -5.03414 4.80408
    endloop
  endfacet
  facet normal 0.069761 0.00122047 0.997563
    outer loop
      vertex -2.43887 -0.0851669 3.95655
      vertex -1.46451 -0.0511417 3.88837
      vertex -2.44036 0 3.95655
    endloop
  endfacet
  facet normal 0.12174 0.0674886 0.990265
    outer loop
      vertex -3.79333 -2.19008 4.19473
      vertex -2.95517 -1.70617 4.05871
      vertex -3.86746 -2.05636 4.19473
    endloop
  endfacet
  facet normal 0.111165 0.0837697 0.990265
    outer loop
      vertex -3.45162 -2.6967 4.19473
      vertex -2.76064 -2.00572 4.05871
      vertex -3.54363 -2.5746 4.19473
    endloop
  endfacet
  facet normal 0.0876806 0.0569359 0.99452
    outer loop
      vertex -2.02315 -1.36463 3.95655
      vertex -2.06954 -1.29319 3.95655
      vertex -2.89383 -1.80826 4.05871
    endloop
  endfacet
  facet normal -0.0321329 0.0136355 0.999391
    outer loop
      vertex 1.33872 -0.596034 3.88837
      vertex 1.3587 -0.54895 3.88837
      vertex 0.453084 -0.183058 3.85426
    endloop
  endfacet
  facet normal 0.0947488 -0.0441851 0.99452
    outer loop
      vertex -2.22938 0.992583 3.95655
      vertex -2.19338 1.06978 3.95655
      vertex -3.11733 1.38792 4.05871
    endloop
  endfacet
  facet normal 0.0311022 0.0158462 0.999391
    outer loop
      vertex -1.29388 -0.687966 3.88837
      vertex -0.439211 -0.214217 3.85426
      vertex -1.3171 -0.642391 3.88837
    endloop
  endfacet
  facet normal 0.133115 -0.0406933 0.990265
    outer loop
      vertex -3.28015 0.940568 4.05871
      vertex -3.24533 1.05447 4.05871
      vertex -4.16578 1.35355 4.19473
    endloop
  endfacet
  facet normal -0.0227138 -0.0659708 0.997563
    outer loop
      vertex 0.834652 2.29319 3.95655
      vertex 0.754112 2.32092 3.95655
      vertex 0.501198 1.37703 3.88837
    endloop
  endfacet
  facet normal 0.157403 -0.0733912 0.984804
    outer loop
      vertex -4.00148 1.78157 4.19473
      vertex -3.93687 1.92014 4.19473
      vertex -4.88075 2.17305 4.36444
    endloop
  endfacet
  facet normal 0.100985 -0.0270512 0.99452
    outer loop
      vertex -2.36787 0.590376 3.95655
      vertex -2.34583 0.672654 3.95655
      vertex -3.28015 0.940568 4.05871
    endloop
  endfacet
  facet normal 0.108174 -0.0875989 0.990265
    outer loop
      vertex -2.68896 2.10085 4.05871
      vertex -3.3554 2.81552 4.19473
      vertex -3.45162 2.6967 4.19473
    endloop
  endfacet
  facet normal 0.166069 -0.125145 0.978141
    outer loop
      vertex -4.3223 3.14033 4.36444
      vertex -4.21007 3.28926 4.36444
      vertex -4.96339 3.87782 4.56764
    endloop
  endfacet
  facet normal 0.109294 -0.134969 0.984804
    outer loop
      vertex -2.81552 3.3554 4.19473
      vertex -3.28926 4.21007 4.36444
      vertex -3.43419 4.09271 4.36444
    endloop
  endfacet
  facet normal 0.109296 -0.134968 0.984804
    outer loop
      vertex -2.81552 3.3554 4.19473
      vertex -2.6967 3.45162 4.19473
      vertex -3.28926 4.21007 4.36444
    endloop
  endfacet
  facet normal -0.173431 0.00909868 0.984804
    outer loop
      vertex 5.32964 -0.372684 4.36444
      vertex 4.3775 -0.152865 4.19473
      vertex 4.36949 -0.305545 4.19473
    endloop
  endfacet
  facet normal -0.228759 -0.0787173 0.970295
    outer loop
      vertex 6.15039 1.99838 4.60959
      vertex 6.14712 2.04819 4.61286
      vertex 5.99035 1.94638 4.56764
    endloop
  endfacet
  facet normal -0.0543928 0.128128 0.990265
    outer loop
      vertex 1.64084 -4.06122 4.19473
      vertex 1.38792 -3.11733 4.05871
      vertex 1.27829 -3.16387 4.05871
    endloop
  endfacet
  facet normal -0.0211591 0.172378 0.984804
    outer loop
      vertex 0.558458 -5.31338 4.36444
      vertex 0.743553 -5.29066 4.36444
      vertex 0.457851 -4.35617 4.19473
    endloop
  endfacet
  facet normal -0.0030267 0.173645 0.984804
    outer loop
      vertex 0.186456 -5.3394 4.36444
      vertex 0.152865 -4.3775 4.19473
      vertex 0 -5.34265 4.36444
    endloop
  endfacet
  facet normal 0.125145 0.166069 0.978141
    outer loop
      vertex -3.14033 -4.3223 4.36444
      vertex -3.28926 -4.21007 4.36444
      vertex -3.87782 -4.96339 4.56764
    endloop
  endfacet
  facet normal 0.225639 0.158321 0.96126
    outer loop
      vertex -5.93157 -4.30954 4.82842
      vertex -5.86289 -4.25964 4.80408
      vertex -5.93491 -4.28444 4.82507
    endloop
  endfacet
  facet normal 0.211606 0.11732 0.970288
    outer loop
      vertex -6.03549 -3.39916 4.7245
      vertex -5.56136 -2.95703 4.56764
      vertex -6.0534 -3.21865 4.70658
    endloop
  endfacet
  facet normal 0.219257 -0.10228 0.970291
    outer loop
      vertex -5.75408 2.56188 4.56764
      vertex -6.08829 2.83252 4.67169
      vertex -6.09838 2.71517 4.6616
    endloop
  endfacet
  facet normal 0.222706 -0.0944984 0.970295
    outer loop
      vertex -6.11767 2.4717 4.64231
      vertex -5.75408 2.56188 4.56764
      vertex -6.10611 2.61764 4.65387
    endloop
  endfacet
  facet normal 0.222717 -0.0945477 0.970288
    outer loop
      vertex -5.75408 2.56188 4.56764
      vertex -6.11767 2.4717 4.64231
      vertex -5.83999 2.35951 4.56764
    endloop
  endfacet
  facet normal 0.19413 -0.0745212 0.978141
    outer loop
      vertex -4.95362 2.00139 4.36444
      vertex -5.83999 2.35951 4.56764
      vertex -5.91878 2.15426 4.56764
    endloop
  endfacet
  facet normal 0.154745 -0.0788439 0.984803
    outer loop
      vertex -3.93687 1.92014 4.19473
      vertex -4.71728 2.50822 4.36444
      vertex -4.80194 2.34206 4.36444
    endloop
  endfacet
  facet normal 0.157402 -0.0733969 0.984803
    outer loop
      vertex -3.93687 1.92014 4.19473
      vertex -4.80194 2.34206 4.36444
      vertex -4.88075 2.17305 4.36444
    endloop
  endfacet
  facet normal 0.202811 -0.131944 0.970288
    outer loop
      vertex -5.96954 4.01122 4.79044
      vertex -5.2218 3.52215 4.56764
      vertex -5.96795 4.02543 4.79204
    endloop
  endfacet
  facet normal 0.202922 -0.131775 0.970288
    outer loop
      vertex -5.2218 3.52215 4.56764
      vertex -5.96954 4.01122 4.79044
      vertex -5.34154 3.33776 4.56764
    endloop
  endfacet
  facet normal 0.202902 -0.131794 0.970289
    outer loop
      vertex -5.34154 3.33776 4.56764
      vertex -5.96954 4.01122 4.79044
      vertex -5.99904 3.74862 4.76094
    endloop
  endfacet
  facet normal 0.191408 -0.0812566 0.978141
    outer loop
      vertex -4.95362 2.00139 4.36444
      vertex -5.75408 2.56188 4.56764
      vertex -5.83999 2.35951 4.56764
    endloop
  endfacet
  facet normal 0.19141 -0.081254 0.978141
    outer loop
      vertex -4.95362 2.00139 4.36444
      vertex -4.88075 2.17305 4.36444
      vertex -5.75408 2.56188 4.56764
    endloop
  endfacet
  facet normal 0.196613 -0.0676972 0.978141
    outer loop
      vertex -5.08116 1.65097 4.36444
      vertex -5.02045 1.82729 4.36444
      vertex -5.91878 2.15426 4.56764
    endloop
  endfacet
  facet normal 0.166083 -0.0507757 0.984804
    outer loop
      vertex -4.21048 1.20734 4.19473
      vertex -4.16578 1.35355 4.19473
      vertex -5.08116 1.65097 4.36444
    endloop
  endfacet
  facet normal 0.101866 -0.0235146 0.99452
    outer loop
      vertex -2.36787 0.590376 3.95655
      vertex -3.31098 0.82552 4.05871
      vertex -3.33777 0.709465 4.05871
    endloop
  endfacet
  facet normal 0.131612 -0.0453154 0.990265
    outer loop
      vertex -3.20655 1.16709 4.05871
      vertex -4.11601 1.4981 4.19473
      vertex -4.16578 1.35355 4.19473
    endloop
  endfacet
  facet normal 0.173644 0.00302158 0.984804
    outer loop
      vertex -4.3775 -0.152865 4.19473
      vertex -4.38016 0 4.19473
      vertex -5.34265 0 4.36444
    endloop
  endfacet
  facet normal 0.0962351 0.0408467 0.99452
    outer loop
      vertex -2.22938 -0.992583 3.95655
      vertex -2.26266 -0.914175 3.95655
      vertex -3.11733 -1.38792 4.05871
    endloop
  endfacet
  facet normal 0.104146 -0.00911903 0.99452
    outer loop
      vertex -2.43442 0.170231 3.95655
      vertex -2.42699 0.255087 3.95655
      vertex -3.39365 0.356687 4.05871
    endloop
  endfacet
  facet normal 0.222697 0.0945535 0.970292
    outer loop
      vertex -6.09838 -2.71517 4.6616
      vertex -5.75408 -2.56188 4.56764
      vertex -6.10611 -2.61764 4.65387
    endloop
  endfacet
  facet normal 0.137481 0.0217776 0.990265
    outer loop
      vertex -4.31362 -0.760607 4.19473
      vertex -3.3605 -0.592546 4.05871
      vertex -4.33754 -0.609601 4.19473
    endloop
  endfacet
  facet normal 0.173009 0.0151427 0.984804
    outer loop
      vertex -5.31338 -0.558458 4.36444
      vertex -4.36949 -0.305545 4.19473
      vertex -5.32964 -0.372684 4.36444
    endloop
  endfacet
  facet normal 0.200858 0.0538135 0.978141
    outer loop
      vertex -5.13569 -1.47263 4.36444
      vertex -5.18395 -1.2925 4.36444
      vertex -6.11153 -1.52378 4.56764
    endloop
  endfacet
  facet normal 0.235665 -0.0544113 0.97031
    outer loop
      vertex -6.1766 1.52264 4.58338
      vertex -6.16099 1.30956 4.56764
      vertex -6.11153 1.52378 4.56764
    endloop
  endfacet
  facet normal 0.235768 -0.0544019 0.970285
    outer loop
      vertex -6.16099 1.30956 4.56764
      vertex -6.1766 1.52264 4.58338
      vertex -6.18598 1.31487 4.57401
    endloop
  endfacet
  facet normal 0.204121 -0.0396803 0.978141
    outer loop
      vertex -6.19235 1.14824 4.56764
      vertex -5.2259 1.1108 4.36444
      vertex -6.16099 1.30956 4.56764
    endloop
  endfacet
  facet normal 0.204117 -0.039777 0.978138
    outer loop
      vertex -5.2259 1.1108 4.36444
      vertex -6.19235 1.14824 4.56764
      vertex -6.19417 1.0939 4.56581
    endloop
  endfacet
  facet normal 0.051026 -0.0475863 0.997563
    outer loop
      vertex -1.08901 0.980548 3.88837
      vertex -1.05412 1.01796 3.88837
      vertex -1.81354 1.63292 3.95655
    endloop
  endfacet
  facet normal 0.116742 -0.0758065 0.990265
    outer loop
      vertex -2.89383 1.80826 4.05871
      vertex -2.82896 1.90816 4.05871
      vertex -3.63132 2.44936 4.19473
    endloop
  endfacet
  facet normal 0.0913206 -0.105051 0.990265
    outer loop
      vertex -2.2833 2.53586 4.05871
      vertex -2.81552 3.3554 4.19473
      vertex -2.9309 3.2551 4.19473
    endloop
  endfacet
  facet normal 0.0758065 -0.116742 0.990265
    outer loop
      vertex -1.90816 2.82896 4.05871
      vertex -1.80826 2.89383 4.05871
      vertex -2.44936 3.63132 4.19473
    endloop
  endfacet
  facet normal 0.16502 -0.17695 0.970287
    outer loop
      vertex -4.37539 4.53085 4.56764
      vertex -4.21461 4.68079 4.56764
      vertex -5.03414 5.21301 4.80408
    endloop
  endfacet
  facet normal 0.182608 -0.158738 0.970287
    outer loop
      vertex -4.82503 4.04868 4.56764
      vertex -4.68079 4.21461 4.56764
      vertex -5.55147 4.65824 4.80408
    endloop
  endfacet
  facet normal 0.182607 -0.158741 0.970287
    outer loop
      vertex -4.68079 4.21461 4.56764
      vertex -5.38552 4.84914 4.80408
      vertex -5.55147 4.65824 4.80408
    endloop
  endfacet
  facet normal 0.202476 -0.186381 0.961387
    outer loop
      vertex -5.47373 5.16423 4.88421
      vertex -5.21301 5.03414 4.80408
      vertex -5.47145 5.16583 4.88404
    endloop
  endfacet
  facet normal 0.201533 -0.188178 0.961235
    outer loop
      vertex -5.50151 5.13928 4.88515
      vertex -5.21301 5.03414 4.80408
      vertex -5.47373 5.16423 4.88421
    endloop
  endfacet
  facet normal 0.201606 -0.187995 0.961256
    outer loop
      vertex -5.21301 5.03414 4.80408
      vertex -5.50151 5.13928 4.88515
      vertex -5.38552 4.84914 4.80408
    endloop
  endfacet
  facet normal 0.201606 -0.187995 0.961256
    outer loop
      vertex -5.38552 4.84914 4.80408
      vertex -5.50151 5.13928 4.88515
      vertex -5.59512 5.03787 4.88495
    endloop
  endfacet
  facet normal 0.201599 -0.188027 0.961251
    outer loop
      vertex -5.44246 5.18607 4.88192
      vertex -5.21301 5.03414 4.80408
      vertex -5.39905 5.2138 4.87824
    endloop
  endfacet
  facet normal 0.201585 -0.188048 0.96125
    outer loop
      vertex -5.21301 5.03414 4.80408
      vertex -5.44246 5.18607 4.88192
      vertex -5.47145 5.16583 4.88404
    endloop
  endfacet
  facet normal 0.188036 -0.201551 0.961259
    outer loop
      vertex -5.143 5.35912 4.85601
      vertex -5.03414 5.21301 4.80408
      vertex -5.11319 5.36814 4.85207
    endloop
  endfacet
  facet normal 0.188178 -0.201443 0.961254
    outer loop
      vertex -5.03414 5.21301 4.80408
      vertex -5.143 5.35912 4.85601
      vertex -5.16688 5.35046 4.85887
    endloop
  endfacet
  facet normal 0.0467777 -0.20261 0.978142
    outer loop
      vertex -1.36478 5.77058 4.48941
      vertex -1.2925 5.18395 4.36444
      vertex -1.1108 5.2259 4.36444
    endloop
  endfacet
  facet normal 0.0467678 -0.202612 0.978142
    outer loop
      vertex -1.2925 5.18395 4.36444
      vertex -1.36478 5.77058 4.48941
      vertex -1.43804 5.76767 4.49231
    endloop
  endfacet
  facet normal 0.0608032 -0.198857 0.978141
    outer loop
      vertex -1.81293 5.74959 4.5104
      vertex -1.65097 5.08116 4.36444
      vertex -1.47263 5.13569 4.36444
    endloop
  endfacet
  facet normal 0.0607189 -0.198877 0.978142
    outer loop
      vertex -1.65097 5.08116 4.36444
      vertex -1.81293 5.74959 4.5104
      vertex -1.86724 5.74678 4.5132
    endloop
  endfacet
  facet normal 0.0608506 -0.198831 0.978143
    outer loop
      vertex -1.47263 5.13569 4.36444
      vertex -1.65107 5.75795 4.50203
      vertex -1.81293 5.74959 4.5104
    endloop
  endfacet
  facet normal 0.0676961 -0.19661 0.978142
    outer loop
      vertex -2.04477 5.73655 4.52343
      vertex -1.82729 5.02045 4.36444
      vertex -1.65097 5.08116 4.36444
    endloop
  endfacet
  facet normal 0.0677481 -0.196594 0.978142
    outer loop
      vertex -1.82729 5.02045 4.36444
      vertex -2.04477 5.73655 4.52343
      vertex -2.08705 5.73412 4.52587
    endloop
  endfacet
  facet normal 0.0565404 -0.16421 0.984804
    outer loop
      vertex -1.35355 4.16578 4.19473
      vertex -1.65097 5.08116 4.36444
      vertex -1.82729 5.02045 4.36444
    endloop
  endfacet
  facet normal 0.0622356 -0.162138 0.984804
    outer loop
      vertex -1.64084 4.06122 4.19473
      vertex -1.4981 4.11601 4.19473
      vertex -1.82729 5.02045 4.36444
    endloop
  endfacet
  facet normal 0.0565394 -0.164211 0.984804
    outer loop
      vertex -1.4981 4.11601 4.19473
      vertex -1.35355 4.16578 4.19473
      vertex -1.82729 5.02045 4.36444
    endloop
  endfacet
  facet normal 0.0543907 -0.128129 0.990265
    outer loop
      vertex -1.38792 3.11733 4.05871
      vertex -1.64084 4.06122 4.19473
      vertex -1.78157 4.00148 4.19473
    endloop
  endfacet
  facet normal 0.022712 -0.0659713 0.997563
    outer loop
      vertex -0.501198 1.37703 3.88837
      vertex -0.452835 1.39368 3.88837
      vertex -0.754112 2.32092 3.95655
    endloop
  endfacet
  facet normal 0.079836 -0.114023 0.990265
    outer loop
      vertex -2.00572 2.76064 4.05871
      vertex -2.44936 3.63132 4.19473
      vertex -2.5746 3.54363 4.19473
    endloop
  endfacet
  facet normal 0.0837697 -0.111165 0.990265
    outer loop
      vertex -2.00572 2.76064 4.05871
      vertex -2.5746 3.54363 4.19473
      vertex -2.6967 3.45162 4.19473
    endloop
  endfacet
  facet normal -0.0841948 -0.151897 0.984804
    outer loop
      vertex 2.67133 4.62687 4.36444
      vertex 2.50822 4.71728 4.36444
      vertex 2.19008 3.79333 4.19473
    endloop
  endfacet
  facet normal -0.113251 -0.174398 0.978141
    outer loop
      vertex 3.52215 5.2218 4.56764
      vertex 3.33776 5.34154 4.56764
      vertex 2.83117 4.53083 4.36444
    endloop
  endfacet
  facet normal -0.0878793 -0.188459 0.978141
    outer loop
      vertex 2.34206 4.80194 4.36444
      vertex 2.76114 5.66117 4.56764
      vertex 2.17305 4.88075 4.36444
    endloop
  endfacet
  facet normal -0.100809 -0.181871 0.978141
    outer loop
      vertex 2.67133 4.62687 4.36444
      vertex 2.95703 5.56136 4.56764
      vertex 2.50822 4.71728 4.36444
    endloop
  endfacet
  facet normal -0.109818 -0.215539 0.9703
    outer loop
      vertex 2.77304 5.68558 4.57441
      vertex 2.95703 5.56136 4.56764
      vertex 2.98125 5.66629 4.59369
    endloop
  endfacet
  facet normal -0.109833 -0.215562 0.970294
    outer loop
      vertex 2.95703 5.56136 4.56764
      vertex 2.77304 5.68558 4.57441
      vertex 2.76114 5.66117 4.56764
    endloop
  endfacet
  facet normal -0.0733969 -0.157402 0.984803
    outer loop
      vertex 2.34206 4.80194 4.36444
      vertex 2.17305 4.88075 4.36444
      vertex 1.92014 3.93687 4.19473
    endloop
  endfacet
  facet normal 0.0169614 -0.138158 0.990265
    outer loop
      vertex -0.356687 3.39365 4.05871
      vertex -0.457851 4.35617 4.19473
      vertex -0.609601 4.33754 4.19473
    endloop
  endfacet
  facet normal 0.0121306 -0.138666 0.990265
    outer loop
      vertex -0.356687 3.39365 4.05871
      vertex -0.238032 3.40403 4.05871
      vertex -0.457851 4.35617 4.19473
    endloop
  endfacet
  facet normal 0.025356 -0.206382 0.978143
    outer loop
      vertex -0.558458 5.31338 4.36444
      vertex -0.608871 5.79303 4.46695
      vertex -0.722776 5.7906 4.46939
    endloop
  endfacet
  facet normal -0.00546163 -0.104402 0.99452
    outer loop
      vertex 0.170231 2.43442 3.95655
      vertex 0.119088 3.41026 4.05871
      vertex 0.0851669 2.43887 3.95655
    endloop
  endfacet
  facet normal 0.00546163 -0.104402 0.99452
    outer loop
      vertex -0.0851669 2.43887 3.95655
      vertex -0.119088 3.41026 4.05871
      vertex -0.170231 2.43442 3.95655
    endloop
  endfacet
  facet normal -0.00728068 -0.139004 0.990265
    outer loop
      vertex 0.238032 3.40403 4.05871
      vertex 0.152865 4.3775 4.19473
      vertex 0.119088 3.41026 4.05871
    endloop
  endfacet
  facet normal -0.0217776 -0.137481 0.990265
    outer loop
      vertex 0.760607 4.31362 4.19473
      vertex 0.609601 4.33754 4.19473
      vertex 0.592546 3.3605 4.05871
    endloop
  endfacet
  facet normal 0.0030267 -0.173645 0.984804
    outer loop
      vertex -0.152865 4.3775 4.19473
      vertex 0 5.34265 4.36444
      vertex -0.186456 5.3394 4.36444
    endloop
  endfacet
  facet normal -0.025356 -0.206382 0.978143
    outer loop
      vertex 0.722776 5.7906 4.46939
      vertex 0.608871 5.79303 4.46695
      vertex 0.558458 5.31338 4.36444
    endloop
  endfacet
  facet normal -0.0744927 -0.194136 0.978142
    outer loop
      vertex 2.31098 5.71988 4.5401
      vertex 2.12463 5.73173 4.52826
      vertex 2.00139 4.95362 4.36444
    endloop
  endfacet
  facet normal -0.0608506 -0.198831 0.978143
    outer loop
      vertex 1.81293 5.74959 4.5104
      vertex 1.65107 5.75795 4.50203
      vertex 1.47263 5.13569 4.36444
    endloop
  endfacet
  facet normal -0.0151308 -0.173012 0.984804
    outer loop
      vertex 0.457851 4.35617 4.19473
      vertex 0.558458 5.31338 4.36444
      vertex 0.305545 4.36949 4.19473
    endloop
  endfacet
  facet normal -0.00362769 -0.207907 0.978142
    outer loop
      vertex 0.105195 5.7983 4.46168
      vertex 0 5.79863 4.46136
      vertex 0 5.34265 4.36444
    endloop
  endfacet
  facet normal -0.0745533 -0.194125 0.97814
    outer loop
      vertex 2.08705 5.73412 4.52587
      vertex 2.00139 4.95362 4.36444
      vertex 2.12463 5.73173 4.52826
    endloop
  endfacet
  facet normal -0.0745185 -0.19413 0.978141
    outer loop
      vertex 2.00139 4.95362 4.36444
      vertex 2.08705 5.73412 4.52587
      vertex 1.82729 5.02045 4.36444
    endloop
  endfacet
  facet normal -0.0677481 -0.196594 0.978142
    outer loop
      vertex 2.04477 5.73655 4.52343
      vertex 1.82729 5.02045 4.36444
      vertex 2.08705 5.73412 4.52587
    endloop
  endfacet
  facet normal -0.0676961 -0.19661 0.978142
    outer loop
      vertex 1.82729 5.02045 4.36444
      vertex 2.04477 5.73655 4.52343
      vertex 1.65097 5.08116 4.36444
    endloop
  endfacet
  facet normal 0.152244 -0.188058 0.970287
    outer loop
      vertex -3.87782 4.96339 4.56764
      vertex -4.31046 5.51714 4.74285
      vertex -4.56779 5.48331 4.77667
    endloop
  endfacet
  facet normal 0.158736 -0.182606 0.970288
    outer loop
      vertex -4.59774 5.47937 4.78061
      vertex -4.21461 4.68079 4.56764
      vertex -4.04868 4.82503 4.56764
    endloop
  endfacet
  facet normal 0.158823 -0.182563 0.970281
    outer loop
      vertex -4.21461 4.68079 4.56764
      vertex -4.59774 5.47937 4.78061
      vertex -4.61994 5.47632 4.78367
    endloop
  endfacet
  facet normal 0.180858 -0.207997 0.961264
    outer loop
      vertex -4.84914 5.38552 4.80408
      vertex -4.87365 5.43806 4.82006
      vertex -4.89269 5.43389 4.82274
    endloop
  endfacet
  facet normal 0.195015 -0.19484 0.961253
    outer loop
      vertex -5.18607 5.34334 4.86132
      vertex -5.03414 5.21301 4.80408
      vertex -5.16688 5.35046 4.85887
    endloop
  endfacet
  facet normal 0.194902 -0.194971 0.961249
    outer loop
      vertex -5.22487 5.32319 4.8651
      vertex -5.03414 5.21301 4.80408
      vertex -5.18607 5.34334 4.86132
    endloop
  endfacet
  facet normal 0.194927 -0.194927 0.961253
    outer loop
      vertex -5.03414 5.21301 4.80408
      vertex -5.22487 5.32319 4.8651
      vertex -5.21301 5.03414 4.80408
    endloop
  endfacet
  facet normal 0.194936 -0.194927 0.961251
    outer loop
      vertex -5.21301 5.03414 4.80408
      vertex -5.22487 5.32319 4.8651
      vertex -5.39905 5.2138 4.87824
    endloop
  endfacet
  facet normal 0.125144 -0.16607 0.978141
    outer loop
      vertex -3.14033 4.3223 4.36444
      vertex -3.70224 5.0957 4.56764
      vertex -3.87782 4.96339 4.56764
    endloop
  endfacet
  facet normal 0.119271 -0.170337 0.978141
    outer loop
      vertex -3.14033 4.3223 4.36444
      vertex -3.52215 5.2218 4.56764
      vertex -3.70224 5.0957 4.56764
    endloop
  endfacet
  facet normal 0.0631951 -0.124023 0.990265
    outer loop
      vertex -1.602 3.01292 4.05871
      vertex -1.92014 3.93687 4.19473
      vertex -2.05636 3.86746 4.19473
    endloop
  endfacet
  facet normal 0.094401 -0.185278 0.978141
    outer loop
      vertex -2.50822 4.71728 4.36444
      vertex -2.34206 4.80194 4.36444
      vertex -2.76114 5.66117 4.56764
    endloop
  endfacet
  facet normal 0.113251 -0.174398 0.978141
    outer loop
      vertex -2.83117 4.53083 4.36444
      vertex -3.33776 5.34154 4.56764
      vertex -3.52215 5.2218 4.56764
    endloop
  endfacet
  facet normal 0.102251 -0.219259 0.970294
    outer loop
      vertex -2.76114 5.66117 4.56764
      vertex -2.69428 5.69235 4.56764
      vertex -2.77304 5.68558 4.57441
    endloop
  endfacet
  facet normal 0.00911903 -0.104146 0.99452
    outer loop
      vertex -0.255087 2.42699 3.95655
      vertex -0.170231 2.43442 3.95655
      vertex -0.356687 3.39365 4.05871
    endloop
  endfacet
  facet normal 0.00608593 -0.0695058 0.997563
    outer loop
      vertex -0.102221 1.46184 3.88837
      vertex -0.170231 2.43442 3.95655
      vertex -0.255087 2.42699 3.95655
    endloop
  endfacet
  facet normal 0.0199509 -0.102624 0.99452
    outer loop
      vertex -0.50738 2.38703 3.95655
      vertex -0.592546 3.3605 4.05871
      vertex -0.709465 3.33777 4.05871
    endloop
  endfacet
  facet normal 0.0163485 -0.103259 0.99452
    outer loop
      vertex -0.423763 2.40329 3.95655
      vertex -0.339632 2.41661 3.95655
      vertex -0.592546 3.3605 4.05871
    endloop
  endfacet
  facet normal 0.0340342 -0.0988503 0.99452
    outer loop
      vertex -0.834652 2.29319 3.95655
      vertex -0.754112 2.32092 3.95655
      vertex -1.16709 3.20655 4.05871
    endloop
  endfacet
  facet normal 0.0272606 -0.0642262 0.997563
    outer loop
      vertex -0.596034 1.33872 3.88837
      vertex -0.914175 2.26266 3.95655
      vertex -0.992583 2.22938 3.95655
    endloop
  endfacet
  facet normal 0.031674 -0.0621681 0.997563
    outer loop
      vertex -0.687966 1.29388 3.88837
      vertex -0.642391 1.3171 3.88837
      vertex -1.14568 2.15471 3.95655
    endloop
  endfacet
  facet normal 0.0294886 -0.0632342 0.997563
    outer loop
      vertex -0.596034 1.33872 3.88837
      vertex -0.992583 2.22938 3.95655
      vertex -1.06978 2.19338 3.95655
    endloop
  endfacet
  facet normal 0.0313082 -0.135628 0.990265
    outer loop
      vertex -0.82552 3.31098 4.05871
      vertex -0.709465 3.33777 4.05871
      vertex -1.05966 4.25006 4.19473
    endloop
  endfacet
  facet normal 0.0235146 -0.101866 0.99452
    outer loop
      vertex -0.590376 2.36787 3.95655
      vertex -0.709465 3.33777 4.05871
      vertex -0.82552 3.31098 4.05871
    endloop
  endfacet
  facet normal -0.138779 -0.198199 0.970287
    outer loop
      vertex 3.9176 5.56556 4.69442
      vertex 3.70224 5.0957 4.56764
      vertex 4.03361 5.55179 4.7082
    endloop
  endfacet
  facet normal -0.13878 -0.198198 0.970287
    outer loop
      vertex 3.70224 5.0957 4.56764
      vertex 3.9176 5.56556 4.69442
      vertex 3.52215 5.2218 4.56764
    endloop
  endfacet
  facet normal -0.124637 -0.207368 0.970291
    outer loop
      vertex 3.50717 5.61264 4.64734
      vertex 3.42336 5.62151 4.63847
      vertex 3.33776 5.34154 4.56764
    endloop
  endfacet
  facet normal -0.136426 -0.156932 0.978141
    outer loop
      vertex 3.57493 3.97036 4.36444
      vertex 4.21461 4.68079 4.56764
      vertex 3.43419 4.09271 4.36444
    endloop
  endfacet
  facet normal -0.130863 -0.161602 0.978141
    outer loop
      vertex 4.04868 4.82503 4.56764
      vertex 3.87782 4.96339 4.56764
      vertex 3.43419 4.09271 4.36444
    endloop
  endfacet
  facet normal -0.161603 -0.130861 0.978141
    outer loop
      vertex 4.21007 3.28926 4.36444
      vertex 4.96339 3.87782 4.56764
      vertex 4.09271 3.43419 4.36444
    endloop
  endfacet
  facet normal 0.0348587 0.00182212 0.999391
    outer loop
      vertex -1.46184 -0.102221 3.88837
      vertex -0.487476 -0.0340872 3.85426
      vertex -1.46451 -0.0511417 3.88837
    endloop
  endfacet
  facet normal 0.0689129 0.0109106 0.997563
    outer loop
      vertex -2.40329 -0.423763 3.95655
      vertex -1.44314 -0.254465 3.88837
      vertex -2.41661 -0.339632 3.95655
    endloop
  endfacet
  facet normal -0.0342649 0.00666143 0.999391
    outer loop
      vertex 1.43338 -0.304675 3.88837
      vertex 0.481243 -0.084856 3.85426
      vertex 0.477988 -0.101599 3.85426
    endloop
  endfacet
  facet normal -0.0557239 -0.0419875 0.997563
    outer loop
      vertex 1.97429 1.43441 3.95655
      vertex 1.92303 1.50244 3.95655
      vertex 1.18554 0.861344 3.88837
    endloop
  endfacet
  facet normal 0.0109106 -0.0689129 0.997563
    outer loop
      vertex -0.254465 1.44314 3.88837
      vertex -0.339632 2.41661 3.95655
      vertex -0.423763 2.40329 3.95655
    endloop
  endfacet
  facet normal 0.00364501 -0.0696763 0.997563
    outer loop
      vertex -0.0511417 1.46451 3.88837
      vertex -0.0851669 2.43887 3.95655
      vertex -0.170231 2.43442 3.95655
    endloop
  endfacet
  facet normal 0.000614193 -0.034901 0.999391
    outer loop
      vertex -0.0170536 0.488369 3.85426
      vertex 0 1.46541 3.88837
      vertex -0.0511417 1.46451 3.88837
    endloop
  endfacet
  facet normal -0.0133182 -0.0684886 0.997563
    outer loop
      vertex 0.50738 2.38703 3.95655
      vertex 0.423763 2.40329 3.95655
      vertex 0.304675 1.43338 3.88837
    endloop
  endfacet
  facet normal -0.0270512 -0.100985 0.99452
    outer loop
      vertex 0.672654 2.34583 3.95655
      vertex 0.940568 3.28015 4.05871
      vertex 0.590376 2.36787 3.95655
    endloop
  endfacet
  facet normal 0.0179814 -0.0299187 0.999391
    outer loop
      vertex -0.258954 0.414412 3.85426
      vertex -0.732703 1.26908 3.88837
      vertex -0.776546 1.24273 3.88837
    endloop
  endfacet
  facet normal -0.0498774 -0.129952 0.990265
    outer loop
      vertex 1.27829 3.16387 4.05871
      vertex 1.64084 4.06122 4.19473
      vertex 1.16709 3.20655 4.05871
    endloop
  endfacet
  facet normal 0.0136385 -0.0321315 0.999391
    outer loop
      vertex -0.198758 0.44642 3.85426
      vertex -0.183058 0.453084 3.85426
      vertex -0.596034 1.33872 3.88837
    endloop
  endfacet
  facet normal 0.0229017 -0.0263431 0.999391
    outer loop
      vertex -0.326982 0.363151 3.85426
      vertex -0.941945 1.12257 3.88837
      vertex -0.980548 1.08901 3.88837
    endloop
  endfacet
  facet normal -0.0419875 -0.0557239 0.997563
    outer loop
      vertex 1.50244 1.92303 3.95655
      vertex 1.43441 1.97429 3.95655
      vertex 0.861344 1.18554 3.88837
    endloop
  endfacet
  facet normal -0.0294907 -0.0632331 0.997563
    outer loop
      vertex 0.642391 1.3171 3.88837
      vertex 1.06978 2.19338 3.95655
      vertex 0.596034 1.33872 3.88837
    endloop
  endfacet
  facet normal 0.0219678 0.0271267 0.999391
    outer loop
      vertex -0.300853 -0.385075 3.85426
      vertex -0.314109 -0.37434 3.85426
      vertex -0.941945 -1.12257 3.88837
    endloop
  endfacet
  facet normal -0.0758088 -0.11674 0.990265
    outer loop
      vertex 2.44936 3.63132 4.19473
      vertex 2.32113 3.71459 4.19473
      vertex 1.80826 2.89383 4.05871
    endloop
  endfacet
  facet normal -0.187618 -0.201825 0.961284
    outer loop
      vertex 5.03414 5.21301 4.80408
      vertex 5.12776 5.36751 4.85479
      vertex 5.11518 5.37206 4.85329
    endloop
  endfacet
  facet normal -0.188102 -0.201521 0.961253
    outer loop
      vertex 5.12776 5.36751 4.85479
      vertex 5.03414 5.21301 4.80408
      vertex 5.16499 5.3485 4.85809
    endloop
  endfacet
  facet normal -0.0984252 -0.0984252 0.990265
    outer loop
      vertex 3.04272 3.15083 4.19473
      vertex 2.45463 2.37041 4.05871
      vertex 3.15083 3.04272 4.19473
    endloop
  endfacet
  facet normal -0.0984252 -0.0984252 0.990265
    outer loop
      vertex 2.45463 2.37041 4.05871
      vertex 3.04272 3.15083 4.19473
      vertex 2.37041 2.45463 4.05871
    endloop
  endfacet
  facet normal -0.0856387 -0.0599643 0.99452
    outer loop
      vertex 2.02315 1.36463 3.95655
      vertex 2.76064 2.00572 4.05871
      vertex 1.97429 1.43441 3.95655
    endloop
  endfacet
  facet normal -0.126156 -0.0588217 0.990265
    outer loop
      vertex 4.00148 1.78157 4.19473
      vertex 3.93687 1.92014 4.19473
      vertex 3.11733 1.38792 4.05871
    endloop
  endfacet
  facet normal -0.198856 -0.0607995 0.978141
    outer loop
      vertex 6.05463 1.73614 4.56764
      vertex 5.99035 1.94638 4.56764
      vertex 5.13569 1.47263 4.36444
    endloop
  endfacet
  facet normal -0.185278 -0.094401 0.978141
    outer loop
      vertex 4.80194 2.34206 4.36444
      vertex 5.66117 2.76114 4.56764
      vertex 4.71728 2.50822 4.36444
    endloop
  endfacet
  facet normal -0.0976022 -0.037461 0.99452
    outer loop
      vertex 3.20655 1.16709 4.05871
      vertex 3.16387 1.27829 4.05871
      vertex 2.26266 0.914175 3.95655
    endloop
  endfacet
  facet normal -0.148866 -0.089446 0.984804
    outer loop
      vertex 4.62687 2.67133 4.36444
      vertex 4.53083 2.83117 4.36444
      vertex 3.71459 2.32113 4.19473
    endloop
  endfacet
  facet normal -0.181871 -0.100809 0.978141
    outer loop
      vertex 4.71728 2.50822 4.36444
      vertex 5.56136 2.95703 4.56764
      vertex 4.62687 2.67133 4.36444
    endloop
  endfacet
  facet normal -0.0585209 -0.0379917 0.997563
    outer loop
      vertex 1.24273 0.776546 3.88837
      vertex 2.06954 1.29319 3.95655
      vertex 1.21488 0.819445 3.88837
    endloop
  endfacet
  facet normal -0.116742 -0.0758065 0.990265
    outer loop
      vertex 2.89383 1.80826 4.05871
      vertex 3.63132 2.44936 4.19473
      vertex 2.82896 1.90816 4.05871
    endloop
  endfacet
  facet normal -0.104402 -0.00546834 0.99452
    outer loop
      vertex 3.41026 0.119088 4.05871
      vertex 3.40403 0.238032 4.05871
      vertex 2.43442 0.170231 3.95655
    endloop
  endfacet
  facet normal -0.104402 -0.00546163 0.99452
    outer loop
      vertex 2.43887 0.0851669 3.95655
      vertex 3.41026 0.119088 4.05871
      vertex 2.43442 0.170231 3.95655
    endloop
  endfacet
  facet normal -0.103259 -0.0163485 0.99452
    outer loop
      vertex 2.41661 0.339632 3.95655
      vertex 3.3605 0.592546 4.05871
      vertex 2.40329 0.423763 3.95655
    endloop
  endfacet
  facet normal -0.136636 -0.0265632 0.990265
    outer loop
      vertex 3.3605 0.592546 4.05871
      vertex 4.28445 0.910687 4.19473
      vertex 3.33777 0.709465 4.05871
    endloop
  endfacet
  facet normal -0.00425261 -0.0346463 0.999391
    outer loop
      vertex 0.0680084 0.483912 3.85426
      vertex 0.153176 1.45738 3.88837
      vertex 0.0510788 0.48599 3.85426
    endloop
  endfacet
  facet normal -0.0526559 -0.0457771 0.997563
    outer loop
      vertex 1.12257 0.941945 3.88837
      vertex 1.86942 1.56863 3.95655
      vertex 1.08901 0.980548 3.88837
    endloop
  endfacet
  facet normal -0.059802 -0.0359415 0.997563
    outer loop
      vertex 1.26908 0.732703 3.88837
      vertex 2.06954 1.29319 3.95655
      vertex 1.24273 0.776546 3.88837
    endloop
  endfacet
  facet normal -0.0169239 0.0305292 0.999391
    outer loop
      vertex 0.687966 -1.29388 3.88837
      vertex 0.732703 -1.26908 3.88837
      vertex 0.229415 -0.431467 3.85426
    endloop
  endfacet
  facet normal -0.0133132 -0.0684892 0.997563
    outer loop
      vertex 0.304675 1.43338 3.88837
      vertex 0.423763 2.40329 3.95655
      vertex 0.254465 1.44314 3.88837
    endloop
  endfacet
  facet normal -0.0271272 0.0219673 0.999391
    outer loop
      vertex 1.12257 -0.941945 3.88837
      vertex 1.15476 -0.902194 3.88837
      vertex 0.385075 -0.300853 3.85426
    endloop
  endfacet
  facet normal -0.0659708 -0.0227138 0.997563
    outer loop
      vertex 2.32092 0.754112 3.95655
      vertex 2.29319 0.834652 3.95655
      vertex 1.37703 0.501198 3.88837
    endloop
  endfacet
  facet normal -0.0651363 -0.0250067 0.997563
    outer loop
      vertex 2.29319 0.834652 3.95655
      vertex 2.26266 0.914175 3.95655
      vertex 1.37703 0.501198 3.88837
    endloop
  endfacet
  facet normal 0.0342651 -0.00666058 0.999391
    outer loop
      vertex -0.481243 0.084856 3.85426
      vertex -1.43338 0.304675 3.88837
      vertex -1.44314 0.254465 3.88837
    endloop
  endfacet
  facet normal -0.103765 -0.0127398 0.99452
    outer loop
      vertex 2.42699 0.255087 3.95655
      vertex 3.39365 0.356687 4.05871
      vertex 2.41661 0.339632 3.95655
    endloop
  endfacet
  facet normal -0.0337167 -0.00903533 0.999391
    outer loop
      vertex 1.42188 0.354513 3.88837
      vertex 1.40864 0.40392 3.88837
      vertex 0.469737 0.134694 3.85426
    endloop
  endfacet
  facet normal -0.0673957 -0.0180535 0.997563
    outer loop
      vertex 2.36787 0.590376 3.95655
      vertex 2.34583 0.672654 3.95655
      vertex 1.42188 0.354513 3.88837
    endloop
  endfacet
  facet normal -0.0689129 -0.0109106 0.997563
    outer loop
      vertex 2.41661 0.339632 3.95655
      vertex 2.40329 0.423763 3.95655
      vertex 1.44314 0.254465 3.88837
    endloop
  endfacet
  facet normal -0.0342651 -0.00666058 0.999391
    outer loop
      vertex 1.44314 0.254465 3.88837
      vertex 1.43338 0.304675 3.88837
      vertex 0.481243 0.084856 3.85426
    endloop
  endfacet
  facet normal -0.16775 -0.044959 0.984804
    outer loop
      vertex 4.25006 1.05966 4.19473
      vertex 5.13569 1.47263 4.36444
      vertex 4.21048 1.20734 4.19473
    endloop
  endfacet
  facet normal -0.170482 -0.0331355 0.984804
    outer loop
      vertex 5.26148 0.927741 4.36444
      vertex 5.2259 1.1108 4.36444
      vertex 4.28445 0.910687 4.19473
    endloop
  endfacet
  facet normal -0.235768 -0.0544019 0.970285
    outer loop
      vertex 6.1766 1.52264 4.58338
      vertex 6.16099 1.30956 4.56764
      vertex 6.18598 1.31487 4.57401
    endloop
  endfacet
  facet normal -0.235665 -0.0544113 0.97031
    outer loop
      vertex 6.16099 1.30956 4.56764
      vertex 6.1766 1.52264 4.58338
      vertex 6.11153 1.52378 4.56764
    endloop
  endfacet
  facet normal -0.139005 0.00729256 0.990265
    outer loop
      vertex 4.36949 -0.305545 4.19473
      vertex 4.3775 -0.152865 4.19473
      vertex 3.40403 -0.238032 4.05871
    endloop
  endfacet
  facet normal -0.138158 0.0169614 0.990265
    outer loop
      vertex 4.33754 -0.609601 4.19473
      vertex 4.35617 -0.457851 4.19473
      vertex 3.39365 -0.356687 4.05871
    endloop
  endfacet
  facet normal -0.0163524 -0.103258 0.99452
    outer loop
      vertex 0.592546 3.3605 4.05871
      vertex 0.474906 3.37913 4.05871
      vertex 0.339632 2.41661 3.95655
    endloop
  endfacet
  facet normal -0.0265574 -0.136638 0.990265
    outer loop
      vertex 0.910687 4.28445 4.19473
      vertex 0.760607 4.31362 4.19473
      vertex 0.592546 3.3605 4.05871
    endloop
  endfacet
  facet normal -0.0390643 -0.169222 0.984804
    outer loop
      vertex 1.05966 4.25006 4.19473
      vertex 1.1108 5.2259 4.36444
      vertex 0.910687 4.28445 4.19473
    endloop
  endfacet
  facet normal -0.0331355 -0.170482 0.984804
    outer loop
      vertex 1.1108 5.2259 4.36444
      vertex 0.927741 5.26148 4.36444
      vertex 0.910687 4.28445 4.19473
    endloop
  endfacet
  facet normal -0.0449449 -0.167756 0.984803
    outer loop
      vertex 1.47263 5.13569 4.36444
      vertex 1.2925 5.18395 4.36444
      vertex 1.05966 4.25006 4.19473
    endloop
  endfacet
  facet normal -0.044959 -0.16775 0.984804
    outer loop
      vertex 1.20734 4.21048 4.19473
      vertex 1.47263 5.13569 4.36444
      vertex 1.05966 4.25006 4.19473
    endloop
  endfacet
  facet normal -0.0360342 -0.13445 0.990265
    outer loop
      vertex 1.20734 4.21048 4.19473
      vertex 1.05966 4.25006 4.19473
      vertex 0.940568 3.28015 4.05871
    endloop
  endfacet
  facet normal -0.0340379 -0.0988486 0.99452
    outer loop
      vertex 1.16709 3.20655 4.05871
      vertex 1.05447 3.24533 4.05871
      vertex 0.754112 2.32092 3.95655
    endloop
  endfacet
  facet normal -0.0543928 -0.128128 0.990265
    outer loop
      vertex 1.38792 3.11733 4.05871
      vertex 1.64084 4.06122 4.19473
      vertex 1.27829 3.16387 4.05871
    endloop
  endfacet
  facet normal -0.0588217 -0.126156 0.990265
    outer loop
      vertex 1.92014 3.93687 4.19473
      vertex 1.78157 4.00148 4.19473
      vertex 1.38792 3.11733 4.05871
    endloop
  endfacet
  facet normal -0.0313092 -0.135627 0.990265
    outer loop
      vertex 1.05966 4.25006 4.19473
      vertex 0.910687 4.28445 4.19473
      vertex 0.709465 3.33777 4.05871
    endloop
  endfacet
  facet normal -0.0507757 -0.166083 0.984804
    outer loop
      vertex 1.35355 4.16578 4.19473
      vertex 1.65097 5.08116 4.36444
      vertex 1.20734 4.21048 4.19473
    endloop
  endfacet
  facet normal -0.0674886 -0.12174 0.990265
    outer loop
      vertex 2.19008 3.79333 4.19473
      vertex 2.05636 3.86746 4.19473
      vertex 1.70617 2.95517 4.05871
    endloop
  endfacet
  facet normal -0.0842048 -0.151894 0.984803
    outer loop
      vertex 2.19008 3.79333 4.19473
      vertex 2.50822 4.71728 4.36444
      vertex 2.05636 3.86746 4.19473
    endloop
  endfacet
  facet normal -0.10452 -0.138699 0.984804
    outer loop
      vertex 3.28926 4.21007 4.36444
      vertex 3.14033 4.3223 4.36444
      vertex 2.5746 3.54363 4.19473
    endloop
  endfacet
  facet normal -0.104519 -0.1387 0.984804
    outer loop
      vertex 2.6967 3.45162 4.19473
      vertex 3.28926 4.21007 4.36444
      vertex 2.5746 3.54363 4.19473
    endloop
  endfacet
  facet normal -0.20163 -0.18798 0.961254
    outer loop
      vertex 5.46697 5.16355 4.88265
      vertex 5.38552 4.84914 4.80408
      vertex 5.59706 5.03961 4.8857
    endloop
  endfacet
  facet normal -0.2016 -0.187989 0.961258
    outer loop
      vertex 5.38552 4.84914 4.80408
      vertex 5.46697 5.16355 4.88265
      vertex 5.21301 5.03414 4.80408
    endloop
  endfacet
  facet normal -0.145652 -0.0945901 0.984804
    outer loop
      vertex 4.53083 2.83117 4.36444
      vertex 4.42926 2.98757 4.36444
      vertex 3.63132 2.44936 4.19473
    endloop
  endfacet
  facet normal -0.134968 -0.109296 0.984804
    outer loop
      vertex 3.45162 2.6967 4.19473
      vertex 4.21007 3.28926 4.36444
      vertex 3.3554 2.81552 4.19473
    endloop
  endfacet
  facet normal -0.138699 -0.10452 0.984804
    outer loop
      vertex 4.3223 3.14033 4.36444
      vertex 4.21007 3.28926 4.36444
      vertex 3.54363 2.5746 4.19473
    endloop
  endfacet
  facet normal -0.20639 0.025343 0.978141
    outer loop
      vertex 6.20046 -0.863902 4.55953
      vertex 6.20499 -0.65217 4.555
      vertex 5.31338 -0.558458 4.36444
    endloop
  endfacet
  facet normal -0.185278 0.0944029 0.978141
    outer loop
      vertex 5.56136 -2.95703 4.56764
      vertex 5.66117 -2.76114 4.56764
      vertex 4.71728 -2.50822 4.36444
    endloop
  endfacet
  facet normal -0.138797 0.198179 0.970289
    outer loop
      vertex 3.76615 -5.58355 4.67643
      vertex 3.9176 -5.56556 4.69442
      vertex 3.52215 -5.2218 4.56764
    endloop
  endfacet
  facet normal -0.237308 0.0461318 0.970338
    outer loop
      vertex 6.18623 -1.30824 4.57375
      vertex 6.19235 -1.14824 4.56764
      vertex 6.16099 -1.30956 4.56764
    endloop
  endfacet
  facet normal -0.0270512 0.100985 0.99452
    outer loop
      vertex 0.940568 -3.28015 4.05871
      vertex 0.672654 -2.34583 3.95655
      vertex 0.590376 -2.36787 3.95655
    endloop
  endfacet
  facet normal -0.0360294 0.134451 0.990265
    outer loop
      vertex 1.05966 -4.25006 4.19473
      vertex 0.940568 -3.28015 4.05871
      vertex 0.82552 -3.31098 4.05871
    endloop
  endfacet
  facet normal 0.0270512 0.100985 0.99452
    outer loop
      vertex -0.590376 -2.36787 3.95655
      vertex -0.672654 -2.34583 3.95655
      vertex -0.940568 -3.28015 4.05871
    endloop
  endfacet
  facet normal 0.0674901 0.121739 0.990265
    outer loop
      vertex -1.602 -3.01292 4.05871
      vertex -1.70617 -2.95517 4.05871
      vertex -2.05636 -3.86746 4.19473
    endloop
  endfacet
  facet normal 0.00364212 0.0696767 0.997563
    outer loop
      vertex -0.0511417 -1.46451 3.88837
      vertex -0.102221 -1.46184 3.88837
      vertex -0.170231 -2.43442 3.95655
    endloop
  endfacet
  facet normal -0.00546615 0.0344757 0.999391
    outer loop
      vertex 0.203945 -1.45115 3.88837
      vertex 0.254465 -1.44314 3.88837
      vertex 0.0680084 -0.483912 3.85426
    endloop
  endfacet
  facet normal -0.0331355 0.170482 0.984804
    outer loop
      vertex 0.927741 -5.26148 4.36444
      vertex 1.1108 -5.2259 4.36444
      vertex 0.910687 -4.28445 4.19473
    endloop
  endfacet
  facet normal -0.0265574 0.136638 0.990265
    outer loop
      vertex 0.760607 -4.31362 4.19473
      vertex 0.910687 -4.28445 4.19473
      vertex 0.592546 -3.3605 4.05871
    endloop
  endfacet
  facet normal -0.0914349 0.0506881 0.99452
    outer loop
      vertex 2.95517 -1.70617 4.05871
      vertex 2.15471 -1.14568 3.95655
      vertex 2.11341 -1.22018 3.95655
    endloop
  endfacet
  facet normal -0.215582 0.109843 0.970288
    outer loop
      vertex 5.56136 -2.95703 4.56764
      vertex 6.077 -2.96395 4.68299
      vertex 5.66117 -2.76114 4.56764
    endloop
  endfacet
  facet normal -0.215581 0.109868 0.970285
    outer loop
      vertex 6.077 -2.96395 4.68299
      vertex 5.56136 -2.95703 4.56764
      vertex 6.06683 -3.07372 4.69316
    endloop
  endfacet
  facet normal -0.196613 0.0676972 0.978141
    outer loop
      vertex 5.91878 -2.15426 4.56764
      vertex 5.08116 -1.65097 4.36444
      vertex 5.02045 -1.82729 4.36444
    endloop
  endfacet
  facet normal -0.0621682 0.0316739 0.997563
    outer loop
      vertex 2.15471 -1.14568 3.95655
      vertex 2.19338 -1.06978 3.95655
      vertex 1.3171 -0.642391 3.88837
    endloop
  endfacet
  facet normal -0.0689129 0.0109106 0.997563
    outer loop
      vertex 2.40329 -0.423763 3.95655
      vertex 2.41661 -0.339632 3.95655
      vertex 1.44314 -0.254465 3.88837
    endloop
  endfacet
  facet normal -0.0285929 -0.0200223 0.999391
    outer loop
      vertex 1.21488 0.819445 3.88837
      vertex 1.18554 0.861344 3.88837
      vertex 0.39534 0.287231 3.85426
    endloop
  endfacet
  facet normal -0.103258 0.0163524 0.99452
    outer loop
      vertex 3.3605 -0.592546 4.05871
      vertex 3.37913 -0.474906 4.05871
      vertex 2.41661 -0.339632 3.95655
    endloop
  endfacet
  facet normal -0.104147 0.00911088 0.99452
    outer loop
      vertex 3.39365 -0.356687 4.05871
      vertex 3.40403 -0.238032 4.05871
      vertex 2.43442 -0.170231 3.95655
    endloop
  endfacet
  facet normal -0.104146 0.00911903 0.99452
    outer loop
      vertex 3.39365 -0.356687 4.05871
      vertex 2.43442 -0.170231 3.95655
      vertex 2.42699 -0.255087 3.95655
    endloop
  endfacet
  facet normal -0.103765 0.0127448 0.99452
    outer loop
      vertex 3.37913 -0.474906 4.05871
      vertex 3.39365 -0.356687 4.05871
      vertex 2.41661 -0.339632 3.95655
    endloop
  endfacet
  facet normal -0.138666 0.0121306 0.990265
    outer loop
      vertex 4.35617 -0.457851 4.19473
      vertex 3.40403 -0.238032 4.05871
      vertex 3.39365 -0.356687 4.05871
    endloop
  endfacet
  facet normal -0.233695 -0.0626145 0.970292
    outer loop
      vertex 6.05463 1.73614 4.56764
      vertex 6.17483 1.55886 4.58515
      vertex 6.16398 1.76749 4.596
    endloop
  endfacet
  facet normal -0.233699 -0.0626177 0.970291
    outer loop
      vertex 6.17483 1.55886 4.58515
      vertex 6.05463 1.73614 4.56764
      vertex 6.11153 1.52378 4.56764
    endloop
  endfacet
  facet normal -0.202613 -0.0467782 0.978141
    outer loop
      vertex 5.2259 1.1108 4.36444
      vertex 6.11153 1.52378 4.56764
      vertex 5.18395 1.2925 4.36444
    endloop
  endfacet
  facet normal -0.161602 -0.130863 0.978141
    outer loop
      vertex 4.96339 3.87782 4.56764
      vertex 4.82503 4.04868 4.56764
      vertex 4.09271 3.43419 4.36444
    endloop
  endfacet
  facet normal -0.178243 -0.107098 0.978141
    outer loop
      vertex 4.62687 2.67133 4.36444
      vertex 5.34154 3.33776 4.56764
      vertex 4.53083 2.83117 4.36444
    endloop
  endfacet
  facet normal -0.202811 -0.131944 0.970288
    outer loop
      vertex 5.2218 3.52215 4.56764
      vertex 5.96954 4.01122 4.79044
      vertex 5.96795 4.02543 4.79204
    endloop
  endfacet
  facet normal -0.202922 -0.131775 0.970288
    outer loop
      vertex 5.96954 4.01122 4.79044
      vertex 5.2218 3.52215 4.56764
      vertex 5.34154 3.33776 4.56764
    endloop
  endfacet
  facet normal -0.0453196 0.131611 0.990265
    outer loop
      vertex 1.35355 -4.16578 4.19473
      vertex 1.16709 -3.20655 4.05871
      vertex 1.05447 -3.24533 4.05871
    endloop
  endfacet
  facet normal -0.067694 0.196611 0.978142
    outer loop
      vertex 1.86724 -5.74678 4.5132
      vertex 2.04477 -5.73655 4.52343
      vertex 1.65097 -5.08116 4.36444
    endloop
  endfacet
  facet normal -0.00850242 -0.0692521 0.997563
    outer loop
      vertex 0.339632 2.41661 3.95655
      vertex 0.255087 2.42699 3.95655
      vertex 0.203945 1.45115 3.88837
    endloop
  endfacet
  facet normal 0.0102055 -0.0333811 0.999391
    outer loop
      vertex -0.151006 0.46475 3.85426
      vertex -0.134694 0.469737 3.85426
      vertex -0.40392 1.40864 3.88837
    endloop
  endfacet
  facet normal -0.0337167 -0.00903493 0.999391
    outer loop
      vertex 0.474152 0.118218 3.85426
      vertex 1.42188 0.354513 3.88837
      vertex 0.469737 0.134694 3.85426
    endloop
  endfacet
  facet normal 0.00304364 -0.0347733 0.999391
    outer loop
      vertex -0.0340872 0.487476 3.85426
      vertex -0.102221 1.46184 3.88837
      vertex -0.153176 1.45738 3.88837
    endloop
  endfacet
  facet normal -0.022899 0.0263454 0.999391
    outer loop
      vertex 0.941945 -1.12257 3.88837
      vertex 0.326982 -0.363151 3.85426
      vertex 0.314109 -0.37434 3.85426
    endloop
  endfacet
  facet normal -0.0316356 0.0147526 0.999391
    outer loop
      vertex 1.3171 -0.642391 3.88837
      vertex 0.44642 -0.198758 3.85426
      vertex 0.439211 -0.214217 3.85426
    endloop
  endfacet
  facet normal -0.0219673 0.0271272 0.999391
    outer loop
      vertex 0.902194 -1.15476 3.88837
      vertex 0.941945 -1.12257 3.88837
      vertex 0.300853 -0.385075 3.85426
    endloop
  endfacet
  facet normal 0.032588 0.0125092 0.999391
    outer loop
      vertex -1.3587 -0.54895 3.88837
      vertex -0.459197 -0.167133 3.85426
      vertex -1.37703 -0.501198 3.88837
    endloop
  endfacet
  facet normal -0.0359415 -0.059802 0.997563
    outer loop
      vertex 0.776546 1.24273 3.88837
      vertex 1.29319 2.06954 3.95655
      vertex 0.732703 1.26908 3.88837
    endloop
  endfacet
  facet normal 0.0136355 -0.0321329 0.999391
    outer loop
      vertex -0.183058 0.453084 3.85426
      vertex -0.54895 1.3587 3.88837
      vertex -0.596034 1.33872 3.88837
    endloop
  endfacet
  facet normal 0.0125093 -0.032588 0.999391
    outer loop
      vertex -0.183058 0.453084 3.85426
      vertex -0.167133 0.459197 3.85426
      vertex -0.54895 1.3587 3.88837
    endloop
  endfacet
  facet normal 0.0543907 0.128129 0.990265
    outer loop
      vertex -1.64084 -4.06122 4.19473
      vertex -1.38792 -3.11733 4.05871
      vertex -1.78157 -4.00148 4.19473
    endloop
  endfacet
  facet normal 0.0441851 0.0947488 0.99452
    outer loop
      vertex -0.992583 -2.22938 3.95655
      vertex -1.06978 -2.19338 3.95655
      vertex -1.38792 -3.11733 4.05871
    endloop
  endfacet
  facet normal 0.0538433 0.089613 0.99452
    outer loop
      vertex -1.70617 -2.95517 4.05871
      vertex -1.29319 -2.06954 3.95655
      vertex -1.80826 -2.89383 4.05871
    endloop
  endfacet
  facet normal 0.037461 0.0976022 0.99452
    outer loop
      vertex -1.16709 -3.20655 4.05871
      vertex -0.914175 -2.26266 3.95655
      vertex -1.27829 -3.16387 4.05871
    endloop
  endfacet
  facet normal 0.0474594 0.0931515 0.99452
    outer loop
      vertex -1.06978 -2.19338 3.95655
      vertex -1.14568 -2.15471 3.95655
      vertex -1.602 -3.01292 4.05871
    endloop
  endfacet
  facet normal 0.058828 0.126152 0.990265
    outer loop
      vertex -1.38792 -3.11733 4.05871
      vertex -1.49587 -3.06699 4.05871
      vertex -1.92014 -3.93687 4.19473
    endloop
  endfacet
  facet normal 0.11674 0.0758088 0.990265
    outer loop
      vertex -3.63132 -2.44936 4.19473
      vertex -2.89383 -1.80826 4.05871
      vertex -3.71459 -2.32113 4.19473
    endloop
  endfacet
  facet normal 0.089613 0.0538433 0.99452
    outer loop
      vertex -2.89383 -1.80826 4.05871
      vertex -2.06954 -1.29319 3.95655
      vertex -2.95517 -1.70617 4.05871
    endloop
  endfacet
  facet normal -0.0271267 0.0219678 0.999391
    outer loop
      vertex 1.12257 -0.941945 3.88837
      vertex 0.385075 -0.300853 3.85426
      vertex 0.37434 -0.314109 3.85426
    endloop
  endfacet
  facet normal 0.0812407 0.0658002 0.99452
    outer loop
      vertex -1.86942 -1.56863 3.95655
      vertex -1.92303 -1.50244 3.95655
      vertex -2.68896 -2.10085 4.05871
    endloop
  endfacet
  facet normal 0.193237 0.145612 0.970287
    outer loop
      vertex -5.71066 -4.46166 4.80408
      vertex -4.96339 -3.87782 4.56764
      vertex -5.86289 -4.25964 4.80408
    endloop
  endfacet
  facet normal 0.0834958 0.0629137 0.99452
    outer loop
      vertex -2.68896 -2.10085 4.05871
      vertex -1.92303 -1.50244 3.95655
      vertex -2.76064 -2.00572 4.05871
    endloop
  endfacet
  facet normal 0.108177 0.087596 0.990265
    outer loop
      vertex -2.61401 -2.19341 4.05871
      vertex -2.68896 -2.10085 4.05871
      vertex -3.3554 -2.81552 4.19473
    endloop
  endfacet
  facet normal 0.0507757 0.166083 0.984804
    outer loop
      vertex -1.20734 -4.21048 4.19473
      vertex -1.35355 -4.16578 4.19473
      vertex -1.65097 -5.08116 4.36444
    endloop
  endfacet
  facet normal 0.091434 0.0506894 0.99452
    outer loop
      vertex -2.95517 -1.70617 4.05871
      vertex -2.15471 -1.14568 3.95655
      vertex -3.01292 -1.602 4.05871
    endloop
  endfacet
  facet normal 0.0621681 0.031674 0.997563
    outer loop
      vertex -1.29388 -0.687966 3.88837
      vertex -1.3171 -0.642391 3.88837
      vertex -2.15471 -1.14568 3.95655
    endloop
  endfacet
  facet normal 0.0292756 0.0190102 0.999391
    outer loop
      vertex -0.405123 -0.273259 3.85426
      vertex -0.414412 -0.258954 3.85426
      vertex -1.21488 -0.819445 3.88837
    endloop
  endfacet
  facet normal 0.0379985 -0.0585171 0.997563
    outer loop
      vertex -0.819445 1.21488 3.88837
      vertex -1.29319 2.06954 3.95655
      vertex -1.36463 2.02315 3.95655
    endloop
  endfacet
  facet normal 0.0419874 -0.055724 0.997563
    outer loop
      vertex -0.902194 1.15476 3.88837
      vertex -0.861344 1.18554 3.88837
      vertex -1.50244 1.92303 3.95655
    endloop
  endfacet
  facet normal 0.0812407 -0.0658002 0.99452
    outer loop
      vertex -1.92303 1.50244 3.95655
      vertex -1.86942 1.56863 3.95655
      vertex -2.68896 2.10085 4.05871
    endloop
  endfacet
  facet normal 0.0557239 -0.0419875 0.997563
    outer loop
      vertex -1.18554 0.861344 3.88837
      vertex -1.92303 1.50244 3.95655
      vertex -1.97429 1.43441 3.95655
    endloop
  endfacet
  facet normal -0.0344765 -0.00546177 0.999391
    outer loop
      vertex 0.483912 0.0680084 3.85426
      vertex 1.44314 0.254465 3.88837
      vertex 0.481243 0.084856 3.85426
    endloop
  endfacet
  facet normal 0.124023 -0.0631951 0.990265
    outer loop
      vertex -3.01292 1.602 4.05871
      vertex -3.86746 2.05636 4.19473
      vertex -3.93687 1.92014 4.19473
    endloop
  endfacet
  facet normal 0.151897 -0.0841948 0.984804
    outer loop
      vertex -3.79333 2.19008 4.19473
      vertex -4.62687 2.67133 4.36444
      vertex -4.71728 2.50822 4.36444
    endloop
  endfacet
  facet normal 0.162137 -0.0622379 0.984804
    outer loop
      vertex -4.06122 1.64084 4.19473
      vertex -4.95362 2.00139 4.36444
      vertex -5.02045 1.82729 4.36444
    endloop
  endfacet
  facet normal 0.159864 -0.0678628 0.984804
    outer loop
      vertex -4.06122 1.64084 4.19473
      vertex -4.88075 2.17305 4.36444
      vertex -4.95362 2.00139 4.36444
    endloop
  endfacet
  facet normal 0.170338 -0.119268 0.978141
    outer loop
      vertex -4.42926 2.98757 4.36444
      vertex -4.3223 3.14033 4.36444
      vertex -5.2218 3.52215 4.56764
    endloop
  endfacet
  facet normal 0.170337 -0.119271 0.978141
    outer loop
      vertex -4.3223 3.14033 4.36444
      vertex -5.0957 3.70224 4.56764
      vertex -5.2218 3.52215 4.56764
    endloop
  endfacet
  facet normal 0.161603 -0.130861 0.978141
    outer loop
      vertex -4.21007 3.28926 4.36444
      vertex -4.09271 3.43419 4.36444
      vertex -4.96339 3.87782 4.56764
    endloop
  endfacet
  facet normal 0.161602 -0.130863 0.978141
    outer loop
      vertex -4.09271 3.43419 4.36444
      vertex -4.82503 4.04868 4.56764
      vertex -4.96339 3.87782 4.56764
    endloop
  endfacet
  facet normal 0.108177 -0.087596 0.990265
    outer loop
      vertex -2.68896 2.10085 4.05871
      vertex -2.61401 2.19341 4.05871
      vertex -3.3554 2.81552 4.19473
    endloop
  endfacet
  facet normal 0.134968 -0.109296 0.984804
    outer loop
      vertex -3.45162 2.6967 4.19473
      vertex -3.3554 2.81552 4.19473
      vertex -4.21007 3.28926 4.36444
    endloop
  endfacet
  facet normal 0.141823 -0.152076 0.978141
    outer loop
      vertex -3.71132 3.84318 4.36444
      vertex -4.21461 4.68079 4.56764
      vertex -4.37539 4.53085 4.56764
    endloop
  endfacet
  facet normal -0.215592 0.109823 0.970288
    outer loop
      vertex 6.0534 -3.21865 4.70658
      vertex 6.06683 -3.07372 4.69316
      vertex 5.56136 -2.95703 4.56764
    endloop
  endfacet
  facet normal -0.215592 -0.109823 0.970288
    outer loop
      vertex 6.06683 3.07372 4.69316
      vertex 6.0534 3.21865 4.70658
      vertex 5.56136 2.95703 4.56764
    endloop
  endfacet
  facet normal -0.222697 -0.0945535 0.970292
    outer loop
      vertex 6.10611 2.61764 4.65387
      vertex 6.09838 2.71517 4.6616
      vertex 5.75408 2.56188 4.56764
    endloop
  endfacet
  facet normal -0.19413 -0.0745212 0.978141
    outer loop
      vertex 5.91878 2.15426 4.56764
      vertex 5.83999 2.35951 4.56764
      vertex 4.95362 2.00139 4.36444
    endloop
  endfacet
  facet normal -0.211606 -0.11732 0.970288
    outer loop
      vertex 6.0534 3.21865 4.70658
      vertex 6.03549 3.39916 4.7245
      vertex 5.56136 2.95703 4.56764
    endloop
  endfacet
  facet normal -0.225732 -0.158067 0.96128
    outer loop
      vertex 5.95591 4.1268 4.80408
      vertex 5.93491 4.28444 4.82507
      vertex 5.86289 4.25964 4.80408
    endloop
  endfacet
  facet normal -0.172378 -0.0211591 0.984804
    outer loop
      vertex 5.31338 0.558458 4.36444
      vertex 5.29066 0.743553 4.36444
      vertex 4.35617 0.457851 4.19473
    endloop
  endfacet
  facet normal 0.180858 0.207997 0.961264
    outer loop
      vertex -4.87365 -5.43806 4.82006
      vertex -4.84914 -5.38552 4.80408
      vertex -4.89269 -5.43389 4.82274
    endloop
  endfacet
  facet normal 0.00122767 0.0697614 0.997563
    outer loop
      vertex 0 -2.44036 3.95655
      vertex 0 -1.46541 3.88837
      vertex -0.0511417 -1.46451 3.88837
    endloop
  endfacet
  facet normal 0.00546163 0.104402 0.99452
    outer loop
      vertex -0.119088 -3.41026 4.05871
      vertex -0.0851669 -2.43887 3.95655
      vertex -0.170231 -2.43442 3.95655
    endloop
  endfacet
  facet normal 0.0569355 0.0876808 0.99452
    outer loop
      vertex -1.80826 -2.89383 4.05871
      vertex -1.36463 -2.02315 3.95655
      vertex -1.90816 -2.82896 4.05871
    endloop
  endfacet
  facet normal 0.0678626 0.159865 0.984804
    outer loop
      vertex -1.64084 -4.06122 4.19473
      vertex -1.78157 -4.00148 4.19473
      vertex -2.17305 -4.88075 4.36444
    endloop
  endfacet
  facet normal 0.0396662 0.204123 0.978141
    outer loop
      vertex -0.927741 -5.26148 4.36444
      vertex -1.10112 -5.78025 4.47973
      vertex -1.0197 -5.78299 4.477
    endloop
  endfacet
  facet normal 0.0396735 0.20412 0.978142
    outer loop
      vertex -1.10112 -5.78025 4.47973
      vertex -0.927741 -5.26148 4.36444
      vertex -1.1108 -5.2259 4.36444
    endloop
  endfacet
  facet normal 0.16607 0.125144 0.978141
    outer loop
      vertex -4.96339 -3.87782 4.56764
      vertex -4.3223 -3.14033 4.36444
      vertex -5.0957 -3.70224 4.56764
    endloop
  endfacet
  facet normal 0.17695 0.16502 0.970287
    outer loop
      vertex -4.53085 -4.37539 4.56764
      vertex -4.68079 -4.21461 4.56764
      vertex -5.21301 -5.03414 4.80408
    endloop
  endfacet
  facet normal 0.196616 0.067692 0.978141
    outer loop
      vertex -5.91878 -2.15426 4.56764
      vertex -5.08116 -1.65097 4.36444
      vertex -5.99035 -1.94638 4.56764
    endloop
  endfacet
  facet normal 0.148866 0.089446 0.984804
    outer loop
      vertex -4.53083 -2.83117 4.36444
      vertex -3.71459 -2.32113 4.19473
      vertex -4.62687 -2.67133 4.36444
    endloop
  endfacet
  facet normal 0.142266 0.099611 0.984804
    outer loop
      vertex -3.54363 -2.5746 4.19473
      vertex -3.63132 -2.44936 4.19473
      vertex -4.3223 -3.14033 4.36444
    endloop
  endfacet
  facet normal 0.174394 0.113256 0.978141
    outer loop
      vertex -4.42926 -2.98757 4.36444
      vertex -4.53083 -2.83117 4.36444
      vertex -5.2218 -3.52215 4.56764
    endloop
  endfacet
  facet normal 0.205382 0.0325295 0.978141
    outer loop
      vertex -6.19428 -1.09042 4.56571
      vertex -5.29066 -0.743553 4.36444
      vertex -6.2003 -0.871394 4.55969
    endloop
  endfacet
  facet normal 0.185278 -0.094401 0.978141
    outer loop
      vertex -4.80194 2.34206 4.36444
      vertex -4.71728 2.50822 4.36444
      vertex -5.66117 2.76114 4.56764
    endloop
  endfacet
  facet normal 0.188459 -0.0878793 0.978141
    outer loop
      vertex -4.88075 2.17305 4.36444
      vertex -4.80194 2.34206 4.36444
      vertex -5.66117 2.76114 4.56764
    endloop
  endfacet
  facet normal 0.0598059 0.0359359 0.997563
    outer loop
      vertex -2.06954 -1.29319 3.95655
      vertex -1.26908 -0.732703 3.88837
      vertex -2.11341 -1.22018 3.95655
    endloop
  endfacet
  facet normal 0.131611 -0.0453196 0.990265
    outer loop
      vertex -3.24533 1.05447 4.05871
      vertex -3.20655 1.16709 4.05871
      vertex -4.16578 1.35355 4.19473
    endloop
  endfacet
  facet normal 0.135628 -0.0313082 0.990265
    outer loop
      vertex -3.33777 0.709465 4.05871
      vertex -3.31098 0.82552 4.05871
      vertex -4.25006 1.05966 4.19473
    endloop
  endfacet
  facet normal 0.0692521 -0.00850242 0.997563
    outer loop
      vertex -1.45115 0.203945 3.88837
      vertex -2.41661 0.339632 3.95655
      vertex -2.42699 0.255087 3.95655
    endloop
  endfacet
  facet normal 0.16608 -0.0507815 0.984804
    outer loop
      vertex -4.21048 1.20734 4.19473
      vertex -5.08116 1.65097 4.36444
      vertex -5.13569 1.47263 4.36444
    endloop
  endfacet
  facet normal 0.133113 -0.040696 0.990265
    outer loop
      vertex -3.28015 0.940568 4.05871
      vertex -4.16578 1.35355 4.19473
      vertex -4.21048 1.20734 4.19473
    endloop
  endfacet
  facet normal 0.135627 -0.0313092 0.990265
    outer loop
      vertex -3.33777 0.709465 4.05871
      vertex -4.25006 1.05966 4.19473
      vertex -4.28445 0.910687 4.19473
    endloop
  endfacet
  facet normal 0.170482 -0.0331355 0.984804
    outer loop
      vertex -4.28445 0.910687 4.19473
      vertex -5.2259 1.1108 4.36444
      vertex -5.26148 0.927741 4.36444
    endloop
  endfacet
  facet normal 0.170482 -0.0331354 0.984804
    outer loop
      vertex -4.31362 0.760607 4.19473
      vertex -4.28445 0.910687 4.19473
      vertex -5.26148 0.927741 4.36444
    endloop
  endfacet
  facet normal 0.0330053 -0.0113628 0.999391
    outer loop
      vertex -0.459197 0.167133 3.85426
      vertex -1.37703 0.501198 3.88837
      vertex -1.39368 0.452835 3.88837
    endloop
  endfacet
  facet normal 0.162138 0.0622356 0.984804
    outer loop
      vertex -4.06122 -1.64084 4.19473
      vertex -4.11601 -1.4981 4.19473
      vertex -5.02045 -1.82729 4.36444
    endloop
  endfacet
  facet normal 0.16421 0.0565404 0.984804
    outer loop
      vertex -5.02045 -1.82729 4.36444
      vertex -4.16578 -1.35355 4.19473
      vertex -5.08116 -1.65097 4.36444
    endloop
  endfacet
  facet normal 0.173431 0.00909868 0.984804
    outer loop
      vertex -4.36949 -0.305545 4.19473
      vertex -4.3775 -0.152865 4.19473
      vertex -5.32964 -0.372684 4.36444
    endloop
  endfacet
  facet normal 0.196616 -0.067692 0.978141
    outer loop
      vertex -5.08116 1.65097 4.36444
      vertex -5.91878 2.15426 4.56764
      vertex -5.99035 1.94638 4.56764
    endloop
  endfacet
  facet normal 0.237342 -0.0470001 0.970289
    outer loop
      vertex -6.16099 1.30956 4.56764
      vertex -6.18598 1.31487 4.57401
      vertex -6.18623 1.30824 4.57375
    endloop
  endfacet
  facet normal 0.200858 -0.0538135 0.978141
    outer loop
      vertex -5.18395 1.2925 4.36444
      vertex -5.13569 1.47263 4.36444
      vertex -6.11153 1.52378 4.56764
    endloop
  endfacet
  facet normal 0.207151 -0.0181082 0.978141
    outer loop
      vertex -5.31338 0.558458 4.36444
      vertex -6.20499 0.65217 4.555
      vertex -6.2081 0.448602 4.55189
    endloop
  endfacet
  facet normal 0.207656 -0.0108842 0.978141
    outer loop
      vertex -5.3394 0.186456 4.36444
      vertex -6.20846 0.419319 4.55153
      vertex -6.21031 0.216868 4.54967
    endloop
  endfacet
  facet normal 0.207151 0.0181082 0.978141
    outer loop
      vertex -6.20499 -0.65217 4.555
      vertex -5.31338 -0.558458 4.36444
      vertex -6.2081 -0.448602 4.55189
    endloop
  endfacet
  facet normal 0.207153 0.0181312 0.97814
    outer loop
      vertex -5.32964 -0.372684 4.36444
      vertex -6.2081 -0.448602 4.55189
      vertex -5.31338 -0.558458 4.36444
    endloop
  endfacet
  facet normal 0.207105 0.0186911 0.97814
    outer loop
      vertex -6.2081 -0.448602 4.55189
      vertex -5.32964 -0.372684 4.36444
      vertex -6.20832 -0.434128 4.55166
    endloop
  endfacet
  facet normal -0.00666143 -0.0342649 0.999391
    outer loop
      vertex 0.101599 0.477988 3.85426
      vertex 0.304675 1.43338 3.88837
      vertex 0.084856 0.481243 3.85426
    endloop
  endfacet
  facet normal 0.091434 -0.0506894 0.99452
    outer loop
      vertex -2.15471 1.14568 3.95655
      vertex -2.95517 1.70617 4.05871
      vertex -3.01292 1.602 4.05871
    endloop
  endfacet
  facet normal 0.0875989 -0.108174 0.990265
    outer loop
      vertex -2.10085 2.68896 4.05871
      vertex -2.6967 3.45162 4.19473
      vertex -2.81552 3.3554 4.19473
    endloop
  endfacet
  facet normal 0.0837654 -0.111169 0.990265
    outer loop
      vertex -2.10085 2.68896 4.05871
      vertex -2.00572 2.76064 4.05871
      vertex -2.6967 3.45162 4.19473
    endloop
  endfacet
  facet normal 0.089446 -0.148866 0.984804
    outer loop
      vertex -2.32113 3.71459 4.19473
      vertex -2.67133 4.62687 4.36444
      vertex -2.83117 4.53083 4.36444
    endloop
  endfacet
  facet normal 0.0841948 -0.151897 0.984804
    outer loop
      vertex -2.19008 3.79333 4.19473
      vertex -2.50822 4.71728 4.36444
      vertex -2.67133 4.62687 4.36444
    endloop
  endfacet
  facet normal 0.0543928 -0.128128 0.990265
    outer loop
      vertex -1.38792 3.11733 4.05871
      vertex -1.27829 3.16387 4.05871
      vertex -1.64084 4.06122 4.19473
    endloop
  endfacet
  facet normal 0.0498774 -0.129952 0.990265
    outer loop
      vertex -1.27829 3.16387 4.05871
      vertex -1.16709 3.20655 4.05871
      vertex -1.64084 4.06122 4.19473
    endloop
  endfacet
  facet normal 0.0788439 -0.154745 0.984803
    outer loop
      vertex -1.92014 3.93687 4.19473
      vertex -2.34206 4.80194 4.36444
      vertex -2.50822 4.71728 4.36444
    endloop
  endfacet
  facet normal 0.0733969 -0.157402 0.984803
    outer loop
      vertex -1.92014 3.93687 4.19473
      vertex -2.17305 4.88075 4.36444
      vertex -2.34206 4.80194 4.36444
    endloop
  endfacet
  facet normal -0.117318 -0.211614 0.970287
    outer loop
      vertex 3.04881 5.65978 4.6002
      vertex 3.14931 5.45477 4.56764
      vertex 3.25582 5.63924 4.62075
    endloop
  endfacet
  facet normal -0.117304 -0.211608 0.97029
    outer loop
      vertex 3.14931 5.45477 4.56764
      vertex 3.04881 5.65978 4.6002
      vertex 2.95703 5.56136 4.56764
    endloop
  endfacet
  facet normal 0.0271715 -0.171533 0.984804
    outer loop
      vertex -0.609601 4.33754 4.19473
      vertex -0.743553 5.29066 4.36444
      vertex -0.760607 4.31362 4.19473
    endloop
  endfacet
  facet normal 0.0271751 -0.171533 0.984804
    outer loop
      vertex -0.760607 4.31362 4.19473
      vertex -0.743553 5.29066 4.36444
      vertex -0.927741 5.26148 4.36444
    endloop
  endfacet
  facet normal -0.00908946 -0.173434 0.984804
    outer loop
      vertex 0.372684 5.32964 4.36444
      vertex 0.186456 5.3394 4.36444
      vertex 0.152865 4.3775 4.19473
    endloop
  endfacet
  facet normal 0.00729256 -0.139005 0.990265
    outer loop
      vertex -0.238032 3.40403 4.05871
      vertex -0.152865 4.3775 4.19473
      vertex -0.305545 4.36949 4.19473
    endloop
  endfacet
  facet normal 0.0121272 -0.138667 0.990265
    outer loop
      vertex -0.238032 3.40403 4.05871
      vertex -0.305545 4.36949 4.19473
      vertex -0.457851 4.35617 4.19473
    endloop
  endfacet
  facet normal 0.00182571 -0.104529 0.99452
    outer loop
      vertex -0.0851669 2.43887 3.95655
      vertex 0 3.41234 4.05871
      vertex -0.119088 3.41026 4.05871
    endloop
  endfacet
  facet normal 0.00243081 -0.139173 0.990265
    outer loop
      vertex -0.119088 3.41026 4.05871
      vertex 0 3.41234 4.05871
      vertex -0.152865 4.3775 4.19473
    endloop
  endfacet
  facet normal -0.0151427 -0.173009 0.984804
    outer loop
      vertex 0.558458 5.31338 4.36444
      vertex 0.372684 5.32964 4.36444
      vertex 0.305545 4.36949 4.19473
    endloop
  endfacet
  facet normal -0.00729256 -0.139005 0.990265
    outer loop
      vertex 0.238032 3.40403 4.05871
      vertex 0.305545 4.36949 4.19473
      vertex 0.152865 4.3775 4.19473
    endloop
  endfacet
  facet normal -0.067694 -0.196611 0.978142
    outer loop
      vertex 2.04477 5.73655 4.52343
      vertex 1.86724 5.74678 4.5132
      vertex 1.65097 5.08116 4.36444
    endloop
  endfacet
  facet normal -0.0812641 -0.1914 0.978142
    outer loop
      vertex 2.52741 5.70485 4.55514
      vertex 2.31098 5.71988 4.5401
      vertex 2.00139 4.95362 4.36444
    endloop
  endfacet
  facet normal 0.130863 -0.161602 0.978141
    outer loop
      vertex -3.43419 4.09271 4.36444
      vertex -3.87782 4.96339 4.56764
      vertex -4.04868 4.82503 4.56764
    endloop
  endfacet
  facet normal 0.136422 -0.156937 0.978141
    outer loop
      vertex -3.43419 4.09271 4.36444
      vertex -4.04868 4.82503 4.56764
      vertex -4.21461 4.68079 4.56764
    endloop
  endfacet
  facet normal 0.107098 -0.178243 0.978141
    outer loop
      vertex -2.83117 4.53083 4.36444
      vertex -2.67133 4.62687 4.36444
      vertex -3.33776 5.34154 4.56764
    endloop
  endfacet
  facet normal 0.071689 -0.119315 0.990265
    outer loop
      vertex -1.70617 2.95517 4.05871
      vertex -2.19008 3.79333 4.19473
      vertex -2.32113 3.71459 4.19473
    endloop
  endfacet
  facet normal 0.0842048 -0.151894 0.984803
    outer loop
      vertex -2.19008 3.79333 4.19473
      vertex -2.05636 3.86746 4.19473
      vertex -2.50822 4.71728 4.36444
    endloop
  endfacet
  facet normal 0.0894446 -0.148866 0.984804
    outer loop
      vertex -2.32113 3.71459 4.19473
      vertex -2.19008 3.79333 4.19473
      vertex -2.67133 4.62687 4.36444
    endloop
  endfacet
  facet normal 0.0996117 -0.142265 0.984804
    outer loop
      vertex -2.44936 3.63132 4.19473
      vertex -2.98757 4.42926 4.36444
      vertex -3.14033 4.3223 4.36444
    endloop
  endfacet
  facet normal 0.119268 -0.170338 0.978141
    outer loop
      vertex -3.14033 4.3223 4.36444
      vertex -2.98757 4.42926 4.36444
      vertex -3.52215 5.2218 4.56764
    endloop
  endfacet
  facet normal 0.131767 -0.202911 0.970291
    outer loop
      vertex -3.61544 5.60048 4.6595
      vertex -3.52215 5.2218 4.56764
      vertex -3.33776 5.34154 4.56764
    endloop
  endfacet
  facet normal 0.131791 -0.202905 0.970289
    outer loop
      vertex -3.52215 5.2218 4.56764
      vertex -3.61544 5.60048 4.6595
      vertex -3.76615 5.58355 4.67643
    endloop
  endfacet
  facet normal 0.138797 -0.198179 0.970289
    outer loop
      vertex -3.52215 5.2218 4.56764
      vertex -3.76615 5.58355 4.67643
      vertex -3.9176 5.56556 4.69442
    endloop
  endfacet
  facet normal 0.00182874 -0.104529 0.99452
    outer loop
      vertex 0 2.44036 3.95655
      vertex 0 3.41234 4.05871
      vertex -0.0851669 2.43887 3.95655
    endloop
  endfacet
  facet normal 0.00122047 -0.069761 0.997563
    outer loop
      vertex -0.0511417 1.46451 3.88837
      vertex 0 2.44036 3.95655
      vertex -0.0851669 2.43887 3.95655
    endloop
  endfacet
  facet normal 0.010926 -0.0689115 0.997563
    outer loop
      vertex -0.254465 1.44314 3.88837
      vertex -0.203945 1.45115 3.88837
      vertex -0.339632 2.41661 3.95655
    endloop
  endfacet
  facet normal 0.0127398 -0.103765 0.99452
    outer loop
      vertex -0.339632 2.41661 3.95655
      vertex -0.255087 2.42699 3.95655
      vertex -0.356687 3.39365 4.05871
    endloop
  endfacet
  facet normal 0.0217776 -0.137481 0.990265
    outer loop
      vertex -0.592546 3.3605 4.05871
      vertex -0.609601 4.33754 4.19473
      vertex -0.760607 4.31362 4.19473
    endloop
  endfacet
  facet normal 0.0163524 -0.103258 0.99452
    outer loop
      vertex -0.339632 2.41661 3.95655
      vertex -0.474906 3.37913 4.05871
      vertex -0.592546 3.3605 4.05871
    endloop
  endfacet
  facet normal 0.0340379 -0.0988486 0.99452
    outer loop
      vertex -0.754112 2.32092 3.95655
      vertex -1.05447 3.24533 4.05871
      vertex -1.16709 3.20655 4.05871
    endloop
  endfacet
  facet normal 0.0453196 -0.131611 0.990265
    outer loop
      vertex -1.16709 3.20655 4.05871
      vertex -1.05447 3.24533 4.05871
      vertex -1.35355 4.16578 4.19473
    endloop
  endfacet
  facet normal 0.0305727 -0.0999757 0.99452
    outer loop
      vertex -0.754112 2.32092 3.95655
      vertex -0.672654 2.34583 3.95655
      vertex -0.940568 3.28015 4.05871
    endloop
  endfacet
  facet normal 0.0270512 -0.100985 0.99452
    outer loop
      vertex -0.672654 2.34583 3.95655
      vertex -0.590376 2.36787 3.95655
      vertex -0.940568 3.28015 4.05871
    endloop
  endfacet
  facet normal 0.0204035 -0.0667214 0.997563
    outer loop
      vertex -0.452835 1.39368 3.88837
      vertex -0.672654 2.34583 3.95655
      vertex -0.754112 2.32092 3.95655
    endloop
  endfacet
  facet normal 0.0204057 -0.0667209 0.997563
    outer loop
      vertex -0.452835 1.39368 3.88837
      vertex -0.40392 1.40864 3.88837
      vertex -0.672654 2.34583 3.95655
    endloop
  endfacet
  facet normal 0.0408523 -0.096232 0.99452
    outer loop
      vertex -0.914175 2.26266 3.95655
      vertex -1.27829 3.16387 4.05871
      vertex -1.38792 3.11733 4.05871
    endloop
  endfacet
  facet normal 0.037461 -0.0976022 0.99452
    outer loop
      vertex -0.914175 2.26266 3.95655
      vertex -1.16709 3.20655 4.05871
      vertex -1.27829 3.16387 4.05871
    endloop
  endfacet
  facet normal 0.0474594 -0.0931515 0.99452
    outer loop
      vertex -1.14568 2.15471 3.95655
      vertex -1.06978 2.19338 3.95655
      vertex -1.602 3.01292 4.05871
    endloop
  endfacet
  facet normal 0.0294907 -0.0632331 0.997563
    outer loop
      vertex -0.642391 1.3171 3.88837
      vertex -0.596034 1.33872 3.88837
      vertex -1.06978 2.19338 3.95655
    endloop
  endfacet
  facet normal 0.0441841 -0.0947491 0.99452
    outer loop
      vertex -1.06978 2.19338 3.95655
      vertex -1.38792 3.11733 4.05871
      vertex -1.49587 3.06699 4.05871
    endloop
  endfacet
  facet normal 0.0474582 -0.0931522 0.99452
    outer loop
      vertex -1.06978 2.19338 3.95655
      vertex -1.49587 3.06699 4.05871
      vertex -1.602 3.01292 4.05871
    endloop
  endfacet
  facet normal 0.0133182 -0.0684886 0.997563
    outer loop
      vertex -0.304675 1.43338 3.88837
      vertex -0.423763 2.40329 3.95655
      vertex -0.50738 2.38703 3.95655
    endloop
  endfacet
  facet normal 0.0316739 -0.0621682 0.997563
    outer loop
      vertex -0.642391 1.3171 3.88837
      vertex -1.06978 2.19338 3.95655
      vertex -1.14568 2.15471 3.95655
    endloop
  endfacet
  facet normal -0.0996117 -0.142265 0.984804
    outer loop
      vertex 3.14033 4.3223 4.36444
      vertex 2.98757 4.42926 4.36444
      vertex 2.44936 3.63132 4.19473
    endloop
  endfacet
  facet normal -0.131765 -0.202914 0.970291
    outer loop
      vertex 3.61544 5.60048 4.6595
      vertex 3.50717 5.61264 4.64734
      vertex 3.33776 5.34154 4.56764
    endloop
  endfacet
  facet normal -0.109296 -0.134968 0.984804
    outer loop
      vertex 2.81552 3.3554 4.19473
      vertex 3.28926 4.21007 4.36444
      vertex 2.6967 3.45162 4.19473
    endloop
  endfacet
  facet normal -0.0716892 -0.119315 0.990265
    outer loop
      vertex 1.80826 2.89383 4.05871
      vertex 2.32113 3.71459 4.19473
      vertex 1.70617 2.95517 4.05871
    endloop
  endfacet
  facet normal 0.0108833 -0.207661 0.97814
    outer loop
      vertex -0.309078 5.79703 4.46296
      vertex -0.372684 5.32964 4.36444
      vertex -0.186456 5.3394 4.36444
    endloop
  endfacet
  facet normal 0.0108657 -0.207659 0.978141
    outer loop
      vertex -0.372684 5.32964 4.36444
      vertex -0.309078 5.79703 4.46296
      vertex -0.405306 5.79614 4.46384
    endloop
  endfacet
  facet normal -0.0190102 0.0292756 0.999391
    outer loop
      vertex 0.819445 -1.21488 3.88837
      vertex 0.273259 -0.405123 3.85426
      vertex 0.258954 -0.414412 3.85426
    endloop
  endfacet
  facet normal 0.0689129 -0.0109106 0.997563
    outer loop
      vertex -1.44314 0.254465 3.88837
      vertex -2.40329 0.423763 3.95655
      vertex -2.41661 0.339632 3.95655
    endloop
  endfacet
  facet normal 0.173012 -0.0151308 0.984804
    outer loop
      vertex -4.36949 0.305545 4.19473
      vertex -4.35617 0.457851 4.19473
      vertex -5.31338 0.558458 4.36444
    endloop
  endfacet
  facet normal 0.104529 0.00182874 0.99452
    outer loop
      vertex -2.43887 -0.0851669 3.95655
      vertex -2.44036 0 3.95655
      vertex -3.41234 0 4.05871
    endloop
  endfacet
  facet normal -0.0158475 0.0311015 0.999391
    outer loop
      vertex 0.687966 -1.29388 3.88837
      vertex 0.229415 -0.431467 3.85426
      vertex 0.214217 -0.439211 3.85426
    endloop
  endfacet
  facet normal -0.025528 -0.0238071 0.999391
    outer loop
      vertex 1.08901 0.980548 3.88837
      vertex 1.05412 1.01796 3.88837
      vertex 0.351518 0.339457 3.85426
    endloop
  endfacet
  facet normal -0.010926 0.0689115 0.997563
    outer loop
      vertex 0.339632 -2.41661 3.95655
      vertex 0.254465 -1.44314 3.88837
      vertex 0.203945 -1.45115 3.88837
    endloop
  endfacet
  facet normal -0.0321329 -0.0136355 0.999391
    outer loop
      vertex 1.3587 0.54895 3.88837
      vertex 1.33872 0.596034 3.88837
      vertex 0.453084 0.183058 3.85426
    endloop
  endfacet
  facet normal 0.00850242 -0.0692521 0.997563
    outer loop
      vertex -0.203945 1.45115 3.88837
      vertex -0.255087 2.42699 3.95655
      vertex -0.339632 2.41661 3.95655
    endloop
  endfacet
  facet normal -0.043909 0.0542227 0.997563
    outer loop
      vertex 1.50244 -1.92303 3.95655
      vertex 0.941945 -1.12257 3.88837
      vertex 0.902194 -1.15476 3.88837
    endloop
  endfacet
  facet normal 0.00666058 -0.0342651 0.999391
    outer loop
      vertex -0.084856 0.481243 3.85426
      vertex -0.254465 1.44314 3.88837
      vertex -0.304675 1.43338 3.88837
    endloop
  endfacet
  facet normal -0.0238071 -0.025528 0.999391
    outer loop
      vertex 1.01796 1.05412 3.88837
      vertex 0.980548 1.08901 3.88837
      vertex 0.339457 0.351518 3.85426
    endloop
  endfacet
  facet normal -0.0321315 -0.0136385 0.999391
    outer loop
      vertex 0.453084 0.183058 3.85426
      vertex 1.33872 0.596034 3.88837
      vertex 0.44642 0.198758 3.85426
    endloop
  endfacet
  facet normal 0.00182749 0.0348586 0.999391
    outer loop
      vertex -0.0170536 -0.488369 3.85426
      vertex -0.0340872 -0.487476 3.85426
      vertex -0.0511417 -1.46451 3.88837
    endloop
  endfacet
  facet normal 0.0316356 0.0147526 0.999391
    outer loop
      vertex -0.439211 -0.214217 3.85426
      vertex -0.44642 -0.198758 3.85426
      vertex -1.3171 -0.642391 3.88837
    endloop
  endfacet
  facet normal -0.00182571 -0.104529 0.99452
    outer loop
      vertex 0.0851669 2.43887 3.95655
      vertex 0.119088 3.41026 4.05871
      vertex 0 3.41234 4.05871
    endloop
  endfacet
  facet normal 0.0538457 0.0896119 0.99452
    outer loop
      vertex -1.22018 -2.11341 3.95655
      vertex -1.29319 -2.06954 3.95655
      vertex -1.70617 -2.95517 4.05871
    endloop
  endfacet
  facet normal 0.0305292 -0.0169239 0.999391
    outer loop
      vertex -0.431467 0.229415 3.85426
      vertex -1.26908 0.732703 3.88837
      vertex -1.29388 0.687966 3.88837
    endloop
  endfacet
  facet normal 0.0250036 0.0651377 0.997563
    outer loop
      vertex -0.501198 -1.37703 3.88837
      vertex -0.54895 -1.3587 3.88837
      vertex -0.914175 -2.26266 3.95655
    endloop
  endfacet
  facet normal -0.0180535 -0.0673957 0.997563
    outer loop
      vertex 0.672654 2.34583 3.95655
      vertex 0.590376 2.36787 3.95655
      vertex 0.354513 1.42188 3.88837
    endloop
  endfacet
  facet normal -0.0374699 -0.0975998 0.99452
    outer loop
      vertex 0.914175 2.26266 3.95655
      vertex 1.16709 3.20655 4.05871
      vertex 0.834652 2.29319 3.95655
    endloop
  endfacet
  facet normal -0.0292756 -0.0190102 0.999391
    outer loop
      vertex 0.414412 0.258954 3.85426
      vertex 1.21488 0.819445 3.88837
      vertex 0.405123 0.273259 3.85426
    endloop
  endfacet
  facet normal 0.00304112 0.0347736 0.999391
    outer loop
      vertex -0.0340872 -0.487476 3.85426
      vertex -0.0510788 -0.48599 3.85426
      vertex -0.153176 -1.45738 3.88837
    endloop
  endfacet
  facet normal -0.0147539 -0.0316349 0.999391
    outer loop
      vertex 0.642391 1.3171 3.88837
      vertex 0.596034 1.33872 3.88837
      vertex 0.198758 0.44642 3.85426
    endloop
  endfacet
  facet normal -0.0333802 -0.0102089 0.999391
    outer loop
      vertex 1.40864 0.40392 3.88837
      vertex 1.39368 0.452835 3.88837
      vertex 0.46475 0.151006 3.85426
    endloop
  endfacet
  facet normal -0.0506881 -0.0914349 0.99452
    outer loop
      vertex 1.22018 2.11341 3.95655
      vertex 1.70617 2.95517 4.05871
      vertex 1.14568 2.15471 3.95655
    endloop
  endfacet
  facet normal 0.0344765 0.00546177 0.999391
    outer loop
      vertex -0.481243 -0.084856 3.85426
      vertex -0.483912 -0.0680084 3.85426
      vertex -1.44314 -0.254465 3.88837
    endloop
  endfacet
  facet normal -0.0408467 -0.0962351 0.99452
    outer loop
      vertex 0.992583 2.22938 3.95655
      vertex 1.38792 3.11733 4.05871
      vertex 0.914175 2.26266 3.95655
    endloop
  endfacet
  facet normal -0.0441851 -0.0947488 0.99452
    outer loop
      vertex 1.06978 2.19338 3.95655
      vertex 1.38792 3.11733 4.05871
      vertex 0.992583 2.22938 3.95655
    endloop
  endfacet
  facet normal -0.0658002 -0.0812407 0.99452
    outer loop
      vertex 1.56863 1.86942 3.95655
      vertex 2.10085 2.68896 4.05871
      vertex 1.50244 1.92303 3.95655
    endloop
  endfacet
  facet normal -0.0629137 -0.0834958 0.99452
    outer loop
      vertex 2.10085 2.68896 4.05871
      vertex 2.00572 2.76064 4.05871
      vertex 1.50244 1.92303 3.95655
    endloop
  endfacet
  facet normal -0.0400193 -0.0571541 0.997563
    outer loop
      vertex 1.43441 1.97429 3.95655
      vertex 1.36463 2.02315 3.95655
      vertex 0.819445 1.21488 3.88837
    endloop
  endfacet
  facet normal -0.0400213 -0.0571524 0.997563
    outer loop
      vertex 0.861344 1.18554 3.88837
      vertex 1.43441 1.97429 3.95655
      vertex 0.819445 1.21488 3.88837
    endloop
  endfacet
  facet normal -0.127018 -0.118441 0.984804
    outer loop
      vertex 3.97036 3.57493 4.36444
      vertex 3.84318 3.71132 4.36444
      vertex 3.15083 3.04272 4.19473
    endloop
  endfacet
  facet normal -0.101802 -0.0949285 0.990265
    outer loop
      vertex 3.2551 2.9309 4.19473
      vertex 3.15083 3.04272 4.19473
      vertex 2.53586 2.2833 4.05871
    endloop
  endfacet
  facet normal -0.0571524 -0.0400213 0.997563
    outer loop
      vertex 1.21488 0.819445 3.88837
      vertex 1.97429 1.43441 3.95655
      vertex 1.18554 0.861344 3.88837
    endloop
  endfacet
  facet normal -0.071299 -0.0764602 0.99452
    outer loop
      vertex 2.37041 2.45463 4.05871
      vertex 2.2833 2.53586 4.05871
      vertex 1.63292 1.81354 3.95655
    endloop
  endfacet
  facet normal -0.166083 -0.0507757 0.984804
    outer loop
      vertex 4.21048 1.20734 4.19473
      vertex 5.08116 1.65097 4.36444
      vertex 4.16578 1.35355 4.19473
    endloop
  endfacet
  facet normal -0.196616 -0.067692 0.978141
    outer loop
      vertex 5.99035 1.94638 4.56764
      vertex 5.91878 2.15426 4.56764
      vertex 5.08116 1.65097 4.36444
    endloop
  endfacet
  facet normal -0.129952 -0.0498774 0.990265
    outer loop
      vertex 3.20655 1.16709 4.05871
      vertex 4.06122 1.64084 4.19473
      vertex 3.16387 1.27829 4.05871
    endloop
  endfacet
  facet normal -0.0975998 -0.0374699 0.99452
    outer loop
      vertex 2.29319 0.834652 3.95655
      vertex 3.20655 1.16709 4.05871
      vertex 2.26266 0.914175 3.95655
    endloop
  endfacet
  facet normal -0.128129 -0.0543907 0.990265
    outer loop
      vertex 4.06122 1.64084 4.19473
      vertex 4.00148 1.78157 4.19473
      vertex 3.11733 1.38792 4.05871
    endloop
  endfacet
  facet normal -0.154745 -0.0788439 0.984803
    outer loop
      vertex 4.80194 2.34206 4.36444
      vertex 4.71728 2.50822 4.36444
      vertex 3.93687 1.92014 4.19473
    endloop
  endfacet
  facet normal -0.124023 -0.0631951 0.990265
    outer loop
      vertex 3.93687 1.92014 4.19473
      vertex 3.86746 2.05636 4.19473
      vertex 3.01292 1.602 4.05871
    endloop
  endfacet
  facet normal -0.174398 -0.113251 0.978141
    outer loop
      vertex 5.34154 3.33776 4.56764
      vertex 5.2218 3.52215 4.56764
      vertex 4.53083 2.83117 4.36444
    endloop
  endfacet
  facet normal -0.157403 -0.0733912 0.984804
    outer loop
      vertex 4.00148 1.78157 4.19473
      vertex 4.88075 2.17305 4.36444
      vertex 3.93687 1.92014 4.19473
    endloop
  endfacet
  facet normal -0.185278 -0.0944029 0.978141
    outer loop
      vertex 5.66117 2.76114 4.56764
      vertex 5.56136 2.95703 4.56764
      vertex 4.71728 2.50822 4.36444
    endloop
  endfacet
  facet normal -0.188462 -0.0878753 0.978141
    outer loop
      vertex 5.75408 2.56188 4.56764
      vertex 5.66117 2.76114 4.56764
      vertex 4.88075 2.17305 4.36444
    endloop
  endfacet
  facet normal -0.19141 -0.081254 0.978141
    outer loop
      vertex 4.95362 2.00139 4.36444
      vertex 5.75408 2.56188 4.56764
      vertex 4.88075 2.17305 4.36444
    endloop
  endfacet
  facet normal -0.108177 -0.087596 0.990265
    outer loop
      vertex 2.68896 2.10085 4.05871
      vertex 3.3554 2.81552 4.19473
      vertex 2.61401 2.19341 4.05871
    endloop
  endfacet
  facet normal -0.0571541 -0.0400193 0.997563
    outer loop
      vertex 2.02315 1.36463 3.95655
      vertex 1.97429 1.43441 3.95655
      vertex 1.21488 0.819445 3.88837
    endloop
  endfacet
  facet normal -0.0610226 -0.0338286 0.997563
    outer loop
      vertex 2.15471 1.14568 3.95655
      vertex 2.11341 1.22018 3.95655
      vertex 1.26908 0.732703 3.88837
    endloop
  endfacet
  facet normal -0.0914349 -0.0506881 0.99452
    outer loop
      vertex 2.15471 1.14568 3.95655
      vertex 2.95517 1.70617 4.05871
      vertex 2.11341 1.22018 3.95655
    endloop
  endfacet
  facet normal -0.0347733 -0.00304364 0.999391
    outer loop
      vertex 1.46184 0.102221 3.88837
      vertex 1.45738 0.153176 3.88837
      vertex 0.487476 0.0340872 3.85426
    endloop
  endfacet
  facet normal 0.0689115 -0.010926 0.997563
    outer loop
      vertex -1.45115 0.203945 3.88837
      vertex -1.44314 0.254465 3.88837
      vertex -2.41661 0.339632 3.95655
    endloop
  endfacet
  facet normal -0.102624 -0.0199509 0.99452
    outer loop
      vertex 3.3605 0.592546 4.05871
      vertex 3.33777 0.709465 4.05871
      vertex 2.38703 0.50738 3.95655
    endloop
  endfacet
  facet normal -0.135628 -0.0313082 0.990265
    outer loop
      vertex 3.33777 0.709465 4.05871
      vertex 4.25006 1.05966 4.19473
      vertex 3.31098 0.82552 4.05871
    endloop
  endfacet
  facet normal -0.138666 -0.0121306 0.990265
    outer loop
      vertex 3.40403 0.238032 4.05871
      vertex 4.35617 0.457851 4.19473
      vertex 3.39365 0.356687 4.05871
    endloop
  endfacet
  facet normal -0.103765 -0.0127448 0.99452
    outer loop
      vertex 3.39365 0.356687 4.05871
      vertex 3.37913 0.474906 4.05871
      vertex 2.41661 0.339632 3.95655
    endloop
  endfacet
  facet normal -0.0292778 0.0190071 0.999391
    outer loop
      vertex 1.21488 -0.819445 3.88837
      vertex 1.24273 -0.776546 3.88837
      vertex 0.414412 -0.258954 3.85426
    endloop
  endfacet
  facet normal -0.0789042 -0.0685824 0.99452
    outer loop
      vertex 1.86942 1.56863 3.95655
      vertex 2.61401 2.19341 4.05871
      vertex 1.81354 1.63292 3.95655
    endloop
  endfacet
  facet normal 0.0475815 0.0510299 0.997563
    outer loop
      vertex -1.63292 -1.81354 3.95655
      vertex -1.01796 -1.05412 3.88837
      vertex -1.69522 -1.75545 3.95655
    endloop
  endfacet
  facet normal -0.0311022 0.0158462 0.999391
    outer loop
      vertex 1.29388 -0.687966 3.88837
      vertex 1.3171 -0.642391 3.88837
      vertex 0.439211 -0.214217 3.85426
    endloop
  endfacet
  facet normal -0.0962351 -0.0408467 0.99452
    outer loop
      vertex 2.26266 0.914175 3.95655
      vertex 3.11733 1.38792 4.05871
      vertex 2.22938 0.992583 3.95655
    endloop
  endfacet
  facet normal -0.032588 -0.0125092 0.999391
    outer loop
      vertex 1.37703 0.501198 3.88837
      vertex 1.3587 0.54895 3.88837
      vertex 0.459197 0.167133 3.85426
    endloop
  endfacet
  facet normal -0.055724 0.0419874 0.997563
    outer loop
      vertex 1.92303 -1.50244 3.95655
      vertex 1.18554 -0.861344 3.88837
      vertex 1.15476 -0.902194 3.88837
    endloop
  endfacet
  facet normal -0.00182212 -0.0348587 0.999391
    outer loop
      vertex 0.102221 1.46184 3.88837
      vertex 0.0511417 1.46451 3.88837
      vertex 0.0340872 0.487476 3.85426
    endloop
  endfacet
  facet normal -0.0896119 -0.0538457 0.99452
    outer loop
      vertex 2.11341 1.22018 3.95655
      vertex 2.95517 1.70617 4.05871
      vertex 2.06954 1.29319 3.95655
    endloop
  endfacet
  facet normal -0.121739 -0.0674901 0.990265
    outer loop
      vertex 3.01292 1.602 4.05871
      vertex 3.86746 2.05636 4.19473
      vertex 2.95517 1.70617 4.05871
    endloop
  endfacet
  facet normal -0.0598059 -0.0359359 0.997563
    outer loop
      vertex 2.11341 1.22018 3.95655
      vertex 2.06954 1.29319 3.95655
      vertex 1.26908 0.732703 3.88837
    endloop
  endfacet
  facet normal -0.0359415 0.059802 0.997563
    outer loop
      vertex 1.29319 -2.06954 3.95655
      vertex 0.776546 -1.24273 3.88837
      vertex 0.732703 -1.26908 3.88837
    endloop
  endfacet
  facet normal -0.0299198 -0.0179793 0.999391
    outer loop
      vertex 0.423198 0.244333 3.85426
      vertex 1.26908 0.732703 3.88837
      vertex 0.414412 0.258954 3.85426
    endloop
  endfacet
  facet normal -0.0999757 -0.0305727 0.99452
    outer loop
      vertex 2.34583 0.672654 3.95655
      vertex 3.28015 0.940568 4.05871
      vertex 2.32092 0.754112 3.95655
    endloop
  endfacet
  facet normal -0.0271272 -0.0219673 0.999391
    outer loop
      vertex 1.15476 0.902194 3.88837
      vertex 1.12257 0.941945 3.88837
      vertex 0.385075 0.300853 3.85426
    endloop
  endfacet
  facet normal -0.0679856 -0.0156875 0.997563
    outer loop
      vertex 1.43338 0.304675 3.88837
      vertex 2.36787 0.590376 3.95655
      vertex 1.42188 0.354513 3.88837
    endloop
  endfacet
  facet normal -0.0219678 -0.0271267 0.999391
    outer loop
      vertex 0.314109 0.37434 3.85426
      vertex 0.941945 1.12257 3.88837
      vertex 0.300853 0.385075 3.85426
    endloop
  endfacet
  facet normal -0.0169226 0.0305299 0.999391
    outer loop
      vertex 0.732703 -1.26908 3.88837
      vertex 0.244333 -0.423198 3.85426
      vertex 0.229415 -0.431467 3.85426
    endloop
  endfacet
  facet normal -0.235666 -0.0546473 0.970297
    outer loop
      vertex 6.1766 1.52264 4.58338
      vertex 6.17583 1.53981 4.58416
      vertex 6.11153 1.52378 4.56764
    endloop
  endfacet
  facet normal -0.169221 -0.039069 0.984803
    outer loop
      vertex 5.2259 1.1108 4.36444
      vertex 5.18395 1.2925 4.36444
      vertex 4.25006 1.05966 4.19473
    endloop
  endfacet
  facet normal -0.134451 -0.0360294 0.990265
    outer loop
      vertex 3.31098 0.82552 4.05871
      vertex 4.25006 1.05966 4.19473
      vertex 3.28015 0.940568 4.05871
    endloop
  endfacet
  facet normal -0.13445 -0.0360342 0.990265
    outer loop
      vertex 4.25006 1.05966 4.19473
      vertex 4.21048 1.20734 4.19473
      vertex 3.28015 0.940568 4.05871
    endloop
  endfacet
  facet normal -0.173009 -0.0151427 0.984804
    outer loop
      vertex 5.32964 0.372684 4.36444
      vertex 5.31338 0.558458 4.36444
      vertex 4.36949 0.305545 4.19473
    endloop
  endfacet
  facet normal -0.138667 0.0121272 0.990265
    outer loop
      vertex 4.35617 -0.457851 4.19473
      vertex 4.36949 -0.305545 4.19473
      vertex 3.40403 -0.238032 4.05871
    endloop
  endfacet
  facet normal -0.138156 0.0169687 0.990265
    outer loop
      vertex 4.33754 -0.609601 4.19473
      vertex 3.39365 -0.356687 4.05871
      vertex 3.37913 -0.474906 4.05871
    endloop
  endfacet
  facet normal -0.139174 -0.00242177 0.990265
    outer loop
      vertex 4.38016 0 4.19473
      vertex 4.3775 0.152865 4.19473
      vertex 3.41234 0 4.05871
    endloop
  endfacet
  facet normal -0.207656 0.0108842 0.978141
    outer loop
      vertex 6.20846 -0.419319 4.55153
      vertex 6.21031 -0.216868 4.54967
      vertex 5.3394 -0.186456 4.36444
    endloop
  endfacet
  facet normal -0.0305727 -0.0999757 0.99452
    outer loop
      vertex 0.754112 2.32092 3.95655
      vertex 0.940568 3.28015 4.05871
      vertex 0.672654 2.34583 3.95655
    endloop
  endfacet
  facet normal -0.0360294 -0.134451 0.990265
    outer loop
      vertex 0.940568 3.28015 4.05871
      vertex 1.05966 4.25006 4.19473
      vertex 0.82552 3.31098 4.05871
    endloop
  endfacet
  facet normal -0.0199509 -0.102624 0.99452
    outer loop
      vertex 0.709465 3.33777 4.05871
      vertex 0.592546 3.3605 4.05871
      vertex 0.50738 2.38703 3.95655
    endloop
  endfacet
  facet normal -0.0265632 -0.136636 0.990265
    outer loop
      vertex 0.709465 3.33777 4.05871
      vertex 0.910687 4.28445 4.19473
      vertex 0.592546 3.3605 4.05871
    endloop
  endfacet
  facet normal -0.0441841 -0.0947491 0.99452
    outer loop
      vertex 1.49587 3.06699 4.05871
      vertex 1.38792 3.11733 4.05871
      vertex 1.06978 2.19338 3.95655
    endloop
  endfacet
  facet normal -0.058828 -0.126152 0.990265
    outer loop
      vertex 1.49587 3.06699 4.05871
      vertex 1.92014 3.93687 4.19473
      vertex 1.38792 3.11733 4.05871
    endloop
  endfacet
  facet normal -0.0408523 -0.096232 0.99452
    outer loop
      vertex 1.38792 3.11733 4.05871
      vertex 1.27829 3.16387 4.05871
      vertex 0.914175 2.26266 3.95655
    endloop
  endfacet
  facet normal -0.037461 -0.0976022 0.99452
    outer loop
      vertex 1.27829 3.16387 4.05871
      vertex 1.16709 3.20655 4.05871
      vertex 0.914175 2.26266 3.95655
    endloop
  endfacet
  facet normal -0.0678626 -0.159865 0.984804
    outer loop
      vertex 1.78157 4.00148 4.19473
      vertex 2.17305 4.88075 4.36444
      vertex 1.64084 4.06122 4.19473
    endloop
  endfacet
  facet normal -0.0733912 -0.157403 0.984804
    outer loop
      vertex 1.92014 3.93687 4.19473
      vertex 2.17305 4.88075 4.36444
      vertex 1.78157 4.00148 4.19473
    endloop
  endfacet
  facet normal -0.0622356 -0.162138 0.984804
    outer loop
      vertex 1.64084 4.06122 4.19473
      vertex 1.82729 5.02045 4.36444
      vertex 1.4981 4.11601 4.19473
    endloop
  endfacet
  facet normal -0.0498808 -0.129951 0.990265
    outer loop
      vertex 1.64084 4.06122 4.19473
      vertex 1.4981 4.11601 4.19473
      vertex 1.16709 3.20655 4.05871
    endloop
  endfacet
  facet normal -0.0674901 -0.121739 0.990265
    outer loop
      vertex 1.70617 2.95517 4.05871
      vertex 2.05636 3.86746 4.19473
      vertex 1.602 3.01292 4.05871
    endloop
  endfacet
  facet normal -0.0631951 -0.124023 0.990265
    outer loop
      vertex 2.05636 3.86746 4.19473
      vertex 1.92014 3.93687 4.19473
      vertex 1.602 3.01292 4.05871
    endloop
  endfacet
  facet normal -0.071689 -0.119315 0.990265
    outer loop
      vertex 2.32113 3.71459 4.19473
      vertex 2.19008 3.79333 4.19473
      vertex 1.70617 2.95517 4.05871
    endloop
  endfacet
  facet normal -0.0894446 -0.148866 0.984804
    outer loop
      vertex 2.32113 3.71459 4.19473
      vertex 2.67133 4.62687 4.36444
      vertex 2.19008 3.79333 4.19473
    endloop
  endfacet
  facet normal -0.113942 -0.131069 0.984804
    outer loop
      vertex 3.57493 3.97036 4.36444
      vertex 3.43419 4.09271 4.36444
      vertex 2.81552 3.3554 4.19473
    endloop
  endfacet
  facet normal -0.11394 -0.131071 0.984803
    outer loop
      vertex 2.9309 3.2551 4.19473
      vertex 3.57493 3.97036 4.36444
      vertex 2.81552 3.3554 4.19473
    endloop
  endfacet
  facet normal -0.0599689 -0.0856347 0.99452
    outer loop
      vertex 2.00572 2.76064 4.05871
      vertex 1.90816 2.82896 4.05871
      vertex 1.36463 2.02315 3.95655
    endloop
  endfacet
  facet normal -0.099611 -0.142266 0.984804
    outer loop
      vertex 2.5746 3.54363 4.19473
      vertex 3.14033 4.3223 4.36444
      vertex 2.44936 3.63132 4.19473
    endloop
  endfacet
  facet normal -0.105046 -0.091327 0.990265
    outer loop
      vertex 2.61401 2.19341 4.05871
      vertex 3.3554 2.81552 4.19473
      vertex 2.53586 2.2833 4.05871
    endloop
  endfacet
  facet normal -0.214134 -0.173535 0.961266
    outer loop
      vertex 5.71066 4.46166 4.80408
      vertex 5.84755 4.64294 4.8673
      vertex 5.83365 4.68308 4.87145
    endloop
  endfacet
  facet normal -0.214221 -0.173524 0.961249
    outer loop
      vertex 5.55147 4.65824 4.80408
      vertex 5.83365 4.68308 4.87145
      vertex 5.81565 4.71976 4.87406
    endloop
  endfacet
  facet normal -0.214257 -0.173389 0.961265
    outer loop
      vertex 5.55147 4.65824 4.80408
      vertex 5.81565 4.71976 4.87406
      vertex 5.79157 4.76016 4.87598
    endloop
  endfacet
  facet normal -0.214271 -0.173428 0.961255
    outer loop
      vertex 5.84755 4.64294 4.8673
      vertex 5.71066 4.46166 4.80408
      vertex 5.86495 4.5822 4.86022
    endloop
  endfacet
  facet normal -0.214227 -0.17348 0.961255
    outer loop
      vertex 5.83365 4.68308 4.87145
      vertex 5.55147 4.65824 4.80408
      vertex 5.71066 4.46166 4.80408
    endloop
  endfacet
  facet normal -0.237342 0.0470001 0.970289
    outer loop
      vertex 6.18598 -1.31487 4.57401
      vertex 6.18623 -1.30824 4.57375
      vertex 6.16099 -1.30956 4.56764
    endloop
  endfacet
  facet normal -0.235768 0.0544019 0.970285
    outer loop
      vertex 6.16099 -1.30956 4.56764
      vertex 6.1766 -1.52264 4.58338
      vertex 6.18598 -1.31487 4.57401
    endloop
  endfacet
  facet normal -0.235665 0.0544113 0.97031
    outer loop
      vertex 6.1766 -1.52264 4.58338
      vertex 6.16099 -1.30956 4.56764
      vertex 6.11153 -1.52378 4.56764
    endloop
  endfacet
  facet normal -0.235666 0.0546473 0.970297
    outer loop
      vertex 6.17583 -1.53981 4.58416
      vertex 6.1766 -1.52264 4.58338
      vertex 6.11153 -1.52378 4.56764
    endloop
  endfacet
  facet normal -0.225885 0.0867111 0.970287
    outer loop
      vertex 5.83999 -2.35951 4.56764
      vertex 6.12997 -2.30213 4.63002
      vertex 5.91878 -2.15426 4.56764
    endloop
  endfacet
  facet normal -0.225884 0.0867088 0.970288
    outer loop
      vertex 6.12997 -2.30213 4.63002
      vertex 5.83999 -2.35951 4.56764
      vertex 6.11767 -2.4717 4.64231
    endloop
  endfacet
  facet normal -0.162138 0.0622356 0.984804
    outer loop
      vertex 5.02045 -1.82729 4.36444
      vertex 4.11601 -1.4981 4.19473
      vertex 4.06122 -1.64084 4.19473
    endloop
  endfacet
  facet normal -0.0506894 0.091434 0.99452
    outer loop
      vertex 1.602 -3.01292 4.05871
      vertex 1.70617 -2.95517 4.05871
      vertex 1.14568 -2.15471 3.95655
    endloop
  endfacet
  facet normal -0.058828 0.126152 0.990265
    outer loop
      vertex 1.92014 -3.93687 4.19473
      vertex 1.49587 -3.06699 4.05871
      vertex 1.38792 -3.11733 4.05871
    endloop
  endfacet
  facet normal -0.0265632 0.136636 0.990265
    outer loop
      vertex 0.910687 -4.28445 4.19473
      vertex 0.709465 -3.33777 4.05871
      vertex 0.592546 -3.3605 4.05871
    endloop
  endfacet
  facet normal -0.0217721 0.137481 0.990265
    outer loop
      vertex 0.609601 -4.33754 4.19473
      vertex 0.592546 -3.3605 4.05871
      vertex 0.474906 -3.37913 4.05871
    endloop
  endfacet
  facet normal 0.0271715 0.171533 0.984804
    outer loop
      vertex -0.743553 -5.29066 4.36444
      vertex -0.609601 -4.33754 4.19473
      vertex -0.760607 -4.31362 4.19473
    endloop
  endfacet
  facet normal 0.0121306 0.138666 0.990265
    outer loop
      vertex -0.238032 -3.40403 4.05871
      vertex -0.356687 -3.39365 4.05871
      vertex -0.457851 -4.35617 4.19473
    endloop
  endfacet
  facet normal 0.00182874 0.104529 0.99452
    outer loop
      vertex 0 -3.41234 4.05871
      vertex 0 -2.44036 3.95655
      vertex -0.0851669 -2.43887 3.95655
    endloop
  endfacet
  facet normal -0.00729256 0.139005 0.990265
    outer loop
      vertex 0.305545 -4.36949 4.19473
      vertex 0.238032 -3.40403 4.05871
      vertex 0.152865 -4.3775 4.19473
    endloop
  endfacet
  facet normal -0.0121272 0.138667 0.990265
    outer loop
      vertex 0.305545 -4.36949 4.19473
      vertex 0.457851 -4.35617 4.19473
      vertex 0.238032 -3.40403 4.05871
    endloop
  endfacet
  facet normal 0.0199509 0.102624 0.99452
    outer loop
      vertex -0.592546 -3.3605 4.05871
      vertex -0.50738 -2.38703 3.95655
      vertex -0.709465 -3.33777 4.05871
    endloop
  endfacet
  facet normal 0.0030267 0.173645 0.984804
    outer loop
      vertex 0 -5.34265 4.36444
      vertex -0.152865 -4.3775 4.19473
      vertex -0.186456 -5.3394 4.36444
    endloop
  endfacet
  facet normal -0.0217776 0.137481 0.990265
    outer loop
      vertex 0.609601 -4.33754 4.19473
      vertex 0.760607 -4.31362 4.19473
      vertex 0.592546 -3.3605 4.05871
    endloop
  endfacet
  facet normal -0.0331354 0.170482 0.984804
    outer loop
      vertex 0.927741 -5.26148 4.36444
      vertex 0.910687 -4.28445 4.19473
      vertex 0.760607 -4.31362 4.19473
    endloop
  endfacet
  facet normal -0.0610228 0.0338281 0.997563
    outer loop
      vertex 2.15471 -1.14568 3.95655
      vertex 1.29388 -0.687966 3.88837
      vertex 1.26908 -0.732703 3.88837
    endloop
  endfacet
  facet normal -0.0169239 -0.0305292 0.999391
    outer loop
      vertex 0.732703 1.26908 3.88837
      vertex 0.687966 1.29388 3.88837
      vertex 0.229415 0.431467 3.85426
    endloop
  endfacet
  facet normal 0.0330047 0.0113645 0.999391
    outer loop
      vertex -0.459197 -0.167133 3.85426
      vertex -0.46475 -0.151006 3.85426
      vertex -1.39368 -0.452835 3.88837
    endloop
  endfacet
  facet normal -0.0340121 0.00785069 0.999391
    outer loop
      vertex 1.43338 -0.304675 3.88837
      vertex 0.477988 -0.101599 3.85426
      vertex 0.474152 -0.118218 3.85426
    endloop
  endfacet
  facet normal -0.034901 0.000614193 0.999391
    outer loop
      vertex 1.46451 -0.0511417 3.88837
      vertex 1.46541 0 3.88837
      vertex 0.488369 -0.0170536 3.85426
    endloop
  endfacet
  facet normal -0.0976022 0.037461 0.99452
    outer loop
      vertex 3.16387 -1.27829 4.05871
      vertex 3.20655 -1.16709 4.05871
      vertex 2.26266 -0.914175 3.95655
    endloop
  endfacet
  facet normal -0.0136355 -0.0321329 0.999391
    outer loop
      vertex 0.596034 1.33872 3.88837
      vertex 0.54895 1.3587 3.88837
      vertex 0.183058 0.453084 3.85426
    endloop
  endfacet
  facet normal -0.0342651 0.00666058 0.999391
    outer loop
      vertex 1.43338 -0.304675 3.88837
      vertex 1.44314 -0.254465 3.88837
      vertex 0.481243 -0.084856 3.85426
    endloop
  endfacet
  facet normal -0.0179814 0.0299187 0.999391
    outer loop
      vertex 0.732703 -1.26908 3.88837
      vertex 0.776546 -1.24273 3.88837
      vertex 0.258954 -0.414412 3.85426
    endloop
  endfacet
  facet normal -0.0642281 0.0272551 0.997563
    outer loop
      vertex 2.26266 -0.914175 3.95655
      vertex 1.3587 -0.54895 3.88837
      vertex 1.33872 -0.596034 3.88837
    endloop
  endfacet
  facet normal -0.0695061 0.00608375 0.997563
    outer loop
      vertex 2.42699 -0.255087 3.95655
      vertex 1.46184 -0.102221 3.88837
      vertex 1.45738 -0.153176 3.88837
    endloop
  endfacet
  facet normal -0.131611 0.0453196 0.990265
    outer loop
      vertex 4.16578 -1.35355 4.19473
      vertex 3.24533 -1.05447 4.05871
      vertex 3.20655 -1.16709 4.05871
    endloop
  endfacet
  facet normal -0.0667214 0.0204035 0.997563
    outer loop
      vertex 2.32092 -0.754112 3.95655
      vertex 2.34583 -0.672654 3.95655
      vertex 1.39368 -0.452835 3.88837
    endloop
  endfacet
  facet normal -0.0692524 0.00849814 0.997563
    outer loop
      vertex 2.42699 -0.255087 3.95655
      vertex 1.45738 -0.153176 3.88837
      vertex 1.45115 -0.203945 3.88837
    endloop
  endfacet
  facet normal -0.0346464 0.00425155 0.999391
    outer loop
      vertex 1.45115 -0.203945 3.88837
      vertex 1.45738 -0.153176 3.88837
      vertex 0.483912 -0.0680084 3.85426
    endloop
  endfacet
  facet normal -0.139004 0.00728068 0.990265
    outer loop
      vertex 4.3775 -0.152865 4.19473
      vertex 3.41026 -0.119088 4.05871
      vertex 3.40403 -0.238032 4.05871
    endloop
  endfacet
  facet normal -0.104402 0.00546163 0.99452
    outer loop
      vertex 3.41026 -0.119088 4.05871
      vertex 2.43887 -0.0851669 3.95655
      vertex 2.43442 -0.170231 3.95655
    endloop
  endfacet
  facet normal -0.0692521 0.00850242 0.997563
    outer loop
      vertex 2.41661 -0.339632 3.95655
      vertex 2.42699 -0.255087 3.95655
      vertex 1.45115 -0.203945 3.88837
    endloop
  endfacet
  facet normal -0.103765 0.0127398 0.99452
    outer loop
      vertex 3.39365 -0.356687 4.05871
      vertex 2.42699 -0.255087 3.95655
      vertex 2.41661 -0.339632 3.95655
    endloop
  endfacet
  facet normal -0.198195 -0.138784 0.970288
    outer loop
      vertex 5.86289 4.25964 4.80408
      vertex 5.96795 4.02543 4.79204
      vertex 5.95591 4.1268 4.80408
    endloop
  endfacet
  facet normal -0.198197 -0.138785 0.970287
    outer loop
      vertex 5.96795 4.02543 4.79204
      vertex 5.86289 4.25964 4.80408
      vertex 5.2218 3.52215 4.56764
    endloop
  endfacet
  facet normal -0.141823 -0.152076 0.978141
    outer loop
      vertex 4.37539 4.53085 4.56764
      vertex 4.21461 4.68079 4.56764
      vertex 3.71132 3.84318 4.36444
    endloop
  endfacet
  facet normal -0.171089 -0.171089 0.970287
    outer loop
      vertex 5.03414 5.21301 4.80408
      vertex 4.53085 4.37539 4.56764
      vertex 5.21301 5.03414 4.80408
    endloop
  endfacet
  facet normal -0.171089 -0.171089 0.970287
    outer loop
      vertex 4.53085 4.37539 4.56764
      vertex 5.03414 5.21301 4.80408
      vertex 4.37539 4.53085 4.56764
    endloop
  endfacet
  facet normal -0.119271 -0.170337 0.978141
    outer loop
      vertex 3.70224 5.0957 4.56764
      vertex 3.52215 5.2218 4.56764
      vertex 3.14033 4.3223 4.36444
    endloop
  endfacet
  facet normal -0.138797 -0.198179 0.970289
    outer loop
      vertex 3.9176 5.56556 4.69442
      vertex 3.76615 5.58355 4.67643
      vertex 3.52215 5.2218 4.56764
    endloop
  endfacet
  facet normal -0.202902 -0.131794 0.970289
    outer loop
      vertex 5.99904 3.74862 4.76094
      vertex 5.96954 4.01122 4.79044
      vertex 5.34154 3.33776 4.56764
    endloop
  endfacet
  facet normal -0.046782 0.202608 0.978142
    outer loop
      vertex 1.22773 -5.77601 4.48398
      vertex 1.36478 -5.77058 4.48941
      vertex 1.1108 -5.2259 4.36444
    endloop
  endfacet
  facet normal 0.0113645 0.0330047 0.999391
    outer loop
      vertex -0.151006 -0.46475 3.85426
      vertex -0.167133 -0.459197 3.85426
      vertex -0.452835 -1.39368 3.88837
    endloop
  endfacet
  facet normal -0.0651377 0.0250036 0.997563
    outer loop
      vertex 2.26266 -0.914175 3.95655
      vertex 1.37703 -0.501198 3.88837
      vertex 1.3587 -0.54895 3.88837
    endloop
  endfacet
  facet normal -0.0200223 -0.0285929 0.999391
    outer loop
      vertex 0.861344 1.18554 3.88837
      vertex 0.819445 1.21488 3.88837
      vertex 0.287231 0.39534 3.85426
    endloop
  endfacet
  facet normal -0.020021 -0.0285938 0.999391
    outer loop
      vertex 0.287231 0.39534 3.85426
      vertex 0.819445 1.21488 3.88837
      vertex 0.273259 0.405123 3.85426
    endloop
  endfacet
  facet normal -0.0631873 0.124026 0.990265
    outer loop
      vertex 1.92014 -3.93687 4.19473
      vertex 1.602 -3.01292 4.05871
      vertex 1.49587 -3.06699 4.05871
    endloop
  endfacet
  facet normal -0.022899 -0.0263454 0.999391
    outer loop
      vertex 0.326982 0.363151 3.85426
      vertex 0.941945 1.12257 3.88837
      vertex 0.314109 0.37434 3.85426
    endloop
  endfacet
  facet normal -0.000609869 0.0349009 0.999391
    outer loop
      vertex 0.0170536 -0.488369 3.85426
      vertex 0 -0.488667 3.85426
      vertex 0 -1.46541 3.88837
    endloop
  endfacet
  facet normal -0.0338281 0.0610228 0.997563
    outer loop
      vertex 1.14568 -2.15471 3.95655
      vertex 0.732703 -1.26908 3.88837
      vertex 0.687966 -1.29388 3.88837
    endloop
  endfacet
  facet normal -0.022712 0.0659713 0.997563
    outer loop
      vertex 0.754112 -2.32092 3.95655
      vertex 0.501198 -1.37703 3.88837
      vertex 0.452835 -1.39368 3.88837
    endloop
  endfacet
  facet normal -0.021006 0.0278783 0.999391
    outer loop
      vertex 0.861344 -1.18554 3.88837
      vertex 0.902194 -1.15476 3.88837
      vertex 0.287231 -0.39534 3.85426
    endloop
  endfacet
  facet normal -0.089446 0.148866 0.984804
    outer loop
      vertex 2.67133 -4.62687 4.36444
      vertex 2.83117 -4.53083 4.36444
      vertex 2.32113 -3.71459 4.19473
    endloop
  endfacet
  facet normal -0.0229017 -0.0263431 0.999391
    outer loop
      vertex 0.980548 1.08901 3.88837
      vertex 0.941945 1.12257 3.88837
      vertex 0.326982 0.363151 3.85426
    endloop
  endfacet
  facet normal 0.0684886 0.0133182 0.997563
    outer loop
      vertex -2.38703 -0.50738 3.95655
      vertex -1.43338 -0.304675 3.88837
      vertex -2.40329 -0.423763 3.95655
    endloop
  endfacet
  facet normal -0.0278773 -0.0210072 0.999391
    outer loop
      vertex 0.39534 0.287231 3.85426
      vertex 1.15476 0.902194 3.88837
      vertex 0.385075 0.300853 3.85426
    endloop
  endfacet
  facet normal 0.0210072 0.0278773 0.999391
    outer loop
      vertex -0.287231 -0.39534 3.85426
      vertex -0.300853 -0.385075 3.85426
      vertex -0.902194 -1.15476 3.88837
    endloop
  endfacet
  facet normal 0.0113645 -0.0330047 0.999391
    outer loop
      vertex -0.167133 0.459197 3.85426
      vertex -0.151006 0.46475 3.85426
      vertex -0.452835 1.39368 3.88837
    endloop
  endfacet
  facet normal 0.0102089 -0.0333802 0.999391
    outer loop
      vertex -0.151006 0.46475 3.85426
      vertex -0.40392 1.40864 3.88837
      vertex -0.452835 1.39368 3.88837
    endloop
  endfacet
  facet normal -0.0271267 -0.0219678 0.999391
    outer loop
      vertex 0.385075 0.300853 3.85426
      vertex 1.12257 0.941945 3.88837
      vertex 0.37434 0.314109 3.85426
    endloop
  endfacet
  facet normal -0.00364501 0.0696763 0.997563
    outer loop
      vertex 0.0851669 -2.43887 3.95655
      vertex 0.170231 -2.43442 3.95655
      vertex 0.0511417 -1.46451 3.88837
    endloop
  endfacet
  facet normal 0.0235162 0.101866 0.99452
    outer loop
      vertex -0.50738 -2.38703 3.95655
      vertex -0.590376 -2.36787 3.95655
      vertex -0.709465 -3.33777 4.05871
    endloop
  endfacet
  facet normal 0.0313092 0.135627 0.990265
    outer loop
      vertex -0.910687 -4.28445 4.19473
      vertex -0.709465 -3.33777 4.05871
      vertex -1.05966 -4.25006 4.19473
    endloop
  endfacet
  facet normal 0.071689 0.119315 0.990265
    outer loop
      vertex -2.19008 -3.79333 4.19473
      vertex -1.70617 -2.95517 4.05871
      vertex -2.32113 -3.71459 4.19473
    endloop
  endfacet
  facet normal 0.0408467 0.0962351 0.99452
    outer loop
      vertex -0.914175 -2.26266 3.95655
      vertex -0.992583 -2.22938 3.95655
      vertex -1.38792 -3.11733 4.05871
    endloop
  endfacet
  facet normal 0.0400213 0.0571524 0.997563
    outer loop
      vertex -0.819445 -1.21488 3.88837
      vertex -0.861344 -1.18554 3.88837
      vertex -1.43441 -1.97429 3.95655
    endloop
  endfacet
  facet normal 0.0599689 0.0856347 0.99452
    outer loop
      vertex -1.90816 -2.82896 4.05871
      vertex -1.36463 -2.02315 3.95655
      vertex -2.00572 -2.76064 4.05871
    endloop
  endfacet
  facet normal -0.0278773 0.0210072 0.999391
    outer loop
      vertex 1.15476 -0.902194 3.88837
      vertex 0.39534 -0.287231 3.85426
      vertex 0.385075 -0.300853 3.85426
    endloop
  endfacet
  facet normal 0.0856347 0.0599689 0.99452
    outer loop
      vertex -2.76064 -2.00572 4.05871
      vertex -2.02315 -1.36463 3.95655
      vertex -2.82896 -1.90816 4.05871
    endloop
  endfacet
  facet normal 0.0876808 0.0569355 0.99452
    outer loop
      vertex -2.82896 -1.90816 4.05871
      vertex -2.02315 -1.36463 3.95655
      vertex -2.89383 -1.80826 4.05871
    endloop
  endfacet
  facet normal 0.0949294 0.101801 0.990265
    outer loop
      vertex -2.2833 -2.53586 4.05871
      vertex -2.37041 -2.45463 4.05871
      vertex -3.04272 -3.15083 4.19473
    endloop
  endfacet
  facet normal 0.0764634 0.0712963 0.99452
    outer loop
      vertex -1.75545 -1.69522 3.95655
      vertex -1.81354 -1.63292 3.95655
      vertex -2.45463 -2.37041 4.05871
    endloop
  endfacet
  facet normal 0.0571541 0.0400193 0.997563
    outer loop
      vertex -1.97429 -1.43441 3.95655
      vertex -1.21488 -0.819445 3.88837
      vertex -2.02315 -1.36463 3.95655
    endloop
  endfacet
  facet normal 0.043909 0.0542227 0.997563
    outer loop
      vertex -0.902194 -1.15476 3.88837
      vertex -0.941945 -1.12257 3.88837
      vertex -1.50244 -1.92303 3.95655
    endloop
  endfacet
  facet normal 0.101802 0.0949285 0.990265
    outer loop
      vertex -3.15083 -3.04272 4.19473
      vertex -2.53586 -2.2833 4.05871
      vertex -3.2551 -2.9309 4.19473
    endloop
  endfacet
  facet normal 0.071299 0.0764602 0.99452
    outer loop
      vertex -2.2833 -2.53586 4.05871
      vertex -1.63292 -1.81354 3.95655
      vertex -2.37041 -2.45463 4.05871
    endloop
  endfacet
  facet normal 0.156932 0.136426 0.978141
    outer loop
      vertex -3.97036 -3.57493 4.36444
      vertex -4.09271 -3.43419 4.36444
      vertex -4.68079 -4.21461 4.56764
    endloop
  endfacet
  facet normal 0.188035 0.15227 0.970287
    outer loop
      vertex -5.55147 -4.65824 4.80408
      vertex -4.96339 -3.87782 4.56764
      vertex -5.71066 -4.46166 4.80408
    endloop
  endfacet
  facet normal 0.138797 0.198179 0.970289
    outer loop
      vertex -3.76615 -5.58355 4.67643
      vertex -3.52215 -5.2218 4.56764
      vertex -3.9176 -5.56556 4.69442
    endloop
  endfacet
  facet normal 0.10995 0.215507 0.970293
    outer loop
      vertex -2.98125 -5.66629 4.59369
      vertex -2.95703 -5.56136 4.56764
      vertex -3.01134 -5.6635 4.59648
    endloop
  endfacet
  facet normal 0.13878 0.198198 0.970287
    outer loop
      vertex -3.70224 -5.0957 4.56764
      vertex -3.9176 -5.56556 4.69442
      vertex -3.52215 -5.2218 4.56764
    endloop
  endfacet
  facet normal 0.138779 0.198199 0.970287
    outer loop
      vertex -3.9176 -5.56556 4.69442
      vertex -3.70224 -5.0957 4.56764
      vertex -4.03361 -5.55179 4.7082
    endloop
  endfacet
  facet normal 0.113251 0.174398 0.978141
    outer loop
      vertex -3.33776 -5.34154 4.56764
      vertex -2.83117 -4.53083 4.36444
      vertex -3.52215 -5.2218 4.56764
    endloop
  endfacet
  facet normal 0.0914349 0.0506881 0.99452
    outer loop
      vertex -2.11341 -1.22018 3.95655
      vertex -2.15471 -1.14568 3.95655
      vertex -2.95517 -1.70617 4.05871
    endloop
  endfacet
  facet normal 0.0610228 0.0338281 0.997563
    outer loop
      vertex -1.26908 -0.732703 3.88837
      vertex -1.29388 -0.687966 3.88837
      vertex -2.15471 -1.14568 3.95655
    endloop
  endfacet
  facet normal 0.0338286 -0.0610226 0.997563
    outer loop
      vertex -0.732703 1.26908 3.88837
      vertex -1.14568 2.15471 3.95655
      vertex -1.22018 2.11341 3.95655
    endloop
  endfacet
  facet normal 0.0338281 -0.0610228 0.997563
    outer loop
      vertex -0.732703 1.26908 3.88837
      vertex -0.687966 1.29388 3.88837
      vertex -1.14568 2.15471 3.95655
    endloop
  endfacet
  facet normal 0.0285929 -0.0200223 0.999391
    outer loop
      vertex -0.39534 0.287231 3.85426
      vertex -1.18554 0.861344 3.88837
      vertex -1.21488 0.819445 3.88837
    endloop
  endfacet
  facet normal 0.022899 -0.0263454 0.999391
    outer loop
      vertex -0.326982 0.363151 3.85426
      vertex -0.314109 0.37434 3.85426
      vertex -0.941945 1.12257 3.88837
    endloop
  endfacet
  facet normal 0.00546177 -0.0344765 0.999391
    outer loop
      vertex -0.084856 0.481243 3.85426
      vertex -0.0680084 0.483912 3.85426
      vertex -0.254465 1.44314 3.88837
    endloop
  endfacet
  facet normal 0.0629135 -0.083496 0.99452
    outer loop
      vertex -1.50244 1.92303 3.95655
      vertex -1.43441 1.97429 3.95655
      vertex -2.00572 2.76064 4.05871
    endloop
  endfacet
  facet normal 0.0739249 -0.0739249 0.99452
    outer loop
      vertex -2.37041 2.45463 4.05871
      vertex -1.75545 1.69522 3.95655
      vertex -1.69522 1.75545 3.95655
    endloop
  endfacet
  facet normal 0.0739249 -0.0739249 0.99452
    outer loop
      vertex -1.75545 1.69522 3.95655
      vertex -2.37041 2.45463 4.05871
      vertex -2.45463 2.37041 4.05871
    endloop
  endfacet
  facet normal -0.0321315 0.0136385 0.999391
    outer loop
      vertex 1.33872 -0.596034 3.88837
      vertex 0.453084 -0.183058 3.85426
      vertex 0.44642 -0.198758 3.85426
    endloop
  endfacet
  facet normal 0.114023 -0.079836 0.990265
    outer loop
      vertex -2.76064 2.00572 4.05871
      vertex -3.54363 2.5746 4.19473
      vertex -3.63132 2.44936 4.19473
    endloop
  endfacet
  facet normal 0.0812475 -0.0657898 0.99452
    outer loop
      vertex -1.86942 1.56863 3.95655
      vertex -2.61401 2.19341 4.05871
      vertex -2.68896 2.10085 4.05871
    endloop
  endfacet
  facet normal 0.0542227 -0.043909 0.997563
    outer loop
      vertex -1.15476 0.902194 3.88837
      vertex -1.12257 0.941945 3.88837
      vertex -1.92303 1.50244 3.95655
    endloop
  endfacet
  facet normal 0.054219 -0.0439142 0.997563
    outer loop
      vertex -1.12257 0.941945 3.88837
      vertex -1.86942 1.56863 3.95655
      vertex -1.92303 1.50244 3.95655
    endloop
  endfacet
  facet normal 0.089613 -0.0538433 0.99452
    outer loop
      vertex -2.06954 1.29319 3.95655
      vertex -2.89383 1.80826 4.05871
      vertex -2.95517 1.70617 4.05871
    endloop
  endfacet
  facet normal 0.0632331 -0.0294907 0.997563
    outer loop
      vertex -1.33872 0.596034 3.88837
      vertex -1.3171 0.642391 3.88837
      vertex -2.19338 1.06978 3.95655
    endloop
  endfacet
  facet normal 0.119315 -0.071689 0.990265
    outer loop
      vertex -2.95517 1.70617 4.05871
      vertex -3.71459 2.32113 4.19473
      vertex -3.79333 2.19008 4.19473
    endloop
  endfacet
  facet normal 0.148866 -0.0894446 0.984804
    outer loop
      vertex -3.79333 2.19008 4.19473
      vertex -3.71459 2.32113 4.19473
      vertex -4.62687 2.67133 4.36444
    endloop
  endfacet
  facet normal 0.128129 -0.0543907 0.990265
    outer loop
      vertex -3.11733 1.38792 4.05871
      vertex -4.00148 1.78157 4.19473
      vertex -4.06122 1.64084 4.19473
    endloop
  endfacet
  facet normal 0.159865 -0.0678626 0.984804
    outer loop
      vertex -4.06122 1.64084 4.19473
      vertex -4.00148 1.78157 4.19473
      vertex -4.88075 2.17305 4.36444
    endloop
  endfacet
  facet normal 0.078897 -0.0685927 0.99452
    outer loop
      vertex -1.81354 1.63292 3.95655
      vertex -2.53586 2.2833 4.05871
      vertex -2.61401 2.19341 4.05871
    endloop
  endfacet
  facet normal 0.0789042 -0.0685824 0.99452
    outer loop
      vertex -1.86942 1.56863 3.95655
      vertex -1.81354 1.63292 3.95655
      vertex -2.61401 2.19341 4.05871
    endloop
  endfacet
  facet normal 0.071299 -0.0764602 0.99452
    outer loop
      vertex -1.63292 1.81354 3.95655
      vertex -2.2833 2.53586 4.05871
      vertex -2.37041 2.45463 4.05871
    endloop
  endfacet
  facet normal 0.141812 -0.152082 0.978141
    outer loop
      vertex -3.71132 3.84318 4.36444
      vertex -3.57493 3.97036 4.36444
      vertex -4.21461 4.68079 4.56764
    endloop
  endfacet
  facet normal 0.122805 -0.122805 0.984804
    outer loop
      vertex -3.71132 3.84318 4.36444
      vertex -3.15083 3.04272 4.19473
      vertex -3.04272 3.15083 4.19473
    endloop
  endfacet
  facet normal 0.122805 -0.122805 0.984804
    outer loop
      vertex -3.15083 3.04272 4.19473
      vertex -3.71132 3.84318 4.36444
      vertex -3.84318 3.71132 4.36444
    endloop
  endfacet
  facet normal 0.152076 -0.141823 0.978141
    outer loop
      vertex -3.84318 3.71132 4.36444
      vertex -4.53085 4.37539 4.56764
      vertex -4.68079 4.21461 4.56764
    endloop
  endfacet
  facet normal -0.219281 -0.102259 0.970288
    outer loop
      vertex 5.66117 2.76114 4.56764
      vertex 6.08829 2.83252 4.67169
      vertex 6.077 2.96395 4.68299
    endloop
  endfacet
  facet normal -0.219283 -0.102246 0.970289
    outer loop
      vertex 6.08829 2.83252 4.67169
      vertex 5.66117 2.76114 4.56764
      vertex 5.75408 2.56188 4.56764
    endloop
  endfacet
  facet normal -0.215581 -0.109868 0.970285
    outer loop
      vertex 5.56136 2.95703 4.56764
      vertex 6.077 2.96395 4.68299
      vertex 6.06683 3.07372 4.69316
    endloop
  endfacet
  facet normal -0.215582 -0.109843 0.970288
    outer loop
      vertex 6.077 2.96395 4.68299
      vertex 5.56136 2.95703 4.56764
      vertex 5.66117 2.76114 4.56764
    endloop
  endfacet
  facet normal -0.145611 -0.19324 0.970286
    outer loop
      vertex 4.31046 5.51714 4.74285
      vertex 4.12284 5.54062 4.71937
      vertex 3.87782 4.96339 4.56764
    endloop
  endfacet
  facet normal -0.182608 -0.158738 0.970287
    outer loop
      vertex 4.82503 4.04868 4.56764
      vertex 5.55147 4.65824 4.80408
      vertex 4.68079 4.21461 4.56764
    endloop
  endfacet
  facet normal 0.0507815 0.16608 0.984804
    outer loop
      vertex -1.47263 -5.13569 4.36444
      vertex -1.20734 -4.21048 4.19473
      vertex -1.65097 -5.08116 4.36444
    endloop
  endfacet
  facet normal 0.208052 0.180848 0.961253
    outer loop
      vertex -5.38552 -4.84914 4.80408
      vertex -5.63804 -4.99996 4.88711
      vertex -5.59706 -5.03961 4.8857
    endloop
  endfacet
  facet normal 0.208068 0.180823 0.961255
    outer loop
      vertex -5.63804 -4.99996 4.88711
      vertex -5.38552 -4.84914 4.80408
      vertex -5.65829 -4.97634 4.88705
    endloop
  endfacet
  facet normal 0.0151427 0.173009 0.984804
    outer loop
      vertex -0.372684 -5.32964 4.36444
      vertex -0.305545 -4.36949 4.19473
      vertex -0.558458 -5.31338 4.36444
    endloop
  endfacet
  facet normal 0.0338286 0.0610226 0.997563
    outer loop
      vertex -1.14568 -2.15471 3.95655
      vertex -0.732703 -1.26908 3.88837
      vertex -1.22018 -2.11341 3.95655
    endloop
  endfacet
  facet normal 0.104519 0.1387 0.984804
    outer loop
      vertex -2.5746 -3.54363 4.19473
      vertex -2.6967 -3.45162 4.19473
      vertex -3.28926 -4.21007 4.36444
    endloop
  endfacet
  facet normal 0.0305633 0.0999776 0.99452
    outer loop
      vertex -0.940568 -3.28015 4.05871
      vertex -0.754112 -2.32092 3.95655
      vertex -1.05447 -3.24533 4.05871
    endloop
  endfacet
  facet normal 0.0360294 0.134451 0.990265
    outer loop
      vertex -0.82552 -3.31098 4.05871
      vertex -0.940568 -3.28015 4.05871
      vertex -1.05966 -4.25006 4.19473
    endloop
  endfacet
  facet normal 0.0608506 0.198831 0.978143
    outer loop
      vertex -1.65107 -5.75795 4.50203
      vertex -1.47263 -5.13569 4.36444
      vertex -1.81293 -5.74959 4.5104
    endloop
  endfacet
  facet normal 0.0788439 0.154745 0.984803
    outer loop
      vertex -2.34206 -4.80194 4.36444
      vertex -1.92014 -3.93687 4.19473
      vertex -2.50822 -4.71728 4.36444
    endloop
  endfacet
  facet normal 0.109296 0.134968 0.984804
    outer loop
      vertex -2.6967 -3.45162 4.19473
      vertex -2.81552 -3.3554 4.19473
      vertex -3.28926 -4.21007 4.36444
    endloop
  endfacet
  facet normal 0.188271 0.201321 0.961261
    outer loop
      vertex -4.84914 -5.38552 4.80408
      vertex -4.9051 -5.43107 4.82458
      vertex -4.89269 -5.43389 4.82274
    endloop
  endfacet
  facet normal 0.188016 0.201629 0.961247
    outer loop
      vertex -5.03414 -5.21301 4.80408
      vertex -4.9051 -5.43107 4.82458
      vertex -4.84914 -5.38552 4.80408
    endloop
  endfacet
  facet normal 0.187985 0.201611 0.961257
    outer loop
      vertex -5.03414 -5.21301 4.80408
      vertex -5.08317 -5.38366 4.84946
      vertex -4.9051 -5.43107 4.82458
    endloop
  endfacet
  facet normal 0.188065 0.201585 0.961247
    outer loop
      vertex -5.08317 -5.38366 4.84946
      vertex -5.03414 -5.21301 4.80408
      vertex -5.11518 -5.37206 4.85329
    endloop
  endfacet
  facet normal 0.161603 0.130861 0.978141
    outer loop
      vertex -4.09271 -3.43419 4.36444
      vertex -4.21007 -3.28926 4.36444
      vertex -4.96339 -3.87782 4.56764
    endloop
  endfacet
  facet normal 0.182607 0.158741 0.970287
    outer loop
      vertex -5.38552 -4.84914 4.80408
      vertex -4.68079 -4.21461 4.56764
      vertex -5.55147 -4.65824 4.80408
    endloop
  endfacet
  facet normal 0.201597 0.188025 0.961252
    outer loop
      vertex -5.21301 -5.03414 4.80408
      vertex -5.42261 -5.20429 4.88132
      vertex -5.40322 -5.21782 4.8799
    endloop
  endfacet
  facet normal 0.201602 0.188019 0.961252
    outer loop
      vertex -5.21301 -5.03414 4.80408
      vertex -5.45096 -5.1788 4.88228
      vertex -5.42261 -5.20429 4.88132
    endloop
  endfacet
  facet normal 0.201485 0.188204 0.96124
    outer loop
      vertex -5.45096 -5.1788 4.88228
      vertex -5.21301 -5.03414 4.80408
      vertex -5.46697 -5.16355 4.88265
    endloop
  endfacet
  facet normal 0.129952 -0.0498774 0.990265
    outer loop
      vertex -3.20655 1.16709 4.05871
      vertex -3.16387 1.27829 4.05871
      vertex -4.06122 1.64084 4.19473
    endloop
  endfacet
  facet normal 0.128128 -0.0543928 0.990265
    outer loop
      vertex -3.16387 1.27829 4.05871
      vertex -3.11733 1.38792 4.05871
      vertex -4.06122 1.64084 4.19473
    endloop
  endfacet
  facet normal 0.0659708 -0.0227138 0.997563
    outer loop
      vertex -1.37703 0.501198 3.88837
      vertex -2.29319 0.834652 3.95655
      vertex -2.32092 0.754112 3.95655
    endloop
  endfacet
  facet normal 0.0976022 -0.037461 0.99452
    outer loop
      vertex -2.26266 0.914175 3.95655
      vertex -3.16387 1.27829 4.05871
      vertex -3.20655 1.16709 4.05871
    endloop
  endfacet
  facet normal 0.173645 -0.0030267 0.984804
    outer loop
      vertex -4.3775 0.152865 4.19473
      vertex -5.3394 0.186456 4.36444
      vertex -5.34265 0 4.36444
    endloop
  endfacet
  facet normal 0.173434 -0.00908946 0.984804
    outer loop
      vertex -4.3775 0.152865 4.19473
      vertex -5.32964 0.372684 4.36444
      vertex -5.3394 0.186456 4.36444
    endloop
  endfacet
  facet normal 0.136636 -0.0265632 0.990265
    outer loop
      vertex -3.3605 0.592546 4.05871
      vertex -3.33777 0.709465 4.05871
      vertex -4.28445 0.910687 4.19473
    endloop
  endfacet
  facet normal 0.102623 -0.0199559 0.99452
    outer loop
      vertex -2.40329 0.423763 3.95655
      vertex -2.38703 0.50738 3.95655
      vertex -3.3605 0.592546 4.05871
    endloop
  endfacet
  facet normal 0.103259 -0.0163485 0.99452
    outer loop
      vertex -2.41661 0.339632 3.95655
      vertex -2.40329 0.423763 3.95655
      vertex -3.3605 0.592546 4.05871
    endloop
  endfacet
  facet normal 0.16421 -0.0565404 0.984804
    outer loop
      vertex -4.16578 1.35355 4.19473
      vertex -5.02045 1.82729 4.36444
      vertex -5.08116 1.65097 4.36444
    endloop
  endfacet
  facet normal 0.164211 -0.0565394 0.984804
    outer loop
      vertex -4.16578 1.35355 4.19473
      vertex -4.11601 1.4981 4.19473
      vertex -5.02045 1.82729 4.36444
    endloop
  endfacet
  facet normal 0.169221 -0.039069 0.984803
    outer loop
      vertex -4.25006 1.05966 4.19473
      vertex -5.18395 1.2925 4.36444
      vertex -5.2259 1.1108 4.36444
    endloop
  endfacet
  facet normal 0.167756 -0.0449449 0.984803
    outer loop
      vertex -4.25006 1.05966 4.19473
      vertex -5.13569 1.47263 4.36444
      vertex -5.18395 1.2925 4.36444
    endloop
  endfacet
  facet normal 0.0673935 0.01806 0.997563
    outer loop
      vertex -1.40864 -0.40392 3.88837
      vertex -1.42188 -0.354513 3.88837
      vertex -2.34583 -0.672654 3.95655
    endloop
  endfacet
  facet normal 0.0299198 0.0179793 0.999391
    outer loop
      vertex -0.414412 -0.258954 3.85426
      vertex -0.423198 -0.244333 3.85426
      vertex -1.26908 -0.732703 3.88837
    endloop
  endfacet
  facet normal 0.169221 0.039069 0.984803
    outer loop
      vertex -5.18395 -1.2925 4.36444
      vertex -4.25006 -1.05966 4.19473
      vertex -5.2259 -1.1108 4.36444
    endloop
  endfacet
  facet normal 0.0673957 0.0180535 0.997563
    outer loop
      vertex -2.34583 -0.672654 3.95655
      vertex -1.42188 -0.354513 3.88837
      vertex -2.36787 -0.590376 3.95655
    endloop
  endfacet
  facet normal 0.170482 0.0331355 0.984804
    outer loop
      vertex -5.2259 -1.1108 4.36444
      vertex -4.28445 -0.910687 4.19473
      vertex -5.26148 -0.927741 4.36444
    endloop
  endfacet
  facet normal 0.169222 0.0390643 0.984804
    outer loop
      vertex -4.25006 -1.05966 4.19473
      vertex -4.28445 -0.910687 4.19473
      vertex -5.2259 -1.1108 4.36444
    endloop
  endfacet
  facet normal 0.129951 0.0498808 0.990265
    outer loop
      vertex -4.06122 -1.64084 4.19473
      vertex -3.20655 -1.16709 4.05871
      vertex -4.11601 -1.4981 4.19473
    endloop
  endfacet
  facet normal 0.198855 -0.0608026 0.978141
    outer loop
      vertex -5.13569 1.47263 4.36444
      vertex -5.08116 1.65097 4.36444
      vertex -5.99035 1.94638 4.56764
    endloop
  endfacet
  facet normal 0.228759 -0.0787173 0.970295
    outer loop
      vertex -5.99035 1.94638 4.56764
      vertex -6.14712 2.04819 4.61286
      vertex -6.15039 1.99838 4.60959
    endloop
  endfacet
  facet normal 0.228752 -0.0787854 0.970291
    outer loop
      vertex -6.14712 2.04819 4.61286
      vertex -5.91878 2.15426 4.56764
      vertex -6.13498 2.23295 4.625
    endloop
  endfacet
  facet normal 0.228738 -0.078751 0.970298
    outer loop
      vertex -5.91878 2.15426 4.56764
      vertex -6.14712 2.04819 4.61286
      vertex -5.99035 1.94638 4.56764
    endloop
  endfacet
  facet normal 0.204116 -0.0396726 0.978143
    outer loop
      vertex -6.19417 1.0939 4.56581
      vertex -5.26148 0.927741 4.36444
      vertex -5.2259 1.1108 4.36444
    endloop
  endfacet
  facet normal 0.204734 -0.0362079 0.978148
    outer loop
      vertex -5.26148 0.927741 4.36444
      vertex -6.19417 1.0939 4.56581
      vertex -6.19423 1.09221 4.56576
    endloop
  endfacet
  facet normal 0.205289 -0.0330568 0.978143
    outer loop
      vertex -6.19428 1.09042 4.56571
      vertex -5.26148 0.927741 4.36444
      vertex -6.19423 1.09221 4.56576
    endloop
  endfacet
  facet normal 0.205379 -0.0325372 0.978142
    outer loop
      vertex -5.26148 0.927741 4.36444
      vertex -6.19428 1.09042 4.56571
      vertex -5.29066 0.743553 4.36444
    endloop
  endfacet
  facet normal 0.207674 -0.0105499 0.978141
    outer loop
      vertex -6.20846 0.419319 4.55153
      vertex -5.32964 0.372684 4.36444
      vertex -6.20832 0.434128 4.55166
    endloop
  endfacet
  facet normal 0.207657 -0.0108831 0.978141
    outer loop
      vertex -5.32964 0.372684 4.36444
      vertex -6.20846 0.419319 4.55153
      vertex -5.3394 0.186456 4.36444
    endloop
  endfacet
  facet normal 0.207911 -0.00358519 0.978141
    outer loop
      vertex -6.21036 0.200327 4.54962
      vertex -5.3394 0.186456 4.36444
      vertex -6.21031 0.216868 4.54967
    endloop
  endfacet
  facet normal 0.207911 -0.00362396 0.978141
    outer loop
      vertex -5.3394 0.186456 4.36444
      vertex -6.21036 0.200327 4.54962
      vertex -5.34265 0 4.36444
    endloop
  endfacet
  facet normal 0.207911 -0.00362193 0.978141
    outer loop
      vertex -5.34265 0 4.36444
      vertex -6.21036 0.200327 4.54962
      vertex -6.21098 0 4.54901
    endloop
  endfacet
  facet normal 0.237308 -0.0461318 0.970338
    outer loop
      vertex -6.16099 1.30956 4.56764
      vertex -6.18623 1.30824 4.57375
      vertex -6.19235 1.14824 4.56764
    endloop
  endfacet
  facet normal 0.20639 -0.025343 0.978141
    outer loop
      vertex -5.31338 0.558458 4.36444
      vertex -6.20046 0.863902 4.55953
      vertex -6.20499 0.65217 4.555
    endloop
  endfacet
  facet normal 0.0598059 -0.0359359 0.997563
    outer loop
      vertex -1.26908 0.732703 3.88837
      vertex -2.06954 1.29319 3.95655
      vertex -2.11341 1.22018 3.95655
    endloop
  endfacet
  facet normal 0.0947491 -0.0441841 0.99452
    outer loop
      vertex -2.19338 1.06978 3.95655
      vertex -3.06699 1.49587 4.05871
      vertex -3.11733 1.38792 4.05871
    endloop
  endfacet
  facet normal 0.121739 -0.0674901 0.990265
    outer loop
      vertex -3.01292 1.602 4.05871
      vertex -2.95517 1.70617 4.05871
      vertex -3.86746 2.05636 4.19473
    endloop
  endfacet
  facet normal 0.154742 -0.0788478 0.984804
    outer loop
      vertex -3.93687 1.92014 4.19473
      vertex -3.86746 2.05636 4.19473
      vertex -4.71728 2.50822 4.36444
    endloop
  endfacet
  facet normal 0.0949285 -0.101802 0.990265
    outer loop
      vertex -2.2833 2.53586 4.05871
      vertex -2.9309 3.2551 4.19473
      vertex -3.04272 3.15083 4.19473
    endloop
  endfacet
  facet normal 0.0475815 -0.0510299 0.997563
    outer loop
      vertex -1.01796 1.05412 3.88837
      vertex -1.63292 1.81354 3.95655
      vertex -1.69522 1.75545 3.95655
    endloop
  endfacet
  facet normal 0.0685824 -0.0789042 0.99452
    outer loop
      vertex -1.63292 1.81354 3.95655
      vertex -1.56863 1.86942 3.95655
      vertex -2.19341 2.61401 4.05871
    endloop
  endfacet
  facet normal 0.0629137 -0.0834958 0.99452
    outer loop
      vertex -1.50244 1.92303 3.95655
      vertex -2.00572 2.76064 4.05871
      vertex -2.10085 2.68896 4.05871
    endloop
  endfacet
  facet normal 0.0674886 -0.12174 0.990265
    outer loop
      vertex -1.70617 2.95517 4.05871
      vertex -2.05636 3.86746 4.19473
      vertex -2.19008 3.79333 4.19473
    endloop
  endfacet
  facet normal 0.0674901 -0.121739 0.990265
    outer loop
      vertex -1.70617 2.95517 4.05871
      vertex -1.602 3.01292 4.05871
      vertex -2.05636 3.86746 4.19473
    endloop
  endfacet
  facet normal 0.0658002 -0.0812407 0.99452
    outer loop
      vertex -1.56863 1.86942 3.95655
      vertex -1.50244 1.92303 3.95655
      vertex -2.10085 2.68896 4.05871
    endloop
  endfacet
  facet normal 0.0657898 -0.0812475 0.99452
    outer loop
      vertex -1.56863 1.86942 3.95655
      vertex -2.10085 2.68896 4.05871
      vertex -2.19341 2.61401 4.05871
    endloop
  endfacet
  facet normal 0.0588217 -0.126156 0.990265
    outer loop
      vertex -1.38792 3.11733 4.05871
      vertex -1.78157 4.00148 4.19473
      vertex -1.92014 3.93687 4.19473
    endloop
  endfacet
  facet normal 0.0733912 -0.157403 0.984804
    outer loop
      vertex -1.92014 3.93687 4.19473
      vertex -1.78157 4.00148 4.19473
      vertex -2.17305 4.88075 4.36444
    endloop
  endfacet
  facet normal -0.0944029 -0.185278 0.978141
    outer loop
      vertex 2.95703 5.56136 4.56764
      vertex 2.76114 5.66117 4.56764
      vertex 2.50822 4.71728 4.36444
    endloop
  endfacet
  facet normal -0.094401 -0.185278 0.978141
    outer loop
      vertex 2.50822 4.71728 4.36444
      vertex 2.76114 5.66117 4.56764
      vertex 2.34206 4.80194 4.36444
    endloop
  endfacet
  facet normal -0.117336 -0.211579 0.970292
    outer loop
      vertex 3.04881 5.65978 4.6002
      vertex 3.01134 5.6635 4.59648
      vertex 2.95703 5.56136 4.56764
    endloop
  endfacet
  facet normal -0.10995 -0.215507 0.970293
    outer loop
      vertex 3.01134 5.6635 4.59648
      vertex 2.98125 5.66629 4.59369
      vertex 2.95703 5.56136 4.56764
    endloop
  endfacet
  facet normal 0.0325377 -0.205382 0.978141
    outer loop
      vertex -0.933451 5.78536 4.47463
      vertex -0.927741 5.26148 4.36444
      vertex -0.743553 5.29066 4.36444
    endloop
  endfacet
  facet normal 0.0325215 -0.205382 0.978141
    outer loop
      vertex -0.927741 5.26148 4.36444
      vertex -0.933451 5.78536 4.47463
      vertex -1.0197 5.78299 4.477
    endloop
  endfacet
  facet normal -0.0030267 -0.173645 0.984804
    outer loop
      vertex 0.152865 4.3775 4.19473
      vertex 0.186456 5.3394 4.36444
      vertex 0 5.34265 4.36444
    endloop
  endfacet
  facet normal 0.00302158 -0.173644 0.984804
    outer loop
      vertex 0 4.38016 4.19473
      vertex 0 5.34265 4.36444
      vertex -0.152865 4.3775 4.19473
    endloop
  endfacet
  facet normal -0.0271715 -0.171533 0.984804
    outer loop
      vertex 0.760607 4.31362 4.19473
      vertex 0.743553 5.29066 4.36444
      vertex 0.609601 4.33754 4.19473
    endloop
  endfacet
  facet normal 0.00546834 -0.104402 0.99452
    outer loop
      vertex -0.170231 2.43442 3.95655
      vertex -0.119088 3.41026 4.05871
      vertex -0.238032 3.40403 4.05871
    endloop
  endfacet
  facet normal 0.00911088 -0.104147 0.99452
    outer loop
      vertex -0.170231 2.43442 3.95655
      vertex -0.238032 3.40403 4.05871
      vertex -0.356687 3.39365 4.05871
    endloop
  endfacet
  facet normal 0.0253338 -0.206389 0.978142
    outer loop
      vertex -0.722776 5.7906 4.46939
      vertex -0.743553 5.29066 4.36444
      vertex -0.558458 5.31338 4.36444
    endloop
  endfacet
  facet normal 0.0253405 -0.20639 0.978142
    outer loop
      vertex -0.743553 5.29066 4.36444
      vertex -0.722776 5.7906 4.46939
      vertex -0.813542 5.78865 4.47133
    endloop
  endfacet
  facet normal 0.0716892 -0.119315 0.990265
    outer loop
      vertex -1.80826 2.89383 4.05871
      vertex -1.70617 2.95517 4.05871
      vertex -2.32113 3.71459 4.19473
    endloop
  endfacet
  facet normal 0.0758088 -0.11674 0.990265
    outer loop
      vertex -1.80826 2.89383 4.05871
      vertex -2.32113 3.71459 4.19473
      vertex -2.44936 3.63132 4.19473
    endloop
  endfacet
  facet normal 0.0945901 -0.145652 0.984804
    outer loop
      vertex -2.44936 3.63132 4.19473
      vertex -2.83117 4.53083 4.36444
      vertex -2.98757 4.42926 4.36444
    endloop
  endfacet
  facet normal 0.113256 -0.174394 0.978141
    outer loop
      vertex -2.98757 4.42926 4.36444
      vertex -2.83117 4.53083 4.36444
      vertex -3.52215 5.2218 4.56764
    endloop
  endfacet
  facet normal 0.117336 -0.211579 0.970292
    outer loop
      vertex -2.95703 5.56136 4.56764
      vertex -3.01134 5.6635 4.59648
      vertex -3.04881 5.65978 4.6002
    endloop
  endfacet
  facet normal 0.117304 -0.211608 0.97029
    outer loop
      vertex -3.04881 5.65978 4.6002
      vertex -3.14931 5.45477 4.56764
      vertex -2.95703 5.56136 4.56764
    endloop
  endfacet
  facet normal 0.117318 -0.211614 0.970287
    outer loop
      vertex -3.14931 5.45477 4.56764
      vertex -3.04881 5.65978 4.6002
      vertex -3.25582 5.63924 4.62075
    endloop
  endfacet
  facet normal 0.0217721 -0.137481 0.990265
    outer loop
      vertex -0.592546 3.3605 4.05871
      vertex -0.474906 3.37913 4.05871
      vertex -0.609601 4.33754 4.19473
    endloop
  endfacet
  facet normal 0.0169687 -0.138156 0.990265
    outer loop
      vertex -0.474906 3.37913 4.05871
      vertex -0.356687 3.39365 4.05871
      vertex -0.609601 4.33754 4.19473
    endloop
  endfacet
  facet normal 0.0113628 -0.0330053 0.999391
    outer loop
      vertex -0.167133 0.459197 3.85426
      vertex -0.452835 1.39368 3.88837
      vertex -0.501198 1.37703 3.88837
    endloop
  endfacet
  facet normal 0.0125092 -0.032588 0.999391
    outer loop
      vertex -0.167133 0.459197 3.85426
      vertex -0.501198 1.37703 3.88837
      vertex -0.54895 1.3587 3.88837
    endloop
  endfacet
  facet normal 0.0250067 -0.0651363 0.997563
    outer loop
      vertex -0.501198 1.37703 3.88837
      vertex -0.834652 2.29319 3.95655
      vertex -0.914175 2.26266 3.95655
    endloop
  endfacet
  facet normal 0.0374699 -0.0975998 0.99452
    outer loop
      vertex -0.914175 2.26266 3.95655
      vertex -0.834652 2.29319 3.95655
      vertex -1.16709 3.20655 4.05871
    endloop
  endfacet
  facet normal 0.0147539 -0.0316349 0.999391
    outer loop
      vertex -0.198758 0.44642 3.85426
      vertex -0.596034 1.33872 3.88837
      vertex -0.642391 1.3171 3.88837
    endloop
  endfacet
  facet normal 0.0158475 -0.0311015 0.999391
    outer loop
      vertex -0.229415 0.431467 3.85426
      vertex -0.214217 0.439211 3.85426
      vertex -0.687966 1.29388 3.88837
    endloop
  endfacet
  facet normal -0.107098 -0.178243 0.978141
    outer loop
      vertex 2.83117 4.53083 4.36444
      vertex 3.33776 5.34154 4.56764
      vertex 2.67133 4.62687 4.36444
    endloop
  endfacet
  facet normal -0.107097 -0.178243 0.978141
    outer loop
      vertex 3.33776 5.34154 4.56764
      vertex 3.14931 5.45477 4.56764
      vertex 2.67133 4.62687 4.36444
    endloop
  endfacet
  facet normal -0.113256 -0.174394 0.978141
    outer loop
      vertex 2.98757 4.42926 4.36444
      vertex 3.52215 5.2218 4.56764
      vertex 2.83117 4.53083 4.36444
    endloop
  endfacet
  facet normal -0.119268 -0.170338 0.978141
    outer loop
      vertex 3.14033 4.3223 4.36444
      vertex 3.52215 5.2218 4.56764
      vertex 2.98757 4.42926 4.36444
    endloop
  endfacet
  facet normal 0.137481 -0.0217721 0.990265
    outer loop
      vertex -3.37913 0.474906 4.05871
      vertex -3.3605 0.592546 4.05871
      vertex -4.33754 0.609601 4.19473
    endloop
  endfacet
  facet normal 0.0330053 0.0113628 0.999391
    outer loop
      vertex -1.37703 -0.501198 3.88837
      vertex -0.459197 -0.167133 3.85426
      vertex -1.39368 -0.452835 3.88837
    endloop
  endfacet
  facet normal 0.0696763 -0.00364501 0.997563
    outer loop
      vertex -1.46451 0.0511417 3.88837
      vertex -2.43442 0.170231 3.95655
      vertex -2.43887 0.0851669 3.95655
    endloop
  endfacet
  facet normal 0.136636 0.0265632 0.990265
    outer loop
      vertex -3.33777 -0.709465 4.05871
      vertex -3.3605 -0.592546 4.05871
      vertex -4.28445 -0.910687 4.19473
    endloop
  endfacet
  facet normal 0.000609869 -0.0349009 0.999391
    outer loop
      vertex 0 0.488667 3.85426
      vertex 0 1.46541 3.88837
      vertex -0.0170536 0.488369 3.85426
    endloop
  endfacet
  facet normal 0.01806 -0.0673935 0.997563
    outer loop
      vertex -0.40392 1.40864 3.88837
      vertex -0.354513 1.42188 3.88837
      vertex -0.672654 2.34583 3.95655
    endloop
  endfacet
  facet normal 0.0180535 -0.0673957 0.997563
    outer loop
      vertex -0.354513 1.42188 3.88837
      vertex -0.590376 2.36787 3.95655
      vertex -0.672654 2.34583 3.95655
    endloop
  endfacet
  facet normal 0.00849814 -0.0692524 0.997563
    outer loop
      vertex -0.203945 1.45115 3.88837
      vertex -0.153176 1.45738 3.88837
      vertex -0.255087 2.42699 3.95655
    endloop
  endfacet
  facet normal 0.00608375 -0.0695061 0.997563
    outer loop
      vertex -0.153176 1.45738 3.88837
      vertex -0.102221 1.46184 3.88837
      vertex -0.255087 2.42699 3.95655
    endloop
  endfacet
  facet normal -0.0305292 -0.0169239 0.999391
    outer loop
      vertex 1.29388 0.687966 3.88837
      vertex 1.26908 0.732703 3.88837
      vertex 0.431467 0.229415 3.85426
    endloop
  endfacet
  facet normal 0.00122767 -0.0697614 0.997563
    outer loop
      vertex 0 1.46541 3.88837
      vertex 0 2.44036 3.95655
      vertex -0.0511417 1.46451 3.88837
    endloop
  endfacet
  facet normal -0.00364501 -0.0696763 0.997563
    outer loop
      vertex 0.170231 2.43442 3.95655
      vertex 0.0851669 2.43887 3.95655
      vertex 0.0511417 1.46451 3.88837
    endloop
  endfacet
  facet normal -0.00122047 -0.069761 0.997563
    outer loop
      vertex 0.0511417 1.46451 3.88837
      vertex 0.0851669 2.43887 3.95655
      vertex 0 2.44036 3.95655
    endloop
  endfacet
  facet normal -0.0121272 -0.138667 0.990265
    outer loop
      vertex 0.457851 4.35617 4.19473
      vertex 0.305545 4.36949 4.19473
      vertex 0.238032 3.40403 4.05871
    endloop
  endfacet
  facet normal -0.0169614 -0.138158 0.990265
    outer loop
      vertex 0.609601 4.33754 4.19473
      vertex 0.457851 4.35617 4.19473
      vertex 0.356687 3.39365 4.05871
    endloop
  endfacet
  facet normal -0.00364212 -0.0696767 0.997563
    outer loop
      vertex 0.102221 1.46184 3.88837
      vertex 0.170231 2.43442 3.95655
      vertex 0.0511417 1.46451 3.88837
    endloop
  endfacet
  facet normal -0.0263431 -0.0229017 0.999391
    outer loop
      vertex 1.12257 0.941945 3.88837
      vertex 1.08901 0.980548 3.88837
      vertex 0.363151 0.326982 3.85426
    endloop
  endfacet
  facet normal -0.00546615 -0.0344757 0.999391
    outer loop
      vertex 0.254465 1.44314 3.88837
      vertex 0.203945 1.45115 3.88837
      vertex 0.0680084 0.483912 3.85426
    endloop
  endfacet
  facet normal -0.0340126 -0.00784833 0.999391
    outer loop
      vertex 1.43338 0.304675 3.88837
      vertex 1.42188 0.354513 3.88837
      vertex 0.474152 0.118218 3.85426
    endloop
  endfacet
  facet normal -0.0102089 -0.0333802 0.999391
    outer loop
      vertex 0.452835 1.39368 3.88837
      vertex 0.40392 1.40864 3.88837
      vertex 0.151006 0.46475 3.85426
    endloop
  endfacet
  facet normal -0.0272551 -0.0642281 0.997563
    outer loop
      vertex 0.596034 1.33872 3.88837
      vertex 0.914175 2.26266 3.95655
      vertex 0.54895 1.3587 3.88837
    endloop
  endfacet
  facet normal -0.0250067 -0.0651363 0.997563
    outer loop
      vertex 0.914175 2.26266 3.95655
      vertex 0.834652 2.29319 3.95655
      vertex 0.501198 1.37703 3.88837
    endloop
  endfacet
  facet normal -0.01806 -0.0673935 0.997563
    outer loop
      vertex 0.40392 1.40864 3.88837
      vertex 0.672654 2.34583 3.95655
      vertex 0.354513 1.42188 3.88837
    endloop
  endfacet
  facet normal -0.0204057 -0.0667209 0.997563
    outer loop
      vertex 0.452835 1.39368 3.88837
      vertex 0.672654 2.34583 3.95655
      vertex 0.40392 1.40864 3.88837
    endloop
  endfacet
  facet normal -0.0190102 -0.0292756 0.999391
    outer loop
      vertex 0.273259 0.405123 3.85426
      vertex 0.819445 1.21488 3.88837
      vertex 0.258954 0.414412 3.85426
    endloop
  endfacet
  facet normal -0.021006 -0.0278783 0.999391
    outer loop
      vertex 0.902194 1.15476 3.88837
      vertex 0.861344 1.18554 3.88837
      vertex 0.287231 0.39534 3.85426
    endloop
  endfacet
  facet normal -0.031674 -0.0621681 0.997563
    outer loop
      vertex 0.687966 1.29388 3.88837
      vertex 1.14568 2.15471 3.95655
      vertex 0.642391 1.3171 3.88837
    endloop
  endfacet
  facet normal -0.0316739 -0.0621682 0.997563
    outer loop
      vertex 1.14568 2.15471 3.95655
      vertex 1.06978 2.19338 3.95655
      vertex 0.642391 1.3171 3.88837
    endloop
  endfacet
  facet normal -0.020021 0.0285938 0.999391
    outer loop
      vertex 0.819445 -1.21488 3.88837
      vertex 0.287231 -0.39534 3.85426
      vertex 0.273259 -0.405123 3.85426
    endloop
  endfacet
  facet normal 0.000614193 0.034901 0.999391
    outer loop
      vertex 0 -1.46541 3.88837
      vertex -0.0170536 -0.488369 3.85426
      vertex -0.0511417 -1.46451 3.88837
    endloop
  endfacet
  facet normal -0.0338286 -0.0610226 0.997563
    outer loop
      vertex 1.22018 2.11341 3.95655
      vertex 1.14568 2.15471 3.95655
      vertex 0.732703 1.26908 3.88837
    endloop
  endfacet
  facet normal -0.0359359 -0.0598059 0.997563
    outer loop
      vertex 1.29319 2.06954 3.95655
      vertex 1.22018 2.11341 3.95655
      vertex 0.732703 1.26908 3.88837
    endloop
  endfacet
  facet normal -0.091327 -0.105046 0.990265
    outer loop
      vertex 2.2833 2.53586 4.05871
      vertex 2.81552 3.3554 4.19473
      vertex 2.19341 2.61401 4.05871
    endloop
  endfacet
  facet normal -0.0949294 -0.101801 0.990265
    outer loop
      vertex 2.37041 2.45463 4.05871
      vertex 3.04272 3.15083 4.19473
      vertex 2.2833 2.53586 4.05871
    endloop
  endfacet
  facet normal -0.0599643 -0.0856387 0.99452
    outer loop
      vertex 1.43441 1.97429 3.95655
      vertex 2.00572 2.76064 4.05871
      vertex 1.36463 2.02315 3.95655
    endloop
  endfacet
  facet normal -0.0569359 -0.0876806 0.99452
    outer loop
      vertex 1.36463 2.02315 3.95655
      vertex 1.80826 2.89383 4.05871
      vertex 1.29319 2.06954 3.95655
    endloop
  endfacet
  facet normal -0.00784833 0.0340126 0.999391
    outer loop
      vertex 0.304675 -1.43338 3.88837
      vertex 0.354513 -1.42188 3.88837
      vertex 0.118218 -0.474152 3.85426
    endloop
  endfacet
  facet normal -0.0379917 -0.0585209 0.997563
    outer loop
      vertex 0.819445 1.21488 3.88837
      vertex 1.29319 2.06954 3.95655
      vertex 0.776546 1.24273 3.88837
    endloop
  endfacet
  facet normal -0.118442 -0.127018 0.984804
    outer loop
      vertex 3.04272 3.15083 4.19473
      vertex 3.57493 3.97036 4.36444
      vertex 2.9309 3.2551 4.19473
    endloop
  endfacet
  facet normal -0.118441 -0.127018 0.984804
    outer loop
      vertex 3.71132 3.84318 4.36444
      vertex 3.57493 3.97036 4.36444
      vertex 3.04272 3.15083 4.19473
    endloop
  endfacet
  facet normal -0.0685927 -0.078897 0.99452
    outer loop
      vertex 2.2833 2.53586 4.05871
      vertex 2.19341 2.61401 4.05871
      vertex 1.63292 1.81354 3.95655
    endloop
  endfacet
  facet normal -0.166069 -0.125145 0.978141
    outer loop
      vertex 4.3223 3.14033 4.36444
      vertex 4.96339 3.87782 4.56764
      vertex 4.21007 3.28926 4.36444
    endloop
  endfacet
  facet normal -0.083496 -0.0629135 0.99452
    outer loop
      vertex 1.97429 1.43441 3.95655
      vertex 2.76064 2.00572 4.05871
      vertex 1.92303 1.50244 3.95655
    endloop
  endfacet
  facet normal -0.164211 -0.0565394 0.984804
    outer loop
      vertex 4.16578 1.35355 4.19473
      vertex 5.02045 1.82729 4.36444
      vertex 4.11601 1.4981 4.19473
    endloop
  endfacet
  facet normal -0.162137 -0.0622379 0.984804
    outer loop
      vertex 5.02045 1.82729 4.36444
      vertex 4.95362 2.00139 4.36444
      vertex 4.06122 1.64084 4.19473
    endloop
  endfacet
  facet normal -0.162138 -0.0622356 0.984804
    outer loop
      vertex 4.11601 1.4981 4.19473
      vertex 5.02045 1.82729 4.36444
      vertex 4.06122 1.64084 4.19473
    endloop
  endfacet
  facet normal -0.0988486 -0.0340379 0.99452
    outer loop
      vertex 3.24533 1.05447 4.05871
      vertex 3.20655 1.16709 4.05871
      vertex 2.32092 0.754112 3.95655
    endloop
  endfacet
  facet normal -0.089613 -0.0538433 0.99452
    outer loop
      vertex 2.95517 1.70617 4.05871
      vertex 2.89383 1.80826 4.05871
      vertex 2.06954 1.29319 3.95655
    endloop
  endfacet
  facet normal -0.148866 -0.0894446 0.984804
    outer loop
      vertex 3.79333 2.19008 4.19473
      vertex 4.62687 2.67133 4.36444
      vertex 3.71459 2.32113 4.19473
    endloop
  endfacet
  facet normal -0.188459 -0.0878793 0.978141
    outer loop
      vertex 4.88075 2.17305 4.36444
      vertex 5.66117 2.76114 4.56764
      vertex 4.80194 2.34206 4.36444
    endloop
  endfacet
  facet normal -0.157402 -0.0733969 0.984803
    outer loop
      vertex 4.88075 2.17305 4.36444
      vertex 4.80194 2.34206 4.36444
      vertex 3.93687 1.92014 4.19473
    endloop
  endfacet
  facet normal -0.108174 -0.0875989 0.990265
    outer loop
      vertex 3.45162 2.6967 4.19473
      vertex 3.3554 2.81552 4.19473
      vertex 2.68896 2.10085 4.05871
    endloop
  endfacet
  facet normal -0.0812475 -0.0657898 0.99452
    outer loop
      vertex 2.68896 2.10085 4.05871
      vertex 2.61401 2.19341 4.05871
      vertex 1.86942 1.56863 3.95655
    endloop
  endfacet
  facet normal -0.0876806 -0.0569359 0.99452
    outer loop
      vertex 2.06954 1.29319 3.95655
      vertex 2.89383 1.80826 4.05871
      vertex 2.02315 1.36463 3.95655
    endloop
  endfacet
  facet normal -0.0876808 -0.0569355 0.99452
    outer loop
      vertex 2.89383 1.80826 4.05871
      vertex 2.82896 1.90816 4.05871
      vertex 2.02315 1.36463 3.95655
    endloop
  endfacet
  facet normal -0.124026 -0.0631873 0.990265
    outer loop
      vertex 3.06699 1.49587 4.05871
      vertex 3.93687 1.92014 4.19473
      vertex 3.01292 1.602 4.05871
    endloop
  endfacet
  facet normal -0.0931522 -0.0474582 0.99452
    outer loop
      vertex 3.06699 1.49587 4.05871
      vertex 3.01292 1.602 4.05871
      vertex 2.19338 1.06978 3.95655
    endloop
  endfacet
  facet normal -0.0348587 -0.00182212 0.999391
    outer loop
      vertex 1.46451 0.0511417 3.88837
      vertex 1.46184 0.102221 3.88837
      vertex 0.487476 0.0340872 3.85426
    endloop
  endfacet
  facet normal 0.022899 0.0263454 0.999391
    outer loop
      vertex -0.314109 -0.37434 3.85426
      vertex -0.326982 -0.363151 3.85426
      vertex -0.941945 -1.12257 3.88837
    endloop
  endfacet
  facet normal -0.0316356 -0.0147526 0.999391
    outer loop
      vertex 0.44642 0.198758 3.85426
      vertex 1.3171 0.642391 3.88837
      vertex 0.439211 0.214217 3.85426
    endloop
  endfacet
  facet normal -0.0689115 -0.010926 0.997563
    outer loop
      vertex 1.45115 0.203945 3.88837
      vertex 2.41661 0.339632 3.95655
      vertex 1.44314 0.254465 3.88837
    endloop
  endfacet
  facet normal -0.0692524 -0.00849814 0.997563
    outer loop
      vertex 1.45738 0.153176 3.88837
      vertex 2.42699 0.255087 3.95655
      vertex 1.45115 0.203945 3.88837
    endloop
  endfacet
  facet normal -0.0692521 -0.00850242 0.997563
    outer loop
      vertex 2.42699 0.255087 3.95655
      vertex 2.41661 0.339632 3.95655
      vertex 1.45115 0.203945 3.88837
    endloop
  endfacet
  facet normal -0.0684886 -0.0133182 0.997563
    outer loop
      vertex 2.40329 0.423763 3.95655
      vertex 2.38703 0.50738 3.95655
      vertex 1.43338 0.304675 3.88837
    endloop
  endfacet
  facet normal -0.0679836 -0.0156943 0.997563
    outer loop
      vertex 2.38703 0.50738 3.95655
      vertex 2.36787 0.590376 3.95655
      vertex 1.43338 0.304675 3.88837
    endloop
  endfacet
  facet normal -0.103258 -0.0163524 0.99452
    outer loop
      vertex 3.37913 0.474906 4.05871
      vertex 3.3605 0.592546 4.05871
      vertex 2.41661 0.339632 3.95655
    endloop
  endfacet
  facet normal -0.138156 -0.0169687 0.990265
    outer loop
      vertex 3.39365 0.356687 4.05871
      vertex 4.33754 0.609601 4.19473
      vertex 3.37913 0.474906 4.05871
    endloop
  endfacet
  facet normal 0.0347733 0.00304364 0.999391
    outer loop
      vertex -1.45738 -0.153176 3.88837
      vertex -0.487476 -0.0340872 3.85426
      vertex -1.46184 -0.102221 3.88837
    endloop
  endfacet
  facet normal 0.0263431 0.0229017 0.999391
    outer loop
      vertex -1.08901 -0.980548 3.88837
      vertex -0.363151 -0.326982 3.85426
      vertex -1.12257 -0.941945 3.88837
    endloop
  endfacet
  facet normal -0.0542227 -0.043909 0.997563
    outer loop
      vertex 1.15476 0.902194 3.88837
      vertex 1.92303 1.50244 3.95655
      vertex 1.12257 0.941945 3.88837
    endloop
  endfacet
  facet normal -0.0292756 0.0190102 0.999391
    outer loop
      vertex 1.21488 -0.819445 3.88837
      vertex 0.414412 -0.258954 3.85426
      vertex 0.405123 -0.273259 3.85426
    endloop
  endfacet
  facet normal 0.0238059 -0.025529 0.999391
    outer loop
      vertex -0.339457 0.351518 3.85426
      vertex -0.326982 0.363151 3.85426
      vertex -0.980548 1.08901 3.88837
    endloop
  endfacet
  facet normal -0.096232 -0.0408523 0.99452
    outer loop
      vertex 3.16387 1.27829 4.05871
      vertex 3.11733 1.38792 4.05871
      vertex 2.26266 0.914175 3.95655
    endloop
  endfacet
  facet normal -0.0947488 -0.0441851 0.99452
    outer loop
      vertex 2.22938 0.992583 3.95655
      vertex 3.11733 1.38792 4.05871
      vertex 2.19338 1.06978 3.95655
    endloop
  endfacet
  facet normal -0.0316349 -0.0147539 0.999391
    outer loop
      vertex 1.33872 0.596034 3.88837
      vertex 1.3171 0.642391 3.88837
      vertex 0.44642 0.198758 3.85426
    endloop
  endfacet
  facet normal -0.0632331 -0.0294907 0.997563
    outer loop
      vertex 1.33872 0.596034 3.88837
      vertex 2.19338 1.06978 3.95655
      vertex 1.3171 0.642391 3.88837
    endloop
  endfacet
  facet normal -0.091434 -0.0506894 0.99452
    outer loop
      vertex 3.01292 1.602 4.05871
      vertex 2.95517 1.70617 4.05871
      vertex 2.15471 1.14568 3.95655
    endloop
  endfacet
  facet normal -0.0931515 -0.0474594 0.99452
    outer loop
      vertex 2.19338 1.06978 3.95655
      vertex 3.01292 1.602 4.05871
      vertex 2.15471 1.14568 3.95655
    endloop
  endfacet
  facet normal -0.00666058 -0.0342651 0.999391
    outer loop
      vertex 0.304675 1.43338 3.88837
      vertex 0.254465 1.44314 3.88837
      vertex 0.084856 0.481243 3.85426
    endloop
  endfacet
  facet normal -0.0299187 0.0179814 0.999391
    outer loop
      vertex 1.24273 -0.776546 3.88837
      vertex 1.26908 -0.732703 3.88837
      vertex 0.414412 -0.258954 3.85426
    endloop
  endfacet
  facet normal -0.00903493 0.0337167 0.999391
    outer loop
      vertex 0.354513 -1.42188 3.88837
      vertex 0.134694 -0.469737 3.85426
      vertex 0.118218 -0.474152 3.85426
    endloop
  endfacet
  facet normal -0.00182212 0.0348587 0.999391
    outer loop
      vertex 0.0511417 -1.46451 3.88837
      vertex 0.102221 -1.46184 3.88837
      vertex 0.0340872 -0.487476 3.85426
    endloop
  endfacet
  facet normal -0.0316349 0.0147539 0.999391
    outer loop
      vertex 1.3171 -0.642391 3.88837
      vertex 1.33872 -0.596034 3.88837
      vertex 0.44642 -0.198758 3.85426
    endloop
  endfacet
  facet normal -0.0330053 -0.0113628 0.999391
    outer loop
      vertex 1.39368 0.452835 3.88837
      vertex 1.37703 0.501198 3.88837
      vertex 0.459197 0.167133 3.85426
    endloop
  endfacet
  facet normal -0.0179793 -0.0299198 0.999391
    outer loop
      vertex 0.258954 0.414412 3.85426
      vertex 0.732703 1.26908 3.88837
      vertex 0.244333 0.423198 3.85426
    endloop
  endfacet
  facet normal 0.0263454 0.022899 0.999391
    outer loop
      vertex -0.363151 -0.326982 3.85426
      vertex -0.37434 -0.314109 3.85426
      vertex -1.12257 -0.941945 3.88837
    endloop
  endfacet
  facet normal -0.237308 -0.0461318 0.970338
    outer loop
      vertex 6.19235 1.14824 4.56764
      vertex 6.18623 1.30824 4.57375
      vertex 6.16099 1.30956 4.56764
    endloop
  endfacet
  facet normal -0.20639 -0.025343 0.978141
    outer loop
      vertex 6.20499 0.65217 4.555
      vertex 6.20046 0.863902 4.55953
      vertex 5.31338 0.558458 4.36444
    endloop
  endfacet
  facet normal -0.167756 -0.0449449 0.984803
    outer loop
      vertex 5.18395 1.2925 4.36444
      vertex 5.13569 1.47263 4.36444
      vertex 4.25006 1.05966 4.19473
    endloop
  endfacet
  facet normal -0.237342 -0.0470001 0.970289
    outer loop
      vertex 6.18623 1.30824 4.57375
      vertex 6.18598 1.31487 4.57401
      vertex 6.16099 1.30956 4.56764
    endloop
  endfacet
  facet normal -0.101866 -0.0235146 0.99452
    outer loop
      vertex 3.33777 0.709465 4.05871
      vertex 3.31098 0.82552 4.05871
      vertex 2.36787 0.590376 3.95655
    endloop
  endfacet
  facet normal -0.100982 -0.0270606 0.99452
    outer loop
      vertex 3.31098 0.82552 4.05871
      vertex 3.28015 0.940568 4.05871
      vertex 2.36787 0.590376 3.95655
    endloop
  endfacet
  facet normal -0.205382 -0.0325295 0.978141
    outer loop
      vertex 6.2003 0.871394 4.55969
      vertex 6.19428 1.09042 4.56571
      vertex 5.29066 0.743553 4.36444
    endloop
  endfacet
  facet normal -0.173012 0.0151308 0.984804
    outer loop
      vertex 5.31338 -0.558458 4.36444
      vertex 4.36949 -0.305545 4.19473
      vertex 4.35617 -0.457851 4.19473
    endloop
  endfacet
  facet normal -0.202612 0.0467799 0.978141
    outer loop
      vertex 6.11153 -1.52378 4.56764
      vertex 6.16099 -1.30956 4.56764
      vertex 5.2259 -1.1108 4.36444
    endloop
  endfacet
  facet normal -0.173009 0.0151427 0.984804
    outer loop
      vertex 5.31338 -0.558458 4.36444
      vertex 5.32964 -0.372684 4.36444
      vertex 4.36949 -0.305545 4.19473
    endloop
  endfacet
  facet normal -0.172377 0.0211624 0.984804
    outer loop
      vertex 5.29066 -0.743553 4.36444
      vertex 4.35617 -0.457851 4.19473
      vertex 4.33754 -0.609601 4.19473
    endloop
  endfacet
  facet normal -0.138158 -0.0169614 0.990265
    outer loop
      vertex 4.35617 0.457851 4.19473
      vertex 4.33754 0.609601 4.19473
      vertex 3.39365 0.356687 4.05871
    endloop
  endfacet
  facet normal -0.136638 -0.0265574 0.990265
    outer loop
      vertex 4.31362 0.760607 4.19473
      vertex 4.28445 0.910687 4.19473
      vertex 3.3605 0.592546 4.05871
    endloop
  endfacet
  facet normal -0.207105 0.0186911 0.97814
    outer loop
      vertex 5.32964 -0.372684 4.36444
      vertex 6.2081 -0.448602 4.55189
      vertex 6.20832 -0.434128 4.55166
    endloop
  endfacet
  facet normal -0.207153 0.0181312 0.97814
    outer loop
      vertex 6.2081 -0.448602 4.55189
      vertex 5.32964 -0.372684 4.36444
      vertex 5.31338 -0.558458 4.36444
    endloop
  endfacet
  facet normal -0.139174 0.00242177 0.990265
    outer loop
      vertex 4.3775 -0.152865 4.19473
      vertex 4.38016 0 4.19473
      vertex 3.41234 0 4.05871
    endloop
  endfacet
  facet normal -0.0406933 -0.133115 0.990265
    outer loop
      vertex 1.05447 3.24533 4.05871
      vertex 1.35355 4.16578 4.19473
      vertex 0.940568 3.28015 4.05871
    endloop
  endfacet
  facet normal -0.0453196 -0.131611 0.990265
    outer loop
      vertex 1.16709 3.20655 4.05871
      vertex 1.35355 4.16578 4.19473
      vertex 1.05447 3.24533 4.05871
    endloop
  endfacet
  facet normal -0.0156875 -0.0679856 0.997563
    outer loop
      vertex 0.354513 1.42188 3.88837
      vertex 0.590376 2.36787 3.95655
      vertex 0.304675 1.43338 3.88837
    endloop
  endfacet
  facet normal -0.0156943 -0.0679836 0.997563
    outer loop
      vertex 0.590376 2.36787 3.95655
      vertex 0.50738 2.38703 3.95655
      vertex 0.304675 1.43338 3.88837
    endloop
  endfacet
  facet normal -0.0270606 -0.100982 0.99452
    outer loop
      vertex 0.940568 3.28015 4.05871
      vertex 0.82552 3.31098 4.05871
      vertex 0.590376 2.36787 3.95655
    endloop
  endfacet
  facet normal -0.0235162 -0.101866 0.99452
    outer loop
      vertex 0.590376 2.36787 3.95655
      vertex 0.709465 3.33777 4.05871
      vertex 0.50738 2.38703 3.95655
    endloop
  endfacet
  facet normal -0.122805 -0.122805 0.984804
    outer loop
      vertex 3.71132 3.84318 4.36444
      vertex 3.15083 3.04272 4.19473
      vertex 3.84318 3.71132 4.36444
    endloop
  endfacet
  facet normal -0.122805 -0.122805 0.984804
    outer loop
      vertex 3.15083 3.04272 4.19473
      vertex 3.71132 3.84318 4.36444
      vertex 3.04272 3.15083 4.19473
    endloop
  endfacet
  facet normal -0.152082 -0.141812 0.978141
    outer loop
      vertex 3.97036 3.57493 4.36444
      vertex 4.68079 4.21461 4.56764
      vertex 3.84318 3.71132 4.36444
    endloop
  endfacet
  facet normal -0.152076 -0.141823 0.978141
    outer loop
      vertex 4.68079 4.21461 4.56764
      vertex 4.53085 4.37539 4.56764
      vertex 3.84318 3.71132 4.36444
    endloop
  endfacet
  facet normal -0.127018 -0.118442 0.984804
    outer loop
      vertex 3.2551 2.9309 4.19473
      vertex 3.97036 3.57493 4.36444
      vertex 3.15083 3.04272 4.19473
    endloop
  endfacet
  facet normal -0.131071 -0.11394 0.984803
    outer loop
      vertex 3.3554 2.81552 4.19473
      vertex 3.97036 3.57493 4.36444
      vertex 3.2551 2.9309 4.19473
    endloop
  endfacet
  facet normal -0.202613 0.0467782 0.978141
    outer loop
      vertex 6.11153 -1.52378 4.56764
      vertex 5.2259 -1.1108 4.36444
      vertex 5.18395 -1.2925 4.36444
    endloop
  endfacet
  facet normal -0.169222 0.0390643 0.984804
    outer loop
      vertex 5.2259 -1.1108 4.36444
      vertex 4.28445 -0.910687 4.19473
      vertex 4.25006 -1.05966 4.19473
    endloop
  endfacet
  facet normal -0.23137 0.0707237 0.970292
    outer loop
      vertex 6.05463 -1.73614 4.56764
      vertex 6.15295 -1.9549 4.60703
      vertex 6.16398 -1.76749 4.596
    endloop
  endfacet
  facet normal -0.231349 0.0707339 0.970296
    outer loop
      vertex 6.15295 -1.9549 4.60703
      vertex 6.05463 -1.73614 4.56764
      vertex 5.99035 -1.94638 4.56764
    endloop
  endfacet
  facet normal -0.23366 0.0626904 0.970295
    outer loop
      vertex 6.17483 -1.55886 4.58515
      vertex 6.17583 -1.53981 4.58416
      vertex 6.11153 -1.52378 4.56764
    endloop
  endfacet
  facet normal -0.19141 0.081254 0.978141
    outer loop
      vertex 5.75408 -2.56188 4.56764
      vertex 4.95362 -2.00139 4.36444
      vertex 4.88075 -2.17305 4.36444
    endloop
  endfacet
  facet normal -0.154742 0.0788478 0.984804
    outer loop
      vertex 4.71728 -2.50822 4.36444
      vertex 3.93687 -1.92014 4.19473
      vertex 3.86746 -2.05636 4.19473
    endloop
  endfacet
  facet normal -0.188035 0.15227 0.970287
    outer loop
      vertex 5.55147 -4.65824 4.80408
      vertex 5.71066 -4.46166 4.80408
      vertex 4.96339 -3.87782 4.56764
    endloop
  endfacet
  facet normal -0.219283 0.102246 0.970289
    outer loop
      vertex 5.66117 -2.76114 4.56764
      vertex 6.08829 -2.83252 4.67169
      vertex 5.75408 -2.56188 4.56764
    endloop
  endfacet
  facet normal -0.219281 0.102259 0.970288
    outer loop
      vertex 6.08829 -2.83252 4.67169
      vertex 5.66117 -2.76114 4.56764
      vertex 6.077 -2.96395 4.68299
    endloop
  endfacet
  facet normal -0.0272606 0.0642262 0.997563
    outer loop
      vertex 0.914175 -2.26266 3.95655
      vertex 0.992583 -2.22938 3.95655
      vertex 0.596034 -1.33872 3.88837
    endloop
  endfacet
  facet normal -0.0408523 0.096232 0.99452
    outer loop
      vertex 1.27829 -3.16387 4.05871
      vertex 1.38792 -3.11733 4.05871
      vertex 0.914175 -2.26266 3.95655
    endloop
  endfacet
  facet normal -0.0204035 0.0667214 0.997563
    outer loop
      vertex 0.672654 -2.34583 3.95655
      vertex 0.754112 -2.32092 3.95655
      vertex 0.452835 -1.39368 3.88837
    endloop
  endfacet
  facet normal -0.0677481 0.196594 0.978142
    outer loop
      vertex 1.82729 -5.02045 4.36444
      vertex 2.04477 -5.73655 4.52343
      vertex 2.08705 -5.73412 4.52587
    endloop
  endfacet
  facet normal -0.0676961 0.19661 0.978142
    outer loop
      vertex 2.04477 -5.73655 4.52343
      vertex 1.82729 -5.02045 4.36444
      vertex 1.65097 -5.08116 4.36444
    endloop
  endfacet
  facet normal -0.0313082 0.135628 0.990265
    outer loop
      vertex 1.05966 -4.25006 4.19473
      vertex 0.82552 -3.31098 4.05871
      vertex 0.709465 -3.33777 4.05871
    endloop
  endfacet
  facet normal -0.0270606 0.100982 0.99452
    outer loop
      vertex 0.82552 -3.31098 4.05871
      vertex 0.940568 -3.28015 4.05871
      vertex 0.590376 -2.36787 3.95655
    endloop
  endfacet
  facet normal -0.0313092 0.135627 0.990265
    outer loop
      vertex 0.910687 -4.28445 4.19473
      vertex 1.05966 -4.25006 4.19473
      vertex 0.709465 -3.33777 4.05871
    endloop
  endfacet
  facet normal -0.0390643 0.169222 0.984804
    outer loop
      vertex 1.1108 -5.2259 4.36444
      vertex 1.05966 -4.25006 4.19473
      vertex 0.910687 -4.28445 4.19473
    endloop
  endfacet
  facet normal -0.0199509 0.102624 0.99452
    outer loop
      vertex 0.592546 -3.3605 4.05871
      vertex 0.709465 -3.33777 4.05871
      vertex 0.50738 -2.38703 3.95655
    endloop
  endfacet
  facet normal -0.0235162 0.101866 0.99452
    outer loop
      vertex 0.709465 -3.33777 4.05871
      vertex 0.590376 -2.36787 3.95655
      vertex 0.50738 -2.38703 3.95655
    endloop
  endfacet
  facet normal 0.0217721 0.137481 0.990265
    outer loop
      vertex -0.474906 -3.37913 4.05871
      vertex -0.592546 -3.3605 4.05871
      vertex -0.609601 -4.33754 4.19473
    endloop
  endfacet
  facet normal 0.0163524 0.103258 0.99452
    outer loop
      vertex -0.474906 -3.37913 4.05871
      vertex -0.339632 -2.41661 3.95655
      vertex -0.592546 -3.3605 4.05871
    endloop
  endfacet
  facet normal -0.0151308 0.173012 0.984804
    outer loop
      vertex 0.558458 -5.31338 4.36444
      vertex 0.457851 -4.35617 4.19473
      vertex 0.305545 -4.36949 4.19473
    endloop
  endfacet
  facet normal -0.0180941 0.207145 0.978143
    outer loop
      vertex 0.608871 -5.79303 4.46695
      vertex 0.558458 -5.31338 4.36444
      vertex 0.49936 -5.79471 4.46528
    endloop
  endfacet
  facet normal 0.040696 0.133113 0.990265
    outer loop
      vertex -1.20734 -4.21048 4.19473
      vertex -0.940568 -3.28015 4.05871
      vertex -1.35355 -4.16578 4.19473
    endloop
  endfacet
  facet normal 0.109833 0.215562 0.970294
    outer loop
      vertex -2.95703 -5.56136 4.56764
      vertex -2.77304 -5.68558 4.57441
      vertex -2.76114 -5.66117 4.56764
    endloop
  endfacet
  facet normal 0.109818 0.215539 0.9703
    outer loop
      vertex -2.77304 -5.68558 4.57441
      vertex -2.95703 -5.56136 4.56764
      vertex -2.98125 -5.66629 4.59369
    endloop
  endfacet
  facet normal -0.0163524 0.103258 0.99452
    outer loop
      vertex 0.474906 -3.37913 4.05871
      vertex 0.592546 -3.3605 4.05871
      vertex 0.339632 -2.41661 3.95655
    endloop
  endfacet
  facet normal -0.0169687 0.138156 0.990265
    outer loop
      vertex 0.609601 -4.33754 4.19473
      vertex 0.474906 -3.37913 4.05871
      vertex 0.356687 -3.39365 4.05871
    endloop
  endfacet
  facet normal -0.00243081 0.139173 0.990265
    outer loop
      vertex 0.152865 -4.3775 4.19473
      vertex 0.119088 -3.41026 4.05871
      vertex 0 -3.41234 4.05871
    endloop
  endfacet
  facet normal 0.00182571 0.104529 0.99452
    outer loop
      vertex 0 -3.41234 4.05871
      vertex -0.0851669 -2.43887 3.95655
      vertex -0.119088 -3.41026 4.05871
    endloop
  endfacet
  facet normal -0.129952 0.0498774 0.990265
    outer loop
      vertex 4.06122 -1.64084 4.19473
      vertex 3.20655 -1.16709 4.05871
      vertex 3.16387 -1.27829 4.05871
    endloop
  endfacet
  facet normal -0.102623 0.0199559 0.99452
    outer loop
      vertex 3.3605 -0.592546 4.05871
      vertex 2.40329 -0.423763 3.95655
      vertex 2.38703 -0.50738 3.95655
    endloop
  endfacet
  facet normal -0.0812407 0.0658002 0.99452
    outer loop
      vertex 2.68896 -2.10085 4.05871
      vertex 1.92303 -1.50244 3.95655
      vertex 1.86942 -1.56863 3.95655
    endloop
  endfacet
  facet normal -0.054219 0.0439142 0.997563
    outer loop
      vertex 1.86942 -1.56863 3.95655
      vertex 1.92303 -1.50244 3.95655
      vertex 1.12257 -0.941945 3.88837
    endloop
  endfacet
  facet normal -0.0674886 0.12174 0.990265
    outer loop
      vertex 2.05636 -3.86746 4.19473
      vertex 2.19008 -3.79333 4.19473
      vertex 1.70617 -2.95517 4.05871
    endloop
  endfacet
  facet normal -0.0493358 0.0493358 0.997563
    outer loop
      vertex 1.05412 -1.01796 3.88837
      vertex 1.69522 -1.75545 3.95655
      vertex 1.75545 -1.69522 3.95655
    endloop
  endfacet
  facet normal -0.0493358 0.0493358 0.997563
    outer loop
      vertex 1.69522 -1.75545 3.95655
      vertex 1.05412 -1.01796 3.88837
      vertex 1.01796 -1.05412 3.88837
    endloop
  endfacet
  facet normal -0.0856387 0.0599643 0.99452
    outer loop
      vertex 2.76064 -2.00572 4.05871
      vertex 2.02315 -1.36463 3.95655
      vertex 1.97429 -1.43441 3.95655
    endloop
  endfacet
  facet normal -0.0585171 0.0379985 0.997563
    outer loop
      vertex 2.02315 -1.36463 3.95655
      vertex 2.06954 -1.29319 3.95655
      vertex 1.21488 -0.819445 3.88837
    endloop
  endfacet
  facet normal 0.0169239 -0.0305292 0.999391
    outer loop
      vertex -0.229415 0.431467 3.85426
      vertex -0.687966 1.29388 3.88837
      vertex -0.732703 1.26908 3.88837
    endloop
  endfacet
  facet normal -0.089613 0.0538433 0.99452
    outer loop
      vertex 2.89383 -1.80826 4.05871
      vertex 2.95517 -1.70617 4.05871
      vertex 2.06954 -1.29319 3.95655
    endloop
  endfacet
  facet normal -0.0632331 0.0294907 0.997563
    outer loop
      vertex 2.19338 -1.06978 3.95655
      vertex 1.33872 -0.596034 3.88837
      vertex 1.3171 -0.642391 3.88837
    endloop
  endfacet
  facet normal -0.0621681 0.031674 0.997563
    outer loop
      vertex 2.15471 -1.14568 3.95655
      vertex 1.3171 -0.642391 3.88837
      vertex 1.29388 -0.687966 3.88837
    endloop
  endfacet
  facet normal -0.104529 0.00182874 0.99452
    outer loop
      vertex 3.41234 0 4.05871
      vertex 2.44036 0 3.95655
      vertex 2.43887 -0.0851669 3.95655
    endloop
  endfacet
  facet normal -0.0348586 0.00182749 0.999391
    outer loop
      vertex 1.46451 -0.0511417 3.88837
      vertex 0.488369 -0.0170536 3.85426
      vertex 0.487476 -0.0340872 3.85426
    endloop
  endfacet
  facet normal -0.133113 0.040696 0.990265
    outer loop
      vertex 4.16578 -1.35355 4.19473
      vertex 4.21048 -1.20734 4.19473
      vertex 3.28015 -0.940568 4.05871
    endloop
  endfacet
  facet normal -0.0999776 0.0305633 0.99452
    outer loop
      vertex 3.24533 -1.05447 4.05871
      vertex 3.28015 -0.940568 4.05871
      vertex 2.32092 -0.754112 3.95655
    endloop
  endfacet
  facet normal -0.0679856 0.0156875 0.997563
    outer loop
      vertex 2.36787 -0.590376 3.95655
      vertex 1.43338 -0.304675 3.88837
      vertex 1.42188 -0.354513 3.88837
    endloop
  endfacet
  facet normal -0.102624 0.0199509 0.99452
    outer loop
      vertex 3.33777 -0.709465 4.05871
      vertex 3.3605 -0.592546 4.05871
      vertex 2.38703 -0.50738 3.95655
    endloop
  endfacet
  facet normal -0.136636 0.0265632 0.990265
    outer loop
      vertex 4.28445 -0.910687 4.19473
      vertex 3.3605 -0.592546 4.05871
      vertex 3.33777 -0.709465 4.05871
    endloop
  endfacet
  facet normal -0.104402 0.00546834 0.99452
    outer loop
      vertex 3.40403 -0.238032 4.05871
      vertex 3.41026 -0.119088 4.05871
      vertex 2.43442 -0.170231 3.95655
    endloop
  endfacet
  facet normal -0.104529 0.00182571 0.99452
    outer loop
      vertex 3.41026 -0.119088 4.05871
      vertex 3.41234 0 4.05871
      vertex 2.43887 -0.0851669 3.95655
    endloop
  endfacet
  facet normal -0.207408 -0.124582 0.970289
    outer loop
      vertex 6.02055 3.54536 4.73944
      vertex 5.99904 3.74862 4.76094
      vertex 5.34154 3.33776 4.56764
    endloop
  endfacet
  facet normal -0.207399 -0.124611 0.970287
    outer loop
      vertex 5.34154 3.33776 4.56764
      vertex 6.02747 3.47996 4.73252
      vertex 6.02055 3.54536 4.73944
    endloop
  endfacet
  facet normal -0.207398 -0.124615 0.970287
    outer loop
      vertex 6.02747 3.47996 4.73252
      vertex 5.34154 3.33776 4.56764
      vertex 5.45477 3.14931 4.56764
    endloop
  endfacet
  facet normal -0.193236 -0.145615 0.970287
    outer loop
      vertex 5.0957 3.70224 4.56764
      vertex 5.86289 4.25964 4.80408
      vertex 4.96339 3.87782 4.56764
    endloop
  endfacet
  facet normal -0.142265 -0.0996117 0.984804
    outer loop
      vertex 4.42926 2.98757 4.36444
      vertex 4.3223 3.14033 4.36444
      vertex 3.63132 2.44936 4.19473
    endloop
  endfacet
  facet normal -0.198201 -0.138781 0.970287
    outer loop
      vertex 5.2218 3.52215 4.56764
      vertex 5.86289 4.25964 4.80408
      vertex 5.0957 3.70224 4.56764
    endloop
  endfacet
  facet normal -0.193237 -0.145612 0.970287
    outer loop
      vertex 5.86289 4.25964 4.80408
      vertex 5.71066 4.46166 4.80408
      vertex 4.96339 3.87782 4.56764
    endloop
  endfacet
  facet normal -0.158823 -0.182563 0.970281
    outer loop
      vertex 4.59774 5.47937 4.78061
      vertex 4.21461 4.68079 4.56764
      vertex 4.61994 5.47632 4.78367
    endloop
  endfacet
  facet normal -0.158736 -0.182606 0.970288
    outer loop
      vertex 4.21461 4.68079 4.56764
      vertex 4.59774 5.47937 4.78061
      vertex 4.04868 4.82503 4.56764
    endloop
  endfacet
  facet normal -0.136422 -0.156937 0.978141
    outer loop
      vertex 4.21461 4.68079 4.56764
      vertex 4.04868 4.82503 4.56764
      vertex 3.43419 4.09271 4.36444
    endloop
  endfacet
  facet normal -0.147039 -0.147039 0.978141
    outer loop
      vertex 4.37539 4.53085 4.56764
      vertex 3.84318 3.71132 4.36444
      vertex 4.53085 4.37539 4.56764
    endloop
  endfacet
  facet normal -0.147039 -0.147039 0.978141
    outer loop
      vertex 3.84318 3.71132 4.36444
      vertex 4.37539 4.53085 4.56764
      vertex 3.71132 3.84318 4.36444
    endloop
  endfacet
  facet normal -0.14565 -0.193223 0.970284
    outer loop
      vertex 4.03361 5.55179 4.7082
      vertex 3.87782 4.96339 4.56764
      vertex 4.12284 5.54062 4.71937
    endloop
  endfacet
  facet normal -0.145613 -0.193233 0.970287
    outer loop
      vertex 3.87782 4.96339 4.56764
      vertex 4.03361 5.55179 4.7082
      vertex 3.70224 5.0957 4.56764
    endloop
  endfacet
  facet normal -0.125144 -0.16607 0.978141
    outer loop
      vertex 3.87782 4.96339 4.56764
      vertex 3.70224 5.0957 4.56764
      vertex 3.14033 4.3223 4.36444
    endloop
  endfacet
  facet normal -0.039069 0.169221 0.984803
    outer loop
      vertex 1.1108 -5.2259 4.36444
      vertex 1.2925 -5.18395 4.36444
      vertex 1.05966 -4.25006 4.19473
    endloop
  endfacet
  facet normal -0.0360342 0.13445 0.990265
    outer loop
      vertex 1.05966 -4.25006 4.19473
      vertex 1.20734 -4.21048 4.19473
      vertex 0.940568 -3.28015 4.05871
    endloop
  endfacet
  facet normal -0.0565394 0.164211 0.984804
    outer loop
      vertex 1.82729 -5.02045 4.36444
      vertex 1.4981 -4.11601 4.19473
      vertex 1.35355 -4.16578 4.19473
    endloop
  endfacet
  facet normal -0.0608506 0.198831 0.978143
    outer loop
      vertex 1.65107 -5.75795 4.50203
      vertex 1.81293 -5.74959 4.5104
      vertex 1.47263 -5.13569 4.36444
    endloop
  endfacet
  facet normal -0.0543907 0.128129 0.990265
    outer loop
      vertex 1.64084 -4.06122 4.19473
      vertex 1.78157 -4.00148 4.19473
      vertex 1.38792 -3.11733 4.05871
    endloop
  endfacet
  facet normal -0.0474594 0.0931515 0.99452
    outer loop
      vertex 1.602 -3.01292 4.05871
      vertex 1.14568 -2.15471 3.95655
      vertex 1.06978 -2.19338 3.95655
    endloop
  endfacet
  facet normal -0.0348586 -0.00182749 0.999391
    outer loop
      vertex 0.488369 0.0170536 3.85426
      vertex 1.46451 0.0511417 3.88837
      vertex 0.487476 0.0340872 3.85426
    endloop
  endfacet
  facet normal -0.0190071 -0.0292778 0.999391
    outer loop
      vertex 0.819445 1.21488 3.88837
      vertex 0.776546 1.24273 3.88837
      vertex 0.258954 0.414412 3.85426
    endloop
  endfacet
  facet normal -0.0659713 0.022712 0.997563
    outer loop
      vertex 2.32092 -0.754112 3.95655
      vertex 1.39368 -0.452835 3.88837
      vertex 1.37703 -0.501198 3.88837
    endloop
  endfacet
  facet normal -0.0659708 0.0227138 0.997563
    outer loop
      vertex 2.29319 -0.834652 3.95655
      vertex 2.32092 -0.754112 3.95655
      vertex 1.37703 -0.501198 3.88837
    endloop
  endfacet
  facet normal -0.0632342 0.0294886 0.997563
    outer loop
      vertex 2.19338 -1.06978 3.95655
      vertex 2.22938 -0.992583 3.95655
      vertex 1.33872 -0.596034 3.88837
    endloop
  endfacet
  facet normal -0.0190071 0.0292778 0.999391
    outer loop
      vertex 0.776546 -1.24273 3.88837
      vertex 0.819445 -1.21488 3.88837
      vertex 0.258954 -0.414412 3.85426
    endloop
  endfacet
  facet normal -0.0526601 0.0457715 0.997563
    outer loop
      vertex 1.81354 -1.63292 3.95655
      vertex 1.86942 -1.56863 3.95655
      vertex 1.08901 -0.980548 3.88837
    endloop
  endfacet
  facet normal -0.0689115 0.010926 0.997563
    outer loop
      vertex 2.41661 -0.339632 3.95655
      vertex 1.45115 -0.203945 3.88837
      vertex 1.44314 -0.254465 3.88837
    endloop
  endfacet
  facet normal -0.125144 0.16607 0.978141
    outer loop
      vertex 3.70224 -5.0957 4.56764
      vertex 3.87782 -4.96339 4.56764
      vertex 3.14033 -4.3223 4.36444
    endloop
  endfacet
  facet normal -0.170337 0.119271 0.978141
    outer loop
      vertex 5.0957 -3.70224 4.56764
      vertex 5.2218 -3.52215 4.56764
      vertex 4.3223 -3.14033 4.36444
    endloop
  endfacet
  facet normal 0.00425261 -0.0346463 0.999391
    outer loop
      vertex -0.0680084 0.483912 3.85426
      vertex -0.0510788 0.48599 3.85426
      vertex -0.153176 1.45738 3.88837
    endloop
  endfacet
  facet normal -0.0379917 0.0585209 0.997563
    outer loop
      vertex 1.29319 -2.06954 3.95655
      vertex 0.819445 -1.21488 3.88837
      vertex 0.776546 -1.24273 3.88837
    endloop
  endfacet
  facet normal -0.00728068 0.139004 0.990265
    outer loop
      vertex 0.152865 -4.3775 4.19473
      vertex 0.238032 -3.40403 4.05871
      vertex 0.119088 -3.41026 4.05871
    endloop
  endfacet
  facet normal -0.037461 0.0976022 0.99452
    outer loop
      vertex 1.16709 -3.20655 4.05871
      vertex 1.27829 -3.16387 4.05871
      vertex 0.914175 -2.26266 3.95655
    endloop
  endfacet
  facet normal -0.0305727 0.0999757 0.99452
    outer loop
      vertex 0.940568 -3.28015 4.05871
      vertex 0.754112 -2.32092 3.95655
      vertex 0.672654 -2.34583 3.95655
    endloop
  endfacet
  facet normal -0.0408467 0.0962351 0.99452
    outer loop
      vertex 1.38792 -3.11733 4.05871
      vertex 0.992583 -2.22938 3.95655
      vertex 0.914175 -2.26266 3.95655
    endloop
  endfacet
  facet normal -0.00304112 0.0347736 0.999391
    outer loop
      vertex 0.153176 -1.45738 3.88837
      vertex 0.0510788 -0.48599 3.85426
      vertex 0.0340872 -0.487476 3.85426
    endloop
  endfacet
  facet normal -0.0311022 -0.0158462 0.999391
    outer loop
      vertex 1.3171 0.642391 3.88837
      vertex 1.29388 0.687966 3.88837
      vertex 0.439211 0.214217 3.85426
    endloop
  endfacet
  facet normal -0.0102055 0.0333811 0.999391
    outer loop
      vertex 0.40392 -1.40864 3.88837
      vertex 0.151006 -0.46475 3.85426
      vertex 0.134694 -0.469737 3.85426
    endloop
  endfacet
  facet normal -0.01806 0.0673935 0.997563
    outer loop
      vertex 0.672654 -2.34583 3.95655
      vertex 0.40392 -1.40864 3.88837
      vertex 0.354513 -1.42188 3.88837
    endloop
  endfacet
  facet normal -0.0179814 -0.0299187 0.999391
    outer loop
      vertex 0.776546 1.24273 3.88837
      vertex 0.732703 1.26908 3.88837
      vertex 0.258954 0.414412 3.85426
    endloop
  endfacet
  facet normal 0.0621682 0.0316739 0.997563
    outer loop
      vertex -2.15471 -1.14568 3.95655
      vertex -1.3171 -0.642391 3.88837
      vertex -2.19338 -1.06978 3.95655
    endloop
  endfacet
  facet normal 0.0158462 0.0311022 0.999391
    outer loop
      vertex -0.642391 -1.3171 3.88837
      vertex -0.214217 -0.439211 3.85426
      vertex -0.687966 -1.29388 3.88837
    endloop
  endfacet
  facet normal -0.0219673 -0.0271272 0.999391
    outer loop
      vertex 0.941945 1.12257 3.88837
      vertex 0.902194 1.15476 3.88837
      vertex 0.300853 0.385075 3.85426
    endloop
  endfacet
  facet normal 0.00546615 -0.0344757 0.999391
    outer loop
      vertex -0.0680084 0.483912 3.85426
      vertex -0.203945 1.45115 3.88837
      vertex -0.254465 1.44314 3.88837
    endloop
  endfacet
  facet normal 0.0696767 -0.00364212 0.997563
    outer loop
      vertex -1.46451 0.0511417 3.88837
      vertex -1.46184 0.102221 3.88837
      vertex -2.43442 0.170231 3.95655
    endloop
  endfacet
  facet normal -0.0311015 -0.0158475 0.999391
    outer loop
      vertex 0.439211 0.214217 3.85426
      vertex 1.29388 0.687966 3.88837
      vertex 0.431467 0.229415 3.85426
    endloop
  endfacet
  facet normal -0.00304364 0.0347733 0.999391
    outer loop
      vertex 0.102221 -1.46184 3.88837
      vertex 0.153176 -1.45738 3.88837
      vertex 0.0340872 -0.487476 3.85426
    endloop
  endfacet
  facet normal -0.00364212 0.0696767 0.997563
    outer loop
      vertex 0.170231 -2.43442 3.95655
      vertex 0.102221 -1.46184 3.88837
      vertex 0.0511417 -1.46451 3.88837
    endloop
  endfacet
  facet normal -0.032588 0.0125092 0.999391
    outer loop
      vertex 1.3587 -0.54895 3.88837
      vertex 1.37703 -0.501198 3.88837
      vertex 0.459197 -0.167133 3.85426
    endloop
  endfacet
  facet normal 0.00850242 0.0692521 0.997563
    outer loop
      vertex -0.255087 -2.42699 3.95655
      vertex -0.203945 -1.45115 3.88837
      vertex -0.339632 -2.41661 3.95655
    endloop
  endfacet
  facet normal -0.00785069 0.0340121 0.999391
    outer loop
      vertex 0.304675 -1.43338 3.88837
      vertex 0.118218 -0.474152 3.85426
      vertex 0.101599 -0.477988 3.85426
    endloop
  endfacet
  facet normal -0.00546177 -0.0344765 0.999391
    outer loop
      vertex 0.084856 0.481243 3.85426
      vertex 0.254465 1.44314 3.88837
      vertex 0.0680084 0.483912 3.85426
    endloop
  endfacet
  facet normal 0.0265632 0.136636 0.990265
    outer loop
      vertex -0.592546 -3.3605 4.05871
      vertex -0.709465 -3.33777 4.05871
      vertex -0.910687 -4.28445 4.19473
    endloop
  endfacet
  facet normal 0.0313082 0.135628 0.990265
    outer loop
      vertex -0.709465 -3.33777 4.05871
      vertex -0.82552 -3.31098 4.05871
      vertex -1.05966 -4.25006 4.19473
    endloop
  endfacet
  facet normal 0.0913206 0.105051 0.990265
    outer loop
      vertex -2.81552 -3.3554 4.19473
      vertex -2.2833 -2.53586 4.05871
      vertex -2.9309 -3.2551 4.19473
    endloop
  endfacet
  facet normal 0.0419874 0.055724 0.997563
    outer loop
      vertex -0.861344 -1.18554 3.88837
      vertex -0.902194 -1.15476 3.88837
      vertex -1.50244 -1.92303 3.95655
    endloop
  endfacet
  facet normal -0.0102055 -0.0333811 0.999391
    outer loop
      vertex 0.151006 0.46475 3.85426
      vertex 0.40392 1.40864 3.88837
      vertex 0.134694 0.469737 3.85426
    endloop
  endfacet
  facet normal 0.020021 0.0285938 0.999391
    outer loop
      vertex -0.273259 -0.405123 3.85426
      vertex -0.287231 -0.39534 3.85426
      vertex -0.819445 -1.21488 3.88837
    endloop
  endfacet
  facet normal 0.131069 0.113942 0.984804
    outer loop
      vertex -3.97036 -3.57493 4.36444
      vertex -3.3554 -2.81552 4.19473
      vertex -4.09271 -3.43419 4.36444
    endloop
  endfacet
  facet normal 0.087596 0.108177 0.990265
    outer loop
      vertex -2.10085 -2.68896 4.05871
      vertex -2.19341 -2.61401 4.05871
      vertex -2.81552 -3.3554 4.19473
    endloop
  endfacet
  facet normal 0.0629137 0.0834958 0.99452
    outer loop
      vertex -2.00572 -2.76064 4.05871
      vertex -1.50244 -1.92303 3.95655
      vertex -2.10085 -2.68896 4.05871
    endloop
  endfacet
  facet normal 0.0526559 0.0457771 0.997563
    outer loop
      vertex -1.08901 -0.980548 3.88837
      vertex -1.12257 -0.941945 3.88837
      vertex -1.86942 -1.56863 3.95655
    endloop
  endfacet
  facet normal 0.00425155 -0.0346464 0.999391
    outer loop
      vertex -0.0680084 0.483912 3.85426
      vertex -0.153176 1.45738 3.88837
      vertex -0.203945 1.45115 3.88837
    endloop
  endfacet
  facet normal 0.0949285 0.101802 0.990265
    outer loop
      vertex -2.9309 -3.2551 4.19473
      vertex -2.2833 -2.53586 4.05871
      vertex -3.04272 -3.15083 4.19473
    endloop
  endfacet
  facet normal 0.0658002 0.0812407 0.99452
    outer loop
      vertex -1.50244 -1.92303 3.95655
      vertex -1.56863 -1.86942 3.95655
      vertex -2.10085 -2.68896 4.05871
    endloop
  endfacet
  facet normal 0.0712963 0.0764634 0.99452
    outer loop
      vertex -1.63292 -1.81354 3.95655
      vertex -1.69522 -1.75545 3.95655
      vertex -2.37041 -2.45463 4.05871
    endloop
  endfacet
  facet normal 0.136426 0.156932 0.978141
    outer loop
      vertex -3.43419 -4.09271 4.36444
      vertex -3.57493 -3.97036 4.36444
      vertex -4.21461 -4.68079 4.56764
    endloop
  endfacet
  facet normal 0.134969 0.109294 0.984804
    outer loop
      vertex -4.09271 -3.43419 4.36444
      vertex -3.3554 -2.81552 4.19473
      vertex -4.21007 -3.28926 4.36444
    endloop
  endfacet
  facet normal 0.134968 0.109296 0.984804
    outer loop
      vertex -3.3554 -2.81552 4.19473
      vertex -3.45162 -2.6967 4.19473
      vertex -4.21007 -3.28926 4.36444
    endloop
  endfacet
  facet normal 0.158736 0.182606 0.970288
    outer loop
      vertex -4.21461 -4.68079 4.56764
      vertex -4.59774 -5.47937 4.78061
      vertex -4.04868 -4.82503 4.56764
    endloop
  endfacet
  facet normal 0.158823 0.182563 0.970281
    outer loop
      vertex -4.59774 -5.47937 4.78061
      vertex -4.21461 -4.68079 4.56764
      vertex -4.61994 -5.47632 4.78367
    endloop
  endfacet
  facet normal 0.11394 0.131071 0.984803
    outer loop
      vertex -2.81552 -3.3554 4.19473
      vertex -2.9309 -3.2551 4.19473
      vertex -3.57493 -3.97036 4.36444
    endloop
  endfacet
  facet normal 0.0798454 0.114018 0.990265
    outer loop
      vertex -1.90816 -2.82896 4.05871
      vertex -2.00572 -2.76064 4.05871
      vertex -2.44936 -3.63132 4.19473
    endloop
  endfacet
  facet normal 0.107098 0.178243 0.978141
    outer loop
      vertex -2.67133 -4.62687 4.36444
      vertex -2.83117 -4.53083 4.36444
      vertex -3.33776 -5.34154 4.56764
    endloop
  endfacet
  facet normal 0.0931515 0.0474594 0.99452
    outer loop
      vertex -2.15471 -1.14568 3.95655
      vertex -2.19338 -1.06978 3.95655
      vertex -3.01292 -1.602 4.05871
    endloop
  endfacet
  facet normal 0.0947491 0.0441841 0.99452
    outer loop
      vertex -3.06699 -1.49587 4.05871
      vertex -2.19338 -1.06978 3.95655
      vertex -3.11733 -1.38792 4.05871
    endloop
  endfacet
  facet normal 0.0610226 0.0338286 0.997563
    outer loop
      vertex -2.11341 -1.22018 3.95655
      vertex -1.26908 -0.732703 3.88837
      vertex -2.15471 -1.14568 3.95655
    endloop
  endfacet
  facet normal 0.0896119 0.0538457 0.99452
    outer loop
      vertex -2.06954 -1.29319 3.95655
      vertex -2.11341 -1.22018 3.95655
      vertex -2.95517 -1.70617 4.05871
    endloop
  endfacet
  facet normal 0.0569359 -0.0876806 0.99452
    outer loop
      vertex -1.36463 2.02315 3.95655
      vertex -1.29319 2.06954 3.95655
      vertex -1.80826 2.89383 4.05871
    endloop
  endfacet
  facet normal 0.0359415 -0.059802 0.997563
    outer loop
      vertex -0.776546 1.24273 3.88837
      vertex -0.732703 1.26908 3.88837
      vertex -1.29319 2.06954 3.95655
    endloop
  endfacet
  facet normal 0.0526601 -0.0457715 0.997563
    outer loop
      vertex -1.08901 0.980548 3.88837
      vertex -1.81354 1.63292 3.95655
      vertex -1.86942 1.56863 3.95655
    endloop
  endfacet
  facet normal 0.0764602 -0.071299 0.99452
    outer loop
      vertex -1.81354 1.63292 3.95655
      vertex -2.45463 2.37041 4.05871
      vertex -2.53586 2.2833 4.05871
    endloop
  endfacet
  facet normal 0.0764634 -0.0712963 0.99452
    outer loop
      vertex -1.81354 1.63292 3.95655
      vertex -1.75545 1.69522 3.95655
      vertex -2.45463 2.37041 4.05871
    endloop
  endfacet
  facet normal 0.0526559 -0.0457771 0.997563
    outer loop
      vertex -1.12257 0.941945 3.88837
      vertex -1.08901 0.980548 3.88837
      vertex -1.86942 1.56863 3.95655
    endloop
  endfacet
  facet normal 0.0695058 0.00608593 0.997563
    outer loop
      vertex -2.42699 -0.255087 3.95655
      vertex -1.46184 -0.102221 3.88837
      vertex -2.43442 -0.170231 3.95655
    endloop
  endfacet
  facet normal 0.0585171 -0.0379985 0.997563
    outer loop
      vertex -1.21488 0.819445 3.88837
      vertex -2.02315 1.36463 3.95655
      vertex -2.06954 1.29319 3.95655
    endloop
  endfacet
  facet normal 0.0876806 -0.0569359 0.99452
    outer loop
      vertex -2.06954 1.29319 3.95655
      vertex -2.02315 1.36463 3.95655
      vertex -2.89383 1.80826 4.05871
    endloop
  endfacet
  facet normal 0.0305299 0.0169226 0.999391
    outer loop
      vertex -0.423198 -0.244333 3.85426
      vertex -0.431467 -0.229415 3.85426
      vertex -1.26908 -0.732703 3.88837
    endloop
  endfacet
  facet normal -0.00785069 -0.0340121 0.999391
    outer loop
      vertex 0.118218 0.474152 3.85426
      vertex 0.304675 1.43338 3.88837
      vertex 0.101599 0.477988 3.85426
    endloop
  endfacet
  facet normal 0.119315 -0.0716892 0.990265
    outer loop
      vertex -2.95517 1.70617 4.05871
      vertex -2.89383 1.80826 4.05871
      vertex -3.71459 2.32113 4.19473
    endloop
  endfacet
  facet normal 0.11674 -0.0758088 0.990265
    outer loop
      vertex -2.89383 1.80826 4.05871
      vertex -3.63132 2.44936 4.19473
      vertex -3.71459 2.32113 4.19473
    endloop
  endfacet
  facet normal 0.0856347 -0.0599689 0.99452
    outer loop
      vertex -2.02315 1.36463 3.95655
      vertex -2.76064 2.00572 4.05871
      vertex -2.82896 1.90816 4.05871
    endloop
  endfacet
  facet normal 0.142266 -0.099611 0.984804
    outer loop
      vertex -3.63132 2.44936 4.19473
      vertex -3.54363 2.5746 4.19473
      vertex -4.3223 3.14033 4.36444
    endloop
  endfacet
  facet normal 0.101802 -0.0949285 0.990265
    outer loop
      vertex -2.53586 2.2833 4.05871
      vertex -3.15083 3.04272 4.19473
      vertex -3.2551 2.9309 4.19473
    endloop
  endfacet
  facet normal 0.127018 -0.118442 0.984804
    outer loop
      vertex -3.2551 2.9309 4.19473
      vertex -3.15083 3.04272 4.19473
      vertex -3.97036 3.57493 4.36444
    endloop
  endfacet
  facet normal 0.118442 -0.127018 0.984804
    outer loop
      vertex -3.04272 3.15083 4.19473
      vertex -2.9309 3.2551 4.19473
      vertex -3.57493 3.97036 4.36444
    endloop
  endfacet
  facet normal 0.11394 -0.131071 0.984803
    outer loop
      vertex -2.9309 3.2551 4.19473
      vertex -2.81552 3.3554 4.19473
      vertex -3.57493 3.97036 4.36444
    endloop
  endfacet
  facet normal -0.225848 -0.0867644 0.970291
    outer loop
      vertex 6.13498 2.23295 4.625
      vertex 6.12997 2.30213 4.63002
      vertex 5.91878 2.15426 4.56764
    endloop
  endfacet
  facet normal -0.17696 -0.165013 0.970287
    outer loop
      vertex 5.38552 4.84914 4.80408
      vertex 5.21301 5.03414 4.80408
      vertex 4.68079 4.21461 4.56764
    endloop
  endfacet
  facet normal -0.17695 -0.16502 0.970287
    outer loop
      vertex 4.68079 4.21461 4.56764
      vertex 5.21301 5.03414 4.80408
      vertex 4.53085 4.37539 4.56764
    endloop
  endfacet
  facet normal -0.0211624 0.172377 0.984804
    outer loop
      vertex 0.743553 -5.29066 4.36444
      vertex 0.609601 -4.33754 4.19473
      vertex 0.457851 -4.35617 4.19473
    endloop
  endfacet
  facet normal -0.0181309 0.207149 0.978141
    outer loop
      vertex 0.372684 -5.32964 4.36444
      vertex 0.49936 -5.79471 4.46528
      vertex 0.558458 -5.31338 4.36444
    endloop
  endfacet
  facet normal -0.0181252 0.207151 0.978141
    outer loop
      vertex 0.49936 -5.79471 4.46528
      vertex 0.372684 -5.32964 4.36444
      vertex 0.405306 -5.79614 4.46384
    endloop
  endfacet
  facet normal 0.00362392 0.207908 0.978142
    outer loop
      vertex -0.186456 -5.3394 4.36444
      vertex -0.105195 -5.7983 4.46168
      vertex 0 -5.34265 4.36444
    endloop
  endfacet
  facet normal 0.00363646 0.20791 0.978141
    outer loop
      vertex -0.105195 -5.7983 4.46168
      vertex -0.186456 -5.3394 4.36444
      vertex -0.20247 -5.79801 4.46198
    endloop
  endfacet
  facet normal 0.0569359 0.0876806 0.99452
    outer loop
      vertex -1.29319 -2.06954 3.95655
      vertex -1.36463 -2.02315 3.95655
      vertex -1.80826 -2.89383 4.05871
    endloop
  endfacet
  facet normal 0.0716892 0.119315 0.990265
    outer loop
      vertex -1.70617 -2.95517 4.05871
      vertex -1.80826 -2.89383 4.05871
      vertex -2.32113 -3.71459 4.19473
    endloop
  endfacet
  facet normal 0.0316739 0.0621682 0.997563
    outer loop
      vertex -1.06978 -2.19338 3.95655
      vertex -0.642391 -1.3171 3.88837
      vertex -1.14568 -2.15471 3.95655
    endloop
  endfacet
  facet normal 0.0631951 0.124023 0.990265
    outer loop
      vertex -1.92014 -3.93687 4.19473
      vertex -1.602 -3.01292 4.05871
      vertex -2.05636 -3.86746 4.19473
    endloop
  endfacet
  facet normal 0.0340379 0.0988486 0.99452
    outer loop
      vertex -1.05447 -3.24533 4.05871
      vertex -0.754112 -2.32092 3.95655
      vertex -1.16709 -3.20655 4.05871
    endloop
  endfacet
  facet normal 0.0340342 0.0988503 0.99452
    outer loop
      vertex -0.754112 -2.32092 3.95655
      vertex -0.834652 -2.29319 3.95655
      vertex -1.16709 -3.20655 4.05871
    endloop
  endfacet
  facet normal 0.0543928 0.128128 0.990265
    outer loop
      vertex -1.27829 -3.16387 4.05871
      vertex -1.38792 -3.11733 4.05871
      vertex -1.64084 -4.06122 4.19473
    endloop
  endfacet
  facet normal 0.0408523 0.096232 0.99452
    outer loop
      vertex -1.27829 -3.16387 4.05871
      vertex -0.914175 -2.26266 3.95655
      vertex -1.38792 -3.11733 4.05871
    endloop
  endfacet
  facet normal 0.0102055 0.0333811 0.999391
    outer loop
      vertex -0.134694 -0.469737 3.85426
      vertex -0.151006 -0.46475 3.85426
      vertex -0.40392 -1.40864 3.88837
    endloop
  endfacet
  facet normal 0.0305727 0.0999757 0.99452
    outer loop
      vertex -0.672654 -2.34583 3.95655
      vertex -0.754112 -2.32092 3.95655
      vertex -0.940568 -3.28015 4.05871
    endloop
  endfacet
  facet normal 0.067694 0.196611 0.978142
    outer loop
      vertex -1.86724 -5.74678 4.5132
      vertex -1.65097 -5.08116 4.36444
      vertex -2.04477 -5.73655 4.52343
    endloop
  endfacet
  facet normal 0.122805 0.122805 0.984804
    outer loop
      vertex -3.15083 -3.04272 4.19473
      vertex -3.71132 -3.84318 4.36444
      vertex -3.04272 -3.15083 4.19473
    endloop
  endfacet
  facet normal 0.122805 0.122805 0.984804
    outer loop
      vertex -3.71132 -3.84318 4.36444
      vertex -3.15083 -3.04272 4.19473
      vertex -3.84318 -3.71132 4.36444
    endloop
  endfacet
  facet normal 0.127018 0.118442 0.984804
    outer loop
      vertex -3.15083 -3.04272 4.19473
      vertex -3.2551 -2.9309 4.19473
      vertex -3.97036 -3.57493 4.36444
    endloop
  endfacet
  facet normal 0.152076 0.141823 0.978141
    outer loop
      vertex -4.53085 -4.37539 4.56764
      vertex -3.84318 -3.71132 4.36444
      vertex -4.68079 -4.21461 4.56764
    endloop
  endfacet
  facet normal 0.207408 0.124582 0.970289
    outer loop
      vertex -5.99904 -3.74862 4.76094
      vertex -5.34154 -3.33776 4.56764
      vertex -6.02055 -3.54536 4.73944
    endloop
  endfacet
  facet normal 0.207398 0.124615 0.970287
    outer loop
      vertex -6.02747 -3.47996 4.73252
      vertex -5.34154 -3.33776 4.56764
      vertex -5.45477 -3.14931 4.56764
    endloop
  endfacet
  facet normal 0.207399 0.124611 0.970287
    outer loop
      vertex -5.34154 -3.33776 4.56764
      vertex -6.02747 -3.47996 4.73252
      vertex -6.02055 -3.54536 4.73944
    endloop
  endfacet
  facet normal 0.211616 0.117309 0.970287
    outer loop
      vertex -6.03549 -3.39916 4.7245
      vertex -5.45477 -3.14931 4.56764
      vertex -5.56136 -2.95703 4.56764
    endloop
  endfacet
  facet normal 0.211614 0.117313 0.970287
    outer loop
      vertex -5.45477 -3.14931 4.56764
      vertex -6.03549 -3.39916 4.7245
      vertex -6.02747 -3.47996 4.73252
    endloop
  endfacet
  facet normal 0.17696 0.165013 0.970287
    outer loop
      vertex -5.21301 -5.03414 4.80408
      vertex -4.68079 -4.21461 4.56764
      vertex -5.38552 -4.84914 4.80408
    endloop
  endfacet
  facet normal 0.198197 0.138785 0.970287
    outer loop
      vertex -5.96795 -4.02543 4.79204
      vertex -5.86289 -4.25964 4.80408
      vertex -5.2218 -3.52215 4.56764
    endloop
  endfacet
  facet normal 0.198195 0.138784 0.970288
    outer loop
      vertex -5.86289 -4.25964 4.80408
      vertex -5.96795 -4.02543 4.79204
      vertex -5.95591 -4.1268 4.80408
    endloop
  endfacet
  facet normal 0.225732 0.158067 0.96128
    outer loop
      vertex -5.93491 -4.28444 4.82507
      vertex -5.86289 -4.25964 4.80408
      vertex -5.95591 -4.1268 4.80408
    endloop
  endfacet
  facet normal 0.235665 0.0544113 0.97031
    outer loop
      vertex -6.16099 -1.30956 4.56764
      vertex -6.1766 -1.52264 4.58338
      vertex -6.11153 -1.52378 4.56764
    endloop
  endfacet
  facet normal 0.235768 0.0544019 0.970285
    outer loop
      vertex -6.1766 -1.52264 4.58338
      vertex -6.16099 -1.30956 4.56764
      vertex -6.18598 -1.31487 4.57401
    endloop
  endfacet
  facet normal 0.133113 0.040696 0.990265
    outer loop
      vertex -4.16578 -1.35355 4.19473
      vertex -3.28015 -0.940568 4.05871
      vertex -4.21048 -1.20734 4.19473
    endloop
  endfacet
  facet normal 0.235666 0.0546473 0.970297
    outer loop
      vertex -6.17583 -1.53981 4.58416
      vertex -6.11153 -1.52378 4.56764
      vertex -6.1766 -1.52264 4.58338
    endloop
  endfacet
  facet normal 0.0962351 -0.0408467 0.99452
    outer loop
      vertex -2.26266 0.914175 3.95655
      vertex -2.22938 0.992583 3.95655
      vertex -3.11733 1.38792 4.05871
    endloop
  endfacet
  facet normal 0.0642262 -0.0272606 0.997563
    outer loop
      vertex -1.33872 0.596034 3.88837
      vertex -2.22938 0.992583 3.95655
      vertex -2.26266 0.914175 3.95655
    endloop
  endfacet
  facet normal 0.0679856 -0.0156875 0.997563
    outer loop
      vertex -1.43338 0.304675 3.88837
      vertex -1.42188 0.354513 3.88837
      vertex -2.36787 0.590376 3.95655
    endloop
  endfacet
  facet normal 0.0988486 -0.0340379 0.99452
    outer loop
      vertex -2.32092 0.754112 3.95655
      vertex -3.20655 1.16709 4.05871
      vertex -3.24533 1.05447 4.05871
    endloop
  endfacet
  facet normal 0.0999776 -0.0305633 0.99452
    outer loop
      vertex -2.32092 0.754112 3.95655
      vertex -3.24533 1.05447 4.05871
      vertex -3.28015 0.940568 4.05871
    endloop
  endfacet
  facet normal 0.103765 -0.0127398 0.99452
    outer loop
      vertex -2.42699 0.255087 3.95655
      vertex -2.41661 0.339632 3.95655
      vertex -3.39365 0.356687 4.05871
    endloop
  endfacet
  facet normal 0.172377 -0.0211624 0.984804
    outer loop
      vertex -4.35617 0.457851 4.19473
      vertex -4.33754 0.609601 4.19473
      vertex -5.29066 0.743553 4.36444
    endloop
  endfacet
  facet normal 0.103258 -0.0163524 0.99452
    outer loop
      vertex -2.41661 0.339632 3.95655
      vertex -3.3605 0.592546 4.05871
      vertex -3.37913 0.474906 4.05871
    endloop
  endfacet
  facet normal 0.138667 0.0121272 0.990265
    outer loop
      vertex -4.35617 -0.457851 4.19473
      vertex -3.40403 -0.238032 4.05871
      vertex -4.36949 -0.305545 4.19473
    endloop
  endfacet
  facet normal 0.172378 -0.0211591 0.984804
    outer loop
      vertex -4.35617 0.457851 4.19473
      vertex -5.29066 0.743553 4.36444
      vertex -5.31338 0.558458 4.36444
    endloop
  endfacet
  facet normal 0.207153 -0.0181312 0.97814
    outer loop
      vertex -6.2081 0.448602 4.55189
      vertex -5.32964 0.372684 4.36444
      vertex -5.31338 0.558458 4.36444
    endloop
  endfacet
  facet normal 0.207105 -0.0186911 0.97814
    outer loop
      vertex -5.32964 0.372684 4.36444
      vertex -6.2081 0.448602 4.55189
      vertex -6.20832 0.434128 4.55166
    endloop
  endfacet
  facet normal 0.0344757 -0.00546615 0.999391
    outer loop
      vertex -0.483912 0.0680084 3.85426
      vertex -1.44314 0.254465 3.88837
      vertex -1.45115 0.203945 3.88837
    endloop
  endfacet
  facet normal 0.0346464 -0.00425155 0.999391
    outer loop
      vertex -0.483912 0.0680084 3.85426
      vertex -1.45115 0.203945 3.88837
      vertex -1.45738 0.153176 3.88837
    endloop
  endfacet
  facet normal 0.102624 -0.0199509 0.99452
    outer loop
      vertex -2.38703 0.50738 3.95655
      vertex -3.33777 0.709465 4.05871
      vertex -3.3605 0.592546 4.05871
    endloop
  endfacet
  facet normal 0.101866 -0.0235162 0.99452
    outer loop
      vertex -2.38703 0.50738 3.95655
      vertex -2.36787 0.590376 3.95655
      vertex -3.33777 0.709465 4.05871
    endloop
  endfacet
  facet normal 0.134451 -0.0360294 0.990265
    outer loop
      vertex -3.31098 0.82552 4.05871
      vertex -3.28015 0.940568 4.05871
      vertex -4.25006 1.05966 4.19473
    endloop
  endfacet
  facet normal 0.100982 -0.0270606 0.99452
    outer loop
      vertex -2.36787 0.590376 3.95655
      vertex -3.28015 0.940568 4.05871
      vertex -3.31098 0.82552 4.05871
    endloop
  endfacet
  facet normal 0.0947488 0.0441851 0.99452
    outer loop
      vertex -2.19338 -1.06978 3.95655
      vertex -2.22938 -0.992583 3.95655
      vertex -3.11733 -1.38792 4.05871
    endloop
  endfacet
  facet normal 0.0976022 0.037461 0.99452
    outer loop
      vertex -3.16387 -1.27829 4.05871
      vertex -2.26266 -0.914175 3.95655
      vertex -3.20655 -1.16709 4.05871
    endloop
  endfacet
  facet normal 0.0136355 0.0321329 0.999391
    outer loop
      vertex -0.54895 -1.3587 3.88837
      vertex -0.183058 -0.453084 3.85426
      vertex -0.596034 -1.33872 3.88837
    endloop
  endfacet
  facet normal 0.0158462 -0.0311022 0.999391
    outer loop
      vertex -0.214217 0.439211 3.85426
      vertex -0.642391 1.3171 3.88837
      vertex -0.687966 1.29388 3.88837
    endloop
  endfacet
  facet normal 0.101866 0.0235162 0.99452
    outer loop
      vertex -2.36787 -0.590376 3.95655
      vertex -2.38703 -0.50738 3.95655
      vertex -3.33777 -0.709465 4.05871
    endloop
  endfacet
  facet normal 0.0999757 0.0305727 0.99452
    outer loop
      vertex -2.32092 -0.754112 3.95655
      vertex -2.34583 -0.672654 3.95655
      vertex -3.28015 -0.940568 4.05871
    endloop
  endfacet
  facet normal 0.205379 0.0325372 0.978142
    outer loop
      vertex -6.19428 -1.09042 4.56571
      vertex -5.26148 -0.927741 4.36444
      vertex -5.29066 -0.743553 4.36444
    endloop
  endfacet
  facet normal 0.205289 0.0330568 0.978143
    outer loop
      vertex -5.26148 -0.927741 4.36444
      vertex -6.19428 -1.09042 4.56571
      vertex -6.19423 -1.09221 4.56576
    endloop
  endfacet
  facet normal 0.172377 0.0211624 0.984804
    outer loop
      vertex -4.33754 -0.609601 4.19473
      vertex -4.35617 -0.457851 4.19473
      vertex -5.29066 -0.743553 4.36444
    endloop
  endfacet
  facet normal 0.178243 0.107098 0.978141
    outer loop
      vertex -4.53083 -2.83117 4.36444
      vertex -4.62687 -2.67133 4.36444
      vertex -5.34154 -3.33776 4.56764
    endloop
  endfacet
  facet normal 0.128129 0.0543907 0.990265
    outer loop
      vertex -4.00148 -1.78157 4.19473
      vertex -3.11733 -1.38792 4.05871
      vertex -4.06122 -1.64084 4.19473
    endloop
  endfacet
  facet normal 0.198855 0.0608026 0.978141
    outer loop
      vertex -5.08116 -1.65097 4.36444
      vertex -5.13569 -1.47263 4.36444
      vertex -5.99035 -1.94638 4.56764
    endloop
  endfacet
  facet normal 0.200858 0.0538182 0.978141
    outer loop
      vertex -6.05463 -1.73614 4.56764
      vertex -5.13569 -1.47263 4.36444
      vertex -6.11153 -1.52378 4.56764
    endloop
  endfacet
  facet normal 0.167756 0.0449449 0.984803
    outer loop
      vertex -5.13569 -1.47263 4.36444
      vertex -4.25006 -1.05966 4.19473
      vertex -5.18395 -1.2925 4.36444
    endloop
  endfacet
  facet normal 0.0988503 0.0340342 0.99452
    outer loop
      vertex -2.29319 -0.834652 3.95655
      vertex -2.32092 -0.754112 3.95655
      vertex -3.20655 -1.16709 4.05871
    endloop
  endfacet
  facet normal 0.138699 0.10452 0.984804
    outer loop
      vertex -4.21007 -3.28926 4.36444
      vertex -3.54363 -2.5746 4.19473
      vertex -4.3223 -3.14033 4.36444
    endloop
  endfacet
  facet normal 0.188462 0.0878753 0.978141
    outer loop
      vertex -5.66117 -2.76114 4.56764
      vertex -4.88075 -2.17305 4.36444
      vertex -5.75408 -2.56188 4.56764
    endloop
  endfacet
  facet normal 0.233695 -0.0626145 0.970292
    outer loop
      vertex -6.17483 1.55886 4.58515
      vertex -6.05463 1.73614 4.56764
      vertex -6.16398 1.76749 4.596
    endloop
  endfacet
  facet normal 0.233699 -0.0626177 0.970291
    outer loop
      vertex -6.05463 1.73614 4.56764
      vertex -6.17483 1.55886 4.58515
      vertex -6.11153 1.52378 4.56764
    endloop
  endfacet
  facet normal 0.231349 -0.0707339 0.970296
    outer loop
      vertex -6.15295 1.9549 4.60703
      vertex -6.05463 1.73614 4.56764
      vertex -5.99035 1.94638 4.56764
    endloop
  endfacet
  facet normal 0.23137 -0.0707237 0.970292
    outer loop
      vertex -6.05463 1.73614 4.56764
      vertex -6.15295 1.9549 4.60703
      vertex -6.16398 1.76749 4.596
    endloop
  endfacet
  facet normal 0.173645 0.0030267 0.984804
    outer loop
      vertex -5.3394 -0.186456 4.36444
      vertex -4.3775 -0.152865 4.19473
      vertex -5.34265 0 4.36444
    endloop
  endfacet
  facet normal 0.173434 0.00908946 0.984804
    outer loop
      vertex -5.32964 -0.372684 4.36444
      vertex -4.3775 -0.152865 4.19473
      vertex -5.3394 -0.186456 4.36444
    endloop
  endfacet
  facet normal 0.23366 -0.0626904 0.970295
    outer loop
      vertex -6.11153 1.52378 4.56764
      vertex -6.17483 1.55886 4.58515
      vertex -6.17583 1.53981 4.58416
    endloop
  endfacet
  facet normal 0.207911 0.00362193 0.978141
    outer loop
      vertex -6.21036 -0.200327 4.54962
      vertex -5.34265 0 4.36444
      vertex -6.21098 0 4.54901
    endloop
  endfacet
  facet normal 0.207911 0.00362396 0.978141
    outer loop
      vertex -6.21036 -0.200327 4.54962
      vertex -5.3394 -0.186456 4.36444
      vertex -5.34265 0 4.36444
    endloop
  endfacet
  facet normal 0.207911 0.00358519 0.978141
    outer loop
      vertex -5.3394 -0.186456 4.36444
      vertex -6.21036 -0.200327 4.54962
      vertex -6.21031 -0.216868 4.54967
    endloop
  endfacet
  facet normal 0.20639 0.025343 0.978141
    outer loop
      vertex -6.20046 -0.863902 4.55953
      vertex -5.31338 -0.558458 4.36444
      vertex -6.20499 -0.65217 4.555
    endloop
  endfacet
  facet normal 0.206393 0.0253343 0.978141
    outer loop
      vertex -6.20046 -0.863902 4.55953
      vertex -5.29066 -0.743553 4.36444
      vertex -5.31338 -0.558458 4.36444
    endloop
  endfacet
  facet normal 0.206398 0.0252972 0.978141
    outer loop
      vertex -5.29066 -0.743553 4.36444
      vertex -6.20046 -0.863902 4.55953
      vertex -6.2003 -0.871394 4.55969
    endloop
  endfacet
  facet normal 0.0931522 -0.0474582 0.99452
    outer loop
      vertex -2.19338 1.06978 3.95655
      vertex -3.01292 1.602 4.05871
      vertex -3.06699 1.49587 4.05871
    endloop
  endfacet
  facet normal 0.124026 -0.0631873 0.990265
    outer loop
      vertex -3.06699 1.49587 4.05871
      vertex -3.01292 1.602 4.05871
      vertex -3.93687 1.92014 4.19473
    endloop
  endfacet
  facet normal 0.0475863 -0.051026 0.997563
    outer loop
      vertex -1.01796 1.05412 3.88837
      vertex -0.980548 1.08901 3.88837
      vertex -1.63292 1.81354 3.95655
    endloop
  endfacet
  facet normal 0.0599689 -0.0856347 0.99452
    outer loop
      vertex -1.36463 2.02315 3.95655
      vertex -1.90816 2.82896 4.05871
      vertex -2.00572 2.76064 4.05871
    endloop
  endfacet
  facet normal 0.0798454 -0.114018 0.990265
    outer loop
      vertex -2.00572 2.76064 4.05871
      vertex -1.90816 2.82896 4.05871
      vertex -2.44936 3.63132 4.19473
    endloop
  endfacet
  facet normal 0.0538433 -0.089613 0.99452
    outer loop
      vertex -1.29319 2.06954 3.95655
      vertex -1.70617 2.95517 4.05871
      vertex -1.80826 2.89383 4.05871
    endloop
  endfacet
  facet normal 0.0538457 -0.0896119 0.99452
    outer loop
      vertex -1.29319 2.06954 3.95655
      vertex -1.22018 2.11341 3.95655
      vertex -1.70617 2.95517 4.05871
    endloop
  endfacet
  facet normal 0.0396696 -0.20412 0.978142
    outer loop
      vertex -1.1108 5.2259 4.36444
      vertex -1.10112 5.78025 4.47973
      vertex -1.22773 5.77601 4.48398
    endloop
  endfacet
  facet normal 0.046782 -0.202608 0.978142
    outer loop
      vertex -1.1108 5.2259 4.36444
      vertex -1.22773 5.77601 4.48398
      vertex -1.36478 5.77058 4.48941
    endloop
  endfacet
  facet normal 0.00362769 -0.207907 0.978142
    outer loop
      vertex 0 5.34265 4.36444
      vertex 0 5.79863 4.46136
      vertex -0.105195 5.7983 4.46168
    endloop
  endfacet
  facet normal 0.00908946 -0.173434 0.984804
    outer loop
      vertex -0.152865 4.3775 4.19473
      vertex -0.186456 5.3394 4.36444
      vertex -0.372684 5.32964 4.36444
    endloop
  endfacet
  facet normal -0.00242177 -0.139174 0.990265
    outer loop
      vertex 0.152865 4.3775 4.19473
      vertex 0 4.38016 4.19473
      vertex 0 3.41234 4.05871
    endloop
  endfacet
  facet normal 0.00242177 -0.139174 0.990265
    outer loop
      vertex 0 3.41234 4.05871
      vertex 0 4.38016 4.19473
      vertex -0.152865 4.3775 4.19473
    endloop
  endfacet
  facet normal -0.0181252 -0.207151 0.978141
    outer loop
      vertex 0.372684 5.32964 4.36444
      vertex 0.49936 5.79471 4.46528
      vertex 0.405306 5.79614 4.46384
    endloop
  endfacet
  facet normal -0.0181309 -0.207149 0.978141
    outer loop
      vertex 0.49936 5.79471 4.46528
      vertex 0.372684 5.32964 4.36444
      vertex 0.558458 5.31338 4.36444
    endloop
  endfacet
  facet normal -0.0396662 -0.204123 0.978141
    outer loop
      vertex 0.927741 5.26148 4.36444
      vertex 1.10112 5.78025 4.47973
      vertex 1.0197 5.78299 4.477
    endloop
  endfacet
  facet normal -0.0396735 -0.20412 0.978142
    outer loop
      vertex 1.10112 5.78025 4.47973
      vertex 0.927741 5.26148 4.36444
      vertex 1.1108 5.2259 4.36444
    endloop
  endfacet
  facet normal -0.0325215 -0.205382 0.978141
    outer loop
      vertex 0.933451 5.78536 4.47463
      vertex 0.927741 5.26148 4.36444
      vertex 1.0197 5.78299 4.477
    endloop
  endfacet
  facet normal -0.0325377 -0.205382 0.978141
    outer loop
      vertex 0.927741 5.26148 4.36444
      vertex 0.933451 5.78536 4.47463
      vertex 0.743553 5.29066 4.36444
    endloop
  endfacet
  facet normal -0.180858 -0.207997 0.961264
    outer loop
      vertex 4.89269 5.43389 4.82274
      vertex 4.87365 5.43806 4.82006
      vertex 4.84914 5.38552 4.80408
    endloop
  endfacet
  facet normal -0.16502 -0.17695 0.970287
    outer loop
      vertex 4.37539 4.53085 4.56764
      vertex 5.03414 5.21301 4.80408
      vertex 4.21461 4.68079 4.56764
    endloop
  endfacet
  facet normal -0.180911 -0.207971 0.961259
    outer loop
      vertex 4.84999 5.44325 4.81673
      vertex 4.84914 5.38552 4.80408
      vertex 4.87365 5.43806 4.82006
    endloop
  endfacet
  facet normal -0.180801 -0.207977 0.961279
    outer loop
      vertex 4.84914 5.38552 4.80408
      vertex 4.84999 5.44325 4.81673
      vertex 4.76817 5.45591 4.80408
    endloop
  endfacet
  facet normal -0.158743 -0.182603 0.970287
    outer loop
      vertex 4.61994 5.47632 4.78367
      vertex 4.84914 5.38552 4.80408
      vertex 4.76817 5.45591 4.80408
    endloop
  endfacet
  facet normal -0.158744 -0.182605 0.970287
    outer loop
      vertex 4.84914 5.38552 4.80408
      vertex 4.61994 5.47632 4.78367
      vertex 4.21461 4.68079 4.56764
    endloop
  endfacet
  facet normal 0.139004 -0.00728068 0.990265
    outer loop
      vertex -3.41026 0.119088 4.05871
      vertex -3.40403 0.238032 4.05871
      vertex -4.3775 0.152865 4.19473
    endloop
  endfacet
  facet normal 0.104402 0.00546834 0.99452
    outer loop
      vertex -3.40403 -0.238032 4.05871
      vertex -2.43442 -0.170231 3.95655
      vertex -3.41026 -0.119088 4.05871
    endloop
  endfacet
  facet normal 0.139173 0.00243081 0.990265
    outer loop
      vertex -3.41026 -0.119088 4.05871
      vertex -3.41234 0 4.05871
      vertex -4.3775 -0.152865 4.19473
    endloop
  endfacet
  facet normal 0.104529 -0.00182571 0.99452
    outer loop
      vertex -2.43887 0.0851669 3.95655
      vertex -3.41026 0.119088 4.05871
      vertex -3.41234 0 4.05871
    endloop
  endfacet
  facet normal 0.0156875 -0.0679856 0.997563
    outer loop
      vertex -0.354513 1.42188 3.88837
      vertex -0.304675 1.43338 3.88837
      vertex -0.590376 2.36787 3.95655
    endloop
  endfacet
  facet normal -0.0109106 -0.0689129 0.997563
    outer loop
      vertex 0.423763 2.40329 3.95655
      vertex 0.339632 2.41661 3.95655
      vertex 0.254465 1.44314 3.88837
    endloop
  endfacet
  facet normal -0.010926 -0.0689115 0.997563
    outer loop
      vertex 0.254465 1.44314 3.88837
      vertex 0.339632 2.41661 3.95655
      vertex 0.203945 1.45115 3.88837
    endloop
  endfacet
  facet normal -0.00911088 -0.104147 0.99452
    outer loop
      vertex 0.356687 3.39365 4.05871
      vertex 0.238032 3.40403 4.05871
      vertex 0.170231 2.43442 3.95655
    endloop
  endfacet
  facet normal -0.00546834 -0.104402 0.99452
    outer loop
      vertex 0.170231 2.43442 3.95655
      vertex 0.238032 3.40403 4.05871
      vertex 0.119088 3.41026 4.05871
    endloop
  endfacet
  facet normal 0.0190102 -0.0292756 0.999391
    outer loop
      vertex -0.273259 0.405123 3.85426
      vertex -0.258954 0.414412 3.85426
      vertex -0.819445 1.21488 3.88837
    endloop
  endfacet
  facet normal 0.00785069 -0.0340121 0.999391
    outer loop
      vertex -0.118218 0.474152 3.85426
      vertex -0.101599 0.477988 3.85426
      vertex -0.304675 1.43338 3.88837
    endloop
  endfacet
  facet normal -0.00608375 -0.0695061 0.997563
    outer loop
      vertex 0.153176 1.45738 3.88837
      vertex 0.255087 2.42699 3.95655
      vertex 0.102221 1.46184 3.88837
    endloop
  endfacet
  facet normal -0.00849814 -0.0692524 0.997563
    outer loop
      vertex 0.203945 1.45115 3.88837
      vertex 0.255087 2.42699 3.95655
      vertex 0.153176 1.45738 3.88837
    endloop
  endfacet
  facet normal -0.0342649 -0.00666143 0.999391
    outer loop
      vertex 0.481243 0.084856 3.85426
      vertex 1.43338 0.304675 3.88837
      vertex 0.477988 0.101599 3.85426
    endloop
  endfacet
  facet normal -0.0340121 -0.00785069 0.999391
    outer loop
      vertex 0.477988 0.101599 3.85426
      vertex 1.43338 0.304675 3.88837
      vertex 0.474152 0.118218 3.85426
    endloop
  endfacet
  facet normal -0.0246826 -0.0246826 0.999391
    outer loop
      vertex 1.01796 1.05412 3.88837
      vertex 0.351518 0.339457 3.85426
      vertex 1.05412 1.01796 3.88837
    endloop
  endfacet
  facet normal -0.0246826 -0.0246826 0.999391
    outer loop
      vertex 0.351518 0.339457 3.85426
      vertex 1.01796 1.05412 3.88837
      vertex 0.339457 0.351518 3.85426
    endloop
  endfacet
  facet normal 0.021006 -0.0278783 0.999391
    outer loop
      vertex -0.287231 0.39534 3.85426
      vertex -0.861344 1.18554 3.88837
      vertex -0.902194 1.15476 3.88837
    endloop
  endfacet
  facet normal -0.0272606 -0.0642262 0.997563
    outer loop
      vertex 0.992583 2.22938 3.95655
      vertex 0.914175 2.26266 3.95655
      vertex 0.596034 1.33872 3.88837
    endloop
  endfacet
  facet normal -0.0294886 -0.0632342 0.997563
    outer loop
      vertex 1.06978 2.19338 3.95655
      vertex 0.992583 2.22938 3.95655
      vertex 0.596034 1.33872 3.88837
    endloop
  endfacet
  facet normal -0.0263454 -0.022899 0.999391
    outer loop
      vertex 0.37434 0.314109 3.85426
      vertex 1.12257 0.941945 3.88837
      vertex 0.363151 0.326982 3.85426
    endloop
  endfacet
  facet normal 0.0340126 0.00784833 0.999391
    outer loop
      vertex -1.42188 -0.354513 3.88837
      vertex -0.474152 -0.118218 3.85426
      vertex -1.43338 -0.304675 3.88837
    endloop
  endfacet
  facet normal -0.0346464 -0.00425155 0.999391
    outer loop
      vertex 1.45738 0.153176 3.88837
      vertex 1.45115 0.203945 3.88837
      vertex 0.483912 0.0680084 3.85426
    endloop
  endfacet
  facet normal -0.0338281 -0.0610228 0.997563
    outer loop
      vertex 0.732703 1.26908 3.88837
      vertex 1.14568 2.15471 3.95655
      vertex 0.687966 1.29388 3.88837
    endloop
  endfacet
  facet normal 0.000609869 0.0349009 0.999391
    outer loop
      vertex 0 -1.46541 3.88837
      vertex 0 -0.488667 3.85426
      vertex -0.0170536 -0.488369 3.85426
    endloop
  endfacet
  facet normal -0.087596 -0.108177 0.990265
    outer loop
      vertex 2.19341 2.61401 4.05871
      vertex 2.81552 3.3554 4.19473
      vertex 2.10085 2.68896 4.05871
    endloop
  endfacet
  facet normal -0.0657898 -0.0812475 0.99452
    outer loop
      vertex 2.19341 2.61401 4.05871
      vertex 2.10085 2.68896 4.05871
      vertex 1.56863 1.86942 3.95655
    endloop
  endfacet
  facet normal -0.0238059 0.025529 0.999391
    outer loop
      vertex 0.980548 -1.08901 3.88837
      vertex 0.339457 -0.351518 3.85426
      vertex 0.326982 -0.363151 3.85426
    endloop
  endfacet
  facet normal -0.0457715 -0.0526601 0.997563
    outer loop
      vertex 1.63292 1.81354 3.95655
      vertex 1.56863 1.86942 3.95655
      vertex 0.980548 1.08901 3.88837
    endloop
  endfacet
  facet normal -0.105051 -0.0913206 0.990265
    outer loop
      vertex 3.3554 2.81552 4.19473
      vertex 3.2551 2.9309 4.19473
      vertex 2.53586 2.2833 4.05871
    endloop
  endfacet
  facet normal -0.051026 -0.0475863 0.997563
    outer loop
      vertex 1.08901 0.980548 3.88837
      vertex 1.81354 1.63292 3.95655
      vertex 1.05412 1.01796 3.88837
    endloop
  endfacet
  facet normal -0.111169 -0.0837654 0.990265
    outer loop
      vertex 2.76064 2.00572 4.05871
      vertex 3.45162 2.6967 4.19473
      vertex 2.68896 2.10085 4.05871
    endloop
  endfacet
  facet normal -0.114023 -0.079836 0.990265
    outer loop
      vertex 3.63132 2.44936 4.19473
      vertex 3.54363 2.5746 4.19473
      vertex 2.76064 2.00572 4.05871
    endloop
  endfacet
  facet normal -0.114018 -0.0798454 0.990265
    outer loop
      vertex 2.82896 1.90816 4.05871
      vertex 3.63132 2.44936 4.19473
      vertex 2.76064 2.00572 4.05871
    endloop
  endfacet
  facet normal -0.198855 -0.0608026 0.978141
    outer loop
      vertex 5.13569 1.47263 4.36444
      vertex 5.99035 1.94638 4.56764
      vertex 5.08116 1.65097 4.36444
    endloop
  endfacet
  facet normal -0.16608 -0.0507815 0.984804
    outer loop
      vertex 5.13569 1.47263 4.36444
      vertex 5.08116 1.65097 4.36444
      vertex 4.21048 1.20734 4.19473
    endloop
  endfacet
  facet normal -0.131611 -0.0453196 0.990265
    outer loop
      vertex 3.24533 1.05447 4.05871
      vertex 4.16578 1.35355 4.19473
      vertex 3.20655 1.16709 4.05871
    endloop
  endfacet
  facet normal -0.133115 -0.0406933 0.990265
    outer loop
      vertex 3.28015 0.940568 4.05871
      vertex 4.16578 1.35355 4.19473
      vertex 3.24533 1.05447 4.05871
    endloop
  endfacet
  facet normal -0.131612 -0.0453154 0.990265
    outer loop
      vertex 4.16578 1.35355 4.19473
      vertex 4.11601 1.4981 4.19473
      vertex 3.20655 1.16709 4.05871
    endloop
  endfacet
  facet normal -0.129951 -0.0498808 0.990265
    outer loop
      vertex 4.11601 1.4981 4.19473
      vertex 4.06122 1.64084 4.19473
      vertex 3.20655 1.16709 4.05871
    endloop
  endfacet
  facet normal -0.11674 -0.0758088 0.990265
    outer loop
      vertex 3.71459 2.32113 4.19473
      vertex 3.63132 2.44936 4.19473
      vertex 2.89383 1.80826 4.05871
    endloop
  endfacet
  facet normal -0.145654 -0.094585 0.984804
    outer loop
      vertex 3.71459 2.32113 4.19473
      vertex 4.53083 2.83117 4.36444
      vertex 3.63132 2.44936 4.19473
    endloop
  endfacet
  facet normal -0.151894 -0.0842048 0.984803
    outer loop
      vertex 3.86746 2.05636 4.19473
      vertex 4.71728 2.50822 4.36444
      vertex 3.79333 2.19008 4.19473
    endloop
  endfacet
  facet normal -0.154742 -0.0788478 0.984804
    outer loop
      vertex 3.93687 1.92014 4.19473
      vertex 4.71728 2.50822 4.36444
      vertex 3.86746 2.05636 4.19473
    endloop
  endfacet
  facet normal -0.0278783 -0.021006 0.999391
    outer loop
      vertex 1.18554 0.861344 3.88837
      vertex 1.15476 0.902194 3.88837
      vertex 0.39534 0.287231 3.85426
    endloop
  endfacet
  facet normal -0.055724 -0.0419874 0.997563
    outer loop
      vertex 1.18554 0.861344 3.88837
      vertex 1.92303 1.50244 3.95655
      vertex 1.15476 0.902194 3.88837
    endloop
  endfacet
  facet normal -0.0695058 -0.00608593 0.997563
    outer loop
      vertex 2.43442 0.170231 3.95655
      vertex 2.42699 0.255087 3.95655
      vertex 1.46184 0.102221 3.88837
    endloop
  endfacet
  facet normal -0.0696767 -0.00364212 0.997563
    outer loop
      vertex 1.46451 0.0511417 3.88837
      vertex 2.43442 0.170231 3.95655
      vertex 1.46184 0.102221 3.88837
    endloop
  endfacet
  facet normal -0.034901 -0.000614193 0.999391
    outer loop
      vertex 1.46541 0 3.88837
      vertex 1.46451 0.0511417 3.88837
      vertex 0.488369 0.0170536 3.85426
    endloop
  endfacet
  facet normal -0.0349009 -0.000609869 0.999391
    outer loop
      vertex 0.488667 0 3.85426
      vertex 1.46541 0 3.88837
      vertex 0.488369 0.0170536 3.85426
    endloop
  endfacet
  facet normal 0.00666143 0.0342649 0.999391
    outer loop
      vertex -0.084856 -0.481243 3.85426
      vertex -0.101599 -0.477988 3.85426
      vertex -0.304675 -1.43338 3.88837
    endloop
  endfacet
  facet normal -0.0113645 0.0330047 0.999391
    outer loop
      vertex 0.452835 -1.39368 3.88837
      vertex 0.167133 -0.459197 3.85426
      vertex 0.151006 -0.46475 3.85426
    endloop
  endfacet
  facet normal -0.0136385 0.0321315 0.999391
    outer loop
      vertex 0.596034 -1.33872 3.88837
      vertex 0.198758 -0.44642 3.85426
      vertex 0.183058 -0.453084 3.85426
    endloop
  endfacet
  facet normal 0.0340126 -0.00784833 0.999391
    outer loop
      vertex -0.474152 0.118218 3.85426
      vertex -1.42188 0.354513 3.88837
      vertex -1.43338 0.304675 3.88837
    endloop
  endfacet
  facet normal -0.0475863 -0.051026 0.997563
    outer loop
      vertex 1.01796 1.05412 3.88837
      vertex 1.63292 1.81354 3.95655
      vertex 0.980548 1.08901 3.88837
    endloop
  endfacet
  facet normal -0.0330047 -0.0113645 0.999391
    outer loop
      vertex 0.46475 0.151006 3.85426
      vertex 1.39368 0.452835 3.88837
      vertex 0.459197 0.167133 3.85426
    endloop
  endfacet
  facet normal 0.0272606 0.0642262 0.997563
    outer loop
      vertex -0.914175 -2.26266 3.95655
      vertex -0.596034 -1.33872 3.88837
      vertex -0.992583 -2.22938 3.95655
    endloop
  endfacet
  facet normal -0.0642262 -0.0272606 0.997563
    outer loop
      vertex 2.26266 0.914175 3.95655
      vertex 2.22938 0.992583 3.95655
      vertex 1.33872 0.596034 3.88837
    endloop
  endfacet
  facet normal -0.0632342 -0.0294886 0.997563
    outer loop
      vertex 2.22938 0.992583 3.95655
      vertex 2.19338 1.06978 3.95655
      vertex 1.33872 0.596034 3.88837
    endloop
  endfacet
  facet normal -0.0642281 -0.0272551 0.997563
    outer loop
      vertex 1.3587 0.54895 3.88837
      vertex 2.26266 0.914175 3.95655
      vertex 1.33872 0.596034 3.88837
    endloop
  endfacet
  facet normal -0.0651377 -0.0250036 0.997563
    outer loop
      vertex 1.37703 0.501198 3.88837
      vertex 2.26266 0.914175 3.95655
      vertex 1.3587 0.54895 3.88837
    endloop
  endfacet
  facet normal -0.0610228 -0.0338281 0.997563
    outer loop
      vertex 1.29388 0.687966 3.88837
      vertex 2.15471 1.14568 3.95655
      vertex 1.26908 0.732703 3.88837
    endloop
  endfacet
  facet normal -0.0621681 -0.031674 0.997563
    outer loop
      vertex 1.3171 0.642391 3.88837
      vertex 2.15471 1.14568 3.95655
      vertex 1.29388 0.687966 3.88837
    endloop
  endfacet
  facet normal -0.00425155 -0.0346464 0.999391
    outer loop
      vertex 0.203945 1.45115 3.88837
      vertex 0.153176 1.45738 3.88837
      vertex 0.0680084 0.483912 3.85426
    endloop
  endfacet
  facet normal 0.0632331 0.0294907 0.997563
    outer loop
      vertex -1.3171 -0.642391 3.88837
      vertex -1.33872 -0.596034 3.88837
      vertex -2.19338 -1.06978 3.95655
    endloop
  endfacet
  facet normal 0.0610226 -0.0338286 0.997563
    outer loop
      vertex -1.26908 0.732703 3.88837
      vertex -2.11341 1.22018 3.95655
      vertex -2.15471 1.14568 3.95655
    endloop
  endfacet
  facet normal -0.0667209 -0.0204057 0.997563
    outer loop
      vertex 1.40864 0.40392 3.88837
      vertex 2.34583 0.672654 3.95655
      vertex 1.39368 0.452835 3.88837
    endloop
  endfacet
  facet normal -0.0673935 -0.01806 0.997563
    outer loop
      vertex 1.42188 0.354513 3.88837
      vertex 2.34583 0.672654 3.95655
      vertex 1.40864 0.40392 3.88837
    endloop
  endfacet
  facet normal -0.0876806 0.0569359 0.99452
    outer loop
      vertex 2.89383 -1.80826 4.05871
      vertex 2.06954 -1.29319 3.95655
      vertex 2.02315 -1.36463 3.95655
    endloop
  endfacet
  facet normal -0.0278783 0.021006 0.999391
    outer loop
      vertex 1.15476 -0.902194 3.88837
      vertex 1.18554 -0.861344 3.88837
      vertex 0.39534 -0.287231 3.85426
    endloop
  endfacet
  facet normal 0.00182212 0.0348587 0.999391
    outer loop
      vertex -0.0511417 -1.46451 3.88837
      vertex -0.0340872 -0.487476 3.85426
      vertex -0.102221 -1.46184 3.88837
    endloop
  endfacet
  facet normal -0.0113628 0.0330053 0.999391
    outer loop
      vertex 0.452835 -1.39368 3.88837
      vertex 0.501198 -1.37703 3.88837
      vertex 0.167133 -0.459197 3.85426
    endloop
  endfacet
  facet normal -0.200858 -0.0538135 0.978141
    outer loop
      vertex 5.18395 1.2925 4.36444
      vertex 6.11153 1.52378 4.56764
      vertex 5.13569 1.47263 4.36444
    endloop
  endfacet
  facet normal -0.200858 -0.0538182 0.978141
    outer loop
      vertex 6.11153 1.52378 4.56764
      vertex 6.05463 1.73614 4.56764
      vertex 5.13569 1.47263 4.36444
    endloop
  endfacet
  facet normal -0.173434 0.00908946 0.984804
    outer loop
      vertex 5.32964 -0.372684 4.36444
      vertex 5.3394 -0.186456 4.36444
      vertex 4.3775 -0.152865 4.19473
    endloop
  endfacet
  facet normal -0.207911 0.00362193 0.978141
    outer loop
      vertex 6.21036 -0.200327 4.54962
      vertex 6.21098 0 4.54901
      vertex 5.34265 0 4.36444
    endloop
  endfacet
  facet normal -0.173431 -0.00909868 0.984804
    outer loop
      vertex 4.3775 0.152865 4.19473
      vertex 5.32964 0.372684 4.36444
      vertex 4.36949 0.305545 4.19473
    endloop
  endfacet
  facet normal -0.171533 0.0271715 0.984804
    outer loop
      vertex 5.29066 -0.743553 4.36444
      vertex 4.33754 -0.609601 4.19473
      vertex 4.31362 -0.760607 4.19473
    endloop
  endfacet
  facet normal -0.204734 0.0362079 0.978148
    outer loop
      vertex 5.26148 -0.927741 4.36444
      vertex 6.19417 -1.0939 4.56581
      vertex 6.19423 -1.09221 4.56576
    endloop
  endfacet
  facet normal -0.204116 0.0396726 0.978143
    outer loop
      vertex 6.19417 -1.0939 4.56581
      vertex 5.26148 -0.927741 4.36444
      vertex 5.2259 -1.1108 4.36444
    endloop
  endfacet
  facet normal -0.137481 -0.0217721 0.990265
    outer loop
      vertex 3.37913 0.474906 4.05871
      vertex 4.33754 0.609601 4.19473
      vertex 3.3605 0.592546 4.05871
    endloop
  endfacet
  facet normal -0.170482 -0.0331354 0.984804
    outer loop
      vertex 4.31362 0.760607 4.19473
      vertex 5.26148 0.927741 4.36444
      vertex 4.28445 0.910687 4.19473
    endloop
  endfacet
  facet normal -0.207674 -0.0105499 0.978141
    outer loop
      vertex 5.32964 0.372684 4.36444
      vertex 6.20846 0.419319 4.55153
      vertex 6.20832 0.434128 4.55166
    endloop
  endfacet
  facet normal -0.207657 -0.0108831 0.978141
    outer loop
      vertex 6.20846 0.419319 4.55153
      vertex 5.32964 0.372684 4.36444
      vertex 5.3394 0.186456 4.36444
    endloop
  endfacet
  facet normal -0.139005 -0.00729256 0.990265
    outer loop
      vertex 4.3775 0.152865 4.19473
      vertex 4.36949 0.305545 4.19473
      vertex 3.40403 0.238032 4.05871
    endloop
  endfacet
  facet normal -0.0235146 -0.101866 0.99452
    outer loop
      vertex 0.82552 3.31098 4.05871
      vertex 0.709465 3.33777 4.05871
      vertex 0.590376 2.36787 3.95655
    endloop
  endfacet
  facet normal -0.0313082 -0.135628 0.990265
    outer loop
      vertex 0.82552 3.31098 4.05871
      vertex 1.05966 4.25006 4.19473
      vertex 0.709465 3.33777 4.05871
    endloop
  endfacet
  facet normal -0.134969 -0.109294 0.984804
    outer loop
      vertex 4.21007 3.28926 4.36444
      vertex 4.09271 3.43419 4.36444
      vertex 3.3554 2.81552 4.19473
    endloop
  endfacet
  facet normal -0.214229 -0.173453 0.96126
    outer loop
      vertex 5.79157 4.76016 4.87598
      vertex 5.75202 4.82652 4.87914
      vertex 5.55147 4.65824 4.80408
    endloop
  endfacet
  facet normal -0.173644 0.00302158 0.984804
    outer loop
      vertex 5.34265 0 4.36444
      vertex 4.38016 0 4.19473
      vertex 4.3775 -0.152865 4.19473
    endloop
  endfacet
  facet normal -0.173644 -0.00302158 0.984804
    outer loop
      vertex 4.38016 0 4.19473
      vertex 5.34265 0 4.36444
      vertex 4.3775 0.152865 4.19473
    endloop
  endfacet
  facet normal -0.16608 0.0507815 0.984804
    outer loop
      vertex 5.08116 -1.65097 4.36444
      vertex 5.13569 -1.47263 4.36444
      vertex 4.21048 -1.20734 4.19473
    endloop
  endfacet
  facet normal -0.198855 0.0608026 0.978141
    outer loop
      vertex 5.99035 -1.94638 4.56764
      vertex 5.13569 -1.47263 4.36444
      vertex 5.08116 -1.65097 4.36444
    endloop
  endfacet
  facet normal -0.220112 0.165974 0.961251
    outer loop
      vertex 5.71066 -4.46166 4.80408
      vertex 5.87137 -4.58224 4.8617
      vertex 5.88447 -4.52838 4.8554
    endloop
  endfacet
  facet normal -0.220951 0.164855 0.961251
    outer loop
      vertex 5.87137 -4.58224 4.8617
      vertex 5.71066 -4.46166 4.80408
      vertex 5.87004 -4.58618 4.86207
    endloop
  endfacet
  facet normal -0.207408 0.124582 0.970289
    outer loop
      vertex 5.99904 -3.74862 4.76094
      vertex 6.02055 -3.54536 4.73944
      vertex 5.34154 -3.33776 4.56764
    endloop
  endfacet
  facet normal -0.044959 0.16775 0.984804
    outer loop
      vertex 1.47263 -5.13569 4.36444
      vertex 1.20734 -4.21048 4.19473
      vertex 1.05966 -4.25006 4.19473
    endloop
  endfacet
  facet normal 0.00425261 0.0346463 0.999391
    outer loop
      vertex -0.0510788 -0.48599 3.85426
      vertex -0.0680084 -0.483912 3.85426
      vertex -0.153176 -1.45738 3.88837
    endloop
  endfacet
  facet normal -0.0156875 0.0679856 0.997563
    outer loop
      vertex 0.590376 -2.36787 3.95655
      vertex 0.354513 -1.42188 3.88837
      vertex 0.304675 -1.43338 3.88837
    endloop
  endfacet
  facet normal -0.0180535 0.0673957 0.997563
    outer loop
      vertex 0.590376 -2.36787 3.95655
      vertex 0.672654 -2.34583 3.95655
      vertex 0.354513 -1.42188 3.88837
    endloop
  endfacet
  facet normal -0.0199559 0.102623 0.99452
    outer loop
      vertex 0.592546 -3.3605 4.05871
      vertex 0.50738 -2.38703 3.95655
      vertex 0.423763 -2.40329 3.95655
    endloop
  endfacet
  facet normal -0.00850242 0.0692521 0.997563
    outer loop
      vertex 0.255087 -2.42699 3.95655
      vertex 0.339632 -2.41661 3.95655
      vertex 0.203945 -1.45115 3.88837
    endloop
  endfacet
  facet normal 0.00911088 0.104147 0.99452
    outer loop
      vertex -0.238032 -3.40403 4.05871
      vertex -0.170231 -2.43442 3.95655
      vertex -0.356687 -3.39365 4.05871
    endloop
  endfacet
  facet normal 0.0127398 0.103765 0.99452
    outer loop
      vertex -0.255087 -2.42699 3.95655
      vertex -0.339632 -2.41661 3.95655
      vertex -0.356687 -3.39365 4.05871
    endloop
  endfacet
  facet normal -0.0271751 0.171533 0.984804
    outer loop
      vertex 0.927741 -5.26148 4.36444
      vertex 0.760607 -4.31362 4.19473
      vertex 0.743553 -5.29066 4.36444
    endloop
  endfacet
  facet normal -0.0271715 0.171533 0.984804
    outer loop
      vertex 0.743553 -5.29066 4.36444
      vertex 0.760607 -4.31362 4.19473
      vertex 0.609601 -4.33754 4.19473
    endloop
  endfacet
  facet normal 0.0538111 0.200849 0.978143
    outer loop
      vertex -1.50559 -5.76459 4.49539
      vertex -1.2925 -5.18395 4.36444
      vertex -1.47263 -5.13569 4.36444
    endloop
  endfacet
  facet normal 0.053758 0.200869 0.978142
    outer loop
      vertex -1.2925 -5.18395 4.36444
      vertex -1.50559 -5.76459 4.49539
      vertex -1.43804 -5.76767 4.49231
    endloop
  endfacet
  facet normal 0.00243081 0.139173 0.990265
    outer loop
      vertex 0 -3.41234 4.05871
      vertex -0.119088 -3.41026 4.05871
      vertex -0.152865 -4.3775 4.19473
    endloop
  endfacet
  facet normal 0.0449449 0.167756 0.984803
    outer loop
      vertex -1.2925 -5.18395 4.36444
      vertex -1.05966 -4.25006 4.19473
      vertex -1.47263 -5.13569 4.36444
    endloop
  endfacet
  facet normal 0.0453196 0.131611 0.990265
    outer loop
      vertex -1.05447 -3.24533 4.05871
      vertex -1.16709 -3.20655 4.05871
      vertex -1.35355 -4.16578 4.19473
    endloop
  endfacet
  facet normal 0.0406933 0.133115 0.990265
    outer loop
      vertex -0.940568 -3.28015 4.05871
      vertex -1.05447 -3.24533 4.05871
      vertex -1.35355 -4.16578 4.19473
    endloop
  endfacet
  facet normal -0.00546834 0.104402 0.99452
    outer loop
      vertex 0.238032 -3.40403 4.05871
      vertex 0.170231 -2.43442 3.95655
      vertex 0.119088 -3.41026 4.05871
    endloop
  endfacet
  facet normal -0.0169614 0.138158 0.990265
    outer loop
      vertex 0.457851 -4.35617 4.19473
      vertex 0.609601 -4.33754 4.19473
      vertex 0.356687 -3.39365 4.05871
    endloop
  endfacet
  facet normal 0.00302158 0.173644 0.984804
    outer loop
      vertex 0 -5.34265 4.36444
      vertex 0 -4.38016 4.19473
      vertex -0.152865 -4.3775 4.19473
    endloop
  endfacet
  facet normal 0.00546834 0.104402 0.99452
    outer loop
      vertex -0.119088 -3.41026 4.05871
      vertex -0.170231 -2.43442 3.95655
      vertex -0.238032 -3.40403 4.05871
    endloop
  endfacet
  facet normal -0.133115 0.0406933 0.990265
    outer loop
      vertex 4.16578 -1.35355 4.19473
      vertex 3.28015 -0.940568 4.05871
      vertex 3.24533 -1.05447 4.05871
    endloop
  endfacet
  facet normal -0.135627 0.0313092 0.990265
    outer loop
      vertex 4.25006 -1.05966 4.19473
      vertex 4.28445 -0.910687 4.19473
      vertex 3.33777 -0.709465 4.05871
    endloop
  endfacet
  facet normal -0.0733969 0.157402 0.984803
    outer loop
      vertex 2.17305 -4.88075 4.36444
      vertex 2.34206 -4.80194 4.36444
      vertex 1.92014 -3.93687 4.19473
    endloop
  endfacet
  facet normal -0.0557239 0.0419875 0.997563
    outer loop
      vertex 1.92303 -1.50244 3.95655
      vertex 1.97429 -1.43441 3.95655
      vertex 1.18554 -0.861344 3.88837
    endloop
  endfacet
  facet normal -0.0599643 0.0856387 0.99452
    outer loop
      vertex 2.00572 -2.76064 4.05871
      vertex 1.43441 -1.97429 3.95655
      vertex 1.36463 -2.02315 3.95655
    endloop
  endfacet
  facet normal -0.0379985 0.0585171 0.997563
    outer loop
      vertex 1.29319 -2.06954 3.95655
      vertex 1.36463 -2.02315 3.95655
      vertex 0.819445 -1.21488 3.88837
    endloop
  endfacet
  facet normal -0.0642262 0.0272606 0.997563
    outer loop
      vertex 2.22938 -0.992583 3.95655
      vertex 2.26266 -0.914175 3.95655
      vertex 1.33872 -0.596034 3.88837
    endloop
  endfacet
  facet normal -0.0876808 0.0569355 0.99452
    outer loop
      vertex 2.82896 -1.90816 4.05871
      vertex 2.89383 -1.80826 4.05871
      vertex 2.02315 -1.36463 3.95655
    endloop
  endfacet
  facet normal -0.114018 0.0798454 0.990265
    outer loop
      vertex 3.63132 -2.44936 4.19473
      vertex 2.82896 -1.90816 4.05871
      vertex 2.76064 -2.00572 4.05871
    endloop
  endfacet
  facet normal -0.0856347 0.0599689 0.99452
    outer loop
      vertex 2.76064 -2.00572 4.05871
      vertex 2.82896 -1.90816 4.05871
      vertex 2.02315 -1.36463 3.95655
    endloop
  endfacet
  facet normal -0.00182749 0.0348586 0.999391
    outer loop
      vertex 0.0511417 -1.46451 3.88837
      vertex 0.0340872 -0.487476 3.85426
      vertex 0.0170536 -0.488369 3.85426
    endloop
  endfacet
  facet normal -0.00666143 0.0342649 0.999391
    outer loop
      vertex 0.304675 -1.43338 3.88837
      vertex 0.101599 -0.477988 3.85426
      vertex 0.084856 -0.481243 3.85426
    endloop
  endfacet
  facet normal -0.0585209 0.0379917 0.997563
    outer loop
      vertex 2.06954 -1.29319 3.95655
      vertex 1.24273 -0.776546 3.88837
      vertex 1.21488 -0.819445 3.88837
    endloop
  endfacet
  facet normal -0.0337167 0.00903493 0.999391
    outer loop
      vertex 1.42188 -0.354513 3.88837
      vertex 0.474152 -0.118218 3.85426
      vertex 0.469737 -0.134694 3.85426
    endloop
  endfacet
  facet normal -0.0697614 -0.00122767 0.997563
    outer loop
      vertex 1.46541 0 3.88837
      vertex 2.44036 0 3.95655
      vertex 1.46451 0.0511417 3.88837
    endloop
  endfacet
  facet normal -0.069761 -0.00122047 0.997563
    outer loop
      vertex 2.44036 0 3.95655
      vertex 2.43887 0.0851669 3.95655
      vertex 1.46451 0.0511417 3.88837
    endloop
  endfacet
  facet normal -0.0684886 0.0133182 0.997563
    outer loop
      vertex 2.38703 -0.50738 3.95655
      vertex 2.40329 -0.423763 3.95655
      vertex 1.43338 -0.304675 3.88837
    endloop
  endfacet
  facet normal -0.0667209 0.0204057 0.997563
    outer loop
      vertex 2.34583 -0.672654 3.95655
      vertex 1.40864 -0.40392 3.88837
      vertex 1.39368 -0.452835 3.88837
    endloop
  endfacet
  facet normal -0.0346463 0.00425261 0.999391
    outer loop
      vertex 1.45738 -0.153176 3.88837
      vertex 0.48599 -0.0510788 3.85426
      vertex 0.483912 -0.0680084 3.85426
    endloop
  endfacet
  facet normal -0.0347736 0.00304112 0.999391
    outer loop
      vertex 1.45738 -0.153176 3.88837
      vertex 0.487476 -0.0340872 3.85426
      vertex 0.48599 -0.0510788 3.85426
    endloop
  endfacet
  facet normal -0.0684892 0.0133132 0.997563
    outer loop
      vertex 2.40329 -0.423763 3.95655
      vertex 1.44314 -0.254465 3.88837
      vertex 1.43338 -0.304675 3.88837
    endloop
  endfacet
  facet normal -0.101866 0.0235162 0.99452
    outer loop
      vertex 3.33777 -0.709465 4.05871
      vertex 2.38703 -0.50738 3.95655
      vertex 2.36787 -0.590376 3.95655
    endloop
  endfacet
  facet normal -0.0679836 0.0156943 0.997563
    outer loop
      vertex 2.36787 -0.590376 3.95655
      vertex 2.38703 -0.50738 3.95655
      vertex 1.43338 -0.304675 3.88837
    endloop
  endfacet
  facet normal -0.170338 -0.119268 0.978141
    outer loop
      vertex 4.42926 2.98757 4.36444
      vertex 5.2218 3.52215 4.56764
      vertex 4.3223 3.14033 4.36444
    endloop
  endfacet
  facet normal -0.174394 -0.113256 0.978141
    outer loop
      vertex 4.53083 2.83117 4.36444
      vertex 5.2218 3.52215 4.56764
      vertex 4.42926 2.98757 4.36444
    endloop
  endfacet
  facet normal -0.170337 -0.119271 0.978141
    outer loop
      vertex 5.2218 3.52215 4.56764
      vertex 5.0957 3.70224 4.56764
      vertex 4.3223 3.14033 4.36444
    endloop
  endfacet
  facet normal -0.16607 -0.125144 0.978141
    outer loop
      vertex 5.0957 3.70224 4.56764
      vertex 4.96339 3.87782 4.56764
      vertex 4.3223 3.14033 4.36444
    endloop
  endfacet
  facet normal -0.225639 -0.158321 0.96126
    outer loop
      vertex 5.93491 4.28444 4.82507
      vertex 5.93157 4.30954 4.82842
      vertex 5.86289 4.25964 4.80408
    endloop
  endfacet
  facet normal -0.220072 -0.16594 0.961266
    outer loop
      vertex 5.86289 4.25964 4.80408
      vertex 5.92589 4.34999 4.8341
      vertex 5.91558 4.40039 4.84044
    endloop
  endfacet
  facet normal -0.220154 -0.165863 0.961261
    outer loop
      vertex 5.71066 4.46166 4.80408
      vertex 5.91558 4.40039 4.84044
      vertex 5.88038 4.5268 4.85419
    endloop
  endfacet
  facet normal -0.220164 -0.165902 0.961252
    outer loop
      vertex 5.86289 4.25964 4.80408
      vertex 5.91558 4.40039 4.84044
      vertex 5.71066 4.46166 4.80408
    endloop
  endfacet
  facet normal -0.220137 -0.165892 0.961259
    outer loop
      vertex 5.92589 4.34999 4.8341
      vertex 5.86289 4.25964 4.80408
      vertex 5.93157 4.30954 4.82842
    endloop
  endfacet
  facet normal -0.0808929 0.191562 0.978141
    outer loop
      vertex 2.17305 -4.88075 4.36444
      vertex 2.52741 -5.70485 4.55514
      vertex 2.53958 -5.704 4.55598
    endloop
  endfacet
  facet normal -0.0812528 0.191407 0.978142
    outer loop
      vertex 2.52741 -5.70485 4.55514
      vertex 2.17305 -4.88075 4.36444
      vertex 2.00139 -4.95362 4.36444
    endloop
  endfacet
  facet normal -0.0607189 0.198877 0.978142
    outer loop
      vertex 1.65097 -5.08116 4.36444
      vertex 1.81293 -5.74959 4.5104
      vertex 1.86724 -5.74678 4.5132
    endloop
  endfacet
  facet normal -0.0608032 0.198857 0.978141
    outer loop
      vertex 1.81293 -5.74959 4.5104
      vertex 1.65097 -5.08116 4.36444
      vertex 1.47263 -5.13569 4.36444
    endloop
  endfacet
  facet normal -0.0538116 0.200849 0.978143
    outer loop
      vertex 1.50559 -5.76459 4.49539
      vertex 1.65107 -5.75795 4.50203
      vertex 1.47263 -5.13569 4.36444
    endloop
  endfacet
  facet normal -0.0565404 0.16421 0.984804
    outer loop
      vertex 1.65097 -5.08116 4.36444
      vertex 1.82729 -5.02045 4.36444
      vertex 1.35355 -4.16578 4.19473
    endloop
  endfacet
  facet normal -0.0622356 0.162138 0.984804
    outer loop
      vertex 1.82729 -5.02045 4.36444
      vertex 1.64084 -4.06122 4.19473
      vertex 1.4981 -4.11601 4.19473
    endloop
  endfacet
  facet normal -0.0685824 0.0789042 0.99452
    outer loop
      vertex 2.19341 -2.61401 4.05871
      vertex 1.63292 -1.81354 3.95655
      vertex 1.56863 -1.86942 3.95655
    endloop
  endfacet
  facet normal -0.0789042 0.0685824 0.99452
    outer loop
      vertex 2.61401 -2.19341 4.05871
      vertex 1.86942 -1.56863 3.95655
      vertex 1.81354 -1.63292 3.95655
    endloop
  endfacet
  facet normal -0.00546177 0.0344765 0.999391
    outer loop
      vertex 0.254465 -1.44314 3.88837
      vertex 0.084856 -0.481243 3.85426
      vertex 0.0680084 -0.483912 3.85426
    endloop
  endfacet
  facet normal 0.0158475 0.0311015 0.999391
    outer loop
      vertex -0.214217 -0.439211 3.85426
      vertex -0.229415 -0.431467 3.85426
      vertex -0.687966 -1.29388 3.88837
    endloop
  endfacet
  facet normal -0.0340126 0.00784833 0.999391
    outer loop
      vertex 1.42188 -0.354513 3.88837
      vertex 1.43338 -0.304675 3.88837
      vertex 0.474152 -0.118218 3.85426
    endloop
  endfacet
  facet normal 0.00182749 -0.0348586 0.999391
    outer loop
      vertex -0.0340872 0.487476 3.85426
      vertex -0.0170536 0.488369 3.85426
      vertex -0.0511417 1.46451 3.88837
    endloop
  endfacet
  facet normal 0.0337167 0.00903493 0.999391
    outer loop
      vertex -0.469737 -0.134694 3.85426
      vertex -0.474152 -0.118218 3.85426
      vertex -1.42188 -0.354513 3.88837
    endloop
  endfacet
  facet normal 0.0689115 0.010926 0.997563
    outer loop
      vertex -1.44314 -0.254465 3.88837
      vertex -1.45115 -0.203945 3.88837
      vertex -2.41661 -0.339632 3.95655
    endloop
  endfacet
  facet normal -0.0475815 0.0510299 0.997563
    outer loop
      vertex 1.63292 -1.81354 3.95655
      vertex 1.69522 -1.75545 3.95655
      vertex 1.01796 -1.05412 3.88837
    endloop
  endfacet
  facet normal -0.0475863 0.051026 0.997563
    outer loop
      vertex 1.63292 -1.81354 3.95655
      vertex 1.01796 -1.05412 3.88837
      vertex 0.980548 -1.08901 3.88837
    endloop
  endfacet
  facet normal -0.0158462 -0.0311022 0.999391
    outer loop
      vertex 0.687966 1.29388 3.88837
      vertex 0.642391 1.3171 3.88837
      vertex 0.214217 0.439211 3.85426
    endloop
  endfacet
  facet normal -0.0330047 0.0113645 0.999391
    outer loop
      vertex 1.39368 -0.452835 3.88837
      vertex 0.46475 -0.151006 3.85426
      vertex 0.459197 -0.167133 3.85426
    endloop
  endfacet
  facet normal -0.0400193 0.0571541 0.997563
    outer loop
      vertex 1.36463 -2.02315 3.95655
      vertex 1.43441 -1.97429 3.95655
      vertex 0.819445 -1.21488 3.88837
    endloop
  endfacet
  facet normal -0.0569359 0.0876806 0.99452
    outer loop
      vertex 1.80826 -2.89383 4.05871
      vertex 1.36463 -2.02315 3.95655
      vertex 1.29319 -2.06954 3.95655
    endloop
  endfacet
  facet normal 0.0190071 0.0292778 0.999391
    outer loop
      vertex -0.776546 -1.24273 3.88837
      vertex -0.258954 -0.414412 3.85426
      vertex -0.819445 -1.21488 3.88837
    endloop
  endfacet
  facet normal -0.0250067 0.0651363 0.997563
    outer loop
      vertex 0.834652 -2.29319 3.95655
      vertex 0.914175 -2.26266 3.95655
      vertex 0.501198 -1.37703 3.88837
    endloop
  endfacet
  facet normal -0.0340379 0.0988486 0.99452
    outer loop
      vertex 1.05447 -3.24533 4.05871
      vertex 1.16709 -3.20655 4.05871
      vertex 0.754112 -2.32092 3.95655
    endloop
  endfacet
  facet normal -0.0227138 0.0659708 0.997563
    outer loop
      vertex 0.754112 -2.32092 3.95655
      vertex 0.834652 -2.29319 3.95655
      vertex 0.501198 -1.37703 3.88837
    endloop
  endfacet
  facet normal 0.00304112 -0.0347736 0.999391
    outer loop
      vertex -0.0510788 0.48599 3.85426
      vertex -0.0340872 0.487476 3.85426
      vertex -0.153176 1.45738 3.88837
    endloop
  endfacet
  facet normal -0.0506881 0.0914349 0.99452
    outer loop
      vertex 1.70617 -2.95517 4.05871
      vertex 1.22018 -2.11341 3.95655
      vertex 1.14568 -2.15471 3.95655
    endloop
  endfacet
  facet normal -0.0294886 0.0632342 0.997563
    outer loop
      vertex 0.992583 -2.22938 3.95655
      vertex 1.06978 -2.19338 3.95655
      vertex 0.596034 -1.33872 3.88837
    endloop
  endfacet
  facet normal -0.0102089 0.0333802 0.999391
    outer loop
      vertex 0.40392 -1.40864 3.88837
      vertex 0.452835 -1.39368 3.88837
      vertex 0.151006 -0.46475 3.85426
    endloop
  endfacet
  facet normal -0.0204057 0.0667209 0.997563
    outer loop
      vertex 0.672654 -2.34583 3.95655
      vertex 0.452835 -1.39368 3.88837
      vertex 0.40392 -1.40864 3.88837
    endloop
  endfacet
  facet normal 0.059802 -0.0359415 0.997563
    outer loop
      vertex -1.26908 0.732703 3.88837
      vertex -1.24273 0.776546 3.88837
      vertex -2.06954 1.29319 3.95655
    endloop
  endfacet
  facet normal 0.00785069 0.0340121 0.999391
    outer loop
      vertex -0.101599 -0.477988 3.85426
      vertex -0.118218 -0.474152 3.85426
      vertex -0.304675 -1.43338 3.88837
    endloop
  endfacet
  facet normal 0.0457715 0.0526601 0.997563
    outer loop
      vertex -1.56863 -1.86942 3.95655
      vertex -0.980548 -1.08901 3.88837
      vertex -1.63292 -1.81354 3.95655
    endloop
  endfacet
  facet normal 0.031674 0.0621681 0.997563
    outer loop
      vertex -0.642391 -1.3171 3.88837
      vertex -0.687966 -1.29388 3.88837
      vertex -1.14568 -2.15471 3.95655
    endloop
  endfacet
  facet normal 0.0400193 0.0571541 0.997563
    outer loop
      vertex -1.36463 -2.02315 3.95655
      vertex -0.819445 -1.21488 3.88837
      vertex -1.43441 -1.97429 3.95655
    endloop
  endfacet
  facet normal 0.0102089 0.0333802 0.999391
    outer loop
      vertex -0.40392 -1.40864 3.88837
      vertex -0.151006 -0.46475 3.85426
      vertex -0.452835 -1.39368 3.88837
    endloop
  endfacet
  facet normal -0.0210072 0.0278773 0.999391
    outer loop
      vertex 0.902194 -1.15476 3.88837
      vertex 0.300853 -0.385075 3.85426
      vertex 0.287231 -0.39534 3.85426
    endloop
  endfacet
  facet normal -0.0526559 0.0457771 0.997563
    outer loop
      vertex 1.86942 -1.56863 3.95655
      vertex 1.12257 -0.941945 3.88837
      vertex 1.08901 -0.980548 3.88837
    endloop
  endfacet
  facet normal 0.0294886 0.0632342 0.997563
    outer loop
      vertex -0.992583 -2.22938 3.95655
      vertex -0.596034 -1.33872 3.88837
      vertex -1.06978 -2.19338 3.95655
    endloop
  endfacet
  facet normal 0.0272551 0.0642281 0.997563
    outer loop
      vertex -0.54895 -1.3587 3.88837
      vertex -0.596034 -1.33872 3.88837
      vertex -0.914175 -2.26266 3.95655
    endloop
  endfacet
  facet normal -0.032588 -0.0125093 0.999391
    outer loop
      vertex 0.459197 0.167133 3.85426
      vertex 1.3587 0.54895 3.88837
      vertex 0.453084 0.183058 3.85426
    endloop
  endfacet
  facet normal -0.0113645 -0.0330047 0.999391
    outer loop
      vertex 0.167133 0.459197 3.85426
      vertex 0.452835 1.39368 3.88837
      vertex 0.151006 0.46475 3.85426
    endloop
  endfacet
  facet normal 0.0342651 0.00666058 0.999391
    outer loop
      vertex -1.43338 -0.304675 3.88837
      vertex -0.481243 -0.084856 3.85426
      vertex -1.44314 -0.254465 3.88837
    endloop
  endfacet
  facet normal 0.0684892 0.0133132 0.997563
    outer loop
      vertex -1.43338 -0.304675 3.88837
      vertex -1.44314 -0.254465 3.88837
      vertex -2.40329 -0.423763 3.95655
    endloop
  endfacet
  facet normal 0.104402 0.00546163 0.99452
    outer loop
      vertex -2.43442 -0.170231 3.95655
      vertex -2.43887 -0.0851669 3.95655
      vertex -3.41026 -0.119088 4.05871
    endloop
  endfacet
  facet normal 0.069761 -0.00122047 0.997563
    outer loop
      vertex -1.46451 0.0511417 3.88837
      vertex -2.43887 0.0851669 3.95655
      vertex -2.44036 0 3.95655
    endloop
  endfacet
  facet normal 0.0695058 -0.00608593 0.997563
    outer loop
      vertex -1.46184 0.102221 3.88837
      vertex -2.42699 0.255087 3.95655
      vertex -2.43442 0.170231 3.95655
    endloop
  endfacet
  facet normal -0.0238059 -0.025529 0.999391
    outer loop
      vertex 0.339457 0.351518 3.85426
      vertex 0.980548 1.08901 3.88837
      vertex 0.326982 0.363151 3.85426
    endloop
  endfacet
  facet normal -0.00608375 0.0695061 0.997563
    outer loop
      vertex 0.255087 -2.42699 3.95655
      vertex 0.153176 -1.45738 3.88837
      vertex 0.102221 -1.46184 3.88837
    endloop
  endfacet
  facet normal 0.0692524 0.00849814 0.997563
    outer loop
      vertex -1.45115 -0.203945 3.88837
      vertex -1.45738 -0.153176 3.88837
      vertex -2.42699 -0.255087 3.95655
    endloop
  endfacet
  facet normal 0.0285929 0.0200223 0.999391
    outer loop
      vertex -1.18554 -0.861344 3.88837
      vertex -0.39534 -0.287231 3.85426
      vertex -1.21488 -0.819445 3.88837
    endloop
  endfacet
  facet normal -0.00546163 0.104402 0.99452
    outer loop
      vertex 0.119088 -3.41026 4.05871
      vertex 0.170231 -2.43442 3.95655
      vertex 0.0851669 -2.43887 3.95655
    endloop
  endfacet
  facet normal 0.0180535 0.0673957 0.997563
    outer loop
      vertex -0.590376 -2.36787 3.95655
      vertex -0.354513 -1.42188 3.88837
      vertex -0.672654 -2.34583 3.95655
    endloop
  endfacet
  facet normal 0.0109106 0.0689129 0.997563
    outer loop
      vertex -0.339632 -2.41661 3.95655
      vertex -0.254465 -1.44314 3.88837
      vertex -0.423763 -2.40329 3.95655
    endloop
  endfacet
  facet normal 0.0200223 -0.0285929 0.999391
    outer loop
      vertex -0.287231 0.39534 3.85426
      vertex -0.819445 1.21488 3.88837
      vertex -0.861344 1.18554 3.88837
    endloop
  endfacet
  facet normal -0.00903533 0.0337167 0.999391
    outer loop
      vertex 0.354513 -1.42188 3.88837
      vertex 0.40392 -1.40864 3.88837
      vertex 0.134694 -0.469737 3.85426
    endloop
  endfacet
  facet normal -0.00784833 -0.0340126 0.999391
    outer loop
      vertex 0.354513 1.42188 3.88837
      vertex 0.304675 1.43338 3.88837
      vertex 0.118218 0.474152 3.85426
    endloop
  endfacet
  facet normal -0.0305299 0.0169226 0.999391
    outer loop
      vertex 1.26908 -0.732703 3.88837
      vertex 0.431467 -0.229415 3.85426
      vertex 0.423198 -0.244333 3.85426
    endloop
  endfacet
  facet normal 0.0238059 0.025529 0.999391
    outer loop
      vertex -0.326982 -0.363151 3.85426
      vertex -0.339457 -0.351518 3.85426
      vertex -0.980548 -1.08901 3.88837
    endloop
  endfacet
  facet normal 0.0270606 0.100982 0.99452
    outer loop
      vertex -0.82552 -3.31098 4.05871
      vertex -0.590376 -2.36787 3.95655
      vertex -0.940568 -3.28015 4.05871
    endloop
  endfacet
  facet normal 0.0235146 0.101866 0.99452
    outer loop
      vertex -0.709465 -3.33777 4.05871
      vertex -0.590376 -2.36787 3.95655
      vertex -0.82552 -3.31098 4.05871
    endloop
  endfacet
  facet normal -0.0311015 0.0158475 0.999391
    outer loop
      vertex 1.29388 -0.687966 3.88837
      vertex 0.439211 -0.214217 3.85426
      vertex 0.431467 -0.229415 3.85426
    endloop
  endfacet
  facet normal 0.0585171 0.0379985 0.997563
    outer loop
      vertex -2.02315 -1.36463 3.95655
      vertex -1.21488 -0.819445 3.88837
      vertex -2.06954 -1.29319 3.95655
    endloop
  endfacet
  facet normal 0.114018 0.0798454 0.990265
    outer loop
      vertex -2.76064 -2.00572 4.05871
      vertex -2.82896 -1.90816 4.05871
      vertex -3.63132 -2.44936 4.19473
    endloop
  endfacet
  facet normal 0.116742 0.0758065 0.990265
    outer loop
      vertex -2.82896 -1.90816 4.05871
      vertex -2.89383 -1.80826 4.05871
      vertex -3.63132 -2.44936 4.19473
    endloop
  endfacet
  facet normal 0.0629135 0.083496 0.99452
    outer loop
      vertex -1.43441 -1.97429 3.95655
      vertex -1.50244 -1.92303 3.95655
      vertex -2.00572 -2.76064 4.05871
    endloop
  endfacet
  facet normal 0.0599643 0.0856387 0.99452
    outer loop
      vertex -1.36463 -2.02315 3.95655
      vertex -1.43441 -1.97429 3.95655
      vertex -2.00572 -2.76064 4.05871
    endloop
  endfacet
  facet normal 0.0984252 0.0984252 0.990265
    outer loop
      vertex -2.45463 -2.37041 4.05871
      vertex -3.04272 -3.15083 4.19473
      vertex -2.37041 -2.45463 4.05871
    endloop
  endfacet
  facet normal 0.0984252 0.0984252 0.990265
    outer loop
      vertex -3.04272 -3.15083 4.19473
      vertex -2.45463 -2.37041 4.05871
      vertex -3.15083 -3.04272 4.19473
    endloop
  endfacet
  facet normal 0.051026 0.0475863 0.997563
    outer loop
      vertex -1.05412 -1.01796 3.88837
      vertex -1.08901 -0.980548 3.88837
      vertex -1.81354 -1.63292 3.95655
    endloop
  endfacet
  facet normal 0.0493358 0.0493358 0.997563
    outer loop
      vertex -1.05412 -1.01796 3.88837
      vertex -1.69522 -1.75545 3.95655
      vertex -1.01796 -1.05412 3.88837
    endloop
  endfacet
  facet normal 0.0493358 0.0493358 0.997563
    outer loop
      vertex -1.69522 -1.75545 3.95655
      vertex -1.05412 -1.01796 3.88837
      vertex -1.75545 -1.69522 3.95655
    endloop
  endfacet
  facet normal 0.0526601 0.0457715 0.997563
    outer loop
      vertex -1.81354 -1.63292 3.95655
      vertex -1.08901 -0.980548 3.88837
      vertex -1.86942 -1.56863 3.95655
    endloop
  endfacet
  facet normal 0.025528 0.0238071 0.999391
    outer loop
      vertex -1.05412 -1.01796 3.88837
      vertex -0.351518 -0.339457 3.85426
      vertex -1.08901 -0.980548 3.88837
    endloop
  endfacet
  facet normal 0.054219 0.0439142 0.997563
    outer loop
      vertex -1.86942 -1.56863 3.95655
      vertex -1.12257 -0.941945 3.88837
      vertex -1.92303 -1.50244 3.95655
    endloop
  endfacet
  facet normal 0.0292778 0.0190071 0.999391
    outer loop
      vertex -1.21488 -0.819445 3.88837
      vertex -0.414412 -0.258954 3.85426
      vertex -1.24273 -0.776546 3.88837
    endloop
  endfacet
  facet normal 0.101801 0.0949294 0.990265
    outer loop
      vertex -2.45463 -2.37041 4.05871
      vertex -2.53586 -2.2833 4.05871
      vertex -3.15083 -3.04272 4.19473
    endloop
  endfacet
  facet normal 0.108174 0.0875989 0.990265
    outer loop
      vertex -3.3554 -2.81552 4.19473
      vertex -2.68896 -2.10085 4.05871
      vertex -3.45162 -2.6967 4.19473
    endloop
  endfacet
  facet normal 0.105051 0.0913206 0.990265
    outer loop
      vertex -3.2551 -2.9309 4.19473
      vertex -2.53586 -2.2833 4.05871
      vertex -3.3554 -2.81552 4.19473
    endloop
  endfacet
  facet normal 0.131071 0.11394 0.984803
    outer loop
      vertex -3.2551 -2.9309 4.19473
      vertex -3.3554 -2.81552 4.19473
      vertex -3.97036 -3.57493 4.36444
    endloop
  endfacet
  facet normal 0.119271 0.170337 0.978141
    outer loop
      vertex -3.52215 -5.2218 4.56764
      vertex -3.14033 -4.3223 4.36444
      vertex -3.70224 -5.0957 4.56764
    endloop
  endfacet
  facet normal 0.165013 0.17696 0.970287
    outer loop
      vertex -4.84914 -5.38552 4.80408
      vertex -4.21461 -4.68079 4.56764
      vertex -5.03414 -5.21301 4.80408
    endloop
  endfacet
  facet normal 0.180801 0.207977 0.961279
    outer loop
      vertex -4.84914 -5.38552 4.80408
      vertex -4.84999 -5.44325 4.81673
      vertex -4.76817 -5.45591 4.80408
    endloop
  endfacet
  facet normal 0.180911 0.207971 0.961259
    outer loop
      vertex -4.84999 -5.44325 4.81673
      vertex -4.84914 -5.38552 4.80408
      vertex -4.87365 -5.43806 4.82006
    endloop
  endfacet
  facet normal 0.158744 0.182605 0.970287
    outer loop
      vertex -4.84914 -5.38552 4.80408
      vertex -4.61994 -5.47632 4.78367
      vertex -4.21461 -4.68079 4.56764
    endloop
  endfacet
  facet normal 0.158743 0.182603 0.970287
    outer loop
      vertex -4.61994 -5.47632 4.78367
      vertex -4.84914 -5.38552 4.80408
      vertex -4.76817 -5.45591 4.80408
    endloop
  endfacet
  facet normal 0.0842048 0.151894 0.984803
    outer loop
      vertex -2.05636 -3.86746 4.19473
      vertex -2.19008 -3.79333 4.19473
      vertex -2.50822 -4.71728 4.36444
    endloop
  endfacet
  facet normal 0.130861 0.161603 0.978141
    outer loop
      vertex -3.28926 -4.21007 4.36444
      vertex -3.43419 -4.09271 4.36444
      vertex -3.87782 -4.96339 4.56764
    endloop
  endfacet
  facet normal 0.0631873 0.124026 0.990265
    outer loop
      vertex -1.49587 -3.06699 4.05871
      vertex -1.602 -3.01292 4.05871
      vertex -1.92014 -3.93687 4.19473
    endloop
  endfacet
  facet normal 0.0498808 0.129951 0.990265
    outer loop
      vertex -1.4981 -4.11601 4.19473
      vertex -1.16709 -3.20655 4.05871
      vertex -1.64084 -4.06122 4.19473
    endloop
  endfacet
  facet normal 0.152265 0.188031 0.970288
    outer loop
      vertex -4.04868 -4.82503 4.56764
      vertex -4.56779 -5.48331 4.77667
      vertex -3.87782 -4.96339 4.56764
    endloop
  endfacet
  facet normal 0.152369 0.187949 0.970288
    outer loop
      vertex -4.56779 -5.48331 4.77667
      vertex -4.04868 -4.82503 4.56764
      vertex -4.59774 -5.47937 4.78061
    endloop
  endfacet
  facet normal 0.131069 -0.113942 0.984804
    outer loop
      vertex -3.3554 2.81552 4.19473
      vertex -3.97036 3.57493 4.36444
      vertex -4.09271 3.43419 4.36444
    endloop
  endfacet
  facet normal 0.0585209 -0.0379917 0.997563
    outer loop
      vertex -1.24273 0.776546 3.88837
      vertex -1.21488 0.819445 3.88837
      vertex -2.06954 1.29319 3.95655
    endloop
  endfacet
  facet normal 0.0621681 -0.031674 0.997563
    outer loop
      vertex -1.3171 0.642391 3.88837
      vertex -1.29388 0.687966 3.88837
      vertex -2.15471 1.14568 3.95655
    endloop
  endfacet
  facet normal 0.0914349 -0.0506881 0.99452
    outer loop
      vertex -2.15471 1.14568 3.95655
      vertex -2.11341 1.22018 3.95655
      vertex -2.95517 1.70617 4.05871
    endloop
  endfacet
  facet normal 0.114018 -0.0798454 0.990265
    outer loop
      vertex -2.82896 1.90816 4.05871
      vertex -2.76064 2.00572 4.05871
      vertex -3.63132 2.44936 4.19473
    endloop
  endfacet
  facet normal 0.083496 -0.0629135 0.99452
    outer loop
      vertex -1.97429 1.43441 3.95655
      vertex -1.92303 1.50244 3.95655
      vertex -2.76064 2.00572 4.05871
    endloop
  endfacet
  facet normal 0.0610228 -0.0338281 0.997563
    outer loop
      vertex -1.29388 0.687966 3.88837
      vertex -1.26908 0.732703 3.88837
      vertex -2.15471 1.14568 3.95655
    endloop
  endfacet
  facet normal 0.134969 -0.109294 0.984804
    outer loop
      vertex -3.3554 2.81552 4.19473
      vertex -4.09271 3.43419 4.36444
      vertex -4.21007 3.28926 4.36444
    endloop
  endfacet
  facet normal 0.111169 -0.0837654 0.990265
    outer loop
      vertex -2.76064 2.00572 4.05871
      vertex -2.68896 2.10085 4.05871
      vertex -3.45162 2.6967 4.19473
    endloop
  endfacet
  facet normal 0.0984252 -0.0984252 0.990265
    outer loop
      vertex -3.04272 3.15083 4.19473
      vertex -2.45463 2.37041 4.05871
      vertex -2.37041 2.45463 4.05871
    endloop
  endfacet
  facet normal 0.0984252 -0.0984252 0.990265
    outer loop
      vertex -2.45463 2.37041 4.05871
      vertex -3.04272 3.15083 4.19473
      vertex -3.15083 3.04272 4.19473
    endloop
  endfacet
  facet normal 0.101801 -0.0949294 0.990265
    outer loop
      vertex -2.53586 2.2833 4.05871
      vertex -2.45463 2.37041 4.05871
      vertex -3.15083 3.04272 4.19473
    endloop
  endfacet
  facet normal 0.091327 -0.105046 0.990265
    outer loop
      vertex -2.2833 2.53586 4.05871
      vertex -2.19341 2.61401 4.05871
      vertex -2.81552 3.3554 4.19473
    endloop
  endfacet
  facet normal 0.0685927 -0.078897 0.99452
    outer loop
      vertex -1.63292 1.81354 3.95655
      vertex -2.19341 2.61401 4.05871
      vertex -2.2833 2.53586 4.05871
    endloop
  endfacet
  facet normal -0.188035 -0.15227 0.970287
    outer loop
      vertex 5.71066 4.46166 4.80408
      vertex 5.55147 4.65824 4.80408
      vertex 4.96339 3.87782 4.56764
    endloop
  endfacet
  facet normal -0.188037 -0.152269 0.970287
    outer loop
      vertex 4.96339 3.87782 4.56764
      vertex 5.55147 4.65824 4.80408
      vertex 4.82503 4.04868 4.56764
    endloop
  endfacet
  facet normal -0.165013 -0.17696 0.970287
    outer loop
      vertex 5.03414 5.21301 4.80408
      vertex 4.84914 5.38552 4.80408
      vertex 4.21461 4.68079 4.56764
    endloop
  endfacet
  facet normal -0.188065 -0.201585 0.961247
    outer loop
      vertex 5.08317 5.38366 4.84946
      vertex 5.03414 5.21301 4.80408
      vertex 5.11518 5.37206 4.85329
    endloop
  endfacet
  facet normal -0.187985 -0.201611 0.961257
    outer loop
      vertex 4.9051 5.43107 4.82458
      vertex 5.03414 5.21301 4.80408
      vertex 5.08317 5.38366 4.84946
    endloop
  endfacet
  facet normal -0.188271 -0.201321 0.961261
    outer loop
      vertex 4.84914 5.38552 4.80408
      vertex 4.9051 5.43107 4.82458
      vertex 4.89269 5.43389 4.82274
    endloop
  endfacet
  facet normal -0.188016 -0.201629 0.961247
    outer loop
      vertex 4.9051 5.43107 4.82458
      vertex 4.84914 5.38552 4.80408
      vertex 5.03414 5.21301 4.80408
    endloop
  endfacet
  facet normal 0.2016 0.187989 0.961258
    outer loop
      vertex -5.38552 -4.84914 4.80408
      vertex -5.46697 -5.16355 4.88265
      vertex -5.21301 -5.03414 4.80408
    endloop
  endfacet
  facet normal 0.20163 0.18798 0.961254
    outer loop
      vertex -5.46697 -5.16355 4.88265
      vertex -5.38552 -4.84914 4.80408
      vertex -5.59706 -5.03961 4.8857
    endloop
  endfacet
  facet normal -0.025356 0.206382 0.978143
    outer loop
      vertex 0.608871 -5.79303 4.46695
      vertex 0.722776 -5.7906 4.46939
      vertex 0.558458 -5.31338 4.36444
    endloop
  endfacet
  facet normal 0.0474582 0.0931522 0.99452
    outer loop
      vertex -1.49587 -3.06699 4.05871
      vertex -1.06978 -2.19338 3.95655
      vertex -1.602 -3.01292 4.05871
    endloop
  endfacet
  facet normal 0.0441841 0.0947491 0.99452
    outer loop
      vertex -1.38792 -3.11733 4.05871
      vertex -1.06978 -2.19338 3.95655
      vertex -1.49587 -3.06699 4.05871
    endloop
  endfacet
  facet normal 0.0506894 0.091434 0.99452
    outer loop
      vertex -1.602 -3.01292 4.05871
      vertex -1.14568 -2.15471 3.95655
      vertex -1.70617 -2.95517 4.05871
    endloop
  endfacet
  facet normal 0.0506881 0.0914349 0.99452
    outer loop
      vertex -1.14568 -2.15471 3.95655
      vertex -1.22018 -2.11341 3.95655
      vertex -1.70617 -2.95517 4.05871
    endloop
  endfacet
  facet normal 0.0374699 0.0975998 0.99452
    outer loop
      vertex -0.834652 -2.29319 3.95655
      vertex -0.914175 -2.26266 3.95655
      vertex -1.16709 -3.20655 4.05871
    endloop
  endfacet
  facet normal 0.0250067 0.0651363 0.997563
    outer loop
      vertex -0.834652 -2.29319 3.95655
      vertex -0.501198 -1.37703 3.88837
      vertex -0.914175 -2.26266 3.95655
    endloop
  endfacet
  facet normal 0.117336 0.211579 0.970292
    outer loop
      vertex -3.01134 -5.6635 4.59648
      vertex -2.95703 -5.56136 4.56764
      vertex -3.04881 -5.65978 4.6002
    endloop
  endfacet
  facet normal 0.131765 0.202914 0.970291
    outer loop
      vertex -3.50717 -5.61264 4.64734
      vertex -3.33776 -5.34154 4.56764
      vertex -3.61544 -5.60048 4.6595
    endloop
  endfacet
  facet normal 0.0538116 0.200849 0.978143
    outer loop
      vertex -1.50559 -5.76459 4.49539
      vertex -1.47263 -5.13569 4.36444
      vertex -1.65107 -5.75795 4.50203
    endloop
  endfacet
  facet normal 0.161602 0.130863 0.978141
    outer loop
      vertex -4.82503 -4.04868 4.56764
      vertex -4.09271 -3.43419 4.36444
      vertex -4.96339 -3.87782 4.56764
    endloop
  endfacet
  facet normal 0.156937 0.136422 0.978141
    outer loop
      vertex -4.68079 -4.21461 4.56764
      vertex -4.09271 -3.43419 4.36444
      vertex -4.82503 -4.04868 4.56764
    endloop
  endfacet
  facet normal 0.166069 0.125145 0.978141
    outer loop
      vertex -4.21007 -3.28926 4.36444
      vertex -4.3223 -3.14033 4.36444
      vertex -4.96339 -3.87782 4.56764
    endloop
  endfacet
  facet normal 0.170337 0.119271 0.978141
    outer loop
      vertex -5.0957 -3.70224 4.56764
      vertex -4.3223 -3.14033 4.36444
      vertex -5.2218 -3.52215 4.56764
    endloop
  endfacet
  facet normal 0.181871 0.100809 0.978141
    outer loop
      vertex -4.62687 -2.67133 4.36444
      vertex -4.71728 -2.50822 4.36444
      vertex -5.56136 -2.95703 4.56764
    endloop
  endfacet
  facet normal 0.174398 0.113251 0.978141
    outer loop
      vertex -5.2218 -3.52215 4.56764
      vertex -4.53083 -2.83117 4.36444
      vertex -5.34154 -3.33776 4.56764
    endloop
  endfacet
  facet normal 0.219257 0.10228 0.970291
    outer loop
      vertex -6.08829 -2.83252 4.67169
      vertex -5.75408 -2.56188 4.56764
      vertex -6.09838 -2.71517 4.6616
    endloop
  endfacet
  facet normal 0.208042 0.180852 0.961255
    outer loop
      vertex -5.68239 -4.9413 4.88567
      vertex -5.38552 -4.84914 4.80408
      vertex -5.55147 -4.65824 4.80408
    endloop
  endfacet
  facet normal 0.208003 0.180965 0.961242
    outer loop
      vertex -5.66189 -4.97214 4.88704
      vertex -5.38552 -4.84914 4.80408
      vertex -5.68239 -4.9413 4.88567
    endloop
  endfacet
  facet normal 0.208134 0.180689 0.961266
    outer loop
      vertex -5.38552 -4.84914 4.80408
      vertex -5.66189 -4.97214 4.88704
      vertex -5.65829 -4.97634 4.88705
    endloop
  endfacet
  facet normal 0.208004 0.180871 0.96126
    outer loop
      vertex -5.68239 -4.9413 4.88567
      vertex -5.55147 -4.65824 4.80408
      vertex -5.75202 -4.82652 4.87914
    endloop
  endfacet
  facet normal 0.214227 0.17348 0.961255
    outer loop
      vertex -5.83365 -4.68308 4.87145
      vertex -5.55147 -4.65824 4.80408
      vertex -5.71066 -4.46166 4.80408
    endloop
  endfacet
  facet normal 0.214257 0.173389 0.961265
    outer loop
      vertex -5.55147 -4.65824 4.80408
      vertex -5.81565 -4.71976 4.87406
      vertex -5.79157 -4.76016 4.87598
    endloop
  endfacet
  facet normal 0.214221 0.173524 0.961249
    outer loop
      vertex -5.55147 -4.65824 4.80408
      vertex -5.83365 -4.68308 4.87145
      vertex -5.81565 -4.71976 4.87406
    endloop
  endfacet
  facet normal 0.214134 0.173535 0.961266
    outer loop
      vertex -5.71066 -4.46166 4.80408
      vertex -5.84755 -4.64294 4.8673
      vertex -5.83365 -4.68308 4.87145
    endloop
  endfacet
  facet normal 0.214271 0.173428 0.961255
    outer loop
      vertex -5.84755 -4.64294 4.8673
      vertex -5.71066 -4.46166 4.80408
      vertex -5.86495 -4.5822 4.86022
    endloop
  endfacet
  facet normal 0.202902 0.131794 0.970289
    outer loop
      vertex -5.96954 -4.01122 4.79044
      vertex -5.34154 -3.33776 4.56764
      vertex -5.99904 -3.74862 4.76094
    endloop
  endfacet
  facet normal 0.202922 0.131775 0.970288
    outer loop
      vertex -5.96954 -4.01122 4.79044
      vertex -5.2218 -3.52215 4.56764
      vertex -5.34154 -3.33776 4.56764
    endloop
  endfacet
  facet normal 0.202811 0.131944 0.970288
    outer loop
      vertex -5.2218 -3.52215 4.56764
      vertex -5.96954 -4.01122 4.79044
      vertex -5.96795 -4.02543 4.79204
    endloop
  endfacet
  facet normal 0.228759 0.0787173 0.970295
    outer loop
      vertex -6.14712 -2.04819 4.61286
      vertex -5.99035 -1.94638 4.56764
      vertex -6.15039 -1.99838 4.60959
    endloop
  endfacet
  facet normal 0.228738 0.078751 0.970298
    outer loop
      vertex -6.14712 -2.04819 4.61286
      vertex -5.91878 -2.15426 4.56764
      vertex -5.99035 -1.94638 4.56764
    endloop
  endfacet
  facet normal 0.228752 0.0787854 0.970291
    outer loop
      vertex -5.91878 -2.15426 4.56764
      vertex -6.14712 -2.04819 4.61286
      vertex -6.13498 -2.23295 4.625
    endloop
  endfacet
  facet normal 0.23366 0.0626904 0.970295
    outer loop
      vertex -6.17483 -1.55886 4.58515
      vertex -6.11153 -1.52378 4.56764
      vertex -6.17583 -1.53981 4.58416
    endloop
  endfacet
  facet normal 0.237308 0.0461318 0.970338
    outer loop
      vertex -6.18623 -1.30824 4.57375
      vertex -6.16099 -1.30956 4.56764
      vertex -6.19235 -1.14824 4.56764
    endloop
  endfacet
  facet normal 0.204121 0.0396803 0.978141
    outer loop
      vertex -5.2259 -1.1108 4.36444
      vertex -6.19235 -1.14824 4.56764
      vertex -6.16099 -1.30956 4.56764
    endloop
  endfacet
  facet normal 0.204117 0.039777 0.978138
    outer loop
      vertex -6.19235 -1.14824 4.56764
      vertex -5.2259 -1.1108 4.36444
      vertex -6.19417 -1.0939 4.56581
    endloop
  endfacet
  facet normal 0.204116 0.0396726 0.978143
    outer loop
      vertex -5.26148 -0.927741 4.36444
      vertex -6.19417 -1.0939 4.56581
      vertex -5.2259 -1.1108 4.36444
    endloop
  endfacet
  facet normal 0.204734 0.0362079 0.978148
    outer loop
      vertex -6.19417 -1.0939 4.56581
      vertex -5.26148 -0.927741 4.36444
      vertex -6.19423 -1.09221 4.56576
    endloop
  endfacet
  facet normal 0.0659713 -0.022712 0.997563
    outer loop
      vertex -1.39368 0.452835 3.88837
      vertex -1.37703 0.501198 3.88837
      vertex -2.32092 0.754112 3.95655
    endloop
  endfacet
  facet normal 0.0651363 -0.0250067 0.997563
    outer loop
      vertex -1.37703 0.501198 3.88837
      vertex -2.26266 0.914175 3.95655
      vertex -2.29319 0.834652 3.95655
    endloop
  endfacet
  facet normal 0.0667209 -0.0204057 0.997563
    outer loop
      vertex -1.40864 0.40392 3.88837
      vertex -1.39368 0.452835 3.88837
      vertex -2.34583 0.672654 3.95655
    endloop
  endfacet
  facet normal 0.136638 -0.0265574 0.990265
    outer loop
      vertex -3.3605 0.592546 4.05871
      vertex -4.28445 0.910687 4.19473
      vertex -4.31362 0.760607 4.19473
    endloop
  endfacet
  facet normal 0.137481 -0.0217776 0.990265
    outer loop
      vertex -3.3605 0.592546 4.05871
      vertex -4.31362 0.760607 4.19473
      vertex -4.33754 0.609601 4.19473
    endloop
  endfacet
  facet normal 0.173431 -0.00909868 0.984804
    outer loop
      vertex -4.3775 0.152865 4.19473
      vertex -4.36949 0.305545 4.19473
      vertex -5.32964 0.372684 4.36444
    endloop
  endfacet
  facet normal 0.173009 -0.0151427 0.984804
    outer loop
      vertex -4.36949 0.305545 4.19473
      vertex -5.31338 0.558458 4.36444
      vertex -5.32964 0.372684 4.36444
    endloop
  endfacet
  facet normal 0.104147 -0.00911088 0.99452
    outer loop
      vertex -2.43442 0.170231 3.95655
      vertex -3.39365 0.356687 4.05871
      vertex -3.40403 0.238032 4.05871
    endloop
  endfacet
  facet normal 0.104402 -0.00546834 0.99452
    outer loop
      vertex -2.43442 0.170231 3.95655
      vertex -3.40403 0.238032 4.05871
      vertex -3.41026 0.119088 4.05871
    endloop
  endfacet
  facet normal 0.0642262 0.0272606 0.997563
    outer loop
      vertex -2.22938 -0.992583 3.95655
      vertex -1.33872 -0.596034 3.88837
      vertex -2.26266 -0.914175 3.95655
    endloop
  endfacet
  facet normal 0.0651363 0.0250067 0.997563
    outer loop
      vertex -2.26266 -0.914175 3.95655
      vertex -1.37703 -0.501198 3.88837
      vertex -2.29319 -0.834652 3.95655
    endloop
  endfacet
  facet normal 0.00784833 -0.0340126 0.999391
    outer loop
      vertex -0.118218 0.474152 3.85426
      vertex -0.304675 1.43338 3.88837
      vertex -0.354513 1.42188 3.88837
    endloop
  endfacet
  facet normal -0.0113628 -0.0330053 0.999391
    outer loop
      vertex 0.501198 1.37703 3.88837
      vertex 0.452835 1.39368 3.88837
      vertex 0.167133 0.459197 3.85426
    endloop
  endfacet
  facet normal 0.135627 0.0313092 0.990265
    outer loop
      vertex -4.25006 -1.05966 4.19473
      vertex -3.33777 -0.709465 4.05871
      vertex -4.28445 -0.910687 4.19473
    endloop
  endfacet
  facet normal 0.202612 0.0467799 0.978141
    outer loop
      vertex -6.11153 -1.52378 4.56764
      vertex -5.2259 -1.1108 4.36444
      vertex -6.16099 -1.30956 4.56764
    endloop
  endfacet
  facet normal 0.172378 0.0211591 0.984804
    outer loop
      vertex -5.29066 -0.743553 4.36444
      vertex -4.35617 -0.457851 4.19473
      vertex -5.31338 -0.558458 4.36444
    endloop
  endfacet
  facet normal 0.138158 0.0169614 0.990265
    outer loop
      vertex -4.33754 -0.609601 4.19473
      vertex -3.39365 -0.356687 4.05871
      vertex -4.35617 -0.457851 4.19473
    endloop
  endfacet
  facet normal 0.225885 0.0867111 0.970287
    outer loop
      vertex -6.12997 -2.30213 4.63002
      vertex -5.83999 -2.35951 4.56764
      vertex -5.91878 -2.15426 4.56764
    endloop
  endfacet
  facet normal 0.225884 0.0867088 0.970288
    outer loop
      vertex -5.83999 -2.35951 4.56764
      vertex -6.12997 -2.30213 4.63002
      vertex -6.11767 -2.4717 4.64231
    endloop
  endfacet
  facet normal 0.196613 0.0676972 0.978141
    outer loop
      vertex -5.02045 -1.82729 4.36444
      vertex -5.08116 -1.65097 4.36444
      vertex -5.91878 -2.15426 4.56764
    endloop
  endfacet
  facet normal 0.159865 0.0678626 0.984804
    outer loop
      vertex -4.00148 -1.78157 4.19473
      vertex -4.06122 -1.64084 4.19473
      vertex -4.88075 -2.17305 4.36444
    endloop
  endfacet
  facet normal 0.119315 0.071689 0.990265
    outer loop
      vertex -3.71459 -2.32113 4.19473
      vertex -2.95517 -1.70617 4.05871
      vertex -3.79333 -2.19008 4.19473
    endloop
  endfacet
  facet normal 0.215592 0.109823 0.970288
    outer loop
      vertex -6.0534 -3.21865 4.70658
      vertex -5.56136 -2.95703 4.56764
      vertex -6.06683 -3.07372 4.69316
    endloop
  endfacet
  facet normal 0.185278 0.0944029 0.978141
    outer loop
      vertex -5.56136 -2.95703 4.56764
      vertex -4.71728 -2.50822 4.36444
      vertex -5.66117 -2.76114 4.56764
    endloop
  endfacet
  facet normal 0.0931522 0.0474582 0.99452
    outer loop
      vertex -3.01292 -1.602 4.05871
      vertex -2.19338 -1.06978 3.95655
      vertex -3.06699 -1.49587 4.05871
    endloop
  endfacet
  facet normal 0.096232 0.0408523 0.99452
    outer loop
      vertex -3.11733 -1.38792 4.05871
      vertex -2.26266 -0.914175 3.95655
      vertex -3.16387 -1.27829 4.05871
    endloop
  endfacet
  facet normal 0.135628 0.0313082 0.990265
    outer loop
      vertex -3.31098 -0.82552 4.05871
      vertex -3.33777 -0.709465 4.05871
      vertex -4.25006 -1.05966 4.19473
    endloop
  endfacet
  facet normal 0.100985 0.0270512 0.99452
    outer loop
      vertex -2.34583 -0.672654 3.95655
      vertex -2.36787 -0.590376 3.95655
      vertex -3.28015 -0.940568 4.05871
    endloop
  endfacet
  facet normal 0.181869 0.100818 0.978141
    outer loop
      vertex -5.45477 -3.14931 4.56764
      vertex -4.62687 -2.67133 4.36444
      vertex -5.56136 -2.95703 4.56764
    endloop
  endfacet
  facet normal 0.157402 0.0733969 0.984803
    outer loop
      vertex -4.80194 -2.34206 4.36444
      vertex -3.93687 -1.92014 4.19473
      vertex -4.88075 -2.17305 4.36444
    endloop
  endfacet
  facet normal 0.198856 -0.0607995 0.978141
    outer loop
      vertex -5.13569 1.47263 4.36444
      vertex -5.99035 1.94638 4.56764
      vertex -6.05463 1.73614 4.56764
    endloop
  endfacet
  facet normal 0.200858 -0.0538182 0.978141
    outer loop
      vertex -5.13569 1.47263 4.36444
      vertex -6.05463 1.73614 4.56764
      vertex -6.11153 1.52378 4.56764
    endloop
  endfacet
  facet normal 0.0712963 -0.0764634 0.99452
    outer loop
      vertex -1.69522 1.75545 3.95655
      vertex -1.63292 1.81354 3.95655
      vertex -2.37041 2.45463 4.05871
    endloop
  endfacet
  facet normal 0.0457771 -0.0526559 0.997563
    outer loop
      vertex -0.980548 1.08901 3.88837
      vertex -0.941945 1.12257 3.88837
      vertex -1.56863 1.86942 3.95655
    endloop
  endfacet
  facet normal 0.0457715 -0.0526601 0.997563
    outer loop
      vertex -0.980548 1.08901 3.88837
      vertex -1.56863 1.86942 3.95655
      vertex -1.63292 1.81354 3.95655
    endloop
  endfacet
  facet normal 0.0211591 -0.172378 0.984804
    outer loop
      vertex -0.457851 4.35617 4.19473
      vertex -0.558458 5.31338 4.36444
      vertex -0.743553 5.29066 4.36444
    endloop
  endfacet
  facet normal 0.0325543 -0.205376 0.978142
    outer loop
      vertex -0.743553 5.29066 4.36444
      vertex -0.813542 5.78865 4.47133
      vertex -0.933451 5.78536 4.47463
    endloop
  endfacet
  facet normal 0.00362392 -0.207908 0.978142
    outer loop
      vertex -0.105195 5.7983 4.46168
      vertex -0.186456 5.3394 4.36444
      vertex 0 5.34265 4.36444
    endloop
  endfacet
  facet normal 0.00363646 -0.20791 0.978141
    outer loop
      vertex -0.186456 5.3394 4.36444
      vertex -0.105195 5.7983 4.46168
      vertex -0.20247 5.79801 4.46198
    endloop
  endfacet
  facet normal 0.0109005 -0.207656 0.978141
    outer loop
      vertex -0.186456 5.3394 4.36444
      vertex -0.20247 5.79801 4.46198
      vertex -0.309078 5.79703 4.46296
    endloop
  endfacet
  facet normal -0.0211624 -0.172377 0.984804
    outer loop
      vertex 0.609601 4.33754 4.19473
      vertex 0.743553 5.29066 4.36444
      vertex 0.457851 4.35617 4.19473
    endloop
  endfacet
  facet normal -0.0211591 -0.172378 0.984804
    outer loop
      vertex 0.743553 5.29066 4.36444
      vertex 0.558458 5.31338 4.36444
      vertex 0.457851 4.35617 4.19473
    endloop
  endfacet
  facet normal -0.0108657 -0.207659 0.978141
    outer loop
      vertex 0.309078 5.79703 4.46296
      vertex 0.372684 5.32964 4.36444
      vertex 0.405306 5.79614 4.46384
    endloop
  endfacet
  facet normal -0.0108833 -0.207661 0.97814
    outer loop
      vertex 0.372684 5.32964 4.36444
      vertex 0.309078 5.79703 4.46296
      vertex 0.186456 5.3394 4.36444
    endloop
  endfacet
  facet normal -0.0109005 -0.207656 0.978141
    outer loop
      vertex 0.309078 5.79703 4.46296
      vertex 0.20247 5.79801 4.46198
      vertex 0.186456 5.3394 4.36444
    endloop
  endfacet
  facet normal -0.0538116 -0.200849 0.978143
    outer loop
      vertex 1.65107 5.75795 4.50203
      vertex 1.50559 5.76459 4.49539
      vertex 1.47263 5.13569 4.36444
    endloop
  endfacet
  facet normal 0.104402 -0.00546163 0.99452
    outer loop
      vertex -2.43887 0.0851669 3.95655
      vertex -2.43442 0.170231 3.95655
      vertex -3.41026 0.119088 4.05871
    endloop
  endfacet
  facet normal 0.139173 -0.00243081 0.990265
    outer loop
      vertex -3.41234 0 4.05871
      vertex -3.41026 0.119088 4.05871
      vertex -4.3775 0.152865 4.19473
    endloop
  endfacet
  facet normal 0.173012 0.0151308 0.984804
    outer loop
      vertex -4.35617 -0.457851 4.19473
      vertex -4.36949 -0.305545 4.19473
      vertex -5.31338 -0.558458 4.36444
    endloop
  endfacet
  facet normal 0.104147 0.00911088 0.99452
    outer loop
      vertex -3.39365 -0.356687 4.05871
      vertex -2.43442 -0.170231 3.95655
      vertex -3.40403 -0.238032 4.05871
    endloop
  endfacet
  facet normal -0.00903493 -0.0337167 0.999391
    outer loop
      vertex 0.134694 0.469737 3.85426
      vertex 0.354513 1.42188 3.88837
      vertex 0.118218 0.474152 3.85426
    endloop
  endfacet
  facet normal 0.0333802 -0.0102089 0.999391
    outer loop
      vertex -0.46475 0.151006 3.85426
      vertex -1.39368 0.452835 3.88837
      vertex -1.40864 0.40392 3.88837
    endloop
  endfacet
  facet normal -0.0330053 0.0113628 0.999391
    outer loop
      vertex 1.37703 -0.501198 3.88837
      vertex 1.39368 -0.452835 3.88837
      vertex 0.459197 -0.167133 3.85426
    endloop
  endfacet
  facet normal -0.0346463 -0.00425261 0.999391
    outer loop
      vertex 0.48599 0.0510788 3.85426
      vertex 1.45738 0.153176 3.88837
      vertex 0.483912 0.0680084 3.85426
    endloop
  endfacet
  facet normal -0.0344765 0.00546177 0.999391
    outer loop
      vertex 1.44314 -0.254465 3.88837
      vertex 0.483912 -0.0680084 3.85426
      vertex 0.481243 -0.084856 3.85426
    endloop
  endfacet
  facet normal -0.00911903 -0.104146 0.99452
    outer loop
      vertex 0.255087 2.42699 3.95655
      vertex 0.356687 3.39365 4.05871
      vertex 0.170231 2.43442 3.95655
    endloop
  endfacet
  facet normal -0.0127398 -0.103765 0.99452
    outer loop
      vertex 0.339632 2.41661 3.95655
      vertex 0.356687 3.39365 4.05871
      vertex 0.255087 2.42699 3.95655
    endloop
  endfacet
  facet normal -0.0299198 0.0179793 0.999391
    outer loop
      vertex 1.26908 -0.732703 3.88837
      vertex 0.423198 -0.244333 3.85426
      vertex 0.414412 -0.258954 3.85426
    endloop
  endfacet
  facet normal 0.0263431 -0.0229017 0.999391
    outer loop
      vertex -0.363151 0.326982 3.85426
      vertex -1.08901 0.980548 3.88837
      vertex -1.12257 0.941945 3.88837
    endloop
  endfacet
  facet normal -0.00182749 -0.0348586 0.999391
    outer loop
      vertex 0.0340872 0.487476 3.85426
      vertex 0.0511417 1.46451 3.88837
      vertex 0.0170536 0.488369 3.85426
    endloop
  endfacet
  facet normal -0.0292778 -0.0190071 0.999391
    outer loop
      vertex 1.24273 0.776546 3.88837
      vertex 1.21488 0.819445 3.88837
      vertex 0.414412 0.258954 3.85426
    endloop
  endfacet
  facet normal -0.0837697 -0.111165 0.990265
    outer loop
      vertex 2.6967 3.45162 4.19473
      vertex 2.5746 3.54363 4.19473
      vertex 2.00572 2.76064 4.05871
    endloop
  endfacet
  facet normal -0.0837654 -0.111169 0.990265
    outer loop
      vertex 2.10085 2.68896 4.05871
      vertex 2.6967 3.45162 4.19473
      vertex 2.00572 2.76064 4.05871
    endloop
  endfacet
  facet normal -0.0712963 -0.0764634 0.99452
    outer loop
      vertex 1.69522 1.75545 3.95655
      vertex 2.37041 2.45463 4.05871
      vertex 1.63292 1.81354 3.95655
    endloop
  endfacet
  facet normal -0.078897 -0.0685927 0.99452
    outer loop
      vertex 2.61401 2.19341 4.05871
      vertex 2.53586 2.2833 4.05871
      vertex 1.81354 1.63292 3.95655
    endloop
  endfacet
  facet normal -0.0526601 -0.0457715 0.997563
    outer loop
      vertex 1.86942 1.56863 3.95655
      vertex 1.81354 1.63292 3.95655
      vertex 1.08901 0.980548 3.88837
    endloop
  endfacet
  facet normal -0.0510299 -0.0475815 0.997563
    outer loop
      vertex 1.81354 1.63292 3.95655
      vertex 1.75545 1.69522 3.95655
      vertex 1.05412 1.01796 3.88837
    endloop
  endfacet
  facet normal -0.0764634 -0.0712963 0.99452
    outer loop
      vertex 1.81354 1.63292 3.95655
      vertex 2.45463 2.37041 4.05871
      vertex 1.75545 1.69522 3.95655
    endloop
  endfacet
  facet normal -0.0834958 -0.0629137 0.99452
    outer loop
      vertex 2.76064 2.00572 4.05871
      vertex 2.68896 2.10085 4.05871
      vertex 1.92303 1.50244 3.95655
    endloop
  endfacet
  facet normal -0.0812407 -0.0658002 0.99452
    outer loop
      vertex 1.92303 1.50244 3.95655
      vertex 2.68896 2.10085 4.05871
      vertex 1.86942 1.56863 3.95655
    endloop
  endfacet
  facet normal 0.0348586 -0.00182749 0.999391
    outer loop
      vertex -0.488369 0.0170536 3.85426
      vertex -0.487476 0.0340872 3.85426
      vertex -1.46451 0.0511417 3.88837
    endloop
  endfacet
  facet normal 0.0571524 0.0400213 0.997563
    outer loop
      vertex -1.18554 -0.861344 3.88837
      vertex -1.21488 -0.819445 3.88837
      vertex -1.97429 -1.43441 3.95655
    endloop
  endfacet
  facet normal 0.00666143 -0.0342649 0.999391
    outer loop
      vertex -0.101599 0.477988 3.85426
      vertex -0.084856 0.481243 3.85426
      vertex -0.304675 1.43338 3.88837
    endloop
  endfacet
  facet normal -0.032588 0.0125093 0.999391
    outer loop
      vertex 1.3587 -0.54895 3.88837
      vertex 0.459197 -0.167133 3.85426
      vertex 0.453084 -0.183058 3.85426
    endloop
  endfacet
  facet normal -0.0147526 0.0316356 0.999391
    outer loop
      vertex 0.642391 -1.3171 3.88837
      vertex 0.214217 -0.439211 3.85426
      vertex 0.198758 -0.44642 3.85426
    endloop
  endfacet
  facet normal -0.204121 -0.0396803 0.978141
    outer loop
      vertex 5.2259 1.1108 4.36444
      vertex 6.19235 1.14824 4.56764
      vertex 6.16099 1.30956 4.56764
    endloop
  endfacet
  facet normal -0.204117 -0.039777 0.978138
    outer loop
      vertex 6.19235 1.14824 4.56764
      vertex 5.2259 1.1108 4.36444
      vertex 6.19417 1.0939 4.56581
    endloop
  endfacet
  facet normal -0.202612 -0.0467799 0.978141
    outer loop
      vertex 6.16099 1.30956 4.56764
      vertex 6.11153 1.52378 4.56764
      vertex 5.2259 1.1108 4.36444
    endloop
  endfacet
  facet normal -0.207151 0.0181082 0.978141
    outer loop
      vertex 6.20499 -0.65217 4.555
      vertex 6.2081 -0.448602 4.55189
      vertex 5.31338 -0.558458 4.36444
    endloop
  endfacet
  facet normal -0.171533 0.0271751 0.984804
    outer loop
      vertex 5.26148 -0.927741 4.36444
      vertex 5.29066 -0.743553 4.36444
      vertex 4.31362 -0.760607 4.19473
    endloop
  endfacet
  facet normal -0.205379 0.0325372 0.978142
    outer loop
      vertex 5.26148 -0.927741 4.36444
      vertex 6.19428 -1.09042 4.56571
      vertex 5.29066 -0.743553 4.36444
    endloop
  endfacet
  facet normal -0.205289 0.0330568 0.978143
    outer loop
      vertex 6.19428 -1.09042 4.56571
      vertex 5.26148 -0.927741 4.36444
      vertex 6.19423 -1.09221 4.56576
    endloop
  endfacet
  facet normal -0.171533 -0.0271751 0.984804
    outer loop
      vertex 5.29066 0.743553 4.36444
      vertex 5.26148 0.927741 4.36444
      vertex 4.31362 0.760607 4.19473
    endloop
  endfacet
  facet normal -0.171533 -0.0271715 0.984804
    outer loop
      vertex 4.33754 0.609601 4.19473
      vertex 5.29066 0.743553 4.36444
      vertex 4.31362 0.760607 4.19473
    endloop
  endfacet
  facet normal -0.156932 -0.136426 0.978141
    outer loop
      vertex 4.09271 3.43419 4.36444
      vertex 4.68079 4.21461 4.56764
      vertex 3.97036 3.57493 4.36444
    endloop
  endfacet
  facet normal -0.156937 -0.136422 0.978141
    outer loop
      vertex 4.82503 4.04868 4.56764
      vertex 4.68079 4.21461 4.56764
      vertex 4.09271 3.43419 4.36444
    endloop
  endfacet
  facet normal -0.207656 -0.0108842 0.978141
    outer loop
      vertex 6.21031 0.216868 4.54967
      vertex 6.20846 0.419319 4.55153
      vertex 5.3394 0.186456 4.36444
    endloop
  endfacet
  facet normal -0.173012 -0.0151308 0.984804
    outer loop
      vertex 4.36949 0.305545 4.19473
      vertex 5.31338 0.558458 4.36444
      vertex 4.35617 0.457851 4.19473
    endloop
  endfacet
  facet normal -0.196616 0.067692 0.978141
    outer loop
      vertex 5.91878 -2.15426 4.56764
      vertex 5.99035 -1.94638 4.56764
      vertex 5.08116 -1.65097 4.36444
    endloop
  endfacet
  facet normal -0.19413 0.0745212 0.978141
    outer loop
      vertex 5.83999 -2.35951 4.56764
      vertex 5.91878 -2.15426 4.56764
      vertex 4.95362 -2.00139 4.36444
    endloop
  endfacet
  facet normal -0.0962351 0.0408467 0.99452
    outer loop
      vertex 3.11733 -1.38792 4.05871
      vertex 2.26266 -0.914175 3.95655
      vertex 2.22938 -0.992583 3.95655
    endloop
  endfacet
  facet normal -0.0685927 0.078897 0.99452
    outer loop
      vertex 2.19341 -2.61401 4.05871
      vertex 2.2833 -2.53586 4.05871
      vertex 1.63292 -1.81354 3.95655
    endloop
  endfacet
  facet normal -0.156932 0.136426 0.978141
    outer loop
      vertex 4.68079 -4.21461 4.56764
      vertex 4.09271 -3.43419 4.36444
      vertex 3.97036 -3.57493 4.36444
    endloop
  endfacet
  facet normal -0.124637 0.207368 0.970291
    outer loop
      vertex 3.42336 -5.62151 4.63847
      vertex 3.50717 -5.61264 4.64734
      vertex 3.33776 -5.34154 4.56764
    endloop
  endfacet
  facet normal -0.208016 0.180872 0.961257
    outer loop
      vertex 5.55147 -4.65824 4.80408
      vertex 5.72156 -4.8888 4.88427
      vertex 5.75343 -4.8277 4.87967
    endloop
  endfacet
  facet normal -0.207991 0.180891 0.961259
    outer loop
      vertex 5.72156 -4.8888 4.88427
      vertex 5.55147 -4.65824 4.80408
      vertex 5.70089 -4.9199 4.88565
    endloop
  endfacet
  facet normal -0.208099 0.180826 0.961248
    outer loop
      vertex 5.70089 -4.9199 4.88565
      vertex 5.55147 -4.65824 4.80408
      vertex 5.67677 -4.94803 4.88572
    endloop
  endfacet
  facet normal -0.208043 0.180852 0.961255
    outer loop
      vertex 5.38552 -4.84914 4.80408
      vertex 5.67677 -4.94803 4.88572
      vertex 5.55147 -4.65824 4.80408
    endloop
  endfacet
  facet normal -0.208034 0.180875 0.961252
    outer loop
      vertex 5.67677 -4.94803 4.88572
      vertex 5.38552 -4.84914 4.80408
      vertex 5.6532 -4.97397 4.8855
    endloop
  endfacet
  facet normal -0.102251 0.219259 0.970294
    outer loop
      vertex 2.77304 -5.68558 4.57441
      vertex 2.76114 -5.66117 4.56764
      vertex 2.69428 -5.69235 4.56764
    endloop
  endfacet
  facet normal -0.107097 0.178243 0.978141
    outer loop
      vertex 3.14931 -5.45477 4.56764
      vertex 3.33776 -5.34154 4.56764
      vertex 2.67133 -4.62687 4.36444
    endloop
  endfacet
  facet normal -0.0812475 0.0657898 0.99452
    outer loop
      vertex 2.61401 -2.19341 4.05871
      vertex 2.68896 -2.10085 4.05871
      vertex 1.86942 -1.56863 3.95655
    endloop
  endfacet
  facet normal -0.220137 0.165892 0.961259
    outer loop
      vertex 5.86289 -4.25964 4.80408
      vertex 5.92589 -4.34999 4.8341
      vertex 5.93157 -4.30954 4.82842
    endloop
  endfacet
  facet normal -0.220072 0.16594 0.961266
    outer loop
      vertex 5.92589 -4.34999 4.8341
      vertex 5.86289 -4.25964 4.80408
      vertex 5.91558 -4.40039 4.84044
    endloop
  endfacet
  facet normal -0.220164 0.165902 0.961252
    outer loop
      vertex 5.91558 -4.40039 4.84044
      vertex 5.86289 -4.25964 4.80408
      vertex 5.71066 -4.46166 4.80408
    endloop
  endfacet
  facet normal -0.220155 0.165868 0.961259
    outer loop
      vertex 5.91558 -4.40039 4.84044
      vertex 5.71066 -4.46166 4.80408
      vertex 5.88447 -4.52838 4.8554
    endloop
  endfacet
  facet normal -0.219257 0.10228 0.970291
    outer loop
      vertex 6.08829 -2.83252 4.67169
      vertex 6.09838 -2.71517 4.6616
      vertex 5.75408 -2.56188 4.56764
    endloop
  endfacet
  facet normal -0.0133182 0.0684886 0.997563
    outer loop
      vertex 0.423763 -2.40329 3.95655
      vertex 0.50738 -2.38703 3.95655
      vertex 0.304675 -1.43338 3.88837
    endloop
  endfacet
  facet normal -0.0156943 0.0679836 0.997563
    outer loop
      vertex 0.50738 -2.38703 3.95655
      vertex 0.590376 -2.36787 3.95655
      vertex 0.304675 -1.43338 3.88837
    endloop
  endfacet
  facet normal 0.00608375 0.0695061 0.997563
    outer loop
      vertex -0.102221 -1.46184 3.88837
      vertex -0.153176 -1.45738 3.88837
      vertex -0.255087 -2.42699 3.95655
    endloop
  endfacet
  facet normal 0.00608593 0.0695058 0.997563
    outer loop
      vertex -0.170231 -2.43442 3.95655
      vertex -0.102221 -1.46184 3.88837
      vertex -0.255087 -2.42699 3.95655
    endloop
  endfacet
  facet normal -0.0325543 0.205376 0.978142
    outer loop
      vertex 0.813542 -5.78865 4.47133
      vertex 0.933451 -5.78536 4.47463
      vertex 0.743553 -5.29066 4.36444
    endloop
  endfacet
  facet normal -0.0253405 0.20639 0.978142
    outer loop
      vertex 0.743553 -5.29066 4.36444
      vertex 0.722776 -5.7906 4.46939
      vertex 0.813542 -5.78865 4.47133
    endloop
  endfacet
  facet normal -0.0253338 0.206389 0.978142
    outer loop
      vertex 0.722776 -5.7906 4.46939
      vertex 0.743553 -5.29066 4.36444
      vertex 0.558458 -5.31338 4.36444
    endloop
  endfacet
  facet normal 0.00362769 0.207907 0.978142
    outer loop
      vertex 0 -5.79863 4.46136
      vertex 0 -5.34265 4.36444
      vertex -0.105195 -5.7983 4.46168
    endloop
  endfacet
  facet normal -0.00908946 0.173434 0.984804
    outer loop
      vertex 0.186456 -5.3394 4.36444
      vertex 0.372684 -5.32964 4.36444
      vertex 0.152865 -4.3775 4.19473
    endloop
  endfacet
  facet normal -0.0108657 0.207659 0.978141
    outer loop
      vertex 0.372684 -5.32964 4.36444
      vertex 0.309078 -5.79703 4.46296
      vertex 0.405306 -5.79614 4.46384
    endloop
  endfacet
  facet normal -0.0108833 0.207661 0.97814
    outer loop
      vertex 0.309078 -5.79703 4.46296
      vertex 0.372684 -5.32964 4.36444
      vertex 0.186456 -5.3394 4.36444
    endloop
  endfacet
  facet normal 0.00242177 0.139174 0.990265
    outer loop
      vertex 0 -4.38016 4.19473
      vertex 0 -3.41234 4.05871
      vertex -0.152865 -4.3775 4.19473
    endloop
  endfacet
  facet normal 0.0181252 0.207151 0.978141
    outer loop
      vertex -0.372684 -5.32964 4.36444
      vertex -0.49936 -5.79471 4.46528
      vertex -0.405306 -5.79614 4.46384
    endloop
  endfacet
  facet normal 0.0181309 0.207149 0.978141
    outer loop
      vertex -0.49936 -5.79471 4.46528
      vertex -0.372684 -5.32964 4.36444
      vertex -0.558458 -5.31338 4.36444
    endloop
  endfacet
  facet normal 0.0127448 0.103765 0.99452
    outer loop
      vertex -0.356687 -3.39365 4.05871
      vertex -0.339632 -2.41661 3.95655
      vertex -0.474906 -3.37913 4.05871
    endloop
  endfacet
  facet normal 0.0169687 0.138156 0.990265
    outer loop
      vertex -0.356687 -3.39365 4.05871
      vertex -0.474906 -3.37913 4.05871
      vertex -0.609601 -4.33754 4.19473
    endloop
  endfacet
  facet normal 0.0253338 0.206389 0.978142
    outer loop
      vertex -0.743553 -5.29066 4.36444
      vertex -0.722776 -5.7906 4.46939
      vertex -0.558458 -5.31338 4.36444
    endloop
  endfacet
  facet normal 0.0253405 0.20639 0.978142
    outer loop
      vertex -0.722776 -5.7906 4.46939
      vertex -0.743553 -5.29066 4.36444
      vertex -0.813542 -5.78865 4.47133
    endloop
  endfacet
  facet normal 0.0211624 0.172377 0.984804
    outer loop
      vertex -0.457851 -4.35617 4.19473
      vertex -0.609601 -4.33754 4.19473
      vertex -0.743553 -5.29066 4.36444
    endloop
  endfacet
  facet normal 0.0331355 0.170482 0.984804
    outer loop
      vertex -0.927741 -5.26148 4.36444
      vertex -0.910687 -4.28445 4.19473
      vertex -1.1108 -5.2259 4.36444
    endloop
  endfacet
  facet normal 0.0360342 0.13445 0.990265
    outer loop
      vertex -1.05966 -4.25006 4.19473
      vertex -0.940568 -3.28015 4.05871
      vertex -1.20734 -4.21048 4.19473
    endloop
  endfacet
  facet normal -0.00911088 0.104147 0.99452
    outer loop
      vertex 0.238032 -3.40403 4.05871
      vertex 0.356687 -3.39365 4.05871
      vertex 0.170231 -2.43442 3.95655
    endloop
  endfacet
  facet normal -0.00911903 0.104146 0.99452
    outer loop
      vertex 0.356687 -3.39365 4.05871
      vertex 0.255087 -2.42699 3.95655
      vertex 0.170231 -2.43442 3.95655
    endloop
  endfacet
  facet normal -0.169221 0.039069 0.984803
    outer loop
      vertex 5.18395 -1.2925 4.36444
      vertex 5.2259 -1.1108 4.36444
      vertex 4.25006 -1.05966 4.19473
    endloop
  endfacet
  facet normal -0.16775 0.044959 0.984804
    outer loop
      vertex 5.13569 -1.47263 4.36444
      vertex 4.25006 -1.05966 4.19473
      vertex 4.21048 -1.20734 4.19473
    endloop
  endfacet
  facet normal -0.0999757 0.0305727 0.99452
    outer loop
      vertex 3.28015 -0.940568 4.05871
      vertex 2.34583 -0.672654 3.95655
      vertex 2.32092 -0.754112 3.95655
    endloop
  endfacet
  facet normal -0.134451 0.0360294 0.990265
    outer loop
      vertex 4.25006 -1.05966 4.19473
      vertex 3.31098 -0.82552 4.05871
      vertex 3.28015 -0.940568 4.05871
    endloop
  endfacet
  facet normal -0.059802 0.0359415 0.997563
    outer loop
      vertex 2.06954 -1.29319 3.95655
      vertex 1.26908 -0.732703 3.88837
      vertex 1.24273 -0.776546 3.88837
    endloop
  endfacet
  facet normal -0.0896119 0.0538457 0.99452
    outer loop
      vertex 2.95517 -1.70617 4.05871
      vertex 2.11341 -1.22018 3.95655
      vertex 2.06954 -1.29319 3.95655
    endloop
  endfacet
  facet normal -0.0931515 0.0474594 0.99452
    outer loop
      vertex 3.01292 -1.602 4.05871
      vertex 2.19338 -1.06978 3.95655
      vertex 2.15471 -1.14568 3.95655
    endloop
  endfacet
  facet normal -0.124026 0.0631873 0.990265
    outer loop
      vertex 3.93687 -1.92014 4.19473
      vertex 3.06699 -1.49587 4.05871
      vertex 3.01292 -1.602 4.05871
    endloop
  endfacet
  facet normal -0.0834958 0.0629137 0.99452
    outer loop
      vertex 2.68896 -2.10085 4.05871
      vertex 2.76064 -2.00572 4.05871
      vertex 1.92303 -1.50244 3.95655
    endloop
  endfacet
  facet normal -0.083496 0.0629135 0.99452
    outer loop
      vertex 2.76064 -2.00572 4.05871
      vertex 1.97429 -1.43441 3.95655
      vertex 1.92303 -1.50244 3.95655
    endloop
  endfacet
  facet normal -0.0179793 0.0299198 0.999391
    outer loop
      vertex 0.732703 -1.26908 3.88837
      vertex 0.258954 -0.414412 3.85426
      vertex 0.244333 -0.423198 3.85426
    endloop
  endfacet
  facet normal 0.0305299 -0.0169226 0.999391
    outer loop
      vertex -0.431467 0.229415 3.85426
      vertex -0.423198 0.244333 3.85426
      vertex -1.26908 0.732703 3.88837
    endloop
  endfacet
  facet normal -0.0695058 0.00608593 0.997563
    outer loop
      vertex 2.42699 -0.255087 3.95655
      vertex 2.43442 -0.170231 3.95655
      vertex 1.46184 -0.102221 3.88837
    endloop
  endfacet
  facet normal -0.069761 0.00122047 0.997563
    outer loop
      vertex 2.43887 -0.0851669 3.95655
      vertex 2.44036 0 3.95655
      vertex 1.46451 -0.0511417 3.88837
    endloop
  endfacet
  facet normal -0.0136355 0.0321329 0.999391
    outer loop
      vertex 0.54895 -1.3587 3.88837
      vertex 0.596034 -1.33872 3.88837
      vertex 0.183058 -0.453084 3.85426
    endloop
  endfacet
  facet normal -0.0337167 0.00903533 0.999391
    outer loop
      vertex 1.40864 -0.40392 3.88837
      vertex 1.42188 -0.354513 3.88837
      vertex 0.469737 -0.134694 3.85426
    endloop
  endfacet
  facet normal -0.000609869 -0.0349009 0.999391
    outer loop
      vertex 0.0170536 0.488369 3.85426
      vertex 0 1.46541 3.88837
      vertex 0 0.488667 3.85426
    endloop
  endfacet
  facet normal -0.0333802 0.0102089 0.999391
    outer loop
      vertex 1.39368 -0.452835 3.88837
      vertex 1.40864 -0.40392 3.88837
      vertex 0.46475 -0.151006 3.85426
    endloop
  endfacet
  facet normal 0.0695061 0.00608375 0.997563
    outer loop
      vertex -1.45738 -0.153176 3.88837
      vertex -1.46184 -0.102221 3.88837
      vertex -2.42699 -0.255087 3.95655
    endloop
  endfacet
  facet normal -0.100985 0.0270512 0.99452
    outer loop
      vertex 3.28015 -0.940568 4.05871
      vertex 2.36787 -0.590376 3.95655
      vertex 2.34583 -0.672654 3.95655
    endloop
  endfacet
  facet normal -0.0673957 0.0180535 0.997563
    outer loop
      vertex 2.34583 -0.672654 3.95655
      vertex 2.36787 -0.590376 3.95655
      vertex 1.42188 -0.354513 3.88837
    endloop
  endfacet
  facet normal -0.0449449 0.167756 0.984803
    outer loop
      vertex 1.2925 -5.18395 4.36444
      vertex 1.47263 -5.13569 4.36444
      vertex 1.05966 -4.25006 4.19473
    endloop
  endfacet
  facet normal -0.0538111 0.200849 0.978143
    outer loop
      vertex 1.2925 -5.18395 4.36444
      vertex 1.50559 -5.76459 4.49539
      vertex 1.47263 -5.13569 4.36444
    endloop
  endfacet
  facet normal -0.053758 0.200869 0.978142
    outer loop
      vertex 1.50559 -5.76459 4.49539
      vertex 1.2925 -5.18395 4.36444
      vertex 1.43804 -5.76767 4.49231
    endloop
  endfacet
  facet normal -0.040696 0.133113 0.990265
    outer loop
      vertex 1.20734 -4.21048 4.19473
      vertex 1.35355 -4.16578 4.19473
      vertex 0.940568 -3.28015 4.05871
    endloop
  endfacet
  facet normal -0.0406933 0.133115 0.990265
    outer loop
      vertex 1.35355 -4.16578 4.19473
      vertex 1.05447 -3.24533 4.05871
      vertex 0.940568 -3.28015 4.05871
    endloop
  endfacet
  facet normal -0.0788478 0.154742 0.984804
    outer loop
      vertex 2.50822 -4.71728 4.36444
      vertex 2.05636 -3.86746 4.19473
      vertex 1.92014 -3.93687 4.19473
    endloop
  endfacet
  facet normal -0.0588217 0.126156 0.990265
    outer loop
      vertex 1.78157 -4.00148 4.19473
      vertex 1.92014 -3.93687 4.19473
      vertex 1.38792 -3.11733 4.05871
    endloop
  endfacet
  facet normal -0.0812641 0.1914 0.978142
    outer loop
      vertex 2.31098 -5.71988 4.5401
      vertex 2.52741 -5.70485 4.55514
      vertex 2.00139 -4.95362 4.36444
    endloop
  endfacet
  facet normal -0.0744927 0.194136 0.978142
    outer loop
      vertex 2.12463 -5.73173 4.52826
      vertex 2.31098 -5.71988 4.5401
      vertex 2.00139 -4.95362 4.36444
    endloop
  endfacet
  facet normal -0.071299 0.0764602 0.99452
    outer loop
      vertex 2.2833 -2.53586 4.05871
      vertex 2.37041 -2.45463 4.05871
      vertex 1.63292 -1.81354 3.95655
    endloop
  endfacet
  facet normal -0.0712963 0.0764634 0.99452
    outer loop
      vertex 2.37041 -2.45463 4.05871
      vertex 1.69522 -1.75545 3.95655
      vertex 1.63292 -1.81354 3.95655
    endloop
  endfacet
  facet normal -0.0837697 0.111165 0.990265
    outer loop
      vertex 2.5746 -3.54363 4.19473
      vertex 2.6967 -3.45162 4.19473
      vertex 2.00572 -2.76064 4.05871
    endloop
  endfacet
  facet normal -0.0599689 0.0856347 0.99452
    outer loop
      vertex 1.90816 -2.82896 4.05871
      vertex 2.00572 -2.76064 4.05871
      vertex 1.36463 -2.02315 3.95655
    endloop
  endfacet
  facet normal -0.0229017 0.0263431 0.999391
    outer loop
      vertex 0.941945 -1.12257 3.88837
      vertex 0.980548 -1.08901 3.88837
      vertex 0.326982 -0.363151 3.85426
    endloop
  endfacet
  facet normal -0.0629137 0.0834958 0.99452
    outer loop
      vertex 2.00572 -2.76064 4.05871
      vertex 2.10085 -2.68896 4.05871
      vertex 1.50244 -1.92303 3.95655
    endloop
  endfacet
  facet normal 0.0342649 0.00666143 0.999391
    outer loop
      vertex -0.477988 -0.101599 3.85426
      vertex -0.481243 -0.084856 3.85426
      vertex -1.43338 -0.304675 3.88837
    endloop
  endfacet
  facet normal -0.0125092 0.032588 0.999391
    outer loop
      vertex 0.501198 -1.37703 3.88837
      vertex 0.54895 -1.3587 3.88837
      vertex 0.167133 -0.459197 3.85426
    endloop
  endfacet
  facet normal -0.0764602 0.071299 0.99452
    outer loop
      vertex 2.45463 -2.37041 4.05871
      vertex 2.53586 -2.2833 4.05871
      vertex 1.81354 -1.63292 3.95655
    endloop
  endfacet
  facet normal -0.0238071 0.025528 0.999391
    outer loop
      vertex 0.980548 -1.08901 3.88837
      vertex 1.01796 -1.05412 3.88837
      vertex 0.339457 -0.351518 3.85426
    endloop
  endfacet
  facet normal -0.025529 0.0238059 0.999391
    outer loop
      vertex 1.08901 -0.980548 3.88837
      vertex 0.363151 -0.326982 3.85426
      vertex 0.351518 -0.339457 3.85426
    endloop
  endfacet
  facet normal -0.0263431 0.0229017 0.999391
    outer loop
      vertex 1.08901 -0.980548 3.88837
      vertex 1.12257 -0.941945 3.88837
      vertex 0.363151 -0.326982 3.85426
    endloop
  endfacet
  facet normal -0.0147526 -0.0316356 0.999391
    outer loop
      vertex 0.214217 0.439211 3.85426
      vertex 0.642391 1.3171 3.88837
      vertex 0.198758 0.44642 3.85426
    endloop
  endfacet
  facet normal -0.0419874 0.055724 0.997563
    outer loop
      vertex 1.50244 -1.92303 3.95655
      vertex 0.902194 -1.15476 3.88837
      vertex 0.861344 -1.18554 3.88837
    endloop
  endfacet
  facet normal -0.0419875 0.0557239 0.997563
    outer loop
      vertex 1.43441 -1.97429 3.95655
      vertex 1.50244 -1.92303 3.95655
      vertex 0.861344 -1.18554 3.88837
    endloop
  endfacet
  facet normal 0.0321315 0.0136385 0.999391
    outer loop
      vertex -0.44642 -0.198758 3.85426
      vertex -0.453084 -0.183058 3.85426
      vertex -1.33872 -0.596034 3.88837
    endloop
  endfacet
  facet normal 0.0542227 0.043909 0.997563
    outer loop
      vertex -1.12257 -0.941945 3.88837
      vertex -1.15476 -0.902194 3.88837
      vertex -1.92303 -1.50244 3.95655
    endloop
  endfacet
  facet normal -0.0374699 0.0975998 0.99452
    outer loop
      vertex 1.16709 -3.20655 4.05871
      vertex 0.914175 -2.26266 3.95655
      vertex 0.834652 -2.29319 3.95655
    endloop
  endfacet
  facet normal -0.0340342 0.0988503 0.99452
    outer loop
      vertex 1.16709 -3.20655 4.05871
      vertex 0.834652 -2.29319 3.95655
      vertex 0.754112 -2.32092 3.95655
    endloop
  endfacet
  facet normal 0.0190071 -0.0292778 0.999391
    outer loop
      vertex -0.258954 0.414412 3.85426
      vertex -0.776546 1.24273 3.88837
      vertex -0.819445 1.21488 3.88837
    endloop
  endfacet
  facet normal -0.0294907 0.0632331 0.997563
    outer loop
      vertex 1.06978 -2.19338 3.95655
      vertex 0.642391 -1.3171 3.88837
      vertex 0.596034 -1.33872 3.88837
    endloop
  endfacet
  facet normal -0.031674 0.0621681 0.997563
    outer loop
      vertex 1.14568 -2.15471 3.95655
      vertex 0.687966 -1.29388 3.88837
      vertex 0.642391 -1.3171 3.88837
    endloop
  endfacet
  facet normal 0.0419875 0.0557239 0.997563
    outer loop
      vertex -1.43441 -1.97429 3.95655
      vertex -0.861344 -1.18554 3.88837
      vertex -1.50244 -1.92303 3.95655
    endloop
  endfacet
  facet normal 0.00903533 0.0337167 0.999391
    outer loop
      vertex -0.354513 -1.42188 3.88837
      vertex -0.134694 -0.469737 3.85426
      vertex -0.40392 -1.40864 3.88837
    endloop
  endfacet
  facet normal 0.0379985 0.0585171 0.997563
    outer loop
      vertex -1.29319 -2.06954 3.95655
      vertex -0.819445 -1.21488 3.88837
      vertex -1.36463 -2.02315 3.95655
    endloop
  endfacet
  facet normal 0.0379917 0.0585209 0.997563
    outer loop
      vertex -0.776546 -1.24273 3.88837
      vertex -0.819445 -1.21488 3.88837
      vertex -1.29319 -2.06954 3.95655
    endloop
  endfacet
  facet normal 0.0359359 0.0598059 0.997563
    outer loop
      vertex -1.22018 -2.11341 3.95655
      vertex -0.732703 -1.26908 3.88837
      vertex -1.29319 -2.06954 3.95655
    endloop
  endfacet
  facet normal 0.0359415 0.059802 0.997563
    outer loop
      vertex -0.732703 -1.26908 3.88837
      vertex -0.776546 -1.24273 3.88837
      vertex -1.29319 -2.06954 3.95655
    endloop
  endfacet
  facet normal -0.0158475 -0.0311015 0.999391
    outer loop
      vertex 0.229415 0.431467 3.85426
      vertex 0.687966 1.29388 3.88837
      vertex 0.214217 0.439211 3.85426
    endloop
  endfacet
  facet normal 0.0204035 0.0667214 0.997563
    outer loop
      vertex -0.672654 -2.34583 3.95655
      vertex -0.452835 -1.39368 3.88837
      vertex -0.754112 -2.32092 3.95655
    endloop
  endfacet
  facet normal 0.022712 0.0659713 0.997563
    outer loop
      vertex -0.452835 -1.39368 3.88837
      vertex -0.501198 -1.37703 3.88837
      vertex -0.754112 -2.32092 3.95655
    endloop
  endfacet
  facet normal 0.0294907 0.0632331 0.997563
    outer loop
      vertex -0.596034 -1.33872 3.88837
      vertex -0.642391 -1.3171 3.88837
      vertex -1.06978 -2.19338 3.95655
    endloop
  endfacet
  facet normal 0.00903493 0.0337167 0.999391
    outer loop
      vertex -0.118218 -0.474152 3.85426
      vertex -0.134694 -0.469737 3.85426
      vertex -0.354513 -1.42188 3.88837
    endloop
  endfacet
  facet normal 0.00784833 0.0340126 0.999391
    outer loop
      vertex -0.304675 -1.43338 3.88837
      vertex -0.118218 -0.474152 3.85426
      vertex -0.354513 -1.42188 3.88837
    endloop
  endfacet
  facet normal 0.0147526 0.0316356 0.999391
    outer loop
      vertex -0.198758 -0.44642 3.85426
      vertex -0.214217 -0.439211 3.85426
      vertex -0.642391 -1.3171 3.88837
    endloop
  endfacet
  facet normal 0.0348587 -0.00182212 0.999391
    outer loop
      vertex -0.487476 0.0340872 3.85426
      vertex -1.46184 0.102221 3.88837
      vertex -1.46451 0.0511417 3.88837
    endloop
  endfacet
  facet normal 0.0347733 -0.00304364 0.999391
    outer loop
      vertex -0.487476 0.0340872 3.85426
      vertex -1.45738 0.153176 3.88837
      vertex -1.46184 0.102221 3.88837
    endloop
  endfacet
  facet normal 0.0679856 0.0156875 0.997563
    outer loop
      vertex -1.42188 -0.354513 3.88837
      vertex -1.43338 -0.304675 3.88837
      vertex -2.36787 -0.590376 3.95655
    endloop
  endfacet
  facet normal 0.0679836 0.0156943 0.997563
    outer loop
      vertex -2.36787 -0.590376 3.95655
      vertex -1.43338 -0.304675 3.88837
      vertex -2.38703 -0.50738 3.95655
    endloop
  endfacet
  facet normal 0.0340121 0.00785069 0.999391
    outer loop
      vertex -0.474152 -0.118218 3.85426
      vertex -0.477988 -0.101599 3.85426
      vertex -1.43338 -0.304675 3.88837
    endloop
  endfacet
  facet normal 0.0344757 0.00546615 0.999391
    outer loop
      vertex -1.44314 -0.254465 3.88837
      vertex -0.483912 -0.0680084 3.85426
      vertex -1.45115 -0.203945 3.88837
    endloop
  endfacet
  facet normal 0.0696767 0.00364212 0.997563
    outer loop
      vertex -1.46184 -0.102221 3.88837
      vertex -1.46451 -0.0511417 3.88837
      vertex -2.43442 -0.170231 3.95655
    endloop
  endfacet
  facet normal 0.0696763 0.00364501 0.997563
    outer loop
      vertex -2.43442 -0.170231 3.95655
      vertex -1.46451 -0.0511417 3.88837
      vertex -2.43887 -0.0851669 3.95655
    endloop
  endfacet
  facet normal 0.0219673 -0.0271272 0.999391
    outer loop
      vertex -0.300853 0.385075 3.85426
      vertex -0.902194 1.15476 3.88837
      vertex -0.941945 1.12257 3.88837
    endloop
  endfacet
  facet normal 0.0305292 0.0169239 0.999391
    outer loop
      vertex -1.26908 -0.732703 3.88837
      vertex -0.431467 -0.229415 3.85426
      vertex -1.29388 -0.687966 3.88837
    endloop
  endfacet
  facet normal 0.0695061 -0.00608375 0.997563
    outer loop
      vertex -1.46184 0.102221 3.88837
      vertex -1.45738 0.153176 3.88837
      vertex -2.42699 0.255087 3.95655
    endloop
  endfacet
  facet normal 0.0692524 -0.00849814 0.997563
    outer loop
      vertex -1.45738 0.153176 3.88837
      vertex -1.45115 0.203945 3.88837
      vertex -2.42699 0.255087 3.95655
    endloop
  endfacet
  facet normal 0.055724 -0.0419874 0.997563
    outer loop
      vertex -1.18554 0.861344 3.88837
      vertex -1.15476 0.902194 3.88837
      vertex -1.92303 1.50244 3.95655
    endloop
  endfacet
  facet normal -0.000614193 -0.034901 0.999391
    outer loop
      vertex 0.0170536 0.488369 3.85426
      vertex 0.0511417 1.46451 3.88837
      vertex 0 1.46541 3.88837
    endloop
  endfacet
  facet normal -0.0305292 0.0169239 0.999391
    outer loop
      vertex 1.26908 -0.732703 3.88837
      vertex 1.29388 -0.687966 3.88837
      vertex 0.431467 -0.229415 3.85426
    endloop
  endfacet
  facet normal -0.00425155 0.0346464 0.999391
    outer loop
      vertex 0.153176 -1.45738 3.88837
      vertex 0.203945 -1.45115 3.88837
      vertex 0.0680084 -0.483912 3.85426
    endloop
  endfacet
  facet normal -0.00849814 0.0692524 0.997563
    outer loop
      vertex 0.255087 -2.42699 3.95655
      vertex 0.203945 -1.45115 3.88837
      vertex 0.153176 -1.45738 3.88837
    endloop
  endfacet
  facet normal -0.00182571 0.104529 0.99452
    outer loop
      vertex 0.119088 -3.41026 4.05871
      vertex 0.0851669 -2.43887 3.95655
      vertex 0 -3.41234 4.05871
    endloop
  endfacet
  facet normal -0.00182874 0.104529 0.99452
    outer loop
      vertex 0.0851669 -2.43887 3.95655
      vertex 0 -2.44036 3.95655
      vertex 0 -3.41234 4.05871
    endloop
  endfacet
  facet normal 0.00122047 0.069761 0.997563
    outer loop
      vertex 0 -2.44036 3.95655
      vertex -0.0511417 -1.46451 3.88837
      vertex -0.0851669 -2.43887 3.95655
    endloop
  endfacet
  facet normal 0.00364501 0.0696763 0.997563
    outer loop
      vertex -0.0851669 -2.43887 3.95655
      vertex -0.0511417 -1.46451 3.88837
      vertex -0.170231 -2.43442 3.95655
    endloop
  endfacet
  facet normal 0.0163485 0.103259 0.99452
    outer loop
      vertex -0.339632 -2.41661 3.95655
      vertex -0.423763 -2.40329 3.95655
      vertex -0.592546 -3.3605 4.05871
    endloop
  endfacet
  facet normal 0.0199559 0.102623 0.99452
    outer loop
      vertex -0.423763 -2.40329 3.95655
      vertex -0.50738 -2.38703 3.95655
      vertex -0.592546 -3.3605 4.05871
    endloop
  endfacet
  facet normal 0.0133132 0.0684892 0.997563
    outer loop
      vertex -0.254465 -1.44314 3.88837
      vertex -0.304675 -1.43338 3.88837
      vertex -0.423763 -2.40329 3.95655
    endloop
  endfacet
  facet normal 0.0133182 0.0684886 0.997563
    outer loop
      vertex -0.423763 -2.40329 3.95655
      vertex -0.304675 -1.43338 3.88837
      vertex -0.50738 -2.38703 3.95655
    endloop
  endfacet
  facet normal 0.00546177 0.0344765 0.999391
    outer loop
      vertex -0.0680084 -0.483912 3.85426
      vertex -0.084856 -0.481243 3.85426
      vertex -0.254465 -1.44314 3.88837
    endloop
  endfacet
  facet normal 0.00666058 0.0342651 0.999391
    outer loop
      vertex -0.254465 -1.44314 3.88837
      vertex -0.084856 -0.481243 3.85426
      vertex -0.304675 -1.43338 3.88837
    endloop
  endfacet
  facet normal -0.0333811 0.0102055 0.999391
    outer loop
      vertex 1.40864 -0.40392 3.88837
      vertex 0.469737 -0.134694 3.85426
      vertex 0.46475 -0.151006 3.85426
    endloop
  endfacet
  facet normal 0.0299187 -0.0179814 0.999391
    outer loop
      vertex -0.414412 0.258954 3.85426
      vertex -1.24273 0.776546 3.88837
      vertex -1.26908 0.732703 3.88837
    endloop
  endfacet
  facet normal 0.010926 0.0689115 0.997563
    outer loop
      vertex -0.203945 -1.45115 3.88837
      vertex -0.254465 -1.44314 3.88837
      vertex -0.339632 -2.41661 3.95655
    endloop
  endfacet
  facet normal 0.00546615 0.0344757 0.999391
    outer loop
      vertex -0.203945 -1.45115 3.88837
      vertex -0.0680084 -0.483912 3.85426
      vertex -0.254465 -1.44314 3.88837
    endloop
  endfacet
  facet normal 0.0316349 0.0147539 0.999391
    outer loop
      vertex -1.3171 -0.642391 3.88837
      vertex -0.44642 -0.198758 3.85426
      vertex -1.33872 -0.596034 3.88837
    endloop
  endfacet
  facet normal -0.0263454 0.022899 0.999391
    outer loop
      vertex 1.12257 -0.941945 3.88837
      vertex 0.37434 -0.314109 3.85426
      vertex 0.363151 -0.326982 3.85426
    endloop
  endfacet
  facet normal 0.0156875 0.0679856 0.997563
    outer loop
      vertex -0.304675 -1.43338 3.88837
      vertex -0.354513 -1.42188 3.88837
      vertex -0.590376 -2.36787 3.95655
    endloop
  endfacet
  facet normal 0.0156943 0.0679836 0.997563
    outer loop
      vertex -0.50738 -2.38703 3.95655
      vertex -0.304675 -1.43338 3.88837
      vertex -0.590376 -2.36787 3.95655
    endloop
  endfacet
  facet normal 0.145652 0.0945901 0.984804
    outer loop
      vertex -4.42926 -2.98757 4.36444
      vertex -3.63132 -2.44936 4.19473
      vertex -4.53083 -2.83117 4.36444
    endloop
  endfacet
  facet normal 0.145654 0.094585 0.984804
    outer loop
      vertex -3.63132 -2.44936 4.19473
      vertex -3.71459 -2.32113 4.19473
      vertex -4.53083 -2.83117 4.36444
    endloop
  endfacet
  facet normal 0.0685927 0.078897 0.99452
    outer loop
      vertex -2.19341 -2.61401 4.05871
      vertex -1.63292 -1.81354 3.95655
      vertex -2.2833 -2.53586 4.05871
    endloop
  endfacet
  facet normal 0.091327 0.105046 0.990265
    outer loop
      vertex -2.19341 -2.61401 4.05871
      vertex -2.2833 -2.53586 4.05871
      vertex -2.81552 -3.3554 4.19473
    endloop
  endfacet
  facet normal 0.0996117 0.142265 0.984804
    outer loop
      vertex -2.98757 -4.42926 4.36444
      vertex -2.44936 -3.63132 4.19473
      vertex -3.14033 -4.3223 4.36444
    endloop
  endfacet
  facet normal 0.0837654 0.111169 0.990265
    outer loop
      vertex -2.00572 -2.76064 4.05871
      vertex -2.10085 -2.68896 4.05871
      vertex -2.6967 -3.45162 4.19473
    endloop
  endfacet
  facet normal 0.0510299 0.0475815 0.997563
    outer loop
      vertex -1.75545 -1.69522 3.95655
      vertex -1.05412 -1.01796 3.88837
      vertex -1.81354 -1.63292 3.95655
    endloop
  endfacet
  facet normal 0.0278773 0.0210072 0.999391
    outer loop
      vertex -0.385075 -0.300853 3.85426
      vertex -0.39534 -0.287231 3.85426
      vertex -1.15476 -0.902194 3.88837
    endloop
  endfacet
  facet normal 0.0585209 0.0379917 0.997563
    outer loop
      vertex -1.21488 -0.819445 3.88837
      vertex -1.24273 -0.776546 3.88837
      vertex -2.06954 -1.29319 3.95655
    endloop
  endfacet
  facet normal 0.0812475 0.0657898 0.99452
    outer loop
      vertex -2.61401 -2.19341 4.05871
      vertex -1.86942 -1.56863 3.95655
      vertex -2.68896 -2.10085 4.05871
    endloop
  endfacet
  facet normal 0.0789042 0.0685824 0.99452
    outer loop
      vertex -1.81354 -1.63292 3.95655
      vertex -1.86942 -1.56863 3.95655
      vertex -2.61401 -2.19341 4.05871
    endloop
  endfacet
  facet normal 0.127018 0.118441 0.984804
    outer loop
      vertex -3.84318 -3.71132 4.36444
      vertex -3.15083 -3.04272 4.19473
      vertex -3.97036 -3.57493 4.36444
    endloop
  endfacet
  facet normal 0.152082 0.141812 0.978141
    outer loop
      vertex -3.84318 -3.71132 4.36444
      vertex -3.97036 -3.57493 4.36444
      vertex -4.68079 -4.21461 4.56764
    endloop
  endfacet
  facet normal 0.118442 0.127018 0.984804
    outer loop
      vertex -2.9309 -3.2551 4.19473
      vertex -3.04272 -3.15083 4.19473
      vertex -3.57493 -3.97036 4.36444
    endloop
  endfacet
  facet normal 0.16502 0.17695 0.970287
    outer loop
      vertex -4.21461 -4.68079 4.56764
      vertex -4.37539 -4.53085 4.56764
      vertex -5.03414 -5.21301 4.80408
    endloop
  endfacet
  facet normal 0.100809 0.181871 0.978141
    outer loop
      vertex -2.50822 -4.71728 4.36444
      vertex -2.67133 -4.62687 4.36444
      vertex -2.95703 -5.56136 4.56764
    endloop
  endfacet
  facet normal 0.0674886 0.12174 0.990265
    outer loop
      vertex -2.05636 -3.86746 4.19473
      vertex -1.70617 -2.95517 4.05871
      vertex -2.19008 -3.79333 4.19473
    endloop
  endfacet
  facet normal 0.0745185 0.19413 0.978141
    outer loop
      vertex -2.00139 -4.95362 4.36444
      vertex -2.08705 -5.73412 4.52587
      vertex -1.82729 -5.02045 4.36444
    endloop
  endfacet
  facet normal 0.0745533 0.194125 0.97814
    outer loop
      vertex -2.08705 -5.73412 4.52587
      vertex -2.00139 -4.95362 4.36444
      vertex -2.12463 -5.73173 4.52826
    endloop
  endfacet
  facet normal 0.0812528 0.191407 0.978142
    outer loop
      vertex -2.17305 -4.88075 4.36444
      vertex -2.52741 -5.70485 4.55514
      vertex -2.00139 -4.95362 4.36444
    endloop
  endfacet
  facet normal 0.0808929 0.191562 0.978141
    outer loop
      vertex -2.52741 -5.70485 4.55514
      vertex -2.17305 -4.88075 4.36444
      vertex -2.53958 -5.704 4.55598
    endloop
  endfacet
  facet normal 0.113942 0.131069 0.984804
    outer loop
      vertex -3.43419 -4.09271 4.36444
      vertex -2.81552 -3.3554 4.19473
      vertex -3.57493 -3.97036 4.36444
    endloop
  endfacet
  facet normal 0.109294 0.134969 0.984804
    outer loop
      vertex -3.28926 -4.21007 4.36444
      vertex -2.81552 -3.3554 4.19473
      vertex -3.43419 -4.09271 4.36444
    endloop
  endfacet
  facet normal 0.079836 0.114023 0.990265
    outer loop
      vertex -2.44936 -3.63132 4.19473
      vertex -2.00572 -2.76064 4.05871
      vertex -2.5746 -3.54363 4.19473
    endloop
  endfacet
  facet normal 0.0837697 0.111165 0.990265
    outer loop
      vertex -2.5746 -3.54363 4.19473
      vertex -2.00572 -2.76064 4.05871
      vertex -2.6967 -3.45162 4.19473
    endloop
  endfacet
  facet normal 0.145611 0.19324 0.970286
    outer loop
      vertex -4.12284 -5.54062 4.71937
      vertex -3.87782 -4.96339 4.56764
      vertex -4.31046 -5.51714 4.74285
    endloop
  endfacet
  facet normal 0.152244 0.188058 0.970287
    outer loop
      vertex -4.31046 -5.51714 4.74285
      vertex -3.87782 -4.96339 4.56764
      vertex -4.56779 -5.48331 4.77667
    endloop
  endfacet
  facet normal 0.0621682 -0.0316739 0.997563
    outer loop
      vertex -1.3171 0.642391 3.88837
      vertex -2.15471 1.14568 3.95655
      vertex -2.19338 1.06978 3.95655
    endloop
  endfacet
  facet normal 0.0931515 -0.0474594 0.99452
    outer loop
      vertex -2.19338 1.06978 3.95655
      vertex -2.15471 1.14568 3.95655
      vertex -3.01292 1.602 4.05871
    endloop
  endfacet
  facet normal 0.0834958 -0.0629137 0.99452
    outer loop
      vertex -1.92303 1.50244 3.95655
      vertex -2.68896 2.10085 4.05871
      vertex -2.76064 2.00572 4.05871
    endloop
  endfacet
  facet normal 0.0856387 -0.0599643 0.99452
    outer loop
      vertex -2.02315 1.36463 3.95655
      vertex -1.97429 1.43441 3.95655
      vertex -2.76064 2.00572 4.05871
    endloop
  endfacet
  facet normal 0.0333811 0.0102055 0.999391
    outer loop
      vertex -0.46475 -0.151006 3.85426
      vertex -0.469737 -0.134694 3.85426
      vertex -1.40864 -0.40392 3.88837
    endloop
  endfacet
  facet normal 0.0337167 0.00903533 0.999391
    outer loop
      vertex -1.40864 -0.40392 3.88837
      vertex -0.469737 -0.134694 3.85426
      vertex -1.42188 -0.354513 3.88837
    endloop
  endfacet
  facet normal 0.138699 -0.10452 0.984804
    outer loop
      vertex -3.54363 2.5746 4.19473
      vertex -4.21007 3.28926 4.36444
      vertex -4.3223 3.14033 4.36444
    endloop
  endfacet
  facet normal 0.1387 -0.104519 0.984804
    outer loop
      vertex -3.54363 2.5746 4.19473
      vertex -3.45162 2.6967 4.19473
      vertex -4.21007 3.28926 4.36444
    endloop
  endfacet
  facet normal 0.131071 -0.11394 0.984803
    outer loop
      vertex -3.3554 2.81552 4.19473
      vertex -3.2551 2.9309 4.19473
      vertex -3.97036 3.57493 4.36444
    endloop
  endfacet
  facet normal 0.105051 -0.0913206 0.990265
    outer loop
      vertex -2.53586 2.2833 4.05871
      vertex -3.2551 2.9309 4.19473
      vertex -3.3554 2.81552 4.19473
    endloop
  endfacet
  facet normal -0.208052 -0.180848 0.961253
    outer loop
      vertex 5.38552 4.84914 4.80408
      vertex 5.63804 4.99996 4.88711
      vertex 5.59706 5.03961 4.8857
    endloop
  endfacet
  facet normal -0.208068 -0.180823 0.961255
    outer loop
      vertex 5.63804 4.99996 4.88711
      vertex 5.38552 4.84914 4.80408
      vertex 5.65829 4.97634 4.88705
    endloop
  endfacet
  facet normal -0.208003 -0.180965 0.961242
    outer loop
      vertex 5.38552 4.84914 4.80408
      vertex 5.68239 4.9413 4.88567
      vertex 5.66189 4.97214 4.88704
    endloop
  endfacet
  facet normal -0.208134 -0.180689 0.961266
    outer loop
      vertex 5.38552 4.84914 4.80408
      vertex 5.66189 4.97214 4.88704
      vertex 5.65829 4.97634 4.88705
    endloop
  endfacet
  facet normal -0.208004 -0.180871 0.96126
    outer loop
      vertex 5.68239 4.9413 4.88567
      vertex 5.55147 4.65824 4.80408
      vertex 5.75202 4.82652 4.87914
    endloop
  endfacet
  facet normal -0.208042 -0.180852 0.961255
    outer loop
      vertex 5.68239 4.9413 4.88567
      vertex 5.38552 4.84914 4.80408
      vertex 5.55147 4.65824 4.80408
    endloop
  endfacet
  facet normal 0.220124 0.165936 0.961255
    outer loop
      vertex -5.86495 -4.5822 4.86022
      vertex -5.71066 -4.46166 4.80408
      vertex -5.88038 -4.5268 4.85419
    endloop
  endfacet
  facet normal 0.214229 0.173453 0.96126
    outer loop
      vertex -5.75202 -4.82652 4.87914
      vertex -5.55147 -4.65824 4.80408
      vertex -5.79157 -4.76016 4.87598
    endloop
  endfacet
  facet normal 0.187618 0.201825 0.961284
    outer loop
      vertex -5.03414 -5.21301 4.80408
      vertex -5.12776 -5.36751 4.85479
      vertex -5.11518 -5.37206 4.85329
    endloop
  endfacet
  facet normal 0.188102 0.201521 0.961253
    outer loop
      vertex -5.12776 -5.36751 4.85479
      vertex -5.03414 -5.21301 4.80408
      vertex -5.16499 -5.3485 4.85809
    endloop
  endfacet
  facet normal 0.131767 0.202911 0.970291
    outer loop
      vertex -3.52215 -5.2218 4.56764
      vertex -3.61544 -5.60048 4.6595
      vertex -3.33776 -5.34154 4.56764
    endloop
  endfacet
  facet normal 0.131791 0.202905 0.970289
    outer loop
      vertex -3.61544 -5.60048 4.6595
      vertex -3.52215 -5.2218 4.56764
      vertex -3.76615 -5.58355 4.67643
    endloop
  endfacet
  facet normal 0.0944029 0.185278 0.978141
    outer loop
      vertex -2.76114 -5.66117 4.56764
      vertex -2.50822 -4.71728 4.36444
      vertex -2.95703 -5.56136 4.56764
    endloop
  endfacet
  facet normal 0.102251 0.219259 0.970294
    outer loop
      vertex -2.69428 -5.69235 4.56764
      vertex -2.76114 -5.66117 4.56764
      vertex -2.77304 -5.68558 4.57441
    endloop
  endfacet
  facet normal 0.0879042 0.188441 0.978143
    outer loop
      vertex -2.76114 -5.66117 4.56764
      vertex -2.53958 -5.704 4.55598
      vertex -2.17305 -4.88075 4.36444
    endloop
  endfacet
  facet normal 0.0879205 0.18853 0.978124
    outer loop
      vertex -2.53958 -5.704 4.55598
      vertex -2.76114 -5.66117 4.56764
      vertex -2.69428 -5.69235 4.56764
    endloop
  endfacet
  facet normal 0.142265 0.0996117 0.984804
    outer loop
      vertex -4.3223 -3.14033 4.36444
      vertex -3.63132 -2.44936 4.19473
      vertex -4.42926 -2.98757 4.36444
    endloop
  endfacet
  facet normal 0.170338 0.119268 0.978141
    outer loop
      vertex -4.3223 -3.14033 4.36444
      vertex -4.42926 -2.98757 4.36444
      vertex -5.2218 -3.52215 4.56764
    endloop
  endfacet
  facet normal 0.193236 0.145615 0.970287
    outer loop
      vertex -4.96339 -3.87782 4.56764
      vertex -5.0957 -3.70224 4.56764
      vertex -5.86289 -4.25964 4.80408
    endloop
  endfacet
  facet normal 0.198201 0.138781 0.970287
    outer loop
      vertex -5.0957 -3.70224 4.56764
      vertex -5.2218 -3.52215 4.56764
      vertex -5.86289 -4.25964 4.80408
    endloop
  endfacet
  facet normal 0.188037 0.152269 0.970287
    outer loop
      vertex -4.82503 -4.04868 4.56764
      vertex -4.96339 -3.87782 4.56764
      vertex -5.55147 -4.65824 4.80408
    endloop
  endfacet
  facet normal 0.182608 0.158738 0.970287
    outer loop
      vertex -4.68079 -4.21461 4.56764
      vertex -4.82503 -4.04868 4.56764
      vertex -5.55147 -4.65824 4.80408
    endloop
  endfacet
  facet normal 0.198856 0.0607995 0.978141
    outer loop
      vertex -5.99035 -1.94638 4.56764
      vertex -5.13569 -1.47263 4.36444
      vertex -6.05463 -1.73614 4.56764
    endloop
  endfacet
  facet normal 0.233699 0.0626177 0.970291
    outer loop
      vertex -6.17483 -1.55886 4.58515
      vertex -6.05463 -1.73614 4.56764
      vertex -6.11153 -1.52378 4.56764
    endloop
  endfacet
  facet normal 0.233695 0.0626145 0.970292
    outer loop
      vertex -6.05463 -1.73614 4.56764
      vertex -6.17483 -1.55886 4.58515
      vertex -6.16398 -1.76749 4.596
    endloop
  endfacet
  facet normal -0.0125093 -0.032588 0.999391
    outer loop
      vertex 0.183058 0.453084 3.85426
      vertex 0.54895 1.3587 3.88837
      vertex 0.167133 0.459197 3.85426
    endloop
  endfacet
  facet normal 0.0651377 -0.0250036 0.997563
    outer loop
      vertex -1.37703 0.501198 3.88837
      vertex -1.3587 0.54895 3.88837
      vertex -2.26266 0.914175 3.95655
    endloop
  endfacet
  facet normal 0.0988503 -0.0340342 0.99452
    outer loop
      vertex -2.32092 0.754112 3.95655
      vertex -2.29319 0.834652 3.95655
      vertex -3.20655 1.16709 4.05871
    endloop
  endfacet
  facet normal 0.0975998 -0.0374699 0.99452
    outer loop
      vertex -2.29319 0.834652 3.95655
      vertex -2.26266 0.914175 3.95655
      vertex -3.20655 1.16709 4.05871
    endloop
  endfacet
  facet normal 0.0673935 -0.01806 0.997563
    outer loop
      vertex -1.42188 0.354513 3.88837
      vertex -1.40864 0.40392 3.88837
      vertex -2.34583 0.672654 3.95655
    endloop
  endfacet
  facet normal 0.0673957 -0.0180535 0.997563
    outer loop
      vertex -1.42188 0.354513 3.88837
      vertex -2.34583 0.672654 3.95655
      vertex -2.36787 0.590376 3.95655
    endloop
  endfacet
  facet normal 0.0684892 -0.0133132 0.997563
    outer loop
      vertex -1.44314 0.254465 3.88837
      vertex -1.43338 0.304675 3.88837
      vertex -2.40329 0.423763 3.95655
    endloop
  endfacet
  facet normal 0.0684886 -0.0133182 0.997563
    outer loop
      vertex -1.43338 0.304675 3.88837
      vertex -2.38703 0.50738 3.95655
      vertex -2.40329 0.423763 3.95655
    endloop
  endfacet
  facet normal 0.138667 -0.0121272 0.990265
    outer loop
      vertex -3.40403 0.238032 4.05871
      vertex -4.35617 0.457851 4.19473
      vertex -4.36949 0.305545 4.19473
    endloop
  endfacet
  facet normal 0.139005 -0.00729256 0.990265
    outer loop
      vertex -3.40403 0.238032 4.05871
      vertex -4.36949 0.305545 4.19473
      vertex -4.3775 0.152865 4.19473
    endloop
  endfacet
  facet normal 0.205382 -0.0325295 0.978141
    outer loop
      vertex -5.29066 0.743553 4.36444
      vertex -6.19428 1.09042 4.56571
      vertex -6.2003 0.871394 4.55969
    endloop
  endfacet
  facet normal 0.206398 -0.0252972 0.978141
    outer loop
      vertex -6.20046 0.863902 4.55953
      vertex -5.29066 0.743553 4.36444
      vertex -6.2003 0.871394 4.55969
    endloop
  endfacet
  facet normal 0.206393 -0.0253343 0.978141
    outer loop
      vertex -5.29066 0.743553 4.36444
      vertex -6.20046 0.863902 4.55953
      vertex -5.31338 0.558458 4.36444
    endloop
  endfacet
  facet normal 0.0659713 0.022712 0.997563
    outer loop
      vertex -1.37703 -0.501198 3.88837
      vertex -1.39368 -0.452835 3.88837
      vertex -2.32092 -0.754112 3.95655
    endloop
  endfacet
  facet normal 0.0667214 0.0204035 0.997563
    outer loop
      vertex -2.32092 -0.754112 3.95655
      vertex -1.39368 -0.452835 3.88837
      vertex -2.34583 -0.672654 3.95655
    endloop
  endfacet
  facet normal -0.0158462 0.0311022 0.999391
    outer loop
      vertex 0.642391 -1.3171 3.88837
      vertex 0.687966 -1.29388 3.88837
      vertex 0.214217 -0.439211 3.85426
    endloop
  endfacet
  facet normal 0.025529 0.0238059 0.999391
    outer loop
      vertex -0.351518 -0.339457 3.85426
      vertex -0.363151 -0.326982 3.85426
      vertex -1.08901 -0.980548 3.88837
    endloop
  endfacet
  facet normal 0.020021 -0.0285938 0.999391
    outer loop
      vertex -0.287231 0.39534 3.85426
      vertex -0.273259 0.405123 3.85426
      vertex -0.819445 1.21488 3.88837
    endloop
  endfacet
  facet normal 0.134451 0.0360294 0.990265
    outer loop
      vertex -3.28015 -0.940568 4.05871
      vertex -3.31098 -0.82552 4.05871
      vertex -4.25006 -1.05966 4.19473
    endloop
  endfacet
  facet normal 0.202613 0.0467782 0.978141
    outer loop
      vertex -5.18395 -1.2925 4.36444
      vertex -5.2259 -1.1108 4.36444
      vertex -6.11153 -1.52378 4.56764
    endloop
  endfacet
  facet normal 0.138666 0.0121306 0.990265
    outer loop
      vertex -3.39365 -0.356687 4.05871
      vertex -3.40403 -0.238032 4.05871
      vertex -4.35617 -0.457851 4.19473
    endloop
  endfacet
  facet normal 0.103765 0.0127448 0.99452
    outer loop
      vertex -3.37913 -0.474906 4.05871
      vertex -2.41661 -0.339632 3.95655
      vertex -3.39365 -0.356687 4.05871
    endloop
  endfacet
  facet normal 0.225848 0.0867644 0.970291
    outer loop
      vertex -6.12997 -2.30213 4.63002
      vertex -5.91878 -2.15426 4.56764
      vertex -6.13498 -2.23295 4.625
    endloop
  endfacet
  facet normal 0.222717 0.0945477 0.970288
    outer loop
      vertex -6.11767 -2.4717 4.64231
      vertex -5.75408 -2.56188 4.56764
      vertex -5.83999 -2.35951 4.56764
    endloop
  endfacet
  facet normal 0.222706 0.0944984 0.970295
    outer loop
      vertex -5.75408 -2.56188 4.56764
      vertex -6.11767 -2.4717 4.64231
      vertex -6.10611 -2.61764 4.65387
    endloop
  endfacet
  facet normal 0.159864 0.0678628 0.984804
    outer loop
      vertex -4.88075 -2.17305 4.36444
      vertex -4.06122 -1.64084 4.19473
      vertex -4.95362 -2.00139 4.36444
    endloop
  endfacet
  facet normal 0.19141 0.081254 0.978141
    outer loop
      vertex -4.88075 -2.17305 4.36444
      vertex -4.95362 -2.00139 4.36444
      vertex -5.75408 -2.56188 4.56764
    endloop
  endfacet
  facet normal 0.164211 0.0565394 0.984804
    outer loop
      vertex -4.11601 -1.4981 4.19473
      vertex -4.16578 -1.35355 4.19473
      vertex -5.02045 -1.82729 4.36444
    endloop
  endfacet
  facet normal 0.131612 0.0453154 0.990265
    outer loop
      vertex -4.11601 -1.4981 4.19473
      vertex -3.20655 -1.16709 4.05871
      vertex -4.16578 -1.35355 4.19473
    endloop
  endfacet
  facet normal 0.178243 0.107097 0.978141
    outer loop
      vertex -5.34154 -3.33776 4.56764
      vertex -4.62687 -2.67133 4.36444
      vertex -5.45477 -3.14931 4.56764
    endloop
  endfacet
  facet normal 0.154745 0.0788439 0.984803
    outer loop
      vertex -4.71728 -2.50822 4.36444
      vertex -3.93687 -1.92014 4.19473
      vertex -4.80194 -2.34206 4.36444
    endloop
  endfacet
  facet normal 0.128128 0.0543928 0.990265
    outer loop
      vertex -3.11733 -1.38792 4.05871
      vertex -3.16387 -1.27829 4.05871
      vertex -4.06122 -1.64084 4.19473
    endloop
  endfacet
  facet normal 0.129952 0.0498774 0.990265
    outer loop
      vertex -3.16387 -1.27829 4.05871
      vertex -3.20655 -1.16709 4.05871
      vertex -4.06122 -1.64084 4.19473
    endloop
  endfacet
  facet normal 0.124026 0.0631873 0.990265
    outer loop
      vertex -3.01292 -1.602 4.05871
      vertex -3.06699 -1.49587 4.05871
      vertex -3.93687 -1.92014 4.19473
    endloop
  endfacet
  facet normal 0.126152 0.058828 0.990265
    outer loop
      vertex -3.06699 -1.49587 4.05871
      vertex -3.11733 -1.38792 4.05871
      vertex -3.93687 -1.92014 4.19473
    endloop
  endfacet
  facet normal 0.0999776 0.0305633 0.99452
    outer loop
      vertex -3.24533 -1.05447 4.05871
      vertex -2.32092 -0.754112 3.95655
      vertex -3.28015 -0.940568 4.05871
    endloop
  endfacet
  facet normal 0.0988486 0.0340379 0.99452
    outer loop
      vertex -3.20655 -1.16709 4.05871
      vertex -2.32092 -0.754112 3.95655
      vertex -3.24533 -1.05447 4.05871
    endloop
  endfacet
  facet normal 0.16775 0.044959 0.984804
    outer loop
      vertex -4.21048 -1.20734 4.19473
      vertex -4.25006 -1.05966 4.19473
      vertex -5.13569 -1.47263 4.36444
    endloop
  endfacet
  facet normal 0.13445 0.0360342 0.990265
    outer loop
      vertex -4.21048 -1.20734 4.19473
      vertex -3.28015 -0.940568 4.05871
      vertex -4.25006 -1.05966 4.19473
    endloop
  endfacet
  facet normal 0.215582 0.109843 0.970288
    outer loop
      vertex -6.077 -2.96395 4.68299
      vertex -5.56136 -2.95703 4.56764
      vertex -5.66117 -2.76114 4.56764
    endloop
  endfacet
  facet normal 0.215581 0.109868 0.970285
    outer loop
      vertex -5.56136 -2.95703 4.56764
      vertex -6.077 -2.96395 4.68299
      vertex -6.06683 -3.07372 4.69316
    endloop
  endfacet
  facet normal 0.219283 0.102246 0.970289
    outer loop
      vertex -6.08829 -2.83252 4.67169
      vertex -5.66117 -2.76114 4.56764
      vertex -5.75408 -2.56188 4.56764
    endloop
  endfacet
  facet normal 0.219281 0.102259 0.970288
    outer loop
      vertex -5.66117 -2.76114 4.56764
      vertex -6.08829 -2.83252 4.67169
      vertex -6.077 -2.96395 4.68299
    endloop
  endfacet
  facet normal 0.124023 0.0631951 0.990265
    outer loop
      vertex -3.86746 -2.05636 4.19473
      vertex -3.01292 -1.602 4.05871
      vertex -3.93687 -1.92014 4.19473
    endloop
  endfacet
  facet normal 0.154742 0.0788478 0.984804
    outer loop
      vertex -3.86746 -2.05636 4.19473
      vertex -3.93687 -1.92014 4.19473
      vertex -4.71728 -2.50822 4.36444
    endloop
  endfacet
  facet normal 0.043909 -0.0542227 0.997563
    outer loop
      vertex -0.941945 1.12257 3.88837
      vertex -0.902194 1.15476 3.88837
      vertex -1.50244 1.92303 3.95655
    endloop
  endfacet
  facet normal 0.0439142 -0.054219 0.997563
    outer loop
      vertex -0.941945 1.12257 3.88837
      vertex -1.50244 1.92303 3.95655
      vertex -1.56863 1.86942 3.95655
    endloop
  endfacet
  facet normal 0.0181252 -0.207151 0.978141
    outer loop
      vertex -0.49936 5.79471 4.46528
      vertex -0.372684 5.32964 4.36444
      vertex -0.405306 5.79614 4.46384
    endloop
  endfacet
  facet normal 0.0181309 -0.207149 0.978141
    outer loop
      vertex -0.372684 5.32964 4.36444
      vertex -0.49936 5.79471 4.46528
      vertex -0.558458 5.31338 4.36444
    endloop
  endfacet
  facet normal 0.0180941 -0.207145 0.978143
    outer loop
      vertex -0.558458 5.31338 4.36444
      vertex -0.49936 5.79471 4.46528
      vertex -0.608871 5.79303 4.46695
    endloop
  endfacet
  facet normal -0.0325543 -0.205376 0.978142
    outer loop
      vertex 0.933451 5.78536 4.47463
      vertex 0.813542 5.78865 4.47133
      vertex 0.743553 5.29066 4.36444
    endloop
  endfacet
  facet normal -0.0253405 -0.20639 0.978142
    outer loop
      vertex 0.722776 5.7906 4.46939
      vertex 0.743553 5.29066 4.36444
      vertex 0.813542 5.78865 4.47133
    endloop
  endfacet
  facet normal -0.0253338 -0.206389 0.978142
    outer loop
      vertex 0.743553 5.29066 4.36444
      vertex 0.722776 5.7906 4.46939
      vertex 0.558458 5.31338 4.36444
    endloop
  endfacet
  facet normal -0.0180941 -0.207145 0.978143
    outer loop
      vertex 0.558458 5.31338 4.36444
      vertex 0.608871 5.79303 4.46695
      vertex 0.49936 5.79471 4.46528
    endloop
  endfacet
  facet normal -0.195158 -0.194694 0.961253
    outer loop
      vertex 5.39071 5.22641 4.8791
      vertex 5.21301 5.03414 4.80408
      vertex 5.40322 5.21782 4.8799
    endloop
  endfacet
  facet normal -0.19492 -0.194915 0.961257
    outer loop
      vertex 5.1682 5.34684 4.8584
      vertex 5.21301 5.03414 4.80408
      vertex 5.39071 5.22641 4.8791
    endloop
  endfacet
  facet normal -0.194067 -0.195762 0.961257
    outer loop
      vertex 5.03414 5.21301 4.80408
      vertex 5.1682 5.34684 4.8584
      vertex 5.16499 5.3485 4.85809
    endloop
  endfacet
  facet normal -0.194914 -0.194914 0.961258
    outer loop
      vertex 5.1682 5.34684 4.8584
      vertex 5.03414 5.21301 4.80408
      vertex 5.21301 5.03414 4.80408
    endloop
  endfacet
  facet normal -0.152369 -0.187949 0.970288
    outer loop
      vertex 4.56779 5.48331 4.77667
      vertex 4.04868 4.82503 4.56764
      vertex 4.59774 5.47937 4.78061
    endloop
  endfacet
  facet normal -0.152265 -0.188031 0.970288
    outer loop
      vertex 4.04868 4.82503 4.56764
      vertex 4.56779 5.48331 4.77667
      vertex 3.87782 4.96339 4.56764
    endloop
  endfacet
  facet normal -0.152244 -0.188058 0.970287
    outer loop
      vertex 4.56779 5.48331 4.77667
      vertex 4.31046 5.51714 4.74285
      vertex 3.87782 4.96339 4.56764
    endloop
  endfacet
  facet normal 0.138666 -0.0121306 0.990265
    outer loop
      vertex -3.40403 0.238032 4.05871
      vertex -3.39365 0.356687 4.05871
      vertex -4.35617 0.457851 4.19473
    endloop
  endfacet
  facet normal 0.138158 -0.0169614 0.990265
    outer loop
      vertex -3.39365 0.356687 4.05871
      vertex -4.33754 0.609601 4.19473
      vertex -4.35617 0.457851 4.19473
    endloop
  endfacet
  facet normal 0.104529 -0.00182874 0.99452
    outer loop
      vertex -2.44036 0 3.95655
      vertex -2.43887 0.0851669 3.95655
      vertex -3.41234 0 4.05871
    endloop
  endfacet
  facet normal 0.104529 0.00182571 0.99452
    outer loop
      vertex -3.41026 -0.119088 4.05871
      vertex -2.43887 -0.0851669 3.95655
      vertex -3.41234 0 4.05871
    endloop
  endfacet
  facet normal 0.139005 0.00729256 0.990265
    outer loop
      vertex -4.36949 -0.305545 4.19473
      vertex -3.40403 -0.238032 4.05871
      vertex -4.3775 -0.152865 4.19473
    endloop
  endfacet
  facet normal 0.139004 0.00728068 0.990265
    outer loop
      vertex -3.40403 -0.238032 4.05871
      vertex -3.41026 -0.119088 4.05871
      vertex -4.3775 -0.152865 4.19473
    endloop
  endfacet
  facet normal 0.0692521 0.00850242 0.997563
    outer loop
      vertex -2.41661 -0.339632 3.95655
      vertex -1.45115 -0.203945 3.88837
      vertex -2.42699 -0.255087 3.95655
    endloop
  endfacet
  facet normal 0.103765 0.0127398 0.99452
    outer loop
      vertex -2.41661 -0.339632 3.95655
      vertex -2.42699 -0.255087 3.95655
      vertex -3.39365 -0.356687 4.05871
    endloop
  endfacet
  facet normal 0.103259 0.0163485 0.99452
    outer loop
      vertex -2.40329 -0.423763 3.95655
      vertex -2.41661 -0.339632 3.95655
      vertex -3.3605 -0.592546 4.05871
    endloop
  endfacet
  facet normal 0.102623 0.0199559 0.99452
    outer loop
      vertex -2.38703 -0.50738 3.95655
      vertex -2.40329 -0.423763 3.95655
      vertex -3.3605 -0.592546 4.05871
    endloop
  endfacet
  facet normal 0.0285938 -0.020021 0.999391
    outer loop
      vertex -0.405123 0.273259 3.85426
      vertex -0.39534 0.287231 3.85426
      vertex -1.21488 0.819445 3.88837
    endloop
  endfacet
  facet normal -0.0219678 0.0271267 0.999391
    outer loop
      vertex 0.941945 -1.12257 3.88837
      vertex 0.314109 -0.37434 3.85426
      vertex 0.300853 -0.385075 3.85426
    endloop
  endfacet
  facet normal 0.0210072 -0.0278773 0.999391
    outer loop
      vertex -0.300853 0.385075 3.85426
      vertex -0.287231 0.39534 3.85426
      vertex -0.902194 1.15476 3.88837
    endloop
  endfacet
  facet normal 0.0179814 0.0299187 0.999391
    outer loop
      vertex -0.732703 -1.26908 3.88837
      vertex -0.258954 -0.414412 3.85426
      vertex -0.776546 -1.24273 3.88837
    endloop
  endfacet
  facet normal 0.0179793 0.0299198 0.999391
    outer loop
      vertex -0.244333 -0.423198 3.85426
      vertex -0.258954 -0.414412 3.85426
      vertex -0.732703 -1.26908 3.88837
    endloop
  endfacet
  facet normal -0.0758065 -0.116742 0.990265
    outer loop
      vertex 1.90816 2.82896 4.05871
      vertex 2.44936 3.63132 4.19473
      vertex 1.80826 2.89383 4.05871
    endloop
  endfacet
  facet normal -0.0798454 -0.114018 0.990265
    outer loop
      vertex 2.00572 2.76064 4.05871
      vertex 2.44936 3.63132 4.19473
      vertex 1.90816 2.82896 4.05871
    endloop
  endfacet
  facet normal -0.0493358 -0.0493358 0.997563
    outer loop
      vertex 1.69522 1.75545 3.95655
      vertex 1.05412 1.01796 3.88837
      vertex 1.75545 1.69522 3.95655
    endloop
  endfacet
  facet normal -0.0493358 -0.0493358 0.997563
    outer loop
      vertex 1.05412 1.01796 3.88837
      vertex 1.69522 1.75545 3.95655
      vertex 1.01796 1.05412 3.88837
    endloop
  endfacet
  facet normal -0.0475815 -0.0510299 0.997563
    outer loop
      vertex 1.69522 1.75545 3.95655
      vertex 1.63292 1.81354 3.95655
      vertex 1.01796 1.05412 3.88837
    endloop
  endfacet
  facet normal -0.1387 -0.104519 0.984804
    outer loop
      vertex 3.54363 2.5746 4.19473
      vertex 4.21007 3.28926 4.36444
      vertex 3.45162 2.6967 4.19473
    endloop
  endfacet
  facet normal -0.111165 -0.0837697 0.990265
    outer loop
      vertex 3.54363 2.5746 4.19473
      vertex 3.45162 2.6967 4.19473
      vertex 2.76064 2.00572 4.05871
    endloop
  endfacet
  facet normal -0.205382 0.0325295 0.978141
    outer loop
      vertex 6.19428 -1.09042 4.56571
      vertex 6.2003 -0.871394 4.55969
      vertex 5.29066 -0.743553 4.36444
    endloop
  endfacet
  facet normal -0.206393 0.0253343 0.978141
    outer loop
      vertex 5.29066 -0.743553 4.36444
      vertex 6.20046 -0.863902 4.55953
      vertex 5.31338 -0.558458 4.36444
    endloop
  endfacet
  facet normal -0.206398 0.0252972 0.978141
    outer loop
      vertex 6.20046 -0.863902 4.55953
      vertex 5.29066 -0.743553 4.36444
      vertex 6.2003 -0.871394 4.55969
    endloop
  endfacet
  facet normal -0.170482 0.0331355 0.984804
    outer loop
      vertex 5.2259 -1.1108 4.36444
      vertex 5.26148 -0.927741 4.36444
      vertex 4.28445 -0.910687 4.19473
    endloop
  endfacet
  facet normal -0.170482 0.0331354 0.984804
    outer loop
      vertex 5.26148 -0.927741 4.36444
      vertex 4.31362 -0.760607 4.19473
      vertex 4.28445 -0.910687 4.19473
    endloop
  endfacet
  facet normal -0.207911 -0.00362193 0.978141
    outer loop
      vertex 6.21098 0 4.54901
      vertex 6.21036 0.200327 4.54962
      vertex 5.34265 0 4.36444
    endloop
  endfacet
  facet normal -0.207657 0.0108831 0.978141
    outer loop
      vertex 5.32964 -0.372684 4.36444
      vertex 6.20846 -0.419319 4.55153
      vertex 5.3394 -0.186456 4.36444
    endloop
  endfacet
  facet normal -0.207674 0.0105499 0.978141
    outer loop
      vertex 6.20846 -0.419319 4.55153
      vertex 5.32964 -0.372684 4.36444
      vertex 6.20832 -0.434128 4.55166
    endloop
  endfacet
  facet normal -0.200858 0.0538135 0.978141
    outer loop
      vertex 6.11153 -1.52378 4.56764
      vertex 5.18395 -1.2925 4.36444
      vertex 5.13569 -1.47263 4.36444
    endloop
  endfacet
  facet normal -0.233699 0.0626177 0.970291
    outer loop
      vertex 6.05463 -1.73614 4.56764
      vertex 6.17483 -1.55886 4.58515
      vertex 6.11153 -1.52378 4.56764
    endloop
  endfacet
  facet normal -0.233695 0.0626145 0.970292
    outer loop
      vertex 6.17483 -1.55886 4.58515
      vertex 6.05463 -1.73614 4.56764
      vertex 6.16398 -1.76749 4.596
    endloop
  endfacet
  facet normal -0.188462 0.0878753 0.978141
    outer loop
      vertex 5.66117 -2.76114 4.56764
      vertex 5.75408 -2.56188 4.56764
      vertex 4.88075 -2.17305 4.36444
    endloop
  endfacet
  facet normal -0.0947488 0.0441851 0.99452
    outer loop
      vertex 3.11733 -1.38792 4.05871
      vertex 2.22938 -0.992583 3.95655
      vertex 2.19338 -1.06978 3.95655
    endloop
  endfacet
  facet normal -0.131612 0.0453154 0.990265
    outer loop
      vertex 4.11601 -1.4981 4.19473
      vertex 4.16578 -1.35355 4.19473
      vertex 3.20655 -1.16709 4.05871
    endloop
  endfacet
  facet normal -0.164211 0.0565394 0.984804
    outer loop
      vertex 5.02045 -1.82729 4.36444
      vertex 4.16578 -1.35355 4.19473
      vertex 4.11601 -1.4981 4.19473
    endloop
  endfacet
  facet normal -0.222717 0.0945477 0.970288
    outer loop
      vertex 5.75408 -2.56188 4.56764
      vertex 6.11767 -2.4717 4.64231
      vertex 5.83999 -2.35951 4.56764
    endloop
  endfacet
  facet normal -0.222706 0.0944984 0.970295
    outer loop
      vertex 6.11767 -2.4717 4.64231
      vertex 5.75408 -2.56188 4.56764
      vertex 6.10611 -2.61764 4.65387
    endloop
  endfacet
  facet normal -0.191408 0.0812566 0.978141
    outer loop
      vertex 5.75408 -2.56188 4.56764
      vertex 5.83999 -2.35951 4.56764
      vertex 4.95362 -2.00139 4.36444
    endloop
  endfacet
  facet normal -0.111169 0.0837654 0.990265
    outer loop
      vertex 3.45162 -2.6967 4.19473
      vertex 2.76064 -2.00572 4.05871
      vertex 2.68896 -2.10085 4.05871
    endloop
  endfacet
  facet normal -0.182607 0.158741 0.970287
    outer loop
      vertex 5.38552 -4.84914 4.80408
      vertex 5.55147 -4.65824 4.80408
      vertex 4.68079 -4.21461 4.56764
    endloop
  endfacet
  facet normal -0.161603 0.130861 0.978141
    outer loop
      vertex 4.96339 -3.87782 4.56764
      vertex 4.21007 -3.28926 4.36444
      vertex 4.09271 -3.43419 4.36444
    endloop
  endfacet
  facet normal -0.187955 0.201594 0.961266
    outer loop
      vertex 5.03414 -5.21301 4.80408
      vertex 4.9051 -5.43107 4.82458
      vertex 5.11319 -5.36814 4.85207
    endloop
  endfacet
  facet normal -0.188016 0.201629 0.961247
    outer loop
      vertex 4.84914 -5.38552 4.80408
      vertex 4.9051 -5.43107 4.82458
      vertex 5.03414 -5.21301 4.80408
    endloop
  endfacet
  facet normal -0.188271 0.201321 0.961261
    outer loop
      vertex 4.9051 -5.43107 4.82458
      vertex 4.84914 -5.38552 4.80408
      vertex 4.89269 -5.43389 4.82274
    endloop
  endfacet
  facet normal -0.188178 0.201443 0.961254
    outer loop
      vertex 5.03414 -5.21301 4.80408
      vertex 5.143 -5.35912 4.85601
      vertex 5.16688 -5.35046 4.85887
    endloop
  endfacet
  facet normal -0.188036 0.201551 0.961259
    outer loop
      vertex 5.143 -5.35912 4.85601
      vertex 5.03414 -5.21301 4.80408
      vertex 5.11319 -5.36814 4.85207
    endloop
  endfacet
  facet normal -0.208055 0.180832 0.961256
    outer loop
      vertex 5.59512 -5.03787 4.88495
      vertex 5.6532 -4.97397 4.8855
      vertex 5.38552 -4.84914 4.80408
    endloop
  endfacet
  facet normal -0.202922 0.131775 0.970288
    outer loop
      vertex 5.2218 -3.52215 4.56764
      vertex 5.96954 -4.01122 4.79044
      vertex 5.34154 -3.33776 4.56764
    endloop
  endfacet
  facet normal -0.202811 0.131944 0.970288
    outer loop
      vertex 5.96954 -4.01122 4.79044
      vertex 5.2218 -3.52215 4.56764
      vertex 5.96795 -4.02543 4.79204
    endloop
  endfacet
  facet normal -0.116742 0.0758065 0.990265
    outer loop
      vertex 3.63132 -2.44936 4.19473
      vertex 2.89383 -1.80826 4.05871
      vertex 2.82896 -1.90816 4.05871
    endloop
  endfacet
  facet normal -0.124571 0.207389 0.970295
    outer loop
      vertex 3.33776 -5.34154 4.56764
      vertex 3.25582 -5.63924 4.62075
      vertex 3.42336 -5.62151 4.63847
    endloop
  endfacet
  facet normal -0.124616 0.2074 0.970287
    outer loop
      vertex 3.25582 -5.63924 4.62075
      vertex 3.33776 -5.34154 4.56764
      vertex 3.14931 -5.45477 4.56764
    endloop
  endfacet
  facet normal -0.194936 0.194927 0.961251
    outer loop
      vertex 5.21301 -5.03414 4.80408
      vertex 5.22487 -5.32319 4.8651
      vertex 5.39905 -5.2138 4.87824
    endloop
  endfacet
  facet normal -0.194927 0.194927 0.961253
    outer loop
      vertex 5.03414 -5.21301 4.80408
      vertex 5.22487 -5.32319 4.8651
      vertex 5.21301 -5.03414 4.80408
    endloop
  endfacet
  facet normal -0.194902 0.194971 0.961249
    outer loop
      vertex 5.22487 -5.32319 4.8651
      vertex 5.03414 -5.21301 4.80408
      vertex 5.18607 -5.34334 4.86132
    endloop
  endfacet
  facet normal -0.195015 0.19484 0.961253
    outer loop
      vertex 5.18607 -5.34334 4.86132
      vertex 5.03414 -5.21301 4.80408
      vertex 5.16688 -5.35046 4.85887
    endloop
  endfacet
  facet normal -0.138779 0.198199 0.970287
    outer loop
      vertex 3.70224 -5.0957 4.56764
      vertex 3.9176 -5.56556 4.69442
      vertex 4.03361 -5.55179 4.7082
    endloop
  endfacet
  facet normal -0.13878 0.198198 0.970287
    outer loop
      vertex 3.9176 -5.56556 4.69442
      vertex 3.70224 -5.0957 4.56764
      vertex 3.52215 -5.2218 4.56764
    endloop
  endfacet
  facet normal -0.211606 0.11732 0.970288
    outer loop
      vertex 6.03549 -3.39916 4.7245
      vertex 6.0534 -3.21865 4.70658
      vertex 5.56136 -2.95703 4.56764
    endloop
  endfacet
  facet normal -0.222697 0.0945535 0.970292
    outer loop
      vertex 6.09838 -2.71517 4.6616
      vertex 6.10611 -2.61764 4.65387
      vertex 5.75408 -2.56188 4.56764
    endloop
  endfacet
  facet normal -0.0163485 0.103259 0.99452
    outer loop
      vertex 0.592546 -3.3605 4.05871
      vertex 0.423763 -2.40329 3.95655
      vertex 0.339632 -2.41661 3.95655
    endloop
  endfacet
  facet normal -0.0109106 0.0689129 0.997563
    outer loop
      vertex 0.339632 -2.41661 3.95655
      vertex 0.423763 -2.40329 3.95655
      vertex 0.254465 -1.44314 3.88837
    endloop
  endfacet
  facet normal -0.0396735 0.20412 0.978142
    outer loop
      vertex 0.927741 -5.26148 4.36444
      vertex 1.10112 -5.78025 4.47973
      vertex 1.1108 -5.2259 4.36444
    endloop
  endfacet
  facet normal -0.0396662 0.204123 0.978141
    outer loop
      vertex 1.10112 -5.78025 4.47973
      vertex 0.927741 -5.26148 4.36444
      vertex 1.0197 -5.78299 4.477
    endloop
  endfacet
  facet normal -0.0325215 0.205382 0.978141
    outer loop
      vertex 0.927741 -5.26148 4.36444
      vertex 0.933451 -5.78536 4.47463
      vertex 1.0197 -5.78299 4.477
    endloop
  endfacet
  facet normal -0.0325377 0.205382 0.978141
    outer loop
      vertex 0.933451 -5.78536 4.47463
      vertex 0.927741 -5.26148 4.36444
      vertex 0.743553 -5.29066 4.36444
    endloop
  endfacet
  facet normal -0.00909868 0.173431 0.984804
    outer loop
      vertex 0.372684 -5.32964 4.36444
      vertex 0.305545 -4.36949 4.19473
      vertex 0.152865 -4.3775 4.19473
    endloop
  endfacet
  facet normal -0.0151427 0.173009 0.984804
    outer loop
      vertex 0.372684 -5.32964 4.36444
      vertex 0.558458 -5.31338 4.36444
      vertex 0.305545 -4.36949 4.19473
    endloop
  endfacet
  facet normal -0.00363646 0.20791 0.978141
    outer loop
      vertex 0.186456 -5.3394 4.36444
      vertex 0.105195 -5.7983 4.46168
      vertex 0.20247 -5.79801 4.46198
    endloop
  endfacet
  facet normal -0.00362392 0.207908 0.978142
    outer loop
      vertex 0.105195 -5.7983 4.46168
      vertex 0.186456 -5.3394 4.36444
      vertex 0 -5.34265 4.36444
    endloop
  endfacet
  facet normal -0.00362769 0.207907 0.978142
    outer loop
      vertex 0.105195 -5.7983 4.46168
      vertex 0 -5.34265 4.36444
      vertex 0 -5.79863 4.46136
    endloop
  endfacet
  facet normal 0.0390643 0.169222 0.984804
    outer loop
      vertex -0.910687 -4.28445 4.19473
      vertex -1.05966 -4.25006 4.19473
      vertex -1.1108 -5.2259 4.36444
    endloop
  endfacet
  facet normal 0.0396696 0.20412 0.978142
    outer loop
      vertex -1.10112 -5.78025 4.47973
      vertex -1.1108 -5.2259 4.36444
      vertex -1.22773 -5.77601 4.48398
    endloop
  endfacet
  facet normal 0.046782 0.202608 0.978142
    outer loop
      vertex -1.22773 -5.77601 4.48398
      vertex -1.1108 -5.2259 4.36444
      vertex -1.36478 -5.77058 4.48941
    endloop
  endfacet
  facet normal 0.0265574 0.136638 0.990265
    outer loop
      vertex -0.760607 -4.31362 4.19473
      vertex -0.592546 -3.3605 4.05871
      vertex -0.910687 -4.28445 4.19473
    endloop
  endfacet
  facet normal 0.0217776 0.137481 0.990265
    outer loop
      vertex -0.609601 -4.33754 4.19473
      vertex -0.592546 -3.3605 4.05871
      vertex -0.760607 -4.31362 4.19473
    endloop
  endfacet
  facet normal 0.0121272 0.138667 0.990265
    outer loop
      vertex -0.305545 -4.36949 4.19473
      vertex -0.238032 -3.40403 4.05871
      vertex -0.457851 -4.35617 4.19473
    endloop
  endfacet
  facet normal 0.00728068 0.139004 0.990265
    outer loop
      vertex -0.152865 -4.3775 4.19473
      vertex -0.119088 -3.41026 4.05871
      vertex -0.238032 -3.40403 4.05871
    endloop
  endfacet
  facet normal 0.0151308 0.173012 0.984804
    outer loop
      vertex -0.305545 -4.36949 4.19473
      vertex -0.457851 -4.35617 4.19473
      vertex -0.558458 -5.31338 4.36444
    endloop
  endfacet
  facet normal 0.0180941 0.207145 0.978143
    outer loop
      vertex -0.49936 -5.79471 4.46528
      vertex -0.558458 -5.31338 4.36444
      vertex -0.608871 -5.79303 4.46695
    endloop
  endfacet
  facet normal 0.044959 0.16775 0.984804
    outer loop
      vertex -1.05966 -4.25006 4.19473
      vertex -1.20734 -4.21048 4.19473
      vertex -1.47263 -5.13569 4.36444
    endloop
  endfacet
  facet normal 0.0608032 0.198857 0.978141
    outer loop
      vertex -1.65097 -5.08116 4.36444
      vertex -1.81293 -5.74959 4.5104
      vertex -1.47263 -5.13569 4.36444
    endloop
  endfacet
  facet normal 0.0607189 0.198877 0.978142
    outer loop
      vertex -1.81293 -5.74959 4.5104
      vertex -1.65097 -5.08116 4.36444
      vertex -1.86724 -5.74678 4.5132
    endloop
  endfacet
  facet normal -0.0988503 0.0340342 0.99452
    outer loop
      vertex 3.20655 -1.16709 4.05871
      vertex 2.32092 -0.754112 3.95655
      vertex 2.29319 -0.834652 3.95655
    endloop
  endfacet
  facet normal -0.0988486 0.0340379 0.99452
    outer loop
      vertex 3.20655 -1.16709 4.05871
      vertex 3.24533 -1.05447 4.05871
      vertex 2.32092 -0.754112 3.95655
    endloop
  endfacet
  facet normal -0.100982 0.0270606 0.99452
    outer loop
      vertex 3.28015 -0.940568 4.05871
      vertex 3.31098 -0.82552 4.05871
      vertex 2.36787 -0.590376 3.95655
    endloop
  endfacet
  facet normal -0.13445 0.0360342 0.990265
    outer loop
      vertex 4.21048 -1.20734 4.19473
      vertex 4.25006 -1.05966 4.19473
      vertex 3.28015 -0.940568 4.05871
    endloop
  endfacet
  facet normal -0.0598059 0.0359359 0.997563
    outer loop
      vertex 2.06954 -1.29319 3.95655
      vertex 2.11341 -1.22018 3.95655
      vertex 1.26908 -0.732703 3.88837
    endloop
  endfacet
  facet normal -0.0610226 0.0338286 0.997563
    outer loop
      vertex 2.11341 -1.22018 3.95655
      vertex 2.15471 -1.14568 3.95655
      vertex 1.26908 -0.732703 3.88837
    endloop
  endfacet
  facet normal -0.119315 0.0716892 0.990265
    outer loop
      vertex 3.71459 -2.32113 4.19473
      vertex 2.95517 -1.70617 4.05871
      vertex 2.89383 -1.80826 4.05871
    endloop
  endfacet
  facet normal -0.11674 0.0758088 0.990265
    outer loop
      vertex 3.63132 -2.44936 4.19473
      vertex 3.71459 -2.32113 4.19473
      vertex 2.89383 -1.80826 4.05871
    endloop
  endfacet
  facet normal -0.124023 0.0631951 0.990265
    outer loop
      vertex 3.86746 -2.05636 4.19473
      vertex 3.93687 -1.92014 4.19473
      vertex 3.01292 -1.602 4.05871
    endloop
  endfacet
  facet normal -0.159865 0.0678626 0.984804
    outer loop
      vertex 4.88075 -2.17305 4.36444
      vertex 4.06122 -1.64084 4.19473
      vertex 4.00148 -1.78157 4.19473
    endloop
  endfacet
  facet normal -0.121739 0.0674901 0.990265
    outer loop
      vertex 3.86746 -2.05636 4.19473
      vertex 3.01292 -1.602 4.05871
      vertex 2.95517 -1.70617 4.05871
    endloop
  endfacet
  facet normal -0.091434 0.0506894 0.99452
    outer loop
      vertex 2.95517 -1.70617 4.05871
      vertex 3.01292 -1.602 4.05871
      vertex 2.15471 -1.14568 3.95655
    endloop
  endfacet
  facet normal 0.0292778 -0.0190071 0.999391
    outer loop
      vertex -0.414412 0.258954 3.85426
      vertex -1.21488 0.819445 3.88837
      vertex -1.24273 0.776546 3.88837
    endloop
  endfacet
  facet normal 0.0348586 0.00182749 0.999391
    outer loop
      vertex -0.487476 -0.0340872 3.85426
      vertex -0.488369 -0.0170536 3.85426
      vertex -1.46451 -0.0511417 3.88837
    endloop
  endfacet
  facet normal -0.0696767 0.00364212 0.997563
    outer loop
      vertex 2.43442 -0.170231 3.95655
      vertex 1.46451 -0.0511417 3.88837
      vertex 1.46184 -0.102221 3.88837
    endloop
  endfacet
  facet normal -0.0696763 0.00364501 0.997563
    outer loop
      vertex 2.43442 -0.170231 3.95655
      vertex 2.43887 -0.0851669 3.95655
      vertex 1.46451 -0.0511417 3.88837
    endloop
  endfacet
  facet normal -0.0453154 0.131612 0.990265
    outer loop
      vertex 1.35355 -4.16578 4.19473
      vertex 1.4981 -4.11601 4.19473
      vertex 1.16709 -3.20655 4.05871
    endloop
  endfacet
  facet normal -0.0498808 0.129951 0.990265
    outer loop
      vertex 1.4981 -4.11601 4.19473
      vertex 1.64084 -4.06122 4.19473
      vertex 1.16709 -3.20655 4.05871
    endloop
  endfacet
  facet normal -0.0507757 0.166083 0.984804
    outer loop
      vertex 1.65097 -5.08116 4.36444
      vertex 1.35355 -4.16578 4.19473
      vertex 1.20734 -4.21048 4.19473
    endloop
  endfacet
  facet normal -0.0507815 0.16608 0.984804
    outer loop
      vertex 1.47263 -5.13569 4.36444
      vertex 1.65097 -5.08116 4.36444
      vertex 1.20734 -4.21048 4.19473
    endloop
  endfacet
  facet normal -0.0733912 0.157403 0.984804
    outer loop
      vertex 2.17305 -4.88075 4.36444
      vertex 1.92014 -3.93687 4.19473
      vertex 1.78157 -4.00148 4.19473
    endloop
  endfacet
  facet normal -0.0678626 0.159865 0.984804
    outer loop
      vertex 2.17305 -4.88075 4.36444
      vertex 1.78157 -4.00148 4.19473
      vertex 1.64084 -4.06122 4.19473
    endloop
  endfacet
  facet normal -0.0622379 0.162137 0.984804
    outer loop
      vertex 1.82729 -5.02045 4.36444
      vertex 2.00139 -4.95362 4.36444
      vertex 1.64084 -4.06122 4.19473
    endloop
  endfacet
  facet normal -0.0745533 0.194125 0.97814
    outer loop
      vertex 2.00139 -4.95362 4.36444
      vertex 2.08705 -5.73412 4.52587
      vertex 2.12463 -5.73173 4.52826
    endloop
  endfacet
  facet normal -0.0745185 0.19413 0.978141
    outer loop
      vertex 2.08705 -5.73412 4.52587
      vertex 2.00139 -4.95362 4.36444
      vertex 1.82729 -5.02045 4.36444
    endloop
  endfacet
  facet normal -0.131071 0.11394 0.984803
    outer loop
      vertex 3.97036 -3.57493 4.36444
      vertex 3.3554 -2.81552 4.19473
      vertex 3.2551 -2.9309 4.19473
    endloop
  endfacet
  facet normal -0.152244 0.188058 0.970287
    outer loop
      vertex 4.31046 -5.51714 4.74285
      vertex 4.56779 -5.48331 4.77667
      vertex 3.87782 -4.96339 4.56764
    endloop
  endfacet
  facet normal -0.0629135 0.083496 0.99452
    outer loop
      vertex 2.00572 -2.76064 4.05871
      vertex 1.50244 -1.92303 3.95655
      vertex 1.43441 -1.97429 3.95655
    endloop
  endfacet
  facet normal -0.0716892 0.119315 0.990265
    outer loop
      vertex 2.32113 -3.71459 4.19473
      vertex 1.80826 -2.89383 4.05871
      vertex 1.70617 -2.95517 4.05871
    endloop
  endfacet
  facet normal -0.0538457 0.0896119 0.99452
    outer loop
      vertex 1.70617 -2.95517 4.05871
      vertex 1.29319 -2.06954 3.95655
      vertex 1.22018 -2.11341 3.95655
    endloop
  endfacet
  facet normal -0.0538433 0.089613 0.99452
    outer loop
      vertex 1.70617 -2.95517 4.05871
      vertex 1.80826 -2.89383 4.05871
      vertex 1.29319 -2.06954 3.95655
    endloop
  endfacet
  facet normal -0.10995 0.215507 0.970293
    outer loop
      vertex 2.98125 -5.66629 4.59369
      vertex 3.01134 -5.6635 4.59648
      vertex 2.95703 -5.56136 4.56764
    endloop
  endfacet
  facet normal -0.117336 0.211579 0.970292
    outer loop
      vertex 3.01134 -5.6635 4.59648
      vertex 3.04881 -5.65978 4.6002
      vertex 2.95703 -5.56136 4.56764
    endloop
  endfacet
  facet normal 0.0147539 0.0316349 0.999391
    outer loop
      vertex -0.596034 -1.33872 3.88837
      vertex -0.198758 -0.44642 3.85426
      vertex -0.642391 -1.3171 3.88837
    endloop
  endfacet
  facet normal 0.032588 -0.0125092 0.999391
    outer loop
      vertex -0.459197 0.167133 3.85426
      vertex -1.3587 0.54895 3.88837
      vertex -1.37703 0.501198 3.88837
    endloop
  endfacet
  facet normal 0.0311015 0.0158475 0.999391
    outer loop
      vertex -0.431467 -0.229415 3.85426
      vertex -0.439211 -0.214217 3.85426
      vertex -1.29388 -0.687966 3.88837
    endloop
  endfacet
  facet normal -0.0136385 -0.0321315 0.999391
    outer loop
      vertex 0.198758 0.44642 3.85426
      vertex 0.596034 1.33872 3.88837
      vertex 0.183058 0.453084 3.85426
    endloop
  endfacet
  facet normal 0.0169226 0.0305299 0.999391
    outer loop
      vertex -0.229415 -0.431467 3.85426
      vertex -0.244333 -0.423198 3.85426
      vertex -0.732703 -1.26908 3.88837
    endloop
  endfacet
  facet normal -0.00425261 0.0346463 0.999391
    outer loop
      vertex 0.153176 -1.45738 3.88837
      vertex 0.0680084 -0.483912 3.85426
      vertex 0.0510788 -0.48599 3.85426
    endloop
  endfacet
  facet normal -0.1387 0.104519 0.984804
    outer loop
      vertex 4.21007 -3.28926 4.36444
      vertex 3.54363 -2.5746 4.19473
      vertex 3.45162 -2.6967 4.19473
    endloop
  endfacet
  facet normal -0.0764634 0.0712963 0.99452
    outer loop
      vertex 2.45463 -2.37041 4.05871
      vertex 1.81354 -1.63292 3.95655
      vertex 1.75545 -1.69522 3.95655
    endloop
  endfacet
  facet normal -0.0510299 0.0475815 0.997563
    outer loop
      vertex 1.75545 -1.69522 3.95655
      vertex 1.81354 -1.63292 3.95655
      vertex 1.05412 -1.01796 3.88837
    endloop
  endfacet
  facet normal 0.0219673 0.0271272 0.999391
    outer loop
      vertex -0.902194 -1.15476 3.88837
      vertex -0.300853 -0.385075 3.85426
      vertex -0.941945 -1.12257 3.88837
    endloop
  endfacet
  facet normal 0.034901 0.000614193 0.999391
    outer loop
      vertex -1.46451 -0.0511417 3.88837
      vertex -0.488369 -0.0170536 3.85426
      vertex -1.46541 0 3.88837
    endloop
  endfacet
  facet normal -0.0457771 0.0526559 0.997563
    outer loop
      vertex 1.56863 -1.86942 3.95655
      vertex 0.980548 -1.08901 3.88837
      vertex 0.941945 -1.12257 3.88837
    endloop
  endfacet
  facet normal -0.0439142 0.054219 0.997563
    outer loop
      vertex 1.50244 -1.92303 3.95655
      vertex 1.56863 -1.86942 3.95655
      vertex 0.941945 -1.12257 3.88837
    endloop
  endfacet
  facet normal -0.0400213 0.0571524 0.997563
    outer loop
      vertex 1.43441 -1.97429 3.95655
      vertex 0.861344 -1.18554 3.88837
      vertex 0.819445 -1.21488 3.88837
    endloop
  endfacet
  facet normal -0.0200223 0.0285929 0.999391
    outer loop
      vertex 0.819445 -1.21488 3.88837
      vertex 0.861344 -1.18554 3.88837
      vertex 0.287231 -0.39534 3.85426
    endloop
  endfacet
  facet normal 0.0125093 0.032588 0.999391
    outer loop
      vertex -0.167133 -0.459197 3.85426
      vertex -0.183058 -0.453084 3.85426
      vertex -0.54895 -1.3587 3.88837
    endloop
  endfacet
  facet normal -0.0272551 0.0642281 0.997563
    outer loop
      vertex 0.914175 -2.26266 3.95655
      vertex 0.596034 -1.33872 3.88837
      vertex 0.54895 -1.3587 3.88837
    endloop
  endfacet
  facet normal -0.0250036 0.0651377 0.997563
    outer loop
      vertex 0.914175 -2.26266 3.95655
      vertex 0.54895 -1.3587 3.88837
      vertex 0.501198 -1.37703 3.88837
    endloop
  endfacet
  facet normal 0.00304364 0.0347733 0.999391
    outer loop
      vertex -0.102221 -1.46184 3.88837
      vertex -0.0340872 -0.487476 3.85426
      vertex -0.153176 -1.45738 3.88837
    endloop
  endfacet
  facet normal -0.0441841 0.0947491 0.99452
    outer loop
      vertex 1.38792 -3.11733 4.05871
      vertex 1.49587 -3.06699 4.05871
      vertex 1.06978 -2.19338 3.95655
    endloop
  endfacet
  facet normal -0.0441851 0.0947488 0.99452
    outer loop
      vertex 1.38792 -3.11733 4.05871
      vertex 1.06978 -2.19338 3.95655
      vertex 0.992583 -2.22938 3.95655
    endloop
  endfacet
  facet normal 0.021006 0.0278783 0.999391
    outer loop
      vertex -0.861344 -1.18554 3.88837
      vertex -0.287231 -0.39534 3.85426
      vertex -0.902194 -1.15476 3.88837
    endloop
  endfacet
  facet normal 0.0200223 0.0285929 0.999391
    outer loop
      vertex -0.819445 -1.21488 3.88837
      vertex -0.287231 -0.39534 3.85426
      vertex -0.861344 -1.18554 3.88837
    endloop
  endfacet
  facet normal 0.0263454 -0.022899 0.999391
    outer loop
      vertex -0.37434 0.314109 3.85426
      vertex -0.363151 0.326982 3.85426
      vertex -1.12257 0.941945 3.88837
    endloop
  endfacet
  facet normal 0.0338281 0.0610228 0.997563
    outer loop
      vertex -0.687966 -1.29388 3.88837
      vertex -0.732703 -1.26908 3.88837
      vertex -1.14568 -2.15471 3.95655
    endloop
  endfacet
  facet normal 0.0271267 0.0219678 0.999391
    outer loop
      vertex -0.37434 -0.314109 3.85426
      vertex -0.385075 -0.300853 3.85426
      vertex -1.12257 -0.941945 3.88837
    endloop
  endfacet
  facet normal 0.0299198 -0.0179793 0.999391
    outer loop
      vertex -0.423198 0.244333 3.85426
      vertex -0.414412 0.258954 3.85426
      vertex -1.26908 0.732703 3.88837
    endloop
  endfacet
  facet normal 0.01806 0.0673935 0.997563
    outer loop
      vertex -0.354513 -1.42188 3.88837
      vertex -0.40392 -1.40864 3.88837
      vertex -0.672654 -2.34583 3.95655
    endloop
  endfacet
  facet normal 0.0204057 0.0667209 0.997563
    outer loop
      vertex -0.40392 -1.40864 3.88837
      vertex -0.452835 -1.39368 3.88837
      vertex -0.672654 -2.34583 3.95655
    endloop
  endfacet
  facet normal 0.0238071 0.025528 0.999391
    outer loop
      vertex -0.980548 -1.08901 3.88837
      vertex -0.339457 -0.351518 3.85426
      vertex -1.01796 -1.05412 3.88837
    endloop
  endfacet
  facet normal 0.0125092 0.032588 0.999391
    outer loop
      vertex -0.501198 -1.37703 3.88837
      vertex -0.167133 -0.459197 3.85426
      vertex -0.54895 -1.3587 3.88837
    endloop
  endfacet
  facet normal -0.0169226 -0.0305299 0.999391
    outer loop
      vertex 0.244333 0.423198 3.85426
      vertex 0.732703 1.26908 3.88837
      vertex 0.229415 0.431467 3.85426
    endloop
  endfacet
  facet normal 0.0179793 -0.0299198 0.999391
    outer loop
      vertex -0.258954 0.414412 3.85426
      vertex -0.244333 0.423198 3.85426
      vertex -0.732703 1.26908 3.88837
    endloop
  endfacet
  facet normal 0.0457771 0.0526559 0.997563
    outer loop
      vertex -0.941945 -1.12257 3.88837
      vertex -0.980548 -1.08901 3.88837
      vertex -1.56863 -1.86942 3.95655
    endloop
  endfacet
  facet normal 0.0229017 0.0263431 0.999391
    outer loop
      vertex -0.941945 -1.12257 3.88837
      vertex -0.326982 -0.363151 3.85426
      vertex -0.980548 -1.08901 3.88837
    endloop
  endfacet
  facet normal 0.0190102 0.0292756 0.999391
    outer loop
      vertex -0.258954 -0.414412 3.85426
      vertex -0.273259 -0.405123 3.85426
      vertex -0.819445 -1.21488 3.88837
    endloop
  endfacet
  facet normal 0.0333811 -0.0102055 0.999391
    outer loop
      vertex -0.469737 0.134694 3.85426
      vertex -0.46475 0.151006 3.85426
      vertex -1.40864 0.40392 3.88837
    endloop
  endfacet
  facet normal 0.0330047 -0.0113645 0.999391
    outer loop
      vertex -0.46475 0.151006 3.85426
      vertex -0.459197 0.167133 3.85426
      vertex -1.39368 0.452835 3.88837
    endloop
  endfacet
  facet normal -0.0125093 0.032588 0.999391
    outer loop
      vertex 0.54895 -1.3587 3.88837
      vertex 0.183058 -0.453084 3.85426
      vertex 0.167133 -0.459197 3.85426
    endloop
  endfacet
  facet normal 0.0697614 0.00122767 0.997563
    outer loop
      vertex -1.46451 -0.0511417 3.88837
      vertex -1.46541 0 3.88837
      vertex -2.44036 0 3.95655
    endloop
  endfacet
  facet normal 0.0697614 -0.00122767 0.997563
    outer loop
      vertex -1.46541 0 3.88837
      vertex -1.46451 0.0511417 3.88837
      vertex -2.44036 0 3.95655
    endloop
  endfacet
  facet normal 0.0147526 -0.0316356 0.999391
    outer loop
      vertex -0.214217 0.439211 3.85426
      vertex -0.198758 0.44642 3.85426
      vertex -0.642391 1.3171 3.88837
    endloop
  endfacet
  facet normal 0.0342649 -0.00666143 0.999391
    outer loop
      vertex -0.481243 0.084856 3.85426
      vertex -0.477988 0.101599 3.85426
      vertex -1.43338 0.304675 3.88837
    endloop
  endfacet
  facet normal 0.0169239 0.0305292 0.999391
    outer loop
      vertex -0.687966 -1.29388 3.88837
      vertex -0.229415 -0.431467 3.85426
      vertex -0.732703 -1.26908 3.88837
    endloop
  endfacet
  facet normal -0.000614193 0.034901 0.999391
    outer loop
      vertex 0.0511417 -1.46451 3.88837
      vertex 0.0170536 -0.488369 3.85426
      vertex 0 -1.46541 3.88837
    endloop
  endfacet
  facet normal -0.00122767 0.0697614 0.997563
    outer loop
      vertex 0.0511417 -1.46451 3.88837
      vertex 0 -1.46541 3.88837
      vertex 0 -2.44036 3.95655
    endloop
  endfacet
  facet normal 0.0136385 0.0321315 0.999391
    outer loop
      vertex -0.183058 -0.453084 3.85426
      vertex -0.198758 -0.44642 3.85426
      vertex -0.596034 -1.33872 3.88837
    endloop
  endfacet
  facet normal 0.0685824 0.0789042 0.99452
    outer loop
      vertex -1.56863 -1.86942 3.95655
      vertex -1.63292 -1.81354 3.95655
      vertex -2.19341 -2.61401 4.05871
    endloop
  endfacet
  facet normal 0.0657898 0.0812475 0.99452
    outer loop
      vertex -2.10085 -2.68896 4.05871
      vertex -1.56863 -1.86942 3.95655
      vertex -2.19341 -2.61401 4.05871
    endloop
  endfacet
  facet normal 0.0739249 0.0739249 0.99452
    outer loop
      vertex -1.75545 -1.69522 3.95655
      vertex -2.37041 -2.45463 4.05871
      vertex -1.69522 -1.75545 3.95655
    endloop
  endfacet
  facet normal 0.0739249 0.0739249 0.99452
    outer loop
      vertex -2.37041 -2.45463 4.05871
      vertex -1.75545 -1.69522 3.95655
      vertex -2.45463 -2.37041 4.05871
    endloop
  endfacet
  facet normal 0.0758065 0.116742 0.990265
    outer loop
      vertex -1.80826 -2.89383 4.05871
      vertex -1.90816 -2.82896 4.05871
      vertex -2.44936 -3.63132 4.19473
    endloop
  endfacet
  facet normal 0.0758088 0.11674 0.990265
    outer loop
      vertex -2.32113 -3.71459 4.19473
      vertex -1.80826 -2.89383 4.05871
      vertex -2.44936 -3.63132 4.19473
    endloop
  endfacet
  facet normal 0.0246826 -0.0246826 0.999391
    outer loop
      vertex -1.01796 1.05412 3.88837
      vertex -0.351518 0.339457 3.85426
      vertex -0.339457 0.351518 3.85426
    endloop
  endfacet
  facet normal 0.0246826 -0.0246826 0.999391
    outer loop
      vertex -0.351518 0.339457 3.85426
      vertex -1.01796 1.05412 3.88837
      vertex -1.05412 1.01796 3.88837
    endloop
  endfacet
  facet normal 0.0246826 0.0246826 0.999391
    outer loop
      vertex -0.351518 -0.339457 3.85426
      vertex -1.01796 -1.05412 3.88837
      vertex -0.339457 -0.351518 3.85426
    endloop
  endfacet
  facet normal 0.0246826 0.0246826 0.999391
    outer loop
      vertex -1.01796 -1.05412 3.88837
      vertex -0.351518 -0.339457 3.85426
      vertex -1.05412 -1.01796 3.88837
    endloop
  endfacet
  facet normal 0.0321329 -0.0136355 0.999391
    outer loop
      vertex -0.453084 0.183058 3.85426
      vertex -1.33872 0.596034 3.88837
      vertex -1.3587 0.54895 3.88837
    endloop
  endfacet
  facet normal 0.0285938 0.020021 0.999391
    outer loop
      vertex -0.39534 -0.287231 3.85426
      vertex -0.405123 -0.273259 3.85426
      vertex -1.21488 -0.819445 3.88837
    endloop
  endfacet
  facet normal 0.0271272 0.0219673 0.999391
    outer loop
      vertex -1.12257 -0.941945 3.88837
      vertex -0.385075 -0.300853 3.85426
      vertex -1.15476 -0.902194 3.88837
    endloop
  endfacet
  facet normal 0.0557239 0.0419875 0.997563
    outer loop
      vertex -1.92303 -1.50244 3.95655
      vertex -1.18554 -0.861344 3.88837
      vertex -1.97429 -1.43441 3.95655
    endloop
  endfacet
  facet normal 0.105046 0.091327 0.990265
    outer loop
      vertex -2.53586 -2.2833 4.05871
      vertex -2.61401 -2.19341 4.05871
      vertex -3.3554 -2.81552 4.19473
    endloop
  endfacet
  facet normal 0.078897 0.0685927 0.99452
    outer loop
      vertex -2.53586 -2.2833 4.05871
      vertex -1.81354 -1.63292 3.95655
      vertex -2.61401 -2.19341 4.05871
    endloop
  endfacet
  facet normal 0.107097 0.178243 0.978141
    outer loop
      vertex -3.14931 -5.45477 4.56764
      vertex -2.67133 -4.62687 4.36444
      vertex -3.33776 -5.34154 4.56764
    endloop
  endfacet
  facet normal 0.089446 0.148866 0.984804
    outer loop
      vertex -2.67133 -4.62687 4.36444
      vertex -2.32113 -3.71459 4.19473
      vertex -2.83117 -4.53083 4.36444
    endloop
  endfacet
  facet normal 0.0588217 0.126156 0.990265
    outer loop
      vertex -1.78157 -4.00148 4.19473
      vertex -1.38792 -3.11733 4.05871
      vertex -1.92014 -3.93687 4.19473
    endloop
  endfacet
  facet normal 0.0733912 0.157403 0.984804
    outer loop
      vertex -1.78157 -4.00148 4.19473
      vertex -1.92014 -3.93687 4.19473
      vertex -2.17305 -4.88075 4.36444
    endloop
  endfacet
  facet normal 0.0676961 0.19661 0.978142
    outer loop
      vertex -1.82729 -5.02045 4.36444
      vertex -2.04477 -5.73655 4.52343
      vertex -1.65097 -5.08116 4.36444
    endloop
  endfacet
  facet normal 0.0677481 0.196594 0.978142
    outer loop
      vertex -2.04477 -5.73655 4.52343
      vertex -1.82729 -5.02045 4.36444
      vertex -2.08705 -5.73412 4.52587
    endloop
  endfacet
  facet normal 0.0565404 0.16421 0.984804
    outer loop
      vertex -1.65097 -5.08116 4.36444
      vertex -1.35355 -4.16578 4.19473
      vertex -1.82729 -5.02045 4.36444
    endloop
  endfacet
  facet normal 0.0678628 0.159864 0.984804
    outer loop
      vertex -2.00139 -4.95362 4.36444
      vertex -1.64084 -4.06122 4.19473
      vertex -2.17305 -4.88075 4.36444
    endloop
  endfacet
  facet normal 0.0622379 0.162137 0.984804
    outer loop
      vertex -1.82729 -5.02045 4.36444
      vertex -1.64084 -4.06122 4.19473
      vertex -2.00139 -4.95362 4.36444
    endloop
  endfacet
  facet normal 0.118441 0.127018 0.984804
    outer loop
      vertex -3.57493 -3.97036 4.36444
      vertex -3.04272 -3.15083 4.19473
      vertex -3.71132 -3.84318 4.36444
    endloop
  endfacet
  facet normal 0.141812 0.152082 0.978141
    outer loop
      vertex -3.57493 -3.97036 4.36444
      vertex -3.71132 -3.84318 4.36444
      vertex -4.21461 -4.68079 4.56764
    endloop
  endfacet
  facet normal 0.130863 0.161602 0.978141
    outer loop
      vertex -3.87782 -4.96339 4.56764
      vertex -3.43419 -4.09271 4.36444
      vertex -4.04868 -4.82503 4.56764
    endloop
  endfacet
  facet normal 0.136422 0.156937 0.978141
    outer loop
      vertex -4.04868 -4.82503 4.56764
      vertex -3.43419 -4.09271 4.36444
      vertex -4.21461 -4.68079 4.56764
    endloop
  endfacet
  facet normal 0.145613 0.193233 0.970287
    outer loop
      vertex -3.87782 -4.96339 4.56764
      vertex -4.03361 -5.55179 4.7082
      vertex -3.70224 -5.0957 4.56764
    endloop
  endfacet
  facet normal 0.14565 0.193223 0.970284
    outer loop
      vertex -4.03361 -5.55179 4.7082
      vertex -3.87782 -4.96339 4.56764
      vertex -4.12284 -5.54062 4.71937
    endloop
  endfacet
  facet normal 0.125144 0.16607 0.978141
    outer loop
      vertex -3.70224 -5.0957 4.56764
      vertex -3.14033 -4.3223 4.36444
      vertex -3.87782 -4.96339 4.56764
    endloop
  endfacet
  facet normal 0.0571524 -0.0400213 0.997563
    outer loop
      vertex -1.21488 0.819445 3.88837
      vertex -1.18554 0.861344 3.88837
      vertex -1.97429 1.43441 3.95655
    endloop
  endfacet
  facet normal 0.0571541 -0.0400193 0.997563
    outer loop
      vertex -1.21488 0.819445 3.88837
      vertex -1.97429 1.43441 3.95655
      vertex -2.02315 1.36463 3.95655
    endloop
  endfacet
  facet normal 0.194067 0.195762 0.961257
    outer loop
      vertex -5.03414 -5.21301 4.80408
      vertex -5.1682 -5.34684 4.8584
      vertex -5.16499 -5.3485 4.85809
    endloop
  endfacet
  facet normal 0.194914 0.194914 0.961258
    outer loop
      vertex -5.21301 -5.03414 4.80408
      vertex -5.1682 -5.34684 4.8584
      vertex -5.03414 -5.21301 4.80408
    endloop
  endfacet
  facet normal 0.19492 0.194915 0.961257
    outer loop
      vertex -5.21301 -5.03414 4.80408
      vertex -5.39071 -5.22641 4.8791
      vertex -5.1682 -5.34684 4.8584
    endloop
  endfacet
  facet normal 0.195158 0.194694 0.961253
    outer loop
      vertex -5.39071 -5.22641 4.8791
      vertex -5.21301 -5.03414 4.80408
      vertex -5.40322 -5.21782 4.8799
    endloop
  endfacet
  facet normal 0.0325543 0.205376 0.978142
    outer loop
      vertex -0.813542 -5.78865 4.47133
      vertex -0.743553 -5.29066 4.36444
      vertex -0.933451 -5.78536 4.47463
    endloop
  endfacet
  facet normal 0.0788478 0.154742 0.984804
    outer loop
      vertex -1.92014 -3.93687 4.19473
      vertex -2.05636 -3.86746 4.19473
      vertex -2.50822 -4.71728 4.36444
    endloop
  endfacet
  facet normal 0.0733969 0.157402 0.984803
    outer loop
      vertex -2.17305 -4.88075 4.36444
      vertex -1.92014 -3.93687 4.19473
      vertex -2.34206 -4.80194 4.36444
    endloop
  endfacet
  facet normal 0.100818 0.181869 0.978141
    outer loop
      vertex -2.95703 -5.56136 4.56764
      vertex -2.67133 -4.62687 4.36444
      vertex -3.14931 -5.45477 4.56764
    endloop
  endfacet
  facet normal 0.124637 0.207368 0.970291
    outer loop
      vertex -3.42336 -5.62151 4.63847
      vertex -3.33776 -5.34154 4.56764
      vertex -3.50717 -5.61264 4.64734
    endloop
  endfacet
  facet normal 0.231349 0.0707339 0.970296
    outer loop
      vertex -6.05463 -1.73614 4.56764
      vertex -6.15295 -1.9549 4.60703
      vertex -5.99035 -1.94638 4.56764
    endloop
  endfacet
  facet normal 0.23137 0.0707237 0.970292
    outer loop
      vertex -6.15295 -1.9549 4.60703
      vertex -6.05463 -1.73614 4.56764
      vertex -6.16398 -1.76749 4.596
    endloop
  endfacet
  facet normal 0.231348 0.0707499 0.970295
    outer loop
      vertex -6.15039 -1.99838 4.60959
      vertex -5.99035 -1.94638 4.56764
      vertex -6.15295 -1.9549 4.60703
    endloop
  endfacet
  facet normal 0.0999757 -0.0305727 0.99452
    outer loop
      vertex -2.34583 0.672654 3.95655
      vertex -2.32092 0.754112 3.95655
      vertex -3.28015 0.940568 4.05871
    endloop
  endfacet
  facet normal 0.0667214 -0.0204035 0.997563
    outer loop
      vertex -1.39368 0.452835 3.88837
      vertex -2.32092 0.754112 3.95655
      vertex -2.34583 0.672654 3.95655
    endloop
  endfacet
  facet normal 0.0333802 0.0102089 0.999391
    outer loop
      vertex -1.39368 -0.452835 3.88837
      vertex -0.46475 -0.151006 3.85426
      vertex -1.40864 -0.40392 3.88837
    endloop
  endfacet
  facet normal 0.0667209 0.0204057 0.997563
    outer loop
      vertex -1.39368 -0.452835 3.88837
      vertex -1.40864 -0.40392 3.88837
      vertex -2.34583 -0.672654 3.95655
    endloop
  endfacet
  facet normal 0.025528 -0.0238071 0.999391
    outer loop
      vertex -0.351518 0.339457 3.85426
      vertex -1.05412 1.01796 3.88837
      vertex -1.08901 0.980548 3.88837
    endloop
  endfacet
  facet normal 0.034901 -0.000614193 0.999391
    outer loop
      vertex -0.488369 0.0170536 3.85426
      vertex -1.46451 0.0511417 3.88837
      vertex -1.46541 0 3.88837
    endloop
  endfacet
  facet normal 0.0642281 0.0272551 0.997563
    outer loop
      vertex -1.33872 -0.596034 3.88837
      vertex -1.3587 -0.54895 3.88837
      vertex -2.26266 -0.914175 3.95655
    endloop
  endfacet
  facet normal 0.0651377 0.0250036 0.997563
    outer loop
      vertex -1.3587 -0.54895 3.88837
      vertex -1.37703 -0.501198 3.88837
      vertex -2.26266 -0.914175 3.95655
    endloop
  endfacet
  facet normal 0.170482 0.0331354 0.984804
    outer loop
      vertex -4.28445 -0.910687 4.19473
      vertex -4.31362 -0.760607 4.19473
      vertex -5.26148 -0.927741 4.36444
    endloop
  endfacet
  facet normal 0.136638 0.0265574 0.990265
    outer loop
      vertex -4.28445 -0.910687 4.19473
      vertex -3.3605 -0.592546 4.05871
      vertex -4.31362 -0.760607 4.19473
    endloop
  endfacet
  facet normal 0.19413 0.0745212 0.978141
    outer loop
      vertex -5.83999 -2.35951 4.56764
      vertex -4.95362 -2.00139 4.36444
      vertex -5.91878 -2.15426 4.56764
    endloop
  endfacet
  facet normal 0.191408 0.0812566 0.978141
    outer loop
      vertex -5.75408 -2.56188 4.56764
      vertex -4.95362 -2.00139 4.36444
      vertex -5.83999 -2.35951 4.56764
    endloop
  endfacet
  facet normal 0.162137 0.0622379 0.984804
    outer loop
      vertex -4.95362 -2.00139 4.36444
      vertex -4.06122 -1.64084 4.19473
      vertex -5.02045 -1.82729 4.36444
    endloop
  endfacet
  facet normal 0.19413 0.0745188 0.978141
    outer loop
      vertex -4.95362 -2.00139 4.36444
      vertex -5.02045 -1.82729 4.36444
      vertex -5.91878 -2.15426 4.56764
    endloop
  endfacet
  facet normal 0.126156 0.0588217 0.990265
    outer loop
      vertex -3.93687 -1.92014 4.19473
      vertex -3.11733 -1.38792 4.05871
      vertex -4.00148 -1.78157 4.19473
    endloop
  endfacet
  facet normal 0.157403 0.0733912 0.984804
    outer loop
      vertex -3.93687 -1.92014 4.19473
      vertex -4.00148 -1.78157 4.19473
      vertex -4.88075 -2.17305 4.36444
    endloop
  endfacet
  facet normal 0.121739 0.0674901 0.990265
    outer loop
      vertex -2.95517 -1.70617 4.05871
      vertex -3.01292 -1.602 4.05871
      vertex -3.86746 -2.05636 4.19473
    endloop
  endfacet
  facet normal 0.148866 0.0894446 0.984804
    outer loop
      vertex -3.71459 -2.32113 4.19473
      vertex -3.79333 -2.19008 4.19473
      vertex -4.62687 -2.67133 4.36444
    endloop
  endfacet
  facet normal 0.101866 0.0235146 0.99452
    outer loop
      vertex -3.31098 -0.82552 4.05871
      vertex -2.36787 -0.590376 3.95655
      vertex -3.33777 -0.709465 4.05871
    endloop
  endfacet
  facet normal 0.100982 0.0270606 0.99452
    outer loop
      vertex -3.28015 -0.940568 4.05871
      vertex -2.36787 -0.590376 3.95655
      vertex -3.31098 -0.82552 4.05871
    endloop
  endfacet
  facet normal 0.166083 0.0507757 0.984804
    outer loop
      vertex -4.16578 -1.35355 4.19473
      vertex -4.21048 -1.20734 4.19473
      vertex -5.08116 -1.65097 4.36444
    endloop
  endfacet
  facet normal 0.16608 0.0507815 0.984804
    outer loop
      vertex -5.08116 -1.65097 4.36444
      vertex -4.21048 -1.20734 4.19473
      vertex -5.13569 -1.47263 4.36444
    endloop
  endfacet
  facet normal 0.185278 0.094401 0.978141
    outer loop
      vertex -4.71728 -2.50822 4.36444
      vertex -4.80194 -2.34206 4.36444
      vertex -5.66117 -2.76114 4.56764
    endloop
  endfacet
  facet normal 0.188459 0.0878793 0.978141
    outer loop
      vertex -4.80194 -2.34206 4.36444
      vertex -4.88075 -2.17305 4.36444
      vertex -5.66117 -2.76114 4.56764
    endloop
  endfacet
  facet normal 0.0400213 -0.0571524 0.997563
    outer loop
      vertex -0.861344 1.18554 3.88837
      vertex -0.819445 1.21488 3.88837
      vertex -1.43441 1.97429 3.95655
    endloop
  endfacet
  facet normal 0.0419875 -0.0557239 0.997563
    outer loop
      vertex -0.861344 1.18554 3.88837
      vertex -1.43441 1.97429 3.95655
      vertex -1.50244 1.92303 3.95655
    endloop
  endfacet
  facet normal 0.103765 -0.0127448 0.99452
    outer loop
      vertex -2.41661 0.339632 3.95655
      vertex -3.37913 0.474906 4.05871
      vertex -3.39365 0.356687 4.05871
    endloop
  endfacet
  facet normal 0.138156 -0.0169687 0.990265
    outer loop
      vertex -3.39365 0.356687 4.05871
      vertex -3.37913 0.474906 4.05871
      vertex -4.33754 0.609601 4.19473
    endloop
  endfacet
  facet normal 0.139174 0.00242177 0.990265
    outer loop
      vertex -4.3775 -0.152865 4.19473
      vertex -3.41234 0 4.05871
      vertex -4.38016 0 4.19473
    endloop
  endfacet
  facet normal 0.139174 -0.00242177 0.990265
    outer loop
      vertex -3.41234 0 4.05871
      vertex -4.3775 0.152865 4.19473
      vertex -4.38016 0 4.19473
    endloop
  endfacet
  facet normal 0.0347736 0.00304112 0.999391
    outer loop
      vertex -0.48599 -0.0510788 3.85426
      vertex -0.487476 -0.0340872 3.85426
      vertex -1.45738 -0.153176 3.88837
    endloop
  endfacet
  facet normal 0.0346463 0.00425261 0.999391
    outer loop
      vertex -0.483912 -0.0680084 3.85426
      vertex -0.48599 -0.0510788 3.85426
      vertex -1.45738 -0.153176 3.88837
    endloop
  endfacet
  facet normal -0.0246826 0.0246826 0.999391
    outer loop
      vertex 0.351518 -0.339457 3.85426
      vertex 1.01796 -1.05412 3.88837
      vertex 1.05412 -1.01796 3.88837
    endloop
  endfacet
  facet normal -0.0246826 0.0246826 0.999391
    outer loop
      vertex 1.01796 -1.05412 3.88837
      vertex 0.351518 -0.339457 3.85426
      vertex 0.339457 -0.351518 3.85426
    endloop
  endfacet
  facet normal 0.0316356 -0.0147526 0.999391
    outer loop
      vertex -0.44642 0.198758 3.85426
      vertex -0.439211 0.214217 3.85426
      vertex -1.3171 0.642391 3.88837
    endloop
  endfacet
  facet normal -0.206398 -0.0252972 0.978141
    outer loop
      vertex 5.29066 0.743553 4.36444
      vertex 6.20046 0.863902 4.55953
      vertex 6.2003 0.871394 4.55969
    endloop
  endfacet
  facet normal -0.206393 -0.0253343 0.978141
    outer loop
      vertex 6.20046 0.863902 4.55953
      vertex 5.29066 0.743553 4.36444
      vertex 5.31338 0.558458 4.36444
    endloop
  endfacet
  facet normal -0.207911 -0.00358519 0.978141
    outer loop
      vertex 5.3394 0.186456 4.36444
      vertex 6.21036 0.200327 4.54962
      vertex 6.21031 0.216868 4.54967
    endloop
  endfacet
  facet normal -0.207911 -0.00362396 0.978141
    outer loop
      vertex 6.21036 0.200327 4.54962
      vertex 5.3394 0.186456 4.36444
      vertex 5.34265 0 4.36444
    endloop
  endfacet
  facet normal -0.231348 0.0707499 0.970295
    outer loop
      vertex 6.15039 -1.99838 4.60959
      vertex 6.15295 -1.9549 4.60703
      vertex 5.99035 -1.94638 4.56764
    endloop
  endfacet
  facet normal -0.228759 0.0787173 0.970295
    outer loop
      vertex 6.14712 -2.04819 4.61286
      vertex 6.15039 -1.99838 4.60959
      vertex 5.99035 -1.94638 4.56764
    endloop
  endfacet
  facet normal -0.188459 0.0878793 0.978141
    outer loop
      vertex 5.66117 -2.76114 4.56764
      vertex 4.88075 -2.17305 4.36444
      vertex 4.80194 -2.34206 4.36444
    endloop
  endfacet
  facet normal -0.185278 0.094401 0.978141
    outer loop
      vertex 5.66117 -2.76114 4.56764
      vertex 4.80194 -2.34206 4.36444
      vertex 4.71728 -2.50822 4.36444
    endloop
  endfacet
  facet normal -0.159864 0.0678628 0.984804
    outer loop
      vertex 4.88075 -2.17305 4.36444
      vertex 4.95362 -2.00139 4.36444
      vertex 4.06122 -1.64084 4.19473
    endloop
  endfacet
  facet normal -0.126152 0.058828 0.990265
    outer loop
      vertex 3.93687 -1.92014 4.19473
      vertex 3.11733 -1.38792 4.05871
      vertex 3.06699 -1.49587 4.05871
    endloop
  endfacet
  facet normal -0.200858 0.0538182 0.978141
    outer loop
      vertex 6.05463 -1.73614 4.56764
      vertex 6.11153 -1.52378 4.56764
      vertex 5.13569 -1.47263 4.36444
    endloop
  endfacet
  facet normal -0.198856 0.0607995 0.978141
    outer loop
      vertex 5.99035 -1.94638 4.56764
      vertex 6.05463 -1.73614 4.56764
      vertex 5.13569 -1.47263 4.36444
    endloop
  endfacet
  facet normal -0.19413 0.0745188 0.978141
    outer loop
      vertex 5.91878 -2.15426 4.56764
      vertex 5.02045 -1.82729 4.36444
      vertex 4.95362 -2.00139 4.36444
    endloop
  endfacet
  facet normal -0.162137 0.0622379 0.984804
    outer loop
      vertex 4.95362 -2.00139 4.36444
      vertex 5.02045 -1.82729 4.36444
      vertex 4.06122 -1.64084 4.19473
    endloop
  endfacet
  facet normal -0.166083 0.0507757 0.984804
    outer loop
      vertex 5.08116 -1.65097 4.36444
      vertex 4.21048 -1.20734 4.19473
      vertex 4.16578 -1.35355 4.19473
    endloop
  endfacet
  facet normal -0.16421 0.0565404 0.984804
    outer loop
      vertex 5.02045 -1.82729 4.36444
      vertex 5.08116 -1.65097 4.36444
      vertex 4.16578 -1.35355 4.19473
    endloop
  endfacet
  facet normal -0.211616 0.117309 0.970287
    outer loop
      vertex 5.45477 -3.14931 4.56764
      vertex 6.03549 -3.39916 4.7245
      vertex 5.56136 -2.95703 4.56764
    endloop
  endfacet
  facet normal -0.211614 0.117313 0.970287
    outer loop
      vertex 6.03549 -3.39916 4.7245
      vertex 5.45477 -3.14931 4.56764
      vertex 6.02747 -3.47996 4.73252
    endloop
  endfacet
  facet normal -0.207398 0.124615 0.970287
    outer loop
      vertex 5.34154 -3.33776 4.56764
      vertex 6.02747 -3.47996 4.73252
      vertex 5.45477 -3.14931 4.56764
    endloop
  endfacet
  facet normal -0.207399 0.124611 0.970287
    outer loop
      vertex 6.02747 -3.47996 4.73252
      vertex 5.34154 -3.33776 4.56764
      vertex 6.02055 -3.54536 4.73944
    endloop
  endfacet
  facet normal -0.198201 0.138781 0.970287
    outer loop
      vertex 5.86289 -4.25964 4.80408
      vertex 5.2218 -3.52215 4.56764
      vertex 5.0957 -3.70224 4.56764
    endloop
  endfacet
  facet normal -0.079836 0.114023 0.990265
    outer loop
      vertex 2.44936 -3.63132 4.19473
      vertex 2.5746 -3.54363 4.19473
      vertex 2.00572 -2.76064 4.05871
    endloop
  endfacet
  facet normal -0.17696 0.165013 0.970287
    outer loop
      vertex 5.21301 -5.03414 4.80408
      vertex 5.38552 -4.84914 4.80408
      vertex 4.68079 -4.21461 4.56764
    endloop
  endfacet
  facet normal -0.16607 0.125144 0.978141
    outer loop
      vertex 4.96339 -3.87782 4.56764
      vertex 5.0957 -3.70224 4.56764
      vertex 4.3223 -3.14033 4.36444
    endloop
  endfacet
  facet normal -0.127018 0.118442 0.984804
    outer loop
      vertex 3.97036 -3.57493 4.36444
      vertex 3.2551 -2.9309 4.19473
      vertex 3.15083 -3.04272 4.19473
    endloop
  endfacet
  facet normal -0.180911 0.207971 0.961259
    outer loop
      vertex 4.84914 -5.38552 4.80408
      vertex 4.84999 -5.44325 4.81673
      vertex 4.87365 -5.43806 4.82006
    endloop
  endfacet
  facet normal -0.180801 0.207977 0.961279
    outer loop
      vertex 4.84999 -5.44325 4.81673
      vertex 4.84914 -5.38552 4.80408
      vertex 4.76817 -5.45591 4.80408
    endloop
  endfacet
  facet normal -0.201606 0.187995 0.961256
    outer loop
      vertex 5.38552 -4.84914 4.80408
      vertex 5.50151 -5.13928 4.88515
      vertex 5.59512 -5.03787 4.88495
    endloop
  endfacet
  facet normal -0.201606 0.187995 0.961256
    outer loop
      vertex 5.21301 -5.03414 4.80408
      vertex 5.50151 -5.13928 4.88515
      vertex 5.38552 -4.84914 4.80408
    endloop
  endfacet
  facet normal -0.201533 0.188178 0.961235
    outer loop
      vertex 5.50151 -5.13928 4.88515
      vertex 5.21301 -5.03414 4.80408
      vertex 5.47373 -5.16423 4.88421
    endloop
  endfacet
  facet normal -0.202476 0.186381 0.961387
    outer loop
      vertex 5.47373 -5.16423 4.88421
      vertex 5.21301 -5.03414 4.80408
      vertex 5.47145 -5.16583 4.88404
    endloop
  endfacet
  facet normal -0.201585 0.188048 0.96125
    outer loop
      vertex 5.21301 -5.03414 4.80408
      vertex 5.44246 -5.18607 4.88192
      vertex 5.47145 -5.16583 4.88404
    endloop
  endfacet
  facet normal -0.201599 0.188027 0.961251
    outer loop
      vertex 5.44246 -5.18607 4.88192
      vertex 5.21301 -5.03414 4.80408
      vertex 5.39905 -5.2138 4.87824
    endloop
  endfacet
  facet normal -0.214202 0.173499 0.961257
    outer loop
      vertex 5.75343 -4.8277 4.87967
      vertex 5.78864 -4.75891 4.8751
      vertex 5.55147 -4.65824 4.80408
    endloop
  endfacet
  facet normal -0.21418 0.173525 0.961258
    outer loop
      vertex 5.71066 -4.46166 4.80408
      vertex 5.85708 -4.62367 4.86595
      vertex 5.87004 -4.58618 4.86207
    endloop
  endfacet
  facet normal -0.214274 0.173438 0.961252
    outer loop
      vertex 5.85708 -4.62367 4.86595
      vertex 5.71066 -4.46166 4.80408
      vertex 5.83843 -4.66162 4.86864
    endloop
  endfacet
  facet normal -0.21422 0.173475 0.961258
    outer loop
      vertex 5.55147 -4.65824 4.80408
      vertex 5.83843 -4.66162 4.86864
      vertex 5.71066 -4.46166 4.80408
    endloop
  endfacet
  facet normal -0.21422 0.173458 0.961261
    outer loop
      vertex 5.83843 -4.66162 4.86864
      vertex 5.55147 -4.65824 4.80408
      vertex 5.78864 -4.75891 4.8751
    endloop
  endfacet
  facet normal -0.202902 0.131794 0.970289
    outer loop
      vertex 5.96954 -4.01122 4.79044
      vertex 5.99904 -3.74862 4.76094
      vertex 5.34154 -3.33776 4.56764
    endloop
  endfacet
  facet normal -0.0878793 0.188459 0.978141
    outer loop
      vertex 2.76114 -5.66117 4.56764
      vertex 2.34206 -4.80194 4.36444
      vertex 2.17305 -4.88075 4.36444
    endloop
  endfacet
  facet normal -0.109818 0.215539 0.9703
    outer loop
      vertex 2.95703 -5.56136 4.56764
      vertex 2.77304 -5.68558 4.57441
      vertex 2.98125 -5.66629 4.59369
    endloop
  endfacet
  facet normal -0.109833 0.215562 0.970294
    outer loop
      vertex 2.77304 -5.68558 4.57441
      vertex 2.95703 -5.56136 4.56764
      vertex 2.76114 -5.66117 4.56764
    endloop
  endfacet
  facet normal -0.0841948 0.151897 0.984804
    outer loop
      vertex 2.50822 -4.71728 4.36444
      vertex 2.67133 -4.62687 4.36444
      vertex 2.19008 -3.79333 4.19473
    endloop
  endfacet
  facet normal -0.0842048 0.151894 0.984803
    outer loop
      vertex 2.50822 -4.71728 4.36444
      vertex 2.19008 -3.79333 4.19473
      vertex 2.05636 -3.86746 4.19473
    endloop
  endfacet
  facet normal -0.0127448 0.103765 0.99452
    outer loop
      vertex 0.356687 -3.39365 4.05871
      vertex 0.474906 -3.37913 4.05871
      vertex 0.339632 -2.41661 3.95655
    endloop
  endfacet
  facet normal -0.0127398 0.103765 0.99452
    outer loop
      vertex 0.356687 -3.39365 4.05871
      vertex 0.339632 -2.41661 3.95655
      vertex 0.255087 -2.42699 3.95655
    endloop
  endfacet
  facet normal 0.025356 0.206382 0.978143
    outer loop
      vertex -0.608871 -5.79303 4.46695
      vertex -0.558458 -5.31338 4.36444
      vertex -0.722776 -5.7906 4.46939
    endloop
  endfacet
  facet normal 0.039069 0.169221 0.984803
    outer loop
      vertex -1.1108 -5.2259 4.36444
      vertex -1.05966 -4.25006 4.19473
      vertex -1.2925 -5.18395 4.36444
    endloop
  endfacet
  facet normal 0.0467777 0.20261 0.978142
    outer loop
      vertex -1.2925 -5.18395 4.36444
      vertex -1.36478 -5.77058 4.48941
      vertex -1.1108 -5.2259 4.36444
    endloop
  endfacet
  facet normal 0.0467678 0.202612 0.978142
    outer loop
      vertex -1.36478 -5.77058 4.48941
      vertex -1.2925 -5.18395 4.36444
      vertex -1.43804 -5.76767 4.49231
    endloop
  endfacet
  facet normal 0.0331354 0.170482 0.984804
    outer loop
      vertex -0.760607 -4.31362 4.19473
      vertex -0.910687 -4.28445 4.19473
      vertex -0.927741 -5.26148 4.36444
    endloop
  endfacet
  facet normal 0.0271751 0.171533 0.984804
    outer loop
      vertex -0.743553 -5.29066 4.36444
      vertex -0.760607 -4.31362 4.19473
      vertex -0.927741 -5.26148 4.36444
    endloop
  endfacet
  facet normal -0.00242177 0.139174 0.990265
    outer loop
      vertex 0.152865 -4.3775 4.19473
      vertex 0 -3.41234 4.05871
      vertex 0 -4.38016 4.19473
    endloop
  endfacet
  facet normal -0.00302158 0.173644 0.984804
    outer loop
      vertex 0.152865 -4.3775 4.19473
      vertex 0 -4.38016 4.19473
      vertex 0 -5.34265 4.36444
    endloop
  endfacet
  facet normal 0.00908946 0.173434 0.984804
    outer loop
      vertex -0.186456 -5.3394 4.36444
      vertex -0.152865 -4.3775 4.19473
      vertex -0.372684 -5.32964 4.36444
    endloop
  endfacet
  facet normal 0.0108833 0.207661 0.97814
    outer loop
      vertex -0.372684 -5.32964 4.36444
      vertex -0.309078 -5.79703 4.46296
      vertex -0.186456 -5.3394 4.36444
    endloop
  endfacet
  facet normal 0.0108657 0.207659 0.978141
    outer loop
      vertex -0.309078 -5.79703 4.46296
      vertex -0.372684 -5.32964 4.36444
      vertex -0.405306 -5.79614 4.46384
    endloop
  endfacet
  facet normal -0.101866 0.0235146 0.99452
    outer loop
      vertex 3.31098 -0.82552 4.05871
      vertex 3.33777 -0.709465 4.05871
      vertex 2.36787 -0.590376 3.95655
    endloop
  endfacet
  facet normal -0.135628 0.0313082 0.990265
    outer loop
      vertex 4.25006 -1.05966 4.19473
      vertex 3.33777 -0.709465 4.05871
      vertex 3.31098 -0.82552 4.05871
    endloop
  endfacet
  facet normal -0.096232 0.0408523 0.99452
    outer loop
      vertex 3.11733 -1.38792 4.05871
      vertex 3.16387 -1.27829 4.05871
      vertex 2.26266 -0.914175 3.95655
    endloop
  endfacet
  facet normal -0.128128 0.0543928 0.990265
    outer loop
      vertex 4.06122 -1.64084 4.19473
      vertex 3.16387 -1.27829 4.05871
      vertex 3.11733 -1.38792 4.05871
    endloop
  endfacet
  facet normal -0.105046 0.091327 0.990265
    outer loop
      vertex 3.3554 -2.81552 4.19473
      vertex 2.61401 -2.19341 4.05871
      vertex 2.53586 -2.2833 4.05871
    endloop
  endfacet
  facet normal -0.166069 0.125145 0.978141
    outer loop
      vertex 4.96339 -3.87782 4.56764
      vertex 4.3223 -3.14033 4.36444
      vertex 4.21007 -3.28926 4.36444
    endloop
  endfacet
  facet normal -0.125145 0.166069 0.978141
    outer loop
      vertex 3.87782 -4.96339 4.56764
      vertex 3.28926 -4.21007 4.36444
      vertex 3.14033 -4.3223 4.36444
    endloop
  endfacet
  facet normal -0.0837654 0.111169 0.990265
    outer loop
      vertex 2.6967 -3.45162 4.19473
      vertex 2.10085 -2.68896 4.05871
      vertex 2.00572 -2.76064 4.05871
    endloop
  endfacet
  facet normal -0.119315 0.071689 0.990265
    outer loop
      vertex 3.71459 -2.32113 4.19473
      vertex 3.79333 -2.19008 4.19473
      vertex 2.95517 -1.70617 4.05871
    endloop
  endfacet
  facet normal -0.12174 0.0674886 0.990265
    outer loop
      vertex 3.79333 -2.19008 4.19473
      vertex 3.86746 -2.05636 4.19473
      vertex 2.95517 -1.70617 4.05871
    endloop
  endfacet
  facet normal -0.0658002 0.0812407 0.99452
    outer loop
      vertex 2.10085 -2.68896 4.05871
      vertex 1.56863 -1.86942 3.95655
      vertex 1.50244 -1.92303 3.95655
    endloop
  endfacet
  facet normal -0.0657898 0.0812475 0.99452
    outer loop
      vertex 2.10085 -2.68896 4.05871
      vertex 2.19341 -2.61401 4.05871
      vertex 1.56863 -1.86942 3.95655
    endloop
  endfacet
  facet normal -0.0949294 0.101801 0.990265
    outer loop
      vertex 3.04272 -3.15083 4.19473
      vertex 2.37041 -2.45463 4.05871
      vertex 2.2833 -2.53586 4.05871
    endloop
  endfacet
  facet normal -0.0569355 0.0876808 0.99452
    outer loop
      vertex 1.80826 -2.89383 4.05871
      vertex 1.90816 -2.82896 4.05871
      vertex 1.36463 -2.02315 3.95655
    endloop
  endfacet
  facet normal -0.0674901 0.121739 0.990265
    outer loop
      vertex 2.05636 -3.86746 4.19473
      vertex 1.70617 -2.95517 4.05871
      vertex 1.602 -3.01292 4.05871
    endloop
  endfacet
  facet normal -0.0631951 0.124023 0.990265
    outer loop
      vertex 1.92014 -3.93687 4.19473
      vertex 2.05636 -3.86746 4.19473
      vertex 1.602 -3.01292 4.05871
    endloop
  endfacet
  facet normal -0.101802 0.0949285 0.990265
    outer loop
      vertex 3.15083 -3.04272 4.19473
      vertex 3.2551 -2.9309 4.19473
      vertex 2.53586 -2.2833 4.05871
    endloop
  endfacet
  facet normal -0.0739249 0.0739249 0.99452
    outer loop
      vertex 1.75545 -1.69522 3.95655
      vertex 2.37041 -2.45463 4.05871
      vertex 2.45463 -2.37041 4.05871
    endloop
  endfacet
  facet normal -0.0739249 0.0739249 0.99452
    outer loop
      vertex 2.37041 -2.45463 4.05871
      vertex 1.75545 -1.69522 3.95655
      vertex 1.69522 -1.75545 3.95655
    endloop
  endfacet
  facet normal 0.0340121 -0.00785069 0.999391
    outer loop
      vertex -0.477988 0.101599 3.85426
      vertex -0.474152 0.118218 3.85426
      vertex -1.43338 0.304675 3.88837
    endloop
  endfacet
  facet normal 0.0311022 -0.0158462 0.999391
    outer loop
      vertex -0.439211 0.214217 3.85426
      vertex -1.29388 0.687966 3.88837
      vertex -1.3171 0.642391 3.88837
    endloop
  endfacet
  facet normal -0.051026 0.0475863 0.997563
    outer loop
      vertex 1.81354 -1.63292 3.95655
      vertex 1.08901 -0.980548 3.88837
      vertex 1.05412 -1.01796 3.88837
    endloop
  endfacet
  facet normal -0.025528 0.0238071 0.999391
    outer loop
      vertex 1.05412 -1.01796 3.88837
      vertex 1.08901 -0.980548 3.88837
      vertex 0.351518 -0.339457 3.85426
    endloop
  endfacet
  facet normal 0.0337167 -0.00903533 0.999391
    outer loop
      vertex -0.469737 0.134694 3.85426
      vertex -1.40864 0.40392 3.88837
      vertex -1.42188 0.354513 3.88837
    endloop
  endfacet
  facet normal 0.0278783 -0.021006 0.999391
    outer loop
      vertex -0.39534 0.287231 3.85426
      vertex -1.15476 0.902194 3.88837
      vertex -1.18554 0.861344 3.88837
    endloop
  endfacet
  facet normal 0.0271272 -0.0219673 0.999391
    outer loop
      vertex -0.385075 0.300853 3.85426
      vertex -1.12257 0.941945 3.88837
      vertex -1.15476 0.902194 3.88837
    endloop
  endfacet
  facet normal 0.0271267 -0.0219678 0.999391
    outer loop
      vertex -0.385075 0.300853 3.85426
      vertex -0.37434 0.314109 3.85426
      vertex -1.12257 0.941945 3.88837
    endloop
  endfacet
  facet normal 0.0337167 -0.00903493 0.999391
    outer loop
      vertex -0.474152 0.118218 3.85426
      vertex -0.469737 0.134694 3.85426
      vertex -1.42188 0.354513 3.88837
    endloop
  endfacet
  facet normal 0.00849814 0.0692524 0.997563
    outer loop
      vertex -0.153176 -1.45738 3.88837
      vertex -0.203945 -1.45115 3.88837
      vertex -0.255087 -2.42699 3.95655
    endloop
  endfacet
  facet normal 0.00425155 0.0346464 0.999391
    outer loop
      vertex -0.153176 -1.45738 3.88837
      vertex -0.0680084 -0.483912 3.85426
      vertex -0.203945 -1.45115 3.88837
    endloop
  endfacet
  facet normal 0.113256 0.174394 0.978141
    outer loop
      vertex -2.83117 -4.53083 4.36444
      vertex -2.98757 -4.42926 4.36444
      vertex -3.52215 -5.2218 4.56764
    endloop
  endfacet
  facet normal 0.119268 0.170338 0.978141
    outer loop
      vertex -2.98757 -4.42926 4.36444
      vertex -3.14033 -4.3223 4.36444
      vertex -3.52215 -5.2218 4.56764
    endloop
  endfacet
  facet normal 0.099611 0.142266 0.984804
    outer loop
      vertex -2.44936 -3.63132 4.19473
      vertex -2.5746 -3.54363 4.19473
      vertex -3.14033 -4.3223 4.36444
    endloop
  endfacet
  facet normal 0.10452 0.138699 0.984804
    outer loop
      vertex -3.14033 -4.3223 4.36444
      vertex -2.5746 -3.54363 4.19473
      vertex -3.28926 -4.21007 4.36444
    endloop
  endfacet
  facet normal 0.059802 0.0359415 0.997563
    outer loop
      vertex -1.24273 -0.776546 3.88837
      vertex -1.26908 -0.732703 3.88837
      vertex -2.06954 -1.29319 3.95655
    endloop
  endfacet
  facet normal 0.0299187 0.0179814 0.999391
    outer loop
      vertex -1.24273 -0.776546 3.88837
      vertex -0.414412 -0.258954 3.85426
      vertex -1.26908 -0.732703 3.88837
    endloop
  endfacet
  facet normal 0.0278773 -0.0210072 0.999391
    outer loop
      vertex -0.39534 0.287231 3.85426
      vertex -0.385075 0.300853 3.85426
      vertex -1.15476 0.902194 3.88837
    endloop
  endfacet
  facet normal 0.0349009 0.000609869 0.999391
    outer loop
      vertex -0.488369 -0.0170536 3.85426
      vertex -0.488667 0 3.85426
      vertex -1.46541 0 3.88837
    endloop
  endfacet
  facet normal 0.0344765 -0.00546177 0.999391
    outer loop
      vertex -0.483912 0.0680084 3.85426
      vertex -0.481243 0.084856 3.85426
      vertex -1.44314 0.254465 3.88837
    endloop
  endfacet
  facet normal 0.055724 0.0419874 0.997563
    outer loop
      vertex -1.15476 -0.902194 3.88837
      vertex -1.18554 -0.861344 3.88837
      vertex -1.92303 -1.50244 3.95655
    endloop
  endfacet
  facet normal 0.0278783 0.021006 0.999391
    outer loop
      vertex -1.15476 -0.902194 3.88837
      vertex -0.39534 -0.287231 3.85426
      vertex -1.18554 -0.861344 3.88837
    endloop
  endfacet
  facet normal 0.0498774 0.129952 0.990265
    outer loop
      vertex -1.16709 -3.20655 4.05871
      vertex -1.27829 -3.16387 4.05871
      vertex -1.64084 -4.06122 4.19473
    endloop
  endfacet
  facet normal 0.0453154 0.131612 0.990265
    outer loop
      vertex -1.35355 -4.16578 4.19473
      vertex -1.16709 -3.20655 4.05871
      vertex -1.4981 -4.11601 4.19473
    endloop
  endfacet
  facet normal 0.0812641 0.1914 0.978142
    outer loop
      vertex -2.31098 -5.71988 4.5401
      vertex -2.00139 -4.95362 4.36444
      vertex -2.52741 -5.70485 4.55514
    endloop
  endfacet
  facet normal 0.0744927 0.194136 0.978142
    outer loop
      vertex -2.12463 -5.73173 4.52826
      vertex -2.00139 -4.95362 4.36444
      vertex -2.31098 -5.71988 4.5401
    endloop
  endfacet
  facet normal 0.0321315 -0.0136385 0.999391
    outer loop
      vertex -0.453084 0.183058 3.85426
      vertex -0.44642 0.198758 3.85426
      vertex -1.33872 0.596034 3.88837
    endloop
  endfacet
  facet normal 0.0292756 -0.0190102 0.999391
    outer loop
      vertex -0.414412 0.258954 3.85426
      vertex -0.405123 0.273259 3.85426
      vertex -1.21488 0.819445 3.88837
    endloop
  endfacet
  facet normal 0.0878793 0.188459 0.978141
    outer loop
      vertex -2.17305 -4.88075 4.36444
      vertex -2.34206 -4.80194 4.36444
      vertex -2.76114 -5.66117 4.56764
    endloop
  endfacet
  facet normal 0.094401 0.185278 0.978141
    outer loop
      vertex -2.34206 -4.80194 4.36444
      vertex -2.50822 -4.71728 4.36444
      vertex -2.76114 -5.66117 4.56764
    endloop
  endfacet
  facet normal 0.0894446 0.148866 0.984804
    outer loop
      vertex -2.19008 -3.79333 4.19473
      vertex -2.32113 -3.71459 4.19473
      vertex -2.67133 -4.62687 4.36444
    endloop
  endfacet
  facet normal 0.0841948 0.151897 0.984804
    outer loop
      vertex -2.50822 -4.71728 4.36444
      vertex -2.19008 -3.79333 4.19473
      vertex -2.67133 -4.62687 4.36444
    endloop
  endfacet
  facet normal 0.0311015 -0.0158475 0.999391
    outer loop
      vertex -0.439211 0.214217 3.85426
      vertex -0.431467 0.229415 3.85426
      vertex -1.29388 0.687966 3.88837
    endloop
  endfacet
  facet normal 0.032588 -0.0125093 0.999391
    outer loop
      vertex -0.459197 0.167133 3.85426
      vertex -0.453084 0.183058 3.85426
      vertex -1.3587 0.54895 3.88837
    endloop
  endfacet
  facet normal 0.171533 0.0271751 0.984804
    outer loop
      vertex -5.26148 -0.927741 4.36444
      vertex -4.31362 -0.760607 4.19473
      vertex -5.29066 -0.743553 4.36444
    endloop
  endfacet
  facet normal 0.171533 0.0271715 0.984804
    outer loop
      vertex -4.31362 -0.760607 4.19473
      vertex -4.33754 -0.609601 4.19473
      vertex -5.29066 -0.743553 4.36444
    endloop
  endfacet
  facet normal 0.103258 0.0163524 0.99452
    outer loop
      vertex -3.3605 -0.592546 4.05871
      vertex -2.41661 -0.339632 3.95655
      vertex -3.37913 -0.474906 4.05871
    endloop
  endfacet
  facet normal 0.137481 0.0217721 0.990265
    outer loop
      vertex -3.3605 -0.592546 4.05871
      vertex -3.37913 -0.474906 4.05871
      vertex -4.33754 -0.609601 4.19473
    endloop
  endfacet
  facet normal 0.151897 0.0841948 0.984804
    outer loop
      vertex -4.62687 -2.67133 4.36444
      vertex -3.79333 -2.19008 4.19473
      vertex -4.71728 -2.50822 4.36444
    endloop
  endfacet
  facet normal 0.151894 0.0842048 0.984803
    outer loop
      vertex -3.79333 -2.19008 4.19473
      vertex -3.86746 -2.05636 4.19473
      vertex -4.71728 -2.50822 4.36444
    endloop
  endfacet
  facet normal -0.173645 0.0030267 0.984804
    outer loop
      vertex 5.3394 -0.186456 4.36444
      vertex 5.34265 0 4.36444
      vertex 4.3775 -0.152865 4.19473
    endloop
  endfacet
  facet normal -0.207911 0.00362396 0.978141
    outer loop
      vertex 5.3394 -0.186456 4.36444
      vertex 6.21036 -0.200327 4.54962
      vertex 5.34265 0 4.36444
    endloop
  endfacet
  facet normal -0.207911 0.00358519 0.978141
    outer loop
      vertex 6.21036 -0.200327 4.54962
      vertex 5.3394 -0.186456 4.36444
      vertex 6.21031 -0.216868 4.54967
    endloop
  endfacet
  facet normal -0.173645 -0.0030267 0.984804
    outer loop
      vertex 5.34265 0 4.36444
      vertex 5.3394 0.186456 4.36444
      vertex 4.3775 0.152865 4.19473
    endloop
  endfacet
  facet normal -0.173434 -0.00908946 0.984804
    outer loop
      vertex 5.3394 0.186456 4.36444
      vertex 5.32964 0.372684 4.36444
      vertex 4.3775 0.152865 4.19473
    endloop
  endfacet
  facet normal -0.207151 -0.0181082 0.978141
    outer loop
      vertex 6.2081 0.448602 4.55189
      vertex 6.20499 0.65217 4.555
      vertex 5.31338 0.558458 4.36444
    endloop
  endfacet
  facet normal -0.207105 -0.0186911 0.97814
    outer loop
      vertex 6.2081 0.448602 4.55189
      vertex 5.32964 0.372684 4.36444
      vertex 6.20832 0.434128 4.55166
    endloop
  endfacet
  facet normal -0.207153 -0.0181312 0.97814
    outer loop
      vertex 5.32964 0.372684 4.36444
      vertex 6.2081 0.448602 4.55189
      vertex 5.31338 0.558458 4.36444
    endloop
  endfacet
  facet normal -0.157403 0.0733912 0.984804
    outer loop
      vertex 4.88075 -2.17305 4.36444
      vertex 4.00148 -1.78157 4.19473
      vertex 3.93687 -1.92014 4.19473
    endloop
  endfacet
  facet normal -0.157402 0.0733969 0.984803
    outer loop
      vertex 4.80194 -2.34206 4.36444
      vertex 4.88075 -2.17305 4.36444
      vertex 3.93687 -1.92014 4.19473
    endloop
  endfacet
  facet normal -0.181869 0.100818 0.978141
    outer loop
      vertex 5.45477 -3.14931 4.56764
      vertex 5.56136 -2.95703 4.56764
      vertex 4.62687 -2.67133 4.36444
    endloop
  endfacet
  facet normal -0.178243 0.107097 0.978141
    outer loop
      vertex 5.34154 -3.33776 4.56764
      vertex 5.45477 -3.14931 4.56764
      vertex 4.62687 -2.67133 4.36444
    endloop
  endfacet
  facet normal -0.193236 0.145615 0.970287
    outer loop
      vertex 5.86289 -4.25964 4.80408
      vertex 5.0957 -3.70224 4.56764
      vertex 4.96339 -3.87782 4.56764
    endloop
  endfacet
  facet normal -0.193237 0.145612 0.970287
    outer loop
      vertex 5.71066 -4.46166 4.80408
      vertex 5.86289 -4.25964 4.80408
      vertex 4.96339 -3.87782 4.56764
    endloop
  endfacet
  facet normal -0.16502 0.17695 0.970287
    outer loop
      vertex 5.03414 -5.21301 4.80408
      vertex 4.37539 -4.53085 4.56764
      vertex 4.21461 -4.68079 4.56764
    endloop
  endfacet
  facet normal -0.10452 0.138699 0.984804
    outer loop
      vertex 3.14033 -4.3223 4.36444
      vertex 3.28926 -4.21007 4.36444
      vertex 2.5746 -3.54363 4.19473
    endloop
  endfacet
  facet normal -0.158823 0.182563 0.970281
    outer loop
      vertex 4.21461 -4.68079 4.56764
      vertex 4.59774 -5.47937 4.78061
      vertex 4.61994 -5.47632 4.78367
    endloop
  endfacet
  facet normal -0.158736 0.182606 0.970288
    outer loop
      vertex 4.59774 -5.47937 4.78061
      vertex 4.21461 -4.68079 4.56764
      vertex 4.04868 -4.82503 4.56764
    endloop
  endfacet
  facet normal -0.17695 0.16502 0.970287
    outer loop
      vertex 5.21301 -5.03414 4.80408
      vertex 4.68079 -4.21461 4.56764
      vertex 4.53085 -4.37539 4.56764
    endloop
  endfacet
  facet normal -0.225639 0.158321 0.96126
    outer loop
      vertex 5.93157 -4.30954 4.82842
      vertex 5.93491 -4.28444 4.82507
      vertex 5.86289 -4.25964 4.80408
    endloop
  endfacet
  facet normal -0.198195 0.138784 0.970288
    outer loop
      vertex 5.96795 -4.02543 4.79204
      vertex 5.86289 -4.25964 4.80408
      vertex 5.95591 -4.1268 4.80408
    endloop
  endfacet
  facet normal -0.198197 0.138785 0.970287
    outer loop
      vertex 5.86289 -4.25964 4.80408
      vertex 5.96795 -4.02543 4.79204
      vertex 5.2218 -3.52215 4.56764
    endloop
  endfacet
  facet normal -0.100809 0.181871 0.978141
    outer loop
      vertex 2.95703 -5.56136 4.56764
      vertex 2.67133 -4.62687 4.36444
      vertex 2.50822 -4.71728 4.36444
    endloop
  endfacet
  facet normal -0.0944029 0.185278 0.978141
    outer loop
      vertex 2.76114 -5.66117 4.56764
      vertex 2.95703 -5.56136 4.56764
      vertex 2.50822 -4.71728 4.36444
    endloop
  endfacet
  facet normal -0.117318 0.211614 0.970287
    outer loop
      vertex 3.14931 -5.45477 4.56764
      vertex 3.04881 -5.65978 4.6002
      vertex 3.25582 -5.63924 4.62075
    endloop
  endfacet
  facet normal -0.117304 0.211608 0.97029
    outer loop
      vertex 3.04881 -5.65978 4.6002
      vertex 3.14931 -5.45477 4.56764
      vertex 2.95703 -5.56136 4.56764
    endloop
  endfacet
  facet normal -0.100818 0.181869 0.978141
    outer loop
      vertex 2.95703 -5.56136 4.56764
      vertex 3.14931 -5.45477 4.56764
      vertex 2.67133 -4.62687 4.36444
    endloop
  endfacet
  facet normal -0.105051 0.0913206 0.990265
    outer loop
      vertex 3.2551 -2.9309 4.19473
      vertex 3.3554 -2.81552 4.19473
      vertex 2.53586 -2.2833 4.05871
    endloop
  endfacet
  facet normal -0.101801 0.0949294 0.990265
    outer loop
      vertex 3.15083 -3.04272 4.19473
      vertex 2.53586 -2.2833 4.05871
      vertex 2.45463 -2.37041 4.05871
    endloop
  endfacet
  facet normal 0.00729256 0.139005 0.990265
    outer loop
      vertex -0.152865 -4.3775 4.19473
      vertex -0.238032 -3.40403 4.05871
      vertex -0.305545 -4.36949 4.19473
    endloop
  endfacet
  facet normal 0.00909868 0.173431 0.984804
    outer loop
      vertex -0.152865 -4.3775 4.19473
      vertex -0.305545 -4.36949 4.19473
      vertex -0.372684 -5.32964 4.36444
    endloop
  endfacet
  facet normal -0.170338 0.119268 0.978141
    outer loop
      vertex 5.2218 -3.52215 4.56764
      vertex 4.42926 -2.98757 4.36444
      vertex 4.3223 -3.14033 4.36444
    endloop
  endfacet
  facet normal -0.145654 0.094585 0.984804
    outer loop
      vertex 4.53083 -2.83117 4.36444
      vertex 3.71459 -2.32113 4.19473
      vertex 3.63132 -2.44936 4.19473
    endloop
  endfacet
  facet normal -0.111165 0.0837697 0.990265
    outer loop
      vertex 3.45162 -2.6967 4.19473
      vertex 3.54363 -2.5746 4.19473
      vertex 2.76064 -2.00572 4.05871
    endloop
  endfacet
  facet normal -0.114023 0.079836 0.990265
    outer loop
      vertex 3.54363 -2.5746 4.19473
      vertex 3.63132 -2.44936 4.19473
      vertex 2.76064 -2.00572 4.05871
    endloop
  endfacet
  facet normal -0.142265 0.0996117 0.984804
    outer loop
      vertex 4.3223 -3.14033 4.36444
      vertex 4.42926 -2.98757 4.36444
      vertex 3.63132 -2.44936 4.19473
    endloop
  endfacet
  facet normal -0.148866 0.089446 0.984804
    outer loop
      vertex 4.53083 -2.83117 4.36444
      vertex 4.62687 -2.67133 4.36444
      vertex 3.71459 -2.32113 4.19473
    endloop
  endfacet
  facet normal -0.108177 0.087596 0.990265
    outer loop
      vertex 3.3554 -2.81552 4.19473
      vertex 2.68896 -2.10085 4.05871
      vertex 2.61401 -2.19341 4.05871
    endloop
  endfacet
  facet normal -0.127018 0.118441 0.984804
    outer loop
      vertex 3.84318 -3.71132 4.36444
      vertex 3.97036 -3.57493 4.36444
      vertex 3.15083 -3.04272 4.19473
    endloop
  endfacet
  facet normal 0.0321329 0.0136355 0.999391
    outer loop
      vertex -1.33872 -0.596034 3.88837
      vertex -0.453084 -0.183058 3.85426
      vertex -1.3587 -0.54895 3.88837
    endloop
  endfacet
  facet normal 0.0169226 -0.0305299 0.999391
    outer loop
      vertex -0.244333 0.423198 3.85426
      vertex -0.229415 0.431467 3.85426
      vertex -0.732703 1.26908 3.88837
    endloop
  endfacet
  facet normal 0.0316349 -0.0147539 0.999391
    outer loop
      vertex -0.44642 0.198758 3.85426
      vertex -1.3171 0.642391 3.88837
      vertex -1.33872 0.596034 3.88837
    endloop
  endfacet
  facet normal 0.0565394 0.164211 0.984804
    outer loop
      vertex -1.35355 -4.16578 4.19473
      vertex -1.4981 -4.11601 4.19473
      vertex -1.82729 -5.02045 4.36444
    endloop
  endfacet
  facet normal 0.0622356 0.162138 0.984804
    outer loop
      vertex -1.4981 -4.11601 4.19473
      vertex -1.64084 -4.06122 4.19473
      vertex -1.82729 -5.02045 4.36444
    endloop
  endfacet
  facet normal 0.025529 -0.0238059 0.999391
    outer loop
      vertex -0.363151 0.326982 3.85426
      vertex -0.351518 0.339457 3.85426
      vertex -1.08901 0.980548 3.88837
    endloop
  endfacet
  facet normal 0.117304 0.211608 0.97029
    outer loop
      vertex -3.14931 -5.45477 4.56764
      vertex -3.04881 -5.65978 4.6002
      vertex -2.95703 -5.56136 4.56764
    endloop
  endfacet
  facet normal 0.117318 0.211614 0.970287
    outer loop
      vertex -3.04881 -5.65978 4.6002
      vertex -3.14931 -5.45477 4.56764
      vertex -3.25582 -5.63924 4.62075
    endloop
  endfacet
  facet normal 0.124616 0.2074 0.970287
    outer loop
      vertex -3.33776 -5.34154 4.56764
      vertex -3.25582 -5.63924 4.62075
      vertex -3.14931 -5.45477 4.56764
    endloop
  endfacet
  facet normal 0.124571 0.207389 0.970295
    outer loop
      vertex -3.25582 -5.63924 4.62075
      vertex -3.33776 -5.34154 4.56764
      vertex -3.42336 -5.62151 4.63847
    endloop
  endfacet
  facet normal 0.0349009 -0.000609869 0.999391
    outer loop
      vertex -0.488667 0 3.85426
      vertex -0.488369 0.0170536 3.85426
      vertex -1.46541 0 3.88837
    endloop
  endfacet
  facet normal -0.0931522 0.0474582 0.99452
    outer loop
      vertex 3.01292 -1.602 4.05871
      vertex 3.06699 -1.49587 4.05871
      vertex 2.19338 -1.06978 3.95655
    endloop
  endfacet
  facet normal -0.0947491 0.0441841 0.99452
    outer loop
      vertex 3.06699 -1.49587 4.05871
      vertex 3.11733 -1.38792 4.05871
      vertex 2.19338 -1.06978 3.95655
    endloop
  endfacet
  facet normal -0.126156 0.0588217 0.990265
    outer loop
      vertex 3.93687 -1.92014 4.19473
      vertex 4.00148 -1.78157 4.19473
      vertex 3.11733 -1.38792 4.05871
    endloop
  endfacet
  facet normal -0.128129 0.0543907 0.990265
    outer loop
      vertex 4.00148 -1.78157 4.19473
      vertex 4.06122 -1.64084 4.19473
      vertex 3.11733 -1.38792 4.05871
    endloop
  endfacet
  facet normal -0.151894 0.0842048 0.984803
    outer loop
      vertex 4.71728 -2.50822 4.36444
      vertex 3.86746 -2.05636 4.19473
      vertex 3.79333 -2.19008 4.19473
    endloop
  endfacet
  facet normal -0.181871 0.100809 0.978141
    outer loop
      vertex 5.56136 -2.95703 4.56764
      vertex 4.71728 -2.50822 4.36444
      vertex 4.62687 -2.67133 4.36444
    endloop
  endfacet
  facet normal -0.188037 0.152269 0.970287
    outer loop
      vertex 5.55147 -4.65824 4.80408
      vertex 4.96339 -3.87782 4.56764
      vertex 4.82503 -4.04868 4.56764
    endloop
  endfacet
  facet normal -0.182608 0.158738 0.970287
    outer loop
      vertex 5.55147 -4.65824 4.80408
      vertex 4.82503 -4.04868 4.56764
      vertex 4.68079 -4.21461 4.56764
    endloop
  endfacet
  facet normal -0.180858 0.207997 0.961264
    outer loop
      vertex 4.87365 -5.43806 4.82006
      vertex 4.89269 -5.43389 4.82274
      vertex 4.84914 -5.38552 4.80408
    endloop
  endfacet
  facet normal -0.152369 0.187949 0.970288
    outer loop
      vertex 4.04868 -4.82503 4.56764
      vertex 4.56779 -5.48331 4.77667
      vertex 4.59774 -5.47937 4.78061
    endloop
  endfacet
  facet normal -0.152265 0.188031 0.970288
    outer loop
      vertex 4.56779 -5.48331 4.77667
      vertex 4.04868 -4.82503 4.56764
      vertex 3.87782 -4.96339 4.56764
    endloop
  endfacet
  facet normal -0.0758065 0.116742 0.990265
    outer loop
      vertex 2.44936 -3.63132 4.19473
      vertex 1.90816 -2.82896 4.05871
      vertex 1.80826 -2.89383 4.05871
    endloop
  endfacet
  facet normal -0.158743 0.182603 0.970287
    outer loop
      vertex 4.84914 -5.38552 4.80408
      vertex 4.61994 -5.47632 4.78367
      vertex 4.76817 -5.45591 4.80408
    endloop
  endfacet
  facet normal -0.158744 0.182605 0.970287
    outer loop
      vertex 4.61994 -5.47632 4.78367
      vertex 4.84914 -5.38552 4.80408
      vertex 4.21461 -4.68079 4.56764
    endloop
  endfacet
  facet normal -0.131069 0.113942 0.984804
    outer loop
      vertex 3.97036 -3.57493 4.36444
      vertex 4.09271 -3.43419 4.36444
      vertex 3.3554 -2.81552 4.19473
    endloop
  endfacet
  facet normal -0.134969 0.109294 0.984804
    outer loop
      vertex 4.09271 -3.43419 4.36444
      vertex 4.21007 -3.28926 4.36444
      vertex 3.3554 -2.81552 4.19473
    endloop
  endfacet
  facet normal -0.14565 0.193223 0.970284
    outer loop
      vertex 3.87782 -4.96339 4.56764
      vertex 4.03361 -5.55179 4.7082
      vertex 4.12284 -5.54062 4.71937
    endloop
  endfacet
  facet normal -0.145613 0.193233 0.970287
    outer loop
      vertex 4.03361 -5.55179 4.7082
      vertex 3.87782 -4.96339 4.56764
      vertex 3.70224 -5.0957 4.56764
    endloop
  endfacet
  facet normal -0.145611 0.19324 0.970286
    outer loop
      vertex 4.12284 -5.54062 4.71937
      vertex 4.31046 -5.51714 4.74285
      vertex 3.87782 -4.96339 4.56764
    endloop
  endfacet
  facet normal -0.131791 0.202905 0.970289
    outer loop
      vertex 3.52215 -5.2218 4.56764
      vertex 3.61544 -5.60048 4.6595
      vertex 3.76615 -5.58355 4.67643
    endloop
  endfacet
  facet normal -0.131767 0.202911 0.970291
    outer loop
      vertex 3.61544 -5.60048 4.6595
      vertex 3.52215 -5.2218 4.56764
      vertex 3.33776 -5.34154 4.56764
    endloop
  endfacet
  facet normal -0.109296 0.134968 0.984804
    outer loop
      vertex 3.28926 -4.21007 4.36444
      vertex 2.81552 -3.3554 4.19473
      vertex 2.6967 -3.45162 4.19473
    endloop
  endfacet
  facet normal -0.131765 0.202914 0.970291
    outer loop
      vertex 3.50717 -5.61264 4.64734
      vertex 3.61544 -5.60048 4.6595
      vertex 3.33776 -5.34154 4.56764
    endloop
  endfacet
  facet normal -0.104519 0.1387 0.984804
    outer loop
      vertex 3.28926 -4.21007 4.36444
      vertex 2.6967 -3.45162 4.19473
      vertex 2.5746 -3.54363 4.19473
    endloop
  endfacet
  facet normal -0.171089 0.171089 0.970287
    outer loop
      vertex 4.53085 -4.37539 4.56764
      vertex 5.03414 -5.21301 4.80408
      vertex 5.21301 -5.03414 4.80408
    endloop
  endfacet
  facet normal -0.171089 0.171089 0.970287
    outer loop
      vertex 5.03414 -5.21301 4.80408
      vertex 4.53085 -4.37539 4.56764
      vertex 4.37539 -4.53085 4.56764
    endloop
  endfacet
  facet normal -0.0788439 0.154745 0.984803
    outer loop
      vertex 2.34206 -4.80194 4.36444
      vertex 2.50822 -4.71728 4.36444
      vertex 1.92014 -3.93687 4.19473
    endloop
  endfacet
  facet normal -0.094401 0.185278 0.978141
    outer loop
      vertex 2.76114 -5.66117 4.56764
      vertex 2.50822 -4.71728 4.36444
      vertex 2.34206 -4.80194 4.36444
    endloop
  endfacet
  facet normal -0.0758088 0.11674 0.990265
    outer loop
      vertex 2.32113 -3.71459 4.19473
      vertex 2.44936 -3.63132 4.19473
      vertex 1.80826 -2.89383 4.05871
    endloop
  endfacet
  facet normal -0.119271 0.170337 0.978141
    outer loop
      vertex 3.52215 -5.2218 4.56764
      vertex 3.70224 -5.0957 4.56764
      vertex 3.14033 -4.3223 4.36444
    endloop
  endfacet
  facet normal -0.152076 0.141823 0.978141
    outer loop
      vertex 4.53085 -4.37539 4.56764
      vertex 4.68079 -4.21461 4.56764
      vertex 3.84318 -3.71132 4.36444
    endloop
  endfacet
  facet normal -0.108174 0.0875989 0.990265
    outer loop
      vertex 3.3554 -2.81552 4.19473
      vertex 3.45162 -2.6967 4.19473
      vertex 2.68896 -2.10085 4.05871
    endloop
  endfacet
  facet normal -0.134968 0.109296 0.984804
    outer loop
      vertex 4.21007 -3.28926 4.36444
      vertex 3.45162 -2.6967 4.19473
      vertex 3.3554 -2.81552 4.19473
    endloop
  endfacet
  facet normal -0.142266 0.099611 0.984804
    outer loop
      vertex 4.3223 -3.14033 4.36444
      vertex 3.63132 -2.44936 4.19473
      vertex 3.54363 -2.5746 4.19473
    endloop
  endfacet
  facet normal -0.138699 0.10452 0.984804
    outer loop
      vertex 4.21007 -3.28926 4.36444
      vertex 4.3223 -3.14033 4.36444
      vertex 3.54363 -2.5746 4.19473
    endloop
  endfacet
  facet normal -0.151897 0.0841948 0.984804
    outer loop
      vertex 4.62687 -2.67133 4.36444
      vertex 4.71728 -2.50822 4.36444
      vertex 3.79333 -2.19008 4.19473
    endloop
  endfacet
  facet normal -0.148866 0.0894446 0.984804
    outer loop
      vertex 4.62687 -2.67133 4.36444
      vertex 3.79333 -2.19008 4.19473
      vertex 3.71459 -2.32113 4.19473
    endloop
  endfacet
  facet normal 0.0238071 -0.025528 0.999391
    outer loop
      vertex -0.339457 0.351518 3.85426
      vertex -0.980548 1.08901 3.88837
      vertex -1.01796 1.05412 3.88837
    endloop
  endfacet
  facet normal 0 0 1
    outer loop
      vertex 0.488369 0.0170536 3.85426
      vertex 0.488369 -0.0170536 3.85426
      vertex 0.488667 0 3.85426
    endloop
  endfacet
  facet normal 0 0 1
    outer loop
      vertex 0.487476 0.0340872 3.85426
      vertex 0.488369 -0.0170536 3.85426
      vertex 0.488369 0.0170536 3.85426
    endloop
  endfacet
  facet normal 0 0 1
    outer loop
      vertex 0.487476 0.0340872 3.85426
      vertex 0.487476 -0.0340872 3.85426
      vertex 0.488369 -0.0170536 3.85426
    endloop
  endfacet
  facet normal 0 0 1
    outer loop
      vertex 0.48599 0.0510788 3.85426
      vertex 0.487476 -0.0340872 3.85426
      vertex 0.487476 0.0340872 3.85426
    endloop
  endfacet
  facet normal 0 0 1
    outer loop
      vertex 0.48599 0.0510788 3.85426
      vertex 0.48599 -0.0510788 3.85426
      vertex 0.487476 -0.0340872 3.85426
    endloop
  endfacet
  facet normal 0 0 1
    outer loop
      vertex 0.483912 0.0680084 3.85426
      vertex 0.48599 -0.0510788 3.85426
      vertex 0.48599 0.0510788 3.85426
    endloop
  endfacet
  facet normal 0 0 1
    outer loop
      vertex 0.483912 0.0680084 3.85426
      vertex 0.483912 -0.0680084 3.85426
      vertex 0.48599 -0.0510788 3.85426
    endloop
  endfacet
  facet normal 0 0 1
    outer loop
      vertex 0.481243 0.084856 3.85426
      vertex 0.483912 -0.0680084 3.85426
      vertex 0.483912 0.0680084 3.85426
    endloop
  endfacet
  facet normal 0 0 1
    outer loop
      vertex 0.481243 0.084856 3.85426
      vertex 0.481243 -0.084856 3.85426
      vertex 0.483912 -0.0680084 3.85426
    endloop
  endfacet
  facet normal 0 0 1
    outer loop
      vertex 0.477988 0.101599 3.85426
      vertex 0.481243 -0.084856 3.85426
      vertex 0.481243 0.084856 3.85426
    endloop
  endfacet
  facet normal 0 0 1
    outer loop
      vertex 0.477988 0.101599 3.85426
      vertex 0.477988 -0.101599 3.85426
      vertex 0.481243 -0.084856 3.85426
    endloop
  endfacet
  facet normal 0 0 1
    outer loop
      vertex 0.474152 0.118218 3.85426
      vertex 0.477988 -0.101599 3.85426
      vertex 0.477988 0.101599 3.85426
    endloop
  endfacet
  facet normal 0 0 1
    outer loop
      vertex 0.474152 0.118218 3.85426
      vertex 0.474152 -0.118218 3.85426
      vertex 0.477988 -0.101599 3.85426
    endloop
  endfacet
  facet normal 0 0 1
    outer loop
      vertex 0.469737 0.134694 3.85426
      vertex 0.474152 -0.118218 3.85426
      vertex 0.474152 0.118218 3.85426
    endloop
  endfacet
  facet normal 0 0 1
    outer loop
      vertex 0.469737 0.134694 3.85426
      vertex 0.469737 -0.134694 3.85426
      vertex 0.474152 -0.118218 3.85426
    endloop
  endfacet
  facet normal 0 0 1
    outer loop
      vertex 0.46475 0.151006 3.85426
      vertex 0.469737 -0.134694 3.85426
      vertex 0.469737 0.134694 3.85426
    endloop
  endfacet
  facet normal 0 0 1
    outer loop
      vertex 0.46475 0.151006 3.85426
      vertex 0.46475 -0.151006 3.85426
      vertex 0.469737 -0.134694 3.85426
    endloop
  endfacet
  facet normal 0 0 1
    outer loop
      vertex 0.459197 0.167133 3.85426
      vertex 0.46475 -0.151006 3.85426
      vertex 0.46475 0.151006 3.85426
    endloop
  endfacet
  facet normal 0 0 1
    outer loop
      vertex 0.459197 0.167133 3.85426
      vertex 0.459197 -0.167133 3.85426
      vertex 0.46475 -0.151006 3.85426
    endloop
  endfacet
  facet normal 0 0 1
    outer loop
      vertex 0.453084 0.183058 3.85426
      vertex 0.459197 -0.167133 3.85426
      vertex 0.459197 0.167133 3.85426
    endloop
  endfacet
  facet normal 0 0 1
    outer loop
      vertex 0.453084 0.183058 3.85426
      vertex 0.453084 -0.183058 3.85426
      vertex 0.459197 -0.167133 3.85426
    endloop
  endfacet
  facet normal 0 0 1
    outer loop
      vertex 0.44642 0.198758 3.85426
      vertex 0.453084 -0.183058 3.85426
      vertex 0.453084 0.183058 3.85426
    endloop
  endfacet
  facet normal 0 0 1
    outer loop
      vertex 0.44642 0.198758 3.85426
      vertex 0.44642 -0.198758 3.85426
      vertex 0.453084 -0.183058 3.85426
    endloop
  endfacet
  facet normal 0 0 1
    outer loop
      vertex 0.439211 0.214217 3.85426
      vertex 0.44642 -0.198758 3.85426
      vertex 0.44642 0.198758 3.85426
    endloop
  endfacet
  facet normal 0 0 1
    outer loop
      vertex 0.439211 0.214217 3.85426
      vertex 0.439211 -0.214217 3.85426
      vertex 0.44642 -0.198758 3.85426
    endloop
  endfacet
  facet normal 0 0 1
    outer loop
      vertex 0.431467 0.229415 3.85426
      vertex 0.439211 -0.214217 3.85426
      vertex 0.439211 0.214217 3.85426
    endloop
  endfacet
  facet normal 0 0 1
    outer loop
      vertex 0.431467 0.229415 3.85426
      vertex 0.431467 -0.229415 3.85426
      vertex 0.439211 -0.214217 3.85426
    endloop
  endfacet
  facet normal 0 0 1
    outer loop
      vertex 0.423198 0.244333 3.85426
      vertex 0.431467 -0.229415 3.85426
      vertex 0.431467 0.229415 3.85426
    endloop
  endfacet
  facet normal 0 0 1
    outer loop
      vertex 0.423198 0.244333 3.85426
      vertex 0.423198 -0.244333 3.85426
      vertex 0.431467 -0.229415 3.85426
    endloop
  endfacet
  facet normal 0 0 1
    outer loop
      vertex 0.414412 0.258954 3.85426
      vertex 0.423198 -0.244333 3.85426
      vertex 0.423198 0.244333 3.85426
    endloop
  endfacet
  facet normal 0 0 1
    outer loop
      vertex 0.414412 0.258954 3.85426
      vertex 0.414412 -0.258954 3.85426
      vertex 0.423198 -0.244333 3.85426
    endloop
  endfacet
  facet normal 0 0 1
    outer loop
      vertex 0.405123 0.273259 3.85426
      vertex 0.414412 -0.258954 3.85426
      vertex 0.414412 0.258954 3.85426
    endloop
  endfacet
  facet normal 0 0 1
    outer loop
      vertex 0.405123 0.273259 3.85426
      vertex 0.405123 -0.273259 3.85426
      vertex 0.414412 -0.258954 3.85426
    endloop
  endfacet
  facet normal 0 0 1
    outer loop
      vertex 0.39534 0.287231 3.85426
      vertex 0.405123 -0.273259 3.85426
      vertex 0.405123 0.273259 3.85426
    endloop
  endfacet
  facet normal 0 0 1
    outer loop
      vertex 0.39534 0.287231 3.85426
      vertex 0.39534 -0.287231 3.85426
      vertex 0.405123 -0.273259 3.85426
    endloop
  endfacet
  facet normal 0 0 1
    outer loop
      vertex 0.385075 0.300853 3.85426
      vertex 0.39534 -0.287231 3.85426
      vertex 0.39534 0.287231 3.85426
    endloop
  endfacet
  facet normal 0 0 1
    outer loop
      vertex 0.385075 0.300853 3.85426
      vertex 0.385075 -0.300853 3.85426
      vertex 0.39534 -0.287231 3.85426
    endloop
  endfacet
  facet normal 0 0 1
    outer loop
      vertex 0.37434 0.314109 3.85426
      vertex 0.385075 -0.300853 3.85426
      vertex 0.385075 0.300853 3.85426
    endloop
  endfacet
  facet normal 0 0 1
    outer loop
      vertex 0.37434 0.314109 3.85426
      vertex 0.37434 -0.314109 3.85426
      vertex 0.385075 -0.300853 3.85426
    endloop
  endfacet
  facet normal 0 0 1
    outer loop
      vertex 0.363151 0.326982 3.85426
      vertex 0.37434 -0.314109 3.85426
      vertex 0.37434 0.314109 3.85426
    endloop
  endfacet
  facet normal 0 0 1
    outer loop
      vertex 0.363151 0.326982 3.85426
      vertex 0.363151 -0.326982 3.85426
      vertex 0.37434 -0.314109 3.85426
    endloop
  endfacet
  facet normal 0 0 1
    outer loop
      vertex 0.351518 0.339457 3.85426
      vertex 0.363151 -0.326982 3.85426
      vertex 0.363151 0.326982 3.85426
    endloop
  endfacet
  facet normal 0 0 1
    outer loop
      vertex 0.351518 0.339457 3.85426
      vertex 0.351518 -0.339457 3.85426
      vertex 0.363151 -0.326982 3.85426
    endloop
  endfacet
  facet normal 0 0 1
    outer loop
      vertex 0.339457 0.351518 3.85426
      vertex 0.351518 -0.339457 3.85426
      vertex 0.351518 0.339457 3.85426
    endloop
  endfacet
  facet normal 0 0 1
    outer loop
      vertex 0.339457 0.351518 3.85426
      vertex 0.339457 -0.351518 3.85426
      vertex 0.351518 -0.339457 3.85426
    endloop
  endfacet
  facet normal 0 0 1
    outer loop
      vertex 0.326982 0.363151 3.85426
      vertex 0.339457 -0.351518 3.85426
      vertex 0.339457 0.351518 3.85426
    endloop
  endfacet
  facet normal 0 0 1
    outer loop
      vertex 0.326982 0.363151 3.85426
      vertex 0.326982 -0.363151 3.85426
      vertex 0.339457 -0.351518 3.85426
    endloop
  endfacet
  facet normal 0 0 1
    outer loop
      vertex 0.314109 0.37434 3.85426
      vertex 0.326982 -0.363151 3.85426
      vertex 0.326982 0.363151 3.85426
    endloop
  endfacet
  facet normal 0 0 1
    outer loop
      vertex 0.314109 0.37434 3.85426
      vertex 0.314109 -0.37434 3.85426
      vertex 0.326982 -0.363151 3.85426
    endloop
  endfacet
  facet normal 0 0 1
    outer loop
      vertex 0.300853 0.385075 3.85426
      vertex 0.314109 -0.37434 3.85426
      vertex 0.314109 0.37434 3.85426
    endloop
  endfacet
  facet normal 0 0 1
    outer loop
      vertex 0.300853 0.385075 3.85426
      vertex 0.300853 -0.385075 3.85426
      vertex 0.314109 -0.37434 3.85426
    endloop
  endfacet
  facet normal 0 0 1
    outer loop
      vertex 0.287231 0.39534 3.85426
      vertex 0.300853 -0.385075 3.85426
      vertex 0.300853 0.385075 3.85426
    endloop
  endfacet
  facet normal 0 0 1
    outer loop
      vertex 0.287231 0.39534 3.85426
      vertex 0.287231 -0.39534 3.85426
      vertex 0.300853 -0.385075 3.85426
    endloop
  endfacet
  facet normal 0 0 1
    outer loop
      vertex 0.273259 0.405123 3.85426
      vertex 0.287231 -0.39534 3.85426
      vertex 0.287231 0.39534 3.85426
    endloop
  endfacet
  facet normal 0 0 1
    outer loop
      vertex 0.273259 0.405123 3.85426
      vertex 0.273259 -0.405123 3.85426
      vertex 0.287231 -0.39534 3.85426
    endloop
  endfacet
  facet normal 0 0 1
    outer loop
      vertex 0.258954 0.414412 3.85426
      vertex 0.273259 -0.405123 3.85426
      vertex 0.273259 0.405123 3.85426
    endloop
  endfacet
  facet normal 0 0 1
    outer loop
      vertex 0.258954 0.414412 3.85426
      vertex 0.258954 -0.414412 3.85426
      vertex 0.273259 -0.405123 3.85426
    endloop
  endfacet
  facet normal 0 0 1
    outer loop
      vertex 0.244333 0.423198 3.85426
      vertex 0.258954 -0.414412 3.85426
      vertex 0.258954 0.414412 3.85426
    endloop
  endfacet
  facet normal 0 0 1
    outer loop
      vertex 0.244333 0.423198 3.85426
      vertex 0.244333 -0.423198 3.85426
      vertex 0.258954 -0.414412 3.85426
    endloop
  endfacet
  facet normal 0 0 1
    outer loop
      vertex 0.229415 0.431467 3.85426
      vertex 0.244333 -0.423198 3.85426
      vertex 0.244333 0.423198 3.85426
    endloop
  endfacet
  facet normal 0 0 1
    outer loop
      vertex 0.229415 0.431467 3.85426
      vertex 0.229415 -0.431467 3.85426
      vertex 0.244333 -0.423198 3.85426
    endloop
  endfacet
  facet normal 0 0 1
    outer loop
      vertex 0.214217 0.439211 3.85426
      vertex 0.229415 -0.431467 3.85426
      vertex 0.229415 0.431467 3.85426
    endloop
  endfacet
  facet normal 0 0 1
    outer loop
      vertex 0.214217 0.439211 3.85426
      vertex 0.214217 -0.439211 3.85426
      vertex 0.229415 -0.431467 3.85426
    endloop
  endfacet
  facet normal 0 0 1
    outer loop
      vertex 0.198758 0.44642 3.85426
      vertex 0.214217 -0.439211 3.85426
      vertex 0.214217 0.439211 3.85426
    endloop
  endfacet
  facet normal 0 0 1
    outer loop
      vertex 0.198758 0.44642 3.85426
      vertex 0.198758 -0.44642 3.85426
      vertex 0.214217 -0.439211 3.85426
    endloop
  endfacet
  facet normal 0 0 1
    outer loop
      vertex 0.183058 0.453084 3.85426
      vertex 0.198758 -0.44642 3.85426
      vertex 0.198758 0.44642 3.85426
    endloop
  endfacet
  facet normal 0 0 1
    outer loop
      vertex 0.183058 0.453084 3.85426
      vertex 0.183058 -0.453084 3.85426
      vertex 0.198758 -0.44642 3.85426
    endloop
  endfacet
  facet normal 0 0 1
    outer loop
      vertex 0.167133 0.459197 3.85426
      vertex 0.183058 -0.453084 3.85426
      vertex 0.183058 0.453084 3.85426
    endloop
  endfacet
  facet normal 0 0 1
    outer loop
      vertex 0.167133 0.459197 3.85426
      vertex 0.167133 -0.459197 3.85426
      vertex 0.183058 -0.453084 3.85426
    endloop
  endfacet
  facet normal 0 0 1
    outer loop
      vertex 0.151006 0.46475 3.85426
      vertex 0.167133 -0.459197 3.85426
      vertex 0.167133 0.459197 3.85426
    endloop
  endfacet
  facet normal 0 0 1
    outer loop
      vertex 0.151006 0.46475 3.85426
      vertex 0.151006 -0.46475 3.85426
      vertex 0.167133 -0.459197 3.85426
    endloop
  endfacet
  facet normal 0 0 1
    outer loop
      vertex 0.134694 0.469737 3.85426
      vertex 0.151006 -0.46475 3.85426
      vertex 0.151006 0.46475 3.85426
    endloop
  endfacet
  facet normal 0 0 1
    outer loop
      vertex 0.134694 0.469737 3.85426
      vertex 0.134694 -0.469737 3.85426
      vertex 0.151006 -0.46475 3.85426
    endloop
  endfacet
  facet normal 0 0 1
    outer loop
      vertex 0.118218 0.474152 3.85426
      vertex 0.134694 -0.469737 3.85426
      vertex 0.134694 0.469737 3.85426
    endloop
  endfacet
  facet normal 0 0 1
    outer loop
      vertex 0.118218 0.474152 3.85426
      vertex 0.118218 -0.474152 3.85426
      vertex 0.134694 -0.469737 3.85426
    endloop
  endfacet
  facet normal 0 0 1
    outer loop
      vertex 0.101599 0.477988 3.85426
      vertex 0.118218 -0.474152 3.85426
      vertex 0.118218 0.474152 3.85426
    endloop
  endfacet
  facet normal 0 0 1
    outer loop
      vertex 0.101599 0.477988 3.85426
      vertex 0.101599 -0.477988 3.85426
      vertex 0.118218 -0.474152 3.85426
    endloop
  endfacet
  facet normal 0 0 1
    outer loop
      vertex 0.084856 0.481243 3.85426
      vertex 0.101599 -0.477988 3.85426
      vertex 0.101599 0.477988 3.85426
    endloop
  endfacet
  facet normal 0 0 1
    outer loop
      vertex 0.084856 0.481243 3.85426
      vertex 0.084856 -0.481243 3.85426
      vertex 0.101599 -0.477988 3.85426
    endloop
  endfacet
  facet normal 0 0 1
    outer loop
      vertex 0.0680084 0.483912 3.85426
      vertex 0.084856 -0.481243 3.85426
      vertex 0.084856 0.481243 3.85426
    endloop
  endfacet
  facet normal 0 0 1
    outer loop
      vertex 0.0680084 0.483912 3.85426
      vertex 0.0680084 -0.483912 3.85426
      vertex 0.084856 -0.481243 3.85426
    endloop
  endfacet
  facet normal 0 0 1
    outer loop
      vertex 0.0510788 0.48599 3.85426
      vertex 0.0680084 -0.483912 3.85426
      vertex 0.0680084 0.483912 3.85426
    endloop
  endfacet
  facet normal 0 0 1
    outer loop
      vertex 0.0510788 0.48599 3.85426
      vertex 0.0510788 -0.48599 3.85426
      vertex 0.0680084 -0.483912 3.85426
    endloop
  endfacet
  facet normal 0 0 1
    outer loop
      vertex 0.0340872 0.487476 3.85426
      vertex 0.0510788 -0.48599 3.85426
      vertex 0.0510788 0.48599 3.85426
    endloop
  endfacet
  facet normal 0 0 1
    outer loop
      vertex 0.0340872 0.487476 3.85426
      vertex 0.0340872 -0.487476 3.85426
      vertex 0.0510788 -0.48599 3.85426
    endloop
  endfacet
  facet normal 0 0 1
    outer loop
      vertex 0.0170536 0.488369 3.85426
      vertex 0.0340872 -0.487476 3.85426
      vertex 0.0340872 0.487476 3.85426
    endloop
  endfacet
  facet normal 0 0 1
    outer loop
      vertex 0.0170536 0.488369 3.85426
      vertex 0.0170536 -0.488369 3.85426
      vertex 0.0340872 -0.487476 3.85426
    endloop
  endfacet
  facet normal 0 0 1
    outer loop
      vertex 0 0.488667 3.85426
      vertex 0.0170536 -0.488369 3.85426
      vertex 0.0170536 0.488369 3.85426
    endloop
  endfacet
  facet normal 0 0 1
    outer loop
      vertex 0 0.488667 3.85426
      vertex 0 -0.488667 3.85426
      vertex 0.0170536 -0.488369 3.85426
    endloop
  endfacet
  facet normal -0 0 1
    outer loop
      vertex -0.0170536 0.488369 3.85426
      vertex 0 -0.488667 3.85426
      vertex 0 0.488667 3.85426
    endloop
  endfacet
  facet normal 0 0 1
    outer loop
      vertex -0.0170536 0.488369 3.85426
      vertex -0.0170536 -0.488369 3.85426
      vertex 0 -0.488667 3.85426
    endloop
  endfacet
  facet normal -0 0 1
    outer loop
      vertex -0.0340872 0.487476 3.85426
      vertex -0.0170536 -0.488369 3.85426
      vertex -0.0170536 0.488369 3.85426
    endloop
  endfacet
  facet normal 0 0 1
    outer loop
      vertex -0.0340872 0.487476 3.85426
      vertex -0.0340872 -0.487476 3.85426
      vertex -0.0170536 -0.488369 3.85426
    endloop
  endfacet
  facet normal -0 0 1
    outer loop
      vertex -0.0510788 0.48599 3.85426
      vertex -0.0340872 -0.487476 3.85426
      vertex -0.0340872 0.487476 3.85426
    endloop
  endfacet
  facet normal 0 0 1
    outer loop
      vertex -0.0510788 0.48599 3.85426
      vertex -0.0510788 -0.48599 3.85426
      vertex -0.0340872 -0.487476 3.85426
    endloop
  endfacet
  facet normal -0 0 1
    outer loop
      vertex -0.0680084 0.483912 3.85426
      vertex -0.0510788 -0.48599 3.85426
      vertex -0.0510788 0.48599 3.85426
    endloop
  endfacet
  facet normal 0 0 1
    outer loop
      vertex -0.0680084 0.483912 3.85426
      vertex -0.0680084 -0.483912 3.85426
      vertex -0.0510788 -0.48599 3.85426
    endloop
  endfacet
  facet normal -0 0 1
    outer loop
      vertex -0.084856 0.481243 3.85426
      vertex -0.0680084 -0.483912 3.85426
      vertex -0.0680084 0.483912 3.85426
    endloop
  endfacet
  facet normal 0 0 1
    outer loop
      vertex -0.084856 0.481243 3.85426
      vertex -0.084856 -0.481243 3.85426
      vertex -0.0680084 -0.483912 3.85426
    endloop
  endfacet
  facet normal -0 0 1
    outer loop
      vertex -0.101599 0.477988 3.85426
      vertex -0.084856 -0.481243 3.85426
      vertex -0.084856 0.481243 3.85426
    endloop
  endfacet
  facet normal 0 0 1
    outer loop
      vertex -0.101599 0.477988 3.85426
      vertex -0.101599 -0.477988 3.85426
      vertex -0.084856 -0.481243 3.85426
    endloop
  endfacet
  facet normal -0 0 1
    outer loop
      vertex -0.118218 0.474152 3.85426
      vertex -0.101599 -0.477988 3.85426
      vertex -0.101599 0.477988 3.85426
    endloop
  endfacet
  facet normal 0 0 1
    outer loop
      vertex -0.118218 0.474152 3.85426
      vertex -0.118218 -0.474152 3.85426
      vertex -0.101599 -0.477988 3.85426
    endloop
  endfacet
  facet normal -0 0 1
    outer loop
      vertex -0.134694 0.469737 3.85426
      vertex -0.118218 -0.474152 3.85426
      vertex -0.118218 0.474152 3.85426
    endloop
  endfacet
  facet normal 0 0 1
    outer loop
      vertex -0.134694 0.469737 3.85426
      vertex -0.134694 -0.469737 3.85426
      vertex -0.118218 -0.474152 3.85426
    endloop
  endfacet
  facet normal -0 0 1
    outer loop
      vertex -0.151006 0.46475 3.85426
      vertex -0.134694 -0.469737 3.85426
      vertex -0.134694 0.469737 3.85426
    endloop
  endfacet
  facet normal 0 0 1
    outer loop
      vertex -0.151006 0.46475 3.85426
      vertex -0.151006 -0.46475 3.85426
      vertex -0.134694 -0.469737 3.85426
    endloop
  endfacet
  facet normal -0 0 1
    outer loop
      vertex -0.167133 0.459197 3.85426
      vertex -0.151006 -0.46475 3.85426
      vertex -0.151006 0.46475 3.85426
    endloop
  endfacet
  facet normal 0 0 1
    outer loop
      vertex -0.167133 0.459197 3.85426
      vertex -0.167133 -0.459197 3.85426
      vertex -0.151006 -0.46475 3.85426
    endloop
  endfacet
  facet normal -0 0 1
    outer loop
      vertex -0.183058 0.453084 3.85426
      vertex -0.167133 -0.459197 3.85426
      vertex -0.167133 0.459197 3.85426
    endloop
  endfacet
  facet normal 0 0 1
    outer loop
      vertex -0.183058 0.453084 3.85426
      vertex -0.183058 -0.453084 3.85426
      vertex -0.167133 -0.459197 3.85426
    endloop
  endfacet
  facet normal -0 0 1
    outer loop
      vertex -0.198758 0.44642 3.85426
      vertex -0.183058 -0.453084 3.85426
      vertex -0.183058 0.453084 3.85426
    endloop
  endfacet
  facet normal 0 0 1
    outer loop
      vertex -0.198758 0.44642 3.85426
      vertex -0.198758 -0.44642 3.85426
      vertex -0.183058 -0.453084 3.85426
    endloop
  endfacet
  facet normal -0 0 1
    outer loop
      vertex -0.214217 0.439211 3.85426
      vertex -0.198758 -0.44642 3.85426
      vertex -0.198758 0.44642 3.85426
    endloop
  endfacet
  facet normal 0 0 1
    outer loop
      vertex -0.214217 0.439211 3.85426
      vertex -0.214217 -0.439211 3.85426
      vertex -0.198758 -0.44642 3.85426
    endloop
  endfacet
  facet normal -0 0 1
    outer loop
      vertex -0.229415 0.431467 3.85426
      vertex -0.214217 -0.439211 3.85426
      vertex -0.214217 0.439211 3.85426
    endloop
  endfacet
  facet normal 0 0 1
    outer loop
      vertex -0.229415 0.431467 3.85426
      vertex -0.229415 -0.431467 3.85426
      vertex -0.214217 -0.439211 3.85426
    endloop
  endfacet
  facet normal -0 0 1
    outer loop
      vertex -0.244333 0.423198 3.85426
      vertex -0.229415 -0.431467 3.85426
      vertex -0.229415 0.431467 3.85426
    endloop
  endfacet
  facet normal 0 0 1
    outer loop
      vertex -0.244333 0.423198 3.85426
      vertex -0.244333 -0.423198 3.85426
      vertex -0.229415 -0.431467 3.85426
    endloop
  endfacet
  facet normal -0 0 1
    outer loop
      vertex -0.258954 0.414412 3.85426
      vertex -0.244333 -0.423198 3.85426
      vertex -0.244333 0.423198 3.85426
    endloop
  endfacet
  facet normal 0 0 1
    outer loop
      vertex -0.258954 0.414412 3.85426
      vertex -0.258954 -0.414412 3.85426
      vertex -0.244333 -0.423198 3.85426
    endloop
  endfacet
  facet normal -0 0 1
    outer loop
      vertex -0.273259 0.405123 3.85426
      vertex -0.258954 -0.414412 3.85426
      vertex -0.258954 0.414412 3.85426
    endloop
  endfacet
  facet normal 0 0 1
    outer loop
      vertex -0.273259 0.405123 3.85426
      vertex -0.273259 -0.405123 3.85426
      vertex -0.258954 -0.414412 3.85426
    endloop
  endfacet
  facet normal -0 0 1
    outer loop
      vertex -0.287231 0.39534 3.85426
      vertex -0.273259 -0.405123 3.85426
      vertex -0.273259 0.405123 3.85426
    endloop
  endfacet
  facet normal 0 0 1
    outer loop
      vertex -0.287231 0.39534 3.85426
      vertex -0.287231 -0.39534 3.85426
      vertex -0.273259 -0.405123 3.85426
    endloop
  endfacet
  facet normal -0 0 1
    outer loop
      vertex -0.300853 0.385075 3.85426
      vertex -0.287231 -0.39534 3.85426
      vertex -0.287231 0.39534 3.85426
    endloop
  endfacet
  facet normal 0 0 1
    outer loop
      vertex -0.300853 0.385075 3.85426
      vertex -0.300853 -0.385075 3.85426
      vertex -0.287231 -0.39534 3.85426
    endloop
  endfacet
  facet normal -0 0 1
    outer loop
      vertex -0.314109 0.37434 3.85426
      vertex -0.300853 -0.385075 3.85426
      vertex -0.300853 0.385075 3.85426
    endloop
  endfacet
  facet normal 0 0 1
    outer loop
      vertex -0.314109 0.37434 3.85426
      vertex -0.314109 -0.37434 3.85426
      vertex -0.300853 -0.385075 3.85426
    endloop
  endfacet
  facet normal -0 0 1
    outer loop
      vertex -0.326982 0.363151 3.85426
      vertex -0.314109 -0.37434 3.85426
      vertex -0.314109 0.37434 3.85426
    endloop
  endfacet
  facet normal 0 0 1
    outer loop
      vertex -0.326982 0.363151 3.85426
      vertex -0.326982 -0.363151 3.85426
      vertex -0.314109 -0.37434 3.85426
    endloop
  endfacet
  facet normal -0 0 1
    outer loop
      vertex -0.339457 0.351518 3.85426
      vertex -0.326982 -0.363151 3.85426
      vertex -0.326982 0.363151 3.85426
    endloop
  endfacet
  facet normal 0 0 1
    outer loop
      vertex -0.339457 0.351518 3.85426
      vertex -0.339457 -0.351518 3.85426
      vertex -0.326982 -0.363151 3.85426
    endloop
  endfacet
  facet normal -0 0 1
    outer loop
      vertex -0.351518 0.339457 3.85426
      vertex -0.339457 -0.351518 3.85426
      vertex -0.339457 0.351518 3.85426
    endloop
  endfacet
  facet normal 0 0 1
    outer loop
      vertex -0.351518 0.339457 3.85426
      vertex -0.351518 -0.339457 3.85426
      vertex -0.339457 -0.351518 3.85426
    endloop
  endfacet
  facet normal -0 0 1
    outer loop
      vertex -0.363151 0.326982 3.85426
      vertex -0.351518 -0.339457 3.85426
      vertex -0.351518 0.339457 3.85426
    endloop
  endfacet
  facet normal 0 0 1
    outer loop
      vertex -0.363151 0.326982 3.85426
      vertex -0.363151 -0.326982 3.85426
      vertex -0.351518 -0.339457 3.85426
    endloop
  endfacet
  facet normal -0 0 1
    outer loop
      vertex -0.37434 0.314109 3.85426
      vertex -0.363151 -0.326982 3.85426
      vertex -0.363151 0.326982 3.85426
    endloop
  endfacet
  facet normal 0 0 1
    outer loop
      vertex -0.37434 0.314109 3.85426
      vertex -0.37434 -0.314109 3.85426
      vertex -0.363151 -0.326982 3.85426
    endloop
  endfacet
  facet normal -0 0 1
    outer loop
      vertex -0.385075 0.300853 3.85426
      vertex -0.37434 -0.314109 3.85426
      vertex -0.37434 0.314109 3.85426
    endloop
  endfacet
  facet normal 0 0 1
    outer loop
      vertex -0.385075 0.300853 3.85426
      vertex -0.385075 -0.300853 3.85426
      vertex -0.37434 -0.314109 3.85426
    endloop
  endfacet
  facet normal -0 0 1
    outer loop
      vertex -0.39534 0.287231 3.85426
      vertex -0.385075 -0.300853 3.85426
      vertex -0.385075 0.300853 3.85426
    endloop
  endfacet
  facet normal 0 0 1
    outer loop
      vertex -0.39534 0.287231 3.85426
      vertex -0.39534 -0.287231 3.85426
      vertex -0.385075 -0.300853 3.85426
    endloop
  endfacet
  facet normal -0 0 1
    outer loop
      vertex -0.405123 0.273259 3.85426
      vertex -0.39534 -0.287231 3.85426
      vertex -0.39534 0.287231 3.85426
    endloop
  endfacet
  facet normal 0 0 1
    outer loop
      vertex -0.405123 0.273259 3.85426
      vertex -0.405123 -0.273259 3.85426
      vertex -0.39534 -0.287231 3.85426
    endloop
  endfacet
  facet normal -0 0 1
    outer loop
      vertex -0.414412 0.258954 3.85426
      vertex -0.405123 -0.273259 3.85426
      vertex -0.405123 0.273259 3.85426
    endloop
  endfacet
  facet normal 0 0 1
    outer loop
      vertex -0.414412 0.258954 3.85426
      vertex -0.414412 -0.258954 3.85426
      vertex -0.405123 -0.273259 3.85426
    endloop
  endfacet
  facet normal -0 0 1
    outer loop
      vertex -0.423198 0.244333 3.85426
      vertex -0.414412 -0.258954 3.85426
      vertex -0.414412 0.258954 3.85426
    endloop
  endfacet
  facet normal 0 0 1
    outer loop
      vertex -0.423198 0.244333 3.85426
      vertex -0.423198 -0.244333 3.85426
      vertex -0.414412 -0.258954 3.85426
    endloop
  endfacet
  facet normal -0 0 1
    outer loop
      vertex -0.431467 0.229415 3.85426
      vertex -0.423198 -0.244333 3.85426
      vertex -0.423198 0.244333 3.85426
    endloop
  endfacet
  facet normal 0 0 1
    outer loop
      vertex -0.431467 0.229415 3.85426
      vertex -0.431467 -0.229415 3.85426
      vertex -0.423198 -0.244333 3.85426
    endloop
  endfacet
  facet normal -0 0 1
    outer loop
      vertex -0.439211 0.214217 3.85426
      vertex -0.431467 -0.229415 3.85426
      vertex -0.431467 0.229415 3.85426
    endloop
  endfacet
  facet normal 0 0 1
    outer loop
      vertex -0.439211 0.214217 3.85426
      vertex -0.439211 -0.214217 3.85426
      vertex -0.431467 -0.229415 3.85426
    endloop
  endfacet
  facet normal -0 0 1
    outer loop
      vertex -0.44642 0.198758 3.85426
      vertex -0.439211 -0.214217 3.85426
      vertex -0.439211 0.214217 3.85426
    endloop
  endfacet
  facet normal 0 0 1
    outer loop
      vertex -0.44642 0.198758 3.85426
      vertex -0.44642 -0.198758 3.85426
      vertex -0.439211 -0.214217 3.85426
    endloop
  endfacet
  facet normal -0 0 1
    outer loop
      vertex -0.453084 0.183058 3.85426
      vertex -0.44642 -0.198758 3.85426
      vertex -0.44642 0.198758 3.85426
    endloop
  endfacet
  facet normal 0 0 1
    outer loop
      vertex -0.453084 0.183058 3.85426
      vertex -0.453084 -0.183058 3.85426
      vertex -0.44642 -0.198758 3.85426
    endloop
  endfacet
  facet normal -0 0 1
    outer loop
      vertex -0.459197 0.167133 3.85426
      vertex -0.453084 -0.183058 3.85426
      vertex -0.453084 0.183058 3.85426
    endloop
  endfacet
  facet normal 0 0 1
    outer loop
      vertex -0.459197 0.167133 3.85426
      vertex -0.459197 -0.167133 3.85426
      vertex -0.453084 -0.183058 3.85426
    endloop
  endfacet
  facet normal -0 0 1
    outer loop
      vertex -0.46475 0.151006 3.85426
      vertex -0.459197 -0.167133 3.85426
      vertex -0.459197 0.167133 3.85426
    endloop
  endfacet
  facet normal 0 0 1
    outer loop
      vertex -0.46475 0.151006 3.85426
      vertex -0.46475 -0.151006 3.85426
      vertex -0.459197 -0.167133 3.85426
    endloop
  endfacet
  facet normal -0 0 1
    outer loop
      vertex -0.469737 0.134694 3.85426
      vertex -0.46475 -0.151006 3.85426
      vertex -0.46475 0.151006 3.85426
    endloop
  endfacet
  facet normal 0 0 1
    outer loop
      vertex -0.469737 0.134694 3.85426
      vertex -0.469737 -0.134694 3.85426
      vertex -0.46475 -0.151006 3.85426
    endloop
  endfacet
  facet normal -0 0 1
    outer loop
      vertex -0.474152 0.118218 3.85426
      vertex -0.469737 -0.134694 3.85426
      vertex -0.469737 0.134694 3.85426
    endloop
  endfacet
  facet normal 0 0 1
    outer loop
      vertex -0.474152 0.118218 3.85426
      vertex -0.474152 -0.118218 3.85426
      vertex -0.469737 -0.134694 3.85426
    endloop
  endfacet
  facet normal -0 0 1
    outer loop
      vertex -0.477988 0.101599 3.85426
      vertex -0.474152 -0.118218 3.85426
      vertex -0.474152 0.118218 3.85426
    endloop
  endfacet
  facet normal 0 0 1
    outer loop
      vertex -0.477988 0.101599 3.85426
      vertex -0.477988 -0.101599 3.85426
      vertex -0.474152 -0.118218 3.85426
    endloop
  endfacet
  facet normal -0 0 1
    outer loop
      vertex -0.481243 0.084856 3.85426
      vertex -0.477988 -0.101599 3.85426
      vertex -0.477988 0.101599 3.85426
    endloop
  endfacet
  facet normal 0 0 1
    outer loop
      vertex -0.481243 0.084856 3.85426
      vertex -0.481243 -0.084856 3.85426
      vertex -0.477988 -0.101599 3.85426
    endloop
  endfacet
  facet normal -0 0 1
    outer loop
      vertex -0.483912 0.0680084 3.85426
      vertex -0.481243 -0.084856 3.85426
      vertex -0.481243 0.084856 3.85426
    endloop
  endfacet
  facet normal 0 0 1
    outer loop
      vertex -0.483912 0.0680084 3.85426
      vertex -0.483912 -0.0680084 3.85426
      vertex -0.481243 -0.084856 3.85426
    endloop
  endfacet
  facet normal -0 0 1
    outer loop
      vertex -0.48599 0.0510788 3.85426
      vertex -0.483912 -0.0680084 3.85426
      vertex -0.483912 0.0680084 3.85426
    endloop
  endfacet
  facet normal 0 0 1
    outer loop
      vertex -0.48599 0.0510788 3.85426
      vertex -0.48599 -0.0510788 3.85426
      vertex -0.483912 -0.0680084 3.85426
    endloop
  endfacet
  facet normal -0 0 1
    outer loop
      vertex -0.487476 0.0340872 3.85426
      vertex -0.48599 -0.0510788 3.85426
      vertex -0.48599 0.0510788 3.85426
    endloop
  endfacet
  facet normal 0 0 1
    outer loop
      vertex -0.487476 0.0340872 3.85426
      vertex -0.487476 -0.0340872 3.85426
      vertex -0.48599 -0.0510788 3.85426
    endloop
  endfacet
  facet normal -0 0 1
    outer loop
      vertex -0.488369 0.0170536 3.85426
      vertex -0.487476 -0.0340872 3.85426
      vertex -0.487476 0.0340872 3.85426
    endloop
  endfacet
  facet normal 0 0 1
    outer loop
      vertex -0.488369 0.0170536 3.85426
      vertex -0.488369 -0.0170536 3.85426
      vertex -0.487476 -0.0340872 3.85426
    endloop
  endfacet
  facet normal 0 -0 1
    outer loop
      vertex -0.488369 -0.0170536 3.85426
      vertex -0.488369 0.0170536 3.85426
      vertex -0.488667 0 3.85426
    endloop
  endfacet
  facet normal -0.225732 0.158067 0.96128
    outer loop
      vertex 5.93491 -4.28444 4.82507
      vertex 5.95591 -4.1268 4.80408
      vertex 5.86289 -4.25964 4.80408
    endloop
  endfacet
  facet normal -0.178243 0.107098 0.978141
    outer loop
      vertex 5.34154 -3.33776 4.56764
      vertex 4.62687 -2.67133 4.36444
      vertex 4.53083 -2.83117 4.36444
    endloop
  endfacet
  facet normal -0.174398 0.113251 0.978141
    outer loop
      vertex 5.2218 -3.52215 4.56764
      vertex 5.34154 -3.33776 4.56764
      vertex 4.53083 -2.83117 4.36444
    endloop
  endfacet
  facet normal -0.0945901 0.145652 0.984804
    outer loop
      vertex 2.83117 -4.53083 4.36444
      vertex 2.98757 -4.42926 4.36444
      vertex 2.44936 -3.63132 4.19473
    endloop
  endfacet
  facet normal -0.113256 0.174394 0.978141
    outer loop
      vertex 3.52215 -5.2218 4.56764
      vertex 2.98757 -4.42926 4.36444
      vertex 2.83117 -4.53083 4.36444
    endloop
  endfacet
  facet normal -0.0875989 0.108174 0.990265
    outer loop
      vertex 2.6967 -3.45162 4.19473
      vertex 2.81552 -3.3554 4.19473
      vertex 2.10085 -2.68896 4.05871
    endloop
  endfacet
  facet normal -0.147039 0.147039 0.978141
    outer loop
      vertex 3.84318 -3.71132 4.36444
      vertex 4.37539 -4.53085 4.56764
      vertex 4.53085 -4.37539 4.56764
    endloop
  endfacet
  facet normal -0.147039 0.147039 0.978141
    outer loop
      vertex 4.37539 -4.53085 4.56764
      vertex 3.84318 -3.71132 4.36444
      vertex 3.71132 -3.84318 4.36444
    endloop
  endfacet
  facet normal -0.141823 0.152076 0.978141
    outer loop
      vertex 4.21461 -4.68079 4.56764
      vertex 4.37539 -4.53085 4.56764
      vertex 3.71132 -3.84318 4.36444
    endloop
  endfacet
  facet normal -0.071689 0.119315 0.990265
    outer loop
      vertex 2.19008 -3.79333 4.19473
      vertex 2.32113 -3.71459 4.19473
      vertex 1.70617 -2.95517 4.05871
    endloop
  endfacet
  facet normal -0.0894446 0.148866 0.984804
    outer loop
      vertex 2.67133 -4.62687 4.36444
      vertex 2.32113 -3.71459 4.19473
      vertex 2.19008 -3.79333 4.19473
    endloop
  endfacet
  facet normal -0.099611 0.142266 0.984804
    outer loop
      vertex 3.14033 -4.3223 4.36444
      vertex 2.5746 -3.54363 4.19473
      vertex 2.44936 -3.63132 4.19473
    endloop
  endfacet
  facet normal -0.094585 0.145654 0.984804
    outer loop
      vertex 2.83117 -4.53083 4.36444
      vertex 2.44936 -3.63132 4.19473
      vertex 2.32113 -3.71459 4.19473
    endloop
  endfacet
  facet normal -0.087596 0.108177 0.990265
    outer loop
      vertex 2.81552 -3.3554 4.19473
      vertex 2.19341 -2.61401 4.05871
      vertex 2.10085 -2.68896 4.05871
    endloop
  endfacet
  facet normal -0.091327 0.105046 0.990265
    outer loop
      vertex 2.81552 -3.3554 4.19473
      vertex 2.2833 -2.53586 4.05871
      vertex 2.19341 -2.61401 4.05871
    endloop
  endfacet
  facet normal -0.161602 0.130863 0.978141
    outer loop
      vertex 4.82503 -4.04868 4.56764
      vertex 4.96339 -3.87782 4.56764
      vertex 4.09271 -3.43419 4.36444
    endloop
  endfacet
  facet normal -0.156937 0.136422 0.978141
    outer loop
      vertex 4.68079 -4.21461 4.56764
      vertex 4.82503 -4.04868 4.56764
      vertex 4.09271 -3.43419 4.36444
    endloop
  endfacet
  facet normal -0.145652 0.0945901 0.984804
    outer loop
      vertex 4.42926 -2.98757 4.36444
      vertex 4.53083 -2.83117 4.36444
      vertex 3.63132 -2.44936 4.19473
    endloop
  endfacet
  facet normal -0.174394 0.113256 0.978141
    outer loop
      vertex 5.2218 -3.52215 4.56764
      vertex 4.53083 -2.83117 4.36444
      vertex 4.42926 -2.98757 4.36444
    endloop
  endfacet
  facet normal -0.109294 0.134969 0.984804
    outer loop
      vertex 3.28926 -4.21007 4.36444
      vertex 3.43419 -4.09271 4.36444
      vertex 2.81552 -3.3554 4.19473
    endloop
  endfacet
  facet normal -0.130863 0.161602 0.978141
    outer loop
      vertex 3.87782 -4.96339 4.56764
      vertex 4.04868 -4.82503 4.56764
      vertex 3.43419 -4.09271 4.36444
    endloop
  endfacet
  facet normal -0.122805 0.122805 0.984804
    outer loop
      vertex 3.15083 -3.04272 4.19473
      vertex 3.71132 -3.84318 4.36444
      vertex 3.84318 -3.71132 4.36444
    endloop
  endfacet
  facet normal -0.122805 0.122805 0.984804
    outer loop
      vertex 3.71132 -3.84318 4.36444
      vertex 3.15083 -3.04272 4.19473
      vertex 3.04272 -3.15083 4.19473
    endloop
  endfacet
  facet normal -0.152082 0.141812 0.978141
    outer loop
      vertex 4.68079 -4.21461 4.56764
      vertex 3.97036 -3.57493 4.36444
      vertex 3.84318 -3.71132 4.36444
    endloop
  endfacet
  facet normal -0.113251 0.174398 0.978141
    outer loop
      vertex 3.33776 -5.34154 4.56764
      vertex 3.52215 -5.2218 4.56764
      vertex 2.83117 -4.53083 4.36444
    endloop
  endfacet
  facet normal -0.107098 0.178243 0.978141
    outer loop
      vertex 3.33776 -5.34154 4.56764
      vertex 2.83117 -4.53083 4.36444
      vertex 2.67133 -4.62687 4.36444
    endloop
  endfacet
  facet normal -0.130861 0.161603 0.978141
    outer loop
      vertex 3.87782 -4.96339 4.56764
      vertex 3.43419 -4.09271 4.36444
      vertex 3.28926 -4.21007 4.36444
    endloop
  endfacet
  facet normal -0.118442 0.127018 0.984804
    outer loop
      vertex 3.57493 -3.97036 4.36444
      vertex 3.04272 -3.15083 4.19473
      vertex 2.9309 -3.2551 4.19473
    endloop
  endfacet
  facet normal -0.136422 0.156937 0.978141
    outer loop
      vertex 4.04868 -4.82503 4.56764
      vertex 4.21461 -4.68079 4.56764
      vertex 3.43419 -4.09271 4.36444
    endloop
  endfacet
  facet normal -0.0949285 0.101802 0.990265
    outer loop
      vertex 2.9309 -3.2551 4.19473
      vertex 3.04272 -3.15083 4.19473
      vertex 2.2833 -2.53586 4.05871
    endloop
  endfacet
  facet normal -0.118441 0.127018 0.984804
    outer loop
      vertex 3.57493 -3.97036 4.36444
      vertex 3.71132 -3.84318 4.36444
      vertex 3.04272 -3.15083 4.19473
    endloop
  endfacet
  facet normal -0.141812 0.152082 0.978141
    outer loop
      vertex 4.21461 -4.68079 4.56764
      vertex 3.71132 -3.84318 4.36444
      vertex 3.57493 -3.97036 4.36444
    endloop
  endfacet
  facet normal -0.0996117 0.142265 0.984804
    outer loop
      vertex 2.98757 -4.42926 4.36444
      vertex 3.14033 -4.3223 4.36444
      vertex 2.44936 -3.63132 4.19473
    endloop
  endfacet
  facet normal -0.119268 0.170338 0.978141
    outer loop
      vertex 3.52215 -5.2218 4.56764
      vertex 3.14033 -4.3223 4.36444
      vertex 2.98757 -4.42926 4.36444
    endloop
  endfacet
  facet normal -0.0984252 0.0984252 0.990265
    outer loop
      vertex 2.45463 -2.37041 4.05871
      vertex 3.04272 -3.15083 4.19473
      vertex 3.15083 -3.04272 4.19473
    endloop
  endfacet
  facet normal -0.0984252 0.0984252 0.990265
    outer loop
      vertex 3.04272 -3.15083 4.19473
      vertex 2.45463 -2.37041 4.05871
      vertex 2.37041 -2.45463 4.05871
    endloop
  endfacet
  facet normal -0.113942 0.131069 0.984804
    outer loop
      vertex 3.43419 -4.09271 4.36444
      vertex 3.57493 -3.97036 4.36444
      vertex 2.81552 -3.3554 4.19473
    endloop
  endfacet
  facet normal -0.136426 0.156932 0.978141
    outer loop
      vertex 4.21461 -4.68079 4.56764
      vertex 3.57493 -3.97036 4.36444
      vertex 3.43419 -4.09271 4.36444
    endloop
  endfacet
  facet normal -0.11394 0.131071 0.984803
    outer loop
      vertex 3.57493 -3.97036 4.36444
      vertex 2.9309 -3.2551 4.19473
      vertex 2.81552 -3.3554 4.19473
    endloop
  endfacet
  facet normal -0.0913206 0.105051 0.990265
    outer loop
      vertex 2.81552 -3.3554 4.19473
      vertex 2.9309 -3.2551 4.19473
      vertex 2.2833 -2.53586 4.05871
    endloop
  endfacet
  facet normal 0.496858 0.581768 -0.643956
    outer loop
      vertex -7.46678 -7.38713 0
      vertex -6.4935 -5.9935 2.01
      vertex -6.26678 -6.18713 2.01
    endloop
  endfacet
  facet normal 0.496858 0.581768 -0.643956
    outer loop
      vertex -6.4935 -5.9935 2.01
      vertex -7.46678 -7.38713 0
      vertex -7.6935 -7.1935 0
    endloop
  endfacet
  facet normal -0.189437 0.789163 -0.584239
    outer loop
      vertex 6.64722 -7.72659 0
      vertex 5.73712 -6.457 2.01
      vertex 6.93712 -7.657 0
    endloop
  endfacet
  facet normal -0.189462 0.789153 -0.584244
    outer loop
      vertex 5.73712 -6.457 2.01
      vertex 6.64722 -7.72659 0
      vertex 5.44722 -6.5266 2.01
    endloop
  endfacet
  facet normal -0.789163 -0.189437 -0.584239
    outer loop
      vertex 8.22659 6.14722 0
      vertex 6.957 5.23712 2.01
      vertex 8.157 6.43712 0
    endloop
  endfacet
  facet normal -0.789153 -0.189462 -0.584244
    outer loop
      vertex 6.957 5.23712 2.01
      vertex 8.22659 6.14722 0
      vertex 7.0266 4.94722 2.01
    endloop
  endfacet
  facet normal 0.30173 0.728474 -0.615048
    outer loop
      vertex -6.93712 -7.657 0
      vertex -6.01257 -6.34291 2.01
      vertex -5.73712 -6.457 2.01
    endloop
  endfacet
  facet normal 0.30173 0.728474 -0.615048
    outer loop
      vertex -6.01257 -6.34291 2.01
      vertex -6.93712 -7.657 0
      vertex -7.21257 -7.54291 0
    endloop
  endfacet
  facet normal 0 -0.858623 -0.512607
    outer loop
      vertex -6.34999 7.74998 0
      vertex 5.14999 6.54999 2.01
      vertex -5.14999 6.54999 2.01
    endloop
  endfacet
  facet normal 0 -0.858623 -0.512607
    outer loop
      vertex 5.14999 6.54999 2.01
      vertex -6.34999 7.74998 0
      vertex 6.34999 7.74998 0
    endloop
  endfacet
  facet normal 0 0.858623 -0.512607
    outer loop
      vertex 6.34999 -7.74998 0
      vertex -5.14999 -6.54999 2.01
      vertex 5.14999 -6.54999 2.01
    endloop
  endfacet
  facet normal 0 0.858623 -0.512607
    outer loop
      vertex -5.14999 -6.54999 2.01
      vertex 6.34999 -7.74998 0
      vertex -6.34999 -7.74998 0
    endloop
  endfacet
  facet normal -0.0660166 0.838911 -0.540251
    outer loop
      vertex 6.34999 -7.74998 0
      vertex 5.44722 -6.5266 2.01
      vertex 6.64722 -7.72659 0
    endloop
  endfacet
  facet normal -0.0660166 0.838911 -0.540251
    outer loop
      vertex 5.44722 -6.5266 2.01
      vertex 6.34999 -7.74998 0
      vertex 5.14999 -6.54999 2.01
    endloop
  endfacet
  facet normal -0.496858 0.581768 -0.643956
    outer loop
      vertex 7.46678 -7.38713 0
      vertex 6.4935 -5.9935 2.01
      vertex 7.6935 -7.1935 0
    endloop
  endfacet
  facet normal -0.496858 0.581768 -0.643956
    outer loop
      vertex 6.4935 -5.9935 2.01
      vertex 7.46678 -7.38713 0
      vertex 6.26678 -6.18713 2.01
    endloop
  endfacet
  facet normal -0.838911 0.0660166 -0.540251
    outer loop
      vertex 8.24998 -5.84999 0
      vertex 7.0266 -4.94722 2.01
      vertex 7.04999 -4.64999 2.01
    endloop
  endfacet
  facet normal -0.838911 0.0660166 -0.540251
    outer loop
      vertex 7.0266 -4.94722 2.01
      vertex 8.24998 -5.84999 0
      vertex 8.22659 -6.14722 0
    endloop
  endfacet
  facet normal 0.659003 -0.403837 -0.634532
    outer loop
      vertex -6.68713 5.76678 2.01
      vertex -8.04291 6.71257 0
      vertex -7.88713 6.96678 0
    endloop
  endfacet
  facet normal 0.659003 -0.403837 -0.634532
    outer loop
      vertex -8.04291 6.71257 0
      vertex -6.68713 5.76678 2.01
      vertex -6.84291 5.51257 2.01
    endloop
  endfacet
  facet normal 0.403837 -0.659003 -0.634532
    outer loop
      vertex -7.21257 7.54291 0
      vertex -6.26678 6.18713 2.01
      vertex -7.46678 7.38713 0
    endloop
  endfacet
  facet normal 0.403837 -0.659003 -0.634532
    outer loop
      vertex -6.26678 6.18713 2.01
      vertex -7.21257 7.54291 0
      vertex -6.01257 6.34291 2.01
    endloop
  endfacet
  facet normal 0.728474 0.30173 -0.615048
    outer loop
      vertex -6.84291 -5.51257 2.01
      vertex -8.157 -6.43712 0
      vertex -6.957 -5.23712 2.01
    endloop
  endfacet
  facet normal 0.728474 0.30173 -0.615048
    outer loop
      vertex -8.157 -6.43712 0
      vertex -6.84291 -5.51257 2.01
      vertex -8.04291 -6.71257 0
    endloop
  endfacet
  facet normal 0.189462 0.789153 -0.584244
    outer loop
      vertex -6.64722 -7.72659 0
      vertex -5.73712 -6.457 2.01
      vertex -5.44722 -6.5266 2.01
    endloop
  endfacet
  facet normal 0.189437 0.789163 -0.584239
    outer loop
      vertex -5.73712 -6.457 2.01
      vertex -6.64722 -7.72659 0
      vertex -6.93712 -7.657 0
    endloop
  endfacet
  facet normal -0.403837 0.659003 -0.634532
    outer loop
      vertex 7.21257 -7.54291 0
      vertex 6.26678 -6.18713 2.01
      vertex 7.46678 -7.38713 0
    endloop
  endfacet
  facet normal -0.403837 0.659003 -0.634532
    outer loop
      vertex 6.26678 -6.18713 2.01
      vertex 7.21257 -7.54291 0
      vertex 6.01257 -6.34291 2.01
    endloop
  endfacet
  facet normal 0.403837 0.659003 -0.634532
    outer loop
      vertex -7.21257 -7.54291 0
      vertex -6.26678 -6.18713 2.01
      vertex -6.01257 -6.34291 2.01
    endloop
  endfacet
  facet normal 0.403837 0.659003 -0.634532
    outer loop
      vertex -6.26678 -6.18713 2.01
      vertex -7.21257 -7.54291 0
      vertex -7.46678 -7.38713 0
    endloop
  endfacet
  facet normal -0.858623 0 -0.512607
    outer loop
      vertex 8.24998 5.84999 0
      vertex 7.04999 -4.64999 2.01
      vertex 7.04999 4.64999 2.01
    endloop
  endfacet
  facet normal -0.858623 0 -0.512607
    outer loop
      vertex 7.04999 -4.64999 2.01
      vertex 8.24998 5.84999 0
      vertex 8.24998 -5.84999 0
    endloop
  endfacet
  facet normal -0.789153 0.189462 -0.584244
    outer loop
      vertex 8.22659 -6.14722 0
      vertex 6.957 -5.23712 2.01
      vertex 7.0266 -4.94722 2.01
    endloop
  endfacet
  facet normal -0.789163 0.189437 -0.584239
    outer loop
      vertex 6.957 -5.23712 2.01
      vertex 8.22659 -6.14722 0
      vertex 8.157 -6.43712 0
    endloop
  endfacet
  facet normal 0.789153 0.189462 -0.584244
    outer loop
      vertex -6.957 -5.23712 2.01
      vertex -8.22659 -6.14722 0
      vertex -7.0266 -4.94722 2.01
    endloop
  endfacet
  facet normal 0.789163 0.189437 -0.584239
    outer loop
      vertex -8.22659 -6.14722 0
      vertex -6.957 -5.23712 2.01
      vertex -8.157 -6.43712 0
    endloop
  endfacet
  facet normal -0.0660166 -0.838911 -0.540251
    outer loop
      vertex 6.34999 7.74998 0
      vertex 5.44722 6.5266 2.01
      vertex 5.14999 6.54999 2.01
    endloop
  endfacet
  facet normal -0.0660166 -0.838911 -0.540251
    outer loop
      vertex 5.44722 6.5266 2.01
      vertex 6.34999 7.74998 0
      vertex 6.64722 7.72659 0
    endloop
  endfacet
  facet normal -0.30173 0.728474 -0.615048
    outer loop
      vertex 6.93712 -7.657 0
      vertex 6.01257 -6.34291 2.01
      vertex 7.21257 -7.54291 0
    endloop
  endfacet
  facet normal -0.30173 0.728474 -0.615048
    outer loop
      vertex 6.01257 -6.34291 2.01
      vertex 6.93712 -7.657 0
      vertex 5.73712 -6.457 2.01
    endloop
  endfacet
  facet normal 0.838911 -0.0660166 -0.540251
    outer loop
      vertex -7.0266 4.94722 2.01
      vertex -8.24998 5.84999 0
      vertex -8.22659 6.14722 0
    endloop
  endfacet
  facet normal 0.838911 -0.0660166 -0.540251
    outer loop
      vertex -8.24998 5.84999 0
      vertex -7.0266 4.94722 2.01
      vertex -7.04999 4.64999 2.01
    endloop
  endfacet
  facet normal 0.789163 -0.189437 -0.584239
    outer loop
      vertex -6.957 5.23712 2.01
      vertex -8.22659 6.14722 0
      vertex -8.157 6.43712 0
    endloop
  endfacet
  facet normal 0.789153 -0.189462 -0.584244
    outer loop
      vertex -8.22659 6.14722 0
      vertex -6.957 5.23712 2.01
      vertex -7.0266 4.94722 2.01
    endloop
  endfacet
  facet normal -0.581768 0.496858 -0.643956
    outer loop
      vertex 6.4935 -5.9935 2.01
      vertex 7.88713 -6.96678 0
      vertex 7.6935 -7.1935 0
    endloop
  endfacet
  facet normal -0.581768 0.496858 -0.643956
    outer loop
      vertex 7.88713 -6.96678 0
      vertex 6.4935 -5.9935 2.01
      vertex 6.68713 -5.76678 2.01
    endloop
  endfacet
  facet normal -0.728474 0.30173 -0.615048
    outer loop
      vertex 8.157 -6.43712 0
      vertex 6.84291 -5.51257 2.01
      vertex 6.957 -5.23712 2.01
    endloop
  endfacet
  facet normal -0.728474 0.30173 -0.615048
    outer loop
      vertex 6.84291 -5.51257 2.01
      vertex 8.157 -6.43712 0
      vertex 8.04291 -6.71257 0
    endloop
  endfacet
  facet normal -0.189462 -0.789153 -0.584244
    outer loop
      vertex 6.64722 7.72659 0
      vertex 5.73712 6.457 2.01
      vertex 5.44722 6.5266 2.01
    endloop
  endfacet
  facet normal -0.189437 -0.789163 -0.584239
    outer loop
      vertex 5.73712 6.457 2.01
      vertex 6.64722 7.72659 0
      vertex 6.93712 7.657 0
    endloop
  endfacet
  facet normal 0.0660166 0.838911 -0.540251
    outer loop
      vertex -6.34999 -7.74998 0
      vertex -5.44722 -6.5266 2.01
      vertex -5.14999 -6.54999 2.01
    endloop
  endfacet
  facet normal 0.0660166 0.838911 -0.540251
    outer loop
      vertex -5.44722 -6.5266 2.01
      vertex -6.34999 -7.74998 0
      vertex -6.64722 -7.72659 0
    endloop
  endfacet
  facet normal -0.403837 -0.659003 -0.634532
    outer loop
      vertex 7.21257 7.54291 0
      vertex 6.26678 6.18713 2.01
      vertex 6.01257 6.34291 2.01
    endloop
  endfacet
  facet normal -0.403837 -0.659003 -0.634532
    outer loop
      vertex 6.26678 6.18713 2.01
      vertex 7.21257 7.54291 0
      vertex 7.46678 7.38713 0
    endloop
  endfacet
  facet normal -0.659003 0.403837 -0.634532
    outer loop
      vertex 8.04291 -6.71257 0
      vertex 6.68713 -5.76678 2.01
      vertex 6.84291 -5.51257 2.01
    endloop
  endfacet
  facet normal -0.659003 0.403837 -0.634532
    outer loop
      vertex 6.68713 -5.76678 2.01
      vertex 8.04291 -6.71257 0
      vertex 7.88713 -6.96678 0
    endloop
  endfacet
  facet normal -0.496858 -0.581768 -0.643956
    outer loop
      vertex 6.4935 5.9935 2.01
      vertex 7.46678 7.38713 0
      vertex 7.6935 7.1935 0
    endloop
  endfacet
  facet normal -0.496858 -0.581768 -0.643956
    outer loop
      vertex 7.46678 7.38713 0
      vertex 6.4935 5.9935 2.01
      vertex 6.26678 6.18713 2.01
    endloop
  endfacet
  facet normal 0.496858 -0.581768 -0.643956
    outer loop
      vertex -6.4935 5.9935 2.01
      vertex -7.46678 7.38713 0
      vertex -6.26678 6.18713 2.01
    endloop
  endfacet
  facet normal 0.496858 -0.581768 -0.643956
    outer loop
      vertex -7.46678 7.38713 0
      vertex -6.4935 5.9935 2.01
      vertex -7.6935 7.1935 0
    endloop
  endfacet
  facet normal 0.858623 0 -0.512607
    outer loop
      vertex -7.04999 -4.64999 2.01
      vertex -8.24998 5.84999 0
      vertex -7.04999 4.64999 2.01
    endloop
  endfacet
  facet normal 0.858623 0 -0.512607
    outer loop
      vertex -8.24998 5.84999 0
      vertex -7.04999 -4.64999 2.01
      vertex -8.24998 -5.84999 0
    endloop
  endfacet
  facet normal 0.838911 0.0660166 -0.540251
    outer loop
      vertex -7.0266 -4.94722 2.01
      vertex -8.24998 -5.84999 0
      vertex -7.04999 -4.64999 2.01
    endloop
  endfacet
  facet normal 0.838911 0.0660166 -0.540251
    outer loop
      vertex -8.24998 -5.84999 0
      vertex -7.0266 -4.94722 2.01
      vertex -8.22659 -6.14722 0
    endloop
  endfacet
  facet normal -0.581768 -0.496858 -0.643956
    outer loop
      vertex 6.4935 5.9935 2.01
      vertex 7.88713 6.96678 0
      vertex 6.68713 5.76678 2.01
    endloop
  endfacet
  facet normal -0.581768 -0.496858 -0.643956
    outer loop
      vertex 7.88713 6.96678 0
      vertex 6.4935 5.9935 2.01
      vertex 7.6935 7.1935 0
    endloop
  endfacet
  facet normal 0.581768 -0.496858 -0.643956
    outer loop
      vertex -7.88713 6.96678 0
      vertex -6.4935 5.9935 2.01
      vertex -6.68713 5.76678 2.01
    endloop
  endfacet
  facet normal 0.581768 -0.496858 -0.643956
    outer loop
      vertex -6.4935 5.9935 2.01
      vertex -7.88713 6.96678 0
      vertex -7.6935 7.1935 0
    endloop
  endfacet
  facet normal 0.659003 0.403837 -0.634532
    outer loop
      vertex -6.68713 -5.76678 2.01
      vertex -8.04291 -6.71257 0
      vertex -6.84291 -5.51257 2.01
    endloop
  endfacet
  facet normal 0.659003 0.403837 -0.634532
    outer loop
      vertex -8.04291 -6.71257 0
      vertex -6.68713 -5.76678 2.01
      vertex -7.88713 -6.96678 0
    endloop
  endfacet
  facet normal 0.30173 -0.728474 -0.615048
    outer loop
      vertex -6.93712 7.657 0
      vertex -6.01257 6.34291 2.01
      vertex -7.21257 7.54291 0
    endloop
  endfacet
  facet normal 0.30173 -0.728474 -0.615048
    outer loop
      vertex -6.01257 6.34291 2.01
      vertex -6.93712 7.657 0
      vertex -5.73712 6.457 2.01
    endloop
  endfacet
  facet normal -0.30173 -0.728474 -0.615048
    outer loop
      vertex 6.93712 7.657 0
      vertex 6.01257 6.34291 2.01
      vertex 5.73712 6.457 2.01
    endloop
  endfacet
  facet normal -0.30173 -0.728474 -0.615048
    outer loop
      vertex 6.01257 6.34291 2.01
      vertex 6.93712 7.657 0
      vertex 7.21257 7.54291 0
    endloop
  endfacet
  facet normal -0.838911 -0.0660166 -0.540251
    outer loop
      vertex 8.24998 5.84999 0
      vertex 7.0266 4.94722 2.01
      vertex 8.22659 6.14722 0
    endloop
  endfacet
  facet normal -0.838911 -0.0660166 -0.540251
    outer loop
      vertex 7.0266 4.94722 2.01
      vertex 8.24998 5.84999 0
      vertex 7.04999 4.64999 2.01
    endloop
  endfacet
  facet normal 0.581768 0.496858 -0.643956
    outer loop
      vertex -7.88713 -6.96678 0
      vertex -6.4935 -5.9935 2.01
      vertex -7.6935 -7.1935 0
    endloop
  endfacet
  facet normal 0.581768 0.496858 -0.643956
    outer loop
      vertex -6.4935 -5.9935 2.01
      vertex -7.88713 -6.96678 0
      vertex -6.68713 -5.76678 2.01
    endloop
  endfacet
  facet normal -0.659003 -0.403837 -0.634532
    outer loop
      vertex 8.04291 6.71257 0
      vertex 6.68713 5.76678 2.01
      vertex 7.88713 6.96678 0
    endloop
  endfacet
  facet normal -0.659003 -0.403837 -0.634532
    outer loop
      vertex 6.68713 5.76678 2.01
      vertex 8.04291 6.71257 0
      vertex 6.84291 5.51257 2.01
    endloop
  endfacet
  facet normal 0.728474 -0.30173 -0.615048
    outer loop
      vertex -6.84291 5.51257 2.01
      vertex -8.157 6.43712 0
      vertex -8.04291 6.71257 0
    endloop
  endfacet
  facet normal 0.728474 -0.30173 -0.615048
    outer loop
      vertex -8.157 6.43712 0
      vertex -6.84291 5.51257 2.01
      vertex -6.957 5.23712 2.01
    endloop
  endfacet
  facet normal -0.728474 -0.30173 -0.615048
    outer loop
      vertex 8.157 6.43712 0
      vertex 6.84291 5.51257 2.01
      vertex 8.04291 6.71257 0
    endloop
  endfacet
  facet normal -0.728474 -0.30173 -0.615048
    outer loop
      vertex 6.84291 5.51257 2.01
      vertex 8.157 6.43712 0
      vertex 6.957 5.23712 2.01
    endloop
  endfacet
  facet normal 0.189437 -0.789163 -0.584239
    outer loop
      vertex -6.64722 7.72659 0
      vertex -5.73712 6.457 2.01
      vertex -6.93712 7.657 0
    endloop
  endfacet
  facet normal 0.189462 -0.789153 -0.584244
    outer loop
      vertex -5.73712 6.457 2.01
      vertex -6.64722 7.72659 0
      vertex -5.44722 6.5266 2.01
    endloop
  endfacet
  facet normal 0 0 -1
    outer loop
      vertex -2.04999 -0.649994 2.01
      vertex -0.599991 0.649994 2.01
      vertex -0.599991 -0.649994 2.01
    endloop
  endfacet
  facet normal -0 0 -1
    outer loop
      vertex -0.599991 0.649994 2.01
      vertex -2.04999 -0.649994 2.01
      vertex -2.04999 0.649994 2.01
    endloop
  endfacet
  facet normal 0 0 -1
    outer loop
      vertex -0.599991 -0.649994 2.01
      vertex 0.599991 -0.649994 2.01
      vertex 0.599991 -2.04999 2.01
    endloop
  endfacet
  facet normal 0 0 -1
    outer loop
      vertex 0.599991 -0.649994 2.01
      vertex -0.599991 -0.649994 2.01
      vertex 0.599991 0.649994 2.01
    endloop
  endfacet
  facet normal 0 0 -1
    outer loop
      vertex -0.599991 -0.649994 2.01
      vertex 0.599991 -2.04999 2.01
      vertex -0.599991 -2.04999 2.01
    endloop
  endfacet
  facet normal 0 0 -1
    outer loop
      vertex -0.599991 0.649994 2.01
      vertex 0.599991 0.649994 2.01
      vertex -0.599991 -0.649994 2.01
    endloop
  endfacet
  facet normal 0 0 -1
    outer loop
      vertex 0.599991 0.649994 2.01
      vertex -0.599991 0.649994 2.01
      vertex 0.599991 2.04999 2.01
    endloop
  endfacet
  facet normal -0 0 -1
    outer loop
      vertex 0.599991 2.04999 2.01
      vertex -0.599991 0.649994 2.01
      vertex -0.599991 2.04999 2.01
    endloop
  endfacet
  facet normal 0 0 -1
    outer loop
      vertex 0.599991 -0.649994 2.01
      vertex 2.04999 0.649994 2.01
      vertex 2.04999 -0.649994 2.01
    endloop
  endfacet
  facet normal -0 0 -1
    outer loop
      vertex 2.04999 0.649994 2.01
      vertex 0.599991 -0.649994 2.01
      vertex 0.599991 0.649994 2.01
    endloop
  endfacet
  facet normal 0 0 -1
    outer loop
      vertex 5.14999 -6.54999 2.01
      vertex 7.04999 -4.64999 2.01
      vertex 7.0266 -4.94722 2.01
    endloop
  endfacet
  facet normal 0 0 -1
    outer loop
      vertex 7.04999 -4.64999 2.01
      vertex 2.75 0 2.01
      vertex 7.04999 4.64999 2.01
    endloop
  endfacet
  facet normal 0 0 -1
    outer loop
      vertex 5.14999 -6.54999 2.01
      vertex 7.0266 -4.94722 2.01
      vertex 6.957 -5.23712 2.01
    endloop
  endfacet
  facet normal 0 0 -1
    outer loop
      vertex 2.73388 0.297327 2.01
      vertex 7.04999 4.64999 2.01
      vertex 2.75 0 2.01
    endloop
  endfacet
  facet normal 0 0 -1
    outer loop
      vertex 5.14999 -6.54999 2.01
      vertex 6.957 -5.23712 2.01
      vertex 6.84291 -5.51257 2.01
    endloop
  endfacet
  facet normal 0 0 -1
    outer loop
      vertex 2.68571 0.591168 2.01
      vertex 7.04999 4.64999 2.01
      vertex 2.73388 0.297327 2.01
    endloop
  endfacet
  facet normal 0 0 -1
    outer loop
      vertex 5.14999 -6.54999 2.01
      vertex 6.84291 -5.51257 2.01
      vertex 6.68713 -5.76678 2.01
    endloop
  endfacet
  facet normal 0 0 -1
    outer loop
      vertex 2.60605 0.878078 2.01
      vertex 7.04999 4.64999 2.01
      vertex 2.68571 0.591168 2.01
    endloop
  endfacet
  facet normal 0 0 -1
    outer loop
      vertex 5.14999 -6.54999 2.01
      vertex 6.68713 -5.76678 2.01
      vertex 6.4935 -5.9935 2.01
    endloop
  endfacet
  facet normal 0 0 -1
    outer loop
      vertex 2.49583 1.15469 2.01
      vertex 7.04999 4.64999 2.01
      vertex 2.60605 0.878078 2.01
    endloop
  endfacet
  facet normal 0 0 -1
    outer loop
      vertex 5.14999 -6.54999 2.01
      vertex 6.4935 -5.9935 2.01
      vertex 6.26678 -6.18713 2.01
    endloop
  endfacet
  facet normal 0 0 -1
    outer loop
      vertex 2.35636 1.41777 2.01
      vertex 7.04999 4.64999 2.01
      vertex 2.49583 1.15469 2.01
    endloop
  endfacet
  facet normal 0 0 -1
    outer loop
      vertex 5.14999 -6.54999 2.01
      vertex 6.26678 -6.18713 2.01
      vertex 6.01257 -6.34291 2.01
    endloop
  endfacet
  facet normal 0 0 -1
    outer loop
      vertex 2.18926 1.66423 2.01
      vertex 7.04999 4.64999 2.01
      vertex 2.35636 1.41777 2.01
    endloop
  endfacet
  facet normal 0 0 -1
    outer loop
      vertex 5.14999 -6.54999 2.01
      vertex 6.01257 -6.34291 2.01
      vertex 5.73712 -6.457 2.01
    endloop
  endfacet
  facet normal 0 0 -1
    outer loop
      vertex 1.99649 1.89117 2.01
      vertex 7.04999 4.64999 2.01
      vertex 2.18926 1.66423 2.01
    endloop
  endfacet
  facet normal 0 0 -1
    outer loop
      vertex 5.14999 -6.54999 2.01
      vertex 5.73712 -6.457 2.01
      vertex 5.44722 -6.5266 2.01
    endloop
  endfacet
  facet normal 0 0 -1
    outer loop
      vertex 7.04999 4.64999 2.01
      vertex 5.14999 6.54999 2.01
      vertex 7.0266 4.94722 2.01
    endloop
  endfacet
  facet normal 0 0 -1
    outer loop
      vertex 1.99649 -1.89117 2.01
      vertex 7.04999 -4.64999 2.01
      vertex 5.14999 -6.54999 2.01
    endloop
  endfacet
  facet normal 0 0 -1
    outer loop
      vertex 7.0266 4.94722 2.01
      vertex 5.14999 6.54999 2.01
      vertex 6.957 5.23712 2.01
    endloop
  endfacet
  facet normal 0 0 -1
    outer loop
      vertex 6.957 5.23712 2.01
      vertex 5.14999 6.54999 2.01
      vertex 6.84291 5.51257 2.01
    endloop
  endfacet
  facet normal 0 0 -1
    outer loop
      vertex 7.04999 -4.64999 2.01
      vertex 2.73388 -0.297327 2.01
      vertex 2.75 0 2.01
    endloop
  endfacet
  facet normal 0 0 -1
    outer loop
      vertex 7.04999 -4.64999 2.01
      vertex 2.68571 -0.591168 2.01
      vertex 2.73388 -0.297327 2.01
    endloop
  endfacet
  facet normal 0 0 -1
    outer loop
      vertex 7.04999 -4.64999 2.01
      vertex 2.60605 -0.878078 2.01
      vertex 2.68571 -0.591168 2.01
    endloop
  endfacet
  facet normal 0 0 -1
    outer loop
      vertex 7.04999 -4.64999 2.01
      vertex 2.49583 -1.15469 2.01
      vertex 2.60605 -0.878078 2.01
    endloop
  endfacet
  facet normal 0 0 -1
    outer loop
      vertex 7.04999 -4.64999 2.01
      vertex 2.35636 -1.41777 2.01
      vertex 2.49583 -1.15469 2.01
    endloop
  endfacet
  facet normal 0 0 -1
    outer loop
      vertex 7.04999 -4.64999 2.01
      vertex 2.18926 -1.66423 2.01
      vertex 2.35636 -1.41777 2.01
    endloop
  endfacet
  facet normal 0 0 -1
    outer loop
      vertex 7.04999 -4.64999 2.01
      vertex 1.99649 -1.89117 2.01
      vertex 2.18926 -1.66423 2.01
    endloop
  endfacet
  facet normal 0 0 -1
    outer loop
      vertex 5.14999 -6.54999 2.01
      vertex 1.78031 -2.09595 2.01
      vertex 1.99649 -1.89117 2.01
    endloop
  endfacet
  facet normal 0 0 -1
    outer loop
      vertex 5.14999 -6.54999 2.01
      vertex 1.54326 -2.27614 2.01
      vertex 1.78031 -2.09595 2.01
    endloop
  endfacet
  facet normal 0 0 -1
    outer loop
      vertex 5.14999 -6.54999 2.01
      vertex 1.28812 -2.42966 2.01
      vertex 1.54326 -2.27614 2.01
    endloop
  endfacet
  facet normal 0 0 -1
    outer loop
      vertex 5.14999 -6.54999 2.01
      vertex 1.01788 -2.55469 2.01
      vertex 1.28812 -2.42966 2.01
    endloop
  endfacet
  facet normal 0 0 -1
    outer loop
      vertex 5.14999 -6.54999 2.01
      vertex 0.735703 -2.64976 2.01
      vertex 1.01788 -2.55469 2.01
    endloop
  endfacet
  facet normal 0 0 -1
    outer loop
      vertex 5.14999 -6.54999 2.01
      vertex 0.4449 -2.71377 2.01
      vertex 0.735703 -2.64976 2.01
    endloop
  endfacet
  facet normal 0 0 -1
    outer loop
      vertex 5.14999 -6.54999 2.01
      vertex 0.148882 -2.74597 2.01
      vertex 0.4449 -2.71377 2.01
    endloop
  endfacet
  facet normal 0 0 -1
    outer loop
      vertex 5.14999 -6.54999 2.01
      vertex -0.148882 -2.74597 2.01
      vertex 0.148882 -2.74597 2.01
    endloop
  endfacet
  facet normal 0 0 -1
    outer loop
      vertex -5.14999 -6.54999 2.01
      vertex -0.148882 -2.74597 2.01
      vertex 5.14999 -6.54999 2.01
    endloop
  endfacet
  facet normal -0 0 -1
    outer loop
      vertex -0.148882 -2.74597 2.01
      vertex -5.14999 -6.54999 2.01
      vertex -0.4449 -2.71377 2.01
    endloop
  endfacet
  facet normal -0 0 -1
    outer loop
      vertex -0.4449 -2.71377 2.01
      vertex -5.14999 -6.54999 2.01
      vertex -0.735703 -2.64976 2.01
    endloop
  endfacet
  facet normal -0 0 -1
    outer loop
      vertex -0.735703 -2.64976 2.01
      vertex -5.14999 -6.54999 2.01
      vertex -1.01788 -2.55469 2.01
    endloop
  endfacet
  facet normal -0 0 -1
    outer loop
      vertex -1.01788 -2.55469 2.01
      vertex -5.14999 -6.54999 2.01
      vertex -1.28812 -2.42966 2.01
    endloop
  endfacet
  facet normal -0 0 -1
    outer loop
      vertex -2.68571 -0.591168 2.01
      vertex -7.04999 -4.64999 2.01
      vertex -2.73388 -0.297327 2.01
    endloop
  endfacet
  facet normal -0 0 -1
    outer loop
      vertex -2.60605 -0.878078 2.01
      vertex -7.04999 -4.64999 2.01
      vertex -2.68571 -0.591168 2.01
    endloop
  endfacet
  facet normal -0 0 -1
    outer loop
      vertex -2.49583 -1.15469 2.01
      vertex -7.04999 -4.64999 2.01
      vertex -2.60605 -0.878078 2.01
    endloop
  endfacet
  facet normal -0 0 -1
    outer loop
      vertex -2.35636 -1.41777 2.01
      vertex -7.04999 -4.64999 2.01
      vertex -2.49583 -1.15469 2.01
    endloop
  endfacet
  facet normal -0 0 -1
    outer loop
      vertex -2.18926 -1.66423 2.01
      vertex -7.04999 -4.64999 2.01
      vertex -2.35636 -1.41777 2.01
    endloop
  endfacet
  facet normal -0 0 -1
    outer loop
      vertex -1.99649 -1.89117 2.01
      vertex -7.04999 -4.64999 2.01
      vertex -2.18926 -1.66423 2.01
    endloop
  endfacet
  facet normal 0 0 -1
    outer loop
      vertex -7.04999 -4.64999 2.01
      vertex -1.99649 -1.89117 2.01
      vertex -5.14999 -6.54999 2.01
    endloop
  endfacet
  facet normal -0 0 -1
    outer loop
      vertex -1.78031 -2.09595 2.01
      vertex -5.14999 -6.54999 2.01
      vertex -1.99649 -1.89117 2.01
    endloop
  endfacet
  facet normal -0 0 -1
    outer loop
      vertex -1.54326 -2.27614 2.01
      vertex -5.14999 -6.54999 2.01
      vertex -1.78031 -2.09595 2.01
    endloop
  endfacet
  facet normal -0 0 -1
    outer loop
      vertex -1.28812 -2.42966 2.01
      vertex -5.14999 -6.54999 2.01
      vertex -1.54326 -2.27614 2.01
    endloop
  endfacet
  facet normal 0 0 -1
    outer loop
      vertex 6.84291 5.51257 2.01
      vertex 5.14999 6.54999 2.01
      vertex 6.68713 5.76678 2.01
    endloop
  endfacet
  facet normal 0 0 -1
    outer loop
      vertex 6.68713 5.76678 2.01
      vertex 5.14999 6.54999 2.01
      vertex 6.4935 5.9935 2.01
    endloop
  endfacet
  facet normal 0 0 -1
    outer loop
      vertex 6.4935 5.9935 2.01
      vertex 5.14999 6.54999 2.01
      vertex 6.26678 6.18713 2.01
    endloop
  endfacet
  facet normal 0 0 -1
    outer loop
      vertex 6.01257 6.34291 2.01
      vertex 5.14999 6.54999 2.01
      vertex 5.73712 6.457 2.01
    endloop
  endfacet
  facet normal 0 0 -1
    outer loop
      vertex 5.73712 6.457 2.01
      vertex 5.14999 6.54999 2.01
      vertex 5.44722 6.5266 2.01
    endloop
  endfacet
  facet normal 0 0 -1
    outer loop
      vertex 6.26678 6.18713 2.01
      vertex 5.14999 6.54999 2.01
      vertex 6.01257 6.34291 2.01
    endloop
  endfacet
  facet normal -0 0 -1
    outer loop
      vertex 7.04999 4.64999 2.01
      vertex 1.99649 1.89117 2.01
      vertex 5.14999 6.54999 2.01
    endloop
  endfacet
  facet normal 0 0 -1
    outer loop
      vertex 1.78031 2.09595 2.01
      vertex 5.14999 6.54999 2.01
      vertex 1.99649 1.89117 2.01
    endloop
  endfacet
  facet normal 0 0 -1
    outer loop
      vertex 1.54326 2.27614 2.01
      vertex 5.14999 6.54999 2.01
      vertex 1.78031 2.09595 2.01
    endloop
  endfacet
  facet normal 0 0 -1
    outer loop
      vertex 1.28812 2.42966 2.01
      vertex 5.14999 6.54999 2.01
      vertex 1.54326 2.27614 2.01
    endloop
  endfacet
  facet normal 0 0 -1
    outer loop
      vertex 1.01788 2.55469 2.01
      vertex 5.14999 6.54999 2.01
      vertex 1.28812 2.42966 2.01
    endloop
  endfacet
  facet normal 0 0 -1
    outer loop
      vertex 0.735703 2.64976 2.01
      vertex 5.14999 6.54999 2.01
      vertex 1.01788 2.55469 2.01
    endloop
  endfacet
  facet normal 0 0 -1
    outer loop
      vertex 0.4449 2.71377 2.01
      vertex 5.14999 6.54999 2.01
      vertex 0.735703 2.64976 2.01
    endloop
  endfacet
  facet normal 0 0 -1
    outer loop
      vertex 0.148882 2.74597 2.01
      vertex 5.14999 6.54999 2.01
      vertex 0.4449 2.71377 2.01
    endloop
  endfacet
  facet normal 0 0 -1
    outer loop
      vertex -0.148882 2.74597 2.01
      vertex 5.14999 6.54999 2.01
      vertex 0.148882 2.74597 2.01
    endloop
  endfacet
  facet normal 0 0 -1
    outer loop
      vertex -5.14999 6.54999 2.01
      vertex -0.148882 2.74597 2.01
      vertex -0.4449 2.71377 2.01
    endloop
  endfacet
  facet normal 0 0 -1
    outer loop
      vertex -5.14999 6.54999 2.01
      vertex -0.4449 2.71377 2.01
      vertex -0.735703 2.64976 2.01
    endloop
  endfacet
  facet normal 0 0 -1
    outer loop
      vertex -5.14999 6.54999 2.01
      vertex -0.735703 2.64976 2.01
      vertex -1.01788 2.55469 2.01
    endloop
  endfacet
  facet normal 0 0 -1
    outer loop
      vertex -5.14999 6.54999 2.01
      vertex -1.01788 2.55469 2.01
      vertex -1.28812 2.42966 2.01
    endloop
  endfacet
  facet normal 0 0 -1
    outer loop
      vertex -5.14999 6.54999 2.01
      vertex -1.28812 2.42966 2.01
      vertex -1.54326 2.27614 2.01
    endloop
  endfacet
  facet normal -0 0 -1
    outer loop
      vertex -2.73388 -0.297327 2.01
      vertex -7.04999 -4.64999 2.01
      vertex -2.75 0 2.01
    endloop
  endfacet
  facet normal 0 0 -1
    outer loop
      vertex -7.04999 4.64999 2.01
      vertex -2.75 0 2.01
      vertex -7.04999 -4.64999 2.01
    endloop
  endfacet
  facet normal 0 0 -1
    outer loop
      vertex -2.75 0 2.01
      vertex -7.04999 4.64999 2.01
      vertex -2.73388 0.297327 2.01
    endloop
  endfacet
  facet normal 0 0 -1
    outer loop
      vertex -0.148882 2.74597 2.01
      vertex -5.14999 6.54999 2.01
      vertex 5.14999 6.54999 2.01
    endloop
  endfacet
  facet normal 0 0 -1
    outer loop
      vertex -1.78031 2.09595 2.01
      vertex -5.14999 6.54999 2.01
      vertex -1.54326 2.27614 2.01
    endloop
  endfacet
  facet normal 0 0 -1
    outer loop
      vertex -1.99649 1.89117 2.01
      vertex -5.14999 6.54999 2.01
      vertex -1.78031 2.09595 2.01
    endloop
  endfacet
  facet normal 0 0 -1
    outer loop
      vertex -7.04999 4.64999 2.01
      vertex -1.99649 1.89117 2.01
      vertex -2.18926 1.66423 2.01
    endloop
  endfacet
  facet normal 0 0 -1
    outer loop
      vertex -7.04999 4.64999 2.01
      vertex -2.18926 1.66423 2.01
      vertex -2.35636 1.41777 2.01
    endloop
  endfacet
  facet normal 0 0 -1
    outer loop
      vertex -7.04999 4.64999 2.01
      vertex -2.35636 1.41777 2.01
      vertex -2.49583 1.15469 2.01
    endloop
  endfacet
  facet normal 0 0 -1
    outer loop
      vertex -7.04999 4.64999 2.01
      vertex -2.49583 1.15469 2.01
      vertex -2.60605 0.878078 2.01
    endloop
  endfacet
  facet normal 0 0 -1
    outer loop
      vertex -2.73388 0.297327 2.01
      vertex -7.04999 4.64999 2.01
      vertex -2.68571 0.591168 2.01
    endloop
  endfacet
  facet normal 0 0 -1
    outer loop
      vertex -7.04999 -4.64999 2.01
      vertex -5.14999 -6.54999 2.01
      vertex -5.44722 -6.5266 2.01
    endloop
  endfacet
  facet normal 0 0 -1
    outer loop
      vertex -2.68571 0.591168 2.01
      vertex -7.04999 4.64999 2.01
      vertex -2.60605 0.878078 2.01
    endloop
  endfacet
  facet normal 0 0 -1
    outer loop
      vertex -7.04999 -4.64999 2.01
      vertex -5.44722 -6.5266 2.01
      vertex -5.73712 -6.457 2.01
    endloop
  endfacet
  facet normal 0 0 -1
    outer loop
      vertex -1.99649 1.89117 2.01
      vertex -7.04999 4.64999 2.01
      vertex -5.14999 6.54999 2.01
    endloop
  endfacet
  facet normal 0 0 -1
    outer loop
      vertex -7.04999 -4.64999 2.01
      vertex -5.73712 -6.457 2.01
      vertex -6.01257 -6.34291 2.01
    endloop
  endfacet
  facet normal 0 0 -1
    outer loop
      vertex -5.14999 6.54999 2.01
      vertex -7.04999 4.64999 2.01
      vertex -5.44722 6.5266 2.01
    endloop
  endfacet
  facet normal 0 0 -1
    outer loop
      vertex -7.04999 -4.64999 2.01
      vertex -6.01257 -6.34291 2.01
      vertex -6.26678 -6.18713 2.01
    endloop
  endfacet
  facet normal 0 0 -1
    outer loop
      vertex -5.44722 6.5266 2.01
      vertex -7.04999 4.64999 2.01
      vertex -5.73712 6.457 2.01
    endloop
  endfacet
  facet normal 0 0 -1
    outer loop
      vertex -7.04999 -4.64999 2.01
      vertex -6.26678 -6.18713 2.01
      vertex -6.4935 -5.9935 2.01
    endloop
  endfacet
  facet normal 0 0 -1
    outer loop
      vertex -5.73712 6.457 2.01
      vertex -7.04999 4.64999 2.01
      vertex -6.01257 6.34291 2.01
    endloop
  endfacet
  facet normal 0 0 -1
    outer loop
      vertex -7.04999 -4.64999 2.01
      vertex -6.4935 -5.9935 2.01
      vertex -6.68713 -5.76678 2.01
    endloop
  endfacet
  facet normal 0 0 -1
    outer loop
      vertex -6.01257 6.34291 2.01
      vertex -7.04999 4.64999 2.01
      vertex -6.26678 6.18713 2.01
    endloop
  endfacet
  facet normal 0 0 -1
    outer loop
      vertex -7.04999 -4.64999 2.01
      vertex -6.68713 -5.76678 2.01
      vertex -6.84291 -5.51257 2.01
    endloop
  endfacet
  facet normal 0 0 -1
    outer loop
      vertex -6.26678 6.18713 2.01
      vertex -7.04999 4.64999 2.01
      vertex -6.4935 5.9935 2.01
    endloop
  endfacet
  facet normal 0 0 -1
    outer loop
      vertex -7.04999 -4.64999 2.01
      vertex -6.84291 -5.51257 2.01
      vertex -6.957 -5.23712 2.01
    endloop
  endfacet
  facet normal 0 0 -1
    outer loop
      vertex -6.4935 5.9935 2.01
      vertex -7.04999 4.64999 2.01
      vertex -6.68713 5.76678 2.01
    endloop
  endfacet
  facet normal 0 0 -1
    outer loop
      vertex -7.04999 -4.64999 2.01
      vertex -6.957 -5.23712 2.01
      vertex -7.0266 -4.94722 2.01
    endloop
  endfacet
  facet normal 0 0 -1
    outer loop
      vertex -6.68713 5.76678 2.01
      vertex -7.04999 4.64999 2.01
      vertex -6.84291 5.51257 2.01
    endloop
  endfacet
  facet normal 0 0 -1
    outer loop
      vertex -6.84291 5.51257 2.01
      vertex -7.04999 4.64999 2.01
      vertex -6.957 5.23712 2.01
    endloop
  endfacet
  facet normal 0 0 -1
    outer loop
      vertex -6.957 5.23712 2.01
      vertex -7.04999 4.64999 2.01
      vertex -7.0266 4.94722 2.01
    endloop
  endfacet
  facet normal 0.0660166 -0.838911 -0.540251
    outer loop
      vertex -6.34999 7.74998 0
      vertex -5.44722 6.5266 2.01
      vertex -6.64722 7.72659 0
    endloop
  endfacet
  facet normal 0.0660166 -0.838911 -0.540251
    outer loop
      vertex -5.44722 6.5266 2.01
      vertex -6.34999 7.74998 0
      vertex -5.14999 6.54999 2.01
    endloop
  endfacet
  facet normal 0.605151 0.79611 -0
    outer loop
      vertex 1.78031 2.09595 -1.3
      vertex 1.54326 2.27614 2.01
      vertex 1.78031 2.09595 2.01
    endloop
  endfacet
  facet normal 0.605151 0.79611 0
    outer loop
      vertex 1.54326 2.27614 2.01
      vertex 1.78031 2.09595 -1.3
      vertex 1.54326 2.27614 -1.3
    endloop
  endfacet
  facet normal 0.419899 -0.907571 0
    outer loop
      vertex 1.01788 -2.55469 -1.3
      vertex 1.28812 -2.42966 2.01
      vertex 1.01788 -2.55469 2.01
    endloop
  endfacet
  facet normal 0.419899 -0.907571 0
    outer loop
      vertex 1.28812 -2.42966 2.01
      vertex 1.01788 -2.55469 -1.3
      vertex 1.28812 -2.42966 -1.3
    endloop
  endfacet
  facet normal 0.515572 0.856846 -0
    outer loop
      vertex 1.54326 2.27614 -1.3
      vertex 1.28812 2.42966 2.01
      vertex 1.54326 2.27614 2.01
    endloop
  endfacet
  facet normal 0.515572 0.856846 0
    outer loop
      vertex 1.28812 2.42966 2.01
      vertex 1.54326 2.27614 -1.3
      vertex 1.28812 2.42966 -1.3
    endloop
  endfacet
  facet normal -0.605151 0.79611 0
    outer loop
      vertex -1.54326 2.27614 -1.3
      vertex -1.78031 2.09595 2.01
      vertex -1.54326 2.27614 2.01
    endloop
  endfacet
  facet normal -0.605151 0.79611 0
    outer loop
      vertex -1.78031 2.09595 2.01
      vertex -1.54326 2.27614 -1.3
      vertex -1.78031 2.09595 -1.3
    endloop
  endfacet
  facet normal -0.827695 0.561178 0
    outer loop
      vertex -2.35636 1.41777 -1.3
      vertex -2.18926 1.66423 2.01
      vertex -2.18926 1.66423 -1.3
    endloop
  endfacet
  facet normal -0.827695 0.561178 0
    outer loop
      vertex -2.18926 1.66423 2.01
      vertex -2.35636 1.41777 -1.3
      vertex -2.35636 1.41777 2.01
    endloop
  endfacet
  facet normal -0.998534 0.0541369 0
    outer loop
      vertex -2.75 0 -1.3
      vertex -2.73388 0.297327 2.01
      vertex -2.73388 0.297327 -1.3
    endloop
  endfacet
  facet normal -0.998534 0.0541369 0
    outer loop
      vertex -2.73388 0.297327 2.01
      vertex -2.75 0 -1.3
      vertex -2.75 0 2.01
    endloop
  endfacet
  facet normal 0.998534 0.0541369 0
    outer loop
      vertex 2.75 0 2.01
      vertex 2.73388 0.297327 -1.3
      vertex 2.73388 0.297327 2.01
    endloop
  endfacet
  facet normal 0.998534 0.0541369 0
    outer loop
      vertex 2.73388 0.297327 -1.3
      vertex 2.75 0 2.01
      vertex 2.75 0 -1.3
    endloop
  endfacet
  facet normal -0.319282 -0.94766 0
    outer loop
      vertex -1.01788 -2.55469 -1.3
      vertex -0.735703 -2.64976 2.01
      vertex -1.01788 -2.55469 2.01
    endloop
  endfacet
  facet normal -0.319282 -0.94766 -0
    outer loop
      vertex -0.735703 -2.64976 2.01
      vertex -1.01788 -2.55469 -1.3
      vertex -0.735703 -2.64976 -1.3
    endloop
  endfacet
  facet normal 0.986828 0.161773 0
    outer loop
      vertex 2.73388 0.297327 2.01
      vertex 2.68571 0.591168 -1.3
      vertex 2.68571 0.591168 2.01
    endloop
  endfacet
  facet normal 0.986828 0.161773 0
    outer loop
      vertex 2.68571 0.591168 -1.3
      vertex 2.73388 0.297327 2.01
      vertex 2.73388 0.297327 -1.3
    endloop
  endfacet
  facet normal -0.96355 -0.267528 0
    outer loop
      vertex -2.60605 -0.878078 -1.3
      vertex -2.68571 -0.591168 2.01
      vertex -2.68571 -0.591168 -1.3
    endloop
  endfacet
  facet normal -0.96355 -0.267528 0
    outer loop
      vertex -2.68571 -0.591168 2.01
      vertex -2.60605 -0.878078 -1.3
      vertex -2.60605 -0.878078 2.01
    endloop
  endfacet
  facet normal 0.515572 -0.856846 0
    outer loop
      vertex 1.28812 -2.42966 -1.3
      vertex 1.54326 -2.27614 2.01
      vertex 1.28812 -2.42966 2.01
    endloop
  endfacet
  facet normal 0.515572 -0.856846 0
    outer loop
      vertex 1.54326 -2.27614 2.01
      vertex 1.28812 -2.42966 -1.3
      vertex 1.54326 -2.27614 -1.3
    endloop
  endfacet
  facet normal 0.762153 -0.647397 0
    outer loop
      vertex 1.99649 -1.89117 2.01
      vertex 2.18926 -1.66423 -1.3
      vertex 2.18926 -1.66423 2.01
    endloop
  endfacet
  facet normal 0.762153 -0.647397 0
    outer loop
      vertex 2.18926 -1.66423 -1.3
      vertex 1.99649 -1.89117 2.01
      vertex 1.99649 -1.89117 -1.3
    endloop
  endfacet
  facet normal 0.96355 -0.267528 0
    outer loop
      vertex 2.60605 -0.878078 2.01
      vertex 2.68571 -0.591168 -1.3
      vertex 2.68571 -0.591168 2.01
    endloop
  endfacet
  facet normal 0.96355 -0.267528 0
    outer loop
      vertex 2.68571 -0.591168 -1.3
      vertex 2.60605 -0.878078 2.01
      vertex 2.60605 -0.878078 -1.3
    endloop
  endfacet
  facet normal -0.108139 -0.994136 0
    outer loop
      vertex -0.4449 -2.71377 -1.3
      vertex -0.148882 -2.74597 2.01
      vertex -0.4449 -2.71377 2.01
    endloop
  endfacet
  facet normal -0.108139 -0.994136 -0
    outer loop
      vertex -0.148882 -2.74597 2.01
      vertex -0.4449 -2.71377 -1.3
      vertex -0.148882 -2.74597 -1.3
    endloop
  endfacet
  facet normal 0.928968 -0.37016 0
    outer loop
      vertex 2.49583 -1.15469 2.01
      vertex 2.60605 -0.878078 -1.3
      vertex 2.60605 -0.878078 2.01
    endloop
  endfacet
  facet normal 0.928968 -0.37016 0
    outer loop
      vertex 2.60605 -0.878078 -1.3
      vertex 2.49583 -1.15469 2.01
      vertex 2.49583 -1.15469 -1.3
    endloop
  endfacet
  facet normal 0.96355 0.267528 0
    outer loop
      vertex 2.68571 0.591168 2.01
      vertex 2.60605 0.878078 -1.3
      vertex 2.60605 0.878078 2.01
    endloop
  endfacet
  facet normal 0.96355 0.267528 0
    outer loop
      vertex 2.60605 0.878078 -1.3
      vertex 2.68571 0.591168 2.01
      vertex 2.68571 0.591168 -1.3
    endloop
  endfacet
  facet normal 0.998534 -0.0541369 0
    outer loop
      vertex 2.73388 -0.297327 2.01
      vertex 2.75 0 -1.3
      vertex 2.75 0 2.01
    endloop
  endfacet
  facet normal 0.998534 -0.0541369 0
    outer loop
      vertex 2.75 0 -1.3
      vertex 2.73388 -0.297327 2.01
      vertex 2.73388 -0.297327 -1.3
    endloop
  endfacet
  facet normal -0.96355 0.267528 0
    outer loop
      vertex -2.68571 0.591168 -1.3
      vertex -2.60605 0.878078 2.01
      vertex -2.60605 0.878078 -1.3
    endloop
  endfacet
  facet normal -0.96355 0.267528 0
    outer loop
      vertex -2.60605 0.878078 2.01
      vertex -2.68571 0.591168 -1.3
      vertex -2.68571 0.591168 2.01
    endloop
  endfacet
  facet normal 0.108139 -0.994136 0
    outer loop
      vertex 0.148882 -2.74597 -1.3
      vertex 0.4449 -2.71377 2.01
      vertex 0.148882 -2.74597 2.01
    endloop
  endfacet
  facet normal 0.108139 -0.994136 0
    outer loop
      vertex 0.4449 -2.71377 2.01
      vertex 0.148882 -2.74597 -1.3
      vertex 0.4449 -2.71377 -1.3
    endloop
  endfacet
  facet normal 0.319282 0.94766 -0
    outer loop
      vertex 1.01788 2.55469 -1.3
      vertex 0.735703 2.64976 2.01
      vertex 1.01788 2.55469 2.01
    endloop
  endfacet
  facet normal 0.319282 0.94766 0
    outer loop
      vertex 0.735703 2.64976 2.01
      vertex 1.01788 2.55469 -1.3
      vertex 0.735703 2.64976 -1.3
    endloop
  endfacet
  facet normal 0 1 -0
    outer loop
      vertex 0.148882 2.74597 -1.3
      vertex -0.148882 2.74597 2.01
      vertex 0.148882 2.74597 2.01
    endloop
  endfacet
  facet normal 0 1 0
    outer loop
      vertex -0.148882 2.74597 2.01
      vertex 0.148882 2.74597 -1.3
      vertex -0.148882 2.74597 -1.3
    endloop
  endfacet
  facet normal 0 -1 0
    outer loop
      vertex -0.148882 -2.74597 -1.3
      vertex 0.148882 -2.74597 2.01
      vertex -0.148882 -2.74597 2.01
    endloop
  endfacet
  facet normal 0 -1 -0
    outer loop
      vertex 0.148882 -2.74597 2.01
      vertex -0.148882 -2.74597 -1.3
      vertex 0.148882 -2.74597 -1.3
    endloop
  endfacet
  facet normal 0.605151 -0.79611 0
    outer loop
      vertex 1.54326 -2.27614 -1.3
      vertex 1.78031 -2.09595 2.01
      vertex 1.54326 -2.27614 2.01
    endloop
  endfacet
  facet normal 0.605151 -0.79611 0
    outer loop
      vertex 1.78031 -2.09595 2.01
      vertex 1.54326 -2.27614 -1.3
      vertex 1.78031 -2.09595 -1.3
    endloop
  endfacet
  facet normal 0.419899 0.907571 -0
    outer loop
      vertex 1.28812 2.42966 -1.3
      vertex 1.01788 2.55469 2.01
      vertex 1.28812 2.42966 2.01
    endloop
  endfacet
  facet normal 0.419899 0.907571 0
    outer loop
      vertex 1.01788 2.55469 2.01
      vertex 1.28812 2.42966 -1.3
      vertex 1.01788 2.55469 -1.3
    endloop
  endfacet
  facet normal -0.827695 -0.561178 0
    outer loop
      vertex -2.18926 -1.66423 -1.3
      vertex -2.35636 -1.41777 2.01
      vertex -2.35636 -1.41777 -1.3
    endloop
  endfacet
  facet normal -0.827695 -0.561178 0
    outer loop
      vertex -2.35636 -1.41777 2.01
      vertex -2.18926 -1.66423 -1.3
      vertex -2.18926 -1.66423 2.01
    endloop
  endfacet
  facet normal -0.762153 -0.647397 0
    outer loop
      vertex -1.99649 -1.89117 -1.3
      vertex -2.18926 -1.66423 2.01
      vertex -2.18926 -1.66423 -1.3
    endloop
  endfacet
  facet normal -0.762153 -0.647397 0
    outer loop
      vertex -2.18926 -1.66423 2.01
      vertex -1.99649 -1.89117 -1.3
      vertex -1.99649 -1.89117 2.01
    endloop
  endfacet
  facet normal 0.827695 0.561178 0
    outer loop
      vertex 2.35636 1.41777 2.01
      vertex 2.18926 1.66423 -1.3
      vertex 2.18926 1.66423 2.01
    endloop
  endfacet
  facet normal 0.827695 0.561178 0
    outer loop
      vertex 2.18926 1.66423 -1.3
      vertex 2.35636 1.41777 2.01
      vertex 2.35636 1.41777 -1.3
    endloop
  endfacet
  facet normal 0.883521 0.468392 0
    outer loop
      vertex 2.49583 1.15469 2.01
      vertex 2.35636 1.41777 -1.3
      vertex 2.35636 1.41777 2.01
    endloop
  endfacet
  facet normal 0.883521 0.468392 0
    outer loop
      vertex 2.35636 1.41777 -1.3
      vertex 2.49583 1.15469 2.01
      vertex 2.49583 1.15469 -1.3
    endloop
  endfacet
  facet normal -0.515572 -0.856846 0
    outer loop
      vertex -1.54326 -2.27614 -1.3
      vertex -1.28812 -2.42966 2.01
      vertex -1.54326 -2.27614 2.01
    endloop
  endfacet
  facet normal -0.515572 -0.856846 -0
    outer loop
      vertex -1.28812 -2.42966 2.01
      vertex -1.54326 -2.27614 -1.3
      vertex -1.28812 -2.42966 -1.3
    endloop
  endfacet
  facet normal -0.108139 0.994136 0
    outer loop
      vertex -0.148882 2.74597 -1.3
      vertex -0.4449 2.71377 2.01
      vertex -0.148882 2.74597 2.01
    endloop
  endfacet
  facet normal -0.108139 0.994136 0
    outer loop
      vertex -0.4449 2.71377 2.01
      vertex -0.148882 2.74597 -1.3
      vertex -0.4449 2.71377 -1.3
    endloop
  endfacet
  facet normal 0.986828 -0.161773 0
    outer loop
      vertex 2.68571 -0.591168 2.01
      vertex 2.73388 -0.297327 -1.3
      vertex 2.73388 -0.297327 2.01
    endloop
  endfacet
  facet normal 0.986828 -0.161773 0
    outer loop
      vertex 2.73388 -0.297327 -1.3
      vertex 2.68571 -0.591168 2.01
      vertex 2.68571 -0.591168 -1.3
    endloop
  endfacet
  facet normal -0.687706 0.72599 0
    outer loop
      vertex -1.78031 2.09595 -1.3
      vertex -1.99649 1.89117 2.01
      vertex -1.78031 2.09595 2.01
    endloop
  endfacet
  facet normal -0.687706 0.72599 0
    outer loop
      vertex -1.99649 1.89117 2.01
      vertex -1.78031 2.09595 -1.3
      vertex -1.99649 1.89117 -1.3
    endloop
  endfacet
  facet normal 0.827695 -0.561178 0
    outer loop
      vertex 2.18926 -1.66423 2.01
      vertex 2.35636 -1.41777 -1.3
      vertex 2.35636 -1.41777 2.01
    endloop
  endfacet
  facet normal 0.827695 -0.561178 0
    outer loop
      vertex 2.35636 -1.41777 -1.3
      vertex 2.18926 -1.66423 2.01
      vertex 2.18926 -1.66423 -1.3
    endloop
  endfacet
  facet normal 0.687706 0.72599 -0
    outer loop
      vertex 1.99649 1.89117 -1.3
      vertex 1.78031 2.09595 2.01
      vertex 1.99649 1.89117 2.01
    endloop
  endfacet
  facet normal 0.687706 0.72599 0
    outer loop
      vertex 1.78031 2.09595 2.01
      vertex 1.99649 1.89117 -1.3
      vertex 1.78031 2.09595 -1.3
    endloop
  endfacet
  facet normal 0.214969 0.976621 -0
    outer loop
      vertex 0.735703 2.64976 -1.3
      vertex 0.4449 2.71377 2.01
      vertex 0.735703 2.64976 2.01
    endloop
  endfacet
  facet normal 0.214969 0.976621 0
    outer loop
      vertex 0.4449 2.71377 2.01
      vertex 0.735703 2.64976 -1.3
      vertex 0.4449 2.71377 -1.3
    endloop
  endfacet
  facet normal 0.319282 -0.94766 0
    outer loop
      vertex 0.735703 -2.64976 -1.3
      vertex 1.01788 -2.55469 2.01
      vertex 0.735703 -2.64976 2.01
    endloop
  endfacet
  facet normal 0.319282 -0.94766 0
    outer loop
      vertex 1.01788 -2.55469 2.01
      vertex 0.735703 -2.64976 -1.3
      vertex 1.01788 -2.55469 -1.3
    endloop
  endfacet
  facet normal 0.928968 0.37016 0
    outer loop
      vertex 2.60605 0.878078 2.01
      vertex 2.49583 1.15469 -1.3
      vertex 2.49583 1.15469 2.01
    endloop
  endfacet
  facet normal 0.928968 0.37016 0
    outer loop
      vertex 2.49583 1.15469 -1.3
      vertex 2.60605 0.878078 2.01
      vertex 2.60605 0.878078 -1.3
    endloop
  endfacet
  facet normal -0.214969 0.976621 0
    outer loop
      vertex -0.4449 2.71377 -1.3
      vertex -0.735703 2.64976 2.01
      vertex -0.4449 2.71377 2.01
    endloop
  endfacet
  facet normal -0.214969 0.976621 0
    outer loop
      vertex -0.735703 2.64976 2.01
      vertex -0.4449 2.71377 -1.3
      vertex -0.735703 2.64976 -1.3
    endloop
  endfacet
  facet normal -0.319282 0.94766 0
    outer loop
      vertex -0.735703 2.64976 -1.3
      vertex -1.01788 2.55469 2.01
      vertex -0.735703 2.64976 2.01
    endloop
  endfacet
  facet normal -0.319282 0.94766 0
    outer loop
      vertex -1.01788 2.55469 2.01
      vertex -0.735703 2.64976 -1.3
      vertex -1.01788 2.55469 -1.3
    endloop
  endfacet
  facet normal -0.214969 -0.976621 0
    outer loop
      vertex -0.735703 -2.64976 -1.3
      vertex -0.4449 -2.71377 2.01
      vertex -0.735703 -2.64976 2.01
    endloop
  endfacet
  facet normal -0.214969 -0.976621 -0
    outer loop
      vertex -0.4449 -2.71377 2.01
      vertex -0.735703 -2.64976 -1.3
      vertex -0.4449 -2.71377 -1.3
    endloop
  endfacet
  facet normal 0.214969 -0.976621 0
    outer loop
      vertex 0.4449 -2.71377 -1.3
      vertex 0.735703 -2.64976 2.01
      vertex 0.4449 -2.71377 2.01
    endloop
  endfacet
  facet normal 0.214969 -0.976621 0
    outer loop
      vertex 0.735703 -2.64976 2.01
      vertex 0.4449 -2.71377 -1.3
      vertex 0.735703 -2.64976 -1.3
    endloop
  endfacet
  facet normal -0.515572 0.856846 0
    outer loop
      vertex -1.28812 2.42966 -1.3
      vertex -1.54326 2.27614 2.01
      vertex -1.28812 2.42966 2.01
    endloop
  endfacet
  facet normal -0.515572 0.856846 0
    outer loop
      vertex -1.54326 2.27614 2.01
      vertex -1.28812 2.42966 -1.3
      vertex -1.54326 2.27614 -1.3
    endloop
  endfacet
  facet normal -0.419899 0.907571 0
    outer loop
      vertex -1.01788 2.55469 -1.3
      vertex -1.28812 2.42966 2.01
      vertex -1.01788 2.55469 2.01
    endloop
  endfacet
  facet normal -0.419899 0.907571 0
    outer loop
      vertex -1.28812 2.42966 2.01
      vertex -1.01788 2.55469 -1.3
      vertex -1.28812 2.42966 -1.3
    endloop
  endfacet
  facet normal -0.687706 -0.72599 0
    outer loop
      vertex -1.99649 -1.89117 -1.3
      vertex -1.78031 -2.09595 2.01
      vertex -1.99649 -1.89117 2.01
    endloop
  endfacet
  facet normal -0.687706 -0.72599 -0
    outer loop
      vertex -1.78031 -2.09595 2.01
      vertex -1.99649 -1.89117 -1.3
      vertex -1.78031 -2.09595 -1.3
    endloop
  endfacet
  facet normal -0.998534 -0.0541369 0
    outer loop
      vertex -2.73388 -0.297327 -1.3
      vertex -2.75 0 2.01
      vertex -2.75 0 -1.3
    endloop
  endfacet
  facet normal -0.998534 -0.0541369 0
    outer loop
      vertex -2.75 0 2.01
      vertex -2.73388 -0.297327 -1.3
      vertex -2.73388 -0.297327 2.01
    endloop
  endfacet
  facet normal -0.883521 -0.468392 0
    outer loop
      vertex -2.35636 -1.41777 -1.3
      vertex -2.49583 -1.15469 2.01
      vertex -2.49583 -1.15469 -1.3
    endloop
  endfacet
  facet normal -0.883521 -0.468392 0
    outer loop
      vertex -2.49583 -1.15469 2.01
      vertex -2.35636 -1.41777 -1.3
      vertex -2.35636 -1.41777 2.01
    endloop
  endfacet
  facet normal 0 0 -1
    outer loop
      vertex 2.39999 -1 -1.3
      vertex 2.75 0 -1.3
      vertex 2.73388 -0.297327 -1.3
    endloop
  endfacet
  facet normal 0 0 -1
    outer loop
      vertex 2.39999 -1 -1.3
      vertex 2.73388 -0.297327 -1.3
      vertex 2.68571 -0.591168 -1.3
    endloop
  endfacet
  facet normal 0 0 -1
    outer loop
      vertex 2.39999 1 -1.3
      vertex 2.75 0 -1.3
      vertex 2.39999 -1 -1.3
    endloop
  endfacet
  facet normal 0 0 -1
    outer loop
      vertex 2.39999 -1 -1.3
      vertex 2.68571 -0.591168 -1.3
      vertex 2.60605 -0.878078 -1.3
    endloop
  endfacet
  facet normal 0 0 -1
    outer loop
      vertex 2.75 0 -1.3
      vertex 2.39999 1 -1.3
      vertex 2.73388 0.297327 -1.3
    endloop
  endfacet
  facet normal 0 0 -1
    outer loop
      vertex 2.39999 -1 -1.3
      vertex 2.60605 -0.878078 -1.3
      vertex 2.49583 -1.15469 -1.3
    endloop
  endfacet
  facet normal 0 0 -1
    outer loop
      vertex 2.73388 0.297327 -1.3
      vertex 2.39999 1 -1.3
      vertex 2.68571 0.591168 -1.3
    endloop
  endfacet
  facet normal 0 0 -1
    outer loop
      vertex 2.68571 0.591168 -1.3
      vertex 2.39999 1 -1.3
      vertex 2.60605 0.878078 -1.3
    endloop
  endfacet
  facet normal 0 0 -1
    outer loop
      vertex 2.35636 -1.41777 -1.3
      vertex 2.39999 -1 -1.3
      vertex 2.49583 -1.15469 -1.3
    endloop
  endfacet
  facet normal 0 0 -1
    outer loop
      vertex 2.18926 -1.66423 -1.3
      vertex 2.39999 -1 -1.3
      vertex 2.35636 -1.41777 -1.3
    endloop
  endfacet
  facet normal 0 0 -1
    outer loop
      vertex 1.99649 -1.89117 -1.3
      vertex 2.39999 -1 -1.3
      vertex 2.18926 -1.66423 -1.3
    endloop
  endfacet
  facet normal 0 0 -1
    outer loop
      vertex 0.949997 -2.39999 -1.3
      vertex 1.99649 -1.89117 -1.3
      vertex 1.78031 -2.09595 -1.3
    endloop
  endfacet
  facet normal 0 0 -1
    outer loop
      vertex 0.949997 -2.39999 -1.3
      vertex 1.78031 -2.09595 -1.3
      vertex 1.54326 -2.27614 -1.3
    endloop
  endfacet
  facet normal 0 0 -1
    outer loop
      vertex 0.949997 -2.39999 -1.3
      vertex 1.54326 -2.27614 -1.3
      vertex 1.28812 -2.42966 -1.3
    endloop
  endfacet
  facet normal 0 0 -1
    outer loop
      vertex 0.949997 -2.39999 -1.3
      vertex 1.28812 -2.42966 -1.3
      vertex 1.01788 -2.55469 -1.3
    endloop
  endfacet
  facet normal -0 0 -1
    outer loop
      vertex 1.99649 -1.89117 -1.3
      vertex 0.949997 -2.39999 -1.3
      vertex 2.39999 -1 -1.3
    endloop
  endfacet
  facet normal 0 0 -1
    outer loop
      vertex 0.735703 -2.64976 -1.3
      vertex 0.949997 -2.39999 -1.3
      vertex 1.01788 -2.55469 -1.3
    endloop
  endfacet
  facet normal 0 0 -1
    outer loop
      vertex 0.4449 -2.71377 -1.3
      vertex 0.949997 -2.39999 -1.3
      vertex 0.735703 -2.64976 -1.3
    endloop
  endfacet
  facet normal 0 0 -1
    outer loop
      vertex 0.148882 -2.74597 -1.3
      vertex 0.949997 -2.39999 -1.3
      vertex 0.4449 -2.71377 -1.3
    endloop
  endfacet
  facet normal 0 0 -1
    outer loop
      vertex -0.148882 -2.74597 -1.3
      vertex 0.949997 -2.39999 -1.3
      vertex 0.148882 -2.74597 -1.3
    endloop
  endfacet
  facet normal 0 0 -1
    outer loop
      vertex -0.949997 -2.39999 -1.3
      vertex -0.148882 -2.74597 -1.3
      vertex -0.4449 -2.71377 -1.3
    endloop
  endfacet
  facet normal 0 0 -1
    outer loop
      vertex -0.949997 -2.39999 -1.3
      vertex -0.4449 -2.71377 -1.3
      vertex -0.735703 -2.64976 -1.3
    endloop
  endfacet
  facet normal 0 0 -1
    outer loop
      vertex -0.148882 -2.74597 -1.3
      vertex -0.949997 -2.39999 -1.3
      vertex 0.949997 -2.39999 -1.3
    endloop
  endfacet
  facet normal 0 0 -1
    outer loop
      vertex -1.01788 -2.55469 -1.3
      vertex -0.949997 -2.39999 -1.3
      vertex -0.735703 -2.64976 -1.3
    endloop
  endfacet
  facet normal 0 0 -1
    outer loop
      vertex -1.28812 -2.42966 -1.3
      vertex -0.949997 -2.39999 -1.3
      vertex -1.01788 -2.55469 -1.3
    endloop
  endfacet
  facet normal 0 0 -1
    outer loop
      vertex -1.54326 -2.27614 -1.3
      vertex -0.949997 -2.39999 -1.3
      vertex -1.28812 -2.42966 -1.3
    endloop
  endfacet
  facet normal 0 0 -1
    outer loop
      vertex -1.78031 -2.09595 -1.3
      vertex -0.949997 -2.39999 -1.3
      vertex -1.54326 -2.27614 -1.3
    endloop
  endfacet
  facet normal 0 0 -1
    outer loop
      vertex -1.99649 -1.89117 -1.3
      vertex -0.949997 -2.39999 -1.3
      vertex -1.78031 -2.09595 -1.3
    endloop
  endfacet
  facet normal 0 0 -1
    outer loop
      vertex -2.39999 -1 -1.3
      vertex -1.99649 -1.89117 -1.3
      vertex -2.18926 -1.66423 -1.3
    endloop
  endfacet
  facet normal 0 0 -1
    outer loop
      vertex -2.39999 -1 -1.3
      vertex -2.18926 -1.66423 -1.3
      vertex -2.35636 -1.41777 -1.3
    endloop
  endfacet
  facet normal 0 0 -1
    outer loop
      vertex -1.99649 -1.89117 -1.3
      vertex -2.39999 -1 -1.3
      vertex -0.949997 -2.39999 -1.3
    endloop
  endfacet
  facet normal 0 0 -1
    outer loop
      vertex -2.60605 -0.878078 -1.3
      vertex -2.39999 -1 -1.3
      vertex -2.49583 -1.15469 -1.3
    endloop
  endfacet
  facet normal 0 0 -1
    outer loop
      vertex -2.49583 -1.15469 -1.3
      vertex -2.39999 -1 -1.3
      vertex -2.35636 -1.41777 -1.3
    endloop
  endfacet
  facet normal 0 0 -1
    outer loop
      vertex 2.60605 0.878078 -1.3
      vertex 2.39999 1 -1.3
      vertex 2.49583 1.15469 -1.3
    endloop
  endfacet
  facet normal 0 0 -1
    outer loop
      vertex 2.39999 1 -1.3
      vertex 2.35636 1.41777 -1.3
      vertex 2.49583 1.15469 -1.3
    endloop
  endfacet
  facet normal 0 0 -1
    outer loop
      vertex 2.39999 1 -1.3
      vertex 2.18926 1.66423 -1.3
      vertex 2.35636 1.41777 -1.3
    endloop
  endfacet
  facet normal 0 0 -1
    outer loop
      vertex 2.39999 1 -1.3
      vertex 1.99649 1.89117 -1.3
      vertex 2.18926 1.66423 -1.3
    endloop
  endfacet
  facet normal 0 0 -1
    outer loop
      vertex 0.949997 2.39999 -1.3
      vertex 1.99649 1.89117 -1.3
      vertex 2.39999 1 -1.3
    endloop
  endfacet
  facet normal 0 0 -1
    outer loop
      vertex 1.99649 1.89117 -1.3
      vertex 0.949997 2.39999 -1.3
      vertex 1.78031 2.09595 -1.3
    endloop
  endfacet
  facet normal 0 0 -1
    outer loop
      vertex 1.78031 2.09595 -1.3
      vertex 0.949997 2.39999 -1.3
      vertex 1.54326 2.27614 -1.3
    endloop
  endfacet
  facet normal 0 0 -1
    outer loop
      vertex 1.54326 2.27614 -1.3
      vertex 0.949997 2.39999 -1.3
      vertex 1.28812 2.42966 -1.3
    endloop
  endfacet
  facet normal -0 0 -1
    outer loop
      vertex 1.28812 2.42966 -1.3
      vertex 0.949997 2.39999 -1.3
      vertex 1.01788 2.55469 -1.3
    endloop
  endfacet
  facet normal 0 0 -1
    outer loop
      vertex 0.949997 2.39999 -1.3
      vertex 0.735703 2.64976 -1.3
      vertex 1.01788 2.55469 -1.3
    endloop
  endfacet
  facet normal 0 0 -1
    outer loop
      vertex 0.949997 2.39999 -1.3
      vertex 0.4449 2.71377 -1.3
      vertex 0.735703 2.64976 -1.3
    endloop
  endfacet
  facet normal 0 0 -1
    outer loop
      vertex 0.949997 2.39999 -1.3
      vertex 0.148882 2.74597 -1.3
      vertex 0.4449 2.71377 -1.3
    endloop
  endfacet
  facet normal 0 0 -1
    outer loop
      vertex 0.949997 2.39999 -1.3
      vertex -0.148882 2.74597 -1.3
      vertex 0.148882 2.74597 -1.3
    endloop
  endfacet
  facet normal 0 0 -1
    outer loop
      vertex -0.949997 2.39999 -1.3
      vertex -0.148882 2.74597 -1.3
      vertex 0.949997 2.39999 -1.3
    endloop
  endfacet
  facet normal 0 0 -1
    outer loop
      vertex -0.148882 2.74597 -1.3
      vertex -0.949997 2.39999 -1.3
      vertex -0.4449 2.71377 -1.3
    endloop
  endfacet
  facet normal 0 0 -1
    outer loop
      vertex -0.4449 2.71377 -1.3
      vertex -0.949997 2.39999 -1.3
      vertex -0.735703 2.64976 -1.3
    endloop
  endfacet
  facet normal 0 0 -1
    outer loop
      vertex -0.949997 2.39999 -1.3
      vertex -1.01788 2.55469 -1.3
      vertex -0.735703 2.64976 -1.3
    endloop
  endfacet
  facet normal 0 0 -1
    outer loop
      vertex -0.949997 2.39999 -1.3
      vertex -1.28812 2.42966 -1.3
      vertex -1.01788 2.55469 -1.3
    endloop
  endfacet
  facet normal -0 0 -1
    outer loop
      vertex -0.949997 2.39999 -1.3
      vertex -1.54326 2.27614 -1.3
      vertex -1.28812 2.42966 -1.3
    endloop
  endfacet
  facet normal 0 0 -1
    outer loop
      vertex -0.949997 2.39999 -1.3
      vertex -1.78031 2.09595 -1.3
      vertex -1.54326 2.27614 -1.3
    endloop
  endfacet
  facet normal 0 0 -1
    outer loop
      vertex -0.949997 2.39999 -1.3
      vertex -1.99649 1.89117 -1.3
      vertex -1.78031 2.09595 -1.3
    endloop
  endfacet
  facet normal 0 0 -1
    outer loop
      vertex -2.39999 1 -1.3
      vertex -1.99649 1.89117 -1.3
      vertex -0.949997 2.39999 -1.3
    endloop
  endfacet
  facet normal 0 0 -1
    outer loop
      vertex -1.99649 1.89117 -1.3
      vertex -2.39999 1 -1.3
      vertex -2.18926 1.66423 -1.3
    endloop
  endfacet
  facet normal 0 0 -1
    outer loop
      vertex -2.18926 1.66423 -1.3
      vertex -2.39999 1 -1.3
      vertex -2.35636 1.41777 -1.3
    endloop
  endfacet
  facet normal 0 0 -1
    outer loop
      vertex -2.39999 1 -1.3
      vertex -2.49583 1.15469 -1.3
      vertex -2.35636 1.41777 -1.3
    endloop
  endfacet
  facet normal 0 0 -1
    outer loop
      vertex -2.68571 -0.591168 -1.3
      vertex -2.39999 -1 -1.3
      vertex -2.60605 -0.878078 -1.3
    endloop
  endfacet
  facet normal 0 0 -1
    outer loop
      vertex -2.73388 -0.297327 -1.3
      vertex -2.39999 -1 -1.3
      vertex -2.68571 -0.591168 -1.3
    endloop
  endfacet
  facet normal -0 0 -1
    outer loop
      vertex -2.39999 1 -1.3
      vertex -2.60605 0.878078 -1.3
      vertex -2.49583 1.15469 -1.3
    endloop
  endfacet
  facet normal 0 0 -1
    outer loop
      vertex -2.75 0 -1.3
      vertex -2.39999 -1 -1.3
      vertex -2.73388 -0.297327 -1.3
    endloop
  endfacet
  facet normal 0 0 -1
    outer loop
      vertex -2.39999 1 -1.3
      vertex -2.68571 0.591168 -1.3
      vertex -2.60605 0.878078 -1.3
    endloop
  endfacet
  facet normal 0 0 -1
    outer loop
      vertex -2.39999 -1 -1.3
      vertex -2.75 0 -1.3
      vertex -2.39999 1 -1.3
    endloop
  endfacet
  facet normal 0 0 -1
    outer loop
      vertex -2.39999 1 -1.3
      vertex -2.73388 0.297327 -1.3
      vertex -2.68571 0.591168 -1.3
    endloop
  endfacet
  facet normal 0 0 -1
    outer loop
      vertex -2.39999 1 -1.3
      vertex -2.75 0 -1.3
      vertex -2.73388 0.297327 -1.3
    endloop
  endfacet
  facet normal -0.883521 0.468392 0
    outer loop
      vertex -2.49583 1.15469 -1.3
      vertex -2.35636 1.41777 2.01
      vertex -2.35636 1.41777 -1.3
    endloop
  endfacet
  facet normal -0.883521 0.468392 0
    outer loop
      vertex -2.35636 1.41777 2.01
      vertex -2.49583 1.15469 -1.3
      vertex -2.49583 1.15469 2.01
    endloop
  endfacet
  facet normal -0.928968 -0.37016 0
    outer loop
      vertex -2.49583 -1.15469 -1.3
      vertex -2.60605 -0.878078 2.01
      vertex -2.60605 -0.878078 -1.3
    endloop
  endfacet
  facet normal -0.928968 -0.37016 0
    outer loop
      vertex -2.60605 -0.878078 2.01
      vertex -2.49583 -1.15469 -1.3
      vertex -2.49583 -1.15469 2.01
    endloop
  endfacet
  facet normal 0.762153 0.647397 0
    outer loop
      vertex 2.18926 1.66423 2.01
      vertex 1.99649 1.89117 -1.3
      vertex 1.99649 1.89117 2.01
    endloop
  endfacet
  facet normal 0.762153 0.647397 0
    outer loop
      vertex 1.99649 1.89117 -1.3
      vertex 2.18926 1.66423 2.01
      vertex 2.18926 1.66423 -1.3
    endloop
  endfacet
  facet normal 0.687706 -0.72599 0
    outer loop
      vertex 1.78031 -2.09595 -1.3
      vertex 1.99649 -1.89117 2.01
      vertex 1.78031 -2.09595 2.01
    endloop
  endfacet
  facet normal 0.687706 -0.72599 0
    outer loop
      vertex 1.99649 -1.89117 2.01
      vertex 1.78031 -2.09595 -1.3
      vertex 1.99649 -1.89117 -1.3
    endloop
  endfacet
  facet normal -0.986828 -0.161773 0
    outer loop
      vertex -2.68571 -0.591168 -1.3
      vertex -2.73388 -0.297327 2.01
      vertex -2.73388 -0.297327 -1.3
    endloop
  endfacet
  facet normal -0.986828 -0.161773 0
    outer loop
      vertex -2.73388 -0.297327 2.01
      vertex -2.68571 -0.591168 -1.3
      vertex -2.68571 -0.591168 2.01
    endloop
  endfacet
  facet normal -0.986828 0.161773 0
    outer loop
      vertex -2.73388 0.297327 -1.3
      vertex -2.68571 0.591168 2.01
      vertex -2.68571 0.591168 -1.3
    endloop
  endfacet
  facet normal -0.986828 0.161773 0
    outer loop
      vertex -2.68571 0.591168 2.01
      vertex -2.73388 0.297327 -1.3
      vertex -2.73388 0.297327 2.01
    endloop
  endfacet
  facet normal -0.762153 0.647397 0
    outer loop
      vertex -2.18926 1.66423 -1.3
      vertex -1.99649 1.89117 2.01
      vertex -1.99649 1.89117 -1.3
    endloop
  endfacet
  facet normal -0.762153 0.647397 0
    outer loop
      vertex -1.99649 1.89117 2.01
      vertex -2.18926 1.66423 -1.3
      vertex -2.18926 1.66423 2.01
    endloop
  endfacet
  facet normal 0.108139 0.994136 -0
    outer loop
      vertex 0.4449 2.71377 -1.3
      vertex 0.148882 2.74597 2.01
      vertex 0.4449 2.71377 2.01
    endloop
  endfacet
  facet normal 0.108139 0.994136 0
    outer loop
      vertex 0.148882 2.74597 2.01
      vertex 0.4449 2.71377 -1.3
      vertex 0.148882 2.74597 -1.3
    endloop
  endfacet
  facet normal -0.928968 0.37016 0
    outer loop
      vertex -2.60605 0.878078 -1.3
      vertex -2.49583 1.15469 2.01
      vertex -2.49583 1.15469 -1.3
    endloop
  endfacet
  facet normal -0.928968 0.37016 0
    outer loop
      vertex -2.49583 1.15469 2.01
      vertex -2.60605 0.878078 -1.3
      vertex -2.60605 0.878078 2.01
    endloop
  endfacet
  facet normal 0.883521 -0.468392 0
    outer loop
      vertex 2.35636 -1.41777 2.01
      vertex 2.49583 -1.15469 -1.3
      vertex 2.49583 -1.15469 2.01
    endloop
  endfacet
  facet normal 0.883521 -0.468392 0
    outer loop
      vertex 2.49583 -1.15469 -1.3
      vertex 2.35636 -1.41777 2.01
      vertex 2.35636 -1.41777 -1.3
    endloop
  endfacet
  facet normal -0.419899 -0.907571 0
    outer loop
      vertex -1.28812 -2.42966 -1.3
      vertex -1.01788 -2.55469 2.01
      vertex -1.28812 -2.42966 2.01
    endloop
  endfacet
  facet normal -0.419899 -0.907571 -0
    outer loop
      vertex -1.01788 -2.55469 2.01
      vertex -1.28812 -2.42966 -1.3
      vertex -1.01788 -2.55469 -1.3
    endloop
  endfacet
  facet normal -0.605151 -0.79611 0
    outer loop
      vertex -1.78031 -2.09595 -1.3
      vertex -1.54326 -2.27614 2.01
      vertex -1.78031 -2.09595 2.01
    endloop
  endfacet
  facet normal -0.605151 -0.79611 -0
    outer loop
      vertex -1.54326 -2.27614 2.01
      vertex -1.78031 -2.09595 -1.3
      vertex -1.54326 -2.27614 -1.3
    endloop
  endfacet
  facet normal 0 1 -0
    outer loop
      vertex 2.04999 -0.649994 -0.79
      vertex 0.599991 -0.649994 2.01
      vertex 2.04999 -0.649994 2.01
    endloop
  endfacet
  facet normal 0 1 0
    outer loop
      vertex 0.599991 -0.649994 2.01
      vertex 2.04999 -0.649994 -0.79
      vertex 0.599991 -0.649994 -0.79
    endloop
  endfacet
  facet normal -1 0 0
    outer loop
      vertex 2.04999 -0.649994 -0.79
      vertex 2.04999 0.649994 2.01
      vertex 2.04999 0.649994 -0.79
    endloop
  endfacet
  facet normal -1 -0 0
    outer loop
      vertex 2.04999 0.649994 2.01
      vertex 2.04999 -0.649994 -0.79
      vertex 2.04999 -0.649994 2.01
    endloop
  endfacet
  facet normal 0 -1 0
    outer loop
      vertex 0.599991 0.649994 -0.79
      vertex 2.04999 0.649994 2.01
      vertex 0.599991 0.649994 2.01
    endloop
  endfacet
  facet normal 0 -1 -0
    outer loop
      vertex 2.04999 0.649994 2.01
      vertex 0.599991 0.649994 -0.79
      vertex 2.04999 0.649994 -0.79
    endloop
  endfacet
  facet normal -1 0 0
    outer loop
      vertex 0.599991 0.649994 -0.79
      vertex 0.599991 2.04999 2.01
      vertex 0.599991 2.04999 -0.79
    endloop
  endfacet
  facet normal -1 -0 0
    outer loop
      vertex 0.599991 2.04999 2.01
      vertex 0.599991 0.649994 -0.79
      vertex 0.599991 0.649994 2.01
    endloop
  endfacet
  facet normal 0 -1 0
    outer loop
      vertex -0.599991 2.04999 -0.79
      vertex 0.599991 2.04999 2.01
      vertex -0.599991 2.04999 2.01
    endloop
  endfacet
  facet normal 0 -1 -0
    outer loop
      vertex 0.599991 2.04999 2.01
      vertex -0.599991 2.04999 -0.79
      vertex 0.599991 2.04999 -0.79
    endloop
  endfacet
  facet normal 1 -0 0
    outer loop
      vertex -0.599991 0.649994 2.01
      vertex -0.599991 2.04999 -0.79
      vertex -0.599991 2.04999 2.01
    endloop
  endfacet
  facet normal 1 0 0
    outer loop
      vertex -0.599991 2.04999 -0.79
      vertex -0.599991 0.649994 2.01
      vertex -0.599991 0.649994 -0.79
    endloop
  endfacet
  facet normal 0 -1 0
    outer loop
      vertex -2.04999 0.649994 -0.79
      vertex -0.599991 0.649994 2.01
      vertex -2.04999 0.649994 2.01
    endloop
  endfacet
  facet normal 0 -1 -0
    outer loop
      vertex -0.599991 0.649994 2.01
      vertex -2.04999 0.649994 -0.79
      vertex -0.599991 0.649994 -0.79
    endloop
  endfacet
  facet normal 1 -0 0
    outer loop
      vertex -2.04999 -0.649994 2.01
      vertex -2.04999 0.649994 -0.79
      vertex -2.04999 0.649994 2.01
    endloop
  endfacet
  facet normal 1 0 0
    outer loop
      vertex -2.04999 0.649994 -0.79
      vertex -2.04999 -0.649994 2.01
      vertex -2.04999 -0.649994 -0.79
    endloop
  endfacet
  facet normal 0 1 -0
    outer loop
      vertex -0.599991 -0.649994 -0.79
      vertex -2.04999 -0.649994 2.01
      vertex -0.599991 -0.649994 2.01
    endloop
  endfacet
  facet normal 0 1 0
    outer loop
      vertex -2.04999 -0.649994 2.01
      vertex -0.599991 -0.649994 -0.79
      vertex -2.04999 -0.649994 -0.79
    endloop
  endfacet
  facet normal 1 -0 0
    outer loop
      vertex -0.599991 -2.04999 2.01
      vertex -0.599991 -0.649994 -0.79
      vertex -0.599991 -0.649994 2.01
    endloop
  endfacet
  facet normal 1 0 0
    outer loop
      vertex -0.599991 -0.649994 -0.79
      vertex -0.599991 -2.04999 2.01
      vertex -0.599991 -2.04999 -0.79
    endloop
  endfacet
  facet normal 0 1 -0
    outer loop
      vertex 0.599991 -2.04999 -0.79
      vertex -0.599991 -2.04999 2.01
      vertex 0.599991 -2.04999 2.01
    endloop
  endfacet
  facet normal 0 1 0
    outer loop
      vertex -0.599991 -2.04999 2.01
      vertex 0.599991 -2.04999 -0.79
      vertex -0.599991 -2.04999 -0.79
    endloop
  endfacet
  facet normal -1 0 0
    outer loop
      vertex 0.599991 -2.04999 -0.79
      vertex 0.599991 -0.649994 2.01
      vertex 0.599991 -0.649994 -0.79
    endloop
  endfacet
  facet normal -1 -0 0
    outer loop
      vertex 0.599991 -0.649994 2.01
      vertex 0.599991 -2.04999 -0.79
      vertex 0.599991 -2.04999 2.01
    endloop
  endfacet
  facet normal 0 -0.824513 -0.565842
    outer loop
      vertex -0.949997 2.39999 -1.3
      vertex 0.599991 2.04999 -0.79
      vertex -0.599991 2.04999 -0.79
    endloop
  endfacet
  facet normal 0 -0.824513 -0.565842
    outer loop
      vertex 0.599991 2.04999 -0.79
      vertex -0.949997 2.39999 -1.3
      vertex 0.949997 2.39999 -1.3
    endloop
  endfacet
  facet normal 0.824513 0 -0.565842
    outer loop
      vertex -2.04999 -0.649994 -0.79
      vertex -2.39999 1 -1.3
      vertex -2.04999 0.649994 -0.79
    endloop
  endfacet
  facet normal 0.824513 0 -0.565842
    outer loop
      vertex -2.39999 1 -1.3
      vertex -2.04999 -0.649994 -0.79
      vertex -2.39999 -1 -1.3
    endloop
  endfacet
  facet normal 0 0.824513 -0.565842
    outer loop
      vertex 0.949997 -2.39999 -1.3
      vertex -0.599991 -2.04999 -0.79
      vertex 0.599991 -2.04999 -0.79
    endloop
  endfacet
  facet normal 0 0.824513 -0.565842
    outer loop
      vertex -0.599991 -2.04999 -0.79
      vertex 0.949997 -2.39999 -1.3
      vertex -0.949997 -2.39999 -1.3
    endloop
  endfacet
  facet normal 0.498475 -0.516278 -0.696405
    outer loop
      vertex -2.04999 0.649994 -0.79
      vertex -0.949997 2.39999 -1.3
      vertex -0.599991 2.04999 -0.79
    endloop
  endfacet
  facet normal 0.498474 -0.516278 -0.696405
    outer loop
      vertex -0.949997 2.39999 -1.3
      vertex -2.04999 0.649994 -0.79
      vertex -2.39999 1 -1.3
    endloop
  endfacet
  facet normal -0.498474 -0.516278 -0.696405
    outer loop
      vertex 2.04999 0.649994 -0.79
      vertex 0.949997 2.39999 -1.3
      vertex 2.39999 1 -1.3
    endloop
  endfacet
  facet normal -0.498475 -0.516278 -0.696405
    outer loop
      vertex 0.949997 2.39999 -1.3
      vertex 2.04999 0.649994 -0.79
      vertex 0.599991 2.04999 -0.79
    endloop
  endfacet
  facet normal -0.824513 0 -0.565842
    outer loop
      vertex 2.39999 1 -1.3
      vertex 2.04999 -0.649994 -0.79
      vertex 2.04999 0.649994 -0.79
    endloop
  endfacet
  facet normal -0.824513 0 -0.565842
    outer loop
      vertex 2.04999 -0.649994 -0.79
      vertex 2.39999 1 -1.3
      vertex 2.39999 -1 -1.3
    endloop
  endfacet
  facet normal 0.498475 0.516278 -0.696405
    outer loop
      vertex -0.949997 -2.39999 -1.3
      vertex -2.04999 -0.649994 -0.79
      vertex -0.599991 -2.04999 -0.79
    endloop
  endfacet
  facet normal 0.498474 0.516278 -0.696405
    outer loop
      vertex -2.04999 -0.649994 -0.79
      vertex -0.949997 -2.39999 -1.3
      vertex -2.39999 -1 -1.3
    endloop
  endfacet
  facet normal -0.498474 0.516278 -0.696405
    outer loop
      vertex 0.949997 -2.39999 -1.3
      vertex 2.04999 -0.649994 -0.79
      vertex 2.39999 -1 -1.3
    endloop
  endfacet
  facet normal -0.498475 0.516278 -0.696405
    outer loop
      vertex 2.04999 -0.649994 -0.79
      vertex 0.949997 -2.39999 -1.3
      vertex 0.599991 -2.04999 -0.79
    endloop
  endfacet
  facet normal 0 0 -1
    outer loop
      vertex 0.599991 2.04999 -0.79
      vertex 2.04999 0.649994 -0.79
      vertex 0.599991 0.649994 -0.79
    endloop
  endfacet
  facet normal 0 -0 -1
    outer loop
      vertex -0.599991 2.04999 -0.79
      vertex -0.599991 0.649994 -0.79
      vertex -2.04999 0.649994 -0.79
    endloop
  endfacet
  facet normal 0 0 -1
    outer loop
      vertex 0.599991 -0.649994 -0.79
      vertex 2.04999 -0.649994 -0.79
      vertex 0.599991 -2.04999 -0.79
    endloop
  endfacet
  facet normal -0 -0 -1
    outer loop
      vertex -0.599991 -0.649994 -0.79
      vertex -0.599991 -2.04999 -0.79
      vertex -2.04999 -0.649994 -0.79
    endloop
  endfacet
endsolid OpenSCAD_Model
