solid OpenSCAD_Model
  facet normal 0 -1 0
    outer loop
      vertex -5.75998 -1.5 5.8
      vertex 5.74998 -1.5 5.81
      vertex -5.74998 -1.5 5.81
    endloop
  endfacet
  facet normal 0 -1 -0
    outer loop
      vertex 5.74998 -1.5 5.81
      vertex -5.75998 -1.5 5.8
      vertex 5.75998 -1.5 5.8
    endloop
  endfacet
  facet normal 0 -0.0523327 0.99863
    outer loop
      vertex -5.7746 -2.33759 5.78538
      vertex 5.81845 -3.17416 5.74154
      vertex 5.7746 -2.33759 5.78538
    endloop
  endfacet
  facet normal 0 -0.0523327 0.99863
    outer loop
      vertex 5.81845 -3.17416 5.74154
      vertex -5.7746 -2.33759 5.78538
      vertex -5.81845 -3.17416 5.74154
    endloop
  endfacet
  facet normal 0 -0.0871545 0.996195
    outer loop
      vertex -5.81845 -3.17416 5.74154
      vertex 5.89146 -4.00868 5.66853
      vertex 5.81845 -3.17416 5.74154
    endloop
  endfacet
  facet normal 0 -0.0871545 0.996195
    outer loop
      vertex 5.89146 -4.00868 5.66853
      vertex -5.81845 -3.17416 5.74154
      vertex -5.89146 -4.00868 5.66853
    endloop
  endfacet
  facet normal 0 -0.0174522 0.999848
    outer loop
      vertex -5.75998 -1.5 5.8
      vertex 5.7746 -2.33759 5.78538
      vertex 5.75998 -1.5 5.8
    endloop
  endfacet
  facet normal 0 -0.0174522 0.999848
    outer loop
      vertex 5.7746 -2.33759 5.78538
      vertex -5.75998 -1.5 5.8
      vertex -5.7746 -2.33759 5.78538
    endloop
  endfacet
  facet normal 0.000298265 -0.325576 0.945516
    outer loop
      vertex 6.81562 -8.91641 4.62536
      vertex 6.80673 -9.33685 4.48059
      vertex 6.82253 -8.99316 4.59893
    endloop
  endfacet
  facet normal -8.92372e-05 -0.325568 0.945519
    outer loop
      vertex 6.72751 -9.70848 4.35262
      vertex 6.80673 -9.33685 4.48059
      vertex 6.81562 -8.91641 4.62536
    endloop
  endfacet
  facet normal -3.44092e-05 -0.325579 0.945515
    outer loop
      vertex 6.80673 -9.33685 4.48059
      vertex 6.72751 -9.70848 4.35262
      vertex 6.74375 -9.66341 4.36814
    endloop
  endfacet
  facet normal 0 -0.325577 0.945515
    outer loop
      vertex 6.81562 -8.91641 4.62536
      vertex -6.72751 -9.70848 4.35262
      vertex 6.72751 -9.70848 4.35262
    endloop
  endfacet
  facet normal 0 -0.325577 0.945515
    outer loop
      vertex -6.81562 -8.91641 4.62536
      vertex -6.72751 -9.70848 4.35262
      vertex 6.81562 -8.91641 4.62536
    endloop
  endfacet
  facet normal 8.92372e-05 -0.325568 0.945519
    outer loop
      vertex -6.80673 -9.33685 4.48059
      vertex -6.72751 -9.70848 4.35262
      vertex -6.81562 -8.91641 4.62536
    endloop
  endfacet
  facet normal 3.44092e-05 -0.325579 0.945515
    outer loop
      vertex -6.72751 -9.70848 4.35262
      vertex -6.80673 -9.33685 4.48059
      vertex -6.74375 -9.66341 4.36814
    endloop
  endfacet
  facet normal -0.000298265 -0.325576 0.945516
    outer loop
      vertex -6.80673 -9.33685 4.48059
      vertex -6.81562 -8.91641 4.62536
      vertex -6.82253 -8.99316 4.59893
    endloop
  endfacet
  facet normal 0.000478512 -0.391328 0.920251
    outer loop
      vertex 6.29634 -10.4906 4.05241
      vertex 5.84382 -10.8137 3.91525
      vertex 6.092 -10.6723 3.97525
    endloop
  endfacet
  facet normal -0.000102714 -0.390639 0.920544
    outer loop
      vertex 6.29634 -10.4906 4.05241
      vertex 5.57056 -10.8999 3.87864
      vertex 5.84382 -10.8137 3.91525
    endloop
  endfacet
  facet normal 4.62488e-05 -0.390862 0.920449
    outer loop
      vertex 6.29634 -10.4906 4.05241
      vertex 5.27893 -10.9289 3.86634
      vertex 5.57056 -10.8999 3.87864
    endloop
  endfacet
  facet normal 0 -0.390772 0.920488
    outer loop
      vertex 6.29634 -10.4906 4.05241
      vertex -5.27893 -10.9289 3.86634
      vertex 5.27893 -10.9289 3.86634
    endloop
  endfacet
  facet normal 0 -0.390772 0.920488
    outer loop
      vertex -6.29634 -10.4906 4.05241
      vertex -5.27893 -10.9289 3.86634
      vertex 6.29634 -10.4906 4.05241
    endloop
  endfacet
  facet normal -4.62488e-05 -0.390862 0.920449
    outer loop
      vertex -5.27893 -10.9289 3.86634
      vertex -6.29634 -10.4906 4.05241
      vertex -5.57056 -10.8999 3.87864
    endloop
  endfacet
  facet normal 0.000102714 -0.390639 0.920544
    outer loop
      vertex -5.57056 -10.8999 3.87864
      vertex -6.29634 -10.4906 4.05241
      vertex -5.84382 -10.8137 3.91525
    endloop
  endfacet
  facet normal -0.000478512 -0.391328 0.920251
    outer loop
      vertex -5.84382 -10.8137 3.91525
      vertex -6.29634 -10.4906 4.05241
      vertex -6.092 -10.6723 3.97525
    endloop
  endfacet
  facet normal 1.87365e-05 -0.292362 0.956308
    outer loop
      vertex 6.6897 -8.1153 4.87028
      vertex 6.79639 -8.6464 4.70791
      vertex 6.74998 -8.31247 4.81
    endloop
  endfacet
  facet normal -4.01822e-05 -0.292373 0.956304
    outer loop
      vertex 6.79639 -8.6464 4.70791
      vertex 6.6897 -8.1153 4.87028
      vertex 6.81562 -8.91641 4.62536
    endloop
  endfacet
  facet normal 0 -0.292367 0.956306
    outer loop
      vertex -6.6897 -8.1153 4.87028
      vertex 6.81562 -8.91641 4.62536
      vertex 6.6897 -8.1153 4.87028
    endloop
  endfacet
  facet normal -1.87365e-05 -0.292362 0.956308
    outer loop
      vertex -6.79639 -8.6464 4.70791
      vertex -6.6897 -8.1153 4.87028
      vertex -6.74998 -8.31247 4.81
    endloop
  endfacet
  facet normal 4.01822e-05 -0.292373 0.956304
    outer loop
      vertex -6.6897 -8.1153 4.87028
      vertex -6.79639 -8.6464 4.70791
      vertex -6.81562 -8.91641 4.62536
    endloop
  endfacet
  facet normal 0 -0.292367 0.956306
    outer loop
      vertex -6.6897 -8.1153 4.87028
      vertex -6.81562 -8.91641 4.62536
      vertex 6.81562 -8.91641 4.62536
    endloop
  endfacet
  facet normal 0 -0.190817 0.981626
    outer loop
      vertex -6.1246 -5.66756 5.43539
      vertex 6.28444 -6.48988 5.27554
      vertex 6.1246 -5.66756 5.43539
    endloop
  endfacet
  facet normal 0 -0.190817 0.981626
    outer loop
      vertex 6.28444 -6.48988 5.27554
      vertex -6.1246 -5.66756 5.43539
      vertex -6.28444 -6.48988 5.27554
    endloop
  endfacet
  facet normal 0 -0.25882 0.965926
    outer loop
      vertex -6.47289 -7.30612 5.0871
      vertex 6.6897 -8.1153 4.87028
      vertex 6.47289 -7.30612 5.0871
    endloop
  endfacet
  facet normal 0 -0.25882 0.965926
    outer loop
      vertex 6.6897 -8.1153 4.87028
      vertex -6.47289 -7.30612 5.0871
      vertex -6.6897 -8.1153 4.87028
    endloop
  endfacet
  facet normal -0.000126981 -0.358319 0.933599
    outer loop
      vertex 6.72751 -9.70848 4.35262
      vertex 6.49501 -10.245 4.14667
      vertex 6.64073 -9.97038 4.25209
    endloop
  endfacet
  facet normal 0.000168736 -0.358431 0.933556
    outer loop
      vertex 6.29634 -10.4906 4.05241
      vertex 6.49501 -10.245 4.14667
      vertex 6.72751 -9.70848 4.35262
    endloop
  endfacet
  facet normal 0.000408539 -0.3586 0.933491
    outer loop
      vertex 6.49501 -10.245 4.14667
      vertex 6.29634 -10.4906 4.05241
      vertex 6.30922 -10.4796 4.05663
    endloop
  endfacet
  facet normal 0 -0.358349 0.933588
    outer loop
      vertex 6.72751 -9.70848 4.35262
      vertex -6.29634 -10.4906 4.05241
      vertex 6.29634 -10.4906 4.05241
    endloop
  endfacet
  facet normal 0 -0.358349 0.933588
    outer loop
      vertex -6.72751 -9.70848 4.35262
      vertex -6.29634 -10.4906 4.05241
      vertex 6.72751 -9.70848 4.35262
    endloop
  endfacet
  facet normal -0.000168736 -0.358431 0.933556
    outer loop
      vertex -6.49501 -10.245 4.14667
      vertex -6.29634 -10.4906 4.05241
      vertex -6.72751 -9.70848 4.35262
    endloop
  endfacet
  facet normal -0.000408539 -0.3586 0.933491
    outer loop
      vertex -6.29634 -10.4906 4.05241
      vertex -6.49501 -10.245 4.14667
      vertex -6.30922 -10.4796 4.05663
    endloop
  endfacet
  facet normal 0.000126981 -0.358319 0.933599
    outer loop
      vertex -6.49501 -10.245 4.14667
      vertex -6.72751 -9.70848 4.35262
      vertex -6.64073 -9.97038 4.25209
    endloop
  endfacet
  facet normal 0 -0.121879 0.992545
    outer loop
      vertex -5.89146 -4.00868 5.66853
      vertex 5.99355 -4.84015 5.56643
      vertex 5.89146 -4.00868 5.66853
    endloop
  endfacet
  facet normal 0 -0.121879 0.992545
    outer loop
      vertex 5.99355 -4.84015 5.56643
      vertex -5.89146 -4.00868 5.66853
      vertex -5.99355 -4.84015 5.56643
    endloop
  endfacet
  facet normal 0 -0.156424 0.98769
    outer loop
      vertex -5.99355 -4.84015 5.56643
      vertex 6.1246 -5.66756 5.43539
      vertex 5.99355 -4.84015 5.56643
    endloop
  endfacet
  facet normal 0 -0.156424 0.98769
    outer loop
      vertex 6.1246 -5.66756 5.43539
      vertex -5.99355 -4.84015 5.56643
      vertex -6.1246 -5.66756 5.43539
    endloop
  endfacet
  facet normal 0 -0.224947 0.974371
    outer loop
      vertex -6.28444 -6.48988 5.27554
      vertex 6.47289 -7.30612 5.0871
      vertex 6.28444 -6.48988 5.27554
    endloop
  endfacet
  facet normal 0 -0.224947 0.974371
    outer loop
      vertex 6.47289 -7.30612 5.0871
      vertex -6.28444 -6.48988 5.27554
      vertex -6.47289 -7.30612 5.0871
    endloop
  endfacet
  facet normal -0.706015 0.0555586 0.706015
    outer loop
      vertex -6.72659 8.89722 4.81
      vertex -6.74998 8.59999 4.81
      vertex -5.74998 8.59999 5.81
    endloop
  endfacet
  facet normal -0.670885 -0.203507 -0.71309
    outer loop
      vertex -8.23581 -11.174 0
      vertex -8.657 -11.1871 0.4
      vertex -8.32117 -10.8926 0
    endloop
  endfacet
  facet normal -0.640209 0.546818 0.539558
    outer loop
      vertex -8.38713 11.7168 0.41
      vertex -6.1935 9.9435 4.81
      vertex -8.1935 11.9435 0.41
    endloop
  endfacet
  facet normal -0.640233 0.54679 0.539558
    outer loop
      vertex -6.1935 9.9435 4.81
      vertex -8.38713 11.7168 0.41
      vertex -6.38713 9.71678 4.81
    endloop
  endfacet
  facet normal 0.706023 0.0555649 -0.706006
    outer loop
      vertex 8.74998 10.6 0.4
      vertex 8.34999 10.6 0
      vertex 8.72659 10.8972 0.4
    endloop
  endfacet
  facet normal 0.233449 -0.972369 0
    outer loop
      vertex 7.14722 -12.4766 0.4
      vertex 7.43712 -12.407 0.41
      vertex 7.14722 -12.4766 0.41
    endloop
  endfacet
  facet normal 0.233449 -0.972369 0
    outer loop
      vertex 7.43712 -12.407 0.41
      vertex 7.14722 -12.4766 0.4
      vertex 7.43712 -12.407 0.4
    endloop
  endfacet
  facet normal 0 0.7071 0.707114
    outer loop
      vertex 4.84999 10.5 4.81
      vertex -4.84999 9.49998 5.81
      vertex 4.84999 9.49998 5.81
    endloop
  endfacet
  facet normal 0 0.7071 0.707114
    outer loop
      vertex -4.84999 9.49998 5.81
      vertex 4.84999 10.5 4.81
      vertex -4.84999 10.5 4.81
    endloop
  endfacet
  facet normal -0.443105 0.722989 0.530043
    outer loop
      vertex -7.71257 12.2929 0.41
      vertex -5.96678 10.1371 4.81
      vertex -5.71257 10.2929 4.81
    endloop
  endfacet
  facet normal -0.443105 0.722989 0.530043
    outer loop
      vertex -5.96678 10.1371 4.81
      vertex -7.71257 12.2929 0.41
      vertex -7.96678 12.1371 0.41
    endloop
  endfacet
  facet normal 0.707107 0 0.707107
    outer loop
      vertex 5.75998 -1.5 5.8
      vertex 5.74998 8.59999 5.81
      vertex 5.74998 -1.5 5.81
    endloop
  endfacet
  facet normal 0.707107 0 0.707107
    outer loop
      vertex 5.74998 8.59999 5.81
      vertex 5.75998 -1.5 5.8
      vertex 6.74998 8.59999 4.81
    endloop
  endfacet
  facet normal 0.707107 8.60778e-16 0.707107
    outer loop
      vertex 6.74998 -8.31247 4.81
      vertex 5.75998 -1.5 5.8
      vertex 5.7746 -2.33759 5.78538
    endloop
  endfacet
  facet normal 0.707145 1.24493e-05 0.707069
    outer loop
      vertex 6.74998 -8.31247 4.81
      vertex 5.7746 -2.33759 5.78538
      vertex 5.81845 -3.17416 5.74154
    endloop
  endfacet
  facet normal 0.707114 1.28347e-06 0.707099
    outer loop
      vertex 6.74998 -8.31247 4.81
      vertex 5.81845 -3.17416 5.74154
      vertex 5.89146 -4.00868 5.66853
    endloop
  endfacet
  facet normal 0.707062 -1.94896e-05 0.707152
    outer loop
      vertex 6.74998 -8.31247 4.81
      vertex 5.89146 -4.00868 5.66853
      vertex 5.99355 -4.84015 5.56643
    endloop
  endfacet
  facet normal 0.707179 3.13073e-05 0.707035
    outer loop
      vertex 6.74998 -8.31247 4.81
      vertex 5.99355 -4.84015 5.56643
      vertex 6.1246 -5.66756 5.43539
    endloop
  endfacet
  facet normal 0.707036 -3.59802e-05 0.707177
    outer loop
      vertex 6.74998 -8.31247 4.81
      vertex 6.1246 -5.66756 5.43539
      vertex 6.28444 -6.48988 5.27554
    endloop
  endfacet
  facet normal 0.707283 9.01032e-05 0.70693
    outer loop
      vertex 6.74998 -8.31247 4.81
      vertex 6.28444 -6.48988 5.27554
      vertex 6.47289 -7.30612 5.0871
    endloop
  endfacet
  facet normal 0.706991 -7.07112e-05 0.707222
    outer loop
      vertex 6.74998 -8.31247 4.81
      vertex 6.47289 -7.30612 5.0871
      vertex 6.6897 -8.1153 4.87028
    endloop
  endfacet
  facet normal 0.707107 0 0.707107
    outer loop
      vertex 5.75998 -1.5 5.8
      vertex 6.74998 -8.31247 4.81
      vertex 6.74998 8.59999 4.81
    endloop
  endfacet
  facet normal -0.0555817 0.706007 0.706021
    outer loop
      vertex -4.84999 10.5 4.81
      vertex -5.14722 10.4766 4.81
      vertex -4.84999 9.49998 5.81
    endloop
  endfacet
  facet normal 0.700263 0.0689733 -0.710545
    outer loop
      vertex 8.34999 10.6 0
      vertex 8.32117 10.8926 0
      vertex 8.72659 10.8972 0.4
    endloop
  endfacet
  facet normal 0.546743 0.640276 0.539554
    outer loop
      vertex 7.96678 12.1371 0.41
      vertex 6.1935 9.9435 4.81
      vertex 8.1935 11.9435 0.41
    endloop
  endfacet
  facet normal 0.546743 0.640276 0.539554
    outer loop
      vertex 6.1935 9.9435 4.81
      vertex 7.96678 12.1371 0.41
      vertex 5.96678 10.1371 4.81
    endloop
  endfacet
  facet normal 0 -1 0
    outer loop
      vertex -6.84999 -12.5 0.4
      vertex 6.84999 -12.5 0.41
      vertex -6.84999 -12.5 0.41
    endloop
  endfacet
  facet normal 0 -1 -0
    outer loop
      vertex 6.84999 -12.5 0.41
      vertex -6.84999 -12.5 0.4
      vertex 6.84999 -12.5 0.4
    endloop
  endfacet
  facet normal -0.618256 0.330492 -0.713116
    outer loop
      vertex -8.23581 11.174 0
      vertex -8.54291 11.4626 0.4
      vertex -8.0972 11.4333 0
    endloop
  endfacet
  facet normal -0.707107 0 0.707107
    outer loop
      vertex -6.74998 8.59999 4.81
      vertex -5.75998 -1.5 5.8
      vertex -5.74998 8.59999 5.81
    endloop
  endfacet
  facet normal -0.707107 0 0.707107
    outer loop
      vertex -6.74998 -8.31247 4.81
      vertex -5.75998 -1.5 5.8
      vertex -6.74998 8.59999 4.81
    endloop
  endfacet
  facet normal -0.707107 8.52372e-16 0.707107
    outer loop
      vertex -5.75998 -1.5 5.8
      vertex -6.74998 -8.31247 4.81
      vertex -5.7746 -2.33759 5.78538
    endloop
  endfacet
  facet normal -0.707145 1.24493e-05 0.707069
    outer loop
      vertex -5.7746 -2.33759 5.78538
      vertex -6.74998 -8.31247 4.81
      vertex -5.81845 -3.17416 5.74154
    endloop
  endfacet
  facet normal -0.707114 1.28347e-06 0.707099
    outer loop
      vertex -5.81845 -3.17416 5.74154
      vertex -6.74998 -8.31247 4.81
      vertex -5.89146 -4.00868 5.66853
    endloop
  endfacet
  facet normal -0.707062 -1.94896e-05 0.707152
    outer loop
      vertex -5.89146 -4.00868 5.66853
      vertex -6.74998 -8.31247 4.81
      vertex -5.99355 -4.84015 5.56643
    endloop
  endfacet
  facet normal -0.707179 3.13073e-05 0.707035
    outer loop
      vertex -5.99355 -4.84015 5.56643
      vertex -6.74998 -8.31247 4.81
      vertex -6.1246 -5.66756 5.43539
    endloop
  endfacet
  facet normal -0.707036 -3.59802e-05 0.707177
    outer loop
      vertex -6.1246 -5.66756 5.43539
      vertex -6.74998 -8.31247 4.81
      vertex -6.28444 -6.48988 5.27554
    endloop
  endfacet
  facet normal -0.707283 9.01032e-05 0.70693
    outer loop
      vertex -6.28444 -6.48988 5.27554
      vertex -6.74998 -8.31247 4.81
      vertex -6.47289 -7.30612 5.0871
    endloop
  endfacet
  facet normal -0.706991 -7.07112e-05 0.707222
    outer loop
      vertex -6.47289 -7.30612 5.0871
      vertex -6.74998 -8.31247 4.81
      vertex -6.6897 -8.1153 4.87028
    endloop
  endfacet
  facet normal -0.707107 0 0.707107
    outer loop
      vertex -5.74998 8.59999 5.81
      vertex -5.75998 -1.5 5.8
      vertex -5.74998 -1.5 5.81
    endloop
  endfacet
  facet normal -0.618256 -0.330492 -0.713116
    outer loop
      vertex -8.0972 -11.4333 0
      vertex -8.54291 -11.4626 0.4
      vertex -8.23581 -11.174 0
    endloop
  endfacet
  facet normal 0.706015 0.0555586 0.706015
    outer loop
      vertex 6.72659 8.89722 4.81
      vertex 5.74998 8.59999 5.81
      vertex 6.74998 8.59999 4.81
    endloop
  endfacet
  facet normal 0.459857 0.538526 -0.70606
    outer loop
      vertex 8.1935 11.9435 0.4
      vertex 7.91064 11.6606 0
      vertex 7.96678 12.1371 0.4
    endloop
  endfacet
  facet normal 0.895619 -0.0706046 0.439184
    outer loop
      vertex 8.74998 -10.6 0.41
      vertex 6.81562 -8.91641 4.62536
      vertex 6.82253 -8.99316 4.59893
    endloop
  endfacet
  facet normal 0.895648 -0.0704717 0.439144
    outer loop
      vertex 6.81562 -8.91641 4.62536
      vertex 8.74998 -10.6 0.41
      vertex 6.79639 -8.6464 4.70791
    endloop
  endfacet
  facet normal 0.895644 -0.0704883 0.439151
    outer loop
      vertex 8.74998 -10.6 0.41
      vertex 6.82253 -8.99316 4.59893
      vertex 8.72659 -10.8972 0.41
    endloop
  endfacet
  facet normal 0.539021 0.460351 0.705361
    outer loop
      vertex 6.1935 9.9435 4.81
      vertex 5.56021 9.15279 5.81
      vertex 6.38713 9.71678 4.81
    endloop
  endfacet
  facet normal -0.706023 -0.0555649 -0.706006
    outer loop
      vertex -8.72659 -10.8972 0.4
      vertex -8.74998 -10.6 0.4
      vertex -8.34999 -10.6 0
    endloop
  endfacet
  facet normal 0.270129 0.652122 0.708355
    outer loop
      vertex 5.43712 10.407 4.81
      vertex 5.07092 9.47246 5.81
      vertex 5.71257 10.2929 4.81
    endloop
  endfacet
  facet normal -0.0705105 -0.895634 0.439168
    outer loop
      vertex -6.84999 -12.5 0.41
      vertex -5.57056 -10.8999 3.87864
      vertex -7.14722 -12.4766 0.41
    endloop
  endfacet
  facet normal -0.0705392 -0.895628 0.439176
    outer loop
      vertex -5.57056 -10.8999 3.87864
      vertex -6.84999 -12.5 0.41
      vertex -5.27893 -10.9289 3.86634
    endloop
  endfacet
  facet normal -0.11564 0.693222 0.711386
    outer loop
      vertex -4.84999 9.49998 5.81
      vertex -5.14722 10.4766 4.81
      vertex -5.14223 9.45123 5.81
    endloop
  endfacet
  facet normal 0 -0.910363 0.413811
    outer loop
      vertex -6.84999 -12.5 0.41
      vertex 5.27893 -10.9289 3.86634
      vertex -5.27893 -10.9289 3.86634
    endloop
  endfacet
  facet normal 0 -0.910363 0.413811
    outer loop
      vertex 5.27893 -10.9289 3.86634
      vertex -6.84999 -12.5 0.41
      vertex 6.84999 -12.5 0.41
    endloop
  endfacet
  facet normal -0.203601 0.670859 -0.713088
    outer loop
      vertex -7.42401 11.9858 0
      vertex -7.43712 12.407 0.4
      vertex -7.14262 12.0712 0
    endloop
  endfacet
  facet normal -0.910366 0 0.413803
    outer loop
      vertex -8.74998 10.6 0.41
      vertex -6.74998 -8.31247 4.81
      vertex -6.74998 8.59999 4.81
    endloop
  endfacet
  facet normal -0.910366 0 0.413803
    outer loop
      vertex -8.74998 -10.6 0.41
      vertex -6.74998 -8.31247 4.81
      vertex -8.74998 10.6 0.41
    endloop
  endfacet
  facet normal -0.91037 1.76805e-05 0.413795
    outer loop
      vertex -6.74998 -8.31247 4.81
      vertex -8.74998 -10.6 0.41
      vertex -6.79639 -8.6464 4.70791
    endloop
  endfacet
  facet normal 0.996917 -0.0784586 0
    outer loop
      vertex 8.72659 -10.8972 0.41
      vertex 8.74998 -10.6 0.4
      vertex 8.74998 -10.6 0.41
    endloop
  endfacet
  facet normal 0.996917 -0.0784586 0
    outer loop
      vertex 8.74998 -10.6 0.4
      vertex 8.72659 -10.8972 0.41
      vertex 8.72659 -10.8972 0.4
    endloop
  endfacet
  facet normal -0.68957 0.16553 0.705048
    outer loop
      vertex -6.657 9.18712 4.81
      vertex -6.72659 8.89722 4.81
      vertex -5.72246 8.82092 5.81
    endloop
  endfacet
  facet normal 0.272593 0.65807 -0.701881
    outer loop
      vertex 7.71257 12.2929 0.4
      vertex 7.42401 11.9858 0
      vertex 7.43712 12.407 0.4
    endloop
  endfacet
  facet normal 0.0871486 0.699627 0.709173
    outer loop
      vertex 5.14722 10.4766 4.81
      vertex 4.84999 9.49998 5.81
      vertex 5.07092 9.47246 5.81
    endloop
  endfacet
  facet normal 0.443105 0.722989 0.530043
    outer loop
      vertex 7.71257 12.2929 0.41
      vertex 5.96678 10.1371 4.81
      vertex 7.96678 12.1371 0.41
    endloop
  endfacet
  facet normal 0.443105 0.722989 0.530043
    outer loop
      vertex 5.96678 10.1371 4.81
      vertex 7.71257 12.2929 0.41
      vertex 5.71257 10.2929 4.81
    endloop
  endfacet
  facet normal 0.649376 -0.760468 0
    outer loop
      vertex 7.96678 -12.1371 0.4
      vertex 8.1935 -11.9435 0.41
      vertex 7.96678 -12.1371 0.41
    endloop
  endfacet
  facet normal 0.649376 -0.760468 0
    outer loop
      vertex 8.1935 -11.9435 0.41
      vertex 7.96678 -12.1371 0.4
      vertex 8.1935 -11.9435 0.4
    endloop
  endfacet
  facet normal 0.996917 0.0784586 0
    outer loop
      vertex 8.74998 10.6 0.41
      vertex 8.72659 10.8972 0.4
      vertex 8.72659 10.8972 0.41
    endloop
  endfacet
  facet normal 0.996917 0.0784586 0
    outer loop
      vertex 8.72659 10.8972 0.4
      vertex 8.74998 10.6 0.41
      vertex 8.74998 10.6 0.4
    endloop
  endfacet
  facet normal 0.852631 0.522513 0
    outer loop
      vertex 8.54291 11.4626 0.41
      vertex 8.38713 11.7168 0.4
      vertex 8.38713 11.7168 0.41
    endloop
  endfacet
  facet normal 0.852631 0.522513 0
    outer loop
      vertex 8.38713 11.7168 0.4
      vertex 8.54291 11.4626 0.41
      vertex 8.54291 11.4626 0.4
    endloop
  endfacet
  facet normal 0.69163 0.166025 -0.702911
    outer loop
      vertex 8.72659 10.8972 0.4
      vertex 8.32117 10.8926 0
      vertex 8.657 11.1871 0.4
    endloop
  endfacet
  facet normal -0.0555823 -0.706014 -0.706014
    outer loop
      vertex -6.84999 -12.5 0.4
      vertex -7.14722 -12.4766 0.4
      vertex -6.84999 -12.1 0
    endloop
  endfacet
  facet normal -0.522547 -0.85261 0
    outer loop
      vertex -7.96678 -12.1371 0.4
      vertex -7.71257 -12.2929 0.41
      vertex -7.96678 -12.1371 0.41
    endloop
  endfacet
  facet normal -0.522547 -0.85261 -0
    outer loop
      vertex -7.71257 -12.2929 0.41
      vertex -7.96678 -12.1371 0.4
      vertex -7.71257 -12.2929 0.4
    endloop
  endfacet
  facet normal -0.794353 -0.329031 0.510628
    outer loop
      vertex -8.657 -11.1871 0.41
      vertex -6.74375 -9.66341 4.36814
      vertex -6.80673 -9.33685 4.48059
    endloop
  endfacet
  facet normal -0.794384 -0.32897 0.51062
    outer loop
      vertex -6.74375 -9.66341 4.36814
      vertex -8.657 -11.1871 0.41
      vertex -8.54291 -11.4626 0.41
    endloop
  endfacet
  facet normal -0.0784841 0.996915 0
    outer loop
      vertex -6.84999 12.5 0.4
      vertex -7.14722 12.4766 0.41
      vertex -6.84999 12.5 0.41
    endloop
  endfacet
  facet normal -0.0784841 0.996915 0
    outer loop
      vertex -7.14722 12.4766 0.41
      vertex -6.84999 12.5 0.4
      vertex -7.14722 12.4766 0.4
    endloop
  endfacet
  facet normal -0.723027 -0.443048 0.530039
    outer loop
      vertex -8.54291 -11.4626 0.41
      vertex -6.72751 -9.70848 4.35262
      vertex -6.74375 -9.66341 4.36814
    endloop
  endfacet
  facet normal -0.723038 -0.443031 0.530037
    outer loop
      vertex -6.72751 -9.70848 4.35262
      vertex -8.54291 -11.4626 0.41
      vertex -6.64073 -9.97038 4.25209
    endloop
  endfacet
  facet normal -0.723008 -0.443077 0.53004
    outer loop
      vertex -6.64073 -9.97038 4.25209
      vertex -8.54291 -11.4626 0.41
      vertex -8.38713 -11.7168 0.41
    endloop
  endfacet
  facet normal 0.794353 -0.329031 0.510628
    outer loop
      vertex 6.74375 -9.66341 4.36814
      vertex 8.657 -11.1871 0.41
      vertex 6.80673 -9.33685 4.48059
    endloop
  endfacet
  facet normal 0.794384 -0.32897 0.51062
    outer loop
      vertex 8.657 -11.1871 0.41
      vertex 6.74375 -9.66341 4.36814
      vertex 8.54291 -11.4626 0.41
    endloop
  endfacet
  facet normal 0 0.910366 0.413803
    outer loop
      vertex 6.84999 12.5 0.41
      vertex -4.84999 10.5 4.81
      vertex 4.84999 10.5 4.81
    endloop
  endfacet
  facet normal 0 0.910366 0.413803
    outer loop
      vertex -4.84999 10.5 4.81
      vertex 6.84999 12.5 0.41
      vertex -6.84999 12.5 0.41
    endloop
  endfacet
  facet normal 0.670885 0.203507 -0.71309
    outer loop
      vertex 8.32117 10.8926 0
      vertex 8.23581 11.174 0
      vertex 8.657 11.1871 0.4
    endloop
  endfacet
  facet normal 0 0.707107 -0.707107
    outer loop
      vertex 6.84999 12.1 0
      vertex -6.84999 12.5 0.4
      vertex 6.84999 12.5 0.4
    endloop
  endfacet
  facet normal 0 0.707107 -0.707107
    outer loop
      vertex -6.84999 12.5 0.4
      vertex 6.84999 12.1 0
      vertex -6.84999 12.1 0
    endloop
  endfacet
  facet normal 0.371684 0.606456 -0.702895
    outer loop
      vertex 7.96678 12.1371 0.4
      vertex 7.68335 11.8472 0
      vertex 7.71257 12.2929 0.4
    endloop
  endfacet
  facet normal 0.654637 0.271147 0.705641
    outer loop
      vertex 6.54291 9.46257 4.81
      vertex 5.70123 8.89223 5.81
      vertex 6.657 9.18712 4.81
    endloop
  endfacet
  facet normal 0.618245 0.334606 0.711204
    outer loop
      vertex 6.54291 9.46257 4.81
      vertex 5.56021 9.15279 5.81
      vertex 5.70123 8.89223 5.81
    endloop
  endfacet
  facet normal 0.282769 0.644606 0.710299
    outer loop
      vertex 5.71257 10.2929 4.81
      vertex 5.07092 9.47246 5.81
      vertex 5.34224 9.35344 5.81
    endloop
  endfacet
  facet normal 0.522547 0.85261 -0
    outer loop
      vertex 7.96678 12.1371 0.4
      vertex 7.71257 12.2929 0.41
      vertex 7.96678 12.1371 0.41
    endloop
  endfacet
  facet normal 0.522547 0.85261 0
    outer loop
      vertex 7.71257 12.2929 0.41
      vertex 7.96678 12.1371 0.4
      vertex 7.71257 12.2929 0.4
    endloop
  endfacet
  facet normal 0.602983 0.369508 0.707018
    outer loop
      vertex 6.38713 9.71678 4.81
      vertex 5.56021 9.15279 5.81
      vertex 6.54291 9.46257 4.81
    endloop
  endfacet
  facet normal 0.688193 0.1652 0.70647
    outer loop
      vertex 6.657 9.18712 4.81
      vertex 5.70123 8.89223 5.81
      vertex 6.72659 8.89722 4.81
    endloop
  endfacet
  facet normal 0.693226 0.11564 0.711383
    outer loop
      vertex 6.72659 8.89722 4.81
      vertex 5.70123 8.89223 5.81
      vertex 5.74998 8.59999 5.81
    endloop
  endfacet
  facet normal -0.852699 -0.204692 0.480631
    outer loop
      vertex -8.72659 -10.8972 0.41
      vertex -6.80673 -9.33685 4.48059
      vertex -6.82253 -8.99316 4.59893
    endloop
  endfacet
  facet normal -0.8527 -0.204689 0.480631
    outer loop
      vertex -6.80673 -9.33685 4.48059
      vertex -8.72659 -10.8972 0.41
      vertex -8.657 -11.1871 0.41
    endloop
  endfacet
  facet normal 0.707116 0 -0.707098
    outer loop
      vertex 8.74998 -10.6 0.4
      vertex 8.34999 10.6 0
      vertex 8.74998 10.6 0.4
    endloop
  endfacet
  facet normal 0.707116 0 -0.707098
    outer loop
      vertex 8.34999 10.6 0
      vertex 8.74998 -10.6 0.4
      vertex 8.34999 -10.6 0
    endloop
  endfacet
  facet normal -0.517476 0.476357 0.710846
    outer loop
      vertex -5.40279 9.31021 5.81
      vertex -6.1935 9.9435 4.81
      vertex -5.60344 9.09224 5.81
    endloop
  endfacet
  facet normal -0.640199 -0.546829 0.539559
    outer loop
      vertex -8.38713 -11.7168 0.41
      vertex -6.49501 -10.245 4.14667
      vertex -6.64073 -9.97038 4.25209
    endloop
  endfacet
  facet normal -0.640208 -0.546817 0.53956
    outer loop
      vertex -6.49501 -10.245 4.14667
      vertex -8.38713 -11.7168 0.41
      vertex -8.1935 -11.9435 0.41
    endloop
  endfacet
  facet normal -0.546742 -0.640275 0.539556
    outer loop
      vertex -7.96678 -12.1371 0.41
      vertex -6.49501 -10.245 4.14667
      vertex -8.1935 -11.9435 0.41
    endloop
  endfacet
  facet normal -0.546868 -0.64017 0.539553
    outer loop
      vertex -6.49501 -10.245 4.14667
      vertex -7.96678 -12.1371 0.41
      vertex -6.30922 -10.4796 4.05663
    endloop
  endfacet
  facet normal 0.203601 0.670859 -0.713088
    outer loop
      vertex 7.42401 11.9858 0
      vertex 7.14262 12.0712 0
      vertex 7.43712 12.407 0.4
    endloop
  endfacet
  facet normal -0.233449 -0.972369 0
    outer loop
      vertex -7.43712 -12.407 0.4
      vertex -7.14722 -12.4766 0.41
      vertex -7.43712 -12.407 0.41
    endloop
  endfacet
  facet normal -0.233449 -0.972369 -0
    outer loop
      vertex -7.14722 -12.4766 0.41
      vertex -7.43712 -12.407 0.4
      vertex -7.14722 -12.4766 0.4
    endloop
  endfacet
  facet normal 0.330446 0.61831 -0.713091
    outer loop
      vertex 7.68335 11.8472 0
      vertex 7.42401 11.9858 0
      vertex 7.71257 12.2929 0.4
    endloop
  endfacet
  facet normal -0.272593 0.65807 -0.701881
    outer loop
      vertex -7.42401 11.9858 0
      vertex -7.71257 12.2929 0.4
      vertex -7.43712 12.407 0.4
    endloop
  endfacet
  facet normal 0 1 -0
    outer loop
      vertex 6.84999 12.5 0.4
      vertex -6.84999 12.5 0.41
      vertex 6.84999 12.5 0.41
    endloop
  endfacet
  facet normal 0 1 0
    outer loop
      vertex -6.84999 12.5 0.41
      vertex 6.84999 12.5 0.4
      vertex -6.84999 12.5 0.4
    endloop
  endfacet
  facet normal -0.700263 -0.0689733 -0.710545
    outer loop
      vertex -8.32117 -10.8926 0
      vertex -8.72659 -10.8972 0.4
      vertex -8.34999 -10.6 0
    endloop
  endfacet
  facet normal 0.69163 -0.166025 -0.702911
    outer loop
      vertex 8.657 -11.1871 0.4
      vertex 8.32117 -10.8926 0
      vertex 8.72659 -10.8972 0.4
    endloop
  endfacet
  facet normal -0.0555823 0.706014 -0.706014
    outer loop
      vertex -6.84999 12.1 0
      vertex -7.14722 12.4766 0.4
      vertex -6.84999 12.5 0.4
    endloop
  endfacet
  facet normal -0.204716 0.852689 0.480638
    outer loop
      vertex -7.14722 12.4766 0.41
      vertex -5.43712 10.407 4.81
      vertex -5.14722 10.4766 4.81
    endloop
  endfacet
  facet normal -0.204716 0.852689 0.480638
    outer loop
      vertex -5.43712 10.407 4.81
      vertex -7.14722 12.4766 0.41
      vertex -7.43712 12.407 0.41
    endloop
  endfacet
  facet normal -0.460313 0.53906 0.705355
    outer loop
      vertex -5.96678 10.1371 4.81
      vertex -6.1935 9.9435 4.81
      vertex -5.40279 9.31021 5.81
    endloop
  endfacet
  facet normal 0.606426 0.371633 -0.702948
    outer loop
      vertex 8.54291 11.4626 0.4
      vertex 8.0972 11.4333 0
      vertex 8.38713 11.7168 0.4
    endloop
  endfacet
  facet normal -0.699631 0.0871491 0.70917
    outer loop
      vertex -5.72246 8.82092 5.81
      vertex -6.72659 8.89722 4.81
      vertex -5.74998 8.59999 5.81
    endloop
  endfacet
  facet normal -0.369547 0.602969 0.70701
    outer loop
      vertex -5.71257 10.2929 4.81
      vertex -5.96678 10.1371 4.81
      vertex -5.40279 9.31021 5.81
    endloop
  endfacet
  facet normal -0.996917 -0.0784586 0
    outer loop
      vertex -8.72659 -10.8972 0.4
      vertex -8.74998 -10.6 0.41
      vertex -8.74998 -10.6 0.4
    endloop
  endfacet
  facet normal -0.996917 -0.0784586 0
    outer loop
      vertex -8.74998 -10.6 0.41
      vertex -8.72659 -10.8972 0.4
      vertex -8.72659 -10.8972 0.41
    endloop
  endfacet
  facet normal -0.707116 0 -0.707098
    outer loop
      vertex -8.34999 -10.6 0
      vertex -8.74998 10.6 0.4
      vertex -8.34999 10.6 0
    endloop
  endfacet
  facet normal -0.707116 -0 -0.707098
    outer loop
      vertex -8.74998 10.6 0.4
      vertex -8.34999 -10.6 0
      vertex -8.74998 -10.6 0.4
    endloop
  endfacet
  facet normal -0.371684 -0.606456 -0.702895
    outer loop
      vertex -7.71257 -12.2929 0.4
      vertex -7.96678 -12.1371 0.4
      vertex -7.68335 -11.8472 0
    endloop
  endfacet
  facet normal -0.546743 0.640276 0.539554
    outer loop
      vertex -7.96678 12.1371 0.41
      vertex -6.1935 9.9435 4.81
      vertex -5.96678 10.1371 4.81
    endloop
  endfacet
  facet normal -0.546743 0.640276 0.539554
    outer loop
      vertex -6.1935 9.9435 4.81
      vertex -7.96678 12.1371 0.41
      vertex -8.1935 11.9435 0.41
    endloop
  endfacet
  facet normal 0.649376 0.760468 -0
    outer loop
      vertex 8.1935 11.9435 0.4
      vertex 7.96678 12.1371 0.41
      vertex 8.1935 11.9435 0.41
    endloop
  endfacet
  facet normal 0.649376 0.760468 0
    outer loop
      vertex 7.96678 12.1371 0.41
      vertex 8.1935 11.9435 0.4
      vertex 7.96678 12.1371 0.4
    endloop
  endfacet
  facet normal 0.446495 0.543858 -0.710536
    outer loop
      vertex 7.91064 11.6606 0
      vertex 7.68335 11.8472 0
      vertex 7.96678 12.1371 0.4
    endloop
  endfacet
  facet normal -0.330446 0.61831 -0.713091
    outer loop
      vertex -7.68335 11.8472 0
      vertex -7.71257 12.2929 0.4
      vertex -7.42401 11.9858 0
    endloop
  endfacet
  facet normal 0.723008 0.443077 0.53004
    outer loop
      vertex 6.38713 9.71678 4.81
      vertex 8.54291 11.4626 0.41
      vertex 8.38713 11.7168 0.41
    endloop
  endfacet
  facet normal 0.723016 0.443064 0.53004
    outer loop
      vertex 8.54291 11.4626 0.41
      vertex 6.38713 9.71678 4.81
      vertex 6.54291 9.46257 4.81
    endloop
  endfacet
  facet normal 0.458832 0.537326 0.70764
    outer loop
      vertex 5.96678 10.1371 4.81
      vertex 5.34224 9.35344 5.81
      vertex 6.1935 9.9435 4.81
    endloop
  endfacet
  facet normal 0.895644 0.0704883 0.439151
    outer loop
      vertex 6.72659 8.89722 4.81
      vertex 8.74998 10.6 0.41
      vertex 8.72659 10.8972 0.41
    endloop
  endfacet
  facet normal 0.895645 0.0704813 0.439149
    outer loop
      vertex 8.74998 10.6 0.41
      vertex 6.72659 8.89722 4.81
      vertex 6.74998 8.59999 4.81
    endloop
  endfacet
  facet normal 0.8527 0.204689 0.48063
    outer loop
      vertex 6.657 9.18712 4.81
      vertex 8.72659 10.8972 0.41
      vertex 8.657 11.1871 0.41
    endloop
  endfacet
  facet normal 0.8527 0.204689 0.48063
    outer loop
      vertex 8.72659 10.8972 0.41
      vertex 6.657 9.18712 4.81
      vertex 6.72659 8.89722 4.81
    endloop
  endfacet
  facet normal 0.972377 0.233417 0
    outer loop
      vertex 8.72659 10.8972 0.41
      vertex 8.657 11.1871 0.4
      vertex 8.657 11.1871 0.41
    endloop
  endfacet
  facet normal 0.972377 0.233417 0
    outer loop
      vertex 8.657 11.1871 0.4
      vertex 8.72659 10.8972 0.41
      vertex 8.72659 10.8972 0.4
    endloop
  endfacet
  facet normal 0.658095 0.27253 -0.701882
    outer loop
      vertex 8.657 11.1871 0.4
      vertex 8.23581 11.174 0
      vertex 8.54291 11.4626 0.4
    endloop
  endfacet
  facet normal 0.618256 0.330492 -0.713116
    outer loop
      vertex 8.23581 11.174 0
      vertex 8.0972 11.4333 0
      vertex 8.54291 11.4626 0.4
    endloop
  endfacet
  facet normal 0.76039 -0.649467 0
    outer loop
      vertex 8.1935 -11.9435 0.41
      vertex 8.38713 -11.7168 0.4
      vertex 8.38713 -11.7168 0.41
    endloop
  endfacet
  facet normal 0.76039 -0.649467 0
    outer loop
      vertex 8.38713 -11.7168 0.4
      vertex 8.1935 -11.9435 0.41
      vertex 8.1935 -11.9435 0.4
    endloop
  endfacet
  facet normal 0.910366 -0 0.413803
    outer loop
      vertex 6.74998 -8.31247 4.81
      vertex 8.74998 10.6 0.41
      vertex 6.74998 8.59999 4.81
    endloop
  endfacet
  facet normal 0.91037 1.76805e-05 0.413795
    outer loop
      vertex 8.74998 -10.6 0.41
      vertex 6.74998 -8.31247 4.81
      vertex 6.79639 -8.6464 4.70791
    endloop
  endfacet
  facet normal 0.910366 0 0.413803
    outer loop
      vertex 6.74998 -8.31247 4.81
      vertex 8.74998 -10.6 0.41
      vertex 8.74998 10.6 0.41
    endloop
  endfacet
  facet normal -0.69163 -0.166025 -0.702911
    outer loop
      vertex -8.657 -11.1871 0.4
      vertex -8.72659 -10.8972 0.4
      vertex -8.32117 -10.8926 0
    endloop
  endfacet
  facet normal -0.459857 -0.538526 -0.70606
    outer loop
      vertex -7.96678 -12.1371 0.4
      vertex -8.1935 -11.9435 0.4
      vertex -7.91064 -11.6606 0
    endloop
  endfacet
  facet normal -0.446495 -0.543858 -0.710536
    outer loop
      vertex -7.68335 -11.8472 0
      vertex -7.96678 -12.1371 0.4
      vertex -7.91064 -11.6606 0
    endloop
  endfacet
  facet normal 0.543871 -0.446391 -0.710591
    outer loop
      vertex 8.38713 -11.7168 0.4
      vertex 7.91064 -11.6606 0
      vertex 8.0972 -11.4333 0
    endloop
  endfacet
  facet normal -0.538472 -0.459922 -0.70606
    outer loop
      vertex -8.1935 -11.9435 0.4
      vertex -8.38713 -11.7168 0.4
      vertex -7.91064 -11.6606 0
    endloop
  endfacet
  facet normal -0.166052 0.691644 -0.702891
    outer loop
      vertex -7.14262 12.0712 0
      vertex -7.43712 12.407 0.4
      vertex -7.14722 12.4766 0.4
    endloop
  endfacet
  facet normal -0.700263 0.0689733 -0.710545
    outer loop
      vertex -8.34999 10.6 0
      vertex -8.72659 10.8972 0.4
      vertex -8.32117 10.8926 0
    endloop
  endfacet
  facet normal -0.606426 0.371633 -0.702948
    outer loop
      vertex -8.0972 11.4333 0
      vertex -8.54291 11.4626 0.4
      vertex -8.38713 11.7168 0.4
    endloop
  endfacet
  facet normal 0 -0.707107 -0.707107
    outer loop
      vertex -6.84999 -12.1 0
      vertex 6.84999 -12.5 0.4
      vertex -6.84999 -12.5 0.4
    endloop
  endfacet
  facet normal 0 -0.707107 -0.707107
    outer loop
      vertex 6.84999 -12.5 0.4
      vertex -6.84999 -12.1 0
      vertex 6.84999 -12.1 0
    endloop
  endfacet
  facet normal -0.0689204 0.700284 -0.71053
    outer loop
      vertex -7.14262 12.0712 0
      vertex -7.14722 12.4766 0.4
      vertex -6.84999 12.1 0
    endloop
  endfacet
  facet normal -0.0705108 0.895638 0.439159
    outer loop
      vertex -6.84999 12.5 0.41
      vertex -5.14722 10.4766 4.81
      vertex -4.84999 10.5 4.81
    endloop
  endfacet
  facet normal -0.0705108 0.895638 0.439159
    outer loop
      vertex -5.14722 10.4766 4.81
      vertex -6.84999 12.5 0.41
      vertex -7.14722 12.4766 0.41
    endloop
  endfacet
  facet normal -0.972377 -0.233417 0
    outer loop
      vertex -8.657 -11.1871 0.4
      vertex -8.72659 -10.8972 0.41
      vertex -8.72659 -10.8972 0.4
    endloop
  endfacet
  facet normal -0.972377 -0.233417 0
    outer loop
      vertex -8.72659 -10.8972 0.41
      vertex -8.657 -11.1871 0.4
      vertex -8.657 -11.1871 0.41
    endloop
  endfacet
  facet normal -0.334608 0.618248 0.711201
    outer loop
      vertex -5.14223 9.45123 5.81
      vertex -5.71257 10.2929 4.81
      vertex -5.40279 9.31021 5.81
    endloop
  endfacet
  facet normal -0.329043 0.794346 0.510632
    outer loop
      vertex -7.43712 12.407 0.41
      vertex -5.71257 10.2929 4.81
      vertex -5.43712 10.407 4.81
    endloop
  endfacet
  facet normal -0.329043 0.794346 0.510632
    outer loop
      vertex -5.71257 10.2929 4.81
      vertex -7.43712 12.407 0.41
      vertex -7.71257 12.2929 0.41
    endloop
  endfacet
  facet normal -0.644603 0.282768 0.710302
    outer loop
      vertex -5.60344 9.09224 5.81
      vertex -6.54291 9.46257 4.81
      vertex -5.72246 8.82092 5.81
    endloop
  endfacet
  facet normal -0.371684 0.606456 -0.702895
    outer loop
      vertex -7.68335 11.8472 0
      vertex -7.96678 12.1371 0.4
      vertex -7.71257 12.2929 0.4
    endloop
  endfacet
  facet normal -0.723008 0.443077 0.53004
    outer loop
      vertex -8.54291 11.4626 0.41
      vertex -6.38713 9.71678 4.81
      vertex -8.38713 11.7168 0.41
    endloop
  endfacet
  facet normal -0.723016 0.443064 0.53004
    outer loop
      vertex -6.38713 9.71678 4.81
      vertex -8.54291 11.4626 0.41
      vertex -6.54291 9.46257 4.81
    endloop
  endfacet
  facet normal -0.60456 0.370475 0.705164
    outer loop
      vertex -6.38713 9.71678 4.81
      vertex -6.54291 9.46257 4.81
      vertex -5.60344 9.09224 5.81
    endloop
  endfacet
  facet normal -0.8527 0.204689 0.48063
    outer loop
      vertex -8.72659 10.8972 0.41
      vertex -6.657 9.18712 4.81
      vertex -8.657 11.1871 0.41
    endloop
  endfacet
  facet normal -0.8527 0.204689 0.48063
    outer loop
      vertex -6.657 9.18712 4.81
      vertex -8.72659 10.8972 0.41
      vertex -6.72659 8.89722 4.81
    endloop
  endfacet
  facet normal -0.76039 -0.649467 0
    outer loop
      vertex -8.1935 -11.9435 0.4
      vertex -8.38713 -11.7168 0.41
      vertex -8.38713 -11.7168 0.4
    endloop
  endfacet
  facet normal -0.76039 -0.649467 0
    outer loop
      vertex -8.38713 -11.7168 0.41
      vertex -8.1935 -11.9435 0.4
      vertex -8.1935 -11.9435 0.41
    endloop
  endfacet
  facet normal -0.658095 -0.27253 -0.701882
    outer loop
      vertex -8.54291 -11.4626 0.4
      vertex -8.657 -11.1871 0.4
      vertex -8.23581 -11.174 0
    endloop
  endfacet
  facet normal 0.476357 0.517476 0.710846
    outer loop
      vertex 6.1935 9.9435 4.81
      vertex 5.34224 9.35344 5.81
      vertex 5.56021 9.15279 5.81
    endloop
  endfacet
  facet normal 0.0784841 0.996915 -0
    outer loop
      vertex 7.14722 12.4766 0.4
      vertex 6.84999 12.5 0.41
      vertex 7.14722 12.4766 0.41
    endloop
  endfacet
  facet normal 0.0784841 0.996915 0
    outer loop
      vertex 6.84999 12.5 0.41
      vertex 7.14722 12.4766 0.4
      vertex 6.84999 12.5 0.4
    endloop
  endfacet
  facet normal 0.0555817 0.706007 0.706021
    outer loop
      vertex 4.84999 10.5 4.81
      vertex 4.84999 9.49998 5.81
      vertex 5.14722 10.4766 4.81
    endloop
  endfacet
  facet normal 0.640209 0.546818 0.539558
    outer loop
      vertex 6.1935 9.9435 4.81
      vertex 8.38713 11.7168 0.41
      vertex 8.1935 11.9435 0.41
    endloop
  endfacet
  facet normal 0.640233 0.54679 0.539558
    outer loop
      vertex 8.38713 11.7168 0.41
      vertex 6.1935 9.9435 4.81
      vertex 6.38713 9.71678 4.81
    endloop
  endfacet
  facet normal 0.382697 0.923874 -0
    outer loop
      vertex 7.71257 12.2929 0.4
      vertex 7.43712 12.407 0.41
      vertex 7.71257 12.2929 0.41
    endloop
  endfacet
  facet normal 0.382697 0.923874 0
    outer loop
      vertex 7.43712 12.407 0.41
      vertex 7.71257 12.2929 0.4
      vertex 7.43712 12.407 0.4
    endloop
  endfacet
  facet normal 0.92391 0.382609 0
    outer loop
      vertex 8.657 11.1871 0.41
      vertex 8.54291 11.4626 0.4
      vertex 8.54291 11.4626 0.41
    endloop
  endfacet
  facet normal 0.92391 0.382609 0
    outer loop
      vertex 8.54291 11.4626 0.4
      vertex 8.657 11.1871 0.41
      vertex 8.657 11.1871 0.4
    endloop
  endfacet
  facet normal 0.794385 0.32897 0.510618
    outer loop
      vertex 6.54291 9.46257 4.81
      vertex 8.657 11.1871 0.41
      vertex 8.54291 11.4626 0.41
    endloop
  endfacet
  facet normal 0.79436 0.32902 0.510626
    outer loop
      vertex 8.657 11.1871 0.41
      vertex 6.54291 9.46257 4.81
      vertex 6.657 9.18712 4.81
    endloop
  endfacet
  facet normal 0.543871 0.446391 -0.710591
    outer loop
      vertex 8.0972 11.4333 0
      vertex 7.91064 11.6606 0
      vertex 8.38713 11.7168 0.4
    endloop
  endfacet
  facet normal 0.538472 0.459922 -0.70606
    outer loop
      vertex 8.38713 11.7168 0.4
      vertex 7.91064 11.6606 0
      vertex 8.1935 11.9435 0.4
    endloop
  endfacet
  facet normal 1 -0 0
    outer loop
      vertex 8.74998 -10.6 0.41
      vertex 8.74998 10.6 0.4
      vertex 8.74998 10.6 0.41
    endloop
  endfacet
  facet normal 1 0 0
    outer loop
      vertex 8.74998 10.6 0.4
      vertex 8.74998 -10.6 0.41
      vertex 8.74998 -10.6 0.4
    endloop
  endfacet
  facet normal 0.204603 -0.852728 0.480617
    outer loop
      vertex 7.14722 -12.4766 0.41
      vertex 5.84382 -10.8137 3.91525
      vertex 5.57056 -10.8999 3.87864
    endloop
  endfacet
  facet normal 0.204716 -0.852688 0.48064
    outer loop
      vertex 5.84382 -10.8137 3.91525
      vertex 7.14722 -12.4766 0.41
      vertex 7.43712 -12.407 0.41
    endloop
  endfacet
  facet normal 0.522547 -0.85261 0
    outer loop
      vertex 7.71257 -12.2929 0.4
      vertex 7.96678 -12.1371 0.41
      vertex 7.71257 -12.2929 0.41
    endloop
  endfacet
  facet normal 0.522547 -0.85261 0
    outer loop
      vertex 7.96678 -12.1371 0.41
      vertex 7.71257 -12.2929 0.4
      vertex 7.96678 -12.1371 0.4
    endloop
  endfacet
  facet normal 0.272593 -0.65807 -0.701881
    outer loop
      vertex 7.43712 -12.407 0.4
      vertex 7.42401 -11.9858 0
      vertex 7.71257 -12.2929 0.4
    endloop
  endfacet
  facet normal 0.852699 -0.204692 0.480631
    outer loop
      vertex 6.80673 -9.33685 4.48059
      vertex 8.72659 -10.8972 0.41
      vertex 6.82253 -8.99316 4.59893
    endloop
  endfacet
  facet normal 0.8527 -0.204689 0.480631
    outer loop
      vertex 8.72659 -10.8972 0.41
      vertex 6.80673 -9.33685 4.48059
      vertex 8.657 -11.1871 0.41
    endloop
  endfacet
  facet normal 0.606426 -0.371633 -0.702948
    outer loop
      vertex 8.38713 -11.7168 0.4
      vertex 8.0972 -11.4333 0
      vertex 8.54291 -11.4626 0.4
    endloop
  endfacet
  facet normal 0 0 1
    outer loop
      vertex 4.84999 9.49998 5.81
      vertex 5.74998 8.59999 5.81
      vertex 5.70123 8.89223 5.81
    endloop
  endfacet
  facet normal 0 0 1
    outer loop
      vertex 4.84999 9.49998 5.81
      vertex 5.70123 8.89223 5.81
      vertex 5.56021 9.15279 5.81
    endloop
  endfacet
  facet normal 0 0 1
    outer loop
      vertex 4.84999 9.49998 5.81
      vertex 5.56021 9.15279 5.81
      vertex 5.34224 9.35344 5.81
    endloop
  endfacet
  facet normal 0 0 1
    outer loop
      vertex 4.84999 9.49998 5.81
      vertex 5.34224 9.35344 5.81
      vertex 5.07092 9.47246 5.81
    endloop
  endfacet
  facet normal 0 0 1
    outer loop
      vertex -5.74998 8.59999 5.81
      vertex 5.74998 8.59999 5.81
      vertex 4.84999 9.49998 5.81
    endloop
  endfacet
  facet normal 0 0 1
    outer loop
      vertex -5.74998 8.59999 5.81
      vertex 4.84999 9.49998 5.81
      vertex -4.84999 9.49998 5.81
    endloop
  endfacet
  facet normal 0 0 1
    outer loop
      vertex -5.74998 8.59999 5.81
      vertex -4.84999 9.49998 5.81
      vertex -5.14223 9.45123 5.81
    endloop
  endfacet
  facet normal 0 0 1
    outer loop
      vertex -5.74998 8.59999 5.81
      vertex -5.14223 9.45123 5.81
      vertex -5.40279 9.31021 5.81
    endloop
  endfacet
  facet normal 0 0 1
    outer loop
      vertex -5.74998 8.59999 5.81
      vertex -5.40279 9.31021 5.81
      vertex -5.60344 9.09224 5.81
    endloop
  endfacet
  facet normal 0 0 1
    outer loop
      vertex -5.74998 8.59999 5.81
      vertex -5.60344 9.09224 5.81
      vertex -5.72246 8.82092 5.81
    endloop
  endfacet
  facet normal 0 0 1
    outer loop
      vertex 5.74998 8.59999 5.81
      vertex -5.74998 8.59999 5.81
      vertex 5.74998 -1.5 5.81
    endloop
  endfacet
  facet normal 0 0 1
    outer loop
      vertex 5.74998 -1.5 5.81
      vertex -5.74998 8.59999 5.81
      vertex -5.74998 -1.5 5.81
    endloop
  endfacet
  facet normal -0.0689204 -0.700284 -0.71053
    outer loop
      vertex -6.84999 -12.1 0
      vertex -7.14722 -12.4766 0.4
      vertex -7.14262 -12.0712 0
    endloop
  endfacet
  facet normal 0.0689204 -0.700284 -0.71053
    outer loop
      vertex 7.14722 -12.4766 0.4
      vertex 6.84999 -12.1 0
      vertex 7.14262 -12.0712 0
    endloop
  endfacet
  facet normal 0.203601 -0.670859 -0.713088
    outer loop
      vertex 7.43712 -12.407 0.4
      vertex 7.14262 -12.0712 0
      vertex 7.42401 -11.9858 0
    endloop
  endfacet
  facet normal -0.543871 0.446391 -0.710591
    outer loop
      vertex -8.0972 11.4333 0
      vertex -8.38713 11.7168 0.4
      vertex -7.91064 11.6606 0
    endloop
  endfacet
  facet normal 0.706023 -0.0555649 -0.706006
    outer loop
      vertex 8.72659 -10.8972 0.4
      vertex 8.34999 -10.6 0
      vertex 8.74998 -10.6 0.4
    endloop
  endfacet
  facet normal -0.204716 -0.852688 0.48064
    outer loop
      vertex -7.14722 -12.4766 0.41
      vertex -5.84382 -10.8137 3.91525
      vertex -7.43712 -12.407 0.41
    endloop
  endfacet
  facet normal -0.204603 -0.852728 0.480617
    outer loop
      vertex -5.84382 -10.8137 3.91525
      vertex -7.14722 -12.4766 0.41
      vertex -5.57056 -10.8999 3.87864
    endloop
  endfacet
  facet normal -0.271168 0.65463 0.70564
    outer loop
      vertex -5.43712 10.407 4.81
      vertex -5.71257 10.2929 4.81
      vertex -5.14223 9.45123 5.81
    endloop
  endfacet
  facet normal -0.165222 0.688187 0.706471
    outer loop
      vertex -5.14722 10.4766 4.81
      vertex -5.43712 10.407 4.81
      vertex -5.14223 9.45123 5.81
    endloop
  endfacet
  facet normal -0.382697 0.923874 0
    outer loop
      vertex -7.43712 12.407 0.4
      vertex -7.71257 12.2929 0.41
      vertex -7.43712 12.407 0.41
    endloop
  endfacet
  facet normal -0.382697 0.923874 0
    outer loop
      vertex -7.71257 12.2929 0.41
      vertex -7.43712 12.407 0.4
      vertex -7.71257 12.2929 0.4
    endloop
  endfacet
  facet normal -0.794385 0.32897 0.510618
    outer loop
      vertex -8.657 11.1871 0.41
      vertex -6.54291 9.46257 4.81
      vertex -8.54291 11.4626 0.41
    endloop
  endfacet
  facet normal -0.79436 0.32902 0.510626
    outer loop
      vertex -6.54291 9.46257 4.81
      vertex -8.657 11.1871 0.41
      vertex -6.657 9.18712 4.81
    endloop
  endfacet
  facet normal -0.65213 0.270109 0.708356
    outer loop
      vertex -6.54291 9.46257 4.81
      vertex -6.657 9.18712 4.81
      vertex -5.72246 8.82092 5.81
    endloop
  endfacet
  facet normal -0.233449 0.972369 0
    outer loop
      vertex -7.14722 12.4766 0.4
      vertex -7.43712 12.407 0.41
      vertex -7.14722 12.4766 0.41
    endloop
  endfacet
  facet normal -0.233449 0.972369 0
    outer loop
      vertex -7.43712 12.407 0.41
      vertex -7.14722 12.4766 0.4
      vertex -7.43712 12.407 0.4
    endloop
  endfacet
  facet normal -0.658095 0.27253 -0.701882
    outer loop
      vertex -8.23581 11.174 0
      vertex -8.657 11.1871 0.4
      vertex -8.54291 11.4626 0.4
    endloop
  endfacet
  facet normal -0.538472 0.459922 -0.70606
    outer loop
      vertex -7.91064 11.6606 0
      vertex -8.38713 11.7168 0.4
      vertex -8.1935 11.9435 0.4
    endloop
  endfacet
  facet normal -0.972377 0.233417 0
    outer loop
      vertex -8.72659 10.8972 0.4
      vertex -8.657 11.1871 0.41
      vertex -8.657 11.1871 0.4
    endloop
  endfacet
  facet normal -0.972377 0.233417 0
    outer loop
      vertex -8.657 11.1871 0.41
      vertex -8.72659 10.8972 0.4
      vertex -8.72659 10.8972 0.41
    endloop
  endfacet
  facet normal -1 0 0
    outer loop
      vertex -8.74998 -10.6 0.4
      vertex -8.74998 10.6 0.41
      vertex -8.74998 10.6 0.4
    endloop
  endfacet
  facet normal -1 -0 0
    outer loop
      vertex -8.74998 10.6 0.41
      vertex -8.74998 -10.6 0.4
      vertex -8.74998 -10.6 0.41
    endloop
  endfacet
  facet normal -0.446495 0.543858 -0.710536
    outer loop
      vertex -7.91064 11.6606 0
      vertex -7.96678 12.1371 0.4
      vertex -7.68335 11.8472 0
    endloop
  endfacet
  facet normal -0.459857 0.538526 -0.70606
    outer loop
      vertex -7.91064 11.6606 0
      vertex -8.1935 11.9435 0.4
      vertex -7.96678 12.1371 0.4
    endloop
  endfacet
  facet normal 0.165552 0.689563 0.70505
    outer loop
      vertex 5.14722 10.4766 4.81
      vertex 5.07092 9.47246 5.81
      vertex 5.43712 10.407 4.81
    endloop
  endfacet
  facet normal 0.329043 0.794346 0.510632
    outer loop
      vertex 7.43712 12.407 0.41
      vertex 5.71257 10.2929 4.81
      vertex 7.71257 12.2929 0.41
    endloop
  endfacet
  facet normal 0.329043 0.794346 0.510632
    outer loop
      vertex 5.71257 10.2929 4.81
      vertex 7.43712 12.407 0.41
      vertex 5.43712 10.407 4.81
    endloop
  endfacet
  facet normal 0.166052 0.691644 -0.702891
    outer loop
      vertex 7.43712 12.407 0.4
      vertex 7.14262 12.0712 0
      vertex 7.14722 12.4766 0.4
    endloop
  endfacet
  facet normal 0.0689204 0.700284 -0.71053
    outer loop
      vertex 7.14262 12.0712 0
      vertex 6.84999 12.1 0
      vertex 7.14722 12.4766 0.4
    endloop
  endfacet
  facet normal 0.370513 0.604544 0.705157
    outer loop
      vertex 5.71257 10.2929 4.81
      vertex 5.34224 9.35344 5.81
      vertex 5.96678 10.1371 4.81
    endloop
  endfacet
  facet normal 0.76039 0.649467 0
    outer loop
      vertex 8.38713 11.7168 0.41
      vertex 8.1935 11.9435 0.4
      vertex 8.1935 11.9435 0.41
    endloop
  endfacet
  facet normal 0.76039 0.649467 0
    outer loop
      vertex 8.1935 11.9435 0.4
      vertex 8.38713 11.7168 0.41
      vertex 8.38713 11.7168 0.4
    endloop
  endfacet
  facet normal -0.670885 0.203507 -0.71309
    outer loop
      vertex -8.32117 10.8926 0
      vertex -8.657 11.1871 0.4
      vertex -8.23581 11.174 0
    endloop
  endfacet
  facet normal -0.543871 -0.446391 -0.710591
    outer loop
      vertex -7.91064 -11.6606 0
      vertex -8.38713 -11.7168 0.4
      vertex -8.0972 -11.4333 0
    endloop
  endfacet
  facet normal 0.546868 -0.64017 0.539553
    outer loop
      vertex 7.96678 -12.1371 0.41
      vertex 6.49501 -10.245 4.14667
      vertex 6.30922 -10.4796 4.05663
    endloop
  endfacet
  facet normal 0.546742 -0.640275 0.539556
    outer loop
      vertex 6.49501 -10.245 4.14667
      vertex 7.96678 -12.1371 0.41
      vertex 8.1935 -11.9435 0.41
    endloop
  endfacet
  facet normal 0.459857 -0.538526 -0.70606
    outer loop
      vertex 7.96678 -12.1371 0.4
      vertex 7.91064 -11.6606 0
      vertex 8.1935 -11.9435 0.4
    endloop
  endfacet
  facet normal 0.0784841 -0.996915 0
    outer loop
      vertex 6.84999 -12.5 0.4
      vertex 7.14722 -12.4766 0.41
      vertex 6.84999 -12.5 0.41
    endloop
  endfacet
  facet normal 0.0784841 -0.996915 0
    outer loop
      vertex 7.14722 -12.4766 0.41
      vertex 6.84999 -12.5 0.4
      vertex 7.14722 -12.4766 0.4
    endloop
  endfacet
  facet normal 0.972377 -0.233417 0
    outer loop
      vertex 8.657 -11.1871 0.41
      vertex 8.72659 -10.8972 0.4
      vertex 8.72659 -10.8972 0.41
    endloop
  endfacet
  facet normal 0.972377 -0.233417 0
    outer loop
      vertex 8.72659 -10.8972 0.4
      vertex 8.657 -11.1871 0.41
      vertex 8.657 -11.1871 0.4
    endloop
  endfacet
  facet normal 0.618256 -0.330492 -0.713116
    outer loop
      vertex 8.54291 -11.4626 0.4
      vertex 8.0972 -11.4333 0
      vertex 8.23581 -11.174 0
    endloop
  endfacet
  facet normal 0.640199 -0.546829 0.539559
    outer loop
      vertex 6.49501 -10.245 4.14667
      vertex 8.38713 -11.7168 0.41
      vertex 6.64073 -9.97038 4.25209
    endloop
  endfacet
  facet normal 0.640208 -0.546817 0.53956
    outer loop
      vertex 8.38713 -11.7168 0.41
      vertex 6.49501 -10.245 4.14667
      vertex 8.1935 -11.9435 0.41
    endloop
  endfacet
  facet normal -0.852631 -0.522513 0
    outer loop
      vertex -8.38713 -11.7168 0.4
      vertex -8.54291 -11.4626 0.41
      vertex -8.54291 -11.4626 0.4
    endloop
  endfacet
  facet normal -0.852631 -0.522513 0
    outer loop
      vertex -8.54291 -11.4626 0.41
      vertex -8.38713 -11.7168 0.4
      vertex -8.38713 -11.7168 0.41
    endloop
  endfacet
  facet normal -0.606426 -0.371633 -0.702948
    outer loop
      vertex -8.38713 -11.7168 0.4
      vertex -8.54291 -11.4626 0.4
      vertex -8.0972 -11.4333 0
    endloop
  endfacet
  facet normal 0.330446 -0.61831 -0.713091
    outer loop
      vertex 7.71257 -12.2929 0.4
      vertex 7.42401 -11.9858 0
      vertex 7.68335 -11.8472 0
    endloop
  endfacet
  facet normal -0.382697 -0.923874 0
    outer loop
      vertex -7.71257 -12.2929 0.4
      vertex -7.43712 -12.407 0.41
      vertex -7.71257 -12.2929 0.41
    endloop
  endfacet
  facet normal -0.382697 -0.923874 -0
    outer loop
      vertex -7.43712 -12.407 0.41
      vertex -7.71257 -12.2929 0.4
      vertex -7.43712 -12.407 0.4
    endloop
  endfacet
  facet normal -0.69163 0.166025 -0.702911
    outer loop
      vertex -8.32117 10.8926 0
      vertex -8.72659 10.8972 0.4
      vertex -8.657 11.1871 0.4
    endloop
  endfacet
  facet normal -0.443548 -0.722704 0.53006
    outer loop
      vertex -7.71257 -12.2929 0.41
      vertex -6.29634 -10.4906 4.05241
      vertex -6.30922 -10.4796 4.05663
    endloop
  endfacet
  facet normal -0.443108 -0.722993 0.530034
    outer loop
      vertex -7.71257 -12.2929 0.41
      vertex -6.30922 -10.4796 4.05663
      vertex -7.96678 -12.1371 0.41
    endloop
  endfacet
  facet normal -0.442883 -0.723142 0.530018
    outer loop
      vertex -6.29634 -10.4906 4.05241
      vertex -7.71257 -12.2929 0.41
      vertex -6.092 -10.6723 3.97525
    endloop
  endfacet
  facet normal 0.446495 -0.543858 -0.710536
    outer loop
      vertex 7.96678 -12.1371 0.4
      vertex 7.68335 -11.8472 0
      vertex 7.91064 -11.6606 0
    endloop
  endfacet
  facet normal -0.330446 -0.61831 -0.713091
    outer loop
      vertex -7.42401 -11.9858 0
      vertex -7.71257 -12.2929 0.4
      vertex -7.68335 -11.8472 0
    endloop
  endfacet
  facet normal -0.166052 -0.691644 -0.702891
    outer loop
      vertex -7.14722 -12.4766 0.4
      vertex -7.43712 -12.407 0.4
      vertex -7.14262 -12.0712 0
    endloop
  endfacet
  facet normal -0.0784841 -0.996915 0
    outer loop
      vertex -7.14722 -12.4766 0.4
      vertex -6.84999 -12.5 0.41
      vertex -7.14722 -12.4766 0.41
    endloop
  endfacet
  facet normal -0.0784841 -0.996915 -0
    outer loop
      vertex -6.84999 -12.5 0.41
      vertex -7.14722 -12.4766 0.4
      vertex -6.84999 -12.5 0.4
    endloop
  endfacet
  facet normal -0.329042 -0.794343 0.510637
    outer loop
      vertex -7.43712 -12.407 0.41
      vertex -6.092 -10.6723 3.97525
      vertex -7.71257 -12.2929 0.41
    endloop
  endfacet
  facet normal -0.329104 -0.794312 0.510645
    outer loop
      vertex -6.092 -10.6723 3.97525
      vertex -7.43712 -12.407 0.41
      vertex -5.84382 -10.8137 3.91525
    endloop
  endfacet
  facet normal -0.92391 0.382609 0
    outer loop
      vertex -8.657 11.1871 0.4
      vertex -8.54291 11.4626 0.41
      vertex -8.54291 11.4626 0.4
    endloop
  endfacet
  facet normal -0.92391 0.382609 0
    outer loop
      vertex -8.54291 11.4626 0.41
      vertex -8.657 11.1871 0.4
      vertex -8.657 11.1871 0.41
    endloop
  endfacet
  facet normal -0.537286 0.458868 0.707647
    outer loop
      vertex -6.1935 9.9435 4.81
      vertex -6.38713 9.71678 4.81
      vertex -5.60344 9.09224 5.81
    endloop
  endfacet
  facet normal -0.852631 0.522513 0
    outer loop
      vertex -8.54291 11.4626 0.4
      vertex -8.38713 11.7168 0.41
      vertex -8.38713 11.7168 0.4
    endloop
  endfacet
  facet normal -0.852631 0.522513 0
    outer loop
      vertex -8.38713 11.7168 0.41
      vertex -8.54291 11.4626 0.4
      vertex -8.54291 11.4626 0.41
    endloop
  endfacet
  facet normal -0.996917 0.0784586 0
    outer loop
      vertex -8.74998 10.6 0.4
      vertex -8.72659 10.8972 0.41
      vertex -8.72659 10.8972 0.4
    endloop
  endfacet
  facet normal -0.996917 0.0784586 0
    outer loop
      vertex -8.72659 10.8972 0.41
      vertex -8.74998 10.6 0.4
      vertex -8.74998 10.6 0.41
    endloop
  endfacet
  facet normal -0.706023 0.0555649 -0.706006
    outer loop
      vertex -8.34999 10.6 0
      vertex -8.74998 10.6 0.4
      vertex -8.72659 10.8972 0.4
    endloop
  endfacet
  facet normal -0.895648 -0.0704717 0.439144
    outer loop
      vertex -8.74998 -10.6 0.41
      vertex -6.81562 -8.91641 4.62536
      vertex -6.79639 -8.6464 4.70791
    endloop
  endfacet
  facet normal -0.895619 -0.0706046 0.439184
    outer loop
      vertex -6.81562 -8.91641 4.62536
      vertex -8.74998 -10.6 0.41
      vertex -6.82253 -8.99316 4.59893
    endloop
  endfacet
  facet normal -0.895644 -0.0704883 0.439151
    outer loop
      vertex -6.82253 -8.99316 4.59893
      vertex -8.74998 -10.6 0.41
      vertex -8.72659 -10.8972 0.41
    endloop
  endfacet
  facet normal -0.76039 0.649467 0
    outer loop
      vertex -8.38713 11.7168 0.4
      vertex -8.1935 11.9435 0.41
      vertex -8.1935 11.9435 0.4
    endloop
  endfacet
  facet normal -0.76039 0.649467 0
    outer loop
      vertex -8.1935 11.9435 0.41
      vertex -8.38713 11.7168 0.4
      vertex -8.38713 11.7168 0.41
    endloop
  endfacet
  facet normal -0.649376 0.760468 0
    outer loop
      vertex -7.96678 12.1371 0.4
      vertex -8.1935 11.9435 0.41
      vertex -7.96678 12.1371 0.41
    endloop
  endfacet
  facet normal -0.649376 0.760468 0
    outer loop
      vertex -8.1935 11.9435 0.41
      vertex -7.96678 12.1371 0.4
      vertex -8.1935 11.9435 0.4
    endloop
  endfacet
  facet normal -0.522547 0.85261 0
    outer loop
      vertex -7.71257 12.2929 0.4
      vertex -7.96678 12.1371 0.41
      vertex -7.71257 12.2929 0.41
    endloop
  endfacet
  facet normal -0.522547 0.85261 0
    outer loop
      vertex -7.96678 12.1371 0.41
      vertex -7.71257 12.2929 0.4
      vertex -7.96678 12.1371 0.4
    endloop
  endfacet
  facet normal 0.166052 -0.691644 -0.702891
    outer loop
      vertex 7.14722 -12.4766 0.4
      vertex 7.14262 -12.0712 0
      vertex 7.43712 -12.407 0.4
    endloop
  endfacet
  facet normal 0.0555823 0.706014 -0.706014
    outer loop
      vertex 7.14722 12.4766 0.4
      vertex 6.84999 12.1 0
      vertex 6.84999 12.5 0.4
    endloop
  endfacet
  facet normal 0.0705108 0.895638 0.439159
    outer loop
      vertex 6.84999 12.5 0.41
      vertex 5.14722 10.4766 4.81
      vertex 7.14722 12.4766 0.41
    endloop
  endfacet
  facet normal 0.0705108 0.895638 0.439159
    outer loop
      vertex 5.14722 10.4766 4.81
      vertex 6.84999 12.5 0.41
      vertex 4.84999 10.5 4.81
    endloop
  endfacet
  facet normal 0.233449 0.972369 -0
    outer loop
      vertex 7.43712 12.407 0.4
      vertex 7.14722 12.4766 0.41
      vertex 7.43712 12.407 0.41
    endloop
  endfacet
  facet normal 0.233449 0.972369 0
    outer loop
      vertex 7.14722 12.4766 0.41
      vertex 7.43712 12.407 0.4
      vertex 7.14722 12.4766 0.4
    endloop
  endfacet
  facet normal 0.0555823 -0.706014 -0.706014
    outer loop
      vertex 7.14722 -12.4766 0.4
      vertex 6.84999 -12.5 0.4
      vertex 6.84999 -12.1 0
    endloop
  endfacet
  facet normal 0 0 -1
    outer loop
      vertex 8.157 -10.6871 0
      vertex 8.34999 -10.6 0
      vertex 8.32117 -10.8926 0
    endloop
  endfacet
  facet normal 0 0 -1
    outer loop
      vertex 8.34999 -10.6 0
      vertex 8.24998 -10.1 0
      vertex 8.34999 10.6 0
    endloop
  endfacet
  facet normal 0 0 -1
    outer loop
      vertex 8.24998 10.1 0
      vertex 8.34999 10.6 0
      vertex 8.24998 -10.1 0
    endloop
  endfacet
  facet normal 0 0 -1
    outer loop
      vertex 8.04291 -10.9626 0
      vertex 8.32117 -10.8926 0
      vertex 8.23581 -11.174 0
    endloop
  endfacet
  facet normal 0 0 -1
    outer loop
      vertex 8.34999 -10.6 0
      vertex 8.22659 -10.3972 0
      vertex 8.24998 -10.1 0
    endloop
  endfacet
  facet normal -0 0 -1
    outer loop
      vertex 8.34999 -10.6 0
      vertex 8.157 -10.6871 0
      vertex 8.22659 -10.3972 0
    endloop
  endfacet
  facet normal 0 0 -1
    outer loop
      vertex 7.88713 -11.2168 0
      vertex 8.23581 -11.174 0
      vertex 8.0972 -11.4333 0
    endloop
  endfacet
  facet normal -0 0 -1
    outer loop
      vertex 8.32117 -10.8926 0
      vertex 8.04291 -10.9626 0
      vertex 8.157 -10.6871 0
    endloop
  endfacet
  facet normal 0 0 -1
    outer loop
      vertex 7.6935 -11.4435 0
      vertex 8.0972 -11.4333 0
      vertex 7.91064 -11.6606 0
    endloop
  endfacet
  facet normal -0 0 -1
    outer loop
      vertex 8.23581 -11.174 0
      vertex 7.88713 -11.2168 0
      vertex 8.04291 -10.9626 0
    endloop
  endfacet
  facet normal -0 0 -1
    outer loop
      vertex 8.0972 -11.4333 0
      vertex 7.6935 -11.4435 0
      vertex 7.88713 -11.2168 0
    endloop
  endfacet
  facet normal 0 0 -1
    outer loop
      vertex 7.68335 -11.8472 0
      vertex 7.6935 -11.4435 0
      vertex 7.91064 -11.6606 0
    endloop
  endfacet
  facet normal 0 0 -1
    outer loop
      vertex 7.68335 -11.8472 0
      vertex 7.46678 -11.6371 0
      vertex 7.6935 -11.4435 0
    endloop
  endfacet
  facet normal 0 0 -1
    outer loop
      vertex 7.42401 -11.9858 0
      vertex 7.46678 -11.6371 0
      vertex 7.68335 -11.8472 0
    endloop
  endfacet
  facet normal 0 0 -1
    outer loop
      vertex 7.42401 -11.9858 0
      vertex 7.21257 -11.7929 0
      vertex 7.46678 -11.6371 0
    endloop
  endfacet
  facet normal 0 0 -1
    outer loop
      vertex 7.14262 -12.0712 0
      vertex 7.21257 -11.7929 0
      vertex 7.42401 -11.9858 0
    endloop
  endfacet
  facet normal 0 0 -1
    outer loop
      vertex 7.14262 -12.0712 0
      vertex 6.93712 -11.907 0
      vertex 7.21257 -11.7929 0
    endloop
  endfacet
  facet normal 0 0 -1
    outer loop
      vertex 6.84999 -12.1 0
      vertex 6.93712 -11.907 0
      vertex 7.14262 -12.0712 0
    endloop
  endfacet
  facet normal 0 0 -1
    outer loop
      vertex 6.84999 -12.1 0
      vertex 6.64722 -11.9766 0
      vertex 6.93712 -11.907 0
    endloop
  endfacet
  facet normal 0 0 -1
    outer loop
      vertex 6.84999 -12.1 0
      vertex 6.34999 -12 0
      vertex 6.64722 -11.9766 0
    endloop
  endfacet
  facet normal 0 0 -1
    outer loop
      vertex 6.84999 -12.1 0
      vertex -6.34999 -12 0
      vertex 6.34999 -12 0
    endloop
  endfacet
  facet normal 0 0 -1
    outer loop
      vertex -6.84999 -12.1 0
      vertex -6.34999 -12 0
      vertex 6.84999 -12.1 0
    endloop
  endfacet
  facet normal 0 0 -1
    outer loop
      vertex -6.84999 -12.1 0
      vertex -6.64722 -11.9766 0
      vertex -6.34999 -12 0
    endloop
  endfacet
  facet normal 0 0 -1
    outer loop
      vertex -6.84999 -12.1 0
      vertex -6.93712 -11.907 0
      vertex -6.64722 -11.9766 0
    endloop
  endfacet
  facet normal 0 0 -1
    outer loop
      vertex -7.14262 -12.0712 0
      vertex -6.93712 -11.907 0
      vertex -6.84999 -12.1 0
    endloop
  endfacet
  facet normal 0 0 -1
    outer loop
      vertex -7.14262 -12.0712 0
      vertex -7.21257 -11.7929 0
      vertex -6.93712 -11.907 0
    endloop
  endfacet
  facet normal 0 0 -1
    outer loop
      vertex -7.42401 -11.9858 0
      vertex -7.21257 -11.7929 0
      vertex -7.14262 -12.0712 0
    endloop
  endfacet
  facet normal 0 0 -1
    outer loop
      vertex -7.42401 -11.9858 0
      vertex -7.46678 -11.6371 0
      vertex -7.21257 -11.7929 0
    endloop
  endfacet
  facet normal 0 0 -1
    outer loop
      vertex -7.68335 -11.8472 0
      vertex -7.46678 -11.6371 0
      vertex -7.42401 -11.9858 0
    endloop
  endfacet
  facet normal 0 0 -1
    outer loop
      vertex -7.68335 -11.8472 0
      vertex -7.6935 -11.4435 0
      vertex -7.46678 -11.6371 0
    endloop
  endfacet
  facet normal 0 0 -1
    outer loop
      vertex -7.91064 -11.6606 0
      vertex -7.6935 -11.4435 0
      vertex -7.68335 -11.8472 0
    endloop
  endfacet
  facet normal 0 0 -1
    outer loop
      vertex -8.0972 -11.4333 0
      vertex -7.6935 -11.4435 0
      vertex -7.91064 -11.6606 0
    endloop
  endfacet
  facet normal 0 0 -1
    outer loop
      vertex -7.6935 -11.4435 0
      vertex -8.0972 -11.4333 0
      vertex -7.88713 -11.2168 0
    endloop
  endfacet
  facet normal 0 0 -1
    outer loop
      vertex -8.23581 -11.174 0
      vertex -7.88713 -11.2168 0
      vertex -8.0972 -11.4333 0
    endloop
  endfacet
  facet normal 0 0 -1
    outer loop
      vertex -7.88713 -11.2168 0
      vertex -8.23581 -11.174 0
      vertex -8.04291 -10.9626 0
    endloop
  endfacet
  facet normal 0 0 -1
    outer loop
      vertex -8.32117 -10.8926 0
      vertex -8.04291 -10.9626 0
      vertex -8.23581 -11.174 0
    endloop
  endfacet
  facet normal 0 0 -1
    outer loop
      vertex -8.04291 -10.9626 0
      vertex -8.32117 -10.8926 0
      vertex -8.157 -10.6871 0
    endloop
  endfacet
  facet normal 0 0 -1
    outer loop
      vertex -8.34999 -10.6 0
      vertex -8.157 -10.6871 0
      vertex -8.32117 -10.8926 0
    endloop
  endfacet
  facet normal -0 0 -1
    outer loop
      vertex -8.22659 -10.3972 0
      vertex -8.34999 -10.6 0
      vertex -8.24998 -10.1 0
    endloop
  endfacet
  facet normal 0 0 -1
    outer loop
      vertex -8.157 -10.6871 0
      vertex -8.34999 -10.6 0
      vertex -8.22659 -10.3972 0
    endloop
  endfacet
  facet normal 0 0 -1
    outer loop
      vertex 8.22659 10.3972 0
      vertex 8.34999 10.6 0
      vertex 8.24998 10.1 0
    endloop
  endfacet
  facet normal 0 0 -1
    outer loop
      vertex 8.157 10.6871 0
      vertex 8.34999 10.6 0
      vertex 8.22659 10.3972 0
    endloop
  endfacet
  facet normal 0 0 -1
    outer loop
      vertex 8.34999 10.6 0
      vertex 8.157 10.6871 0
      vertex 8.32117 10.8926 0
    endloop
  endfacet
  facet normal 0 0 -1
    outer loop
      vertex 8.04291 10.9626 0
      vertex 8.32117 10.8926 0
      vertex 8.157 10.6871 0
    endloop
  endfacet
  facet normal 0 0 -1
    outer loop
      vertex 8.32117 10.8926 0
      vertex 8.04291 10.9626 0
      vertex 8.23581 11.174 0
    endloop
  endfacet
  facet normal 0 0 -1
    outer loop
      vertex 7.88713 11.2168 0
      vertex 8.23581 11.174 0
      vertex 8.04291 10.9626 0
    endloop
  endfacet
  facet normal 0 0 -1
    outer loop
      vertex 8.23581 11.174 0
      vertex 7.88713 11.2168 0
      vertex 8.0972 11.4333 0
    endloop
  endfacet
  facet normal 0 0 -1
    outer loop
      vertex 7.6935 11.4435 0
      vertex 8.0972 11.4333 0
      vertex 7.88713 11.2168 0
    endloop
  endfacet
  facet normal 0 0 -1
    outer loop
      vertex 8.0972 11.4333 0
      vertex 7.6935 11.4435 0
      vertex 7.91064 11.6606 0
    endloop
  endfacet
  facet normal 0 0 -1
    outer loop
      vertex 7.6935 11.4435 0
      vertex 7.68335 11.8472 0
      vertex 7.91064 11.6606 0
    endloop
  endfacet
  facet normal 0 0 -1
    outer loop
      vertex 7.46678 11.6371 0
      vertex 7.68335 11.8472 0
      vertex 7.6935 11.4435 0
    endloop
  endfacet
  facet normal 0 0 -1
    outer loop
      vertex 7.46678 11.6371 0
      vertex 7.42401 11.9858 0
      vertex 7.68335 11.8472 0
    endloop
  endfacet
  facet normal 0 0 -1
    outer loop
      vertex 7.21257 11.7929 0
      vertex 7.42401 11.9858 0
      vertex 7.46678 11.6371 0
    endloop
  endfacet
  facet normal 0 0 -1
    outer loop
      vertex 7.21257 11.7929 0
      vertex 7.14262 12.0712 0
      vertex 7.42401 11.9858 0
    endloop
  endfacet
  facet normal 0 0 -1
    outer loop
      vertex 6.93712 11.907 0
      vertex 7.14262 12.0712 0
      vertex 7.21257 11.7929 0
    endloop
  endfacet
  facet normal 0 0 -1
    outer loop
      vertex 6.93712 11.907 0
      vertex 6.84999 12.1 0
      vertex 7.14262 12.0712 0
    endloop
  endfacet
  facet normal 0 0 -1
    outer loop
      vertex 6.64722 11.9766 0
      vertex 6.84999 12.1 0
      vertex 6.93712 11.907 0
    endloop
  endfacet
  facet normal 0 0 -1
    outer loop
      vertex 6.34999 12 0
      vertex 6.84999 12.1 0
      vertex 6.64722 11.9766 0
    endloop
  endfacet
  facet normal 0 0 -1
    outer loop
      vertex -6.34999 12 0
      vertex 6.84999 12.1 0
      vertex 6.34999 12 0
    endloop
  endfacet
  facet normal 0 0 -1
    outer loop
      vertex -6.34999 12 0
      vertex -6.84999 12.1 0
      vertex 6.84999 12.1 0
    endloop
  endfacet
  facet normal 0 0 -1
    outer loop
      vertex -6.64722 11.9766 0
      vertex -6.84999 12.1 0
      vertex -6.34999 12 0
    endloop
  endfacet
  facet normal 0 0 -1
    outer loop
      vertex -6.93712 11.907 0
      vertex -6.84999 12.1 0
      vertex -6.64722 11.9766 0
    endloop
  endfacet
  facet normal 0 0 -1
    outer loop
      vertex -6.93712 11.907 0
      vertex -7.14262 12.0712 0
      vertex -6.84999 12.1 0
    endloop
  endfacet
  facet normal 0 0 -1
    outer loop
      vertex -7.21257 11.7929 0
      vertex -7.14262 12.0712 0
      vertex -6.93712 11.907 0
    endloop
  endfacet
  facet normal 0 0 -1
    outer loop
      vertex -7.21257 11.7929 0
      vertex -7.42401 11.9858 0
      vertex -7.14262 12.0712 0
    endloop
  endfacet
  facet normal 0 0 -1
    outer loop
      vertex -7.46678 11.6371 0
      vertex -7.42401 11.9858 0
      vertex -7.21257 11.7929 0
    endloop
  endfacet
  facet normal 0 0 -1
    outer loop
      vertex -7.46678 11.6371 0
      vertex -7.68335 11.8472 0
      vertex -7.42401 11.9858 0
    endloop
  endfacet
  facet normal 0 0 -1
    outer loop
      vertex -7.6935 11.4435 0
      vertex -7.68335 11.8472 0
      vertex -7.46678 11.6371 0
    endloop
  endfacet
  facet normal 0 0 -1
    outer loop
      vertex -8.0972 11.4333 0
      vertex -7.6935 11.4435 0
      vertex -7.88713 11.2168 0
    endloop
  endfacet
  facet normal 0 0 -1
    outer loop
      vertex -7.6935 11.4435 0
      vertex -7.91064 11.6606 0
      vertex -7.68335 11.8472 0
    endloop
  endfacet
  facet normal 0 0 -1
    outer loop
      vertex -8.23581 11.174 0
      vertex -7.88713 11.2168 0
      vertex -8.04291 10.9626 0
    endloop
  endfacet
  facet normal -0 0 -1
    outer loop
      vertex -7.6935 11.4435 0
      vertex -8.0972 11.4333 0
      vertex -7.91064 11.6606 0
    endloop
  endfacet
  facet normal 0 0 -1
    outer loop
      vertex -8.32117 10.8926 0
      vertex -8.04291 10.9626 0
      vertex -8.157 10.6871 0
    endloop
  endfacet
  facet normal 0 0 -1
    outer loop
      vertex -8.34999 10.6 0
      vertex -8.157 10.6871 0
      vertex -8.22659 10.3972 0
    endloop
  endfacet
  facet normal -0 0 -1
    outer loop
      vertex -7.88713 11.2168 0
      vertex -8.23581 11.174 0
      vertex -8.0972 11.4333 0
    endloop
  endfacet
  facet normal 0 0 -1
    outer loop
      vertex -8.34999 10.6 0
      vertex -8.22659 10.3972 0
      vertex -8.24998 10.1 0
    endloop
  endfacet
  facet normal -0 0 -1
    outer loop
      vertex -8.04291 10.9626 0
      vertex -8.32117 10.8926 0
      vertex -8.23581 11.174 0
    endloop
  endfacet
  facet normal -0 0 -1
    outer loop
      vertex -8.24998 -10.1 0
      vertex -8.34999 -10.6 0
      vertex -8.24998 10.1 0
    endloop
  endfacet
  facet normal 0 0 -1
    outer loop
      vertex -8.34999 10.6 0
      vertex -8.24998 10.1 0
      vertex -8.34999 -10.6 0
    endloop
  endfacet
  facet normal -0 0 -1
    outer loop
      vertex -8.157 10.6871 0
      vertex -8.34999 10.6 0
      vertex -8.32117 10.8926 0
    endloop
  endfacet
  facet normal -0.272593 -0.65807 -0.701881
    outer loop
      vertex -7.43712 -12.407 0.4
      vertex -7.71257 -12.2929 0.4
      vertex -7.42401 -11.9858 0
    endloop
  endfacet
  facet normal -0.203601 -0.670859 -0.713088
    outer loop
      vertex -7.14262 -12.0712 0
      vertex -7.43712 -12.407 0.4
      vertex -7.42401 -11.9858 0
    endloop
  endfacet
  facet normal 0.538472 -0.459922 -0.70606
    outer loop
      vertex 8.1935 -11.9435 0.4
      vertex 7.91064 -11.6606 0
      vertex 8.38713 -11.7168 0.4
    endloop
  endfacet
  facet normal 0.329104 -0.794312 0.510645
    outer loop
      vertex 7.43712 -12.407 0.41
      vertex 6.092 -10.6723 3.97525
      vertex 5.84382 -10.8137 3.91525
    endloop
  endfacet
  facet normal 0.329042 -0.794343 0.510637
    outer loop
      vertex 6.092 -10.6723 3.97525
      vertex 7.43712 -12.407 0.41
      vertex 7.71257 -12.2929 0.41
    endloop
  endfacet
  facet normal 0.0705392 -0.895628 0.439176
    outer loop
      vertex 6.84999 -12.5 0.41
      vertex 5.57056 -10.8999 3.87864
      vertex 5.27893 -10.9289 3.86634
    endloop
  endfacet
  facet normal 0.0705105 -0.895634 0.439168
    outer loop
      vertex 5.57056 -10.8999 3.87864
      vertex 6.84999 -12.5 0.41
      vertex 7.14722 -12.4766 0.41
    endloop
  endfacet
  facet normal 0.442883 -0.723142 0.530018
    outer loop
      vertex 7.71257 -12.2929 0.41
      vertex 6.29634 -10.4906 4.05241
      vertex 6.092 -10.6723 3.97525
    endloop
  endfacet
  facet normal 0.443548 -0.722704 0.53006
    outer loop
      vertex 6.29634 -10.4906 4.05241
      vertex 7.71257 -12.2929 0.41
      vertex 6.30922 -10.4796 4.05663
    endloop
  endfacet
  facet normal 0.443108 -0.722993 0.530034
    outer loop
      vertex 6.30922 -10.4796 4.05663
      vertex 7.71257 -12.2929 0.41
      vertex 7.96678 -12.1371 0.41
    endloop
  endfacet
  facet normal 0.371684 -0.606456 -0.702895
    outer loop
      vertex 7.71257 -12.2929 0.4
      vertex 7.68335 -11.8472 0
      vertex 7.96678 -12.1371 0.4
    endloop
  endfacet
  facet normal 0.852631 -0.522513 0
    outer loop
      vertex 8.38713 -11.7168 0.41
      vertex 8.54291 -11.4626 0.4
      vertex 8.54291 -11.4626 0.41
    endloop
  endfacet
  facet normal 0.852631 -0.522513 0
    outer loop
      vertex 8.54291 -11.4626 0.4
      vertex 8.38713 -11.7168 0.41
      vertex 8.38713 -11.7168 0.4
    endloop
  endfacet
  facet normal 0.92391 -0.382609 0
    outer loop
      vertex 8.54291 -11.4626 0.41
      vertex 8.657 -11.1871 0.4
      vertex 8.657 -11.1871 0.41
    endloop
  endfacet
  facet normal 0.92391 -0.382609 0
    outer loop
      vertex 8.657 -11.1871 0.4
      vertex 8.54291 -11.4626 0.41
      vertex 8.54291 -11.4626 0.4
    endloop
  endfacet
  facet normal 0.700263 -0.0689733 -0.710545
    outer loop
      vertex 8.72659 -10.8972 0.4
      vertex 8.32117 -10.8926 0
      vertex 8.34999 -10.6 0
    endloop
  endfacet
  facet normal -0.92391 -0.382609 0
    outer loop
      vertex -8.54291 -11.4626 0.4
      vertex -8.657 -11.1871 0.41
      vertex -8.657 -11.1871 0.4
    endloop
  endfacet
  facet normal -0.92391 -0.382609 0
    outer loop
      vertex -8.657 -11.1871 0.41
      vertex -8.54291 -11.4626 0.4
      vertex -8.54291 -11.4626 0.41
    endloop
  endfacet
  facet normal 0.204716 0.852689 0.480638
    outer loop
      vertex 7.14722 12.4766 0.41
      vertex 5.43712 10.407 4.81
      vertex 7.43712 12.407 0.41
    endloop
  endfacet
  facet normal 0.204716 0.852689 0.480638
    outer loop
      vertex 5.43712 10.407 4.81
      vertex 7.14722 12.4766 0.41
      vertex 5.14722 10.4766 4.81
    endloop
  endfacet
  facet normal 0.382697 -0.923874 0
    outer loop
      vertex 7.43712 -12.407 0.4
      vertex 7.71257 -12.2929 0.41
      vertex 7.43712 -12.407 0.41
    endloop
  endfacet
  facet normal 0.382697 -0.923874 0
    outer loop
      vertex 7.71257 -12.2929 0.41
      vertex 7.43712 -12.407 0.4
      vertex 7.71257 -12.2929 0.4
    endloop
  endfacet
  facet normal 0.658095 -0.27253 -0.701882
    outer loop
      vertex 8.54291 -11.4626 0.4
      vertex 8.23581 -11.174 0
      vertex 8.657 -11.1871 0.4
    endloop
  endfacet
  facet normal 0.670885 -0.203507 -0.71309
    outer loop
      vertex 8.657 -11.1871 0.4
      vertex 8.23581 -11.174 0
      vertex 8.32117 -10.8926 0
    endloop
  endfacet
  facet normal 0.723038 -0.443031 0.530037
    outer loop
      vertex 8.54291 -11.4626 0.41
      vertex 6.72751 -9.70848 4.35262
      vertex 6.64073 -9.97038 4.25209
    endloop
  endfacet
  facet normal 0.723027 -0.443048 0.530039
    outer loop
      vertex 6.72751 -9.70848 4.35262
      vertex 8.54291 -11.4626 0.41
      vertex 6.74375 -9.66341 4.36814
    endloop
  endfacet
  facet normal 0.723008 -0.443077 0.53004
    outer loop
      vertex 8.54291 -11.4626 0.41
      vertex 6.64073 -9.97038 4.25209
      vertex 8.38713 -11.7168 0.41
    endloop
  endfacet
  facet normal -0.649376 -0.760468 0
    outer loop
      vertex -8.1935 -11.9435 0.4
      vertex -7.96678 -12.1371 0.41
      vertex -8.1935 -11.9435 0.41
    endloop
  endfacet
  facet normal -0.649376 -0.760468 -0
    outer loop
      vertex -7.96678 -12.1371 0.41
      vertex -8.1935 -11.9435 0.4
      vertex -7.96678 -12.1371 0.4
    endloop
  endfacet
  facet normal -0.895644 0.0704883 0.439151
    outer loop
      vertex -8.74998 10.6 0.41
      vertex -6.72659 8.89722 4.81
      vertex -8.72659 10.8972 0.41
    endloop
  endfacet
  facet normal -0.895645 0.0704813 0.439149
    outer loop
      vertex -6.72659 8.89722 4.81
      vertex -8.74998 10.6 0.41
      vertex -6.74998 8.59999 4.81
    endloop
  endfacet
  facet normal -0.496815 -0.581807 -0.643953
    outer loop
      vertex 6.4935 10.2435 2.01
      vertex 7.46678 11.6371 0
      vertex 7.6935 11.4435 0
    endloop
  endfacet
  facet normal -0.496815 -0.581807 -0.643953
    outer loop
      vertex 7.46678 11.6371 0
      vertex 6.4935 10.2435 2.01
      vertex 6.26678 10.4371 2.01
    endloop
  endfacet
  facet normal -0.301752 0.728462 -0.615053
    outer loop
      vertex 6.93712 -11.907 0
      vertex 6.01257 -10.5929 2.01
      vertex 7.21257 -11.7929 0
    endloop
  endfacet
  facet normal -0.301752 0.728462 -0.615053
    outer loop
      vertex 6.01257 -10.5929 2.01
      vertex 6.93712 -11.907 0
      vertex 5.73712 -10.707 2.01
    endloop
  endfacet
  facet normal -0.728476 0.301731 -0.615046
    outer loop
      vertex 8.157 -10.6871 0
      vertex 6.84291 -9.76257 2.01
      vertex 6.957 -9.48712 2.01
    endloop
  endfacet
  facet normal -0.728499 0.301686 -0.61504
    outer loop
      vertex 6.84291 -9.76257 2.01
      vertex 8.157 -10.6871 0
      vertex 8.04291 -10.9626 0
    endloop
  endfacet
  facet normal -0.858623 0 -0.512607
    outer loop
      vertex 8.24998 10.1 0
      vertex 7.04999 -8.89999 2.01
      vertex 7.04999 8.89999 2.01
    endloop
  endfacet
  facet normal -0.858623 0 -0.512607
    outer loop
      vertex 7.04999 -8.89999 2.01
      vertex 8.24998 10.1 0
      vertex 8.24998 -10.1 0
    endloop
  endfacet
  facet normal -0.83891 0.0660166 -0.540251
    outer loop
      vertex 8.24998 -10.1 0
      vertex 7.0266 -9.19722 2.01
      vertex 7.04999 -8.89999 2.01
    endloop
  endfacet
  facet normal -0.838909 0.0660231 -0.540253
    outer loop
      vertex 7.0266 -9.19722 2.01
      vertex 8.24998 -10.1 0
      vertex 8.22659 -10.3972 0
    endloop
  endfacet
  facet normal -0.301752 -0.728462 -0.615053
    outer loop
      vertex 6.93712 11.907 0
      vertex 6.01257 10.5929 2.01
      vertex 5.73712 10.707 2.01
    endloop
  endfacet
  facet normal -0.301752 -0.728462 -0.615053
    outer loop
      vertex 6.01257 10.5929 2.01
      vertex 6.93712 11.907 0
      vertex 7.21257 11.7929 0
    endloop
  endfacet
  facet normal -0.581745 0.496883 -0.643957
    outer loop
      vertex 6.4935 -10.2435 2.01
      vertex 7.88713 -11.2168 0
      vertex 7.6935 -11.4435 0
    endloop
  endfacet
  facet normal -0.581745 0.496883 -0.643957
    outer loop
      vertex 7.88713 -11.2168 0
      vertex 6.4935 -10.2435 2.01
      vertex 6.68713 -10.0168 2.01
    endloop
  endfacet
  facet normal 0 -0.858622 -0.51261
    outer loop
      vertex -6.34999 12 0
      vertex 5.14999 10.8 2.01
      vertex -5.14999 10.8 2.01
    endloop
  endfacet
  facet normal 0 -0.858622 -0.51261
    outer loop
      vertex 5.14999 10.8 2.01
      vertex -6.34999 12 0
      vertex 6.34999 12 0
    endloop
  endfacet
  facet normal 0.581745 -0.496883 -0.643957
    outer loop
      vertex -7.88713 11.2168 0
      vertex -6.4935 10.2435 2.01
      vertex -6.68713 10.0168 2.01
    endloop
  endfacet
  facet normal 0.581745 -0.496883 -0.643957
    outer loop
      vertex -6.4935 10.2435 2.01
      vertex -7.88713 11.2168 0
      vertex -7.6935 11.4435 0
    endloop
  endfacet
  facet normal 0.496815 -0.581807 -0.643953
    outer loop
      vertex -6.4935 10.2435 2.01
      vertex -7.46678 11.6371 0
      vertex -6.26678 10.4371 2.01
    endloop
  endfacet
  facet normal 0.496815 -0.581807 -0.643953
    outer loop
      vertex -7.46678 11.6371 0
      vertex -6.4935 10.2435 2.01
      vertex -7.6935 11.4435 0
    endloop
  endfacet
  facet normal 0.066044 0.838899 -0.540265
    outer loop
      vertex -6.34999 -12 0
      vertex -5.44722 -10.7766 2.01
      vertex -5.14999 -10.8 2.01
    endloop
  endfacet
  facet normal 0.066044 0.838899 -0.540265
    outer loop
      vertex -5.44722 -10.7766 2.01
      vertex -6.34999 -12 0
      vertex -6.64722 -11.9766 0
    endloop
  endfacet
  facet normal 0 0 -1
    outer loop
      vertex -2.04999 -0.649994 2.01
      vertex -0.599991 0.649994 2.01
      vertex -0.599991 -0.649994 2.01
    endloop
  endfacet
  facet normal -0 0 -1
    outer loop
      vertex -0.599991 0.649994 2.01
      vertex -2.04999 -0.649994 2.01
      vertex -2.04999 0.649994 2.01
    endloop
  endfacet
  facet normal 0 0 -1
    outer loop
      vertex -0.599991 -0.649994 2.01
      vertex 0.599991 -0.649994 2.01
      vertex 0.599991 -2.04999 2.01
    endloop
  endfacet
  facet normal 0 0 -1
    outer loop
      vertex 0.599991 -0.649994 2.01
      vertex -0.599991 -0.649994 2.01
      vertex 0.599991 0.649994 2.01
    endloop
  endfacet
  facet normal 0 0 -1
    outer loop
      vertex -0.599991 -0.649994 2.01
      vertex 0.599991 -2.04999 2.01
      vertex -0.599991 -2.04999 2.01
    endloop
  endfacet
  facet normal 0 0 -1
    outer loop
      vertex -0.599991 0.649994 2.01
      vertex 0.599991 0.649994 2.01
      vertex -0.599991 -0.649994 2.01
    endloop
  endfacet
  facet normal 0 0 -1
    outer loop
      vertex 0.599991 0.649994 2.01
      vertex -0.599991 0.649994 2.01
      vertex 0.599991 2.04999 2.01
    endloop
  endfacet
  facet normal -0 0 -1
    outer loop
      vertex 0.599991 2.04999 2.01
      vertex -0.599991 0.649994 2.01
      vertex -0.599991 2.04999 2.01
    endloop
  endfacet
  facet normal 0 0 -1
    outer loop
      vertex 0.599991 -0.649994 2.01
      vertex 2.04999 0.649994 2.01
      vertex 2.04999 -0.649994 2.01
    endloop
  endfacet
  facet normal -0 0 -1
    outer loop
      vertex 2.04999 0.649994 2.01
      vertex 0.599991 -0.649994 2.01
      vertex 0.599991 0.649994 2.01
    endloop
  endfacet
  facet normal 0 0 -1
    outer loop
      vertex 5.14999 -10.8 2.01
      vertex 7.04999 -8.89999 2.01
      vertex 7.0266 -9.19722 2.01
    endloop
  endfacet
  facet normal 0 0 -1
    outer loop
      vertex 7.04999 -8.89999 2.01
      vertex 2.75 0 2.01
      vertex 7.04999 8.89999 2.01
    endloop
  endfacet
  facet normal 0 0 -1
    outer loop
      vertex 5.14999 -10.8 2.01
      vertex 7.0266 -9.19722 2.01
      vertex 6.957 -9.48712 2.01
    endloop
  endfacet
  facet normal 0 0 -1
    outer loop
      vertex 2.73388 0.297327 2.01
      vertex 7.04999 8.89999 2.01
      vertex 2.75 0 2.01
    endloop
  endfacet
  facet normal 0 0 -1
    outer loop
      vertex 5.14999 -10.8 2.01
      vertex 6.957 -9.48712 2.01
      vertex 6.84291 -9.76257 2.01
    endloop
  endfacet
  facet normal 0 0 -1
    outer loop
      vertex 2.68571 0.591168 2.01
      vertex 7.04999 8.89999 2.01
      vertex 2.73388 0.297327 2.01
    endloop
  endfacet
  facet normal 0 0 -1
    outer loop
      vertex 5.14999 -10.8 2.01
      vertex 6.84291 -9.76257 2.01
      vertex 6.68713 -10.0168 2.01
    endloop
  endfacet
  facet normal 0 0 -1
    outer loop
      vertex 2.60605 0.878078 2.01
      vertex 7.04999 8.89999 2.01
      vertex 2.68571 0.591168 2.01
    endloop
  endfacet
  facet normal 0 0 -1
    outer loop
      vertex 5.14999 -10.8 2.01
      vertex 6.68713 -10.0168 2.01
      vertex 6.4935 -10.2435 2.01
    endloop
  endfacet
  facet normal 0 0 -1
    outer loop
      vertex 2.49583 1.15469 2.01
      vertex 7.04999 8.89999 2.01
      vertex 2.60605 0.878078 2.01
    endloop
  endfacet
  facet normal 0 0 -1
    outer loop
      vertex 5.14999 -10.8 2.01
      vertex 6.4935 -10.2435 2.01
      vertex 6.26678 -10.4371 2.01
    endloop
  endfacet
  facet normal 0 0 -1
    outer loop
      vertex 2.35636 1.41777 2.01
      vertex 7.04999 8.89999 2.01
      vertex 2.49583 1.15469 2.01
    endloop
  endfacet
  facet normal 0 0 -1
    outer loop
      vertex 5.14999 -10.8 2.01
      vertex 6.26678 -10.4371 2.01
      vertex 6.01257 -10.5929 2.01
    endloop
  endfacet
  facet normal 0 0 -1
    outer loop
      vertex 2.18926 1.66423 2.01
      vertex 7.04999 8.89999 2.01
      vertex 2.35636 1.41777 2.01
    endloop
  endfacet
  facet normal 0 0 -1
    outer loop
      vertex 5.14999 -10.8 2.01
      vertex 6.01257 -10.5929 2.01
      vertex 5.73712 -10.707 2.01
    endloop
  endfacet
  facet normal 0 0 -1
    outer loop
      vertex 1.99649 1.89117 2.01
      vertex 7.04999 8.89999 2.01
      vertex 2.18926 1.66423 2.01
    endloop
  endfacet
  facet normal 0 0 -1
    outer loop
      vertex 5.14999 -10.8 2.01
      vertex 5.73712 -10.707 2.01
      vertex 5.44722 -10.7766 2.01
    endloop
  endfacet
  facet normal 0 0 -1
    outer loop
      vertex 1.78031 2.09595 2.01
      vertex 7.04999 8.89999 2.01
      vertex 1.99649 1.89117 2.01
    endloop
  endfacet
  facet normal 0 0 -1
    outer loop
      vertex 1.01788 -2.55469 2.01
      vertex 7.04999 -8.89999 2.01
      vertex 5.14999 -10.8 2.01
    endloop
  endfacet
  facet normal 0 0 -1
    outer loop
      vertex 1.54326 2.27614 2.01
      vertex 7.04999 8.89999 2.01
      vertex 1.78031 2.09595 2.01
    endloop
  endfacet
  facet normal 0 0 -1
    outer loop
      vertex 1.28812 2.42966 2.01
      vertex 7.04999 8.89999 2.01
      vertex 1.54326 2.27614 2.01
    endloop
  endfacet
  facet normal 0 0 -1
    outer loop
      vertex 7.04999 -8.89999 2.01
      vertex 2.73388 -0.297327 2.01
      vertex 2.75 0 2.01
    endloop
  endfacet
  facet normal 0 0 -1
    outer loop
      vertex 7.04999 -8.89999 2.01
      vertex 2.68571 -0.591168 2.01
      vertex 2.73388 -0.297327 2.01
    endloop
  endfacet
  facet normal 0 0 -1
    outer loop
      vertex 7.04999 -8.89999 2.01
      vertex 2.60605 -0.878078 2.01
      vertex 2.68571 -0.591168 2.01
    endloop
  endfacet
  facet normal 0 0 -1
    outer loop
      vertex 7.04999 -8.89999 2.01
      vertex 2.49583 -1.15469 2.01
      vertex 2.60605 -0.878078 2.01
    endloop
  endfacet
  facet normal 0 0 -1
    outer loop
      vertex 7.04999 -8.89999 2.01
      vertex 2.35636 -1.41777 2.01
      vertex 2.49583 -1.15469 2.01
    endloop
  endfacet
  facet normal 0 0 -1
    outer loop
      vertex 7.04999 -8.89999 2.01
      vertex 2.18926 -1.66423 2.01
      vertex 2.35636 -1.41777 2.01
    endloop
  endfacet
  facet normal 0 0 -1
    outer loop
      vertex 7.04999 -8.89999 2.01
      vertex 1.99649 -1.89117 2.01
      vertex 2.18926 -1.66423 2.01
    endloop
  endfacet
  facet normal 0 0 -1
    outer loop
      vertex 7.04999 -8.89999 2.01
      vertex 1.78031 -2.09595 2.01
      vertex 1.99649 -1.89117 2.01
    endloop
  endfacet
  facet normal 0 0 -1
    outer loop
      vertex 7.04999 -8.89999 2.01
      vertex 1.54326 -2.27614 2.01
      vertex 1.78031 -2.09595 2.01
    endloop
  endfacet
  facet normal 0 0 -1
    outer loop
      vertex 7.04999 -8.89999 2.01
      vertex 1.28812 -2.42966 2.01
      vertex 1.54326 -2.27614 2.01
    endloop
  endfacet
  facet normal 0 0 -1
    outer loop
      vertex 7.04999 -8.89999 2.01
      vertex 1.01788 -2.55469 2.01
      vertex 1.28812 -2.42966 2.01
    endloop
  endfacet
  facet normal 0 0 -1
    outer loop
      vertex 5.14999 -10.8 2.01
      vertex 0.735703 -2.64976 2.01
      vertex 1.01788 -2.55469 2.01
    endloop
  endfacet
  facet normal 0 0 -1
    outer loop
      vertex 5.14999 -10.8 2.01
      vertex 0.4449 -2.71377 2.01
      vertex 0.735703 -2.64976 2.01
    endloop
  endfacet
  facet normal 0 0 -1
    outer loop
      vertex 5.14999 -10.8 2.01
      vertex 0.148882 -2.74597 2.01
      vertex 0.4449 -2.71377 2.01
    endloop
  endfacet
  facet normal 0 0 -1
    outer loop
      vertex 5.14999 -10.8 2.01
      vertex -0.148882 -2.74597 2.01
      vertex 0.148882 -2.74597 2.01
    endloop
  endfacet
  facet normal 0 0 -1
    outer loop
      vertex -5.14999 -10.8 2.01
      vertex -0.148882 -2.74597 2.01
      vertex 5.14999 -10.8 2.01
    endloop
  endfacet
  facet normal -0 0 -1
    outer loop
      vertex -0.148882 -2.74597 2.01
      vertex -5.14999 -10.8 2.01
      vertex -0.4449 -2.71377 2.01
    endloop
  endfacet
  facet normal -0 0 -1
    outer loop
      vertex -0.4449 -2.71377 2.01
      vertex -5.14999 -10.8 2.01
      vertex -0.735703 -2.64976 2.01
    endloop
  endfacet
  facet normal -0 0 -1
    outer loop
      vertex -0.735703 -2.64976 2.01
      vertex -5.14999 -10.8 2.01
      vertex -1.01788 -2.55469 2.01
    endloop
  endfacet
  facet normal 0 0 -1
    outer loop
      vertex -7.04999 -8.89999 2.01
      vertex -1.01788 -2.55469 2.01
      vertex -5.14999 -10.8 2.01
    endloop
  endfacet
  facet normal -0 0 -1
    outer loop
      vertex -1.01788 -2.55469 2.01
      vertex -7.04999 -8.89999 2.01
      vertex -1.28812 -2.42966 2.01
    endloop
  endfacet
  facet normal -0 0 -1
    outer loop
      vertex -1.28812 -2.42966 2.01
      vertex -7.04999 -8.89999 2.01
      vertex -1.54326 -2.27614 2.01
    endloop
  endfacet
  facet normal -0 0 -1
    outer loop
      vertex -1.54326 -2.27614 2.01
      vertex -7.04999 -8.89999 2.01
      vertex -1.78031 -2.09595 2.01
    endloop
  endfacet
  facet normal -0 0 -1
    outer loop
      vertex -2.68571 -0.591168 2.01
      vertex -7.04999 -8.89999 2.01
      vertex -2.73388 -0.297327 2.01
    endloop
  endfacet
  facet normal -0 0 -1
    outer loop
      vertex -2.60605 -0.878078 2.01
      vertex -7.04999 -8.89999 2.01
      vertex -2.68571 -0.591168 2.01
    endloop
  endfacet
  facet normal -0 0 -1
    outer loop
      vertex -2.49583 -1.15469 2.01
      vertex -7.04999 -8.89999 2.01
      vertex -2.60605 -0.878078 2.01
    endloop
  endfacet
  facet normal -0 0 -1
    outer loop
      vertex -2.35636 -1.41777 2.01
      vertex -7.04999 -8.89999 2.01
      vertex -2.49583 -1.15469 2.01
    endloop
  endfacet
  facet normal -0 0 -1
    outer loop
      vertex -2.18926 -1.66423 2.01
      vertex -7.04999 -8.89999 2.01
      vertex -2.35636 -1.41777 2.01
    endloop
  endfacet
  facet normal -0 0 -1
    outer loop
      vertex -1.99649 -1.89117 2.01
      vertex -7.04999 -8.89999 2.01
      vertex -2.18926 -1.66423 2.01
    endloop
  endfacet
  facet normal -0 0 -1
    outer loop
      vertex -1.78031 -2.09595 2.01
      vertex -7.04999 -8.89999 2.01
      vertex -1.99649 -1.89117 2.01
    endloop
  endfacet
  facet normal 0 0 -1
    outer loop
      vertex 1.01788 2.55469 2.01
      vertex 7.04999 8.89999 2.01
      vertex 1.28812 2.42966 2.01
    endloop
  endfacet
  facet normal 0 0 -1
    outer loop
      vertex 7.04999 8.89999 2.01
      vertex 5.14999 10.8 2.01
      vertex 7.0266 9.19722 2.01
    endloop
  endfacet
  facet normal 0 0 -1
    outer loop
      vertex 7.0266 9.19722 2.01
      vertex 5.14999 10.8 2.01
      vertex 6.957 9.48712 2.01
    endloop
  endfacet
  facet normal 0 0 -1
    outer loop
      vertex 6.84291 9.76257 2.01
      vertex 5.14999 10.8 2.01
      vertex 6.68713 10.0168 2.01
    endloop
  endfacet
  facet normal 0 0 -1
    outer loop
      vertex 6.68713 10.0168 2.01
      vertex 5.14999 10.8 2.01
      vertex 6.4935 10.2435 2.01
    endloop
  endfacet
  facet normal 0 0 -1
    outer loop
      vertex 6.4935 10.2435 2.01
      vertex 5.14999 10.8 2.01
      vertex 6.26678 10.4371 2.01
    endloop
  endfacet
  facet normal 0 0 -1
    outer loop
      vertex 6.01257 10.5929 2.01
      vertex 5.14999 10.8 2.01
      vertex 5.73712 10.707 2.01
    endloop
  endfacet
  facet normal 0 0 -1
    outer loop
      vertex 5.73712 10.707 2.01
      vertex 5.14999 10.8 2.01
      vertex 5.44722 10.7766 2.01
    endloop
  endfacet
  facet normal 0 0 -1
    outer loop
      vertex 6.26678 10.4371 2.01
      vertex 5.14999 10.8 2.01
      vertex 6.01257 10.5929 2.01
    endloop
  endfacet
  facet normal 0 0 -1
    outer loop
      vertex 6.957 9.48712 2.01
      vertex 5.14999 10.8 2.01
      vertex 6.84291 9.76257 2.01
    endloop
  endfacet
  facet normal -0 0 -1
    outer loop
      vertex 7.04999 8.89999 2.01
      vertex 1.01788 2.55469 2.01
      vertex 5.14999 10.8 2.01
    endloop
  endfacet
  facet normal 0 0 -1
    outer loop
      vertex 0.735703 2.64976 2.01
      vertex 5.14999 10.8 2.01
      vertex 1.01788 2.55469 2.01
    endloop
  endfacet
  facet normal 0 0 -1
    outer loop
      vertex 0.4449 2.71377 2.01
      vertex 5.14999 10.8 2.01
      vertex 0.735703 2.64976 2.01
    endloop
  endfacet
  facet normal 0 0 -1
    outer loop
      vertex 0.148882 2.74597 2.01
      vertex 5.14999 10.8 2.01
      vertex 0.4449 2.71377 2.01
    endloop
  endfacet
  facet normal 0 0 -1
    outer loop
      vertex -0.148882 2.74597 2.01
      vertex 5.14999 10.8 2.01
      vertex 0.148882 2.74597 2.01
    endloop
  endfacet
  facet normal 0 0 -1
    outer loop
      vertex -5.14999 10.8 2.01
      vertex -0.148882 2.74597 2.01
      vertex -0.4449 2.71377 2.01
    endloop
  endfacet
  facet normal 0 0 -1
    outer loop
      vertex -5.14999 10.8 2.01
      vertex -0.4449 2.71377 2.01
      vertex -0.735703 2.64976 2.01
    endloop
  endfacet
  facet normal 0 0 -1
    outer loop
      vertex -5.14999 10.8 2.01
      vertex -0.735703 2.64976 2.01
      vertex -1.01788 2.55469 2.01
    endloop
  endfacet
  facet normal 0 0 -1
    outer loop
      vertex -7.04999 8.89999 2.01
      vertex -1.01788 2.55469 2.01
      vertex -1.28812 2.42966 2.01
    endloop
  endfacet
  facet normal 0 0 -1
    outer loop
      vertex -7.04999 8.89999 2.01
      vertex -1.28812 2.42966 2.01
      vertex -1.54326 2.27614 2.01
    endloop
  endfacet
  facet normal 0 0 -1
    outer loop
      vertex -7.04999 8.89999 2.01
      vertex -1.54326 2.27614 2.01
      vertex -1.78031 2.09595 2.01
    endloop
  endfacet
  facet normal 0 0 -1
    outer loop
      vertex -7.04999 8.89999 2.01
      vertex -1.78031 2.09595 2.01
      vertex -1.99649 1.89117 2.01
    endloop
  endfacet
  facet normal 0 0 -1
    outer loop
      vertex -7.04999 8.89999 2.01
      vertex -1.99649 1.89117 2.01
      vertex -2.18926 1.66423 2.01
    endloop
  endfacet
  facet normal -0 0 -1
    outer loop
      vertex -2.73388 -0.297327 2.01
      vertex -7.04999 -8.89999 2.01
      vertex -2.75 0 2.01
    endloop
  endfacet
  facet normal 0 0 -1
    outer loop
      vertex -7.04999 8.89999 2.01
      vertex -2.75 0 2.01
      vertex -7.04999 -8.89999 2.01
    endloop
  endfacet
  facet normal 0 0 -1
    outer loop
      vertex -0.148882 2.74597 2.01
      vertex -5.14999 10.8 2.01
      vertex 5.14999 10.8 2.01
    endloop
  endfacet
  facet normal 0 0 -1
    outer loop
      vertex -7.04999 8.89999 2.01
      vertex -2.18926 1.66423 2.01
      vertex -2.35636 1.41777 2.01
    endloop
  endfacet
  facet normal 0 0 -1
    outer loop
      vertex -7.04999 8.89999 2.01
      vertex -2.35636 1.41777 2.01
      vertex -2.49583 1.15469 2.01
    endloop
  endfacet
  facet normal 0 0 -1
    outer loop
      vertex -7.04999 8.89999 2.01
      vertex -2.49583 1.15469 2.01
      vertex -2.60605 0.878078 2.01
    endloop
  endfacet
  facet normal 0 0 -1
    outer loop
      vertex -7.04999 8.89999 2.01
      vertex -2.60605 0.878078 2.01
      vertex -2.68571 0.591168 2.01
    endloop
  endfacet
  facet normal 0 0 -1
    outer loop
      vertex -2.75 0 2.01
      vertex -7.04999 8.89999 2.01
      vertex -2.73388 0.297327 2.01
    endloop
  endfacet
  facet normal 0 0 -1
    outer loop
      vertex -7.04999 -8.89999 2.01
      vertex -5.14999 -10.8 2.01
      vertex -5.44722 -10.7766 2.01
    endloop
  endfacet
  facet normal 0 0 -1
    outer loop
      vertex -2.73388 0.297327 2.01
      vertex -7.04999 8.89999 2.01
      vertex -2.68571 0.591168 2.01
    endloop
  endfacet
  facet normal 0 0 -1
    outer loop
      vertex -7.04999 -8.89999 2.01
      vertex -5.44722 -10.7766 2.01
      vertex -5.73712 -10.707 2.01
    endloop
  endfacet
  facet normal 0 0 -1
    outer loop
      vertex -1.01788 2.55469 2.01
      vertex -7.04999 8.89999 2.01
      vertex -5.14999 10.8 2.01
    endloop
  endfacet
  facet normal 0 0 -1
    outer loop
      vertex -7.04999 -8.89999 2.01
      vertex -5.73712 -10.707 2.01
      vertex -6.01257 -10.5929 2.01
    endloop
  endfacet
  facet normal 0 0 -1
    outer loop
      vertex -5.14999 10.8 2.01
      vertex -7.04999 8.89999 2.01
      vertex -5.44722 10.7766 2.01
    endloop
  endfacet
  facet normal 0 0 -1
    outer loop
      vertex -7.04999 -8.89999 2.01
      vertex -6.01257 -10.5929 2.01
      vertex -6.26678 -10.4371 2.01
    endloop
  endfacet
  facet normal 0 0 -1
    outer loop
      vertex -5.44722 10.7766 2.01
      vertex -7.04999 8.89999 2.01
      vertex -5.73712 10.707 2.01
    endloop
  endfacet
  facet normal 0 0 -1
    outer loop
      vertex -7.04999 -8.89999 2.01
      vertex -6.26678 -10.4371 2.01
      vertex -6.4935 -10.2435 2.01
    endloop
  endfacet
  facet normal 0 0 -1
    outer loop
      vertex -5.73712 10.707 2.01
      vertex -7.04999 8.89999 2.01
      vertex -6.01257 10.5929 2.01
    endloop
  endfacet
  facet normal 0 0 -1
    outer loop
      vertex -7.04999 -8.89999 2.01
      vertex -6.4935 -10.2435 2.01
      vertex -6.68713 -10.0168 2.01
    endloop
  endfacet
  facet normal 0 0 -1
    outer loop
      vertex -6.01257 10.5929 2.01
      vertex -7.04999 8.89999 2.01
      vertex -6.26678 10.4371 2.01
    endloop
  endfacet
  facet normal 0 0 -1
    outer loop
      vertex -7.04999 -8.89999 2.01
      vertex -6.68713 -10.0168 2.01
      vertex -6.84291 -9.76257 2.01
    endloop
  endfacet
  facet normal 0 0 -1
    outer loop
      vertex -6.26678 10.4371 2.01
      vertex -7.04999 8.89999 2.01
      vertex -6.4935 10.2435 2.01
    endloop
  endfacet
  facet normal 0 0 -1
    outer loop
      vertex -7.04999 -8.89999 2.01
      vertex -6.84291 -9.76257 2.01
      vertex -6.957 -9.48712 2.01
    endloop
  endfacet
  facet normal 0 0 -1
    outer loop
      vertex -6.4935 10.2435 2.01
      vertex -7.04999 8.89999 2.01
      vertex -6.68713 10.0168 2.01
    endloop
  endfacet
  facet normal 0 0 -1
    outer loop
      vertex -7.04999 -8.89999 2.01
      vertex -6.957 -9.48712 2.01
      vertex -7.0266 -9.19722 2.01
    endloop
  endfacet
  facet normal 0 0 -1
    outer loop
      vertex -6.68713 10.0168 2.01
      vertex -7.04999 8.89999 2.01
      vertex -6.84291 9.76257 2.01
    endloop
  endfacet
  facet normal 0 0 -1
    outer loop
      vertex -6.84291 9.76257 2.01
      vertex -7.04999 8.89999 2.01
      vertex -6.957 9.48712 2.01
    endloop
  endfacet
  facet normal 0 0 -1
    outer loop
      vertex -6.957 9.48712 2.01
      vertex -7.04999 8.89999 2.01
      vertex -7.0266 9.19722 2.01
    endloop
  endfacet
  facet normal 0.581745 0.496883 -0.643957
    outer loop
      vertex -7.88713 -11.2168 0
      vertex -6.4935 -10.2435 2.01
      vertex -7.6935 -11.4435 0
    endloop
  endfacet
  facet normal 0.581745 0.496883 -0.643957
    outer loop
      vertex -6.4935 -10.2435 2.01
      vertex -7.88713 -11.2168 0
      vertex -6.68713 -10.0168 2.01
    endloop
  endfacet
  facet normal 0.301752 -0.728462 -0.615053
    outer loop
      vertex -6.93712 11.907 0
      vertex -6.01257 10.5929 2.01
      vertex -7.21257 11.7929 0
    endloop
  endfacet
  facet normal 0.301752 -0.728462 -0.615053
    outer loop
      vertex -6.01257 10.5929 2.01
      vertex -6.93712 11.907 0
      vertex -5.73712 10.707 2.01
    endloop
  endfacet
  facet normal -0.789154 0.189462 -0.584243
    outer loop
      vertex 8.22659 -10.3972 0
      vertex 6.957 -9.48712 2.01
      vertex 7.0266 -9.19722 2.01
    endloop
  endfacet
  facet normal -0.789164 0.189437 -0.584238
    outer loop
      vertex 6.957 -9.48712 2.01
      vertex 8.22659 -10.3972 0
      vertex 8.157 -10.6871 0
    endloop
  endfacet
  facet normal 0.403873 -0.658976 -0.634537
    outer loop
      vertex -7.21257 11.7929 0
      vertex -6.26678 10.4371 2.01
      vertex -7.46678 11.6371 0
    endloop
  endfacet
  facet normal 0.403873 -0.658976 -0.634537
    outer loop
      vertex -6.26678 10.4371 2.01
      vertex -7.21257 11.7929 0
      vertex -6.01257 10.5929 2.01
    endloop
  endfacet
  facet normal 0.789154 0.189462 -0.584243
    outer loop
      vertex -6.957 -9.48712 2.01
      vertex -8.22659 -10.3972 0
      vertex -7.0266 -9.19722 2.01
    endloop
  endfacet
  facet normal 0.789164 0.189437 -0.584238
    outer loop
      vertex -8.22659 -10.3972 0
      vertex -6.957 -9.48712 2.01
      vertex -8.157 -10.6871 0
    endloop
  endfacet
  facet normal -0.403873 0.658976 -0.634537
    outer loop
      vertex 7.21257 -11.7929 0
      vertex 6.26678 -10.4371 2.01
      vertex 7.46678 -11.6371 0
    endloop
  endfacet
  facet normal -0.403873 0.658976 -0.634537
    outer loop
      vertex 6.26678 -10.4371 2.01
      vertex 7.21257 -11.7929 0
      vertex 6.01257 -10.5929 2.01
    endloop
  endfacet
  facet normal -0.496815 0.581807 -0.643953
    outer loop
      vertex 7.46678 -11.6371 0
      vertex 6.4935 -10.2435 2.01
      vertex 7.6935 -11.4435 0
    endloop
  endfacet
  facet normal -0.496815 0.581807 -0.643953
    outer loop
      vertex 6.4935 -10.2435 2.01
      vertex 7.46678 -11.6371 0
      vertex 6.26678 -10.4371 2.01
    endloop
  endfacet
  facet normal 0.83891 0.0660166 -0.540251
    outer loop
      vertex -7.0266 -9.19722 2.01
      vertex -8.24998 -10.1 0
      vertex -7.04999 -8.89999 2.01
    endloop
  endfacet
  facet normal 0.838909 0.0660231 -0.540253
    outer loop
      vertex -8.24998 -10.1 0
      vertex -7.0266 -9.19722 2.01
      vertex -8.22659 -10.3972 0
    endloop
  endfacet
  facet normal 0 0.858622 -0.51261
    outer loop
      vertex 6.34999 -12 0
      vertex -5.14999 -10.8 2.01
      vertex 5.14999 -10.8 2.01
    endloop
  endfacet
  facet normal 0 0.858622 -0.51261
    outer loop
      vertex -5.14999 -10.8 2.01
      vertex 6.34999 -12 0
      vertex -6.34999 -12 0
    endloop
  endfacet
  facet normal 0.189462 0.789151 -0.584247
    outer loop
      vertex -6.64722 -11.9766 0
      vertex -5.73712 -10.707 2.01
      vertex -5.44722 -10.7766 2.01
    endloop
  endfacet
  facet normal 0.189462 0.789151 -0.584247
    outer loop
      vertex -5.73712 -10.707 2.01
      vertex -6.64722 -11.9766 0
      vertex -6.93712 -11.907 0
    endloop
  endfacet
  facet normal 0.838909 -0.0660231 -0.540253
    outer loop
      vertex -7.0266 9.19722 2.01
      vertex -8.24998 10.1 0
      vertex -8.22659 10.3972 0
    endloop
  endfacet
  facet normal 0.83891 -0.0660166 -0.540251
    outer loop
      vertex -8.24998 10.1 0
      vertex -7.0266 9.19722 2.01
      vertex -7.04999 8.89999 2.01
    endloop
  endfacet
  facet normal 0.301752 0.728462 -0.615053
    outer loop
      vertex -6.93712 -11.907 0
      vertex -6.01257 -10.5929 2.01
      vertex -5.73712 -10.707 2.01
    endloop
  endfacet
  facet normal 0.301752 0.728462 -0.615053
    outer loop
      vertex -6.01257 -10.5929 2.01
      vertex -6.93712 -11.907 0
      vertex -7.21257 -11.7929 0
    endloop
  endfacet
  facet normal 0.658995 -0.403848 -0.634533
    outer loop
      vertex -6.68713 10.0168 2.01
      vertex -8.04291 10.9626 0
      vertex -7.88713 11.2168 0
    endloop
  endfacet
  facet normal 0.659017 -0.403814 -0.634532
    outer loop
      vertex -8.04291 10.9626 0
      vertex -6.68713 10.0168 2.01
      vertex -6.84291 9.76257 2.01
    endloop
  endfacet
  facet normal 0.728499 -0.301686 -0.61504
    outer loop
      vertex -6.84291 9.76257 2.01
      vertex -8.157 10.6871 0
      vertex -8.04291 10.9626 0
    endloop
  endfacet
  facet normal 0.728476 -0.301731 -0.615046
    outer loop
      vertex -8.157 10.6871 0
      vertex -6.84291 9.76257 2.01
      vertex -6.957 9.48712 2.01
    endloop
  endfacet
  facet normal -0.728499 -0.301686 -0.61504
    outer loop
      vertex 8.157 10.6871 0
      vertex 6.84291 9.76257 2.01
      vertex 8.04291 10.9626 0
    endloop
  endfacet
  facet normal -0.728476 -0.301731 -0.615046
    outer loop
      vertex 6.84291 9.76257 2.01
      vertex 8.157 10.6871 0
      vertex 6.957 9.48712 2.01
    endloop
  endfacet
  facet normal -0.581745 -0.496883 -0.643957
    outer loop
      vertex 6.4935 10.2435 2.01
      vertex 7.88713 11.2168 0
      vertex 6.68713 10.0168 2.01
    endloop
  endfacet
  facet normal -0.581745 -0.496883 -0.643957
    outer loop
      vertex 7.88713 11.2168 0
      vertex 6.4935 10.2435 2.01
      vertex 7.6935 11.4435 0
    endloop
  endfacet
  facet normal 0.189462 -0.789151 -0.584247
    outer loop
      vertex -6.64722 11.9766 0
      vertex -5.73712 10.707 2.01
      vertex -6.93712 11.907 0
    endloop
  endfacet
  facet normal 0.189462 -0.789151 -0.584247
    outer loop
      vertex -5.73712 10.707 2.01
      vertex -6.64722 11.9766 0
      vertex -5.44722 10.7766 2.01
    endloop
  endfacet
  facet normal 0.858623 0 -0.512607
    outer loop
      vertex -7.04999 -8.89999 2.01
      vertex -8.24998 10.1 0
      vertex -7.04999 8.89999 2.01
    endloop
  endfacet
  facet normal 0.858623 0 -0.512607
    outer loop
      vertex -8.24998 10.1 0
      vertex -7.04999 -8.89999 2.01
      vertex -8.24998 -10.1 0
    endloop
  endfacet
  facet normal 0.496815 0.581807 -0.643953
    outer loop
      vertex -7.46678 -11.6371 0
      vertex -6.4935 -10.2435 2.01
      vertex -6.26678 -10.4371 2.01
    endloop
  endfacet
  facet normal 0.496815 0.581807 -0.643953
    outer loop
      vertex -6.4935 -10.2435 2.01
      vertex -7.46678 -11.6371 0
      vertex -7.6935 -11.4435 0
    endloop
  endfacet
  facet normal 0.403873 0.658976 -0.634537
    outer loop
      vertex -7.21257 -11.7929 0
      vertex -6.26678 -10.4371 2.01
      vertex -6.01257 -10.5929 2.01
    endloop
  endfacet
  facet normal 0.403873 0.658976 -0.634537
    outer loop
      vertex -6.26678 -10.4371 2.01
      vertex -7.21257 -11.7929 0
      vertex -7.46678 -11.6371 0
    endloop
  endfacet
  facet normal -0.789164 -0.189437 -0.584238
    outer loop
      vertex 8.22659 10.3972 0
      vertex 6.957 9.48712 2.01
      vertex 8.157 10.6871 0
    endloop
  endfacet
  facet normal -0.789154 -0.189462 -0.584243
    outer loop
      vertex 6.957 9.48712 2.01
      vertex 8.22659 10.3972 0
      vertex 7.0266 9.19722 2.01
    endloop
  endfacet
  facet normal 0.789164 -0.189437 -0.584238
    outer loop
      vertex -6.957 9.48712 2.01
      vertex -8.22659 10.3972 0
      vertex -8.157 10.6871 0
    endloop
  endfacet
  facet normal 0.789154 -0.189462 -0.584243
    outer loop
      vertex -8.22659 10.3972 0
      vertex -6.957 9.48712 2.01
      vertex -7.0266 9.19722 2.01
    endloop
  endfacet
  facet normal 0.066044 -0.838899 -0.540265
    outer loop
      vertex -6.34999 12 0
      vertex -5.44722 10.7766 2.01
      vertex -6.64722 11.9766 0
    endloop
  endfacet
  facet normal 0.066044 -0.838899 -0.540265
    outer loop
      vertex -5.44722 10.7766 2.01
      vertex -6.34999 12 0
      vertex -5.14999 10.8 2.01
    endloop
  endfacet
  facet normal -0.189462 0.789151 -0.584247
    outer loop
      vertex 6.64722 -11.9766 0
      vertex 5.73712 -10.707 2.01
      vertex 6.93712 -11.907 0
    endloop
  endfacet
  facet normal -0.189462 0.789151 -0.584247
    outer loop
      vertex 5.73712 -10.707 2.01
      vertex 6.64722 -11.9766 0
      vertex 5.44722 -10.7766 2.01
    endloop
  endfacet
  facet normal -0.403873 -0.658976 -0.634537
    outer loop
      vertex 7.21257 11.7929 0
      vertex 6.26678 10.4371 2.01
      vertex 6.01257 10.5929 2.01
    endloop
  endfacet
  facet normal -0.403873 -0.658976 -0.634537
    outer loop
      vertex 6.26678 10.4371 2.01
      vertex 7.21257 11.7929 0
      vertex 7.46678 11.6371 0
    endloop
  endfacet
  facet normal -0.066044 -0.838899 -0.540265
    outer loop
      vertex 6.34999 12 0
      vertex 5.44722 10.7766 2.01
      vertex 5.14999 10.8 2.01
    endloop
  endfacet
  facet normal -0.066044 -0.838899 -0.540265
    outer loop
      vertex 5.44722 10.7766 2.01
      vertex 6.34999 12 0
      vertex 6.64722 11.9766 0
    endloop
  endfacet
  facet normal 0.728476 0.301731 -0.615046
    outer loop
      vertex -6.84291 -9.76257 2.01
      vertex -8.157 -10.6871 0
      vertex -6.957 -9.48712 2.01
    endloop
  endfacet
  facet normal 0.728499 0.301686 -0.61504
    outer loop
      vertex -8.157 -10.6871 0
      vertex -6.84291 -9.76257 2.01
      vertex -8.04291 -10.9626 0
    endloop
  endfacet
  facet normal 0.659017 0.403814 -0.634532
    outer loop
      vertex -6.68713 -10.0168 2.01
      vertex -8.04291 -10.9626 0
      vertex -6.84291 -9.76257 2.01
    endloop
  endfacet
  facet normal 0.658995 0.403848 -0.634533
    outer loop
      vertex -8.04291 -10.9626 0
      vertex -6.68713 -10.0168 2.01
      vertex -7.88713 -11.2168 0
    endloop
  endfacet
  facet normal -0.066044 0.838899 -0.540265
    outer loop
      vertex 6.34999 -12 0
      vertex 5.44722 -10.7766 2.01
      vertex 6.64722 -11.9766 0
    endloop
  endfacet
  facet normal -0.066044 0.838899 -0.540265
    outer loop
      vertex 5.44722 -10.7766 2.01
      vertex 6.34999 -12 0
      vertex 5.14999 -10.8 2.01
    endloop
  endfacet
  facet normal -0.659017 0.403814 -0.634532
    outer loop
      vertex 8.04291 -10.9626 0
      vertex 6.68713 -10.0168 2.01
      vertex 6.84291 -9.76257 2.01
    endloop
  endfacet
  facet normal -0.658995 0.403848 -0.634533
    outer loop
      vertex 6.68713 -10.0168 2.01
      vertex 8.04291 -10.9626 0
      vertex 7.88713 -11.2168 0
    endloop
  endfacet
  facet normal -0.838909 -0.0660231 -0.540253
    outer loop
      vertex 8.24998 10.1 0
      vertex 7.0266 9.19722 2.01
      vertex 8.22659 10.3972 0
    endloop
  endfacet
  facet normal -0.83891 -0.0660166 -0.540251
    outer loop
      vertex 7.0266 9.19722 2.01
      vertex 8.24998 10.1 0
      vertex 7.04999 8.89999 2.01
    endloop
  endfacet
  facet normal -0.189462 -0.789151 -0.584247
    outer loop
      vertex 6.64722 11.9766 0
      vertex 5.73712 10.707 2.01
      vertex 5.44722 10.7766 2.01
    endloop
  endfacet
  facet normal -0.189462 -0.789151 -0.584247
    outer loop
      vertex 5.73712 10.707 2.01
      vertex 6.64722 11.9766 0
      vertex 6.93712 11.907 0
    endloop
  endfacet
  facet normal -0.658995 -0.403848 -0.634533
    outer loop
      vertex 8.04291 10.9626 0
      vertex 6.68713 10.0168 2.01
      vertex 7.88713 11.2168 0
    endloop
  endfacet
  facet normal -0.659017 -0.403814 -0.634532
    outer loop
      vertex 6.68713 10.0168 2.01
      vertex 8.04291 10.9626 0
      vertex 6.84291 9.76257 2.01
    endloop
  endfacet
  facet normal 0.883521 0.468392 0
    outer loop
      vertex 2.49583 1.15469 2.01
      vertex 2.35636 1.41777 -1.3
      vertex 2.35636 1.41777 2.01
    endloop
  endfacet
  facet normal 0.883521 0.468392 0
    outer loop
      vertex 2.35636 1.41777 -1.3
      vertex 2.49583 1.15469 2.01
      vertex 2.49583 1.15469 -1.3
    endloop
  endfacet
  facet normal 0.986828 0.161773 0
    outer loop
      vertex 2.73388 0.297327 2.01
      vertex 2.68571 0.591168 -1.3
      vertex 2.68571 0.591168 2.01
    endloop
  endfacet
  facet normal 0.986828 0.161773 0
    outer loop
      vertex 2.68571 0.591168 -1.3
      vertex 2.73388 0.297327 2.01
      vertex 2.73388 0.297327 -1.3
    endloop
  endfacet
  facet normal 0.998534 0.0541369 0
    outer loop
      vertex 2.75 0 2.01
      vertex 2.73388 0.297327 -1.3
      vertex 2.73388 0.297327 2.01
    endloop
  endfacet
  facet normal 0.998534 0.0541369 0
    outer loop
      vertex 2.73388 0.297327 -1.3
      vertex 2.75 0 2.01
      vertex 2.75 0 -1.3
    endloop
  endfacet
  facet normal 0.96355 0.267528 0
    outer loop
      vertex 2.68571 0.591168 2.01
      vertex 2.60605 0.878078 -1.3
      vertex 2.60605 0.878078 2.01
    endloop
  endfacet
  facet normal 0.96355 0.267528 0
    outer loop
      vertex 2.60605 0.878078 -1.3
      vertex 2.68571 0.591168 2.01
      vertex 2.68571 0.591168 -1.3
    endloop
  endfacet
  facet normal 0.827695 0.561178 0
    outer loop
      vertex 2.35636 1.41777 2.01
      vertex 2.18926 1.66423 -1.3
      vertex 2.18926 1.66423 2.01
    endloop
  endfacet
  facet normal 0.827695 0.561178 0
    outer loop
      vertex 2.18926 1.66423 -1.3
      vertex 2.35636 1.41777 2.01
      vertex 2.35636 1.41777 -1.3
    endloop
  endfacet
  facet normal -0.319282 0.94766 0
    outer loop
      vertex -0.735703 2.64976 -1.3
      vertex -1.01788 2.55469 2.01
      vertex -0.735703 2.64976 2.01
    endloop
  endfacet
  facet normal -0.319282 0.94766 0
    outer loop
      vertex -1.01788 2.55469 2.01
      vertex -0.735703 2.64976 -1.3
      vertex -1.01788 2.55469 -1.3
    endloop
  endfacet
  facet normal 0.108139 0.994136 -0
    outer loop
      vertex 0.4449 2.71377 -1.3
      vertex 0.148882 2.74597 2.01
      vertex 0.4449 2.71377 2.01
    endloop
  endfacet
  facet normal 0.108139 0.994136 0
    outer loop
      vertex 0.148882 2.74597 2.01
      vertex 0.4449 2.71377 -1.3
      vertex 0.148882 2.74597 -1.3
    endloop
  endfacet
  facet normal 0 0 -1
    outer loop
      vertex 2.39999 -1 -1.3
      vertex 2.75 0 -1.3
      vertex 2.73388 -0.297327 -1.3
    endloop
  endfacet
  facet normal 0 0 -1
    outer loop
      vertex 2.39999 -1 -1.3
      vertex 2.73388 -0.297327 -1.3
      vertex 2.68571 -0.591168 -1.3
    endloop
  endfacet
  facet normal 0 0 -1
    outer loop
      vertex 2.39999 1 -1.3
      vertex 2.75 0 -1.3
      vertex 2.39999 -1 -1.3
    endloop
  endfacet
  facet normal 0 0 -1
    outer loop
      vertex 2.39999 -1 -1.3
      vertex 2.68571 -0.591168 -1.3
      vertex 2.60605 -0.878078 -1.3
    endloop
  endfacet
  facet normal 0 0 -1
    outer loop
      vertex 2.75 0 -1.3
      vertex 2.39999 1 -1.3
      vertex 2.73388 0.297327 -1.3
    endloop
  endfacet
  facet normal 0 0 -1
    outer loop
      vertex 2.39999 -1 -1.3
      vertex 2.60605 -0.878078 -1.3
      vertex 2.49583 -1.15469 -1.3
    endloop
  endfacet
  facet normal 0 0 -1
    outer loop
      vertex 2.73388 0.297327 -1.3
      vertex 2.39999 1 -1.3
      vertex 2.68571 0.591168 -1.3
    endloop
  endfacet
  facet normal 0 0 -1
    outer loop
      vertex 2.68571 0.591168 -1.3
      vertex 2.39999 1 -1.3
      vertex 2.60605 0.878078 -1.3
    endloop
  endfacet
  facet normal 0 0 -1
    outer loop
      vertex 2.35636 -1.41777 -1.3
      vertex 2.39999 -1 -1.3
      vertex 2.49583 -1.15469 -1.3
    endloop
  endfacet
  facet normal 0 0 -1
    outer loop
      vertex 2.18926 -1.66423 -1.3
      vertex 2.39999 -1 -1.3
      vertex 2.35636 -1.41777 -1.3
    endloop
  endfacet
  facet normal 0 0 -1
    outer loop
      vertex 1.99649 -1.89117 -1.3
      vertex 2.39999 -1 -1.3
      vertex 2.18926 -1.66423 -1.3
    endloop
  endfacet
  facet normal 0 0 -1
    outer loop
      vertex 0.949997 -2.39999 -1.3
      vertex 1.99649 -1.89117 -1.3
      vertex 1.78031 -2.09595 -1.3
    endloop
  endfacet
  facet normal 0 0 -1
    outer loop
      vertex 0.949997 -2.39999 -1.3
      vertex 1.78031 -2.09595 -1.3
      vertex 1.54326 -2.27614 -1.3
    endloop
  endfacet
  facet normal 0 0 -1
    outer loop
      vertex 0.949997 -2.39999 -1.3
      vertex 1.54326 -2.27614 -1.3
      vertex 1.28812 -2.42966 -1.3
    endloop
  endfacet
  facet normal 0 0 -1
    outer loop
      vertex 0.949997 -2.39999 -1.3
      vertex 1.28812 -2.42966 -1.3
      vertex 1.01788 -2.55469 -1.3
    endloop
  endfacet
  facet normal -0 0 -1
    outer loop
      vertex 1.99649 -1.89117 -1.3
      vertex 0.949997 -2.39999 -1.3
      vertex 2.39999 -1 -1.3
    endloop
  endfacet
  facet normal 0 0 -1
    outer loop
      vertex 0.735703 -2.64976 -1.3
      vertex 0.949997 -2.39999 -1.3
      vertex 1.01788 -2.55469 -1.3
    endloop
  endfacet
  facet normal 0 0 -1
    outer loop
      vertex 0.4449 -2.71377 -1.3
      vertex 0.949997 -2.39999 -1.3
      vertex 0.735703 -2.64976 -1.3
    endloop
  endfacet
  facet normal 0 0 -1
    outer loop
      vertex 0.148882 -2.74597 -1.3
      vertex 0.949997 -2.39999 -1.3
      vertex 0.4449 -2.71377 -1.3
    endloop
  endfacet
  facet normal 0 0 -1
    outer loop
      vertex -0.148882 -2.74597 -1.3
      vertex 0.949997 -2.39999 -1.3
      vertex 0.148882 -2.74597 -1.3
    endloop
  endfacet
  facet normal 0 0 -1
    outer loop
      vertex -0.949997 -2.39999 -1.3
      vertex -0.148882 -2.74597 -1.3
      vertex -0.4449 -2.71377 -1.3
    endloop
  endfacet
  facet normal 0 0 -1
    outer loop
      vertex -0.949997 -2.39999 -1.3
      vertex -0.4449 -2.71377 -1.3
      vertex -0.735703 -2.64976 -1.3
    endloop
  endfacet
  facet normal 0 0 -1
    outer loop
      vertex -0.148882 -2.74597 -1.3
      vertex -0.949997 -2.39999 -1.3
      vertex 0.949997 -2.39999 -1.3
    endloop
  endfacet
  facet normal 0 0 -1
    outer loop
      vertex -1.01788 -2.55469 -1.3
      vertex -0.949997 -2.39999 -1.3
      vertex -0.735703 -2.64976 -1.3
    endloop
  endfacet
  facet normal 0 0 -1
    outer loop
      vertex -1.28812 -2.42966 -1.3
      vertex -0.949997 -2.39999 -1.3
      vertex -1.01788 -2.55469 -1.3
    endloop
  endfacet
  facet normal 0 0 -1
    outer loop
      vertex -1.54326 -2.27614 -1.3
      vertex -0.949997 -2.39999 -1.3
      vertex -1.28812 -2.42966 -1.3
    endloop
  endfacet
  facet normal 0 0 -1
    outer loop
      vertex -1.78031 -2.09595 -1.3
      vertex -0.949997 -2.39999 -1.3
      vertex -1.54326 -2.27614 -1.3
    endloop
  endfacet
  facet normal 0 0 -1
    outer loop
      vertex -1.99649 -1.89117 -1.3
      vertex -0.949997 -2.39999 -1.3
      vertex -1.78031 -2.09595 -1.3
    endloop
  endfacet
  facet normal 0 0 -1
    outer loop
      vertex -2.39999 -1 -1.3
      vertex -1.99649 -1.89117 -1.3
      vertex -2.18926 -1.66423 -1.3
    endloop
  endfacet
  facet normal 0 0 -1
    outer loop
      vertex -2.39999 -1 -1.3
      vertex -2.18926 -1.66423 -1.3
      vertex -2.35636 -1.41777 -1.3
    endloop
  endfacet
  facet normal 0 0 -1
    outer loop
      vertex -1.99649 -1.89117 -1.3
      vertex -2.39999 -1 -1.3
      vertex -0.949997 -2.39999 -1.3
    endloop
  endfacet
  facet normal 0 0 -1
    outer loop
      vertex -2.60605 -0.878078 -1.3
      vertex -2.39999 -1 -1.3
      vertex -2.49583 -1.15469 -1.3
    endloop
  endfacet
  facet normal 0 0 -1
    outer loop
      vertex -2.49583 -1.15469 -1.3
      vertex -2.39999 -1 -1.3
      vertex -2.35636 -1.41777 -1.3
    endloop
  endfacet
  facet normal 0 0 -1
    outer loop
      vertex 2.60605 0.878078 -1.3
      vertex 2.39999 1 -1.3
      vertex 2.49583 1.15469 -1.3
    endloop
  endfacet
  facet normal 0 0 -1
    outer loop
      vertex 2.39999 1 -1.3
      vertex 2.35636 1.41777 -1.3
      vertex 2.49583 1.15469 -1.3
    endloop
  endfacet
  facet normal 0 0 -1
    outer loop
      vertex 2.39999 1 -1.3
      vertex 2.18926 1.66423 -1.3
      vertex 2.35636 1.41777 -1.3
    endloop
  endfacet
  facet normal 0 0 -1
    outer loop
      vertex 2.39999 1 -1.3
      vertex 1.99649 1.89117 -1.3
      vertex 2.18926 1.66423 -1.3
    endloop
  endfacet
  facet normal 0 0 -1
    outer loop
      vertex 0.949997 2.39999 -1.3
      vertex 1.99649 1.89117 -1.3
      vertex 2.39999 1 -1.3
    endloop
  endfacet
  facet normal 0 0 -1
    outer loop
      vertex 1.99649 1.89117 -1.3
      vertex 0.949997 2.39999 -1.3
      vertex 1.78031 2.09595 -1.3
    endloop
  endfacet
  facet normal 0 0 -1
    outer loop
      vertex 1.78031 2.09595 -1.3
      vertex 0.949997 2.39999 -1.3
      vertex 1.54326 2.27614 -1.3
    endloop
  endfacet
  facet normal 0 0 -1
    outer loop
      vertex 1.54326 2.27614 -1.3
      vertex 0.949997 2.39999 -1.3
      vertex 1.28812 2.42966 -1.3
    endloop
  endfacet
  facet normal -0 0 -1
    outer loop
      vertex 1.28812 2.42966 -1.3
      vertex 0.949997 2.39999 -1.3
      vertex 1.01788 2.55469 -1.3
    endloop
  endfacet
  facet normal 0 0 -1
    outer loop
      vertex 0.949997 2.39999 -1.3
      vertex 0.735703 2.64976 -1.3
      vertex 1.01788 2.55469 -1.3
    endloop
  endfacet
  facet normal 0 0 -1
    outer loop
      vertex 0.949997 2.39999 -1.3
      vertex 0.4449 2.71377 -1.3
      vertex 0.735703 2.64976 -1.3
    endloop
  endfacet
  facet normal 0 0 -1
    outer loop
      vertex 0.949997 2.39999 -1.3
      vertex 0.148882 2.74597 -1.3
      vertex 0.4449 2.71377 -1.3
    endloop
  endfacet
  facet normal 0 0 -1
    outer loop
      vertex 0.949997 2.39999 -1.3
      vertex -0.148882 2.74597 -1.3
      vertex 0.148882 2.74597 -1.3
    endloop
  endfacet
  facet normal 0 0 -1
    outer loop
      vertex -0.949997 2.39999 -1.3
      vertex -0.148882 2.74597 -1.3
      vertex 0.949997 2.39999 -1.3
    endloop
  endfacet
  facet normal 0 0 -1
    outer loop
      vertex -0.148882 2.74597 -1.3
      vertex -0.949997 2.39999 -1.3
      vertex -0.4449 2.71377 -1.3
    endloop
  endfacet
  facet normal 0 0 -1
    outer loop
      vertex -0.4449 2.71377 -1.3
      vertex -0.949997 2.39999 -1.3
      vertex -0.735703 2.64976 -1.3
    endloop
  endfacet
  facet normal 0 0 -1
    outer loop
      vertex -0.949997 2.39999 -1.3
      vertex -1.01788 2.55469 -1.3
      vertex -0.735703 2.64976 -1.3
    endloop
  endfacet
  facet normal 0 0 -1
    outer loop
      vertex -0.949997 2.39999 -1.3
      vertex -1.28812 2.42966 -1.3
      vertex -1.01788 2.55469 -1.3
    endloop
  endfacet
  facet normal -0 0 -1
    outer loop
      vertex -0.949997 2.39999 -1.3
      vertex -1.54326 2.27614 -1.3
      vertex -1.28812 2.42966 -1.3
    endloop
  endfacet
  facet normal 0 0 -1
    outer loop
      vertex -0.949997 2.39999 -1.3
      vertex -1.78031 2.09595 -1.3
      vertex -1.54326 2.27614 -1.3
    endloop
  endfacet
  facet normal 0 0 -1
    outer loop
      vertex -0.949997 2.39999 -1.3
      vertex -1.99649 1.89117 -1.3
      vertex -1.78031 2.09595 -1.3
    endloop
  endfacet
  facet normal 0 0 -1
    outer loop
      vertex -2.39999 1 -1.3
      vertex -1.99649 1.89117 -1.3
      vertex -0.949997 2.39999 -1.3
    endloop
  endfacet
  facet normal 0 0 -1
    outer loop
      vertex -1.99649 1.89117 -1.3
      vertex -2.39999 1 -1.3
      vertex -2.18926 1.66423 -1.3
    endloop
  endfacet
  facet normal 0 0 -1
    outer loop
      vertex -2.18926 1.66423 -1.3
      vertex -2.39999 1 -1.3
      vertex -2.35636 1.41777 -1.3
    endloop
  endfacet
  facet normal 0 0 -1
    outer loop
      vertex -2.39999 1 -1.3
      vertex -2.49583 1.15469 -1.3
      vertex -2.35636 1.41777 -1.3
    endloop
  endfacet
  facet normal 0 0 -1
    outer loop
      vertex -2.68571 -0.591168 -1.3
      vertex -2.39999 -1 -1.3
      vertex -2.60605 -0.878078 -1.3
    endloop
  endfacet
  facet normal 0 0 -1
    outer loop
      vertex -2.73388 -0.297327 -1.3
      vertex -2.39999 -1 -1.3
      vertex -2.68571 -0.591168 -1.3
    endloop
  endfacet
  facet normal -0 0 -1
    outer loop
      vertex -2.39999 1 -1.3
      vertex -2.60605 0.878078 -1.3
      vertex -2.49583 1.15469 -1.3
    endloop
  endfacet
  facet normal 0 0 -1
    outer loop
      vertex -2.75 0 -1.3
      vertex -2.39999 -1 -1.3
      vertex -2.73388 -0.297327 -1.3
    endloop
  endfacet
  facet normal 0 0 -1
    outer loop
      vertex -2.39999 1 -1.3
      vertex -2.68571 0.591168 -1.3
      vertex -2.60605 0.878078 -1.3
    endloop
  endfacet
  facet normal 0 0 -1
    outer loop
      vertex -2.39999 -1 -1.3
      vertex -2.75 0 -1.3
      vertex -2.39999 1 -1.3
    endloop
  endfacet
  facet normal 0 0 -1
    outer loop
      vertex -2.39999 1 -1.3
      vertex -2.73388 0.297327 -1.3
      vertex -2.68571 0.591168 -1.3
    endloop
  endfacet
  facet normal 0 0 -1
    outer loop
      vertex -2.39999 1 -1.3
      vertex -2.75 0 -1.3
      vertex -2.73388 0.297327 -1.3
    endloop
  endfacet
  facet normal -0.108139 0.994136 0
    outer loop
      vertex -0.148882 2.74597 -1.3
      vertex -0.4449 2.71377 2.01
      vertex -0.148882 2.74597 2.01
    endloop
  endfacet
  facet normal -0.108139 0.994136 0
    outer loop
      vertex -0.4449 2.71377 2.01
      vertex -0.148882 2.74597 -1.3
      vertex -0.4449 2.71377 -1.3
    endloop
  endfacet
  facet normal -0.515572 0.856846 0
    outer loop
      vertex -1.28812 2.42966 -1.3
      vertex -1.54326 2.27614 2.01
      vertex -1.28812 2.42966 2.01
    endloop
  endfacet
  facet normal -0.515572 0.856846 0
    outer loop
      vertex -1.54326 2.27614 2.01
      vertex -1.28812 2.42966 -1.3
      vertex -1.54326 2.27614 -1.3
    endloop
  endfacet
  facet normal 0.319282 -0.94766 0
    outer loop
      vertex 0.735703 -2.64976 -1.3
      vertex 1.01788 -2.55469 2.01
      vertex 0.735703 -2.64976 2.01
    endloop
  endfacet
  facet normal 0.319282 -0.94766 0
    outer loop
      vertex 1.01788 -2.55469 2.01
      vertex 0.735703 -2.64976 -1.3
      vertex 1.01788 -2.55469 -1.3
    endloop
  endfacet
  facet normal -0.687706 0.72599 0
    outer loop
      vertex -1.78031 2.09595 -1.3
      vertex -1.99649 1.89117 2.01
      vertex -1.78031 2.09595 2.01
    endloop
  endfacet
  facet normal -0.687706 0.72599 0
    outer loop
      vertex -1.99649 1.89117 2.01
      vertex -1.78031 2.09595 -1.3
      vertex -1.99649 1.89117 -1.3
    endloop
  endfacet
  facet normal 0.827695 -0.561178 0
    outer loop
      vertex 2.18926 -1.66423 2.01
      vertex 2.35636 -1.41777 -1.3
      vertex 2.35636 -1.41777 2.01
    endloop
  endfacet
  facet normal 0.827695 -0.561178 0
    outer loop
      vertex 2.35636 -1.41777 -1.3
      vertex 2.18926 -1.66423 2.01
      vertex 2.18926 -1.66423 -1.3
    endloop
  endfacet
  facet normal 0.96355 -0.267528 0
    outer loop
      vertex 2.60605 -0.878078 2.01
      vertex 2.68571 -0.591168 -1.3
      vertex 2.68571 -0.591168 2.01
    endloop
  endfacet
  facet normal 0.96355 -0.267528 0
    outer loop
      vertex 2.68571 -0.591168 -1.3
      vertex 2.60605 -0.878078 2.01
      vertex 2.60605 -0.878078 -1.3
    endloop
  endfacet
  facet normal -0.986828 -0.161773 0
    outer loop
      vertex -2.68571 -0.591168 -1.3
      vertex -2.73388 -0.297327 2.01
      vertex -2.73388 -0.297327 -1.3
    endloop
  endfacet
  facet normal -0.986828 -0.161773 0
    outer loop
      vertex -2.73388 -0.297327 2.01
      vertex -2.68571 -0.591168 -1.3
      vertex -2.68571 -0.591168 2.01
    endloop
  endfacet
  facet normal 0.687706 -0.72599 0
    outer loop
      vertex 1.78031 -2.09595 -1.3
      vertex 1.99649 -1.89117 2.01
      vertex 1.78031 -2.09595 2.01
    endloop
  endfacet
  facet normal 0.687706 -0.72599 0
    outer loop
      vertex 1.99649 -1.89117 2.01
      vertex 1.78031 -2.09595 -1.3
      vertex 1.99649 -1.89117 -1.3
    endloop
  endfacet
  facet normal 0.214969 0.976621 -0
    outer loop
      vertex 0.735703 2.64976 -1.3
      vertex 0.4449 2.71377 2.01
      vertex 0.735703 2.64976 2.01
    endloop
  endfacet
  facet normal 0.214969 0.976621 0
    outer loop
      vertex 0.4449 2.71377 2.01
      vertex 0.735703 2.64976 -1.3
      vertex 0.4449 2.71377 -1.3
    endloop
  endfacet
  facet normal 0.515572 -0.856846 0
    outer loop
      vertex 1.28812 -2.42966 -1.3
      vertex 1.54326 -2.27614 2.01
      vertex 1.28812 -2.42966 2.01
    endloop
  endfacet
  facet normal 0.515572 -0.856846 0
    outer loop
      vertex 1.54326 -2.27614 2.01
      vertex 1.28812 -2.42966 -1.3
      vertex 1.54326 -2.27614 -1.3
    endloop
  endfacet
  facet normal -0.214969 0.976621 0
    outer loop
      vertex -0.4449 2.71377 -1.3
      vertex -0.735703 2.64976 2.01
      vertex -0.4449 2.71377 2.01
    endloop
  endfacet
  facet normal -0.214969 0.976621 0
    outer loop
      vertex -0.735703 2.64976 2.01
      vertex -0.4449 2.71377 -1.3
      vertex -0.735703 2.64976 -1.3
    endloop
  endfacet
  facet normal -0.827695 -0.561178 0
    outer loop
      vertex -2.18926 -1.66423 -1.3
      vertex -2.35636 -1.41777 2.01
      vertex -2.35636 -1.41777 -1.3
    endloop
  endfacet
  facet normal -0.827695 -0.561178 0
    outer loop
      vertex -2.35636 -1.41777 2.01
      vertex -2.18926 -1.66423 -1.3
      vertex -2.18926 -1.66423 2.01
    endloop
  endfacet
  facet normal -0.762153 -0.647397 0
    outer loop
      vertex -1.99649 -1.89117 -1.3
      vertex -2.18926 -1.66423 2.01
      vertex -2.18926 -1.66423 -1.3
    endloop
  endfacet
  facet normal -0.762153 -0.647397 0
    outer loop
      vertex -2.18926 -1.66423 2.01
      vertex -1.99649 -1.89117 -1.3
      vertex -1.99649 -1.89117 2.01
    endloop
  endfacet
  facet normal 0.605151 -0.79611 0
    outer loop
      vertex 1.54326 -2.27614 -1.3
      vertex 1.78031 -2.09595 2.01
      vertex 1.54326 -2.27614 2.01
    endloop
  endfacet
  facet normal 0.605151 -0.79611 0
    outer loop
      vertex 1.78031 -2.09595 2.01
      vertex 1.54326 -2.27614 -1.3
      vertex 1.78031 -2.09595 -1.3
    endloop
  endfacet
  facet normal 0.419899 0.907571 -0
    outer loop
      vertex 1.28812 2.42966 -1.3
      vertex 1.01788 2.55469 2.01
      vertex 1.28812 2.42966 2.01
    endloop
  endfacet
  facet normal 0.419899 0.907571 0
    outer loop
      vertex 1.01788 2.55469 2.01
      vertex 1.28812 2.42966 -1.3
      vertex 1.01788 2.55469 -1.3
    endloop
  endfacet
  facet normal 0.883521 -0.468392 0
    outer loop
      vertex 2.35636 -1.41777 2.01
      vertex 2.49583 -1.15469 -1.3
      vertex 2.49583 -1.15469 2.01
    endloop
  endfacet
  facet normal 0.883521 -0.468392 0
    outer loop
      vertex 2.49583 -1.15469 -1.3
      vertex 2.35636 -1.41777 2.01
      vertex 2.35636 -1.41777 -1.3
    endloop
  endfacet
  facet normal -0.419899 -0.907571 0
    outer loop
      vertex -1.28812 -2.42966 -1.3
      vertex -1.01788 -2.55469 2.01
      vertex -1.28812 -2.42966 2.01
    endloop
  endfacet
  facet normal -0.419899 -0.907571 -0
    outer loop
      vertex -1.01788 -2.55469 2.01
      vertex -1.28812 -2.42966 -1.3
      vertex -1.01788 -2.55469 -1.3
    endloop
  endfacet
  facet normal 0 -1 0
    outer loop
      vertex -0.148882 -2.74597 -1.3
      vertex 0.148882 -2.74597 2.01
      vertex -0.148882 -2.74597 2.01
    endloop
  endfacet
  facet normal 0 -1 -0
    outer loop
      vertex 0.148882 -2.74597 2.01
      vertex -0.148882 -2.74597 -1.3
      vertex 0.148882 -2.74597 -1.3
    endloop
  endfacet
  facet normal 0.986828 -0.161773 0
    outer loop
      vertex 2.68571 -0.591168 2.01
      vertex 2.73388 -0.297327 -1.3
      vertex 2.73388 -0.297327 2.01
    endloop
  endfacet
  facet normal 0.986828 -0.161773 0
    outer loop
      vertex 2.73388 -0.297327 -1.3
      vertex 2.68571 -0.591168 2.01
      vertex 2.68571 -0.591168 -1.3
    endloop
  endfacet
  facet normal -0.96355 0.267528 0
    outer loop
      vertex -2.68571 0.591168 -1.3
      vertex -2.60605 0.878078 2.01
      vertex -2.60605 0.878078 -1.3
    endloop
  endfacet
  facet normal -0.96355 0.267528 0
    outer loop
      vertex -2.60605 0.878078 2.01
      vertex -2.68571 0.591168 -1.3
      vertex -2.68571 0.591168 2.01
    endloop
  endfacet
  facet normal 0.928968 -0.37016 0
    outer loop
      vertex 2.49583 -1.15469 2.01
      vertex 2.60605 -0.878078 -1.3
      vertex 2.60605 -0.878078 2.01
    endloop
  endfacet
  facet normal 0.928968 -0.37016 0
    outer loop
      vertex 2.60605 -0.878078 -1.3
      vertex 2.49583 -1.15469 2.01
      vertex 2.49583 -1.15469 -1.3
    endloop
  endfacet
  facet normal 0.605151 0.79611 -0
    outer loop
      vertex 1.78031 2.09595 -1.3
      vertex 1.54326 2.27614 2.01
      vertex 1.78031 2.09595 2.01
    endloop
  endfacet
  facet normal 0.605151 0.79611 0
    outer loop
      vertex 1.54326 2.27614 2.01
      vertex 1.78031 2.09595 -1.3
      vertex 1.54326 2.27614 -1.3
    endloop
  endfacet
  facet normal 0.515572 0.856846 -0
    outer loop
      vertex 1.54326 2.27614 -1.3
      vertex 1.28812 2.42966 2.01
      vertex 1.54326 2.27614 2.01
    endloop
  endfacet
  facet normal 0.515572 0.856846 0
    outer loop
      vertex 1.28812 2.42966 2.01
      vertex 1.54326 2.27614 -1.3
      vertex 1.28812 2.42966 -1.3
    endloop
  endfacet
  facet normal -0.605151 0.79611 0
    outer loop
      vertex -1.54326 2.27614 -1.3
      vertex -1.78031 2.09595 2.01
      vertex -1.54326 2.27614 2.01
    endloop
  endfacet
  facet normal -0.605151 0.79611 0
    outer loop
      vertex -1.78031 2.09595 2.01
      vertex -1.54326 2.27614 -1.3
      vertex -1.78031 2.09595 -1.3
    endloop
  endfacet
  facet normal 0.998534 -0.0541369 0
    outer loop
      vertex 2.73388 -0.297327 2.01
      vertex 2.75 0 -1.3
      vertex 2.75 0 2.01
    endloop
  endfacet
  facet normal 0.998534 -0.0541369 0
    outer loop
      vertex 2.75 0 -1.3
      vertex 2.73388 -0.297327 2.01
      vertex 2.73388 -0.297327 -1.3
    endloop
  endfacet
  facet normal -0.687706 -0.72599 0
    outer loop
      vertex -1.99649 -1.89117 -1.3
      vertex -1.78031 -2.09595 2.01
      vertex -1.99649 -1.89117 2.01
    endloop
  endfacet
  facet normal -0.687706 -0.72599 -0
    outer loop
      vertex -1.78031 -2.09595 2.01
      vertex -1.99649 -1.89117 -1.3
      vertex -1.78031 -2.09595 -1.3
    endloop
  endfacet
  facet normal 0.108139 -0.994136 0
    outer loop
      vertex 0.148882 -2.74597 -1.3
      vertex 0.4449 -2.71377 2.01
      vertex 0.148882 -2.74597 2.01
    endloop
  endfacet
  facet normal 0.108139 -0.994136 0
    outer loop
      vertex 0.4449 -2.71377 2.01
      vertex 0.148882 -2.74597 -1.3
      vertex 0.4449 -2.71377 -1.3
    endloop
  endfacet
  facet normal 0.928968 0.37016 0
    outer loop
      vertex 2.60605 0.878078 2.01
      vertex 2.49583 1.15469 -1.3
      vertex 2.49583 1.15469 2.01
    endloop
  endfacet
  facet normal 0.928968 0.37016 0
    outer loop
      vertex 2.49583 1.15469 -1.3
      vertex 2.60605 0.878078 2.01
      vertex 2.60605 0.878078 -1.3
    endloop
  endfacet
  facet normal -0.998534 0.0541369 0
    outer loop
      vertex -2.75 0 -1.3
      vertex -2.73388 0.297327 2.01
      vertex -2.73388 0.297327 -1.3
    endloop
  endfacet
  facet normal -0.998534 0.0541369 0
    outer loop
      vertex -2.73388 0.297327 2.01
      vertex -2.75 0 -1.3
      vertex -2.75 0 2.01
    endloop
  endfacet
  facet normal 0.762153 0.647397 0
    outer loop
      vertex 2.18926 1.66423 2.01
      vertex 1.99649 1.89117 -1.3
      vertex 1.99649 1.89117 2.01
    endloop
  endfacet
  facet normal 0.762153 0.647397 0
    outer loop
      vertex 1.99649 1.89117 -1.3
      vertex 2.18926 1.66423 2.01
      vertex 2.18926 1.66423 -1.3
    endloop
  endfacet
  facet normal -0.419899 0.907571 0
    outer loop
      vertex -1.01788 2.55469 -1.3
      vertex -1.28812 2.42966 2.01
      vertex -1.01788 2.55469 2.01
    endloop
  endfacet
  facet normal -0.419899 0.907571 0
    outer loop
      vertex -1.28812 2.42966 2.01
      vertex -1.01788 2.55469 -1.3
      vertex -1.28812 2.42966 -1.3
    endloop
  endfacet
  facet normal 0.214969 -0.976621 0
    outer loop
      vertex 0.4449 -2.71377 -1.3
      vertex 0.735703 -2.64976 2.01
      vertex 0.4449 -2.71377 2.01
    endloop
  endfacet
  facet normal 0.214969 -0.976621 0
    outer loop
      vertex 0.735703 -2.64976 2.01
      vertex 0.4449 -2.71377 -1.3
      vertex 0.735703 -2.64976 -1.3
    endloop
  endfacet
  facet normal 0.319282 0.94766 -0
    outer loop
      vertex 1.01788 2.55469 -1.3
      vertex 0.735703 2.64976 2.01
      vertex 1.01788 2.55469 2.01
    endloop
  endfacet
  facet normal 0.319282 0.94766 0
    outer loop
      vertex 0.735703 2.64976 2.01
      vertex 1.01788 2.55469 -1.3
      vertex 0.735703 2.64976 -1.3
    endloop
  endfacet
  facet normal -0.883521 0.468392 0
    outer loop
      vertex -2.49583 1.15469 -1.3
      vertex -2.35636 1.41777 2.01
      vertex -2.35636 1.41777 -1.3
    endloop
  endfacet
  facet normal -0.883521 0.468392 0
    outer loop
      vertex -2.35636 1.41777 2.01
      vertex -2.49583 1.15469 -1.3
      vertex -2.49583 1.15469 2.01
    endloop
  endfacet
  facet normal 0.419899 -0.907571 0
    outer loop
      vertex 1.01788 -2.55469 -1.3
      vertex 1.28812 -2.42966 2.01
      vertex 1.01788 -2.55469 2.01
    endloop
  endfacet
  facet normal 0.419899 -0.907571 0
    outer loop
      vertex 1.28812 -2.42966 2.01
      vertex 1.01788 -2.55469 -1.3
      vertex 1.28812 -2.42966 -1.3
    endloop
  endfacet
  facet normal -0.214969 -0.976621 0
    outer loop
      vertex -0.735703 -2.64976 -1.3
      vertex -0.4449 -2.71377 2.01
      vertex -0.735703 -2.64976 2.01
    endloop
  endfacet
  facet normal -0.214969 -0.976621 -0
    outer loop
      vertex -0.4449 -2.71377 2.01
      vertex -0.735703 -2.64976 -1.3
      vertex -0.4449 -2.71377 -1.3
    endloop
  endfacet
  facet normal -0.515572 -0.856846 0
    outer loop
      vertex -1.54326 -2.27614 -1.3
      vertex -1.28812 -2.42966 2.01
      vertex -1.54326 -2.27614 2.01
    endloop
  endfacet
  facet normal -0.515572 -0.856846 -0
    outer loop
      vertex -1.28812 -2.42966 2.01
      vertex -1.54326 -2.27614 -1.3
      vertex -1.28812 -2.42966 -1.3
    endloop
  endfacet
  facet normal -0.998534 -0.0541369 0
    outer loop
      vertex -2.73388 -0.297327 -1.3
      vertex -2.75 0 2.01
      vertex -2.75 0 -1.3
    endloop
  endfacet
  facet normal -0.998534 -0.0541369 0
    outer loop
      vertex -2.75 0 2.01
      vertex -2.73388 -0.297327 -1.3
      vertex -2.73388 -0.297327 2.01
    endloop
  endfacet
  facet normal 0 1 -0
    outer loop
      vertex 0.148882 2.74597 -1.3
      vertex -0.148882 2.74597 2.01
      vertex 0.148882 2.74597 2.01
    endloop
  endfacet
  facet normal 0 1 0
    outer loop
      vertex -0.148882 2.74597 2.01
      vertex 0.148882 2.74597 -1.3
      vertex -0.148882 2.74597 -1.3
    endloop
  endfacet
  facet normal -0.827695 0.561178 0
    outer loop
      vertex -2.35636 1.41777 -1.3
      vertex -2.18926 1.66423 2.01
      vertex -2.18926 1.66423 -1.3
    endloop
  endfacet
  facet normal -0.827695 0.561178 0
    outer loop
      vertex -2.18926 1.66423 2.01
      vertex -2.35636 1.41777 -1.3
      vertex -2.35636 1.41777 2.01
    endloop
  endfacet
  facet normal -0.108139 -0.994136 0
    outer loop
      vertex -0.4449 -2.71377 -1.3
      vertex -0.148882 -2.74597 2.01
      vertex -0.4449 -2.71377 2.01
    endloop
  endfacet
  facet normal -0.108139 -0.994136 -0
    outer loop
      vertex -0.148882 -2.74597 2.01
      vertex -0.4449 -2.71377 -1.3
      vertex -0.148882 -2.74597 -1.3
    endloop
  endfacet
  facet normal -0.96355 -0.267528 0
    outer loop
      vertex -2.60605 -0.878078 -1.3
      vertex -2.68571 -0.591168 2.01
      vertex -2.68571 -0.591168 -1.3
    endloop
  endfacet
  facet normal -0.96355 -0.267528 0
    outer loop
      vertex -2.68571 -0.591168 2.01
      vertex -2.60605 -0.878078 -1.3
      vertex -2.60605 -0.878078 2.01
    endloop
  endfacet
  facet normal -0.986828 0.161773 0
    outer loop
      vertex -2.73388 0.297327 -1.3
      vertex -2.68571 0.591168 2.01
      vertex -2.68571 0.591168 -1.3
    endloop
  endfacet
  facet normal -0.986828 0.161773 0
    outer loop
      vertex -2.68571 0.591168 2.01
      vertex -2.73388 0.297327 -1.3
      vertex -2.73388 0.297327 2.01
    endloop
  endfacet
  facet normal 0.687706 0.72599 -0
    outer loop
      vertex 1.99649 1.89117 -1.3
      vertex 1.78031 2.09595 2.01
      vertex 1.99649 1.89117 2.01
    endloop
  endfacet
  facet normal 0.687706 0.72599 0
    outer loop
      vertex 1.78031 2.09595 2.01
      vertex 1.99649 1.89117 -1.3
      vertex 1.78031 2.09595 -1.3
    endloop
  endfacet
  facet normal -0.928968 0.37016 0
    outer loop
      vertex -2.60605 0.878078 -1.3
      vertex -2.49583 1.15469 2.01
      vertex -2.49583 1.15469 -1.3
    endloop
  endfacet
  facet normal -0.928968 0.37016 0
    outer loop
      vertex -2.49583 1.15469 2.01
      vertex -2.60605 0.878078 -1.3
      vertex -2.60605 0.878078 2.01
    endloop
  endfacet
  facet normal -0.928968 -0.37016 0
    outer loop
      vertex -2.49583 -1.15469 -1.3
      vertex -2.60605 -0.878078 2.01
      vertex -2.60605 -0.878078 -1.3
    endloop
  endfacet
  facet normal -0.928968 -0.37016 0
    outer loop
      vertex -2.60605 -0.878078 2.01
      vertex -2.49583 -1.15469 -1.3
      vertex -2.49583 -1.15469 2.01
    endloop
  endfacet
  facet normal 0.762153 -0.647397 0
    outer loop
      vertex 1.99649 -1.89117 2.01
      vertex 2.18926 -1.66423 -1.3
      vertex 2.18926 -1.66423 2.01
    endloop
  endfacet
  facet normal 0.762153 -0.647397 0
    outer loop
      vertex 2.18926 -1.66423 -1.3
      vertex 1.99649 -1.89117 2.01
      vertex 1.99649 -1.89117 -1.3
    endloop
  endfacet
  facet normal -0.883521 -0.468392 0
    outer loop
      vertex -2.35636 -1.41777 -1.3
      vertex -2.49583 -1.15469 2.01
      vertex -2.49583 -1.15469 -1.3
    endloop
  endfacet
  facet normal -0.883521 -0.468392 0
    outer loop
      vertex -2.49583 -1.15469 2.01
      vertex -2.35636 -1.41777 -1.3
      vertex -2.35636 -1.41777 2.01
    endloop
  endfacet
  facet normal -0.319282 -0.94766 0
    outer loop
      vertex -1.01788 -2.55469 -1.3
      vertex -0.735703 -2.64976 2.01
      vertex -1.01788 -2.55469 2.01
    endloop
  endfacet
  facet normal -0.319282 -0.94766 -0
    outer loop
      vertex -0.735703 -2.64976 2.01
      vertex -1.01788 -2.55469 -1.3
      vertex -0.735703 -2.64976 -1.3
    endloop
  endfacet
  facet normal -0.762153 0.647397 0
    outer loop
      vertex -2.18926 1.66423 -1.3
      vertex -1.99649 1.89117 2.01
      vertex -1.99649 1.89117 -1.3
    endloop
  endfacet
  facet normal -0.762153 0.647397 0
    outer loop
      vertex -1.99649 1.89117 2.01
      vertex -2.18926 1.66423 -1.3
      vertex -2.18926 1.66423 2.01
    endloop
  endfacet
  facet normal -0.605151 -0.79611 0
    outer loop
      vertex -1.78031 -2.09595 -1.3
      vertex -1.54326 -2.27614 2.01
      vertex -1.78031 -2.09595 2.01
    endloop
  endfacet
  facet normal -0.605151 -0.79611 -0
    outer loop
      vertex -1.54326 -2.27614 2.01
      vertex -1.78031 -2.09595 -1.3
      vertex -1.54326 -2.27614 -1.3
    endloop
  endfacet
  facet normal 0 1 -0
    outer loop
      vertex 2.04999 -0.649994 -0.79
      vertex 0.599991 -0.649994 2.01
      vertex 2.04999 -0.649994 2.01
    endloop
  endfacet
  facet normal 0 1 0
    outer loop
      vertex 0.599991 -0.649994 2.01
      vertex 2.04999 -0.649994 -0.79
      vertex 0.599991 -0.649994 -0.79
    endloop
  endfacet
  facet normal -1 0 0
    outer loop
      vertex 2.04999 -0.649994 -0.79
      vertex 2.04999 0.649994 2.01
      vertex 2.04999 0.649994 -0.79
    endloop
  endfacet
  facet normal -1 -0 0
    outer loop
      vertex 2.04999 0.649994 2.01
      vertex 2.04999 -0.649994 -0.79
      vertex 2.04999 -0.649994 2.01
    endloop
  endfacet
  facet normal 0 -1 0
    outer loop
      vertex 0.599991 0.649994 -0.79
      vertex 2.04999 0.649994 2.01
      vertex 0.599991 0.649994 2.01
    endloop
  endfacet
  facet normal 0 -1 -0
    outer loop
      vertex 2.04999 0.649994 2.01
      vertex 0.599991 0.649994 -0.79
      vertex 2.04999 0.649994 -0.79
    endloop
  endfacet
  facet normal -1 0 0
    outer loop
      vertex 0.599991 0.649994 -0.79
      vertex 0.599991 2.04999 2.01
      vertex 0.599991 2.04999 -0.79
    endloop
  endfacet
  facet normal -1 -0 0
    outer loop
      vertex 0.599991 2.04999 2.01
      vertex 0.599991 0.649994 -0.79
      vertex 0.599991 0.649994 2.01
    endloop
  endfacet
  facet normal 0 -1 0
    outer loop
      vertex -0.599991 2.04999 -0.79
      vertex 0.599991 2.04999 2.01
      vertex -0.599991 2.04999 2.01
    endloop
  endfacet
  facet normal 0 -1 -0
    outer loop
      vertex 0.599991 2.04999 2.01
      vertex -0.599991 2.04999 -0.79
      vertex 0.599991 2.04999 -0.79
    endloop
  endfacet
  facet normal 1 -0 0
    outer loop
      vertex -0.599991 0.649994 2.01
      vertex -0.599991 2.04999 -0.79
      vertex -0.599991 2.04999 2.01
    endloop
  endfacet
  facet normal 1 0 0
    outer loop
      vertex -0.599991 2.04999 -0.79
      vertex -0.599991 0.649994 2.01
      vertex -0.599991 0.649994 -0.79
    endloop
  endfacet
  facet normal 0 -1 0
    outer loop
      vertex -2.04999 0.649994 -0.79
      vertex -0.599991 0.649994 2.01
      vertex -2.04999 0.649994 2.01
    endloop
  endfacet
  facet normal 0 -1 -0
    outer loop
      vertex -0.599991 0.649994 2.01
      vertex -2.04999 0.649994 -0.79
      vertex -0.599991 0.649994 -0.79
    endloop
  endfacet
  facet normal 1 -0 0
    outer loop
      vertex -2.04999 -0.649994 2.01
      vertex -2.04999 0.649994 -0.79
      vertex -2.04999 0.649994 2.01
    endloop
  endfacet
  facet normal 1 0 0
    outer loop
      vertex -2.04999 0.649994 -0.79
      vertex -2.04999 -0.649994 2.01
      vertex -2.04999 -0.649994 -0.79
    endloop
  endfacet
  facet normal 0 1 -0
    outer loop
      vertex -0.599991 -0.649994 -0.79
      vertex -2.04999 -0.649994 2.01
      vertex -0.599991 -0.649994 2.01
    endloop
  endfacet
  facet normal 0 1 0
    outer loop
      vertex -2.04999 -0.649994 2.01
      vertex -0.599991 -0.649994 -0.79
      vertex -2.04999 -0.649994 -0.79
    endloop
  endfacet
  facet normal 1 -0 0
    outer loop
      vertex -0.599991 -2.04999 2.01
      vertex -0.599991 -0.649994 -0.79
      vertex -0.599991 -0.649994 2.01
    endloop
  endfacet
  facet normal 1 0 0
    outer loop
      vertex -0.599991 -0.649994 -0.79
      vertex -0.599991 -2.04999 2.01
      vertex -0.599991 -2.04999 -0.79
    endloop
  endfacet
  facet normal 0 1 -0
    outer loop
      vertex 0.599991 -2.04999 -0.79
      vertex -0.599991 -2.04999 2.01
      vertex 0.599991 -2.04999 2.01
    endloop
  endfacet
  facet normal 0 1 0
    outer loop
      vertex -0.599991 -2.04999 2.01
      vertex 0.599991 -2.04999 -0.79
      vertex -0.599991 -2.04999 -0.79
    endloop
  endfacet
  facet normal -1 0 0
    outer loop
      vertex 0.599991 -2.04999 -0.79
      vertex 0.599991 -0.649994 2.01
      vertex 0.599991 -0.649994 -0.79
    endloop
  endfacet
  facet normal -1 -0 0
    outer loop
      vertex 0.599991 -0.649994 2.01
      vertex 0.599991 -2.04999 -0.79
      vertex 0.599991 -2.04999 2.01
    endloop
  endfacet
  facet normal 0.824513 0 -0.565842
    outer loop
      vertex -2.04999 -0.649994 -0.79
      vertex -2.39999 1 -1.3
      vertex -2.04999 0.649994 -0.79
    endloop
  endfacet
  facet normal 0.824513 0 -0.565842
    outer loop
      vertex -2.39999 1 -1.3
      vertex -2.04999 -0.649994 -0.79
      vertex -2.39999 -1 -1.3
    endloop
  endfacet
  facet normal -0.824513 0 -0.565842
    outer loop
      vertex 2.39999 1 -1.3
      vertex 2.04999 -0.649994 -0.79
      vertex 2.04999 0.649994 -0.79
    endloop
  endfacet
  facet normal -0.824513 0 -0.565842
    outer loop
      vertex 2.04999 -0.649994 -0.79
      vertex 2.39999 1 -1.3
      vertex 2.39999 -1 -1.3
    endloop
  endfacet
  facet normal 0 -0.824513 -0.565842
    outer loop
      vertex -0.949997 2.39999 -1.3
      vertex 0.599991 2.04999 -0.79
      vertex -0.599991 2.04999 -0.79
    endloop
  endfacet
  facet normal 0 -0.824513 -0.565842
    outer loop
      vertex 0.599991 2.04999 -0.79
      vertex -0.949997 2.39999 -1.3
      vertex 0.949997 2.39999 -1.3
    endloop
  endfacet
  facet normal 0.498475 -0.516278 -0.696405
    outer loop
      vertex -2.04999 0.649994 -0.79
      vertex -0.949997 2.39999 -1.3
      vertex -0.599991 2.04999 -0.79
    endloop
  endfacet
  facet normal 0.498474 -0.516278 -0.696405
    outer loop
      vertex -0.949997 2.39999 -1.3
      vertex -2.04999 0.649994 -0.79
      vertex -2.39999 1 -1.3
    endloop
  endfacet
  facet normal -0.498474 -0.516278 -0.696405
    outer loop
      vertex 2.04999 0.649994 -0.79
      vertex 0.949997 2.39999 -1.3
      vertex 2.39999 1 -1.3
    endloop
  endfacet
  facet normal -0.498475 -0.516278 -0.696405
    outer loop
      vertex 0.949997 2.39999 -1.3
      vertex 2.04999 0.649994 -0.79
      vertex 0.599991 2.04999 -0.79
    endloop
  endfacet
  facet normal 0.498475 0.516278 -0.696405
    outer loop
      vertex -0.949997 -2.39999 -1.3
      vertex -2.04999 -0.649994 -0.79
      vertex -0.599991 -2.04999 -0.79
    endloop
  endfacet
  facet normal 0.498474 0.516278 -0.696405
    outer loop
      vertex -2.04999 -0.649994 -0.79
      vertex -0.949997 -2.39999 -1.3
      vertex -2.39999 -1 -1.3
    endloop
  endfacet
  facet normal -0.498474 0.516278 -0.696405
    outer loop
      vertex 0.949997 -2.39999 -1.3
      vertex 2.04999 -0.649994 -0.79
      vertex 2.39999 -1 -1.3
    endloop
  endfacet
  facet normal -0.498475 0.516278 -0.696405
    outer loop
      vertex 2.04999 -0.649994 -0.79
      vertex 0.949997 -2.39999 -1.3
      vertex 0.599991 -2.04999 -0.79
    endloop
  endfacet
  facet normal 0 0.824513 -0.565842
    outer loop
      vertex 0.949997 -2.39999 -1.3
      vertex -0.599991 -2.04999 -0.79
      vertex 0.599991 -2.04999 -0.79
    endloop
  endfacet
  facet normal 0 0.824513 -0.565842
    outer loop
      vertex -0.599991 -2.04999 -0.79
      vertex 0.949997 -2.39999 -1.3
      vertex -0.949997 -2.39999 -1.3
    endloop
  endfacet
  facet normal 0 -0 -1
    outer loop
      vertex -0.599991 2.04999 -0.79
      vertex -0.599991 0.649994 -0.79
      vertex -2.04999 0.649994 -0.79
    endloop
  endfacet
  facet normal -0 -0 -1
    outer loop
      vertex -0.599991 -0.649994 -0.79
      vertex -0.599991 -2.04999 -0.79
      vertex -2.04999 -0.649994 -0.79
    endloop
  endfacet
  facet normal 0 0 -1
    outer loop
      vertex 0.599991 2.04999 -0.79
      vertex 2.04999 0.649994 -0.79
      vertex 0.599991 0.649994 -0.79
    endloop
  endfacet
  facet normal 0 0 -1
    outer loop
      vertex 0.599991 -0.649994 -0.79
      vertex 2.04999 -0.649994 -0.79
      vertex 0.599991 -2.04999 -0.79
    endloop
  endfacet
endsolid OpenSCAD_Model
