solid OpenSCAD_Model
  facet normal 0.644554 -0.282835 0.71032
    outer loop
      vertex 6.41386 -5.11164 4.16729
      vertex 6.38536 -5.15047 4.17769
      vertex 6.54291 -5.21257 4.01
    endloop
  endfacet
  facet normal -0.459914 0.53851 -0.706036
    outer loop
      vertex -7.91064 7.41064 0
      vertex -8.1935 7.6935 0.4
      vertex -7.96678 7.88713 0.4
    endloop
  endfacet
  facet normal 0.604545 -0.370465 0.705182
    outer loop
      vertex 6.38536 -5.15047 4.17769
      vertex 6.38713 -5.46678 4.01
      vertex 6.54291 -5.21257 4.01
    endloop
  endfacet
  facet normal 0.60458 -0.370453 0.705158
    outer loop
      vertex 6.38713 -5.46678 4.01
      vertex 6.38536 -5.15047 4.17769
      vertex 6.21765 -5.33172 4.22626
    endloop
  endfacet
  facet normal 0.706023 0.0555593 -0.706006
    outer loop
      vertex 8.74998 6.34999 0.4
      vertex 8.34999 6.34999 0
      vertex 8.72659 6.64722 0.4
    endloop
  endfacet
  facet normal 0.309685 0.74768 0.587426
    outer loop
      vertex 7.43712 8.157 0.41
      vertex 5.71257 6.04291 4.01
      vertex 7.71257 8.04291 0.41
    endloop
  endfacet
  facet normal 0.309685 0.74768 0.587426
    outer loop
      vertex 5.71257 6.04291 4.01
      vertex 7.43712 8.157 0.41
      vertex 5.43712 6.157 4.01
    endloop
  endfacet
  facet normal 0.855853 -0.0673798 0.512812
    outer loop
      vertex 6.72659 -4.64722 4.01
      vertex 6.76411 -4.36411 3.98458
      vertex 6.74021 -4.47422 4.01
    endloop
  endfacet
  facet normal 0.855814 -0.0673689 0.512878
    outer loop
      vertex 6.72659 -4.64722 4.01
      vertex 8.74998 -6.34999 0.41
      vertex 6.76411 -4.36411 3.98458
    endloop
  endfacet
  facet normal 0.85582 -0.0673473 0.512871
    outer loop
      vertex 8.74998 -6.34999 0.41
      vertex 6.72659 -4.64722 4.01
      vertex 8.72659 -6.64722 0.41
    endloop
  endfacet
  facet normal -0.0689663 0.700264 -0.710545
    outer loop
      vertex -7.14262 7.82117 0
      vertex -7.14722 8.22659 0.4
      vertex -6.84999 7.84999 0
    endloop
  endfacet
  facet normal 0.689571 -0.165574 0.705037
    outer loop
      vertex 6.59471 -4.83844 4.09408
      vertex 6.72659 -4.64722 4.01
      vertex 6.68718 -4.64422 4.04925
    endloop
  endfacet
  facet normal 0.689527 -0.16552 0.705092
    outer loop
      vertex 6.72659 -4.64722 4.01
      vertex 6.59471 -4.83844 4.09408
      vertex 6.657 -4.93712 4.01
    endloop
  endfacet
  facet normal 0.689608 -0.165422 0.705037
    outer loop
      vertex 6.657 -4.93712 4.01
      vertex 6.59471 -4.83844 4.09408
      vertex 6.56294 -4.90026 4.11065
    endloop
  endfacet
  facet normal -0.700264 -0.0689663 -0.710545
    outer loop
      vertex -8.32117 -6.64262 0
      vertex -8.72659 -6.64722 0.4
      vertex -8.34999 -6.34999 0
    endloop
  endfacet
  facet normal -0.807864 -0.193926 0.55655
    outer loop
      vertex -8.72659 -6.64722 0.41
      vertex -6.657 -4.93712 4.01
      vertex -6.72659 -4.64722 4.01
    endloop
  endfacet
  facet normal -0.807864 -0.193926 0.55655
    outer loop
      vertex -6.657 -4.93712 4.01
      vertex -8.72659 -6.64722 0.41
      vertex -8.657 -6.93712 0.41
    endloop
  endfacet
  facet normal 0.923886 -0.382669 0
    outer loop
      vertex 8.54291 -7.21257 0.41
      vertex 8.657 -6.93712 0.4
      vertex 8.657 -6.93712 0.41
    endloop
  endfacet
  facet normal 0.923886 -0.382669 0
    outer loop
      vertex 8.657 -6.93712 0.4
      vertex 8.54291 -7.21257 0.41
      vertex 8.54291 -7.21257 0.4
    endloop
  endfacet
  facet normal 0 -0.707116 -0.707098
    outer loop
      vertex -6.84999 -7.84999 0
      vertex 6.84999 -8.24998 0.4
      vertex -6.84999 -8.24998 0.4
    endloop
  endfacet
  facet normal 0 -0.707116 -0.707098
    outer loop
      vertex 6.84999 -8.24998 0.4
      vertex -6.84999 -7.84999 0
      vertex 6.84999 -7.84999 0
    endloop
  endfacet
  facet normal -0.649434 -0.760418 0
    outer loop
      vertex -8.1935 -7.6935 0.4
      vertex -7.96678 -7.88713 0.41
      vertex -8.1935 -7.6935 0.41
    endloop
  endfacet
  facet normal -0.649434 -0.760418 -0
    outer loop
      vertex -7.96678 -7.88713 0.41
      vertex -8.1935 -7.6935 0.4
      vertex -7.96678 -7.88713 0.4
    endloop
  endfacet
  facet normal -0.996918 0.0784507 0
    outer loop
      vertex -8.74998 6.34999 0.4
      vertex -8.72659 6.64722 0.41
      vertex -8.72659 6.64722 0.4
    endloop
  endfacet
  facet normal -0.996918 0.0784507 0
    outer loop
      vertex -8.72659 6.64722 0.41
      vertex -8.74998 6.34999 0.4
      vertex -8.74998 6.34999 0.41
    endloop
  endfacet
  facet normal 0.0673473 0.85582 0.512871
    outer loop
      vertex 6.84999 8.24998 0.41
      vertex 5.14722 6.22659 4.01
      vertex 7.14722 8.22659 0.41
    endloop
  endfacet
  facet normal 0.0673473 0.85582 0.512871
    outer loop
      vertex 5.14722 6.22659 4.01
      vertex 6.84999 8.24998 0.41
      vertex 4.84999 6.24998 4.01
    endloop
  endfacet
  facet normal 0 0.874157 0.485643
    outer loop
      vertex 6.84999 8.24998 0.41
      vertex -4.84999 6.24998 4.01
      vertex 4.84999 6.24998 4.01
    endloop
  endfacet
  facet normal 0 0.874157 0.485643
    outer loop
      vertex -4.84999 6.24998 4.01
      vertex 6.84999 8.24998 0.41
      vertex -6.84999 8.24998 0.41
    endloop
  endfacet
  facet normal -0.537286 0.458868 0.707647
    outer loop
      vertex -6.38713 5.46678 4.01
      vertex -6.04302 5.4764 4.26503
      vertex -6.1935 5.6935 4.01
    endloop
  endfacet
  facet normal -0.537283 0.458878 0.707643
    outer loop
      vertex -6.04302 5.4764 4.26503
      vertex -6.38713 5.46678 4.01
      vertex -6.21765 5.33172 4.22626
    endloop
  endfacet
  facet normal 0 0.707116 -0.707098
    outer loop
      vertex 6.84999 7.84999 0
      vertex -6.84999 8.24998 0.4
      vertex 6.84999 8.24998 0.4
    endloop
  endfacet
  facet normal 0 0.707116 -0.707098
    outer loop
      vertex -6.84999 8.24998 0.4
      vertex 6.84999 7.84999 0
      vertex -6.84999 7.84999 0
    endloop
  endfacet
  facet normal -0.193926 -0.807864 0.55655
    outer loop
      vertex -7.14722 -8.22659 0.41
      vertex -5.43712 -6.157 4.01
      vertex -7.43712 -8.157 0.41
    endloop
  endfacet
  facet normal -0.193926 -0.807864 0.55655
    outer loop
      vertex -5.43712 -6.157 4.01
      vertex -7.14722 -8.22659 0.41
      vertex -5.14722 -6.22659 4.01
    endloop
  endfacet
  facet normal 0.193926 -0.807864 0.55655
    outer loop
      vertex 7.14722 -8.22659 0.41
      vertex 5.43712 -6.157 4.01
      vertex 5.14722 -6.22659 4.01
    endloop
  endfacet
  facet normal 0.193926 -0.807864 0.55655
    outer loop
      vertex 5.43712 -6.157 4.01
      vertex 7.14722 -8.22659 0.41
      vertex 7.43712 -8.157 0.41
    endloop
  endfacet
  facet normal 0 1 -0
    outer loop
      vertex 6.84999 8.24998 0.4
      vertex -6.84999 8.24998 0.41
      vertex 6.84999 8.24998 0.41
    endloop
  endfacet
  facet normal 0 1 0
    outer loop
      vertex -6.84999 8.24998 0.41
      vertex 6.84999 8.24998 0.4
      vertex -6.84999 8.24998 0.4
    endloop
  endfacet
  facet normal 0 -1 0
    outer loop
      vertex -6.84999 -8.24998 0.4
      vertex 6.84999 -8.24998 0.41
      vertex -6.84999 -8.24998 0.41
    endloop
  endfacet
  facet normal 0 -1 -0
    outer loop
      vertex 6.84999 -8.24998 0.41
      vertex -6.84999 -8.24998 0.4
      vertex 6.84999 -8.24998 0.4
    endloop
  endfacet
  facet normal 0.652128 -0.27012 0.708353
    outer loop
      vertex 6.41386 -5.11164 4.16729
      vertex 6.657 -4.93712 4.01
      vertex 6.56294 -4.90026 4.11065
    endloop
  endfacet
  facet normal 0.652123 -0.270106 0.708363
    outer loop
      vertex 6.657 -4.93712 4.01
      vertex 6.41386 -5.11164 4.16729
      vertex 6.54291 -5.21257 4.01
    endloop
  endfacet
  facet normal -0.543891 0.446427 -0.710553
    outer loop
      vertex -8.0972 7.18335 0
      vertex -8.38713 7.46678 0.4
      vertex -7.91064 7.41064 0
    endloop
  endfacet
  facet normal -0.0555593 -0.706023 -0.706006
    outer loop
      vertex -6.84999 -8.24998 0.4
      vertex -7.14722 -8.22659 0.4
      vertex -6.84999 -7.84999 0
    endloop
  endfacet
  facet normal 0.33453 -0.61828 0.71121
    outer loop
      vertex 5.61089 -5.72035 4.33824
      vertex 5.51894 -5.75716 4.34949
      vertex 5.71257 -6.04291 4.01
    endloop
  endfacet
  facet normal 0.618255 0.334602 0.711198
    outer loop
      vertex 6.54291 5.21257 4.01
      vertex 6.37565 5.15984 4.18021
      vertex 6.40833 5.12137 4.1699
    endloop
  endfacet
  facet normal 0.459914 -0.53851 -0.706036
    outer loop
      vertex 7.96678 -7.88713 0.4
      vertex 7.91064 -7.41064 0
      vertex 8.1935 -7.6935 0.4
    endloop
  endfacet
  facet normal 0.330463 0.618297 -0.713094
    outer loop
      vertex 7.68335 7.5972 0
      vertex 7.42401 7.73581 0
      vertex 7.71257 8.04291 0.4
    endloop
  endfacet
  facet normal -0.85582 0.0673473 0.512871
    outer loop
      vertex -8.74998 6.34999 0.41
      vertex -6.72659 4.64722 4.01
      vertex -8.72659 6.64722 0.41
    endloop
  endfacet
  facet normal -0.855814 0.0673689 0.512878
    outer loop
      vertex -6.76411 4.36411 3.98458
      vertex -6.72659 4.64722 4.01
      vertex -8.74998 6.34999 0.41
    endloop
  endfacet
  facet normal -0.855853 0.0673798 0.512812
    outer loop
      vertex -6.72659 4.64722 4.01
      vertex -6.76411 4.36411 3.98458
      vertex -6.74021 4.47422 4.01
    endloop
  endfacet
  facet normal 0.69163 0.166025 -0.702911
    outer loop
      vertex 8.72659 6.64722 0.4
      vertex 8.32117 6.64262 0
      vertex 8.657 6.93712 0.4
    endloop
  endfacet
  facet normal 0 0.707107 0.707107
    outer loop
      vertex 4.84999 6.24998 4.01
      vertex -4.84999 5.87459 4.38539
      vertex 4.84999 5.87459 4.38539
    endloop
  endfacet
  facet normal 0 0.707107 0.707107
    outer loop
      vertex -4.84999 5.87459 4.38539
      vertex 4.84999 6.24998 4.01
      vertex -4.84999 6.24998 4.01
    endloop
  endfacet
  facet normal -0.446427 -0.543891 -0.710553
    outer loop
      vertex -7.68335 -7.5972 0
      vertex -7.96678 -7.88713 0.4
      vertex -7.91064 -7.41064 0
    endloop
  endfacet
  facet normal 0.670882 0.203513 -0.713092
    outer loop
      vertex 8.32117 6.64262 0
      vertex 8.23581 6.92401 0
      vertex 8.657 6.93712 0.4
    endloop
  endfacet
  facet normal 0.658082 0.272574 -0.701877
    outer loop
      vertex 8.657 6.93712 0.4
      vertex 8.23581 6.92401 0
      vertex 8.54291 7.21257 0.4
    endloop
  endfacet
  facet normal 0.537283 -0.458878 0.707643
    outer loop
      vertex 6.04302 -5.4764 4.26503
      vertex 6.38713 -5.46678 4.01
      vertex 6.21765 -5.33172 4.22626
    endloop
  endfacet
  facet normal 0.537286 -0.458868 0.707647
    outer loop
      vertex 6.38713 -5.46678 4.01
      vertex 6.04302 -5.4764 4.26503
      vertex 6.1935 -5.6935 4.01
    endloop
  endfacet
  facet normal 0 -0.707107 0.707107
    outer loop
      vertex -4.84999 -6.24998 4.01
      vertex 4.84999 -5.87459 4.38539
      vertex -4.84999 -5.87459 4.38539
    endloop
  endfacet
  facet normal 0 -0.707107 0.707107
    outer loop
      vertex 4.84999 -5.87459 4.38539
      vertex -4.84999 -6.24998 4.01
      vertex 4.84999 -6.24998 4.01
    endloop
  endfacet
  facet normal 0.602989 0.369512 0.707011
    outer loop
      vertex 6.38713 5.46678 4.01
      vertex 6.37565 5.15984 4.18021
      vertex 6.54291 5.21257 4.01
    endloop
  endfacet
  facet normal 0.60298 0.369516 0.707017
    outer loop
      vertex 6.37565 5.15984 4.18021
      vertex 6.38713 5.46678 4.01
      vertex 6.20578 5.34309 4.22931
    endloop
  endfacet
  facet normal -0.677543 0.415199 0.607079
    outer loop
      vertex -8.54291 7.21257 0.41
      vertex -6.38713 5.46678 4.01
      vertex -8.38713 7.46678 0.41
    endloop
  endfacet
  facet normal -0.677543 0.415199 0.607079
    outer loop
      vertex -6.38713 5.46678 4.01
      vertex -8.54291 7.21257 0.41
      vertex -6.54291 5.21257 4.01
    endloop
  endfacet
  facet normal -0.309685 -0.74768 0.587426
    outer loop
      vertex -7.43712 -8.157 0.41
      vertex -5.71257 -6.04291 4.01
      vertex -7.71257 -8.04291 0.41
    endloop
  endfacet
  facet normal -0.309685 -0.74768 0.587426
    outer loop
      vertex -5.71257 -6.04291 4.01
      vertex -7.43712 -8.157 0.41
      vertex -5.43712 -6.157 4.01
    endloop
  endfacet
  facet normal -0.606462 -0.37164 -0.702914
    outer loop
      vertex -8.38713 -7.46678 0.4
      vertex -8.54291 -7.21257 0.4
      vertex -8.0972 -7.18335 0
    endloop
  endfacet
  facet normal -0.923886 -0.382669 0
    outer loop
      vertex -8.54291 -7.21257 0.4
      vertex -8.657 -6.93712 0.41
      vertex -8.657 -6.93712 0.4
    endloop
  endfacet
  facet normal -0.923886 -0.382669 0
    outer loop
      vertex -8.657 -6.93712 0.41
      vertex -8.54291 -7.21257 0.4
      vertex -8.54291 -7.21257 0.41
    endloop
  endfacet
  facet normal -0.330463 -0.618297 -0.713094
    outer loop
      vertex -7.42401 -7.73581 0
      vertex -7.71257 -8.04291 0.4
      vertex -7.68335 -7.5972 0
    endloop
  endfacet
  facet normal 0.70597 -0.0555798 0.706058
    outer loop
      vertex 6.74021 -4.47422 4.01
      vertex 6.69009 -4.63611 4.04737
      vertex 6.72659 -4.64722 4.01
    endloop
  endfacet
  facet normal 0.699692 -0.0866667 0.709168
    outer loop
      vertex 6.69009 -4.63611 4.04737
      vertex 6.68718 -4.64422 4.04925
      vertex 6.72659 -4.64722 4.01
    endloop
  endfacet
  facet normal 0.0689663 0.700264 -0.710545
    outer loop
      vertex 7.14262 7.82117 0
      vertex 6.84999 7.84999 0
      vertex 7.14722 8.22659 0.4
    endloop
  endfacet
  facet normal -0.874163 -2.05181e-05 0.485633
    outer loop
      vertex -8.74998 6.34999 0.41
      vertex -6.79051 4.15823 3.93705
      vertex -6.76411 4.36411 3.98458
    endloop
  endfacet
  facet normal -0.874156 5.15398e-06 0.485645
    outer loop
      vertex -8.74998 6.34999 0.41
      vertex -6.86452 3.47296 3.80384
      vertex -6.79051 4.15823 3.93705
    endloop
  endfacet
  facet normal -0.874157 3.96558e-06 0.485644
    outer loop
      vertex -8.74998 6.34999 0.41
      vertex -6.92519 2.78346 3.69464
      vertex -6.86452 3.47296 3.80384
    endloop
  endfacet
  facet normal -0.874162 -7.13297e-06 0.485635
    outer loop
      vertex -8.74998 6.34999 0.41
      vertex -6.97245 2.09057 3.60956
      vertex -6.92519 2.78346 3.69464
    endloop
  endfacet
  facet normal -0.874158 7.13614e-08 0.485642
    outer loop
      vertex -8.74998 6.34999 0.41
      vertex -7.00625 1.39513 3.54872
      vertex -6.97245 2.09057 3.60956
    endloop
  endfacet
  facet normal -0.874158 4.49406e-08 0.485642
    outer loop
      vertex -8.74998 6.34999 0.41
      vertex -7.02655 0.697989 3.51218
      vertex -7.00625 1.39513 3.54872
    endloop
  endfacet
  facet normal -0.874155 4.06188e-06 0.485648
    outer loop
      vertex -8.74998 6.34999 0.41
      vertex -7.03332 0 3.5
      vertex -7.02655 0.697989 3.51218
    endloop
  endfacet
  facet normal -0.874158 0 0.485641
    outer loop
      vertex -8.74998 -6.34999 0.41
      vertex -7.03332 0 3.5
      vertex -8.74998 6.34999 0.41
    endloop
  endfacet
  facet normal -0.874155 -4.06188e-06 0.485648
    outer loop
      vertex -7.03332 0 3.5
      vertex -8.74998 -6.34999 0.41
      vertex -7.02655 -0.697989 3.51218
    endloop
  endfacet
  facet normal -0.874158 -4.49406e-08 0.485642
    outer loop
      vertex -7.02655 -0.697989 3.51218
      vertex -8.74998 -6.34999 0.41
      vertex -7.00625 -1.39513 3.54872
    endloop
  endfacet
  facet normal -0.874158 -7.13614e-08 0.485642
    outer loop
      vertex -7.00625 -1.39513 3.54872
      vertex -8.74998 -6.34999 0.41
      vertex -6.97245 -2.09057 3.60956
    endloop
  endfacet
  facet normal -0.874162 7.13297e-06 0.485635
    outer loop
      vertex -6.97245 -2.09057 3.60956
      vertex -8.74998 -6.34999 0.41
      vertex -6.92519 -2.78346 3.69464
    endloop
  endfacet
  facet normal -0.874157 -3.96558e-06 0.485644
    outer loop
      vertex -6.92519 -2.78346 3.69464
      vertex -8.74998 -6.34999 0.41
      vertex -6.86452 -3.47296 3.80384
    endloop
  endfacet
  facet normal -0.874156 -5.15398e-06 0.485645
    outer loop
      vertex -6.86452 -3.47296 3.80384
      vertex -8.74998 -6.34999 0.41
      vertex -6.79051 -4.15823 3.93705
    endloop
  endfacet
  facet normal -0.874163 2.05181e-05 0.485633
    outer loop
      vertex -6.79051 -4.15823 3.93705
      vertex -8.74998 -6.34999 0.41
      vertex -6.76411 -4.36411 3.98458
    endloop
  endfacet
  facet normal 0.458868 0.537286 0.707647
    outer loop
      vertex 5.96678 5.88713 4.01
      vertex 5.96271 5.53352 4.28112
      vertex 6.1935 5.6935 4.01
    endloop
  endfacet
  facet normal 0.458888 0.537279 0.707639
    outer loop
      vertex 5.96271 5.53352 4.28112
      vertex 5.96678 5.88713 4.01
      vertex 5.77572 5.64738 4.31593
    endloop
  endfacet
  facet normal -0.688197 -0.165166 0.706474
    outer loop
      vertex -6.59437 -4.83844 4.09408
      vertex -6.657 -4.93712 4.01
      vertex -6.5591 -4.90691 4.11243
    endloop
  endfacet
  facet normal -0.688201 -0.16523 0.706455
    outer loop
      vertex -6.72659 -4.64722 4.01
      vertex -6.59437 -4.83844 4.09408
      vertex -6.68569 -4.64702 4.04989
    endloop
  endfacet
  facet normal -0.688173 -0.165195 0.70649
    outer loop
      vertex -6.59437 -4.83844 4.09408
      vertex -6.72659 -4.64722 4.01
      vertex -6.657 -4.93712 4.01
    endloop
  endfacet
  facet normal 0.693269 0.115275 0.7114
    outer loop
      vertex 6.72659 4.64722 4.01
      vertex 6.68569 4.64702 4.04989
      vertex 6.69009 4.63611 4.04737
    endloop
  endfacet
  facet normal -0.309685 0.74768 0.587426
    outer loop
      vertex -7.43712 8.157 0.41
      vertex -5.71257 6.04291 4.01
      vertex -5.43712 6.157 4.01
    endloop
  endfacet
  facet normal -0.309685 0.74768 0.587426
    outer loop
      vertex -5.71257 6.04291 4.01
      vertex -7.43712 8.157 0.41
      vertex -7.71257 8.04291 0.41
    endloop
  endfacet
  facet normal -0.654649 -0.27114 0.705633
    outer loop
      vertex -6.5591 -4.90691 4.11243
      vertex -6.54291 -5.21257 4.01
      vertex -6.40833 -5.12137 4.1699
    endloop
  endfacet
  facet normal -0.65463 -0.271145 0.705649
    outer loop
      vertex -6.54291 -5.21257 4.01
      vertex -6.5591 -4.90691 4.11243
      vertex -6.657 -4.93712 4.01
    endloop
  endfacet
  facet normal 0.0555586 0.706014 0.706015
    outer loop
      vertex 4.84999 6.24998 4.01
      vertex 5.03666 5.86334 4.38195
      vertex 5.14722 6.22659 4.01
    endloop
  endfacet
  facet normal 0.0555598 0.706015 0.706015
    outer loop
      vertex 5.03666 5.86334 4.38195
      vertex 4.84999 6.24998 4.01
      vertex 4.84999 5.87459 4.38539
    endloop
  endfacet
  facet normal -0.415199 0.677543 0.607079
    outer loop
      vertex -7.71257 8.04291 0.41
      vertex -5.96678 5.88713 4.01
      vertex -5.71257 6.04291 4.01
    endloop
  endfacet
  facet normal -0.415199 0.677543 0.607079
    outer loop
      vertex -5.96678 5.88713 4.01
      vertex -7.71257 8.04291 0.41
      vertex -7.96678 7.88713 0.41
    endloop
  endfacet
  facet normal -0.85264 0.522498 0
    outer loop
      vertex -8.54291 7.21257 0.4
      vertex -8.38713 7.46678 0.41
      vertex -8.38713 7.46678 0.4
    endloop
  endfacet
  facet normal -0.85264 0.522498 0
    outer loop
      vertex -8.38713 7.46678 0.41
      vertex -8.54291 7.21257 0.4
      vertex -8.54291 7.21257 0.41
    endloop
  endfacet
  facet normal -0.271165 0.654626 0.705644
    outer loop
      vertex -5.43712 6.157 4.01
      vertex -5.51894 5.75716 4.34949
      vertex -5.33175 5.81548 4.36732
    endloop
  endfacet
  facet normal -0.271144 0.654628 0.705651
    outer loop
      vertex -5.51894 5.75716 4.34949
      vertex -5.43712 6.157 4.01
      vertex -5.71257 6.04291 4.01
    endloop
  endfacet
  facet normal -0.115668 0.693218 0.711385
    outer loop
      vertex -5.03666 5.86334 4.38195
      vertex -5.14722 6.22659 4.01
      vertex -5.14538 5.84953 4.37773
    endloop
  endfacet
  facet normal 0.511273 0.598646 0.616622
    outer loop
      vertex 7.96678 7.88713 0.41
      vertex 6.1935 5.6935 4.01
      vertex 8.1935 7.6935 0.41
    endloop
  endfacet
  facet normal 0.511273 0.598646 0.616622
    outer loop
      vertex 6.1935 5.6935 4.01
      vertex 7.96678 7.88713 0.41
      vertex 5.96678 5.88713 4.01
    endloop
  endfacet
  facet normal 0.270109 0.65213 0.708356
    outer loop
      vertex 5.43712 6.157 4.01
      vertex 5.49361 5.76293 4.35125
      vertex 5.71257 6.04291 4.01
    endloop
  endfacet
  facet normal 0.270083 0.652133 0.708363
    outer loop
      vertex 5.49361 5.76293 4.35125
      vertex 5.43712 6.157 4.01
      vertex 5.30561 5.82138 4.36912
    endloop
  endfacet
  facet normal 0.598646 -0.511273 0.616622
    outer loop
      vertex 6.1935 -5.6935 4.01
      vertex 8.38713 -7.46678 0.41
      vertex 6.38713 -5.46678 4.01
    endloop
  endfacet
  facet normal 0.598646 -0.511273 0.616622
    outer loop
      vertex 8.38713 -7.46678 0.41
      vertex 6.1935 -5.6935 4.01
      vertex 8.1935 -7.6935 0.41
    endloop
  endfacet
  facet normal 0.511273 -0.598646 0.616622
    outer loop
      vertex 6.1935 -5.6935 4.01
      vertex 7.96678 -7.88713 0.41
      vertex 8.1935 -7.6935 0.41
    endloop
  endfacet
  facet normal 0.511273 -0.598646 0.616622
    outer loop
      vertex 7.96678 -7.88713 0.41
      vertex 6.1935 -5.6935 4.01
      vertex 5.96678 -5.88713 4.01
    endloop
  endfacet
  facet normal 0.517484 -0.47635 0.710845
    outer loop
      vertex 5.99618 -5.51275 4.27477
      vertex 6.1935 -5.6935 4.01
      vertex 6.04302 -5.4764 4.26503
    endloop
  endfacet
  facet normal 0.517316 -0.476534 0.710844
    outer loop
      vertex 6.1935 -5.6935 4.01
      vertex 5.99618 -5.51275 4.27477
      vertex 5.98149 -5.5237 4.27812
    endloop
  endfacet
  facet normal -0.670882 0.203513 -0.713092
    outer loop
      vertex -8.32117 6.64262 0
      vertex -8.657 6.93712 0.4
      vertex -8.23581 6.92401 0
    endloop
  endfacet
  facet normal -0.0555598 -0.706015 0.706015
    outer loop
      vertex -5.03666 -5.86334 4.38195
      vertex -4.84999 -6.24998 4.01
      vertex -4.84999 -5.87459 4.38539
    endloop
  endfacet
  facet normal -0.0555586 -0.706014 0.706015
    outer loop
      vertex -4.84999 -6.24998 4.01
      vertex -5.03666 -5.86334 4.38195
      vertex -5.14722 -6.22659 4.01
    endloop
  endfacet
  facet normal 0 -0.874157 0.485643
    outer loop
      vertex -6.84999 -8.24998 0.41
      vertex 4.84999 -6.24998 4.01
      vertex -4.84999 -6.24998 4.01
    endloop
  endfacet
  facet normal 0 -0.874157 0.485643
    outer loop
      vertex 4.84999 -6.24998 4.01
      vertex -6.84999 -8.24998 0.41
      vertex 6.84999 -8.24998 0.41
    endloop
  endfacet
  facet normal -0.37164 -0.606462 -0.702914
    outer loop
      vertex -7.71257 -8.04291 0.4
      vertex -7.96678 -7.88713 0.4
      vertex -7.68335 -7.5972 0
    endloop
  endfacet
  facet normal -0.677543 -0.415199 0.607079
    outer loop
      vertex -8.54291 -7.21257 0.41
      vertex -6.38713 -5.46678 4.01
      vertex -6.54291 -5.21257 4.01
    endloop
  endfacet
  facet normal -0.677543 -0.415199 0.607079
    outer loop
      vertex -6.38713 -5.46678 4.01
      vertex -8.54291 -7.21257 0.41
      vertex -8.38713 -7.46678 0.41
    endloop
  endfacet
  facet normal -0.996918 -0.0784507 0
    outer loop
      vertex -8.72659 -6.64722 0.4
      vertex -8.74998 -6.34999 0.41
      vertex -8.74998 -6.34999 0.4
    endloop
  endfacet
  facet normal -0.996918 -0.0784507 0
    outer loop
      vertex -8.74998 -6.34999 0.41
      vertex -8.72659 -6.64722 0.4
      vertex -8.72659 -6.64722 0.41
    endloop
  endfacet
  facet normal -0.476346 -0.51749 0.710844
    outer loop
      vertex -5.99475 -5.51275 4.27477
      vertex -6.1935 -5.6935 4.01
      vertex -5.96271 -5.53352 4.28112
    endloop
  endfacet
  facet normal -0.476472 -0.517363 0.710852
    outer loop
      vertex -6.1935 -5.6935 4.01
      vertex -5.99475 -5.51275 4.27477
      vertex -6.02983 -5.48914 4.26844
    endloop
  endfacet
  facet normal -0.16558 -0.689568 0.705039
    outer loop
      vertex -5.30561 -5.82138 4.36912
      vertex -5.14722 -6.22659 4.01
      vertex -5.11902 -5.85551 4.37956
    endloop
  endfacet
  facet normal -0.165528 -0.689563 0.705056
    outer loop
      vertex -5.14722 -6.22659 4.01
      vertex -5.30561 -5.82138 4.36912
      vertex -5.43712 -6.157 4.01
    endloop
  endfacet
  facet normal -0.522498 0.85264 0
    outer loop
      vertex -7.71257 8.04291 0.4
      vertex -7.96678 7.88713 0.41
      vertex -7.71257 8.04291 0.41
    endloop
  endfacet
  facet normal -0.522498 0.85264 0
    outer loop
      vertex -7.96678 7.88713 0.41
      vertex -7.71257 8.04291 0.4
      vertex -7.96678 7.88713 0.4
    endloop
  endfacet
  facet normal -0.33453 0.61828 0.71121
    outer loop
      vertex -5.51894 5.75716 4.34949
      vertex -5.71257 6.04291 4.01
      vertex -5.61089 5.72035 4.33824
    endloop
  endfacet
  facet normal -0.707116 0 -0.707098
    outer loop
      vertex -8.34999 -6.34999 0
      vertex -8.74998 6.34999 0.4
      vertex -8.34999 6.34999 0
    endloop
  endfacet
  facet normal -0.707116 -0 -0.707098
    outer loop
      vertex -8.74998 6.34999 0.4
      vertex -8.34999 -6.34999 0
      vertex -8.74998 -6.34999 0.4
    endloop
  endfacet
  facet normal -0.74768 0.309685 0.587426
    outer loop
      vertex -8.657 6.93712 0.41
      vertex -6.54291 5.21257 4.01
      vertex -8.54291 7.21257 0.41
    endloop
  endfacet
  facet normal -0.74768 0.309685 0.587426
    outer loop
      vertex -6.54291 5.21257 4.01
      vertex -8.657 6.93712 0.41
      vertex -6.657 4.93712 4.01
    endloop
  endfacet
  facet normal -0.60458 0.370453 0.705158
    outer loop
      vertex -6.38713 5.46678 4.01
      vertex -6.38536 5.15047 4.17769
      vertex -6.21765 5.33172 4.22626
    endloop
  endfacet
  facet normal -0.604545 0.370465 0.705182
    outer loop
      vertex -6.38536 5.15047 4.17769
      vertex -6.38713 5.46678 4.01
      vertex -6.54291 5.21257 4.01
    endloop
  endfacet
  facet normal -0.37164 0.606462 -0.702914
    outer loop
      vertex -7.68335 7.5972 0
      vertex -7.96678 7.88713 0.4
      vertex -7.71257 8.04291 0.4
    endloop
  endfacet
  facet normal -0.0870945 -0.699642 0.709165
    outer loop
      vertex -5.11902 -5.85551 4.37956
      vertex -5.14722 -6.22659 4.01
      vertex -5.03666 -5.86334 4.38195
    endloop
  endfacet
  facet normal 0.282768 0.644603 0.710303
    outer loop
      vertex 5.71257 6.04291 4.01
      vertex 5.49361 5.76293 4.35125
      vertex 5.58977 5.73137 4.34161
    endloop
  endfacet
  facet normal -0.618297 -0.330463 -0.713094
    outer loop
      vertex -8.0972 -7.18335 0
      vertex -8.54291 -7.21257 0.4
      vertex -8.23581 -6.92401 0
    endloop
  endfacet
  facet normal -0.60298 -0.369516 0.707017
    outer loop
      vertex -6.37565 -5.15984 4.18021
      vertex -6.38713 -5.46678 4.01
      vertex -6.20578 -5.34309 4.22931
    endloop
  endfacet
  facet normal -0.602989 -0.369512 0.707011
    outer loop
      vertex -6.38713 -5.46678 4.01
      vertex -6.37565 -5.15984 4.18021
      vertex -6.54291 -5.21257 4.01
    endloop
  endfacet
  facet normal -0.165198 0.688188 0.706475
    outer loop
      vertex -5.43712 6.157 4.01
      vertex -5.14538 5.84953 4.37773
      vertex -5.14722 6.22659 4.01
    endloop
  endfacet
  facet normal -0.165194 0.68819 0.706474
    outer loop
      vertex -5.14538 5.84953 4.37773
      vertex -5.43712 6.157 4.01
      vertex -5.33175 5.81548 4.36732
    endloop
  endfacet
  facet normal -0.0784507 0.996918 0
    outer loop
      vertex -6.84999 8.24998 0.4
      vertex -7.14722 8.22659 0.41
      vertex -6.84999 8.24998 0.41
    endloop
  endfacet
  facet normal -0.0784507 0.996918 0
    outer loop
      vertex -7.14722 8.22659 0.41
      vertex -6.84999 8.24998 0.4
      vertex -7.14722 8.22659 0.4
    endloop
  endfacet
  facet normal -0.272574 0.658082 -0.701877
    outer loop
      vertex -7.42401 7.73581 0
      vertex -7.71257 8.04291 0.4
      vertex -7.43712 8.157 0.4
    endloop
  endfacet
  facet normal 0.53851 -0.459914 -0.706036
    outer loop
      vertex 8.1935 -7.6935 0.4
      vertex 7.91064 -7.41064 0
      vertex 8.38713 -7.46678 0.4
    endloop
  endfacet
  facet normal 0.203513 -0.670882 -0.713092
    outer loop
      vertex 7.43712 -8.157 0.4
      vertex 7.14262 -7.82117 0
      vertex 7.42401 -7.73581 0
    endloop
  endfacet
  facet normal -0.511273 0.598646 0.616622
    outer loop
      vertex -7.96678 7.88713 0.41
      vertex -6.1935 5.6935 4.01
      vertex -5.96678 5.88713 4.01
    endloop
  endfacet
  facet normal -0.511273 0.598646 0.616622
    outer loop
      vertex -6.1935 5.6935 4.01
      vertex -7.96678 7.88713 0.41
      vertex -8.1935 7.6935 0.41
    endloop
  endfacet
  facet normal -0.517484 0.47635 0.710845
    outer loop
      vertex -5.99618 5.51275 4.27477
      vertex -6.1935 5.6935 4.01
      vertex -6.04302 5.4764 4.26503
    endloop
  endfacet
  facet normal -0.517316 0.476534 0.710844
    outer loop
      vertex -6.1935 5.6935 4.01
      vertex -5.99618 5.51275 4.27477
      vertex -5.98149 5.5237 4.27812
    endloop
  endfacet
  facet normal 0.0870945 0.699642 0.709165
    outer loop
      vertex 5.14722 6.22659 4.01
      vertex 5.03666 5.86334 4.38195
      vertex 5.11902 5.85551 4.37956
    endloop
  endfacet
  facet normal -0.538998 -0.460359 0.705373
    outer loop
      vertex -6.20578 -5.34309 4.22931
      vertex -6.1935 -5.6935 4.01
      vertex -6.02983 -5.48914 4.26844
    endloop
  endfacet
  facet normal -0.539022 -0.460351 0.70536
    outer loop
      vertex -6.1935 -5.6935 4.01
      vertex -6.20578 -5.34309 4.22931
      vertex -6.38713 -5.46678 4.01
    endloop
  endfacet
  facet normal -0.618255 -0.334602 0.711198
    outer loop
      vertex -6.40833 -5.12137 4.1699
      vertex -6.54291 -5.21257 4.01
      vertex -6.37565 -5.15984 4.18021
    endloop
  endfacet
  facet normal 0.476472 0.517363 0.710852
    outer loop
      vertex 6.1935 5.6935 4.01
      vertex 5.99475 5.51275 4.27477
      vertex 6.02983 5.48914 4.26844
    endloop
  endfacet
  facet normal 0.476346 0.51749 0.710844
    outer loop
      vertex 5.99475 5.51275 4.27477
      vertex 6.1935 5.6935 4.01
      vertex 5.96271 5.53352 4.28112
    endloop
  endfacet
  facet normal -0.644554 0.282835 0.71032
    outer loop
      vertex -6.38536 5.15047 4.17769
      vertex -6.54291 5.21257 4.01
      vertex -6.41386 5.11164 4.16729
    endloop
  endfacet
  facet normal 0.460346 -0.539016 0.705367
    outer loop
      vertex 5.98149 -5.5237 4.27812
      vertex 5.96678 -5.88713 4.01
      vertex 6.1935 -5.6935 4.01
    endloop
  endfacet
  facet normal 0.46036 -0.539013 0.705361
    outer loop
      vertex 5.96678 -5.88713 4.01
      vertex 5.98149 -5.5237 4.27812
      vertex 5.79606 -5.63682 4.3127
    endloop
  endfacet
  facet normal 0.369519 -0.602975 0.70702
    outer loop
      vertex 5.61089 -5.72035 4.33824
      vertex 5.96678 -5.88713 4.01
      vertex 5.79606 -5.63682 4.3127
    endloop
  endfacet
  facet normal 0.36951 -0.602986 0.707016
    outer loop
      vertex 5.96678 -5.88713 4.01
      vertex 5.61089 -5.72035 4.33824
      vertex 5.71257 -6.04291 4.01
    endloop
  endfacet
  facet normal 0.271144 -0.654628 0.705651
    outer loop
      vertex 5.51894 -5.75716 4.34949
      vertex 5.43712 -6.157 4.01
      vertex 5.71257 -6.04291 4.01
    endloop
  endfacet
  facet normal 0.271165 -0.654626 0.705644
    outer loop
      vertex 5.43712 -6.157 4.01
      vertex 5.51894 -5.75716 4.34949
      vertex 5.33175 -5.81548 4.36732
    endloop
  endfacet
  facet normal -0.0673473 -0.85582 0.512871
    outer loop
      vertex -6.84999 -8.24998 0.41
      vertex -5.14722 -6.22659 4.01
      vertex -7.14722 -8.22659 0.41
    endloop
  endfacet
  facet normal -0.0673473 -0.85582 0.512871
    outer loop
      vertex -5.14722 -6.22659 4.01
      vertex -6.84999 -8.24998 0.41
      vertex -4.84999 -6.24998 4.01
    endloop
  endfacet
  facet normal -0.658082 -0.272574 -0.701877
    outer loop
      vertex -8.54291 -7.21257 0.4
      vertex -8.657 -6.93712 0.4
      vertex -8.23581 -6.92401 0
    endloop
  endfacet
  facet normal -0.166025 0.69163 -0.702911
    outer loop
      vertex -7.14262 7.82117 0
      vertex -7.43712 8.157 0.4
      vertex -7.14722 8.22659 0.4
    endloop
  endfacet
  facet normal -0.203513 0.670882 -0.713092
    outer loop
      vertex -7.42401 7.73581 0
      vertex -7.43712 8.157 0.4
      vertex -7.14262 7.82117 0
    endloop
  endfacet
  facet normal -0.693269 -0.115275 0.7114
    outer loop
      vertex -6.69009 -4.63611 4.04737
      vertex -6.72659 -4.64722 4.01
      vertex -6.68569 -4.64702 4.04989
    endloop
  endfacet
  facet normal 0.166025 0.69163 -0.702911
    outer loop
      vertex 7.43712 8.157 0.4
      vertex 7.14262 7.82117 0
      vertex 7.14722 8.22659 0.4
    endloop
  endfacet
  facet normal -0.543891 -0.446427 -0.710553
    outer loop
      vertex -7.91064 -7.41064 0
      vertex -8.38713 -7.46678 0.4
      vertex -8.0972 -7.18335 0
    endloop
  endfacet
  facet normal -0.282768 -0.644603 0.710303
    outer loop
      vertex -5.58977 -5.73137 4.34161
      vertex -5.71257 -6.04291 4.01
      vertex -5.49361 -5.76293 4.35125
    endloop
  endfacet
  facet normal -0.270083 -0.652133 0.708363
    outer loop
      vertex -5.49361 -5.76293 4.35125
      vertex -5.43712 -6.157 4.01
      vertex -5.30561 -5.82138 4.36912
    endloop
  endfacet
  facet normal -0.270109 -0.65213 0.708356
    outer loop
      vertex -5.43712 -6.157 4.01
      vertex -5.49361 -5.76293 4.35125
      vertex -5.71257 -6.04291 4.01
    endloop
  endfacet
  facet normal 0.70597 0.0555798 0.706058
    outer loop
      vertex 6.72659 4.64722 4.01
      vertex 6.69009 4.63611 4.04737
      vertex 6.74021 4.47422 4.01
    endloop
  endfacet
  facet normal 0.677543 -0.415199 0.607079
    outer loop
      vertex 6.38713 -5.46678 4.01
      vertex 8.54291 -7.21257 0.41
      vertex 6.54291 -5.21257 4.01
    endloop
  endfacet
  facet normal 0.677543 -0.415199 0.607079
    outer loop
      vertex 8.54291 -7.21257 0.41
      vertex 6.38713 -5.46678 4.01
      vertex 8.38713 -7.46678 0.41
    endloop
  endfacet
  facet normal -0.972377 0.233417 0
    outer loop
      vertex -8.72659 6.64722 0.4
      vertex -8.657 6.93712 0.41
      vertex -8.657 6.93712 0.4
    endloop
  endfacet
  facet normal -0.972377 0.233417 0
    outer loop
      vertex -8.657 6.93712 0.41
      vertex -8.72659 6.64722 0.4
      vertex -8.72659 6.64722 0.41
    endloop
  endfacet
  facet normal -0.70597 0.0555798 0.706058
    outer loop
      vertex -6.72659 4.64722 4.01
      vertex -6.74021 4.47422 4.01
      vertex -6.69009 4.63611 4.04737
    endloop
  endfacet
  facet normal -0.699692 0.0866667 0.709168
    outer loop
      vertex -6.68718 4.64422 4.04925
      vertex -6.72659 4.64722 4.01
      vertex -6.69009 4.63611 4.04737
    endloop
  endfacet
  facet normal -0.74768 -0.309685 0.587426
    outer loop
      vertex -8.657 -6.93712 0.41
      vertex -6.54291 -5.21257 4.01
      vertex -6.657 -4.93712 4.01
    endloop
  endfacet
  facet normal -0.74768 -0.309685 0.587426
    outer loop
      vertex -6.54291 -5.21257 4.01
      vertex -8.657 -6.93712 0.41
      vertex -8.54291 -7.21257 0.41
    endloop
  endfacet
  facet normal -0.0555593 0.706023 -0.706006
    outer loop
      vertex -6.84999 7.84999 0
      vertex -7.14722 8.22659 0.4
      vertex -6.84999 8.24998 0.4
    endloop
  endfacet
  facet normal -0.0673473 0.85582 0.512871
    outer loop
      vertex -6.84999 8.24998 0.41
      vertex -5.14722 6.22659 4.01
      vertex -4.84999 6.24998 4.01
    endloop
  endfacet
  facet normal -0.0673473 0.85582 0.512871
    outer loop
      vertex -5.14722 6.22659 4.01
      vertex -6.84999 8.24998 0.41
      vertex -7.14722 8.22659 0.41
    endloop
  endfacet
  facet normal -0.193926 0.807864 0.55655
    outer loop
      vertex -7.14722 8.22659 0.41
      vertex -5.43712 6.157 4.01
      vertex -5.14722 6.22659 4.01
    endloop
  endfacet
  facet normal -0.193926 0.807864 0.55655
    outer loop
      vertex -5.43712 6.157 4.01
      vertex -7.14722 8.22659 0.41
      vertex -7.43712 8.157 0.41
    endloop
  endfacet
  facet normal 0.203513 0.670882 -0.713092
    outer loop
      vertex 7.42401 7.73581 0
      vertex 7.14262 7.82117 0
      vertex 7.43712 8.157 0.4
    endloop
  endfacet
  facet normal -0.649434 0.760418 0
    outer loop
      vertex -7.96678 7.88713 0.4
      vertex -8.1935 7.6935 0.41
      vertex -7.96678 7.88713 0.41
    endloop
  endfacet
  facet normal -0.649434 0.760418 0
    outer loop
      vertex -8.1935 7.6935 0.41
      vertex -7.96678 7.88713 0.4
      vertex -8.1935 7.6935 0.4
    endloop
  endfacet
  facet normal -0.233417 0.972377 0
    outer loop
      vertex -7.14722 8.22659 0.4
      vertex -7.43712 8.157 0.41
      vertex -7.14722 8.22659 0.41
    endloop
  endfacet
  facet normal -0.233417 0.972377 0
    outer loop
      vertex -7.43712 8.157 0.41
      vertex -7.14722 8.22659 0.4
      vertex -7.43712 8.157 0.4
    endloop
  endfacet
  facet normal -0.46036 0.539013 0.705361
    outer loop
      vertex -5.96678 5.88713 4.01
      vertex -5.98149 5.5237 4.27812
      vertex -5.79606 5.63682 4.3127
    endloop
  endfacet
  facet normal -0.460346 0.539016 0.705367
    outer loop
      vertex -5.98149 5.5237 4.27812
      vertex -5.96678 5.88713 4.01
      vertex -6.1935 5.6935 4.01
    endloop
  endfacet
  facet normal -0.36951 0.602986 0.707016
    outer loop
      vertex -5.96678 5.88713 4.01
      vertex -5.61089 5.72035 4.33824
      vertex -5.71257 6.04291 4.01
    endloop
  endfacet
  facet normal -0.369519 0.602975 0.70702
    outer loop
      vertex -5.61089 5.72035 4.33824
      vertex -5.96678 5.88713 4.01
      vertex -5.79606 5.63682 4.3127
    endloop
  endfacet
  facet normal 0.165528 0.689563 0.705056
    outer loop
      vertex 5.14722 6.22659 4.01
      vertex 5.30561 5.82138 4.36912
      vertex 5.43712 6.157 4.01
    endloop
  endfacet
  facet normal 0.16558 0.689568 0.705039
    outer loop
      vertex 5.30561 5.82138 4.36912
      vertex 5.14722 6.22659 4.01
      vertex 5.11902 5.85551 4.37956
    endloop
  endfacet
  facet normal 0.370479 0.604566 0.705156
    outer loop
      vertex 5.71257 6.04291 4.01
      vertex 5.77572 5.64738 4.31593
      vertex 5.96678 5.88713 4.01
    endloop
  endfacet
  facet normal 0.370457 0.60457 0.705165
    outer loop
      vertex 5.77572 5.64738 4.31593
      vertex 5.71257 6.04291 4.01
      vertex 5.58977 5.73137 4.34161
    endloop
  endfacet
  facet normal 0.233417 0.972377 -0
    outer loop
      vertex 7.43712 8.157 0.4
      vertex 7.14722 8.22659 0.41
      vertex 7.43712 8.157 0.41
    endloop
  endfacet
  facet normal 0.233417 0.972377 0
    outer loop
      vertex 7.14722 8.22659 0.41
      vertex 7.43712 8.157 0.4
      vertex 7.14722 8.22659 0.4
    endloop
  endfacet
  facet normal 0.522498 -0.85264 0
    outer loop
      vertex 7.71257 -8.04291 0.4
      vertex 7.96678 -7.88713 0.41
      vertex 7.71257 -8.04291 0.41
    endloop
  endfacet
  facet normal 0.522498 -0.85264 0
    outer loop
      vertex 7.96678 -7.88713 0.41
      vertex 7.71257 -8.04291 0.4
      vertex 7.96678 -7.88713 0.4
    endloop
  endfacet
  facet normal 0.0784507 -0.996918 0
    outer loop
      vertex 6.84999 -8.24998 0.4
      vertex 7.14722 -8.22659 0.41
      vertex 6.84999 -8.24998 0.41
    endloop
  endfacet
  facet normal 0.0784507 -0.996918 0
    outer loop
      vertex 7.14722 -8.22659 0.41
      vertex 6.84999 -8.24998 0.4
      vertex 7.14722 -8.22659 0.4
    endloop
  endfacet
  facet normal 0.115668 -0.693218 0.711385
    outer loop
      vertex 5.14538 -5.84953 4.37773
      vertex 5.03666 -5.86334 4.38195
      vertex 5.14722 -6.22659 4.01
    endloop
  endfacet
  facet normal -0.446427 0.543891 -0.710553
    outer loop
      vertex -7.91064 7.41064 0
      vertex -7.96678 7.88713 0.4
      vertex -7.68335 7.5972 0
    endloop
  endfacet
  facet normal -0.203513 -0.670882 -0.713092
    outer loop
      vertex -7.14262 -7.82117 0
      vertex -7.43712 -8.157 0.4
      vertex -7.42401 -7.73581 0
    endloop
  endfacet
  facet normal 0.165194 -0.68819 0.706474
    outer loop
      vertex 5.14538 -5.84953 4.37773
      vertex 5.43712 -6.157 4.01
      vertex 5.33175 -5.81548 4.36732
    endloop
  endfacet
  facet normal 0.165198 -0.688188 0.706475
    outer loop
      vertex 5.43712 -6.157 4.01
      vertex 5.14538 -5.84953 4.37773
      vertex 5.14722 -6.22659 4.01
    endloop
  endfacet
  facet normal 0.166025 -0.69163 -0.702911
    outer loop
      vertex 7.14722 -8.22659 0.4
      vertex 7.14262 -7.82117 0
      vertex 7.43712 -8.157 0.4
    endloop
  endfacet
  facet normal -0.0784507 -0.996918 0
    outer loop
      vertex -7.14722 -8.22659 0.4
      vertex -6.84999 -8.24998 0.41
      vertex -7.14722 -8.22659 0.41
    endloop
  endfacet
  facet normal -0.0784507 -0.996918 -0
    outer loop
      vertex -6.84999 -8.24998 0.41
      vertex -7.14722 -8.22659 0.4
      vertex -6.84999 -8.24998 0.4
    endloop
  endfacet
  facet normal -0.233417 -0.972377 0
    outer loop
      vertex -7.43712 -8.157 0.4
      vertex -7.14722 -8.22659 0.41
      vertex -7.43712 -8.157 0.41
    endloop
  endfacet
  facet normal -0.233417 -0.972377 -0
    outer loop
      vertex -7.14722 -8.22659 0.41
      vertex -7.43712 -8.157 0.4
      vertex -7.14722 -8.22659 0.4
    endloop
  endfacet
  facet normal -0.370457 -0.60457 0.705165
    outer loop
      vertex -5.77572 -5.64738 4.31593
      vertex -5.71257 -6.04291 4.01
      vertex -5.58977 -5.73137 4.34161
    endloop
  endfacet
  facet normal -0.370479 -0.604566 0.705156
    outer loop
      vertex -5.71257 -6.04291 4.01
      vertex -5.77572 -5.64738 4.31593
      vertex -5.96678 -5.88713 4.01
    endloop
  endfacet
  facet normal -0.522498 -0.85264 0
    outer loop
      vertex -7.96678 -7.88713 0.4
      vertex -7.71257 -8.04291 0.41
      vertex -7.96678 -7.88713 0.41
    endloop
  endfacet
  facet normal -0.522498 -0.85264 -0
    outer loop
      vertex -7.71257 -8.04291 0.41
      vertex -7.96678 -7.88713 0.4
      vertex -7.71257 -8.04291 0.4
    endloop
  endfacet
  facet normal 0.446427 0.543891 -0.710553
    outer loop
      vertex 7.91064 7.41064 0
      vertex 7.68335 7.5972 0
      vertex 7.96678 7.88713 0.4
    endloop
  endfacet
  facet normal 0.272574 0.658082 -0.701877
    outer loop
      vertex 7.71257 8.04291 0.4
      vertex 7.42401 7.73581 0
      vertex 7.43712 8.157 0.4
    endloop
  endfacet
  facet normal 0.700264 -0.0689663 -0.710545
    outer loop
      vertex 8.72659 -6.64722 0.4
      vertex 8.32117 -6.64262 0
      vertex 8.34999 -6.34999 0
    endloop
  endfacet
  facet normal -0.706023 -0.0555593 -0.706006
    outer loop
      vertex -8.72659 -6.64722 0.4
      vertex -8.74998 -6.34999 0.4
      vertex -8.34999 -6.34999 0
    endloop
  endfacet
  facet normal -0.458888 -0.537279 0.707639
    outer loop
      vertex -5.96271 -5.53352 4.28112
      vertex -5.96678 -5.88713 4.01
      vertex -5.77572 -5.64738 4.31593
    endloop
  endfacet
  facet normal -0.458868 -0.537286 0.707647
    outer loop
      vertex -5.96678 -5.88713 4.01
      vertex -5.96271 -5.53352 4.28112
      vertex -6.1935 -5.6935 4.01
    endloop
  endfacet
  facet normal -0.598646 -0.511273 0.616622
    outer loop
      vertex -8.38713 -7.46678 0.41
      vertex -6.1935 -5.6935 4.01
      vertex -6.38713 -5.46678 4.01
    endloop
  endfacet
  facet normal -0.598646 -0.511273 0.616622
    outer loop
      vertex -6.1935 -5.6935 4.01
      vertex -8.38713 -7.46678 0.41
      vertex -8.1935 -7.6935 0.41
    endloop
  endfacet
  facet normal 0.688173 0.165195 0.70649
    outer loop
      vertex 6.59437 4.83844 4.09408
      vertex 6.72659 4.64722 4.01
      vertex 6.657 4.93712 4.01
    endloop
  endfacet
  facet normal 0.688201 0.16523 0.706455
    outer loop
      vertex 6.72659 4.64722 4.01
      vertex 6.59437 4.83844 4.09408
      vertex 6.68569 4.64702 4.04989
    endloop
  endfacet
  facet normal 0.688197 0.165166 0.706474
    outer loop
      vertex 6.59437 4.83844 4.09408
      vertex 6.657 4.93712 4.01
      vertex 6.5591 4.90691 4.11243
    endloop
  endfacet
  facet normal 0.539022 0.460351 0.70536
    outer loop
      vertex 6.1935 5.6935 4.01
      vertex 6.20578 5.34309 4.22931
      vertex 6.38713 5.46678 4.01
    endloop
  endfacet
  facet normal 0.538998 0.460359 0.705373
    outer loop
      vertex 6.20578 5.34309 4.22931
      vertex 6.1935 5.6935 4.01
      vertex 6.02983 5.48914 4.26844
    endloop
  endfacet
  facet normal -0.700264 0.0689663 -0.710545
    outer loop
      vertex -8.34999 6.34999 0
      vertex -8.72659 6.64722 0.4
      vertex -8.32117 6.64262 0
    endloop
  endfacet
  facet normal -0.706023 0.0555593 -0.706006
    outer loop
      vertex -8.34999 6.34999 0
      vertex -8.74998 6.34999 0.4
      vertex -8.72659 6.64722 0.4
    endloop
  endfacet
  facet normal -0.70597 -0.0555798 0.706058
    outer loop
      vertex -6.69009 -4.63611 4.04737
      vertex -6.74021 -4.47422 4.01
      vertex -6.72659 -4.64722 4.01
    endloop
  endfacet
  facet normal -0.972377 -0.233417 0
    outer loop
      vertex -8.657 -6.93712 0.4
      vertex -8.72659 -6.64722 0.41
      vertex -8.72659 -6.64722 0.4
    endloop
  endfacet
  facet normal -0.972377 -0.233417 0
    outer loop
      vertex -8.72659 -6.64722 0.41
      vertex -8.657 -6.93712 0.4
      vertex -8.657 -6.93712 0.41
    endloop
  endfacet
  facet normal -0.0555598 0.706015 0.706015
    outer loop
      vertex -4.84999 6.24998 4.01
      vertex -5.03666 5.86334 4.38195
      vertex -4.84999 5.87459 4.38539
    endloop
  endfacet
  facet normal -0.0555586 0.706014 0.706015
    outer loop
      vertex -5.03666 5.86334 4.38195
      vertex -4.84999 6.24998 4.01
      vertex -5.14722 6.22659 4.01
    endloop
  endfacet
  facet normal -0.330463 0.618297 -0.713094
    outer loop
      vertex -7.68335 7.5972 0
      vertex -7.71257 8.04291 0.4
      vertex -7.42401 7.73581 0
    endloop
  endfacet
  facet normal -0.652123 0.270106 0.708363
    outer loop
      vertex -6.657 4.93712 4.01
      vertex -6.41386 5.11164 4.16729
      vertex -6.54291 5.21257 4.01
    endloop
  endfacet
  facet normal -0.652128 0.27012 0.708353
    outer loop
      vertex -6.41386 5.11164 4.16729
      vertex -6.657 4.93712 4.01
      vertex -6.56294 4.90026 4.11065
    endloop
  endfacet
  facet normal 0.74768 0.309685 0.587426
    outer loop
      vertex 6.54291 5.21257 4.01
      vertex 8.657 6.93712 0.41
      vertex 8.54291 7.21257 0.41
    endloop
  endfacet
  facet normal 0.74768 0.309685 0.587426
    outer loop
      vertex 8.657 6.93712 0.41
      vertex 6.54291 5.21257 4.01
      vertex 6.657 4.93712 4.01
    endloop
  endfacet
  facet normal 0.0555593 -0.706023 -0.706006
    outer loop
      vertex 7.14722 -8.22659 0.4
      vertex 6.84999 -8.24998 0.4
      vertex 6.84999 -7.84999 0
    endloop
  endfacet
  facet normal 0.272574 -0.658082 -0.701877
    outer loop
      vertex 7.43712 -8.157 0.4
      vertex 7.42401 -7.73581 0
      vertex 7.71257 -8.04291 0.4
    endloop
  endfacet
  facet normal 0.0689663 -0.700264 -0.710545
    outer loop
      vertex 7.14722 -8.22659 0.4
      vertex 6.84999 -7.84999 0
      vertex 7.14262 -7.82117 0
    endloop
  endfacet
  facet normal 0.309685 -0.74768 0.587426
    outer loop
      vertex 7.43712 -8.157 0.41
      vertex 5.71257 -6.04291 4.01
      vertex 5.43712 -6.157 4.01
    endloop
  endfacet
  facet normal 0.309685 -0.74768 0.587426
    outer loop
      vertex 5.71257 -6.04291 4.01
      vertex 7.43712 -8.157 0.41
      vertex 7.71257 -8.04291 0.41
    endloop
  endfacet
  facet normal 0.53851 0.459914 -0.706036
    outer loop
      vertex 8.38713 7.46678 0.4
      vertex 7.91064 7.41064 0
      vertex 8.1935 7.6935 0.4
    endloop
  endfacet
  facet normal 0.0555598 -0.706015 0.706015
    outer loop
      vertex 4.84999 -6.24998 4.01
      vertex 5.03666 -5.86334 4.38195
      vertex 4.84999 -5.87459 4.38539
    endloop
  endfacet
  facet normal 0.0555586 -0.706014 0.706015
    outer loop
      vertex 5.03666 -5.86334 4.38195
      vertex 4.84999 -6.24998 4.01
      vertex 5.14722 -6.22659 4.01
    endloop
  endfacet
  facet normal 0.233417 -0.972377 0
    outer loop
      vertex 7.14722 -8.22659 0.4
      vertex 7.43712 -8.157 0.41
      vertex 7.14722 -8.22659 0.41
    endloop
  endfacet
  facet normal 0.233417 -0.972377 0
    outer loop
      vertex 7.43712 -8.157 0.41
      vertex 7.14722 -8.22659 0.4
      vertex 7.43712 -8.157 0.4
    endloop
  endfacet
  facet normal -0.382669 -0.923886 0
    outer loop
      vertex -7.71257 -8.04291 0.4
      vertex -7.43712 -8.157 0.41
      vertex -7.71257 -8.04291 0.41
    endloop
  endfacet
  facet normal -0.382669 -0.923886 -0
    outer loop
      vertex -7.43712 -8.157 0.41
      vertex -7.71257 -8.04291 0.4
      vertex -7.43712 -8.157 0.4
    endloop
  endfacet
  facet normal -0.272574 -0.658082 -0.701877
    outer loop
      vertex -7.43712 -8.157 0.4
      vertex -7.71257 -8.04291 0.4
      vertex -7.42401 -7.73581 0
    endloop
  endfacet
  facet normal 0.0555593 0.706023 -0.706006
    outer loop
      vertex 7.14722 8.22659 0.4
      vertex 6.84999 7.84999 0
      vertex 6.84999 8.24998 0.4
    endloop
  endfacet
  facet normal -0.511273 -0.598646 0.616622
    outer loop
      vertex -6.1935 -5.6935 4.01
      vertex -7.96678 -7.88713 0.41
      vertex -5.96678 -5.88713 4.01
    endloop
  endfacet
  facet normal -0.511273 -0.598646 0.616622
    outer loop
      vertex -7.96678 -7.88713 0.41
      vertex -6.1935 -5.6935 4.01
      vertex -8.1935 -7.6935 0.41
    endloop
  endfacet
  facet normal -0.760418 -0.649434 0
    outer loop
      vertex -8.1935 -7.6935 0.4
      vertex -8.38713 -7.46678 0.41
      vertex -8.38713 -7.46678 0.4
    endloop
  endfacet
  facet normal -0.760418 -0.649434 0
    outer loop
      vertex -8.38713 -7.46678 0.41
      vertex -8.1935 -7.6935 0.4
      vertex -8.1935 -7.6935 0.41
    endloop
  endfacet
  facet normal -0.166025 -0.69163 -0.702911
    outer loop
      vertex -7.14722 -8.22659 0.4
      vertex -7.43712 -8.157 0.4
      vertex -7.14262 -7.82117 0
    endloop
  endfacet
  facet normal -0.0689663 -0.700264 -0.710545
    outer loop
      vertex -6.84999 -7.84999 0
      vertex -7.14722 -8.22659 0.4
      vertex -7.14262 -7.82117 0
    endloop
  endfacet
  facet normal 0.658082 -0.272574 -0.701877
    outer loop
      vertex 8.54291 -7.21257 0.4
      vertex 8.23581 -6.92401 0
      vertex 8.657 -6.93712 0.4
    endloop
  endfacet
  facet normal -0.69163 -0.166025 -0.702911
    outer loop
      vertex -8.657 -6.93712 0.4
      vertex -8.72659 -6.64722 0.4
      vertex -8.32117 -6.64262 0
    endloop
  endfacet
  facet normal -0.670882 -0.203513 -0.713092
    outer loop
      vertex -8.23581 -6.92401 0
      vertex -8.657 -6.93712 0.4
      vertex -8.32117 -6.64262 0
    endloop
  endfacet
  facet normal -0.85264 -0.522498 0
    outer loop
      vertex -8.38713 -7.46678 0.4
      vertex -8.54291 -7.21257 0.41
      vertex -8.54291 -7.21257 0.4
    endloop
  endfacet
  facet normal -0.85264 -0.522498 0
    outer loop
      vertex -8.54291 -7.21257 0.41
      vertex -8.38713 -7.46678 0.4
      vertex -8.38713 -7.46678 0.41
    endloop
  endfacet
  facet normal 0.65463 0.271145 0.705649
    outer loop
      vertex 6.54291 5.21257 4.01
      vertex 6.5591 4.90691 4.11243
      vertex 6.657 4.93712 4.01
    endloop
  endfacet
  facet normal 0.654649 0.27114 0.705633
    outer loop
      vertex 6.5591 4.90691 4.11243
      vertex 6.54291 5.21257 4.01
      vertex 6.40833 5.12137 4.1699
    endloop
  endfacet
  facet normal -0.69163 0.166025 -0.702911
    outer loop
      vertex -8.32117 6.64262 0
      vertex -8.72659 6.64722 0.4
      vertex -8.657 6.93712 0.4
    endloop
  endfacet
  facet normal -0.923886 0.382669 0
    outer loop
      vertex -8.657 6.93712 0.4
      vertex -8.54291 7.21257 0.41
      vertex -8.54291 7.21257 0.4
    endloop
  endfacet
  facet normal -0.923886 0.382669 0
    outer loop
      vertex -8.54291 7.21257 0.41
      vertex -8.657 6.93712 0.4
      vertex -8.657 6.93712 0.41
    endloop
  endfacet
  facet normal -0.658082 0.272574 -0.701877
    outer loop
      vertex -8.23581 6.92401 0
      vertex -8.657 6.93712 0.4
      vertex -8.54291 7.21257 0.4
    endloop
  endfacet
  facet normal -0.855853 -0.0673798 0.512812
    outer loop
      vertex -6.76411 -4.36411 3.98458
      vertex -6.72659 -4.64722 4.01
      vertex -6.74021 -4.47422 4.01
    endloop
  endfacet
  facet normal -0.855814 -0.0673689 0.512878
    outer loop
      vertex -8.74998 -6.34999 0.41
      vertex -6.72659 -4.64722 4.01
      vertex -6.76411 -4.36411 3.98458
    endloop
  endfacet
  facet normal -0.85582 -0.0673473 0.512871
    outer loop
      vertex -6.72659 -4.64722 4.01
      vertex -8.74998 -6.34999 0.41
      vertex -8.72659 -6.64722 0.41
    endloop
  endfacet
  facet normal -0.53851 0.459914 -0.706036
    outer loop
      vertex -7.91064 7.41064 0
      vertex -8.38713 7.46678 0.4
      vertex -8.1935 7.6935 0.4
    endloop
  endfacet
  facet normal -0.760418 0.649434 0
    outer loop
      vertex -8.38713 7.46678 0.4
      vertex -8.1935 7.6935 0.41
      vertex -8.1935 7.6935 0.4
    endloop
  endfacet
  facet normal -0.760418 0.649434 0
    outer loop
      vertex -8.1935 7.6935 0.41
      vertex -8.38713 7.46678 0.4
      vertex -8.38713 7.46678 0.41
    endloop
  endfacet
  facet normal -0.382669 0.923886 0
    outer loop
      vertex -7.43712 8.157 0.4
      vertex -7.71257 8.04291 0.41
      vertex -7.43712 8.157 0.41
    endloop
  endfacet
  facet normal -0.382669 0.923886 0
    outer loop
      vertex -7.71257 8.04291 0.41
      vertex -7.43712 8.157 0.4
      vertex -7.71257 8.04291 0.4
    endloop
  endfacet
  facet normal -0.598646 0.511273 0.616622
    outer loop
      vertex -8.38713 7.46678 0.41
      vertex -6.1935 5.6935 4.01
      vertex -8.1935 7.6935 0.41
    endloop
  endfacet
  facet normal -0.598646 0.511273 0.616622
    outer loop
      vertex -6.1935 5.6935 4.01
      vertex -8.38713 7.46678 0.41
      vertex -6.38713 5.46678 4.01
    endloop
  endfacet
  facet normal -0.807864 0.193926 0.55655
    outer loop
      vertex -8.72659 6.64722 0.41
      vertex -6.657 4.93712 4.01
      vertex -8.657 6.93712 0.41
    endloop
  endfacet
  facet normal -0.807864 0.193926 0.55655
    outer loop
      vertex -6.657 4.93712 4.01
      vertex -8.72659 6.64722 0.41
      vertex -6.72659 4.64722 4.01
    endloop
  endfacet
  facet normal -0.689608 0.165422 0.705037
    outer loop
      vertex -6.657 4.93712 4.01
      vertex -6.59471 4.83844 4.09408
      vertex -6.56294 4.90026 4.11065
    endloop
  endfacet
  facet normal -0.689527 0.16552 0.705092
    outer loop
      vertex -6.72659 4.64722 4.01
      vertex -6.59471 4.83844 4.09408
      vertex -6.657 4.93712 4.01
    endloop
  endfacet
  facet normal -0.689571 0.165574 0.705037
    outer loop
      vertex -6.59471 4.83844 4.09408
      vertex -6.72659 4.64722 4.01
      vertex -6.68718 4.64422 4.04925
    endloop
  endfacet
  facet normal 0.598646 0.511273 0.616622
    outer loop
      vertex 6.1935 5.6935 4.01
      vertex 8.38713 7.46678 0.41
      vertex 8.1935 7.6935 0.41
    endloop
  endfacet
  facet normal 0.598646 0.511273 0.616622
    outer loop
      vertex 8.38713 7.46678 0.41
      vertex 6.1935 5.6935 4.01
      vertex 6.38713 5.46678 4.01
    endloop
  endfacet
  facet normal 0.677543 0.415199 0.607079
    outer loop
      vertex 6.38713 5.46678 4.01
      vertex 8.54291 7.21257 0.41
      vertex 8.38713 7.46678 0.41
    endloop
  endfacet
  facet normal 0.677543 0.415199 0.607079
    outer loop
      vertex 8.54291 7.21257 0.41
      vertex 6.38713 5.46678 4.01
      vertex 6.54291 5.21257 4.01
    endloop
  endfacet
  facet normal 0.85582 0.0673473 0.512871
    outer loop
      vertex 6.72659 4.64722 4.01
      vertex 8.74998 6.34999 0.41
      vertex 8.72659 6.64722 0.41
    endloop
  endfacet
  facet normal 0.855853 0.0673798 0.512812
    outer loop
      vertex 6.76411 4.36411 3.98458
      vertex 6.72659 4.64722 4.01
      vertex 6.74021 4.47422 4.01
    endloop
  endfacet
  facet normal 0.855814 0.0673689 0.512878
    outer loop
      vertex 6.72659 4.64722 4.01
      vertex 6.76411 4.36411 3.98458
      vertex 8.74998 6.34999 0.41
    endloop
  endfacet
  facet normal 0.543891 -0.446427 -0.710553
    outer loop
      vertex 8.38713 -7.46678 0.4
      vertex 7.91064 -7.41064 0
      vertex 8.0972 -7.18335 0
    endloop
  endfacet
  facet normal 0.446427 -0.543891 -0.710553
    outer loop
      vertex 7.96678 -7.88713 0.4
      vertex 7.68335 -7.5972 0
      vertex 7.91064 -7.41064 0
    endloop
  endfacet
  facet normal 0.415199 -0.677543 0.607079
    outer loop
      vertex 7.71257 -8.04291 0.41
      vertex 5.96678 -5.88713 4.01
      vertex 5.71257 -6.04291 4.01
    endloop
  endfacet
  facet normal 0.415199 -0.677543 0.607079
    outer loop
      vertex 5.96678 -5.88713 4.01
      vertex 7.71257 -8.04291 0.41
      vertex 7.96678 -7.88713 0.41
    endloop
  endfacet
  facet normal 0.382669 -0.923886 0
    outer loop
      vertex 7.43712 -8.157 0.4
      vertex 7.71257 -8.04291 0.41
      vertex 7.43712 -8.157 0.41
    endloop
  endfacet
  facet normal 0.382669 -0.923886 0
    outer loop
      vertex 7.71257 -8.04291 0.41
      vertex 7.43712 -8.157 0.4
      vertex 7.71257 -8.04291 0.4
    endloop
  endfacet
  facet normal 0.0673473 -0.85582 0.512871
    outer loop
      vertex 6.84999 -8.24998 0.41
      vertex 5.14722 -6.22659 4.01
      vertex 4.84999 -6.24998 4.01
    endloop
  endfacet
  facet normal 0.0673473 -0.85582 0.512871
    outer loop
      vertex 5.14722 -6.22659 4.01
      vertex 6.84999 -8.24998 0.41
      vertex 7.14722 -8.22659 0.41
    endloop
  endfacet
  facet normal -0.415199 -0.677543 0.607079
    outer loop
      vertex -7.71257 -8.04291 0.41
      vertex -5.96678 -5.88713 4.01
      vertex -7.96678 -7.88713 0.41
    endloop
  endfacet
  facet normal -0.415199 -0.677543 0.607079
    outer loop
      vertex -5.96678 -5.88713 4.01
      vertex -7.71257 -8.04291 0.41
      vertex -5.71257 -6.04291 4.01
    endloop
  endfacet
  facet normal 0.382669 0.923886 -0
    outer loop
      vertex 7.71257 8.04291 0.4
      vertex 7.43712 8.157 0.41
      vertex 7.71257 8.04291 0.41
    endloop
  endfacet
  facet normal 0.382669 0.923886 0
    outer loop
      vertex 7.43712 8.157 0.41
      vertex 7.71257 8.04291 0.4
      vertex 7.43712 8.157 0.4
    endloop
  endfacet
  facet normal 0.0784507 0.996918 -0
    outer loop
      vertex 7.14722 8.22659 0.4
      vertex 6.84999 8.24998 0.41
      vertex 7.14722 8.22659 0.41
    endloop
  endfacet
  facet normal 0.0784507 0.996918 0
    outer loop
      vertex 6.84999 8.24998 0.41
      vertex 7.14722 8.22659 0.4
      vertex 6.84999 8.24998 0.4
    endloop
  endfacet
  facet normal -0.53851 -0.459914 -0.706036
    outer loop
      vertex -8.1935 -7.6935 0.4
      vertex -8.38713 -7.46678 0.4
      vertex -7.91064 -7.41064 0
    endloop
  endfacet
  facet normal -0.459914 -0.53851 -0.706036
    outer loop
      vertex -7.96678 -7.88713 0.4
      vertex -8.1935 -7.6935 0.4
      vertex -7.91064 -7.41064 0
    endloop
  endfacet
  facet normal -1 0 0
    outer loop
      vertex -8.74998 -6.34999 0.4
      vertex -8.74998 6.34999 0.41
      vertex -8.74998 6.34999 0.4
    endloop
  endfacet
  facet normal -1 -0 0
    outer loop
      vertex -8.74998 6.34999 0.41
      vertex -8.74998 -6.34999 0.4
      vertex -8.74998 -6.34999 0.41
    endloop
  endfacet
  facet normal -0.606462 0.37164 -0.702914
    outer loop
      vertex -8.0972 7.18335 0
      vertex -8.54291 7.21257 0.4
      vertex -8.38713 7.46678 0.4
    endloop
  endfacet
  facet normal -0.618297 0.330463 -0.713094
    outer loop
      vertex -8.23581 6.92401 0
      vertex -8.54291 7.21257 0.4
      vertex -8.0972 7.18335 0
    endloop
  endfacet
  facet normal 0.37164 0.606462 -0.702914
    outer loop
      vertex 7.96678 7.88713 0.4
      vertex 7.68335 7.5972 0
      vertex 7.71257 8.04291 0.4
    endloop
  endfacet
  facet normal 0.923886 0.382669 0
    outer loop
      vertex 8.657 6.93712 0.41
      vertex 8.54291 7.21257 0.4
      vertex 8.54291 7.21257 0.41
    endloop
  endfacet
  facet normal 0.923886 0.382669 0
    outer loop
      vertex 8.54291 7.21257 0.4
      vertex 8.657 6.93712 0.41
      vertex 8.657 6.93712 0.4
    endloop
  endfacet
  facet normal 1 -0 0
    outer loop
      vertex 8.74998 -6.34999 0.41
      vertex 8.74998 6.34999 0.4
      vertex 8.74998 6.34999 0.41
    endloop
  endfacet
  facet normal 1 0 0
    outer loop
      vertex 8.74998 6.34999 0.4
      vertex 8.74998 -6.34999 0.41
      vertex 8.74998 -6.34999 0.4
    endloop
  endfacet
  facet normal 0.330463 -0.618297 -0.713094
    outer loop
      vertex 7.71257 -8.04291 0.4
      vertex 7.42401 -7.73581 0
      vertex 7.68335 -7.5972 0
    endloop
  endfacet
  facet normal 0.606462 -0.37164 -0.702914
    outer loop
      vertex 8.38713 -7.46678 0.4
      vertex 8.0972 -7.18335 0
      vertex 8.54291 -7.21257 0.4
    endloop
  endfacet
  facet normal 0.37164 -0.606462 -0.702914
    outer loop
      vertex 7.71257 -8.04291 0.4
      vertex 7.68335 -7.5972 0
      vertex 7.96678 -7.88713 0.4
    endloop
  endfacet
  facet normal 0.415199 0.677543 0.607079
    outer loop
      vertex 7.71257 8.04291 0.41
      vertex 5.96678 5.88713 4.01
      vertex 7.96678 7.88713 0.41
    endloop
  endfacet
  facet normal 0.415199 0.677543 0.607079
    outer loop
      vertex 5.96678 5.88713 4.01
      vertex 7.71257 8.04291 0.41
      vertex 5.71257 6.04291 4.01
    endloop
  endfacet
  facet normal 0.522498 0.85264 -0
    outer loop
      vertex 7.96678 7.88713 0.4
      vertex 7.71257 8.04291 0.41
      vertex 7.96678 7.88713 0.41
    endloop
  endfacet
  facet normal 0.522498 0.85264 0
    outer loop
      vertex 7.71257 8.04291 0.41
      vertex 7.96678 7.88713 0.4
      vertex 7.71257 8.04291 0.4
    endloop
  endfacet
  facet normal 0.193926 0.807864 0.55655
    outer loop
      vertex 7.14722 8.22659 0.41
      vertex 5.43712 6.157 4.01
      vertex 7.43712 8.157 0.41
    endloop
  endfacet
  facet normal 0.193926 0.807864 0.55655
    outer loop
      vertex 5.43712 6.157 4.01
      vertex 7.14722 8.22659 0.41
      vertex 5.14722 6.22659 4.01
    endloop
  endfacet
  facet normal 0.760418 0.649434 0
    outer loop
      vertex 8.38713 7.46678 0.41
      vertex 8.1935 7.6935 0.4
      vertex 8.1935 7.6935 0.41
    endloop
  endfacet
  facet normal 0.760418 0.649434 0
    outer loop
      vertex 8.1935 7.6935 0.4
      vertex 8.38713 7.46678 0.41
      vertex 8.38713 7.46678 0.4
    endloop
  endfacet
  facet normal 0.874163 -2.05181e-05 0.485633
    outer loop
      vertex 6.79051 4.15823 3.93705
      vertex 8.74998 6.34999 0.41
      vertex 6.76411 4.36411 3.98458
    endloop
  endfacet
  facet normal 0.874156 5.15398e-06 0.485645
    outer loop
      vertex 6.86452 3.47296 3.80384
      vertex 8.74998 6.34999 0.41
      vertex 6.79051 4.15823 3.93705
    endloop
  endfacet
  facet normal 0.874157 3.96558e-06 0.485644
    outer loop
      vertex 6.92519 2.78346 3.69464
      vertex 8.74998 6.34999 0.41
      vertex 6.86452 3.47296 3.80384
    endloop
  endfacet
  facet normal 0.874162 -7.13297e-06 0.485635
    outer loop
      vertex 6.97245 2.09057 3.60956
      vertex 8.74998 6.34999 0.41
      vertex 6.92519 2.78346 3.69464
    endloop
  endfacet
  facet normal 0.874158 7.13614e-08 0.485642
    outer loop
      vertex 7.00625 1.39513 3.54872
      vertex 8.74998 6.34999 0.41
      vertex 6.97245 2.09057 3.60956
    endloop
  endfacet
  facet normal 0.874158 4.49406e-08 0.485642
    outer loop
      vertex 7.02655 0.697989 3.51218
      vertex 8.74998 6.34999 0.41
      vertex 7.00625 1.39513 3.54872
    endloop
  endfacet
  facet normal 0.874155 4.06188e-06 0.485648
    outer loop
      vertex 7.03332 0 3.5
      vertex 8.74998 6.34999 0.41
      vertex 7.02655 0.697989 3.51218
    endloop
  endfacet
  facet normal 0.874155 -4.06188e-06 0.485648
    outer loop
      vertex 8.74998 -6.34999 0.41
      vertex 7.03332 0 3.5
      vertex 7.02655 -0.697989 3.51218
    endloop
  endfacet
  facet normal 0.874158 -4.49406e-08 0.485642
    outer loop
      vertex 8.74998 -6.34999 0.41
      vertex 7.02655 -0.697989 3.51218
      vertex 7.00625 -1.39513 3.54872
    endloop
  endfacet
  facet normal 0.874158 -7.13614e-08 0.485642
    outer loop
      vertex 8.74998 -6.34999 0.41
      vertex 7.00625 -1.39513 3.54872
      vertex 6.97245 -2.09057 3.60956
    endloop
  endfacet
  facet normal 0.874162 7.13297e-06 0.485635
    outer loop
      vertex 8.74998 -6.34999 0.41
      vertex 6.97245 -2.09057 3.60956
      vertex 6.92519 -2.78346 3.69464
    endloop
  endfacet
  facet normal 0.874157 -3.96558e-06 0.485644
    outer loop
      vertex 8.74998 -6.34999 0.41
      vertex 6.92519 -2.78346 3.69464
      vertex 6.86452 -3.47296 3.80384
    endloop
  endfacet
  facet normal 0.874156 -5.15398e-06 0.485645
    outer loop
      vertex 8.74998 -6.34999 0.41
      vertex 6.86452 -3.47296 3.80384
      vertex 6.79051 -4.15823 3.93705
    endloop
  endfacet
  facet normal 0.874163 2.05181e-05 0.485633
    outer loop
      vertex 8.74998 -6.34999 0.41
      vertex 6.79051 -4.15823 3.93705
      vertex 6.76411 -4.36411 3.98458
    endloop
  endfacet
  facet normal 0.874158 0 0.485641
    outer loop
      vertex 7.03332 0 3.5
      vertex 8.74998 -6.34999 0.41
      vertex 8.74998 6.34999 0.41
    endloop
  endfacet
  facet normal 0.996918 0.0784507 0
    outer loop
      vertex 8.74998 6.34999 0.41
      vertex 8.72659 6.64722 0.4
      vertex 8.72659 6.64722 0.41
    endloop
  endfacet
  facet normal 0.996918 0.0784507 0
    outer loop
      vertex 8.72659 6.64722 0.4
      vertex 8.74998 6.34999 0.41
      vertex 8.74998 6.34999 0.4
    endloop
  endfacet
  facet normal 0.74768 -0.309685 0.587426
    outer loop
      vertex 6.54291 -5.21257 4.01
      vertex 8.657 -6.93712 0.41
      vertex 6.657 -4.93712 4.01
    endloop
  endfacet
  facet normal 0.74768 -0.309685 0.587426
    outer loop
      vertex 8.657 -6.93712 0.41
      vertex 6.54291 -5.21257 4.01
      vertex 8.54291 -7.21257 0.41
    endloop
  endfacet
  facet normal 0.700264 0.0689663 -0.710545
    outer loop
      vertex 8.34999 6.34999 0
      vertex 8.32117 6.64262 0
      vertex 8.72659 6.64722 0.4
    endloop
  endfacet
  facet normal 0 0 -1
    outer loop
      vertex 8.157 -6.43712 0
      vertex 8.34999 -6.34999 0
      vertex 8.32117 -6.64262 0
    endloop
  endfacet
  facet normal 0 0 -1
    outer loop
      vertex 8.34999 -6.34999 0
      vertex 8.24998 -5.84999 0
      vertex 8.34999 6.34999 0
    endloop
  endfacet
  facet normal 0 0 -1
    outer loop
      vertex 8.24998 5.84999 0
      vertex 8.34999 6.34999 0
      vertex 8.24998 -5.84999 0
    endloop
  endfacet
  facet normal 0 0 -1
    outer loop
      vertex 8.04291 -6.71257 0
      vertex 8.32117 -6.64262 0
      vertex 8.23581 -6.92401 0
    endloop
  endfacet
  facet normal 0 0 -1
    outer loop
      vertex 8.34999 -6.34999 0
      vertex 8.22659 -6.14722 0
      vertex 8.24998 -5.84999 0
    endloop
  endfacet
  facet normal -0 0 -1
    outer loop
      vertex 8.34999 -6.34999 0
      vertex 8.157 -6.43712 0
      vertex 8.22659 -6.14722 0
    endloop
  endfacet
  facet normal 0 0 -1
    outer loop
      vertex 7.88713 -6.96678 0
      vertex 8.23581 -6.92401 0
      vertex 8.0972 -7.18335 0
    endloop
  endfacet
  facet normal -0 0 -1
    outer loop
      vertex 8.32117 -6.64262 0
      vertex 8.04291 -6.71257 0
      vertex 8.157 -6.43712 0
    endloop
  endfacet
  facet normal 0 0 -1
    outer loop
      vertex 7.6935 -7.1935 0
      vertex 8.0972 -7.18335 0
      vertex 7.91064 -7.41064 0
    endloop
  endfacet
  facet normal -0 0 -1
    outer loop
      vertex 8.23581 -6.92401 0
      vertex 7.88713 -6.96678 0
      vertex 8.04291 -6.71257 0
    endloop
  endfacet
  facet normal -0 0 -1
    outer loop
      vertex 8.0972 -7.18335 0
      vertex 7.6935 -7.1935 0
      vertex 7.88713 -6.96678 0
    endloop
  endfacet
  facet normal 0 0 -1
    outer loop
      vertex 7.68335 -7.5972 0
      vertex 7.6935 -7.1935 0
      vertex 7.91064 -7.41064 0
    endloop
  endfacet
  facet normal 0 0 -1
    outer loop
      vertex 7.68335 -7.5972 0
      vertex 7.46678 -7.38713 0
      vertex 7.6935 -7.1935 0
    endloop
  endfacet
  facet normal 0 0 -1
    outer loop
      vertex 7.42401 -7.73581 0
      vertex 7.46678 -7.38713 0
      vertex 7.68335 -7.5972 0
    endloop
  endfacet
  facet normal 0 0 -1
    outer loop
      vertex 7.42401 -7.73581 0
      vertex 7.21257 -7.54291 0
      vertex 7.46678 -7.38713 0
    endloop
  endfacet
  facet normal 0 0 -1
    outer loop
      vertex 7.14262 -7.82117 0
      vertex 7.21257 -7.54291 0
      vertex 7.42401 -7.73581 0
    endloop
  endfacet
  facet normal 0 0 -1
    outer loop
      vertex 7.14262 -7.82117 0
      vertex 6.93712 -7.657 0
      vertex 7.21257 -7.54291 0
    endloop
  endfacet
  facet normal 0 0 -1
    outer loop
      vertex 6.84999 -7.84999 0
      vertex 6.93712 -7.657 0
      vertex 7.14262 -7.82117 0
    endloop
  endfacet
  facet normal 0 0 -1
    outer loop
      vertex 6.84999 -7.84999 0
      vertex 6.64722 -7.72659 0
      vertex 6.93712 -7.657 0
    endloop
  endfacet
  facet normal 0 0 -1
    outer loop
      vertex 6.84999 -7.84999 0
      vertex 6.34999 -7.74998 0
      vertex 6.64722 -7.72659 0
    endloop
  endfacet
  facet normal 0 0 -1
    outer loop
      vertex 6.84999 -7.84999 0
      vertex -6.34999 -7.74998 0
      vertex 6.34999 -7.74998 0
    endloop
  endfacet
  facet normal 0 0 -1
    outer loop
      vertex -6.84999 -7.84999 0
      vertex -6.34999 -7.74998 0
      vertex 6.84999 -7.84999 0
    endloop
  endfacet
  facet normal 0 0 -1
    outer loop
      vertex -6.84999 -7.84999 0
      vertex -6.64722 -7.72659 0
      vertex -6.34999 -7.74998 0
    endloop
  endfacet
  facet normal 0 0 -1
    outer loop
      vertex -6.84999 -7.84999 0
      vertex -6.93712 -7.657 0
      vertex -6.64722 -7.72659 0
    endloop
  endfacet
  facet normal 0 0 -1
    outer loop
      vertex -7.14262 -7.82117 0
      vertex -6.93712 -7.657 0
      vertex -6.84999 -7.84999 0
    endloop
  endfacet
  facet normal 0 0 -1
    outer loop
      vertex -7.14262 -7.82117 0
      vertex -7.21257 -7.54291 0
      vertex -6.93712 -7.657 0
    endloop
  endfacet
  facet normal 0 0 -1
    outer loop
      vertex -7.42401 -7.73581 0
      vertex -7.21257 -7.54291 0
      vertex -7.14262 -7.82117 0
    endloop
  endfacet
  facet normal 0 0 -1
    outer loop
      vertex -7.42401 -7.73581 0
      vertex -7.46678 -7.38713 0
      vertex -7.21257 -7.54291 0
    endloop
  endfacet
  facet normal 0 0 -1
    outer loop
      vertex -7.68335 -7.5972 0
      vertex -7.46678 -7.38713 0
      vertex -7.42401 -7.73581 0
    endloop
  endfacet
  facet normal 0 0 -1
    outer loop
      vertex -7.68335 -7.5972 0
      vertex -7.6935 -7.1935 0
      vertex -7.46678 -7.38713 0
    endloop
  endfacet
  facet normal 0 0 -1
    outer loop
      vertex -7.91064 -7.41064 0
      vertex -7.6935 -7.1935 0
      vertex -7.68335 -7.5972 0
    endloop
  endfacet
  facet normal 0 0 -1
    outer loop
      vertex -8.0972 -7.18335 0
      vertex -7.6935 -7.1935 0
      vertex -7.91064 -7.41064 0
    endloop
  endfacet
  facet normal 0 0 -1
    outer loop
      vertex -7.6935 -7.1935 0
      vertex -8.0972 -7.18335 0
      vertex -7.88713 -6.96678 0
    endloop
  endfacet
  facet normal 0 0 -1
    outer loop
      vertex -8.23581 -6.92401 0
      vertex -7.88713 -6.96678 0
      vertex -8.0972 -7.18335 0
    endloop
  endfacet
  facet normal 0 0 -1
    outer loop
      vertex -7.88713 -6.96678 0
      vertex -8.23581 -6.92401 0
      vertex -8.04291 -6.71257 0
    endloop
  endfacet
  facet normal 0 0 -1
    outer loop
      vertex -8.32117 -6.64262 0
      vertex -8.04291 -6.71257 0
      vertex -8.23581 -6.92401 0
    endloop
  endfacet
  facet normal 0 0 -1
    outer loop
      vertex -8.04291 -6.71257 0
      vertex -8.32117 -6.64262 0
      vertex -8.157 -6.43712 0
    endloop
  endfacet
  facet normal 0 0 -1
    outer loop
      vertex -8.34999 -6.34999 0
      vertex -8.157 -6.43712 0
      vertex -8.32117 -6.64262 0
    endloop
  endfacet
  facet normal -0 0 -1
    outer loop
      vertex -8.22659 -6.14722 0
      vertex -8.34999 -6.34999 0
      vertex -8.24998 -5.84999 0
    endloop
  endfacet
  facet normal 0 0 -1
    outer loop
      vertex -8.157 -6.43712 0
      vertex -8.34999 -6.34999 0
      vertex -8.22659 -6.14722 0
    endloop
  endfacet
  facet normal 0 0 -1
    outer loop
      vertex 8.22659 6.14722 0
      vertex 8.34999 6.34999 0
      vertex 8.24998 5.84999 0
    endloop
  endfacet
  facet normal 0 0 -1
    outer loop
      vertex 8.157 6.43712 0
      vertex 8.34999 6.34999 0
      vertex 8.22659 6.14722 0
    endloop
  endfacet
  facet normal 0 0 -1
    outer loop
      vertex 8.34999 6.34999 0
      vertex 8.157 6.43712 0
      vertex 8.32117 6.64262 0
    endloop
  endfacet
  facet normal 0 0 -1
    outer loop
      vertex 8.04291 6.71257 0
      vertex 8.32117 6.64262 0
      vertex 8.157 6.43712 0
    endloop
  endfacet
  facet normal 0 0 -1
    outer loop
      vertex 8.32117 6.64262 0
      vertex 8.04291 6.71257 0
      vertex 8.23581 6.92401 0
    endloop
  endfacet
  facet normal 0 0 -1
    outer loop
      vertex 7.88713 6.96678 0
      vertex 8.23581 6.92401 0
      vertex 8.04291 6.71257 0
    endloop
  endfacet
  facet normal 0 0 -1
    outer loop
      vertex 8.23581 6.92401 0
      vertex 7.88713 6.96678 0
      vertex 8.0972 7.18335 0
    endloop
  endfacet
  facet normal 0 0 -1
    outer loop
      vertex 7.6935 7.1935 0
      vertex 8.0972 7.18335 0
      vertex 7.88713 6.96678 0
    endloop
  endfacet
  facet normal 0 0 -1
    outer loop
      vertex 8.0972 7.18335 0
      vertex 7.6935 7.1935 0
      vertex 7.91064 7.41064 0
    endloop
  endfacet
  facet normal 0 0 -1
    outer loop
      vertex 7.6935 7.1935 0
      vertex 7.68335 7.5972 0
      vertex 7.91064 7.41064 0
    endloop
  endfacet
  facet normal 0 0 -1
    outer loop
      vertex 7.46678 7.38713 0
      vertex 7.68335 7.5972 0
      vertex 7.6935 7.1935 0
    endloop
  endfacet
  facet normal 0 0 -1
    outer loop
      vertex 7.46678 7.38713 0
      vertex 7.42401 7.73581 0
      vertex 7.68335 7.5972 0
    endloop
  endfacet
  facet normal 0 0 -1
    outer loop
      vertex 7.21257 7.54291 0
      vertex 7.42401 7.73581 0
      vertex 7.46678 7.38713 0
    endloop
  endfacet
  facet normal 0 0 -1
    outer loop
      vertex 7.21257 7.54291 0
      vertex 7.14262 7.82117 0
      vertex 7.42401 7.73581 0
    endloop
  endfacet
  facet normal 0 0 -1
    outer loop
      vertex 6.93712 7.657 0
      vertex 7.14262 7.82117 0
      vertex 7.21257 7.54291 0
    endloop
  endfacet
  facet normal 0 0 -1
    outer loop
      vertex 6.93712 7.657 0
      vertex 6.84999 7.84999 0
      vertex 7.14262 7.82117 0
    endloop
  endfacet
  facet normal 0 0 -1
    outer loop
      vertex 6.64722 7.72659 0
      vertex 6.84999 7.84999 0
      vertex 6.93712 7.657 0
    endloop
  endfacet
  facet normal 0 0 -1
    outer loop
      vertex 6.34999 7.74998 0
      vertex 6.84999 7.84999 0
      vertex 6.64722 7.72659 0
    endloop
  endfacet
  facet normal 0 0 -1
    outer loop
      vertex -6.34999 7.74998 0
      vertex 6.84999 7.84999 0
      vertex 6.34999 7.74998 0
    endloop
  endfacet
  facet normal 0 0 -1
    outer loop
      vertex -6.34999 7.74998 0
      vertex -6.84999 7.84999 0
      vertex 6.84999 7.84999 0
    endloop
  endfacet
  facet normal 0 0 -1
    outer loop
      vertex -6.64722 7.72659 0
      vertex -6.84999 7.84999 0
      vertex -6.34999 7.74998 0
    endloop
  endfacet
  facet normal 0 0 -1
    outer loop
      vertex -6.93712 7.657 0
      vertex -6.84999 7.84999 0
      vertex -6.64722 7.72659 0
    endloop
  endfacet
  facet normal 0 0 -1
    outer loop
      vertex -6.93712 7.657 0
      vertex -7.14262 7.82117 0
      vertex -6.84999 7.84999 0
    endloop
  endfacet
  facet normal 0 0 -1
    outer loop
      vertex -7.21257 7.54291 0
      vertex -7.14262 7.82117 0
      vertex -6.93712 7.657 0
    endloop
  endfacet
  facet normal 0 0 -1
    outer loop
      vertex -7.21257 7.54291 0
      vertex -7.42401 7.73581 0
      vertex -7.14262 7.82117 0
    endloop
  endfacet
  facet normal 0 0 -1
    outer loop
      vertex -7.46678 7.38713 0
      vertex -7.42401 7.73581 0
      vertex -7.21257 7.54291 0
    endloop
  endfacet
  facet normal 0 0 -1
    outer loop
      vertex -7.46678 7.38713 0
      vertex -7.68335 7.5972 0
      vertex -7.42401 7.73581 0
    endloop
  endfacet
  facet normal 0 0 -1
    outer loop
      vertex -7.6935 7.1935 0
      vertex -7.68335 7.5972 0
      vertex -7.46678 7.38713 0
    endloop
  endfacet
  facet normal 0 0 -1
    outer loop
      vertex -8.0972 7.18335 0
      vertex -7.6935 7.1935 0
      vertex -7.88713 6.96678 0
    endloop
  endfacet
  facet normal 0 0 -1
    outer loop
      vertex -7.6935 7.1935 0
      vertex -7.91064 7.41064 0
      vertex -7.68335 7.5972 0
    endloop
  endfacet
  facet normal 0 0 -1
    outer loop
      vertex -8.23581 6.92401 0
      vertex -7.88713 6.96678 0
      vertex -8.04291 6.71257 0
    endloop
  endfacet
  facet normal -0 0 -1
    outer loop
      vertex -7.6935 7.1935 0
      vertex -8.0972 7.18335 0
      vertex -7.91064 7.41064 0
    endloop
  endfacet
  facet normal 0 0 -1
    outer loop
      vertex -8.32117 6.64262 0
      vertex -8.04291 6.71257 0
      vertex -8.157 6.43712 0
    endloop
  endfacet
  facet normal 0 0 -1
    outer loop
      vertex -8.34999 6.34999 0
      vertex -8.157 6.43712 0
      vertex -8.22659 6.14722 0
    endloop
  endfacet
  facet normal -0 0 -1
    outer loop
      vertex -7.88713 6.96678 0
      vertex -8.23581 6.92401 0
      vertex -8.0972 7.18335 0
    endloop
  endfacet
  facet normal 0 0 -1
    outer loop
      vertex -8.34999 6.34999 0
      vertex -8.22659 6.14722 0
      vertex -8.24998 5.84999 0
    endloop
  endfacet
  facet normal -0 0 -1
    outer loop
      vertex -8.04291 6.71257 0
      vertex -8.32117 6.64262 0
      vertex -8.23581 6.92401 0
    endloop
  endfacet
  facet normal -0 0 -1
    outer loop
      vertex -8.24998 -5.84999 0
      vertex -8.34999 -6.34999 0
      vertex -8.24998 5.84999 0
    endloop
  endfacet
  facet normal 0 0 -1
    outer loop
      vertex -8.34999 6.34999 0
      vertex -8.24998 5.84999 0
      vertex -8.34999 -6.34999 0
    endloop
  endfacet
  facet normal -0 0 -1
    outer loop
      vertex -8.157 6.43712 0
      vertex -8.34999 6.34999 0
      vertex -8.32117 6.64262 0
    endloop
  endfacet
  facet normal 0.618297 -0.330463 -0.713094
    outer loop
      vertex 8.54291 -7.21257 0.4
      vertex 8.0972 -7.18335 0
      vertex 8.23581 -6.92401 0
    endloop
  endfacet
  facet normal 0.670882 -0.203513 -0.713092
    outer loop
      vertex 8.657 -6.93712 0.4
      vertex 8.23581 -6.92401 0
      vertex 8.32117 -6.64262 0
    endloop
  endfacet
  facet normal 0.649434 -0.760418 0
    outer loop
      vertex 7.96678 -7.88713 0.4
      vertex 8.1935 -7.6935 0.41
      vertex 7.96678 -7.88713 0.41
    endloop
  endfacet
  facet normal 0.649434 -0.760418 0
    outer loop
      vertex 8.1935 -7.6935 0.41
      vertex 7.96678 -7.88713 0.4
      vertex 8.1935 -7.6935 0.4
    endloop
  endfacet
  facet normal 0.459914 0.53851 -0.706036
    outer loop
      vertex 8.1935 7.6935 0.4
      vertex 7.91064 7.41064 0
      vertex 7.96678 7.88713 0.4
    endloop
  endfacet
  facet normal 0.649434 0.760418 -0
    outer loop
      vertex 8.1935 7.6935 0.4
      vertex 7.96678 7.88713 0.41
      vertex 8.1935 7.6935 0.41
    endloop
  endfacet
  facet normal 0.649434 0.760418 0
    outer loop
      vertex 7.96678 7.88713 0.41
      vertex 8.1935 7.6935 0.4
      vertex 7.96678 7.88713 0.4
    endloop
  endfacet
  facet normal 0.618297 0.330463 -0.713094
    outer loop
      vertex 8.23581 6.92401 0
      vertex 8.0972 7.18335 0
      vertex 8.54291 7.21257 0.4
    endloop
  endfacet
  facet normal 0.972377 0.233417 0
    outer loop
      vertex 8.72659 6.64722 0.41
      vertex 8.657 6.93712 0.4
      vertex 8.657 6.93712 0.41
    endloop
  endfacet
  facet normal 0.972377 0.233417 0
    outer loop
      vertex 8.657 6.93712 0.4
      vertex 8.72659 6.64722 0.41
      vertex 8.72659 6.64722 0.4
    endloop
  endfacet
  facet normal 0.69163 -0.166025 -0.702911
    outer loop
      vertex 8.657 -6.93712 0.4
      vertex 8.32117 -6.64262 0
      vertex 8.72659 -6.64722 0.4
    endloop
  endfacet
  facet normal 0.760418 -0.649434 0
    outer loop
      vertex 8.1935 -7.6935 0.41
      vertex 8.38713 -7.46678 0.4
      vertex 8.38713 -7.46678 0.41
    endloop
  endfacet
  facet normal 0.760418 -0.649434 0
    outer loop
      vertex 8.38713 -7.46678 0.4
      vertex 8.1935 -7.6935 0.41
      vertex 8.1935 -7.6935 0.4
    endloop
  endfacet
  facet normal 0.707116 0 -0.707098
    outer loop
      vertex 8.74998 -6.34999 0.4
      vertex 8.34999 6.34999 0
      vertex 8.74998 6.34999 0.4
    endloop
  endfacet
  facet normal 0.707116 0 -0.707098
    outer loop
      vertex 8.34999 6.34999 0
      vertex 8.74998 -6.34999 0.4
      vertex 8.34999 -6.34999 0
    endloop
  endfacet
  facet normal 0.807864 -0.193926 0.55655
    outer loop
      vertex 6.657 -4.93712 4.01
      vertex 8.72659 -6.64722 0.41
      vertex 6.72659 -4.64722 4.01
    endloop
  endfacet
  facet normal 0.807864 -0.193926 0.55655
    outer loop
      vertex 8.72659 -6.64722 0.41
      vertex 6.657 -4.93712 4.01
      vertex 8.657 -6.93712 0.41
    endloop
  endfacet
  facet normal 0.85264 0.522498 0
    outer loop
      vertex 8.54291 7.21257 0.41
      vertex 8.38713 7.46678 0.4
      vertex 8.38713 7.46678 0.41
    endloop
  endfacet
  facet normal 0.85264 0.522498 0
    outer loop
      vertex 8.38713 7.46678 0.4
      vertex 8.54291 7.21257 0.41
      vertex 8.54291 7.21257 0.4
    endloop
  endfacet
  facet normal 0.606462 0.37164 -0.702914
    outer loop
      vertex 8.54291 7.21257 0.4
      vertex 8.0972 7.18335 0
      vertex 8.38713 7.46678 0.4
    endloop
  endfacet
  facet normal 0.543891 0.446427 -0.710553
    outer loop
      vertex 8.0972 7.18335 0
      vertex 7.91064 7.41064 0
      vertex 8.38713 7.46678 0.4
    endloop
  endfacet
  facet normal 0.807864 0.193926 0.55655
    outer loop
      vertex 6.657 4.93712 4.01
      vertex 8.72659 6.64722 0.41
      vertex 8.657 6.93712 0.41
    endloop
  endfacet
  facet normal 0.807864 0.193926 0.55655
    outer loop
      vertex 8.72659 6.64722 0.41
      vertex 6.657 4.93712 4.01
      vertex 6.72659 4.64722 4.01
    endloop
  endfacet
  facet normal 0.85264 -0.522498 0
    outer loop
      vertex 8.38713 -7.46678 0.41
      vertex 8.54291 -7.21257 0.4
      vertex 8.54291 -7.21257 0.41
    endloop
  endfacet
  facet normal 0.85264 -0.522498 0
    outer loop
      vertex 8.54291 -7.21257 0.4
      vertex 8.38713 -7.46678 0.41
      vertex 8.38713 -7.46678 0.4
    endloop
  endfacet
  facet normal 0.972377 -0.233417 0
    outer loop
      vertex 8.657 -6.93712 0.41
      vertex 8.72659 -6.64722 0.4
      vertex 8.72659 -6.64722 0.41
    endloop
  endfacet
  facet normal 0.972377 -0.233417 0
    outer loop
      vertex 8.72659 -6.64722 0.4
      vertex 8.657 -6.93712 0.41
      vertex 8.657 -6.93712 0.4
    endloop
  endfacet
  facet normal 0.996918 -0.0784507 0
    outer loop
      vertex 8.72659 -6.64722 0.41
      vertex 8.74998 -6.34999 0.4
      vertex 8.74998 -6.34999 0.41
    endloop
  endfacet
  facet normal 0.996918 -0.0784507 0
    outer loop
      vertex 8.74998 -6.34999 0.4
      vertex 8.72659 -6.64722 0.41
      vertex 8.72659 -6.64722 0.4
    endloop
  endfacet
  facet normal 0.706023 -0.0555593 -0.706006
    outer loop
      vertex 8.72659 -6.64722 0.4
      vertex 8.34999 -6.34999 0
      vertex 8.74998 -6.34999 0.4
    endloop
  endfacet
  facet normal 0 -0.156426 0.98769
    outer loop
      vertex -6.86452 3.47296 3.80384
      vertex 6.92519 2.78346 3.69464
      vertex 6.86452 3.47296 3.80384
    endloop
  endfacet
  facet normal 0 -0.156426 0.98769
    outer loop
      vertex 6.92519 2.78346 3.69464
      vertex -6.86452 3.47296 3.80384
      vertex -6.92519 2.78346 3.69464
    endloop
  endfacet
  facet normal 0 0.0174475 0.999848
    outer loop
      vertex 7.03332 0 3.5
      vertex -7.02655 -0.697989 3.51218
      vertex 7.02655 -0.697989 3.51218
    endloop
  endfacet
  facet normal 0 0.0174475 0.999848
    outer loop
      vertex -7.02655 -0.697989 3.51218
      vertex 7.03332 0 3.5
      vertex -7.03332 0 3.5
    endloop
  endfacet
  facet normal 0 -0.0174475 0.999848
    outer loop
      vertex -7.02655 0.697989 3.51218
      vertex 7.03332 0 3.5
      vertex 7.02655 0.697989 3.51218
    endloop
  endfacet
  facet normal 0 -0.0174475 0.999848
    outer loop
      vertex 7.03332 0 3.5
      vertex -7.02655 0.697989 3.51218
      vertex -7.03332 0 3.5
    endloop
  endfacet
  facet normal 0 0.0523422 0.998629
    outer loop
      vertex 7.02655 -0.697989 3.51218
      vertex -7.00625 -1.39513 3.54872
      vertex 7.00625 -1.39513 3.54872
    endloop
  endfacet
  facet normal 0 0.0523422 0.998629
    outer loop
      vertex -7.00625 -1.39513 3.54872
      vertex 7.02655 -0.697989 3.51218
      vertex -7.02655 -0.697989 3.51218
    endloop
  endfacet
  facet normal 0 0.156426 0.98769
    outer loop
      vertex 6.92519 -2.78346 3.69464
      vertex -6.86452 -3.47296 3.80384
      vertex 6.86452 -3.47296 3.80384
    endloop
  endfacet
  facet normal 0 0.156426 0.98769
    outer loop
      vertex -6.86452 -3.47296 3.80384
      vertex 6.92519 -2.78346 3.69464
      vertex -6.92519 -2.78346 3.69464
    endloop
  endfacet
  facet normal 0 -0.0523422 0.998629
    outer loop
      vertex -7.00625 1.39513 3.54872
      vertex 7.02655 0.697989 3.51218
      vertex 7.00625 1.39513 3.54872
    endloop
  endfacet
  facet normal 0 -0.0523422 0.998629
    outer loop
      vertex 7.02655 0.697989 3.51218
      vertex -7.00625 1.39513 3.54872
      vertex -7.02655 0.697989 3.51218
    endloop
  endfacet
  facet normal 0 -0.121875 0.992545
    outer loop
      vertex -6.92519 2.78346 3.69464
      vertex 6.97245 2.09057 3.60956
      vertex 6.92519 2.78346 3.69464
    endloop
  endfacet
  facet normal 0 -0.121875 0.992545
    outer loop
      vertex 6.97245 2.09057 3.60956
      vertex -6.92519 2.78346 3.69464
      vertex -6.97245 2.09057 3.60956
    endloop
  endfacet
  facet normal -4.55458e-05 0.224951 0.97437
    outer loop
      vertex 6.59471 -4.83844 4.09408
      vertex 6.76411 -4.36411 3.98458
      vertex 6.79051 -4.15823 3.93705
    endloop
  endfacet
  facet normal -5.64153e-05 0.224955 0.974369
    outer loop
      vertex 6.76411 -4.36411 3.98458
      vertex 6.59471 -4.83844 4.09408
      vertex 6.74021 -4.47422 4.01
    endloop
  endfacet
  facet normal 0.000148871 0.224877 0.974387
    outer loop
      vertex 6.74021 -4.47422 4.01
      vertex 6.59471 -4.83844 4.09408
      vertex 6.69009 -4.63611 4.04737
    endloop
  endfacet
  facet normal -0.00823197 0.228619 0.973481
    outer loop
      vertex 6.69009 -4.63611 4.04737
      vertex 6.59471 -4.83844 4.09408
      vertex 6.68718 -4.64422 4.04925
    endloop
  endfacet
  facet normal 0 0.224939 0.974373
    outer loop
      vertex 6.79051 -4.15823 3.93705
      vertex -6.59437 -4.83844 4.09408
      vertex 6.59471 -4.83844 4.09408
    endloop
  endfacet
  facet normal -0 0.224939 0.974373
    outer loop
      vertex -6.79051 -4.15823 3.93705
      vertex -6.59437 -4.83844 4.09408
      vertex 6.79051 -4.15823 3.93705
    endloop
  endfacet
  facet normal 4.54036e-05 0.224951 0.97437
    outer loop
      vertex -6.76411 -4.36411 3.98458
      vertex -6.59437 -4.83844 4.09408
      vertex -6.79051 -4.15823 3.93705
    endloop
  endfacet
  facet normal -5.25491e-05 0.224914 0.974379
    outer loop
      vertex -6.59437 -4.83844 4.09408
      vertex -6.74021 -4.47422 4.01
      vertex -6.68569 -4.64702 4.04989
    endloop
  endfacet
  facet normal -0.00150788 0.224478 0.974478
    outer loop
      vertex -6.68569 -4.64702 4.04989
      vertex -6.74021 -4.47422 4.01
      vertex -6.69009 -4.63611 4.04737
    endloop
  endfacet
  facet normal 5.61281e-05 0.224955 0.974369
    outer loop
      vertex -6.59437 -4.83844 4.09408
      vertex -6.76411 -4.36411 3.98458
      vertex -6.74021 -4.47422 4.01
    endloop
  endfacet
  facet normal -0.000129558 -0.258928 0.965897
    outer loop
      vertex 6.40833 5.12137 4.1699
      vertex 6.59437 4.83844 4.09408
      vertex 6.5591 4.90691 4.11243
    endloop
  endfacet
  facet normal 9.84339e-05 -0.258788 0.965934
    outer loop
      vertex 6.37565 5.15984 4.18021
      vertex 6.59437 4.83844 4.09408
      vertex 6.40833 5.12137 4.1699
    endloop
  endfacet
  facet normal 2.34347e-05 -0.25879 0.965933
    outer loop
      vertex 5.99475 5.51275 4.27477
      vertex 6.37565 5.15984 4.18021
      vertex 6.20578 5.34309 4.22931
    endloop
  endfacet
  facet normal 0.000635141 -0.25808 0.966123
    outer loop
      vertex 5.99475 5.51275 4.27477
      vertex 6.20578 5.34309 4.22931
      vertex 6.02983 5.48914 4.26844
    endloop
  endfacet
  facet normal -9.72525e-05 -0.258912 0.965901
    outer loop
      vertex 6.37565 5.15984 4.18021
      vertex 5.99475 5.51275 4.27477
      vertex 6.59437 4.83844 4.09408
    endloop
  endfacet
  facet normal 0 -0.258831 0.965923
    outer loop
      vertex -5.99618 5.51275 4.27477
      vertex 6.59437 4.83844 4.09408
      vertex 5.99475 5.51275 4.27477
    endloop
  endfacet
  facet normal 2.96907e-05 -0.258856 0.965916
    outer loop
      vertex -6.59471 4.83844 4.09408
      vertex -5.99618 5.51275 4.27477
      vertex -6.04302 5.4764 4.26503
    endloop
  endfacet
  facet normal -6.94292e-05 -0.25876 0.965942
    outer loop
      vertex -6.41386 5.11164 4.16729
      vertex -6.04302 5.4764 4.26503
      vertex -6.21765 5.33172 4.22626
    endloop
  endfacet
  facet normal -0.000698148 -0.258237 0.966081
    outer loop
      vertex -6.41386 5.11164 4.16729
      vertex -6.21765 5.33172 4.22626
      vertex -6.38536 5.15047 4.17769
    endloop
  endfacet
  facet normal 4.13073e-05 -0.258865 0.965913
    outer loop
      vertex -6.04302 5.4764 4.26503
      vertex -6.41386 5.11164 4.16729
      vertex -6.59471 4.83844 4.09408
    endloop
  endfacet
  facet normal 0.000417846 -0.259098 0.965851
    outer loop
      vertex -6.59471 4.83844 4.09408
      vertex -6.41386 5.11164 4.16729
      vertex -6.56294 4.90026 4.11065
    endloop
  endfacet
  facet normal 0 -0.258831 0.965923
    outer loop
      vertex -5.99618 5.51275 4.27477
      vertex -6.59471 4.83844 4.09408
      vertex 6.59437 4.83844 4.09408
    endloop
  endfacet
  facet normal -0.000780371 0.293508 0.955956
    outer loop
      vertex 5.99618 -5.51275 4.27477
      vertex 5.79606 -5.63682 4.3127
      vertex 5.98149 -5.5237 4.27812
    endloop
  endfacet
  facet normal 6.95171e-05 0.292255 0.95634
    outer loop
      vertex 5.99618 -5.51275 4.27477
      vertex 5.61089 -5.72035 4.33824
      vertex 5.79606 -5.63682 4.3127
    endloop
  endfacet
  facet normal -1.89879e-05 0.292405 0.956295
    outer loop
      vertex 5.14538 -5.84953 4.37773
      vertex 5.61089 -5.72035 4.33824
      vertex 5.99618 -5.51275 4.27477
    endloop
  endfacet
  facet normal 6.40154e-05 0.292132 0.956378
    outer loop
      vertex 5.61089 -5.72035 4.33824
      vertex 5.14538 -5.84953 4.37773
      vertex 5.51894 -5.75716 4.34949
    endloop
  endfacet
  facet normal -6.38207e-08 0.292369 0.956306
    outer loop
      vertex 5.51894 -5.75716 4.34949
      vertex 5.14538 -5.84953 4.37773
      vertex 5.33175 -5.81548 4.36732
    endloop
  endfacet
  facet normal -2.56137e-05 0.292421 0.95629
    outer loop
      vertex 5.99618 -5.51275 4.27477
      vertex 5.03666 -5.86334 4.38195
      vertex 5.14538 -5.84953 4.37773
    endloop
  endfacet
  facet normal 4.45521e-06 0.292345 0.956313
    outer loop
      vertex 5.99618 -5.51275 4.27477
      vertex 4.84999 -5.87459 4.38539
      vertex 5.03666 -5.86334 4.38195
    endloop
  endfacet
  facet normal 0 0.292358 0.956309
    outer loop
      vertex 5.99618 -5.51275 4.27477
      vertex -4.84999 -5.87459 4.38539
      vertex 4.84999 -5.87459 4.38539
    endloop
  endfacet
  facet normal -0 0.292358 0.956309
    outer loop
      vertex -5.99475 -5.51275 4.27477
      vertex -4.84999 -5.87459 4.38539
      vertex 5.99618 -5.51275 4.27477
    endloop
  endfacet
  facet normal 8.36733e-06 0.292382 0.956301
    outer loop
      vertex -5.96271 -5.53352 4.28112
      vertex -4.84999 -5.87459 4.38539
      vertex -5.99475 -5.51275 4.27477
    endloop
  endfacet
  facet normal -4.54885e-06 0.292344 0.956313
    outer loop
      vertex -4.84999 -5.87459 4.38539
      vertex -5.96271 -5.53352 4.28112
      vertex -5.03666 -5.86334 4.38195
    endloop
  endfacet
  facet normal -1.87814e-05 0.292307 0.956324
    outer loop
      vertex -5.49361 -5.76293 4.35125
      vertex -5.03666 -5.86334 4.38195
      vertex -5.96271 -5.53352 4.28112
    endloop
  endfacet
  facet normal -6.70771e-05 0.292175 0.956365
    outer loop
      vertex -5.11902 -5.85551 4.37956
      vertex -5.49361 -5.76293 4.35125
      vertex -5.30561 -5.82138 4.36912
    endloop
  endfacet
  facet normal 8.1744e-05 0.292726 0.956196
    outer loop
      vertex -5.03666 -5.86334 4.38195
      vertex -5.49361 -5.76293 4.35125
      vertex -5.11902 -5.85551 4.37956
    endloop
  endfacet
  facet normal 6.91489e-05 0.292472 0.956274
    outer loop
      vertex -5.77572 -5.64738 4.31593
      vertex -5.49361 -5.76293 4.35125
      vertex -5.96271 -5.53352 4.28112
    endloop
  endfacet
  facet normal 0.000345212 0.293088 0.956085
    outer loop
      vertex -5.49361 -5.76293 4.35125
      vertex -5.77572 -5.64738 4.31593
      vertex -5.58977 -5.73137 4.34161
    endloop
  endfacet
  facet normal 0 0.190819 0.981625
    outer loop
      vertex 6.86452 -3.47296 3.80384
      vertex -6.79051 -4.15823 3.93705
      vertex 6.79051 -4.15823 3.93705
    endloop
  endfacet
  facet normal 0 0.190819 0.981625
    outer loop
      vertex -6.79051 -4.15823 3.93705
      vertex 6.86452 -3.47296 3.80384
      vertex -6.86452 -3.47296 3.80384
    endloop
  endfacet
  facet normal 0 0.0871513 0.996195
    outer loop
      vertex 7.00625 -1.39513 3.54872
      vertex 2.53519 -2.09057 3.60956
      vertex 6.97245 -2.09057 3.60956
    endloop
  endfacet
  facet normal -4.51343e-06 0.0871801 0.996193
    outer loop
      vertex 7.00625 -1.39513 3.54872
      vertex 2.51596 -2.03138 3.60438
      vertex 2.53519 -2.09057 3.60956
    endloop
  endfacet
  facet normal 4.48442e-06 0.0871171 0.996198
    outer loop
      vertex 7.00625 -1.39513 3.54872
      vertex 2.15999 -1.85 3.58852
      vertex 2.51596 -2.03138 3.60438
    endloop
  endfacet
  facet normal 0 0.0871645 0.996194
    outer loop
      vertex 7.00625 -1.39513 3.54872
      vertex -2.15999 -1.85 3.58852
      vertex 2.15999 -1.85 3.58852
    endloop
  endfacet
  facet normal -4.34534e-06 0.0871234 0.996198
    outer loop
      vertex -7.00625 -1.39513 3.54872
      vertex -2.49837 -2.09057 3.60956
      vertex -2.41861 -1.93403 3.59587
    endloop
  endfacet
  facet normal -2.08684e-06 0.0871424 0.996196
    outer loop
      vertex -7.00625 -1.39513 3.54872
      vertex -2.41861 -1.93403 3.59587
      vertex -2.15999 -1.85 3.58852
    endloop
  endfacet
  facet normal 0 0.0871513 0.996195
    outer loop
      vertex -2.49837 -2.09057 3.60956
      vertex -7.00625 -1.39513 3.54872
      vertex -6.97245 -2.09057 3.60956
    endloop
  endfacet
  facet normal -0 0.0871645 0.996194
    outer loop
      vertex -7.00625 -1.39513 3.54872
      vertex -2.15999 -1.85 3.58852
      vertex 7.00625 -1.39513 3.54872
    endloop
  endfacet
  facet normal -0.000417846 0.259098 0.965851
    outer loop
      vertex 6.59471 -4.83844 4.09408
      vertex 6.41386 -5.11164 4.16729
      vertex 6.56294 -4.90026 4.11065
    endloop
  endfacet
  facet normal -4.13073e-05 0.258865 0.965913
    outer loop
      vertex 6.04302 -5.4764 4.26503
      vertex 6.41386 -5.11164 4.16729
      vertex 6.59471 -4.83844 4.09408
    endloop
  endfacet
  facet normal 6.94292e-05 0.25876 0.965942
    outer loop
      vertex 6.21765 -5.33172 4.22626
      vertex 6.41386 -5.11164 4.16729
      vertex 6.04302 -5.4764 4.26503
    endloop
  endfacet
  facet normal 0.000698148 0.258237 0.966081
    outer loop
      vertex 6.41386 -5.11164 4.16729
      vertex 6.21765 -5.33172 4.22626
      vertex 6.38536 -5.15047 4.17769
    endloop
  endfacet
  facet normal -2.96907e-05 0.258856 0.965916
    outer loop
      vertex 6.59471 -4.83844 4.09408
      vertex 5.99618 -5.51275 4.27477
      vertex 6.04302 -5.4764 4.26503
    endloop
  endfacet
  facet normal 0 0.258831 0.965923
    outer loop
      vertex 6.59471 -4.83844 4.09408
      vertex -5.99475 -5.51275 4.27477
      vertex 5.99618 -5.51275 4.27477
    endloop
  endfacet
  facet normal -0 0.258831 0.965923
    outer loop
      vertex -6.59437 -4.83844 4.09408
      vertex -5.99475 -5.51275 4.27477
      vertex 6.59471 -4.83844 4.09408
    endloop
  endfacet
  facet normal 9.72525e-05 0.258912 0.965901
    outer loop
      vertex -6.37565 -5.15984 4.18021
      vertex -5.99475 -5.51275 4.27477
      vertex -6.59437 -4.83844 4.09408
    endloop
  endfacet
  facet normal -2.34347e-05 0.25879 0.965933
    outer loop
      vertex -6.20578 -5.34309 4.22931
      vertex -5.99475 -5.51275 4.27477
      vertex -6.37565 -5.15984 4.18021
    endloop
  endfacet
  facet normal -0.000635141 0.25808 0.966123
    outer loop
      vertex -5.99475 -5.51275 4.27477
      vertex -6.20578 -5.34309 4.22931
      vertex -6.02983 -5.48914 4.26844
    endloop
  endfacet
  facet normal -9.84339e-05 0.258788 0.965934
    outer loop
      vertex -6.37565 -5.15984 4.18021
      vertex -6.59437 -4.83844 4.09408
      vertex -6.40833 -5.12137 4.1699
    endloop
  endfacet
  facet normal 0.000129558 0.258928 0.965897
    outer loop
      vertex -6.40833 -5.12137 4.1699
      vertex -6.59437 -4.83844 4.09408
      vertex -6.5591 -4.90691 4.11243
    endloop
  endfacet
  facet normal -6.91489e-05 -0.292472 0.956274
    outer loop
      vertex 5.49361 5.76293 4.35125
      vertex 5.96271 5.53352 4.28112
      vertex 5.77572 5.64738 4.31593
    endloop
  endfacet
  facet normal -0.000345212 -0.293088 0.956085
    outer loop
      vertex 5.49361 5.76293 4.35125
      vertex 5.77572 5.64738 4.31593
      vertex 5.58977 5.73137 4.34161
    endloop
  endfacet
  facet normal 1.87814e-05 -0.292307 0.956324
    outer loop
      vertex 5.03666 5.86334 4.38195
      vertex 5.96271 5.53352 4.28112
      vertex 5.49361 5.76293 4.35125
    endloop
  endfacet
  facet normal 1.07822e-05 -0.292341 0.956314
    outer loop
      vertex 5.03666 5.86334 4.38195
      vertex 5.49361 5.76293 4.35125
      vertex 5.30561 5.82138 4.36912
    endloop
  endfacet
  facet normal -0.000123586 -0.293128 0.956073
    outer loop
      vertex 5.03666 5.86334 4.38195
      vertex 5.30561 5.82138 4.36912
      vertex 5.11902 5.85551 4.37956
    endloop
  endfacet
  facet normal 4.54885e-06 -0.292344 0.956313
    outer loop
      vertex 4.84999 5.87459 4.38539
      vertex 5.96271 5.53352 4.28112
      vertex 5.03666 5.86334 4.38195
    endloop
  endfacet
  facet normal -8.36733e-06 -0.292382 0.956301
    outer loop
      vertex 5.96271 5.53352 4.28112
      vertex 4.84999 5.87459 4.38539
      vertex 5.99475 5.51275 4.27477
    endloop
  endfacet
  facet normal 0 -0.292358 0.956309
    outer loop
      vertex -4.84999 5.87459 4.38539
      vertex 5.99475 5.51275 4.27477
      vertex 4.84999 5.87459 4.38539
    endloop
  endfacet
  facet normal -4.45521e-06 -0.292345 0.956313
    outer loop
      vertex -5.99618 5.51275 4.27477
      vertex -4.84999 5.87459 4.38539
      vertex -5.03666 5.86334 4.38195
    endloop
  endfacet
  facet normal 2.56137e-05 -0.292421 0.95629
    outer loop
      vertex -5.99618 5.51275 4.27477
      vertex -5.03666 5.86334 4.38195
      vertex -5.14538 5.84953 4.37773
    endloop
  endfacet
  facet normal 6.38207e-08 -0.292369 0.956306
    outer loop
      vertex -5.51894 5.75716 4.34949
      vertex -5.14538 5.84953 4.37773
      vertex -5.33175 5.81548 4.36732
    endloop
  endfacet
  facet normal -6.40154e-05 -0.292132 0.956378
    outer loop
      vertex -5.14538 5.84953 4.37773
      vertex -5.51894 5.75716 4.34949
      vertex -5.61089 5.72035 4.33824
    endloop
  endfacet
  facet normal 1.89879e-05 -0.292405 0.956295
    outer loop
      vertex -5.14538 5.84953 4.37773
      vertex -5.61089 5.72035 4.33824
      vertex -5.99618 5.51275 4.27477
    endloop
  endfacet
  facet normal -6.95171e-05 -0.292255 0.95634
    outer loop
      vertex -5.99618 5.51275 4.27477
      vertex -5.61089 5.72035 4.33824
      vertex -5.79606 5.63682 4.3127
    endloop
  endfacet
  facet normal 0.000780371 -0.293508 0.955956
    outer loop
      vertex -5.99618 5.51275 4.27477
      vertex -5.79606 5.63682 4.3127
      vertex -5.98149 5.5237 4.27812
    endloop
  endfacet
  facet normal 0 -0.292358 0.956309
    outer loop
      vertex -4.84999 5.87459 4.38539
      vertex -5.99618 5.51275 4.27477
      vertex 5.99475 5.51275 4.27477
    endloop
  endfacet
  facet normal 0 -0.0871513 0.996195
    outer loop
      vertex -6.97245 2.09057 3.60956
      vertex 7.00625 1.39513 3.54872
      vertex 6.97245 2.09057 3.60956
    endloop
  endfacet
  facet normal 0 -0.0871513 0.996195
    outer loop
      vertex 7.00625 1.39513 3.54872
      vertex -6.97245 2.09057 3.60956
      vertex -7.00625 1.39513 3.54872
    endloop
  endfacet
  facet normal -5.61281e-05 -0.224955 0.974369
    outer loop
      vertex 6.59437 4.83844 4.09408
      vertex 6.76411 4.36411 3.98458
      vertex 6.74021 4.47422 4.01
    endloop
  endfacet
  facet normal 0.00150788 -0.224478 0.974478
    outer loop
      vertex 6.68569 4.64702 4.04989
      vertex 6.74021 4.47422 4.01
      vertex 6.69009 4.63611 4.04737
    endloop
  endfacet
  facet normal 5.25491e-05 -0.224914 0.974379
    outer loop
      vertex 6.59437 4.83844 4.09408
      vertex 6.74021 4.47422 4.01
      vertex 6.68569 4.64702 4.04989
    endloop
  endfacet
  facet normal -4.54036e-05 -0.224951 0.97437
    outer loop
      vertex 6.76411 4.36411 3.98458
      vertex 6.59437 4.83844 4.09408
      vertex 6.79051 4.15823 3.93705
    endloop
  endfacet
  facet normal 0 -0.224939 0.974373
    outer loop
      vertex -6.59471 4.83844 4.09408
      vertex 6.79051 4.15823 3.93705
      vertex 6.59437 4.83844 4.09408
    endloop
  endfacet
  facet normal 0.00823197 -0.228619 0.973481
    outer loop
      vertex -6.69009 4.63611 4.04737
      vertex -6.59471 4.83844 4.09408
      vertex -6.68718 4.64422 4.04925
    endloop
  endfacet
  facet normal -0.000148871 -0.224877 0.974387
    outer loop
      vertex -6.74021 4.47422 4.01
      vertex -6.59471 4.83844 4.09408
      vertex -6.69009 4.63611 4.04737
    endloop
  endfacet
  facet normal 5.64153e-05 -0.224955 0.974369
    outer loop
      vertex -6.76411 4.36411 3.98458
      vertex -6.59471 4.83844 4.09408
      vertex -6.74021 4.47422 4.01
    endloop
  endfacet
  facet normal 4.55458e-05 -0.224951 0.97437
    outer loop
      vertex -6.59471 4.83844 4.09408
      vertex -6.76411 4.36411 3.98458
      vertex -6.79051 4.15823 3.93705
    endloop
  endfacet
  facet normal 0 -0.224939 0.974373
    outer loop
      vertex -6.59471 4.83844 4.09408
      vertex -6.79051 4.15823 3.93705
      vertex 6.79051 4.15823 3.93705
    endloop
  endfacet
  facet normal 0 -0.190819 0.981625
    outer loop
      vertex -6.79051 4.15823 3.93705
      vertex 6.86452 3.47296 3.80384
      vertex 6.79051 4.15823 3.93705
    endloop
  endfacet
  facet normal 0 -0.190819 0.981625
    outer loop
      vertex 6.86452 3.47296 3.80384
      vertex -6.79051 4.15823 3.93705
      vertex -6.86452 3.47296 3.80384
    endloop
  endfacet
  facet normal 2.54524e-05 0.121651 0.992573
    outer loop
      vertex -2.59999 -2.29 3.63405
      vertex -6.92519 -2.78346 3.69464
      vertex -2.59999 -2.30999 3.6365
    endloop
  endfacet
  facet normal -0 0.121884 0.992544
    outer loop
      vertex -6.97245 -2.09057 3.60956
      vertex -2.59999 -2.29 3.63405
      vertex -2.49837 -2.09057 3.60956
    endloop
  endfacet
  facet normal -4.50788e-07 0.121875 0.992545
    outer loop
      vertex -2.59999 -2.29 3.63405
      vertex -6.97245 -2.09057 3.60956
      vertex -6.92519 -2.78346 3.69464
    endloop
  endfacet
  facet normal 4.50788e-07 0.121875 0.992545
    outer loop
      vertex 6.97245 -2.09057 3.60956
      vertex 2.59999 -2.29 3.63405
      vertex 6.92519 -2.78346 3.69464
    endloop
  endfacet
  facet normal 0 0.121884 0.992544
    outer loop
      vertex 2.59999 -2.29 3.63405
      vertex 6.97245 -2.09057 3.60956
      vertex 2.53519 -2.09057 3.60956
    endloop
  endfacet
  facet normal -2.54524e-05 0.121651 0.992573
    outer loop
      vertex 2.59999 -2.30999 3.6365
      vertex 6.92519 -2.78346 3.69464
      vertex 2.59999 -2.29 3.63405
    endloop
  endfacet
  facet normal -7.95899e-07 0.121873 0.992546
    outer loop
      vertex 2.41861 -2.66597 3.68021
      vertex 6.92519 -2.78346 3.69464
      vertex 2.59999 -2.30999 3.6365
    endloop
  endfacet
  facet normal -1.36117e-07 0.121898 0.992543
    outer loop
      vertex 2.15999 -2.75 3.69053
      vertex 6.92519 -2.78346 3.69464
      vertex 2.41861 -2.66597 3.68021
    endloop
  endfacet
  facet normal -0 0.121917 0.99254
    outer loop
      vertex -2.15999 -2.75 3.69053
      vertex 6.92519 -2.78346 3.69464
      vertex 2.15999 -2.75 3.69053
    endloop
  endfacet
  facet normal 0 0.121917 0.99254
    outer loop
      vertex -2.15999 -2.75 3.69053
      vertex -6.92519 -2.78346 3.69464
      vertex 6.92519 -2.78346 3.69464
    endloop
  endfacet
  facet normal 4.06298e-07 0.12186 0.992547
    outer loop
      vertex -2.51596 -2.56861 3.66826
      vertex -6.92519 -2.78346 3.69464
      vertex -2.15999 -2.75 3.69053
    endloop
  endfacet
  facet normal -1.06283e-06 0.12189 0.992544
    outer loop
      vertex -6.92519 -2.78346 3.69464
      vertex -2.51596 -2.56861 3.66826
      vertex -2.59999 -2.30999 3.6365
    endloop
  endfacet
  facet normal 0.496858 0.581768 -0.643956
    outer loop
      vertex -7.46678 -7.38713 0
      vertex -6.4935 -5.9935 2.01
      vertex -6.26678 -6.18713 2.01
    endloop
  endfacet
  facet normal 0.496858 0.581768 -0.643956
    outer loop
      vertex -6.4935 -5.9935 2.01
      vertex -7.46678 -7.38713 0
      vertex -7.6935 -7.1935 0
    endloop
  endfacet
  facet normal -0.189437 0.789163 -0.584239
    outer loop
      vertex 6.64722 -7.72659 0
      vertex 5.73712 -6.457 2.01
      vertex 6.93712 -7.657 0
    endloop
  endfacet
  facet normal -0.189462 0.789153 -0.584244
    outer loop
      vertex 5.73712 -6.457 2.01
      vertex 6.64722 -7.72659 0
      vertex 5.44722 -6.5266 2.01
    endloop
  endfacet
  facet normal -0.838911 -0.0660166 -0.540251
    outer loop
      vertex 8.24998 5.84999 0
      vertex 7.0266 4.94722 2.01
      vertex 8.22659 6.14722 0
    endloop
  endfacet
  facet normal -0.838911 -0.0660166 -0.540251
    outer loop
      vertex 7.0266 4.94722 2.01
      vertex 8.24998 5.84999 0
      vertex 7.04999 4.64999 2.01
    endloop
  endfacet
  facet normal -0.728474 0.30173 -0.615048
    outer loop
      vertex 8.157 -6.43712 0
      vertex 6.84291 -5.51257 2.01
      vertex 6.957 -5.23712 2.01
    endloop
  endfacet
  facet normal -0.728474 0.30173 -0.615048
    outer loop
      vertex 6.84291 -5.51257 2.01
      vertex 8.157 -6.43712 0
      vertex 8.04291 -6.71257 0
    endloop
  endfacet
  facet normal -0.0660166 -0.838911 -0.540251
    outer loop
      vertex 6.34999 7.74998 0
      vertex 5.44722 6.5266 2.01
      vertex 5.14999 6.54999 2.01
    endloop
  endfacet
  facet normal -0.0660166 -0.838911 -0.540251
    outer loop
      vertex 5.44722 6.5266 2.01
      vertex 6.34999 7.74998 0
      vertex 6.64722 7.72659 0
    endloop
  endfacet
  facet normal 0.30173 0.728474 -0.615048
    outer loop
      vertex -6.93712 -7.657 0
      vertex -6.01257 -6.34291 2.01
      vertex -5.73712 -6.457 2.01
    endloop
  endfacet
  facet normal 0.30173 0.728474 -0.615048
    outer loop
      vertex -6.01257 -6.34291 2.01
      vertex -6.93712 -7.657 0
      vertex -7.21257 -7.54291 0
    endloop
  endfacet
  facet normal 0 -0.858623 -0.512607
    outer loop
      vertex -6.34999 7.74998 0
      vertex 5.14999 6.54999 2.01
      vertex -5.14999 6.54999 2.01
    endloop
  endfacet
  facet normal 0 -0.858623 -0.512607
    outer loop
      vertex 5.14999 6.54999 2.01
      vertex -6.34999 7.74998 0
      vertex 6.34999 7.74998 0
    endloop
  endfacet
  facet normal 0 0.858623 -0.512607
    outer loop
      vertex 6.34999 -7.74998 0
      vertex -5.14999 -6.54999 2.01
      vertex 5.14999 -6.54999 2.01
    endloop
  endfacet
  facet normal 0 0.858623 -0.512607
    outer loop
      vertex -5.14999 -6.54999 2.01
      vertex 6.34999 -7.74998 0
      vertex -6.34999 -7.74998 0
    endloop
  endfacet
  facet normal -0.0660166 0.838911 -0.540251
    outer loop
      vertex 6.34999 -7.74998 0
      vertex 5.44722 -6.5266 2.01
      vertex 6.64722 -7.72659 0
    endloop
  endfacet
  facet normal -0.0660166 0.838911 -0.540251
    outer loop
      vertex 5.44722 -6.5266 2.01
      vertex 6.34999 -7.74998 0
      vertex 5.14999 -6.54999 2.01
    endloop
  endfacet
  facet normal -0.496858 0.581768 -0.643956
    outer loop
      vertex 7.46678 -7.38713 0
      vertex 6.4935 -5.9935 2.01
      vertex 7.6935 -7.1935 0
    endloop
  endfacet
  facet normal -0.496858 0.581768 -0.643956
    outer loop
      vertex 6.4935 -5.9935 2.01
      vertex 7.46678 -7.38713 0
      vertex 6.26678 -6.18713 2.01
    endloop
  endfacet
  facet normal -0.858623 0 -0.512607
    outer loop
      vertex 8.24998 5.84999 0
      vertex 7.04999 -4.64999 2.01
      vertex 7.04999 4.64999 2.01
    endloop
  endfacet
  facet normal -0.858623 0 -0.512607
    outer loop
      vertex 7.04999 -4.64999 2.01
      vertex 8.24998 5.84999 0
      vertex 8.24998 -5.84999 0
    endloop
  endfacet
  facet normal -0.581768 0.496858 -0.643956
    outer loop
      vertex 6.4935 -5.9935 2.01
      vertex 7.88713 -6.96678 0
      vertex 7.6935 -7.1935 0
    endloop
  endfacet
  facet normal -0.581768 0.496858 -0.643956
    outer loop
      vertex 7.88713 -6.96678 0
      vertex 6.4935 -5.9935 2.01
      vertex 6.68713 -5.76678 2.01
    endloop
  endfacet
  facet normal 0.659003 -0.403837 -0.634532
    outer loop
      vertex -6.68713 5.76678 2.01
      vertex -8.04291 6.71257 0
      vertex -7.88713 6.96678 0
    endloop
  endfacet
  facet normal 0.659003 -0.403837 -0.634532
    outer loop
      vertex -8.04291 6.71257 0
      vertex -6.68713 5.76678 2.01
      vertex -6.84291 5.51257 2.01
    endloop
  endfacet
  facet normal 0.838911 0.0660166 -0.540251
    outer loop
      vertex -7.0266 -4.94722 2.01
      vertex -8.24998 -5.84999 0
      vertex -7.04999 -4.64999 2.01
    endloop
  endfacet
  facet normal 0.838911 0.0660166 -0.540251
    outer loop
      vertex -8.24998 -5.84999 0
      vertex -7.0266 -4.94722 2.01
      vertex -8.22659 -6.14722 0
    endloop
  endfacet
  facet normal 0.189462 0.789153 -0.584244
    outer loop
      vertex -6.64722 -7.72659 0
      vertex -5.73712 -6.457 2.01
      vertex -5.44722 -6.5266 2.01
    endloop
  endfacet
  facet normal 0.189437 0.789163 -0.584239
    outer loop
      vertex -5.73712 -6.457 2.01
      vertex -6.64722 -7.72659 0
      vertex -6.93712 -7.657 0
    endloop
  endfacet
  facet normal -0.403837 0.659003 -0.634532
    outer loop
      vertex 7.21257 -7.54291 0
      vertex 6.26678 -6.18713 2.01
      vertex 7.46678 -7.38713 0
    endloop
  endfacet
  facet normal -0.403837 0.659003 -0.634532
    outer loop
      vertex 6.26678 -6.18713 2.01
      vertex 7.21257 -7.54291 0
      vertex 6.01257 -6.34291 2.01
    endloop
  endfacet
  facet normal 0.403837 0.659003 -0.634532
    outer loop
      vertex -7.21257 -7.54291 0
      vertex -6.26678 -6.18713 2.01
      vertex -6.01257 -6.34291 2.01
    endloop
  endfacet
  facet normal 0.403837 0.659003 -0.634532
    outer loop
      vertex -6.26678 -6.18713 2.01
      vertex -7.21257 -7.54291 0
      vertex -7.46678 -7.38713 0
    endloop
  endfacet
  facet normal 0.728474 0.30173 -0.615048
    outer loop
      vertex -6.84291 -5.51257 2.01
      vertex -8.157 -6.43712 0
      vertex -6.957 -5.23712 2.01
    endloop
  endfacet
  facet normal 0.728474 0.30173 -0.615048
    outer loop
      vertex -8.157 -6.43712 0
      vertex -6.84291 -5.51257 2.01
      vertex -8.04291 -6.71257 0
    endloop
  endfacet
  facet normal -0.30173 0.728474 -0.615048
    outer loop
      vertex 6.93712 -7.657 0
      vertex 6.01257 -6.34291 2.01
      vertex 7.21257 -7.54291 0
    endloop
  endfacet
  facet normal -0.30173 0.728474 -0.615048
    outer loop
      vertex 6.01257 -6.34291 2.01
      vertex 6.93712 -7.657 0
      vertex 5.73712 -6.457 2.01
    endloop
  endfacet
  facet normal -0.659003 -0.403837 -0.634532
    outer loop
      vertex 8.04291 6.71257 0
      vertex 6.68713 5.76678 2.01
      vertex 7.88713 6.96678 0
    endloop
  endfacet
  facet normal -0.659003 -0.403837 -0.634532
    outer loop
      vertex 6.68713 5.76678 2.01
      vertex 8.04291 6.71257 0
      vertex 6.84291 5.51257 2.01
    endloop
  endfacet
  facet normal -0.789163 -0.189437 -0.584239
    outer loop
      vertex 8.22659 6.14722 0
      vertex 6.957 5.23712 2.01
      vertex 8.157 6.43712 0
    endloop
  endfacet
  facet normal -0.789153 -0.189462 -0.584244
    outer loop
      vertex 6.957 5.23712 2.01
      vertex 8.22659 6.14722 0
      vertex 7.0266 4.94722 2.01
    endloop
  endfacet
  facet normal 0.659003 0.403837 -0.634532
    outer loop
      vertex -6.68713 -5.76678 2.01
      vertex -8.04291 -6.71257 0
      vertex -6.84291 -5.51257 2.01
    endloop
  endfacet
  facet normal 0.659003 0.403837 -0.634532
    outer loop
      vertex -8.04291 -6.71257 0
      vertex -6.68713 -5.76678 2.01
      vertex -7.88713 -6.96678 0
    endloop
  endfacet
  facet normal 0.838911 -0.0660166 -0.540251
    outer loop
      vertex -7.0266 4.94722 2.01
      vertex -8.24998 5.84999 0
      vertex -8.22659 6.14722 0
    endloop
  endfacet
  facet normal 0.838911 -0.0660166 -0.540251
    outer loop
      vertex -8.24998 5.84999 0
      vertex -7.0266 4.94722 2.01
      vertex -7.04999 4.64999 2.01
    endloop
  endfacet
  facet normal 0.0660166 0.838911 -0.540251
    outer loop
      vertex -6.34999 -7.74998 0
      vertex -5.44722 -6.5266 2.01
      vertex -5.14999 -6.54999 2.01
    endloop
  endfacet
  facet normal 0.0660166 0.838911 -0.540251
    outer loop
      vertex -5.44722 -6.5266 2.01
      vertex -6.34999 -7.74998 0
      vertex -6.64722 -7.72659 0
    endloop
  endfacet
  facet normal -0.403837 -0.659003 -0.634532
    outer loop
      vertex 7.21257 7.54291 0
      vertex 6.26678 6.18713 2.01
      vertex 6.01257 6.34291 2.01
    endloop
  endfacet
  facet normal -0.403837 -0.659003 -0.634532
    outer loop
      vertex 6.26678 6.18713 2.01
      vertex 7.21257 7.54291 0
      vertex 7.46678 7.38713 0
    endloop
  endfacet
  facet normal -0.189462 -0.789153 -0.584244
    outer loop
      vertex 6.64722 7.72659 0
      vertex 5.73712 6.457 2.01
      vertex 5.44722 6.5266 2.01
    endloop
  endfacet
  facet normal -0.189437 -0.789163 -0.584239
    outer loop
      vertex 5.73712 6.457 2.01
      vertex 6.64722 7.72659 0
      vertex 6.93712 7.657 0
    endloop
  endfacet
  facet normal -0.496858 -0.581768 -0.643956
    outer loop
      vertex 6.4935 5.9935 2.01
      vertex 7.46678 7.38713 0
      vertex 7.6935 7.1935 0
    endloop
  endfacet
  facet normal -0.496858 -0.581768 -0.643956
    outer loop
      vertex 7.46678 7.38713 0
      vertex 6.4935 5.9935 2.01
      vertex 6.26678 6.18713 2.01
    endloop
  endfacet
  facet normal -0.789153 0.189462 -0.584244
    outer loop
      vertex 8.22659 -6.14722 0
      vertex 6.957 -5.23712 2.01
      vertex 7.0266 -4.94722 2.01
    endloop
  endfacet
  facet normal -0.789163 0.189437 -0.584239
    outer loop
      vertex 6.957 -5.23712 2.01
      vertex 8.22659 -6.14722 0
      vertex 8.157 -6.43712 0
    endloop
  endfacet
  facet normal -0.659003 0.403837 -0.634532
    outer loop
      vertex 8.04291 -6.71257 0
      vertex 6.68713 -5.76678 2.01
      vertex 6.84291 -5.51257 2.01
    endloop
  endfacet
  facet normal -0.659003 0.403837 -0.634532
    outer loop
      vertex 6.68713 -5.76678 2.01
      vertex 8.04291 -6.71257 0
      vertex 7.88713 -6.96678 0
    endloop
  endfacet
  facet normal 0.581768 -0.496858 -0.643956
    outer loop
      vertex -7.88713 6.96678 0
      vertex -6.4935 5.9935 2.01
      vertex -6.68713 5.76678 2.01
    endloop
  endfacet
  facet normal 0.581768 -0.496858 -0.643956
    outer loop
      vertex -6.4935 5.9935 2.01
      vertex -7.88713 6.96678 0
      vertex -7.6935 7.1935 0
    endloop
  endfacet
  facet normal -0.728474 -0.30173 -0.615048
    outer loop
      vertex 8.157 6.43712 0
      vertex 6.84291 5.51257 2.01
      vertex 8.04291 6.71257 0
    endloop
  endfacet
  facet normal -0.728474 -0.30173 -0.615048
    outer loop
      vertex 6.84291 5.51257 2.01
      vertex 8.157 6.43712 0
      vertex 6.957 5.23712 2.01
    endloop
  endfacet
  facet normal 0.403837 -0.659003 -0.634532
    outer loop
      vertex -7.21257 7.54291 0
      vertex -6.26678 6.18713 2.01
      vertex -7.46678 7.38713 0
    endloop
  endfacet
  facet normal 0.403837 -0.659003 -0.634532
    outer loop
      vertex -6.26678 6.18713 2.01
      vertex -7.21257 7.54291 0
      vertex -6.01257 6.34291 2.01
    endloop
  endfacet
  facet normal 0.858623 0 -0.512607
    outer loop
      vertex -7.04999 -4.64999 2.01
      vertex -8.24998 5.84999 0
      vertex -7.04999 4.64999 2.01
    endloop
  endfacet
  facet normal 0.858623 0 -0.512607
    outer loop
      vertex -8.24998 5.84999 0
      vertex -7.04999 -4.64999 2.01
      vertex -8.24998 -5.84999 0
    endloop
  endfacet
  facet normal -0.581768 -0.496858 -0.643956
    outer loop
      vertex 6.4935 5.9935 2.01
      vertex 7.88713 6.96678 0
      vertex 6.68713 5.76678 2.01
    endloop
  endfacet
  facet normal -0.581768 -0.496858 -0.643956
    outer loop
      vertex 7.88713 6.96678 0
      vertex 6.4935 5.9935 2.01
      vertex 7.6935 7.1935 0
    endloop
  endfacet
  facet normal 0.496858 -0.581768 -0.643956
    outer loop
      vertex -6.4935 5.9935 2.01
      vertex -7.46678 7.38713 0
      vertex -6.26678 6.18713 2.01
    endloop
  endfacet
  facet normal 0.496858 -0.581768 -0.643956
    outer loop
      vertex -7.46678 7.38713 0
      vertex -6.4935 5.9935 2.01
      vertex -7.6935 7.1935 0
    endloop
  endfacet
  facet normal -0.30173 -0.728474 -0.615048
    outer loop
      vertex 6.93712 7.657 0
      vertex 6.01257 6.34291 2.01
      vertex 5.73712 6.457 2.01
    endloop
  endfacet
  facet normal -0.30173 -0.728474 -0.615048
    outer loop
      vertex 6.01257 6.34291 2.01
      vertex 6.93712 7.657 0
      vertex 7.21257 7.54291 0
    endloop
  endfacet
  facet normal 0.789153 0.189462 -0.584244
    outer loop
      vertex -6.957 -5.23712 2.01
      vertex -8.22659 -6.14722 0
      vertex -7.0266 -4.94722 2.01
    endloop
  endfacet
  facet normal 0.789163 0.189437 -0.584239
    outer loop
      vertex -8.22659 -6.14722 0
      vertex -6.957 -5.23712 2.01
      vertex -8.157 -6.43712 0
    endloop
  endfacet
  facet normal 0.0660166 -0.838911 -0.540251
    outer loop
      vertex -6.34999 7.74998 0
      vertex -5.44722 6.5266 2.01
      vertex -6.64722 7.72659 0
    endloop
  endfacet
  facet normal 0.0660166 -0.838911 -0.540251
    outer loop
      vertex -5.44722 6.5266 2.01
      vertex -6.34999 7.74998 0
      vertex -5.14999 6.54999 2.01
    endloop
  endfacet
  facet normal 0.30173 -0.728474 -0.615048
    outer loop
      vertex -6.93712 7.657 0
      vertex -6.01257 6.34291 2.01
      vertex -7.21257 7.54291 0
    endloop
  endfacet
  facet normal 0.30173 -0.728474 -0.615048
    outer loop
      vertex -6.01257 6.34291 2.01
      vertex -6.93712 7.657 0
      vertex -5.73712 6.457 2.01
    endloop
  endfacet
  facet normal -0.838911 0.0660166 -0.540251
    outer loop
      vertex 8.24998 -5.84999 0
      vertex 7.0266 -4.94722 2.01
      vertex 7.04999 -4.64999 2.01
    endloop
  endfacet
  facet normal -0.838911 0.0660166 -0.540251
    outer loop
      vertex 7.0266 -4.94722 2.01
      vertex 8.24998 -5.84999 0
      vertex 8.22659 -6.14722 0
    endloop
  endfacet
  facet normal 0.581768 0.496858 -0.643956
    outer loop
      vertex -7.88713 -6.96678 0
      vertex -6.4935 -5.9935 2.01
      vertex -7.6935 -7.1935 0
    endloop
  endfacet
  facet normal 0.581768 0.496858 -0.643956
    outer loop
      vertex -6.4935 -5.9935 2.01
      vertex -7.88713 -6.96678 0
      vertex -6.68713 -5.76678 2.01
    endloop
  endfacet
  facet normal 0.789163 -0.189437 -0.584239
    outer loop
      vertex -6.957 5.23712 2.01
      vertex -8.22659 6.14722 0
      vertex -8.157 6.43712 0
    endloop
  endfacet
  facet normal 0.789153 -0.189462 -0.584244
    outer loop
      vertex -8.22659 6.14722 0
      vertex -6.957 5.23712 2.01
      vertex -7.0266 4.94722 2.01
    endloop
  endfacet
  facet normal 0 0 -1
    outer loop
      vertex -2.04999 -0.649994 2.01
      vertex -0.599991 0.649994 2.01
      vertex -0.599991 -0.649994 2.01
    endloop
  endfacet
  facet normal -0 0 -1
    outer loop
      vertex -0.599991 0.649994 2.01
      vertex -2.04999 -0.649994 2.01
      vertex -2.04999 0.649994 2.01
    endloop
  endfacet
  facet normal 0 0 -1
    outer loop
      vertex -0.599991 -0.649994 2.01
      vertex 0.599991 -0.649994 2.01
      vertex 0.599991 -2.04999 2.01
    endloop
  endfacet
  facet normal 0 0 -1
    outer loop
      vertex 0.599991 -0.649994 2.01
      vertex -0.599991 -0.649994 2.01
      vertex 0.599991 0.649994 2.01
    endloop
  endfacet
  facet normal 0 0 -1
    outer loop
      vertex -0.599991 -0.649994 2.01
      vertex 0.599991 -2.04999 2.01
      vertex -0.599991 -2.04999 2.01
    endloop
  endfacet
  facet normal 0 0 -1
    outer loop
      vertex -0.599991 0.649994 2.01
      vertex 0.599991 0.649994 2.01
      vertex -0.599991 -0.649994 2.01
    endloop
  endfacet
  facet normal 0 0 -1
    outer loop
      vertex 0.599991 0.649994 2.01
      vertex -0.599991 0.649994 2.01
      vertex 0.599991 2.04999 2.01
    endloop
  endfacet
  facet normal -0 0 -1
    outer loop
      vertex 0.599991 2.04999 2.01
      vertex -0.599991 0.649994 2.01
      vertex -0.599991 2.04999 2.01
    endloop
  endfacet
  facet normal 0 0 -1
    outer loop
      vertex 0.599991 -0.649994 2.01
      vertex 2.04999 0.649994 2.01
      vertex 2.04999 -0.649994 2.01
    endloop
  endfacet
  facet normal -0 0 -1
    outer loop
      vertex 2.04999 0.649994 2.01
      vertex 0.599991 -0.649994 2.01
      vertex 0.599991 0.649994 2.01
    endloop
  endfacet
  facet normal 0 0 -1
    outer loop
      vertex 5.14999 -6.54999 2.01
      vertex 7.04999 -4.64999 2.01
      vertex 7.0266 -4.94722 2.01
    endloop
  endfacet
  facet normal 0 0 -1
    outer loop
      vertex 7.04999 -4.64999 2.01
      vertex 2.75 0 2.01
      vertex 7.04999 4.64999 2.01
    endloop
  endfacet
  facet normal 0 0 -1
    outer loop
      vertex 5.14999 -6.54999 2.01
      vertex 7.0266 -4.94722 2.01
      vertex 6.957 -5.23712 2.01
    endloop
  endfacet
  facet normal 0 0 -1
    outer loop
      vertex 2.73388 0.297327 2.01
      vertex 7.04999 4.64999 2.01
      vertex 2.75 0 2.01
    endloop
  endfacet
  facet normal 0 0 -1
    outer loop
      vertex 5.14999 -6.54999 2.01
      vertex 6.957 -5.23712 2.01
      vertex 6.84291 -5.51257 2.01
    endloop
  endfacet
  facet normal 0 0 -1
    outer loop
      vertex 2.68571 0.591168 2.01
      vertex 7.04999 4.64999 2.01
      vertex 2.73388 0.297327 2.01
    endloop
  endfacet
  facet normal 0 0 -1
    outer loop
      vertex 5.14999 -6.54999 2.01
      vertex 6.84291 -5.51257 2.01
      vertex 6.68713 -5.76678 2.01
    endloop
  endfacet
  facet normal 0 0 -1
    outer loop
      vertex 2.60605 0.878078 2.01
      vertex 7.04999 4.64999 2.01
      vertex 2.68571 0.591168 2.01
    endloop
  endfacet
  facet normal 0 0 -1
    outer loop
      vertex 5.14999 -6.54999 2.01
      vertex 6.68713 -5.76678 2.01
      vertex 6.4935 -5.9935 2.01
    endloop
  endfacet
  facet normal 0 0 -1
    outer loop
      vertex 2.49583 1.15469 2.01
      vertex 7.04999 4.64999 2.01
      vertex 2.60605 0.878078 2.01
    endloop
  endfacet
  facet normal 0 0 -1
    outer loop
      vertex 5.14999 -6.54999 2.01
      vertex 6.4935 -5.9935 2.01
      vertex 6.26678 -6.18713 2.01
    endloop
  endfacet
  facet normal 0 0 -1
    outer loop
      vertex 2.35636 1.41777 2.01
      vertex 7.04999 4.64999 2.01
      vertex 2.49583 1.15469 2.01
    endloop
  endfacet
  facet normal 0 0 -1
    outer loop
      vertex 5.14999 -6.54999 2.01
      vertex 6.26678 -6.18713 2.01
      vertex 6.01257 -6.34291 2.01
    endloop
  endfacet
  facet normal 0 0 -1
    outer loop
      vertex 2.18926 1.66423 2.01
      vertex 7.04999 4.64999 2.01
      vertex 2.35636 1.41777 2.01
    endloop
  endfacet
  facet normal 0 0 -1
    outer loop
      vertex 5.14999 -6.54999 2.01
      vertex 6.01257 -6.34291 2.01
      vertex 5.73712 -6.457 2.01
    endloop
  endfacet
  facet normal 0 0 -1
    outer loop
      vertex 1.99649 1.89117 2.01
      vertex 7.04999 4.64999 2.01
      vertex 2.18926 1.66423 2.01
    endloop
  endfacet
  facet normal 0 0 -1
    outer loop
      vertex 5.14999 -6.54999 2.01
      vertex 5.73712 -6.457 2.01
      vertex 5.44722 -6.5266 2.01
    endloop
  endfacet
  facet normal 0 0 -1
    outer loop
      vertex 7.04999 4.64999 2.01
      vertex 5.14999 6.54999 2.01
      vertex 7.0266 4.94722 2.01
    endloop
  endfacet
  facet normal 0 0 -1
    outer loop
      vertex 1.99649 -1.89117 2.01
      vertex 7.04999 -4.64999 2.01
      vertex 5.14999 -6.54999 2.01
    endloop
  endfacet
  facet normal 0 0 -1
    outer loop
      vertex 7.0266 4.94722 2.01
      vertex 5.14999 6.54999 2.01
      vertex 6.957 5.23712 2.01
    endloop
  endfacet
  facet normal 0 0 -1
    outer loop
      vertex 6.957 5.23712 2.01
      vertex 5.14999 6.54999 2.01
      vertex 6.84291 5.51257 2.01
    endloop
  endfacet
  facet normal 0 0 -1
    outer loop
      vertex 7.04999 -4.64999 2.01
      vertex 2.73388 -0.297327 2.01
      vertex 2.75 0 2.01
    endloop
  endfacet
  facet normal 0 0 -1
    outer loop
      vertex 7.04999 -4.64999 2.01
      vertex 2.68571 -0.591168 2.01
      vertex 2.73388 -0.297327 2.01
    endloop
  endfacet
  facet normal 0 0 -1
    outer loop
      vertex 7.04999 -4.64999 2.01
      vertex 2.60605 -0.878078 2.01
      vertex 2.68571 -0.591168 2.01
    endloop
  endfacet
  facet normal 0 0 -1
    outer loop
      vertex 7.04999 -4.64999 2.01
      vertex 2.49583 -1.15469 2.01
      vertex 2.60605 -0.878078 2.01
    endloop
  endfacet
  facet normal 0 0 -1
    outer loop
      vertex 7.04999 -4.64999 2.01
      vertex 2.35636 -1.41777 2.01
      vertex 2.49583 -1.15469 2.01
    endloop
  endfacet
  facet normal 0 0 -1
    outer loop
      vertex 7.04999 -4.64999 2.01
      vertex 2.18926 -1.66423 2.01
      vertex 2.35636 -1.41777 2.01
    endloop
  endfacet
  facet normal 0 0 -1
    outer loop
      vertex 7.04999 -4.64999 2.01
      vertex 1.99649 -1.89117 2.01
      vertex 2.18926 -1.66423 2.01
    endloop
  endfacet
  facet normal 0 0 -1
    outer loop
      vertex 5.14999 -6.54999 2.01
      vertex 1.78031 -2.09595 2.01
      vertex 1.99649 -1.89117 2.01
    endloop
  endfacet
  facet normal 0 0 -1
    outer loop
      vertex 5.14999 -6.54999 2.01
      vertex 1.54326 -2.27614 2.01
      vertex 1.78031 -2.09595 2.01
    endloop
  endfacet
  facet normal 0 0 -1
    outer loop
      vertex 5.14999 -6.54999 2.01
      vertex 1.28812 -2.42966 2.01
      vertex 1.54326 -2.27614 2.01
    endloop
  endfacet
  facet normal 0 0 -1
    outer loop
      vertex 5.14999 -6.54999 2.01
      vertex 1.01788 -2.55469 2.01
      vertex 1.28812 -2.42966 2.01
    endloop
  endfacet
  facet normal 0 0 -1
    outer loop
      vertex 5.14999 -6.54999 2.01
      vertex 0.735703 -2.64976 2.01
      vertex 1.01788 -2.55469 2.01
    endloop
  endfacet
  facet normal 0 0 -1
    outer loop
      vertex 5.14999 -6.54999 2.01
      vertex 0.4449 -2.71377 2.01
      vertex 0.735703 -2.64976 2.01
    endloop
  endfacet
  facet normal 0 0 -1
    outer loop
      vertex 5.14999 -6.54999 2.01
      vertex 0.148882 -2.74597 2.01
      vertex 0.4449 -2.71377 2.01
    endloop
  endfacet
  facet normal 0 0 -1
    outer loop
      vertex 5.14999 -6.54999 2.01
      vertex -0.148882 -2.74597 2.01
      vertex 0.148882 -2.74597 2.01
    endloop
  endfacet
  facet normal 0 0 -1
    outer loop
      vertex -5.14999 -6.54999 2.01
      vertex -0.148882 -2.74597 2.01
      vertex 5.14999 -6.54999 2.01
    endloop
  endfacet
  facet normal -0 0 -1
    outer loop
      vertex -0.148882 -2.74597 2.01
      vertex -5.14999 -6.54999 2.01
      vertex -0.4449 -2.71377 2.01
    endloop
  endfacet
  facet normal -0 0 -1
    outer loop
      vertex -0.4449 -2.71377 2.01
      vertex -5.14999 -6.54999 2.01
      vertex -0.735703 -2.64976 2.01
    endloop
  endfacet
  facet normal -0 0 -1
    outer loop
      vertex -0.735703 -2.64976 2.01
      vertex -5.14999 -6.54999 2.01
      vertex -1.01788 -2.55469 2.01
    endloop
  endfacet
  facet normal -0 0 -1
    outer loop
      vertex -1.01788 -2.55469 2.01
      vertex -5.14999 -6.54999 2.01
      vertex -1.28812 -2.42966 2.01
    endloop
  endfacet
  facet normal -0 0 -1
    outer loop
      vertex -2.68571 -0.591168 2.01
      vertex -7.04999 -4.64999 2.01
      vertex -2.73388 -0.297327 2.01
    endloop
  endfacet
  facet normal -0 0 -1
    outer loop
      vertex -2.60605 -0.878078 2.01
      vertex -7.04999 -4.64999 2.01
      vertex -2.68571 -0.591168 2.01
    endloop
  endfacet
  facet normal -0 0 -1
    outer loop
      vertex -2.49583 -1.15469 2.01
      vertex -7.04999 -4.64999 2.01
      vertex -2.60605 -0.878078 2.01
    endloop
  endfacet
  facet normal -0 0 -1
    outer loop
      vertex -2.35636 -1.41777 2.01
      vertex -7.04999 -4.64999 2.01
      vertex -2.49583 -1.15469 2.01
    endloop
  endfacet
  facet normal -0 0 -1
    outer loop
      vertex -2.18926 -1.66423 2.01
      vertex -7.04999 -4.64999 2.01
      vertex -2.35636 -1.41777 2.01
    endloop
  endfacet
  facet normal -0 0 -1
    outer loop
      vertex -1.99649 -1.89117 2.01
      vertex -7.04999 -4.64999 2.01
      vertex -2.18926 -1.66423 2.01
    endloop
  endfacet
  facet normal 0 0 -1
    outer loop
      vertex -7.04999 -4.64999 2.01
      vertex -1.99649 -1.89117 2.01
      vertex -5.14999 -6.54999 2.01
    endloop
  endfacet
  facet normal -0 0 -1
    outer loop
      vertex -1.78031 -2.09595 2.01
      vertex -5.14999 -6.54999 2.01
      vertex -1.99649 -1.89117 2.01
    endloop
  endfacet
  facet normal -0 0 -1
    outer loop
      vertex -1.54326 -2.27614 2.01
      vertex -5.14999 -6.54999 2.01
      vertex -1.78031 -2.09595 2.01
    endloop
  endfacet
  facet normal -0 0 -1
    outer loop
      vertex -1.28812 -2.42966 2.01
      vertex -5.14999 -6.54999 2.01
      vertex -1.54326 -2.27614 2.01
    endloop
  endfacet
  facet normal 0 0 -1
    outer loop
      vertex 6.84291 5.51257 2.01
      vertex 5.14999 6.54999 2.01
      vertex 6.68713 5.76678 2.01
    endloop
  endfacet
  facet normal 0 0 -1
    outer loop
      vertex 6.68713 5.76678 2.01
      vertex 5.14999 6.54999 2.01
      vertex 6.4935 5.9935 2.01
    endloop
  endfacet
  facet normal 0 0 -1
    outer loop
      vertex 6.4935 5.9935 2.01
      vertex 5.14999 6.54999 2.01
      vertex 6.26678 6.18713 2.01
    endloop
  endfacet
  facet normal 0 0 -1
    outer loop
      vertex 6.01257 6.34291 2.01
      vertex 5.14999 6.54999 2.01
      vertex 5.73712 6.457 2.01
    endloop
  endfacet
  facet normal 0 0 -1
    outer loop
      vertex 5.73712 6.457 2.01
      vertex 5.14999 6.54999 2.01
      vertex 5.44722 6.5266 2.01
    endloop
  endfacet
  facet normal 0 0 -1
    outer loop
      vertex 6.26678 6.18713 2.01
      vertex 5.14999 6.54999 2.01
      vertex 6.01257 6.34291 2.01
    endloop
  endfacet
  facet normal -0 0 -1
    outer loop
      vertex 7.04999 4.64999 2.01
      vertex 1.99649 1.89117 2.01
      vertex 5.14999 6.54999 2.01
    endloop
  endfacet
  facet normal 0 0 -1
    outer loop
      vertex 1.78031 2.09595 2.01
      vertex 5.14999 6.54999 2.01
      vertex 1.99649 1.89117 2.01
    endloop
  endfacet
  facet normal 0 0 -1
    outer loop
      vertex 1.54326 2.27614 2.01
      vertex 5.14999 6.54999 2.01
      vertex 1.78031 2.09595 2.01
    endloop
  endfacet
  facet normal 0 0 -1
    outer loop
      vertex 1.28812 2.42966 2.01
      vertex 5.14999 6.54999 2.01
      vertex 1.54326 2.27614 2.01
    endloop
  endfacet
  facet normal 0 0 -1
    outer loop
      vertex 1.01788 2.55469 2.01
      vertex 5.14999 6.54999 2.01
      vertex 1.28812 2.42966 2.01
    endloop
  endfacet
  facet normal 0 0 -1
    outer loop
      vertex 0.735703 2.64976 2.01
      vertex 5.14999 6.54999 2.01
      vertex 1.01788 2.55469 2.01
    endloop
  endfacet
  facet normal 0 0 -1
    outer loop
      vertex 0.4449 2.71377 2.01
      vertex 5.14999 6.54999 2.01
      vertex 0.735703 2.64976 2.01
    endloop
  endfacet
  facet normal 0 0 -1
    outer loop
      vertex 0.148882 2.74597 2.01
      vertex 5.14999 6.54999 2.01
      vertex 0.4449 2.71377 2.01
    endloop
  endfacet
  facet normal 0 0 -1
    outer loop
      vertex -0.148882 2.74597 2.01
      vertex 5.14999 6.54999 2.01
      vertex 0.148882 2.74597 2.01
    endloop
  endfacet
  facet normal 0 0 -1
    outer loop
      vertex -5.14999 6.54999 2.01
      vertex -0.148882 2.74597 2.01
      vertex -0.4449 2.71377 2.01
    endloop
  endfacet
  facet normal 0 0 -1
    outer loop
      vertex -5.14999 6.54999 2.01
      vertex -0.4449 2.71377 2.01
      vertex -0.735703 2.64976 2.01
    endloop
  endfacet
  facet normal 0 0 -1
    outer loop
      vertex -5.14999 6.54999 2.01
      vertex -0.735703 2.64976 2.01
      vertex -1.01788 2.55469 2.01
    endloop
  endfacet
  facet normal 0 0 -1
    outer loop
      vertex -5.14999 6.54999 2.01
      vertex -1.01788 2.55469 2.01
      vertex -1.28812 2.42966 2.01
    endloop
  endfacet
  facet normal 0 0 -1
    outer loop
      vertex -5.14999 6.54999 2.01
      vertex -1.28812 2.42966 2.01
      vertex -1.54326 2.27614 2.01
    endloop
  endfacet
  facet normal -0 0 -1
    outer loop
      vertex -2.73388 -0.297327 2.01
      vertex -7.04999 -4.64999 2.01
      vertex -2.75 0 2.01
    endloop
  endfacet
  facet normal 0 0 -1
    outer loop
      vertex -7.04999 4.64999 2.01
      vertex -2.75 0 2.01
      vertex -7.04999 -4.64999 2.01
    endloop
  endfacet
  facet normal 0 0 -1
    outer loop
      vertex -2.75 0 2.01
      vertex -7.04999 4.64999 2.01
      vertex -2.73388 0.297327 2.01
    endloop
  endfacet
  facet normal 0 0 -1
    outer loop
      vertex -0.148882 2.74597 2.01
      vertex -5.14999 6.54999 2.01
      vertex 5.14999 6.54999 2.01
    endloop
  endfacet
  facet normal 0 0 -1
    outer loop
      vertex -1.78031 2.09595 2.01
      vertex -5.14999 6.54999 2.01
      vertex -1.54326 2.27614 2.01
    endloop
  endfacet
  facet normal 0 0 -1
    outer loop
      vertex -1.99649 1.89117 2.01
      vertex -5.14999 6.54999 2.01
      vertex -1.78031 2.09595 2.01
    endloop
  endfacet
  facet normal 0 0 -1
    outer loop
      vertex -7.04999 4.64999 2.01
      vertex -1.99649 1.89117 2.01
      vertex -2.18926 1.66423 2.01
    endloop
  endfacet
  facet normal 0 0 -1
    outer loop
      vertex -7.04999 4.64999 2.01
      vertex -2.18926 1.66423 2.01
      vertex -2.35636 1.41777 2.01
    endloop
  endfacet
  facet normal 0 0 -1
    outer loop
      vertex -7.04999 4.64999 2.01
      vertex -2.35636 1.41777 2.01
      vertex -2.49583 1.15469 2.01
    endloop
  endfacet
  facet normal 0 0 -1
    outer loop
      vertex -7.04999 4.64999 2.01
      vertex -2.49583 1.15469 2.01
      vertex -2.60605 0.878078 2.01
    endloop
  endfacet
  facet normal 0 0 -1
    outer loop
      vertex -2.73388 0.297327 2.01
      vertex -7.04999 4.64999 2.01
      vertex -2.68571 0.591168 2.01
    endloop
  endfacet
  facet normal 0 0 -1
    outer loop
      vertex -7.04999 -4.64999 2.01
      vertex -5.14999 -6.54999 2.01
      vertex -5.44722 -6.5266 2.01
    endloop
  endfacet
  facet normal 0 0 -1
    outer loop
      vertex -2.68571 0.591168 2.01
      vertex -7.04999 4.64999 2.01
      vertex -2.60605 0.878078 2.01
    endloop
  endfacet
  facet normal 0 0 -1
    outer loop
      vertex -7.04999 -4.64999 2.01
      vertex -5.44722 -6.5266 2.01
      vertex -5.73712 -6.457 2.01
    endloop
  endfacet
  facet normal 0 0 -1
    outer loop
      vertex -1.99649 1.89117 2.01
      vertex -7.04999 4.64999 2.01
      vertex -5.14999 6.54999 2.01
    endloop
  endfacet
  facet normal 0 0 -1
    outer loop
      vertex -7.04999 -4.64999 2.01
      vertex -5.73712 -6.457 2.01
      vertex -6.01257 -6.34291 2.01
    endloop
  endfacet
  facet normal 0 0 -1
    outer loop
      vertex -5.14999 6.54999 2.01
      vertex -7.04999 4.64999 2.01
      vertex -5.44722 6.5266 2.01
    endloop
  endfacet
  facet normal 0 0 -1
    outer loop
      vertex -7.04999 -4.64999 2.01
      vertex -6.01257 -6.34291 2.01
      vertex -6.26678 -6.18713 2.01
    endloop
  endfacet
  facet normal 0 0 -1
    outer loop
      vertex -5.44722 6.5266 2.01
      vertex -7.04999 4.64999 2.01
      vertex -5.73712 6.457 2.01
    endloop
  endfacet
  facet normal 0 0 -1
    outer loop
      vertex -7.04999 -4.64999 2.01
      vertex -6.26678 -6.18713 2.01
      vertex -6.4935 -5.9935 2.01
    endloop
  endfacet
  facet normal 0 0 -1
    outer loop
      vertex -5.73712 6.457 2.01
      vertex -7.04999 4.64999 2.01
      vertex -6.01257 6.34291 2.01
    endloop
  endfacet
  facet normal 0 0 -1
    outer loop
      vertex -7.04999 -4.64999 2.01
      vertex -6.4935 -5.9935 2.01
      vertex -6.68713 -5.76678 2.01
    endloop
  endfacet
  facet normal 0 0 -1
    outer loop
      vertex -6.01257 6.34291 2.01
      vertex -7.04999 4.64999 2.01
      vertex -6.26678 6.18713 2.01
    endloop
  endfacet
  facet normal 0 0 -1
    outer loop
      vertex -7.04999 -4.64999 2.01
      vertex -6.68713 -5.76678 2.01
      vertex -6.84291 -5.51257 2.01
    endloop
  endfacet
  facet normal 0 0 -1
    outer loop
      vertex -6.26678 6.18713 2.01
      vertex -7.04999 4.64999 2.01
      vertex -6.4935 5.9935 2.01
    endloop
  endfacet
  facet normal 0 0 -1
    outer loop
      vertex -7.04999 -4.64999 2.01
      vertex -6.84291 -5.51257 2.01
      vertex -6.957 -5.23712 2.01
    endloop
  endfacet
  facet normal 0 0 -1
    outer loop
      vertex -6.4935 5.9935 2.01
      vertex -7.04999 4.64999 2.01
      vertex -6.68713 5.76678 2.01
    endloop
  endfacet
  facet normal 0 0 -1
    outer loop
      vertex -7.04999 -4.64999 2.01
      vertex -6.957 -5.23712 2.01
      vertex -7.0266 -4.94722 2.01
    endloop
  endfacet
  facet normal 0 0 -1
    outer loop
      vertex -6.68713 5.76678 2.01
      vertex -7.04999 4.64999 2.01
      vertex -6.84291 5.51257 2.01
    endloop
  endfacet
  facet normal 0 0 -1
    outer loop
      vertex -6.84291 5.51257 2.01
      vertex -7.04999 4.64999 2.01
      vertex -6.957 5.23712 2.01
    endloop
  endfacet
  facet normal 0 0 -1
    outer loop
      vertex -6.957 5.23712 2.01
      vertex -7.04999 4.64999 2.01
      vertex -7.0266 4.94722 2.01
    endloop
  endfacet
  facet normal 0.728474 -0.30173 -0.615048
    outer loop
      vertex -6.84291 5.51257 2.01
      vertex -8.157 6.43712 0
      vertex -8.04291 6.71257 0
    endloop
  endfacet
  facet normal 0.728474 -0.30173 -0.615048
    outer loop
      vertex -8.157 6.43712 0
      vertex -6.84291 5.51257 2.01
      vertex -6.957 5.23712 2.01
    endloop
  endfacet
  facet normal 0.189437 -0.789163 -0.584239
    outer loop
      vertex -6.64722 7.72659 0
      vertex -5.73712 6.457 2.01
      vertex -6.93712 7.657 0
    endloop
  endfacet
  facet normal 0.189462 -0.789153 -0.584244
    outer loop
      vertex -5.73712 6.457 2.01
      vertex -6.64722 7.72659 0
      vertex -5.44722 6.5266 2.01
    endloop
  endfacet
  facet normal 0.883521 0.468392 0
    outer loop
      vertex 2.49583 1.15469 2.01
      vertex 2.35636 1.41777 -1.3
      vertex 2.35636 1.41777 2.01
    endloop
  endfacet
  facet normal 0.883521 0.468392 0
    outer loop
      vertex 2.35636 1.41777 -1.3
      vertex 2.49583 1.15469 2.01
      vertex 2.49583 1.15469 -1.3
    endloop
  endfacet
  facet normal 0.986828 0.161773 0
    outer loop
      vertex 2.73388 0.297327 2.01
      vertex 2.68571 0.591168 -1.3
      vertex 2.68571 0.591168 2.01
    endloop
  endfacet
  facet normal 0.986828 0.161773 0
    outer loop
      vertex 2.68571 0.591168 -1.3
      vertex 2.73388 0.297327 2.01
      vertex 2.73388 0.297327 -1.3
    endloop
  endfacet
  facet normal 0.998534 0.0541369 0
    outer loop
      vertex 2.75 0 2.01
      vertex 2.73388 0.297327 -1.3
      vertex 2.73388 0.297327 2.01
    endloop
  endfacet
  facet normal 0.998534 0.0541369 0
    outer loop
      vertex 2.73388 0.297327 -1.3
      vertex 2.75 0 2.01
      vertex 2.75 0 -1.3
    endloop
  endfacet
  facet normal 0.96355 0.267528 0
    outer loop
      vertex 2.68571 0.591168 2.01
      vertex 2.60605 0.878078 -1.3
      vertex 2.60605 0.878078 2.01
    endloop
  endfacet
  facet normal 0.96355 0.267528 0
    outer loop
      vertex 2.60605 0.878078 -1.3
      vertex 2.68571 0.591168 2.01
      vertex 2.68571 0.591168 -1.3
    endloop
  endfacet
  facet normal -0.762153 0.647397 0
    outer loop
      vertex -2.18926 1.66423 -1.3
      vertex -1.99649 1.89117 2.01
      vertex -1.99649 1.89117 -1.3
    endloop
  endfacet
  facet normal -0.762153 0.647397 0
    outer loop
      vertex -1.99649 1.89117 2.01
      vertex -2.18926 1.66423 -1.3
      vertex -2.18926 1.66423 2.01
    endloop
  endfacet
  facet normal 0.827695 0.561178 0
    outer loop
      vertex 2.35636 1.41777 2.01
      vertex 2.18926 1.66423 -1.3
      vertex 2.18926 1.66423 2.01
    endloop
  endfacet
  facet normal 0.827695 0.561178 0
    outer loop
      vertex 2.18926 1.66423 -1.3
      vertex 2.35636 1.41777 2.01
      vertex 2.35636 1.41777 -1.3
    endloop
  endfacet
  facet normal -0.319282 0.94766 0
    outer loop
      vertex -0.735703 2.64976 -1.3
      vertex -1.01788 2.55469 2.01
      vertex -0.735703 2.64976 2.01
    endloop
  endfacet
  facet normal -0.319282 0.94766 0
    outer loop
      vertex -1.01788 2.55469 2.01
      vertex -0.735703 2.64976 -1.3
      vertex -1.01788 2.55469 -1.3
    endloop
  endfacet
  facet normal 0.515572 -0.856846 0
    outer loop
      vertex 1.28812 -2.42966 -1.3
      vertex 1.54326 -2.27614 2.01
      vertex 1.28812 -2.42966 2.01
    endloop
  endfacet
  facet normal 0.515572 -0.856846 0
    outer loop
      vertex 1.54326 -2.27614 2.01
      vertex 1.28812 -2.42966 -1.3
      vertex 1.54326 -2.27614 -1.3
    endloop
  endfacet
  facet normal -0.998534 0.0541369 0
    outer loop
      vertex -2.75 0 -1.3
      vertex -2.73388 0.297327 2.01
      vertex -2.73388 0.297327 -1.3
    endloop
  endfacet
  facet normal -0.998534 0.0541369 0
    outer loop
      vertex -2.73388 0.297327 2.01
      vertex -2.75 0 -1.3
      vertex -2.75 0 2.01
    endloop
  endfacet
  facet normal -0.108139 0.994136 0
    outer loop
      vertex -0.148882 2.74597 -1.3
      vertex -0.4449 2.71377 2.01
      vertex -0.148882 2.74597 2.01
    endloop
  endfacet
  facet normal -0.108139 0.994136 0
    outer loop
      vertex -0.4449 2.71377 2.01
      vertex -0.148882 2.74597 -1.3
      vertex -0.4449 2.71377 -1.3
    endloop
  endfacet
  facet normal 0.687706 0.72599 -0
    outer loop
      vertex 1.99649 1.89117 -1.3
      vertex 1.78031 2.09595 2.01
      vertex 1.99649 1.89117 2.01
    endloop
  endfacet
  facet normal 0.687706 0.72599 0
    outer loop
      vertex 1.78031 2.09595 2.01
      vertex 1.99649 1.89117 -1.3
      vertex 1.78031 2.09595 -1.3
    endloop
  endfacet
  facet normal 0.108139 0.994136 -0
    outer loop
      vertex 0.4449 2.71377 -1.3
      vertex 0.148882 2.74597 2.01
      vertex 0.4449 2.71377 2.01
    endloop
  endfacet
  facet normal 0.108139 0.994136 0
    outer loop
      vertex 0.148882 2.74597 2.01
      vertex 0.4449 2.71377 -1.3
      vertex 0.148882 2.74597 -1.3
    endloop
  endfacet
  facet normal -0.687706 0.72599 0
    outer loop
      vertex -1.78031 2.09595 -1.3
      vertex -1.99649 1.89117 2.01
      vertex -1.78031 2.09595 2.01
    endloop
  endfacet
  facet normal -0.687706 0.72599 0
    outer loop
      vertex -1.99649 1.89117 2.01
      vertex -1.78031 2.09595 -1.3
      vertex -1.99649 1.89117 -1.3
    endloop
  endfacet
  facet normal 0.827695 -0.561178 0
    outer loop
      vertex 2.18926 -1.66423 2.01
      vertex 2.35636 -1.41777 -1.3
      vertex 2.35636 -1.41777 2.01
    endloop
  endfacet
  facet normal 0.827695 -0.561178 0
    outer loop
      vertex 2.35636 -1.41777 -1.3
      vertex 2.18926 -1.66423 2.01
      vertex 2.18926 -1.66423 -1.3
    endloop
  endfacet
  facet normal 0.96355 -0.267528 0
    outer loop
      vertex 2.60605 -0.878078 2.01
      vertex 2.68571 -0.591168 -1.3
      vertex 2.68571 -0.591168 2.01
    endloop
  endfacet
  facet normal 0.96355 -0.267528 0
    outer loop
      vertex 2.68571 -0.591168 -1.3
      vertex 2.60605 -0.878078 2.01
      vertex 2.60605 -0.878078 -1.3
    endloop
  endfacet
  facet normal -0.986828 0.161773 0
    outer loop
      vertex -2.73388 0.297327 -1.3
      vertex -2.68571 0.591168 2.01
      vertex -2.68571 0.591168 -1.3
    endloop
  endfacet
  facet normal -0.986828 0.161773 0
    outer loop
      vertex -2.68571 0.591168 2.01
      vertex -2.73388 0.297327 -1.3
      vertex -2.73388 0.297327 2.01
    endloop
  endfacet
  facet normal 0.214969 0.976621 -0
    outer loop
      vertex 0.735703 2.64976 -1.3
      vertex 0.4449 2.71377 2.01
      vertex 0.735703 2.64976 2.01
    endloop
  endfacet
  facet normal 0.214969 0.976621 0
    outer loop
      vertex 0.4449 2.71377 2.01
      vertex 0.735703 2.64976 -1.3
      vertex 0.4449 2.71377 -1.3
    endloop
  endfacet
  facet normal -0.214969 0.976621 0
    outer loop
      vertex -0.4449 2.71377 -1.3
      vertex -0.735703 2.64976 2.01
      vertex -0.4449 2.71377 2.01
    endloop
  endfacet
  facet normal -0.214969 0.976621 0
    outer loop
      vertex -0.735703 2.64976 2.01
      vertex -0.4449 2.71377 -1.3
      vertex -0.735703 2.64976 -1.3
    endloop
  endfacet
  facet normal -0.883521 0.468392 0
    outer loop
      vertex -2.49583 1.15469 -1.3
      vertex -2.35636 1.41777 2.01
      vertex -2.35636 1.41777 -1.3
    endloop
  endfacet
  facet normal -0.883521 0.468392 0
    outer loop
      vertex -2.35636 1.41777 2.01
      vertex -2.49583 1.15469 -1.3
      vertex -2.49583 1.15469 2.01
    endloop
  endfacet
  facet normal -0.827695 -0.561178 0
    outer loop
      vertex -2.18926 -1.66423 -1.3
      vertex -2.35636 -1.41777 2.01
      vertex -2.35636 -1.41777 -1.3
    endloop
  endfacet
  facet normal -0.827695 -0.561178 0
    outer loop
      vertex -2.35636 -1.41777 2.01
      vertex -2.18926 -1.66423 -1.3
      vertex -2.18926 -1.66423 2.01
    endloop
  endfacet
  facet normal -0.319282 -0.94766 0
    outer loop
      vertex -1.01788 -2.55469 -1.3
      vertex -0.735703 -2.64976 2.01
      vertex -1.01788 -2.55469 2.01
    endloop
  endfacet
  facet normal -0.319282 -0.94766 -0
    outer loop
      vertex -0.735703 -2.64976 2.01
      vertex -1.01788 -2.55469 -1.3
      vertex -0.735703 -2.64976 -1.3
    endloop
  endfacet
  facet normal -0.762153 -0.647397 0
    outer loop
      vertex -1.99649 -1.89117 -1.3
      vertex -2.18926 -1.66423 2.01
      vertex -2.18926 -1.66423 -1.3
    endloop
  endfacet
  facet normal -0.762153 -0.647397 0
    outer loop
      vertex -2.18926 -1.66423 2.01
      vertex -1.99649 -1.89117 -1.3
      vertex -1.99649 -1.89117 2.01
    endloop
  endfacet
  facet normal 0.687706 -0.72599 0
    outer loop
      vertex 1.78031 -2.09595 -1.3
      vertex 1.99649 -1.89117 2.01
      vertex 1.78031 -2.09595 2.01
    endloop
  endfacet
  facet normal 0.687706 -0.72599 0
    outer loop
      vertex 1.99649 -1.89117 2.01
      vertex 1.78031 -2.09595 -1.3
      vertex 1.99649 -1.89117 -1.3
    endloop
  endfacet
  facet normal 0.419899 0.907571 -0
    outer loop
      vertex 1.28812 2.42966 -1.3
      vertex 1.01788 2.55469 2.01
      vertex 1.28812 2.42966 2.01
    endloop
  endfacet
  facet normal 0.419899 0.907571 0
    outer loop
      vertex 1.01788 2.55469 2.01
      vertex 1.28812 2.42966 -1.3
      vertex 1.01788 2.55469 -1.3
    endloop
  endfacet
  facet normal -0.515572 0.856846 0
    outer loop
      vertex -1.28812 2.42966 -1.3
      vertex -1.54326 2.27614 2.01
      vertex -1.28812 2.42966 2.01
    endloop
  endfacet
  facet normal -0.515572 0.856846 0
    outer loop
      vertex -1.54326 2.27614 2.01
      vertex -1.28812 2.42966 -1.3
      vertex -1.54326 2.27614 -1.3
    endloop
  endfacet
  facet normal -0.605151 0.79611 0
    outer loop
      vertex -1.54326 2.27614 -1.3
      vertex -1.78031 2.09595 2.01
      vertex -1.54326 2.27614 2.01
    endloop
  endfacet
  facet normal -0.605151 0.79611 0
    outer loop
      vertex -1.78031 2.09595 2.01
      vertex -1.54326 2.27614 -1.3
      vertex -1.78031 2.09595 -1.3
    endloop
  endfacet
  facet normal 0 -1 0
    outer loop
      vertex -0.148882 -2.74597 -1.3
      vertex 0.148882 -2.74597 2.01
      vertex -0.148882 -2.74597 2.01
    endloop
  endfacet
  facet normal 0 -1 -0
    outer loop
      vertex 0.148882 -2.74597 2.01
      vertex -0.148882 -2.74597 -1.3
      vertex 0.148882 -2.74597 -1.3
    endloop
  endfacet
  facet normal 0.986828 -0.161773 0
    outer loop
      vertex 2.68571 -0.591168 2.01
      vertex 2.73388 -0.297327 -1.3
      vertex 2.73388 -0.297327 2.01
    endloop
  endfacet
  facet normal 0.986828 -0.161773 0
    outer loop
      vertex 2.73388 -0.297327 -1.3
      vertex 2.68571 -0.591168 2.01
      vertex 2.68571 -0.591168 -1.3
    endloop
  endfacet
  facet normal -0.96355 0.267528 0
    outer loop
      vertex -2.68571 0.591168 -1.3
      vertex -2.60605 0.878078 2.01
      vertex -2.60605 0.878078 -1.3
    endloop
  endfacet
  facet normal -0.96355 0.267528 0
    outer loop
      vertex -2.60605 0.878078 2.01
      vertex -2.68571 0.591168 -1.3
      vertex -2.68571 0.591168 2.01
    endloop
  endfacet
  facet normal 0.928968 -0.37016 0
    outer loop
      vertex 2.49583 -1.15469 2.01
      vertex 2.60605 -0.878078 -1.3
      vertex 2.60605 -0.878078 2.01
    endloop
  endfacet
  facet normal 0.928968 -0.37016 0
    outer loop
      vertex 2.60605 -0.878078 -1.3
      vertex 2.49583 -1.15469 2.01
      vertex 2.49583 -1.15469 -1.3
    endloop
  endfacet
  facet normal 0.605151 0.79611 -0
    outer loop
      vertex 1.78031 2.09595 -1.3
      vertex 1.54326 2.27614 2.01
      vertex 1.78031 2.09595 2.01
    endloop
  endfacet
  facet normal 0.605151 0.79611 0
    outer loop
      vertex 1.54326 2.27614 2.01
      vertex 1.78031 2.09595 -1.3
      vertex 1.54326 2.27614 -1.3
    endloop
  endfacet
  facet normal 0.515572 0.856846 -0
    outer loop
      vertex 1.54326 2.27614 -1.3
      vertex 1.28812 2.42966 2.01
      vertex 1.54326 2.27614 2.01
    endloop
  endfacet
  facet normal 0.515572 0.856846 0
    outer loop
      vertex 1.28812 2.42966 2.01
      vertex 1.54326 2.27614 -1.3
      vertex 1.28812 2.42966 -1.3
    endloop
  endfacet
  facet normal -0.687706 -0.72599 0
    outer loop
      vertex -1.99649 -1.89117 -1.3
      vertex -1.78031 -2.09595 2.01
      vertex -1.99649 -1.89117 2.01
    endloop
  endfacet
  facet normal -0.687706 -0.72599 -0
    outer loop
      vertex -1.78031 -2.09595 2.01
      vertex -1.99649 -1.89117 -1.3
      vertex -1.78031 -2.09595 -1.3
    endloop
  endfacet
  facet normal 0.998534 -0.0541369 0
    outer loop
      vertex 2.73388 -0.297327 2.01
      vertex 2.75 0 -1.3
      vertex 2.75 0 2.01
    endloop
  endfacet
  facet normal 0.998534 -0.0541369 0
    outer loop
      vertex 2.75 0 -1.3
      vertex 2.73388 -0.297327 2.01
      vertex 2.73388 -0.297327 -1.3
    endloop
  endfacet
  facet normal -0.96355 -0.267528 0
    outer loop
      vertex -2.60605 -0.878078 -1.3
      vertex -2.68571 -0.591168 2.01
      vertex -2.68571 -0.591168 -1.3
    endloop
  endfacet
  facet normal -0.96355 -0.267528 0
    outer loop
      vertex -2.68571 -0.591168 2.01
      vertex -2.60605 -0.878078 -1.3
      vertex -2.60605 -0.878078 2.01
    endloop
  endfacet
  facet normal 0 1 -0
    outer loop
      vertex 0.148882 2.74597 -1.3
      vertex -0.148882 2.74597 2.01
      vertex 0.148882 2.74597 2.01
    endloop
  endfacet
  facet normal 0 1 0
    outer loop
      vertex -0.148882 2.74597 2.01
      vertex 0.148882 2.74597 -1.3
      vertex -0.148882 2.74597 -1.3
    endloop
  endfacet
  facet normal 0.419899 -0.907571 0
    outer loop
      vertex 1.01788 -2.55469 -1.3
      vertex 1.28812 -2.42966 2.01
      vertex 1.01788 -2.55469 2.01
    endloop
  endfacet
  facet normal 0.419899 -0.907571 0
    outer loop
      vertex 1.28812 -2.42966 2.01
      vertex 1.01788 -2.55469 -1.3
      vertex 1.28812 -2.42966 -1.3
    endloop
  endfacet
  facet normal 0.108139 -0.994136 0
    outer loop
      vertex 0.148882 -2.74597 -1.3
      vertex 0.4449 -2.71377 2.01
      vertex 0.148882 -2.74597 2.01
    endloop
  endfacet
  facet normal 0.108139 -0.994136 0
    outer loop
      vertex 0.4449 -2.71377 2.01
      vertex 0.148882 -2.74597 -1.3
      vertex 0.4449 -2.71377 -1.3
    endloop
  endfacet
  facet normal 0.928968 0.37016 0
    outer loop
      vertex 2.60605 0.878078 2.01
      vertex 2.49583 1.15469 -1.3
      vertex 2.49583 1.15469 2.01
    endloop
  endfacet
  facet normal 0.928968 0.37016 0
    outer loop
      vertex 2.49583 1.15469 -1.3
      vertex 2.60605 0.878078 2.01
      vertex 2.60605 0.878078 -1.3
    endloop
  endfacet
  facet normal -0.928968 -0.37016 0
    outer loop
      vertex -2.49583 -1.15469 -1.3
      vertex -2.60605 -0.878078 2.01
      vertex -2.60605 -0.878078 -1.3
    endloop
  endfacet
  facet normal -0.928968 -0.37016 0
    outer loop
      vertex -2.60605 -0.878078 2.01
      vertex -2.49583 -1.15469 -1.3
      vertex -2.49583 -1.15469 2.01
    endloop
  endfacet
  facet normal 0.883521 -0.468392 0
    outer loop
      vertex 2.35636 -1.41777 2.01
      vertex 2.49583 -1.15469 -1.3
      vertex 2.49583 -1.15469 2.01
    endloop
  endfacet
  facet normal 0.883521 -0.468392 0
    outer loop
      vertex 2.49583 -1.15469 -1.3
      vertex 2.35636 -1.41777 2.01
      vertex 2.35636 -1.41777 -1.3
    endloop
  endfacet
  facet normal -0.515572 -0.856846 0
    outer loop
      vertex -1.54326 -2.27614 -1.3
      vertex -1.28812 -2.42966 2.01
      vertex -1.54326 -2.27614 2.01
    endloop
  endfacet
  facet normal -0.515572 -0.856846 -0
    outer loop
      vertex -1.28812 -2.42966 2.01
      vertex -1.54326 -2.27614 -1.3
      vertex -1.28812 -2.42966 -1.3
    endloop
  endfacet
  facet normal -0.419899 0.907571 0
    outer loop
      vertex -1.01788 2.55469 -1.3
      vertex -1.28812 2.42966 2.01
      vertex -1.01788 2.55469 2.01
    endloop
  endfacet
  facet normal -0.419899 0.907571 0
    outer loop
      vertex -1.28812 2.42966 2.01
      vertex -1.01788 2.55469 -1.3
      vertex -1.28812 2.42966 -1.3
    endloop
  endfacet
  facet normal 0.214969 -0.976621 0
    outer loop
      vertex 0.4449 -2.71377 -1.3
      vertex 0.735703 -2.64976 2.01
      vertex 0.4449 -2.71377 2.01
    endloop
  endfacet
  facet normal 0.214969 -0.976621 0
    outer loop
      vertex 0.735703 -2.64976 2.01
      vertex 0.4449 -2.71377 -1.3
      vertex 0.735703 -2.64976 -1.3
    endloop
  endfacet
  facet normal 0.319282 0.94766 -0
    outer loop
      vertex 1.01788 2.55469 -1.3
      vertex 0.735703 2.64976 2.01
      vertex 1.01788 2.55469 2.01
    endloop
  endfacet
  facet normal 0.319282 0.94766 0
    outer loop
      vertex 0.735703 2.64976 2.01
      vertex 1.01788 2.55469 -1.3
      vertex 0.735703 2.64976 -1.3
    endloop
  endfacet
  facet normal -0.928968 0.37016 0
    outer loop
      vertex -2.60605 0.878078 -1.3
      vertex -2.49583 1.15469 2.01
      vertex -2.49583 1.15469 -1.3
    endloop
  endfacet
  facet normal -0.928968 0.37016 0
    outer loop
      vertex -2.49583 1.15469 2.01
      vertex -2.60605 0.878078 -1.3
      vertex -2.60605 0.878078 2.01
    endloop
  endfacet
  facet normal -0.998534 -0.0541369 0
    outer loop
      vertex -2.73388 -0.297327 -1.3
      vertex -2.75 0 2.01
      vertex -2.75 0 -1.3
    endloop
  endfacet
  facet normal -0.998534 -0.0541369 0
    outer loop
      vertex -2.75 0 2.01
      vertex -2.73388 -0.297327 -1.3
      vertex -2.73388 -0.297327 2.01
    endloop
  endfacet
  facet normal -0.827695 0.561178 0
    outer loop
      vertex -2.35636 1.41777 -1.3
      vertex -2.18926 1.66423 2.01
      vertex -2.18926 1.66423 -1.3
    endloop
  endfacet
  facet normal -0.827695 0.561178 0
    outer loop
      vertex -2.18926 1.66423 2.01
      vertex -2.35636 1.41777 -1.3
      vertex -2.35636 1.41777 2.01
    endloop
  endfacet
  facet normal 0 0 -1
    outer loop
      vertex 2.39999 -1 -1.3
      vertex 2.75 0 -1.3
      vertex 2.73388 -0.297327 -1.3
    endloop
  endfacet
  facet normal 0 0 -1
    outer loop
      vertex 2.39999 -1 -1.3
      vertex 2.73388 -0.297327 -1.3
      vertex 2.68571 -0.591168 -1.3
    endloop
  endfacet
  facet normal 0 0 -1
    outer loop
      vertex 2.39999 1 -1.3
      vertex 2.75 0 -1.3
      vertex 2.39999 -1 -1.3
    endloop
  endfacet
  facet normal 0 0 -1
    outer loop
      vertex 2.39999 -1 -1.3
      vertex 2.68571 -0.591168 -1.3
      vertex 2.60605 -0.878078 -1.3
    endloop
  endfacet
  facet normal 0 0 -1
    outer loop
      vertex 2.75 0 -1.3
      vertex 2.39999 1 -1.3
      vertex 2.73388 0.297327 -1.3
    endloop
  endfacet
  facet normal 0 0 -1
    outer loop
      vertex 2.39999 -1 -1.3
      vertex 2.60605 -0.878078 -1.3
      vertex 2.49583 -1.15469 -1.3
    endloop
  endfacet
  facet normal 0 0 -1
    outer loop
      vertex 2.73388 0.297327 -1.3
      vertex 2.39999 1 -1.3
      vertex 2.68571 0.591168 -1.3
    endloop
  endfacet
  facet normal 0 0 -1
    outer loop
      vertex 2.68571 0.591168 -1.3
      vertex 2.39999 1 -1.3
      vertex 2.60605 0.878078 -1.3
    endloop
  endfacet
  facet normal 0 0 -1
    outer loop
      vertex 2.35636 -1.41777 -1.3
      vertex 2.39999 -1 -1.3
      vertex 2.49583 -1.15469 -1.3
    endloop
  endfacet
  facet normal 0 0 -1
    outer loop
      vertex 2.18926 -1.66423 -1.3
      vertex 2.39999 -1 -1.3
      vertex 2.35636 -1.41777 -1.3
    endloop
  endfacet
  facet normal 0 0 -1
    outer loop
      vertex 1.99649 -1.89117 -1.3
      vertex 2.39999 -1 -1.3
      vertex 2.18926 -1.66423 -1.3
    endloop
  endfacet
  facet normal 0 0 -1
    outer loop
      vertex 0.949997 -2.39999 -1.3
      vertex 1.99649 -1.89117 -1.3
      vertex 1.78031 -2.09595 -1.3
    endloop
  endfacet
  facet normal 0 0 -1
    outer loop
      vertex 0.949997 -2.39999 -1.3
      vertex 1.78031 -2.09595 -1.3
      vertex 1.54326 -2.27614 -1.3
    endloop
  endfacet
  facet normal 0 0 -1
    outer loop
      vertex 0.949997 -2.39999 -1.3
      vertex 1.54326 -2.27614 -1.3
      vertex 1.28812 -2.42966 -1.3
    endloop
  endfacet
  facet normal 0 0 -1
    outer loop
      vertex 0.949997 -2.39999 -1.3
      vertex 1.28812 -2.42966 -1.3
      vertex 1.01788 -2.55469 -1.3
    endloop
  endfacet
  facet normal -0 0 -1
    outer loop
      vertex 1.99649 -1.89117 -1.3
      vertex 0.949997 -2.39999 -1.3
      vertex 2.39999 -1 -1.3
    endloop
  endfacet
  facet normal 0 0 -1
    outer loop
      vertex 0.735703 -2.64976 -1.3
      vertex 0.949997 -2.39999 -1.3
      vertex 1.01788 -2.55469 -1.3
    endloop
  endfacet
  facet normal 0 0 -1
    outer loop
      vertex 0.4449 -2.71377 -1.3
      vertex 0.949997 -2.39999 -1.3
      vertex 0.735703 -2.64976 -1.3
    endloop
  endfacet
  facet normal 0 0 -1
    outer loop
      vertex 0.148882 -2.74597 -1.3
      vertex 0.949997 -2.39999 -1.3
      vertex 0.4449 -2.71377 -1.3
    endloop
  endfacet
  facet normal 0 0 -1
    outer loop
      vertex -0.148882 -2.74597 -1.3
      vertex 0.949997 -2.39999 -1.3
      vertex 0.148882 -2.74597 -1.3
    endloop
  endfacet
  facet normal 0 0 -1
    outer loop
      vertex -0.949997 -2.39999 -1.3
      vertex -0.148882 -2.74597 -1.3
      vertex -0.4449 -2.71377 -1.3
    endloop
  endfacet
  facet normal 0 0 -1
    outer loop
      vertex -0.949997 -2.39999 -1.3
      vertex -0.4449 -2.71377 -1.3
      vertex -0.735703 -2.64976 -1.3
    endloop
  endfacet
  facet normal 0 0 -1
    outer loop
      vertex -0.148882 -2.74597 -1.3
      vertex -0.949997 -2.39999 -1.3
      vertex 0.949997 -2.39999 -1.3
    endloop
  endfacet
  facet normal 0 0 -1
    outer loop
      vertex -1.01788 -2.55469 -1.3
      vertex -0.949997 -2.39999 -1.3
      vertex -0.735703 -2.64976 -1.3
    endloop
  endfacet
  facet normal 0 0 -1
    outer loop
      vertex -1.28812 -2.42966 -1.3
      vertex -0.949997 -2.39999 -1.3
      vertex -1.01788 -2.55469 -1.3
    endloop
  endfacet
  facet normal 0 0 -1
    outer loop
      vertex -1.54326 -2.27614 -1.3
      vertex -0.949997 -2.39999 -1.3
      vertex -1.28812 -2.42966 -1.3
    endloop
  endfacet
  facet normal 0 0 -1
    outer loop
      vertex -1.78031 -2.09595 -1.3
      vertex -0.949997 -2.39999 -1.3
      vertex -1.54326 -2.27614 -1.3
    endloop
  endfacet
  facet normal 0 0 -1
    outer loop
      vertex -1.99649 -1.89117 -1.3
      vertex -0.949997 -2.39999 -1.3
      vertex -1.78031 -2.09595 -1.3
    endloop
  endfacet
  facet normal 0 0 -1
    outer loop
      vertex -2.39999 -1 -1.3
      vertex -1.99649 -1.89117 -1.3
      vertex -2.18926 -1.66423 -1.3
    endloop
  endfacet
  facet normal 0 0 -1
    outer loop
      vertex -2.39999 -1 -1.3
      vertex -2.18926 -1.66423 -1.3
      vertex -2.35636 -1.41777 -1.3
    endloop
  endfacet
  facet normal 0 0 -1
    outer loop
      vertex -1.99649 -1.89117 -1.3
      vertex -2.39999 -1 -1.3
      vertex -0.949997 -2.39999 -1.3
    endloop
  endfacet
  facet normal 0 0 -1
    outer loop
      vertex -2.60605 -0.878078 -1.3
      vertex -2.39999 -1 -1.3
      vertex -2.49583 -1.15469 -1.3
    endloop
  endfacet
  facet normal 0 0 -1
    outer loop
      vertex -2.49583 -1.15469 -1.3
      vertex -2.39999 -1 -1.3
      vertex -2.35636 -1.41777 -1.3
    endloop
  endfacet
  facet normal 0 0 -1
    outer loop
      vertex 2.60605 0.878078 -1.3
      vertex 2.39999 1 -1.3
      vertex 2.49583 1.15469 -1.3
    endloop
  endfacet
  facet normal 0 0 -1
    outer loop
      vertex 2.39999 1 -1.3
      vertex 2.35636 1.41777 -1.3
      vertex 2.49583 1.15469 -1.3
    endloop
  endfacet
  facet normal 0 0 -1
    outer loop
      vertex 2.39999 1 -1.3
      vertex 2.18926 1.66423 -1.3
      vertex 2.35636 1.41777 -1.3
    endloop
  endfacet
  facet normal 0 0 -1
    outer loop
      vertex 2.39999 1 -1.3
      vertex 1.99649 1.89117 -1.3
      vertex 2.18926 1.66423 -1.3
    endloop
  endfacet
  facet normal 0 0 -1
    outer loop
      vertex 0.949997 2.39999 -1.3
      vertex 1.99649 1.89117 -1.3
      vertex 2.39999 1 -1.3
    endloop
  endfacet
  facet normal 0 0 -1
    outer loop
      vertex 1.99649 1.89117 -1.3
      vertex 0.949997 2.39999 -1.3
      vertex 1.78031 2.09595 -1.3
    endloop
  endfacet
  facet normal 0 0 -1
    outer loop
      vertex 1.78031 2.09595 -1.3
      vertex 0.949997 2.39999 -1.3
      vertex 1.54326 2.27614 -1.3
    endloop
  endfacet
  facet normal 0 0 -1
    outer loop
      vertex 1.54326 2.27614 -1.3
      vertex 0.949997 2.39999 -1.3
      vertex 1.28812 2.42966 -1.3
    endloop
  endfacet
  facet normal -0 0 -1
    outer loop
      vertex 1.28812 2.42966 -1.3
      vertex 0.949997 2.39999 -1.3
      vertex 1.01788 2.55469 -1.3
    endloop
  endfacet
  facet normal 0 0 -1
    outer loop
      vertex 0.949997 2.39999 -1.3
      vertex 0.735703 2.64976 -1.3
      vertex 1.01788 2.55469 -1.3
    endloop
  endfacet
  facet normal 0 0 -1
    outer loop
      vertex 0.949997 2.39999 -1.3
      vertex 0.4449 2.71377 -1.3
      vertex 0.735703 2.64976 -1.3
    endloop
  endfacet
  facet normal 0 0 -1
    outer loop
      vertex 0.949997 2.39999 -1.3
      vertex 0.148882 2.74597 -1.3
      vertex 0.4449 2.71377 -1.3
    endloop
  endfacet
  facet normal 0 0 -1
    outer loop
      vertex 0.949997 2.39999 -1.3
      vertex -0.148882 2.74597 -1.3
      vertex 0.148882 2.74597 -1.3
    endloop
  endfacet
  facet normal 0 0 -1
    outer loop
      vertex -0.949997 2.39999 -1.3
      vertex -0.148882 2.74597 -1.3
      vertex 0.949997 2.39999 -1.3
    endloop
  endfacet
  facet normal 0 0 -1
    outer loop
      vertex -0.148882 2.74597 -1.3
      vertex -0.949997 2.39999 -1.3
      vertex -0.4449 2.71377 -1.3
    endloop
  endfacet
  facet normal 0 0 -1
    outer loop
      vertex -0.4449 2.71377 -1.3
      vertex -0.949997 2.39999 -1.3
      vertex -0.735703 2.64976 -1.3
    endloop
  endfacet
  facet normal 0 0 -1
    outer loop
      vertex -0.949997 2.39999 -1.3
      vertex -1.01788 2.55469 -1.3
      vertex -0.735703 2.64976 -1.3
    endloop
  endfacet
  facet normal 0 0 -1
    outer loop
      vertex -0.949997 2.39999 -1.3
      vertex -1.28812 2.42966 -1.3
      vertex -1.01788 2.55469 -1.3
    endloop
  endfacet
  facet normal -0 0 -1
    outer loop
      vertex -0.949997 2.39999 -1.3
      vertex -1.54326 2.27614 -1.3
      vertex -1.28812 2.42966 -1.3
    endloop
  endfacet
  facet normal 0 0 -1
    outer loop
      vertex -0.949997 2.39999 -1.3
      vertex -1.78031 2.09595 -1.3
      vertex -1.54326 2.27614 -1.3
    endloop
  endfacet
  facet normal 0 0 -1
    outer loop
      vertex -0.949997 2.39999 -1.3
      vertex -1.99649 1.89117 -1.3
      vertex -1.78031 2.09595 -1.3
    endloop
  endfacet
  facet normal 0 0 -1
    outer loop
      vertex -2.39999 1 -1.3
      vertex -1.99649 1.89117 -1.3
      vertex -0.949997 2.39999 -1.3
    endloop
  endfacet
  facet normal 0 0 -1
    outer loop
      vertex -1.99649 1.89117 -1.3
      vertex -2.39999 1 -1.3
      vertex -2.18926 1.66423 -1.3
    endloop
  endfacet
  facet normal 0 0 -1
    outer loop
      vertex -2.18926 1.66423 -1.3
      vertex -2.39999 1 -1.3
      vertex -2.35636 1.41777 -1.3
    endloop
  endfacet
  facet normal 0 0 -1
    outer loop
      vertex -2.39999 1 -1.3
      vertex -2.49583 1.15469 -1.3
      vertex -2.35636 1.41777 -1.3
    endloop
  endfacet
  facet normal 0 0 -1
    outer loop
      vertex -2.68571 -0.591168 -1.3
      vertex -2.39999 -1 -1.3
      vertex -2.60605 -0.878078 -1.3
    endloop
  endfacet
  facet normal 0 0 -1
    outer loop
      vertex -2.73388 -0.297327 -1.3
      vertex -2.39999 -1 -1.3
      vertex -2.68571 -0.591168 -1.3
    endloop
  endfacet
  facet normal -0 0 -1
    outer loop
      vertex -2.39999 1 -1.3
      vertex -2.60605 0.878078 -1.3
      vertex -2.49583 1.15469 -1.3
    endloop
  endfacet
  facet normal 0 0 -1
    outer loop
      vertex -2.75 0 -1.3
      vertex -2.39999 -1 -1.3
      vertex -2.73388 -0.297327 -1.3
    endloop
  endfacet
  facet normal 0 0 -1
    outer loop
      vertex -2.39999 1 -1.3
      vertex -2.68571 0.591168 -1.3
      vertex -2.60605 0.878078 -1.3
    endloop
  endfacet
  facet normal 0 0 -1
    outer loop
      vertex -2.39999 -1 -1.3
      vertex -2.75 0 -1.3
      vertex -2.39999 1 -1.3
    endloop
  endfacet
  facet normal 0 0 -1
    outer loop
      vertex -2.39999 1 -1.3
      vertex -2.73388 0.297327 -1.3
      vertex -2.68571 0.591168 -1.3
    endloop
  endfacet
  facet normal 0 0 -1
    outer loop
      vertex -2.39999 1 -1.3
      vertex -2.75 0 -1.3
      vertex -2.73388 0.297327 -1.3
    endloop
  endfacet
  facet normal 0.605151 -0.79611 0
    outer loop
      vertex 1.54326 -2.27614 -1.3
      vertex 1.78031 -2.09595 2.01
      vertex 1.54326 -2.27614 2.01
    endloop
  endfacet
  facet normal 0.605151 -0.79611 0
    outer loop
      vertex 1.78031 -2.09595 2.01
      vertex 1.54326 -2.27614 -1.3
      vertex 1.78031 -2.09595 -1.3
    endloop
  endfacet
  facet normal -0.108139 -0.994136 0
    outer loop
      vertex -0.4449 -2.71377 -1.3
      vertex -0.148882 -2.74597 2.01
      vertex -0.4449 -2.71377 2.01
    endloop
  endfacet
  facet normal -0.108139 -0.994136 -0
    outer loop
      vertex -0.148882 -2.74597 2.01
      vertex -0.4449 -2.71377 -1.3
      vertex -0.148882 -2.74597 -1.3
    endloop
  endfacet
  facet normal 0.762153 -0.647397 0
    outer loop
      vertex 1.99649 -1.89117 2.01
      vertex 2.18926 -1.66423 -1.3
      vertex 2.18926 -1.66423 2.01
    endloop
  endfacet
  facet normal 0.762153 -0.647397 0
    outer loop
      vertex 2.18926 -1.66423 -1.3
      vertex 1.99649 -1.89117 2.01
      vertex 1.99649 -1.89117 -1.3
    endloop
  endfacet
  facet normal 0.762153 0.647397 0
    outer loop
      vertex 2.18926 1.66423 2.01
      vertex 1.99649 1.89117 -1.3
      vertex 1.99649 1.89117 2.01
    endloop
  endfacet
  facet normal 0.762153 0.647397 0
    outer loop
      vertex 1.99649 1.89117 -1.3
      vertex 2.18926 1.66423 2.01
      vertex 2.18926 1.66423 -1.3
    endloop
  endfacet
  facet normal -0.986828 -0.161773 0
    outer loop
      vertex -2.68571 -0.591168 -1.3
      vertex -2.73388 -0.297327 2.01
      vertex -2.73388 -0.297327 -1.3
    endloop
  endfacet
  facet normal -0.986828 -0.161773 0
    outer loop
      vertex -2.73388 -0.297327 2.01
      vertex -2.68571 -0.591168 -1.3
      vertex -2.68571 -0.591168 2.01
    endloop
  endfacet
  facet normal 0.319282 -0.94766 0
    outer loop
      vertex 0.735703 -2.64976 -1.3
      vertex 1.01788 -2.55469 2.01
      vertex 0.735703 -2.64976 2.01
    endloop
  endfacet
  facet normal 0.319282 -0.94766 0
    outer loop
      vertex 1.01788 -2.55469 2.01
      vertex 0.735703 -2.64976 -1.3
      vertex 1.01788 -2.55469 -1.3
    endloop
  endfacet
  facet normal -0.883521 -0.468392 0
    outer loop
      vertex -2.35636 -1.41777 -1.3
      vertex -2.49583 -1.15469 2.01
      vertex -2.49583 -1.15469 -1.3
    endloop
  endfacet
  facet normal -0.883521 -0.468392 0
    outer loop
      vertex -2.49583 -1.15469 2.01
      vertex -2.35636 -1.41777 -1.3
      vertex -2.35636 -1.41777 2.01
    endloop
  endfacet
  facet normal -0.214969 -0.976621 0
    outer loop
      vertex -0.735703 -2.64976 -1.3
      vertex -0.4449 -2.71377 2.01
      vertex -0.735703 -2.64976 2.01
    endloop
  endfacet
  facet normal -0.214969 -0.976621 -0
    outer loop
      vertex -0.4449 -2.71377 2.01
      vertex -0.735703 -2.64976 -1.3
      vertex -0.4449 -2.71377 -1.3
    endloop
  endfacet
  facet normal -0.605151 -0.79611 0
    outer loop
      vertex -1.78031 -2.09595 -1.3
      vertex -1.54326 -2.27614 2.01
      vertex -1.78031 -2.09595 2.01
    endloop
  endfacet
  facet normal -0.605151 -0.79611 -0
    outer loop
      vertex -1.54326 -2.27614 2.01
      vertex -1.78031 -2.09595 -1.3
      vertex -1.54326 -2.27614 -1.3
    endloop
  endfacet
  facet normal -0.419899 -0.907571 0
    outer loop
      vertex -1.28812 -2.42966 -1.3
      vertex -1.01788 -2.55469 2.01
      vertex -1.28812 -2.42966 2.01
    endloop
  endfacet
  facet normal -0.419899 -0.907571 -0
    outer loop
      vertex -1.01788 -2.55469 2.01
      vertex -1.28812 -2.42966 -1.3
      vertex -1.01788 -2.55469 -1.3
    endloop
  endfacet
  facet normal 0 1 -0
    outer loop
      vertex 2.04999 -0.649994 -0.79
      vertex 0.599991 -0.649994 2.01
      vertex 2.04999 -0.649994 2.01
    endloop
  endfacet
  facet normal 0 1 0
    outer loop
      vertex 0.599991 -0.649994 2.01
      vertex 2.04999 -0.649994 -0.79
      vertex 0.599991 -0.649994 -0.79
    endloop
  endfacet
  facet normal -1 0 0
    outer loop
      vertex 2.04999 -0.649994 -0.79
      vertex 2.04999 0.649994 2.01
      vertex 2.04999 0.649994 -0.79
    endloop
  endfacet
  facet normal -1 -0 0
    outer loop
      vertex 2.04999 0.649994 2.01
      vertex 2.04999 -0.649994 -0.79
      vertex 2.04999 -0.649994 2.01
    endloop
  endfacet
  facet normal 0 -1 0
    outer loop
      vertex 0.599991 0.649994 -0.79
      vertex 2.04999 0.649994 2.01
      vertex 0.599991 0.649994 2.01
    endloop
  endfacet
  facet normal 0 -1 -0
    outer loop
      vertex 2.04999 0.649994 2.01
      vertex 0.599991 0.649994 -0.79
      vertex 2.04999 0.649994 -0.79
    endloop
  endfacet
  facet normal -1 0 0
    outer loop
      vertex 0.599991 0.649994 -0.79
      vertex 0.599991 2.04999 2.01
      vertex 0.599991 2.04999 -0.79
    endloop
  endfacet
  facet normal -1 -0 0
    outer loop
      vertex 0.599991 2.04999 2.01
      vertex 0.599991 0.649994 -0.79
      vertex 0.599991 0.649994 2.01
    endloop
  endfacet
  facet normal 0 -1 0
    outer loop
      vertex -0.599991 2.04999 -0.79
      vertex 0.599991 2.04999 2.01
      vertex -0.599991 2.04999 2.01
    endloop
  endfacet
  facet normal 0 -1 -0
    outer loop
      vertex 0.599991 2.04999 2.01
      vertex -0.599991 2.04999 -0.79
      vertex 0.599991 2.04999 -0.79
    endloop
  endfacet
  facet normal 1 -0 0
    outer loop
      vertex -0.599991 0.649994 2.01
      vertex -0.599991 2.04999 -0.79
      vertex -0.599991 2.04999 2.01
    endloop
  endfacet
  facet normal 1 0 0
    outer loop
      vertex -0.599991 2.04999 -0.79
      vertex -0.599991 0.649994 2.01
      vertex -0.599991 0.649994 -0.79
    endloop
  endfacet
  facet normal 0 -1 0
    outer loop
      vertex -2.04999 0.649994 -0.79
      vertex -0.599991 0.649994 2.01
      vertex -2.04999 0.649994 2.01
    endloop
  endfacet
  facet normal 0 -1 -0
    outer loop
      vertex -0.599991 0.649994 2.01
      vertex -2.04999 0.649994 -0.79
      vertex -0.599991 0.649994 -0.79
    endloop
  endfacet
  facet normal 1 -0 0
    outer loop
      vertex -2.04999 -0.649994 2.01
      vertex -2.04999 0.649994 -0.79
      vertex -2.04999 0.649994 2.01
    endloop
  endfacet
  facet normal 1 0 0
    outer loop
      vertex -2.04999 0.649994 -0.79
      vertex -2.04999 -0.649994 2.01
      vertex -2.04999 -0.649994 -0.79
    endloop
  endfacet
  facet normal 0 1 -0
    outer loop
      vertex -0.599991 -0.649994 -0.79
      vertex -2.04999 -0.649994 2.01
      vertex -0.599991 -0.649994 2.01
    endloop
  endfacet
  facet normal 0 1 0
    outer loop
      vertex -2.04999 -0.649994 2.01
      vertex -0.599991 -0.649994 -0.79
      vertex -2.04999 -0.649994 -0.79
    endloop
  endfacet
  facet normal 1 -0 0
    outer loop
      vertex -0.599991 -2.04999 2.01
      vertex -0.599991 -0.649994 -0.79
      vertex -0.599991 -0.649994 2.01
    endloop
  endfacet
  facet normal 1 0 0
    outer loop
      vertex -0.599991 -0.649994 -0.79
      vertex -0.599991 -2.04999 2.01
      vertex -0.599991 -2.04999 -0.79
    endloop
  endfacet
  facet normal 0 1 -0
    outer loop
      vertex 0.599991 -2.04999 -0.79
      vertex -0.599991 -2.04999 2.01
      vertex 0.599991 -2.04999 2.01
    endloop
  endfacet
  facet normal 0 1 0
    outer loop
      vertex -0.599991 -2.04999 2.01
      vertex 0.599991 -2.04999 -0.79
      vertex -0.599991 -2.04999 -0.79
    endloop
  endfacet
  facet normal -1 0 0
    outer loop
      vertex 0.599991 -2.04999 -0.79
      vertex 0.599991 -0.649994 2.01
      vertex 0.599991 -0.649994 -0.79
    endloop
  endfacet
  facet normal -1 -0 0
    outer loop
      vertex 0.599991 -0.649994 2.01
      vertex 0.599991 -2.04999 -0.79
      vertex 0.599991 -2.04999 2.01
    endloop
  endfacet
  facet normal 0.824513 0 -0.565842
    outer loop
      vertex -2.04999 -0.649994 -0.79
      vertex -2.39999 1 -1.3
      vertex -2.04999 0.649994 -0.79
    endloop
  endfacet
  facet normal 0.824513 0 -0.565842
    outer loop
      vertex -2.39999 1 -1.3
      vertex -2.04999 -0.649994 -0.79
      vertex -2.39999 -1 -1.3
    endloop
  endfacet
  facet normal -0.824513 0 -0.565842
    outer loop
      vertex 2.39999 1 -1.3
      vertex 2.04999 -0.649994 -0.79
      vertex 2.04999 0.649994 -0.79
    endloop
  endfacet
  facet normal -0.824513 0 -0.565842
    outer loop
      vertex 2.04999 -0.649994 -0.79
      vertex 2.39999 1 -1.3
      vertex 2.39999 -1 -1.3
    endloop
  endfacet
  facet normal 0 -0.824513 -0.565842
    outer loop
      vertex -0.949997 2.39999 -1.3
      vertex 0.599991 2.04999 -0.79
      vertex -0.599991 2.04999 -0.79
    endloop
  endfacet
  facet normal 0 -0.824513 -0.565842
    outer loop
      vertex 0.599991 2.04999 -0.79
      vertex -0.949997 2.39999 -1.3
      vertex 0.949997 2.39999 -1.3
    endloop
  endfacet
  facet normal 0.498475 -0.516278 -0.696405
    outer loop
      vertex -2.04999 0.649994 -0.79
      vertex -0.949997 2.39999 -1.3
      vertex -0.599991 2.04999 -0.79
    endloop
  endfacet
  facet normal 0.498474 -0.516278 -0.696405
    outer loop
      vertex -0.949997 2.39999 -1.3
      vertex -2.04999 0.649994 -0.79
      vertex -2.39999 1 -1.3
    endloop
  endfacet
  facet normal -0.498474 -0.516278 -0.696405
    outer loop
      vertex 2.04999 0.649994 -0.79
      vertex 0.949997 2.39999 -1.3
      vertex 2.39999 1 -1.3
    endloop
  endfacet
  facet normal -0.498475 -0.516278 -0.696405
    outer loop
      vertex 0.949997 2.39999 -1.3
      vertex 2.04999 0.649994 -0.79
      vertex 0.599991 2.04999 -0.79
    endloop
  endfacet
  facet normal 0.498475 0.516278 -0.696405
    outer loop
      vertex -0.949997 -2.39999 -1.3
      vertex -2.04999 -0.649994 -0.79
      vertex -0.599991 -2.04999 -0.79
    endloop
  endfacet
  facet normal 0.498474 0.516278 -0.696405
    outer loop
      vertex -2.04999 -0.649994 -0.79
      vertex -0.949997 -2.39999 -1.3
      vertex -2.39999 -1 -1.3
    endloop
  endfacet
  facet normal -0.498474 0.516278 -0.696405
    outer loop
      vertex 0.949997 -2.39999 -1.3
      vertex 2.04999 -0.649994 -0.79
      vertex 2.39999 -1 -1.3
    endloop
  endfacet
  facet normal -0.498475 0.516278 -0.696405
    outer loop
      vertex 2.04999 -0.649994 -0.79
      vertex 0.949997 -2.39999 -1.3
      vertex 0.599991 -2.04999 -0.79
    endloop
  endfacet
  facet normal 0 0.824513 -0.565842
    outer loop
      vertex 0.949997 -2.39999 -1.3
      vertex -0.599991 -2.04999 -0.79
      vertex 0.599991 -2.04999 -0.79
    endloop
  endfacet
  facet normal 0 0.824513 -0.565842
    outer loop
      vertex -0.599991 -2.04999 -0.79
      vertex 0.949997 -2.39999 -1.3
      vertex -0.949997 -2.39999 -1.3
    endloop
  endfacet
  facet normal 0 -0 -1
    outer loop
      vertex -0.599991 2.04999 -0.79
      vertex -0.599991 0.649994 -0.79
      vertex -2.04999 0.649994 -0.79
    endloop
  endfacet
  facet normal -0 -0 -1
    outer loop
      vertex -0.599991 -0.649994 -0.79
      vertex -0.599991 -2.04999 -0.79
      vertex -2.04999 -0.649994 -0.79
    endloop
  endfacet
  facet normal 0 0 -1
    outer loop
      vertex 0.599991 2.04999 -0.79
      vertex 2.04999 0.649994 -0.79
      vertex 0.599991 0.649994 -0.79
    endloop
  endfacet
  facet normal 0 0 -1
    outer loop
      vertex 0.599991 -0.649994 -0.79
      vertex 2.04999 -0.649994 -0.79
      vertex 0.599991 -2.04999 -0.79
    endloop
  endfacet
  facet normal -0.951057 -0.309015 0
    outer loop
      vertex -2.51596 -2.56861 3.66826
      vertex -2.59999 -2.30999 3.93269
      vertex -2.59999 -2.30999 3.6365
    endloop
  endfacet
  facet normal -0.951057 -0.309015 0
    outer loop
      vertex -2.59999 -2.30999 3.93269
      vertex -2.51596 -2.56861 3.66826
      vertex -2.51596 -2.56861 3.93269
    endloop
  endfacet
  facet normal 0.309015 -0.951057 0
    outer loop
      vertex 2.15999 -2.75 3.69053
      vertex 2.41861 -2.66597 3.93269
      vertex 2.15999 -2.75 3.93269
    endloop
  endfacet
  facet normal 0.309015 -0.951057 0
    outer loop
      vertex 2.41861 -2.66597 3.93269
      vertex 2.15999 -2.75 3.69053
      vertex 2.41861 -2.66597 3.68021
    endloop
  endfacet
  facet normal -0.891009 0.453985 0
    outer loop
      vertex -2.49837 -2.09057 3.60956
      vertex -2.41861 -1.93403 3.93269
      vertex -2.41861 -1.93403 3.59587
    endloop
  endfacet
  facet normal -0.890997 0.454009 0
    outer loop
      vertex -2.59999 -2.29 3.93269
      vertex -2.49837 -2.09057 3.60956
      vertex -2.59999 -2.29 3.63405
    endloop
  endfacet
  facet normal -0.891002 0.453999 -8.19547e-06
    outer loop
      vertex -2.49837 -2.09057 3.60956
      vertex -2.59999 -2.29 3.93269
      vertex -2.41861 -1.93403 3.93269
    endloop
  endfacet
  facet normal 0.951066 0.308988 0
    outer loop
      vertex 2.51596 -2.03138 3.93269
      vertex 2.53519 -2.09057 3.60956
      vertex 2.51596 -2.03138 3.60438
    endloop
  endfacet
  facet normal 0.951057 0.309015 -5.38419e-06
    outer loop
      vertex 2.59999 -2.29 3.93269
      vertex 2.53519 -2.09057 3.60956
      vertex 2.51596 -2.03138 3.93269
    endloop
  endfacet
  facet normal 0.951055 0.309022 0
    outer loop
      vertex 2.53519 -2.09057 3.60956
      vertex 2.59999 -2.29 3.93269
      vertex 2.59999 -2.29 3.63405
    endloop
  endfacet
  facet normal 0 1 -0
    outer loop
      vertex 2.15999 -1.85 3.58852
      vertex -2.15999 -1.85 3.93269
      vertex 2.15999 -1.85 3.93269
    endloop
  endfacet
  facet normal 0 1 0
    outer loop
      vertex -2.15999 -1.85 3.93269
      vertex 2.15999 -1.85 3.58852
      vertex -2.15999 -1.85 3.58852
    endloop
  endfacet
  facet normal 0 0 1
    outer loop
      vertex 2.15999 -1.85 3.93269
      vertex 2.59999 -2.29 3.93269
      vertex 2.51596 -2.03138 3.93269
    endloop
  endfacet
  facet normal 0 0 1
    outer loop
      vertex 2.59999 -2.29 3.93269
      vertex 2.15999 -1.85 3.93269
      vertex 2.59999 -2.30999 3.93269
    endloop
  endfacet
  facet normal 0 0 1
    outer loop
      vertex 2.15999 -2.75 3.93269
      vertex 2.59999 -2.30999 3.93269
      vertex 2.15999 -1.85 3.93269
    endloop
  endfacet
  facet normal 0 0 1
    outer loop
      vertex 2.59999 -2.30999 3.93269
      vertex 2.15999 -2.75 3.93269
      vertex 2.41861 -2.66597 3.93269
    endloop
  endfacet
  facet normal -0 0 1
    outer loop
      vertex -2.15999 -1.85 3.93269
      vertex 2.15999 -2.75 3.93269
      vertex 2.15999 -1.85 3.93269
    endloop
  endfacet
  facet normal 0 0 1
    outer loop
      vertex -2.15999 -1.85 3.93269
      vertex -2.15999 -2.75 3.93269
      vertex 2.15999 -2.75 3.93269
    endloop
  endfacet
  facet normal 0 0 1
    outer loop
      vertex -2.59999 -2.29 3.93269
      vertex -2.15999 -1.85 3.93269
      vertex -2.41861 -1.93403 3.93269
    endloop
  endfacet
  facet normal 0 0 1
    outer loop
      vertex -2.15999 -1.85 3.93269
      vertex -2.59999 -2.29 3.93269
      vertex -2.15999 -2.75 3.93269
    endloop
  endfacet
  facet normal -0 0 1
    outer loop
      vertex -2.59999 -2.30999 3.93269
      vertex -2.15999 -2.75 3.93269
      vertex -2.59999 -2.29 3.93269
    endloop
  endfacet
  facet normal 0 0 1
    outer loop
      vertex -2.15999 -2.75 3.93269
      vertex -2.59999 -2.30999 3.93269
      vertex -2.51596 -2.56861 3.93269
    endloop
  endfacet
  facet normal -0.309015 0.951057 0
    outer loop
      vertex -2.15999 -1.85 3.93269
      vertex -2.41861 -1.93403 3.59587
      vertex -2.41861 -1.93403 3.93269
    endloop
  endfacet
  facet normal -0.309015 0.951057 0
    outer loop
      vertex -2.41861 -1.93403 3.59587
      vertex -2.15999 -1.85 3.93269
      vertex -2.15999 -1.85 3.58852
    endloop
  endfacet
  facet normal -1 0 0
    outer loop
      vertex -2.59999 -2.30999 3.6365
      vertex -2.59999 -2.29 3.93269
      vertex -2.59999 -2.29 3.63405
    endloop
  endfacet
  facet normal -1 -0 0
    outer loop
      vertex -2.59999 -2.29 3.93269
      vertex -2.59999 -2.30999 3.6365
      vertex -2.59999 -2.30999 3.93269
    endloop
  endfacet
  facet normal 0.453999 0.891002 -0
    outer loop
      vertex 2.51596 -2.03138 3.60438
      vertex 2.15999 -1.85 3.93269
      vertex 2.51596 -2.03138 3.93269
    endloop
  endfacet
  facet normal 0.453999 0.891002 0
    outer loop
      vertex 2.15999 -1.85 3.93269
      vertex 2.51596 -2.03138 3.60438
      vertex 2.15999 -1.85 3.58852
    endloop
  endfacet
  facet normal 0 -1 0
    outer loop
      vertex -2.15999 -2.75 3.69053
      vertex 2.15999 -2.75 3.93269
      vertex -2.15999 -2.75 3.93269
    endloop
  endfacet
  facet normal 0 -1 -0
    outer loop
      vertex 2.15999 -2.75 3.93269
      vertex -2.15999 -2.75 3.69053
      vertex 2.15999 -2.75 3.69053
    endloop
  endfacet
  facet normal -0.454019 -0.890992 0
    outer loop
      vertex -2.51596 -2.56861 3.93269
      vertex -2.15999 -2.75 3.69053
      vertex -2.15999 -2.75 3.93269
    endloop
  endfacet
  facet normal -0.454019 -0.890992 0
    outer loop
      vertex -2.15999 -2.75 3.69053
      vertex -2.51596 -2.56861 3.93269
      vertex -2.51596 -2.56861 3.66826
    endloop
  endfacet
  facet normal 0.891007 -0.453989 0
    outer loop
      vertex 2.41861 -2.66597 3.68021
      vertex 2.59999 -2.30999 3.93269
      vertex 2.41861 -2.66597 3.93269
    endloop
  endfacet
  facet normal 0.891007 -0.453989 0
    outer loop
      vertex 2.59999 -2.30999 3.93269
      vertex 2.41861 -2.66597 3.68021
      vertex 2.59999 -2.30999 3.6365
    endloop
  endfacet
  facet normal 1 0 0
    outer loop
      vertex 2.59999 -2.30999 3.6365
      vertex 2.59999 -2.29 3.93269
      vertex 2.59999 -2.30999 3.93269
    endloop
  endfacet
  facet normal 1 0 0
    outer loop
      vertex 2.59999 -2.29 3.93269
      vertex 2.59999 -2.30999 3.6365
      vertex 2.59999 -2.29 3.63405
    endloop
  endfacet
endsolid OpenSCAD_Model
