solid OpenSCAD_Model
  facet normal -0.697561 0.697561 0.163759
    outer loop
      vertex -7.63699 8.24998 0.00999928
      vertex -8.74998 7.13699 0.00999928
      vertex -6.88699 7.48471 6.46455
    endloop
  endfacet
  facet normal 0.500004 -0.615196 0.609533
    outer loop
      vertex 7.99998 -6.19129 4.05311
      vertex 6.7 -5.88675 5.42686
      vertex 6.88699 -7.28737 3.85984
    endloop
  endfacet
  facet normal -0.707107 0.707107 0
    outer loop
      vertex -8.74998 7.13699 0
      vertex -7.63699 8.24998 0.00999928
      vertex -7.63699 8.24998 0
    endloop
  endfacet
  facet normal -0.707107 0.707107 0
    outer loop
      vertex -7.63699 8.24998 0.00999928
      vertex -8.74998 7.13699 0
      vertex -8.74998 7.13699 0.00999928
    endloop
  endfacet
  facet normal -0.442749 0.882947 0.156131
    outer loop
      vertex -6.88699 7.48645 6.45471
      vertex -7.63699 8.24998 0.00999928
      vertex -6.88699 7.48471 6.46455
    endloop
  endfacet
  facet normal -0.707107 -0.707107 0
    outer loop
      vertex -7.63699 -8.24998 0
      vertex -8.74998 -7.13699 0.00999928
      vertex -8.74998 -7.13699 0
    endloop
  endfacet
  facet normal -0.707107 -0.707107 0
    outer loop
      vertex -8.74998 -7.13699 0.00999928
      vertex -7.63699 -8.24998 0
      vertex -7.63699 -8.24998 0.00999928
    endloop
  endfacet
  facet normal -0.992902 0 0.118933
    outer loop
      vertex -8.74998 7.13699 0.00999928
      vertex -8.74998 -7.13699 0.00999928
      vertex -7.99998 6.38863 6.27129
    endloop
  endfacet
  facet normal 0.500001 0.369623 0.783185
    outer loop
      vertex 7.99998 6.38863 6.27129
      vertex 6.34853 5.97873 7.51906
      vertex 6.7 5.6326 7.45803
    endloop
  endfacet
  facet normal -1 0 0
    outer loop
      vertex -8.74998 -7.13699 0
      vertex -8.74998 7.13699 0.00999928
      vertex -8.74998 7.13699 0
    endloop
  endfacet
  facet normal -1 -0 0
    outer loop
      vertex -8.74998 7.13699 0.00999928
      vertex -8.74998 -7.13699 0
      vertex -8.74998 -7.13699 0.00999928
    endloop
  endfacet
  facet normal -0.500007 -0.615194 0.609532
    outer loop
      vertex -6.7 -5.88675 5.42686
      vertex -6.88699 -7.28737 3.85984
      vertex -6.34853 -6.23288 5.36583
    endloop
  endfacet
  facet normal 0.706394 0.687877 0.166831
    outer loop
      vertex 8.74998 7.13699 0.00999928
      vertex 6.88699 7.48471 6.46455
      vertex 7.99998 6.38863 6.27129
    endloop
  endfacet
  facet normal 0.697561 0.697561 0.163759
    outer loop
      vertex 7.63699 8.24998 0.00999928
      vertex 6.88699 7.48471 6.46455
      vertex 8.74998 7.13699 0.00999928
    endloop
  endfacet
  facet normal 0 1 -0
    outer loop
      vertex 7.63699 8.24998 0
      vertex -7.63699 8.24998 0.00999928
      vertex 7.63699 8.24998 0.00999928
    endloop
  endfacet
  facet normal 0 1 0
    outer loop
      vertex -7.63699 8.24998 0.00999928
      vertex 7.63699 8.24998 0
      vertex -7.63699 8.24998 0
    endloop
  endfacet
  facet normal 0 -1 0
    outer loop
      vertex -7.63699 -8.24998 0
      vertex 7.63699 -8.24998 0.00999928
      vertex -7.63699 -8.24998 0.00999928
    endloop
  endfacet
  facet normal 0 -1 -0
    outer loop
      vertex 7.63699 -8.24998 0.00999928
      vertex -7.63699 -8.24998 0
      vertex 7.63699 -8.24998 0
    endloop
  endfacet
  facet normal 0 -0.970134 0.242571
    outer loop
      vertex -7.63699 -8.24998 0.00999928
      vertex 6.88699 -7.28737 3.85984
      vertex -6.88699 -7.28737 3.85984
    endloop
  endfacet
  facet normal 0 -0.970134 0.242571
    outer loop
      vertex 6.88699 -7.28737 3.85984
      vertex -7.63699 -8.24998 0.00999928
      vertex 7.63699 -8.24998 0.00999928
    endloop
  endfacet
  facet normal -0.641979 -0.705019 0.301348
    outer loop
      vertex -6.88699 -7.28737 3.85984
      vertex -7.99998 -6.19129 4.05311
      vertex -7.63699 -8.24998 0.00999928
    endloop
  endfacet
  facet normal -1.01733e-05 -0.173647 0.984808
    outer loop
      vertex -6.7 -5.88675 5.42686
      vertex -6.39076 -4.80712 5.61723
      vertex -6.44388 -4.7377 5.62947
    endloop
  endfacet
  facet normal -4.8156e-06 -0.173648 0.984808
    outer loop
      vertex -6.7 -5.88675 5.42686
      vertex -6.44388 -4.7377 5.62947
      vertex -6.56916 -4.56149 5.66054
    endloop
  endfacet
  facet normal -0.000153589 -0.173634 0.98481
    outer loop
      vertex -6.7 -5.88675 5.42686
      vertex -6.56916 -4.56149 5.66054
      vertex -6.60334 -4.51342 5.66901
    endloop
  endfacet
  facet normal 3.75552e-05 -0.173647 0.984808
    outer loop
      vertex -6.7 -5.88675 5.42686
      vertex -6.60334 -4.51342 5.66901
      vertex -6.6358 -4.4642 5.67769
    endloop
  endfacet
  facet normal 6.94671e-05 -0.173649 0.984808
    outer loop
      vertex -6.7 -5.88675 5.42686
      vertex -6.6358 -4.4642 5.67769
      vertex -6.7 -4.36685 5.69486
    endloop
  endfacet
  facet normal -5.97004e-06 -0.173648 0.984808
    outer loop
      vertex -6.39076 -4.80712 5.61723
      vertex -6.7 -5.88675 5.42686
      vertex -6.34853 -6.23288 5.36583
    endloop
  endfacet
  facet normal 2.81492e-05 -0.173649 0.984808
    outer loop
      vertex -6.7 5.6326 7.45803
      vertex -6.7 4.1127 7.19003
      vertex -6.65691 4.17804 7.20155
    endloop
  endfacet
  facet normal 0.500007 -0.615194 0.609532
    outer loop
      vertex 6.7 -5.88675 5.42686
      vertex 6.34853 -6.23288 5.36583
      vertex 6.88699 -7.28737 3.85984
    endloop
  endfacet
  facet normal 0.677923 -0.677923 0.284324
    outer loop
      vertex 7.99998 -6.19129 4.05311
      vertex 7.63699 -8.24998 0.00999928
      vertex 8.74998 -7.13699 0.00999928
    endloop
  endfacet
  facet normal -0.707111 -0.122787 0.69636
    outer loop
      vertex -7.99998 6.38863 6.27129
      vertex -6.7 4.1127 7.19003
      vertex -6.7 5.6326 7.45803
    endloop
  endfacet
  facet normal -0.70712 -0.122797 0.696349
    outer loop
      vertex -7.99998 6.38863 6.27129
      vertex -6.70499 4.07452 7.17823
      vertex -6.7 4.1127 7.19003
    endloop
  endfacet
  facet normal -0.707076 -0.122752 0.696402
    outer loop
      vertex -7.99998 6.38863 6.27129
      vertex -6.71384 4.00687 7.15732
      vertex -6.70499 4.07452 7.17823
    endloop
  endfacet
  facet normal -0.707111 -0.122787 0.69636
    outer loop
      vertex -7.99998 6.38863 6.27129
      vertex -6.7246 3.91934 7.13096
      vertex -6.71384 4.00687 7.15732
    endloop
  endfacet
  facet normal -0.707125 -0.122799 0.696344
    outer loop
      vertex -7.99998 6.38863 6.27129
      vertex -6.74924 3.71895 7.0706
      vertex -6.7246 3.91934 7.13096
    endloop
  endfacet
  facet normal -0.707115 -0.122791 0.696355
    outer loop
      vertex -7.99998 6.38863 6.27129
      vertex -6.76701 3.56461 7.02534
      vertex -6.74924 3.71895 7.0706
    endloop
  endfacet
  facet normal -0.707079 -0.122765 0.696396
    outer loop
      vertex -7.99998 6.38863 6.27129
      vertex -6.78157 3.43813 6.98826
      vertex -6.76701 3.56461 7.02534
    endloop
  endfacet
  facet normal -0.707136 -0.122804 0.696332
    outer loop
      vertex -7.99998 6.38863 6.27129
      vertex -6.79849 3.28034 6.94325
      vertex -6.78157 3.43813 6.98826
    endloop
  endfacet
  facet normal -0.7071 -0.122781 0.696373
    outer loop
      vertex -7.99998 6.38863 6.27129
      vertex -6.81101 3.16369 6.90997
      vertex -6.79849 3.28034 6.94325
    endloop
  endfacet
  facet normal -0.707116 -0.12279 0.696354
    outer loop
      vertex -7.99998 6.38863 6.27129
      vertex -6.82029 3.07025 6.88407
      vertex -6.81101 3.16369 6.90997
    endloop
  endfacet
  facet normal -0.707107 -0.122785 0.696365
    outer loop
      vertex -7.99998 6.38863 6.27129
      vertex -6.83771 2.89494 6.83547
      vertex -6.82029 3.07025 6.88407
    endloop
  endfacet
  facet normal -0.707092 -0.122778 0.696381
    outer loop
      vertex -7.99998 6.38863 6.27129
      vertex -6.85704 2.68359 6.77858
      vertex -6.83771 2.89494 6.83547
    endloop
  endfacet
  facet normal -0.707281 -0.122865 0.696173
    outer loop
      vertex -7.99998 6.38863 6.27129
      vertex -6.86182 2.63127 6.76449
      vertex -6.85704 2.68359 6.77858
    endloop
  endfacet
  facet normal -0.706949 -0.122716 0.696538
    outer loop
      vertex -7.99998 6.38863 6.27129
      vertex -6.86546 2.58776 6.75313
      vertex -6.86182 2.63127 6.76449
    endloop
  endfacet
  facet normal -0.707092 -0.122779 0.696381
    outer loop
      vertex -7.99998 6.38863 6.27129
      vertex -6.88347 2.3721 6.69682
      vertex -6.86546 2.58776 6.75313
    endloop
  endfacet
  facet normal -0.707524 -0.122949 0.695912
    outer loop
      vertex -7.99998 6.38863 6.27129
      vertex -6.88514 2.3499 6.6912
      vertex -6.88347 2.3721 6.69682
    endloop
  endfacet
  facet normal -0.707085 -0.122778 0.696388
    outer loop
      vertex -7.99998 6.38863 6.27129
      vertex -6.90275 2.1169 6.63224
      vertex -6.88514 2.3499 6.6912
    endloop
  endfacet
  facet normal -0.707076 -0.122775 0.696398
    outer loop
      vertex -7.99998 6.38863 6.27129
      vertex -6.90592 2.07004 6.62076
      vertex -6.90275 2.1169 6.63224
    endloop
  endfacet
  facet normal -0.707157 -0.122802 0.696311
    outer loop
      vertex -7.99998 6.38863 6.27129
      vertex -6.91767 1.8754 6.5745
      vertex -6.90592 2.07004 6.62076
    endloop
  endfacet
  facet normal -0.70689 -0.122719 0.696596
    outer loop
      vertex -7.99998 6.38863 6.27129
      vertex -6.91833 1.8645 6.57191
      vertex -6.91767 1.8754 6.5745
    endloop
  endfacet
  facet normal -0.70705 -0.122769 0.696426
    outer loop
      vertex -7.99998 6.38863 6.27129
      vertex -6.91898 1.85236 6.56911
      vertex -6.91833 1.8645 6.57191
    endloop
  endfacet
  facet normal -0.707142 -0.122797 0.696327
    outer loop
      vertex -7.99998 6.38863 6.27129
      vertex -6.93162 1.61514 6.51444
      vertex -6.91898 1.85236 6.56911
    endloop
  endfacet
  facet normal -0.707036 -0.122767 0.69644
    outer loop
      vertex -7.99998 6.38863 6.27129
      vertex -6.94151 1.40122 6.46669
      vertex -6.93162 1.61514 6.51444
    endloop
  endfacet
  facet normal -0.70733 -0.122842 0.696128
    outer loop
      vertex -7.99998 6.38863 6.27129
      vertex -6.94302 1.36849 6.45938
      vertex -6.94151 1.40122 6.46669
    endloop
  endfacet
  facet normal -0.707159 -0.122799 0.696309
    outer loop
      vertex -7.99998 6.38863 6.27129
      vertex -6.95095 1.1654 6.41551
      vertex -6.94302 1.36849 6.45938
    endloop
  endfacet
  facet normal -0.706801 -0.122717 0.696688
    outer loop
      vertex -7.99998 6.38863 6.27129
      vertex -6.95257 1.12409 6.40659
      vertex -6.95095 1.1654 6.41551
    endloop
  endfacet
  facet normal -0.707262 -0.122821 0.696201
    outer loop
      vertex -7.99998 6.38863 6.27129
      vertex -6.95398 1.07989 6.39736
      vertex -6.95257 1.12409 6.40659
    endloop
  endfacet
  facet normal -0.707089 -0.122783 0.696383
    outer loop
      vertex -7.99998 6.38863 6.27129
      vertex -6.96032 0.881481 6.35594
      vertex -6.95398 1.07989 6.39736
    endloop
  endfacet
  facet normal -0.707222 -0.12281 0.696244
    outer loop
      vertex -7.99998 6.38863 6.27129
      vertex -6.96159 0.830401 6.34564
      vertex -6.96032 0.881481 6.35594
    endloop
  endfacet
  facet normal -0.707078 -0.122781 0.696394
    outer loop
      vertex -7.99998 6.38863 6.27129
      vertex -6.96632 0.640239 6.30731
      vertex -6.96159 0.830401 6.34564
    endloop
  endfacet
  facet normal -0.707127 -0.12279 0.696343
    outer loop
      vertex -7.99998 6.38863 6.27129
      vertex -6.96955 0.458087 6.27191
      vertex -6.96632 0.640239 6.30731
    endloop
  endfacet
  facet normal -0.707136 -0.122792 0.696334
    outer loop
      vertex -7.99998 6.38863 6.27129
      vertex -6.97058 0.399938 6.26061
      vertex -6.96955 0.458087 6.27191
    endloop
  endfacet
  facet normal -0.707114 -0.122788 0.696356
    outer loop
      vertex -7.99998 6.38863 6.27129
      vertex -6.97248 0.221008 6.22713
      vertex -6.97058 0.399938 6.26061
    endloop
  endfacet
  facet normal -0.706838 -0.122744 0.696645
    outer loop
      vertex -7.99998 6.38863 6.27129
      vertex -6.97313 0.160163 6.21575
      vertex -6.97248 0.221008 6.22713
    endloop
  endfacet
  facet normal -0.707525 -0.122851 0.695928
    outer loop
      vertex -7.99998 6.38863 6.27129
      vertex -6.97334 0.0984364 6.20464
      vertex -6.97313 0.160163 6.21575
    endloop
  endfacet
  facet normal -0.707062 -0.122781 0.696411
    outer loop
      vertex -7.99998 6.38863 6.27129
      vertex -6.97397 -0.0794963 6.17263
      vertex -6.97334 0.0984364 6.20464
    endloop
  endfacet
  facet normal -0.707192 -0.122799 0.696275
    outer loop
      vertex -7.99998 6.38863 6.27129
      vertex -6.97334 -0.257648 6.14185
      vertex -6.97397 -0.0794963 6.17263
    endloop
  endfacet
  facet normal -0.706594 -0.122719 0.696897
    outer loop
      vertex -7.99998 6.38863 6.27129
      vertex -6.97313 -0.31945 6.13118
      vertex -6.97334 -0.257648 6.14185
    endloop
  endfacet
  facet normal -0.70718 -0.122796 0.696289
    outer loop
      vertex -7.99998 6.38863 6.27129
      vertex -6.97248 -0.38052 6.12107
      vertex -6.97313 -0.31945 6.13118
    endloop
  endfacet
  facet normal -0.707146 -0.122792 0.696324
    outer loop
      vertex -7.99998 6.38863 6.27129
      vertex -6.97058 -0.560111 6.09133
      vertex -6.97248 -0.38052 6.12107
    endloop
  endfacet
  facet normal -0.70709 -0.122785 0.696382
    outer loop
      vertex -7.99998 6.38863 6.27129
      vertex -6.96955 -0.618618 6.08206
      vertex -6.97058 -0.560111 6.09133
    endloop
  endfacet
  facet normal -0.70702 -0.122776 0.696454
    outer loop
      vertex -7.99998 6.38863 6.27129
      vertex -6.96632 -0.801892 6.05303
      vertex -6.96955 -0.618618 6.08206
    endloop
  endfacet
  facet normal -0.707306 -0.122808 0.696159
    outer loop
      vertex -7.99998 6.38863 6.27129
      vertex -6.96159 -0.993695 6.024
      vertex -6.96632 -0.801892 6.05303
    endloop
  endfacet
  facet normal -0.706787 -0.122753 0.696695
    outer loop
      vertex -7.99998 6.38863 6.27129
      vertex -6.96032 -1.04522 6.01621
      vertex -6.96159 -0.993695 6.024
    endloop
  endfacet
  facet normal -0.706973 -0.122773 0.696503
    outer loop
      vertex -7.99998 6.38863 6.27129
      vertex -6.95878 -1.09414 6.00915
      vertex -6.96032 -1.04522 6.01621
    endloop
  endfacet
  facet normal -0.70712 -0.122788 0.696351
    outer loop
      vertex -7.99998 6.38863 6.27129
      vertex -6.95257 -1.29051 5.98083
      vertex -6.95878 -1.09414 6.00915
    endloop
  endfacet
  facet normal -0.707976 -0.122871 0.695466
    outer loop
      vertex -7.99998 6.38863 6.27129
      vertex -6.95095 -1.33239 5.97508
      vertex -6.95257 -1.29051 5.98083
    endloop
  endfacet
  facet normal -0.70686 -0.122764 0.696619
    outer loop
      vertex -7.99998 6.38863 6.27129
      vertex -6.94302 -1.53824 5.94685
      vertex -6.95095 -1.33239 5.97508
    endloop
  endfacet
  facet normal -0.707365 -0.12281 0.696098
    outer loop
      vertex -7.99998 6.38863 6.27129
      vertex -6.93277 -1.76358 5.91751
      vertex -6.94302 -1.53824 5.94685
    endloop
  endfacet
  facet normal -0.706115 -0.122702 0.697385
    outer loop
      vertex -7.99998 6.38863 6.27129
      vertex -6.93162 -1.78884 5.91423
      vertex -6.93277 -1.76358 5.91751
    endloop
  endfacet
  facet normal -0.707158 -0.122792 0.696311
    outer loop
      vertex -7.99998 6.38863 6.27129
      vertex -6.91898 -2.03045 5.88446
      vertex -6.93162 -1.78884 5.91423
    endloop
  endfacet
  facet normal -0.706696 -0.122754 0.696787
    outer loop
      vertex -7.99998 6.38863 6.27129
      vertex -6.91833 -2.04282 5.88294
      vertex -6.91898 -2.03045 5.88446
    endloop
  endfacet
  facet normal -0.706071 -0.122704 0.697429
    outer loop
      vertex -7.99998 6.38863 6.27129
      vertex -6.91767 -2.05395 5.88165
      vertex -6.91833 -2.04282 5.88294
    endloop
  endfacet
  facet normal -0.706902 -0.122771 0.696575
    outer loop
      vertex -7.99998 6.38863 6.27129
      vertex -6.90592 -2.25267 5.85855
      vertex -6.91767 -2.05395 5.88165
    endloop
  endfacet
  facet normal -0.707383 -0.122808 0.69608
    outer loop
      vertex -7.99998 6.38863 6.27129
      vertex -6.90275 -2.30063 5.85331
      vertex -6.90592 -2.25267 5.85855
    endloop
  endfacet
  facet normal -0.707344 -0.122805 0.696121
    outer loop
      vertex -7.99998 6.38863 6.27129
      vertex -6.88514 -2.53975 5.82902
      vertex -6.90275 -2.30063 5.85331
    endloop
  endfacet
  facet normal -0.703908 -0.12255 0.699639
    outer loop
      vertex -7.99998 6.38863 6.27129
      vertex -6.88347 -2.56253 5.82671
      vertex -6.88514 -2.53975 5.82902
    endloop
  endfacet
  facet normal -0.708993 -0.122925 0.69442
    outer loop
      vertex -7.99998 6.38863 6.27129
      vertex -6.88128 -2.58951 5.82417
      vertex -6.88347 -2.56253 5.82671
    endloop
  endfacet
  facet normal -0.707267 -0.122799 0.696199
    outer loop
      vertex -7.99998 6.38863 6.27129
      vertex -6.86182 -2.82921 5.80166
      vertex -6.88128 -2.58951 5.82417
    endloop
  endfacet
  facet normal -0.707093 -0.122786 0.696378
    outer loop
      vertex -6.7 -5.88675 5.42686
      vertex -6.86182 -2.82921 5.80166
      vertex -7.99998 6.38863 6.27129
    endloop
  endfacet
  facet normal -0.706885 -0.122801 0.696588
    outer loop
      vertex -6.86182 -2.82921 5.80166
      vertex -6.7 -5.88675 5.42686
      vertex -6.84385 -3.03192 5.78416
    endloop
  endfacet
  facet normal -0.708366 -0.12269 0.695101
    outer loop
      vertex -6.84385 -3.03192 5.78416
      vertex -6.7 -5.88675 5.42686
      vertex -6.83771 -3.10125 5.77818
    endloop
  endfacet
  facet normal -0.707232 -0.122777 0.696238
    outer loop
      vertex -6.83771 -3.10125 5.77818
      vertex -6.7 -5.88675 5.42686
      vertex -6.82953 -3.18642 5.77147
    endloop
  endfacet
  facet normal -0.706748 -0.122816 0.696723
    outer loop
      vertex -6.82953 -3.18642 5.77147
      vertex -6.7 -5.88675 5.42686
      vertex -6.811 -3.37928 5.75627
    endloop
  endfacet
  facet normal -0.707275 -0.12277 0.696196
    outer loop
      vertex -6.811 -3.37928 5.75627
      vertex -6.7 -5.88675 5.42686
      vertex -6.7947 -3.53698 5.74502
    endloop
  endfacet
  facet normal -0.707336 -0.122764 0.696136
    outer loop
      vertex -6.7947 -3.53698 5.74502
      vertex -6.7 -5.88675 5.42686
      vertex -6.78157 -3.66395 5.73597
    endloop
  endfacet
  facet normal -0.706968 -0.122802 0.696503
    outer loop
      vertex -6.78157 -3.66395 5.73597
      vertex -6.7 -5.88675 5.42686
      vertex -6.76363 -3.82599 5.72561
    endloop
  endfacet
  facet normal -0.70717 -0.122779 0.696301
    outer loop
      vertex -6.76363 -3.82599 5.72561
      vertex -6.7 -5.88675 5.42686
      vertex -6.74924 -3.956 5.7173
    endloop
  endfacet
  facet normal -0.706656 -0.122842 0.696812
    outer loop
      vertex -6.74924 -3.956 5.7173
      vertex -6.7 -5.88675 5.42686
      vertex -6.73713 -4.05862 5.71149
    endloop
  endfacet
  facet normal -0.707034 -0.122801 0.696436
    outer loop
      vertex -6.71384 -4.2562 5.70032
      vertex -6.7 -5.88675 5.42686
      vertex -6.7 -4.36685 5.69486
    endloop
  endfacet
  facet normal -0.707425 -0.122739 0.696049
    outer loop
      vertex -6.73713 -4.05862 5.71149
      vertex -6.7 -5.88675 5.42686
      vertex -6.71384 -4.2562 5.70032
    endloop
  endfacet
  facet normal 0 0.993055 0.117651
    outer loop
      vertex 7.63699 8.24998 0.00999928
      vertex -6.88699 7.48645 6.45471
      vertex 6.88699 7.48645 6.45471
    endloop
  endfacet
  facet normal 0 0.993055 0.117651
    outer loop
      vertex -6.88699 7.48645 6.45471
      vertex 7.63699 8.24998 0.00999928
      vertex -7.63699 8.24998 0.00999928
    endloop
  endfacet
  facet normal -0.5 0.369624 0.783185
    outer loop
      vertex -6.88699 7.48471 6.46455
      vertex -7.99998 6.38863 6.27129
      vertex -6.34853 5.97873 7.51906
    endloop
  endfacet
  facet normal -0.706394 0.687877 0.166831
    outer loop
      vertex -6.88699 7.48471 6.46455
      vertex -8.74998 7.13699 0.00999928
      vertex -7.99998 6.38863 6.27129
    endloop
  endfacet
  facet normal -0.500004 -0.615196 0.609533
    outer loop
      vertex -6.7 -5.88675 5.42686
      vertex -7.99998 -6.19129 4.05311
      vertex -6.88699 -7.28737 3.85984
    endloop
  endfacet
  facet normal -0.707111 -0.122787 0.69636
    outer loop
      vertex -7.99998 6.38863 6.27129
      vertex -7.99998 -6.19129 4.05311
      vertex -6.7 -5.88675 5.42686
    endloop
  endfacet
  facet normal 0.707111 -0.122787 0.69636
    outer loop
      vertex 7.99998 6.38863 6.27129
      vertex 6.7 -5.88675 5.42686
      vertex 7.99998 -6.19129 4.05311
    endloop
  endfacet
  facet normal 0 0 -1
    outer loop
      vertex 8.74998 -7.13699 0
      vertex 8.24998 -6.63699 0
      vertex 8.74998 7.13699 0
    endloop
  endfacet
  facet normal 0 0 -1
    outer loop
      vertex 7.63699 -8.24998 0
      vertex 8.24998 -6.63699 0
      vertex 8.74998 -7.13699 0
    endloop
  endfacet
  facet normal 0 0 -1
    outer loop
      vertex 7.63699 -8.24998 0
      vertex 7.13699 -7.74998 0
      vertex 8.24998 -6.63699 0
    endloop
  endfacet
  facet normal 0 0 -1
    outer loop
      vertex 7.63699 -8.24998 0
      vertex -7.13699 -7.74998 0
      vertex 7.13699 -7.74998 0
    endloop
  endfacet
  facet normal 0 0 -1
    outer loop
      vertex -7.63699 -8.24998 0
      vertex -7.13699 -7.74998 0
      vertex 7.63699 -8.24998 0
    endloop
  endfacet
  facet normal 0 0 -1
    outer loop
      vertex -7.63699 -8.24998 0
      vertex -8.24998 -6.63699 0
      vertex -7.13699 -7.74998 0
    endloop
  endfacet
  facet normal -0 0 -1
    outer loop
      vertex -8.24998 -6.63699 0
      vertex -8.74998 -7.13699 0
      vertex -8.24998 6.63699 0
    endloop
  endfacet
  facet normal 0 0 -1
    outer loop
      vertex -8.74998 -7.13699 0
      vertex -8.24998 -6.63699 0
      vertex -7.63699 -8.24998 0
    endloop
  endfacet
  facet normal 0 0 -1
    outer loop
      vertex 8.24998 6.63699 0
      vertex 8.74998 7.13699 0
      vertex 8.24998 -6.63699 0
    endloop
  endfacet
  facet normal 0 0 -1
    outer loop
      vertex 8.24998 6.63699 0
      vertex 7.63699 8.24998 0
      vertex 8.74998 7.13699 0
    endloop
  endfacet
  facet normal 0 0 -1
    outer loop
      vertex 7.13699 7.74998 0
      vertex 7.63699 8.24998 0
      vertex 8.24998 6.63699 0
    endloop
  endfacet
  facet normal 0 0 -1
    outer loop
      vertex -7.13699 7.74998 0
      vertex 7.63699 8.24998 0
      vertex 7.13699 7.74998 0
    endloop
  endfacet
  facet normal 0 0 -1
    outer loop
      vertex -7.13699 7.74998 0
      vertex -7.63699 8.24998 0
      vertex 7.63699 8.24998 0
    endloop
  endfacet
  facet normal 0 0 -1
    outer loop
      vertex -8.24998 6.63699 0
      vertex -7.63699 8.24998 0
      vertex -7.13699 7.74998 0
    endloop
  endfacet
  facet normal 0 0 -1
    outer loop
      vertex -8.24998 6.63699 0
      vertex -8.74998 7.13699 0
      vertex -7.63699 8.24998 0
    endloop
  endfacet
  facet normal 0 0 -1
    outer loop
      vertex -8.74998 7.13699 0
      vertex -8.24998 6.63699 0
      vertex -8.74998 -7.13699 0
    endloop
  endfacet
  facet normal 0.641979 -0.705019 0.301348
    outer loop
      vertex 7.99998 -6.19129 4.05311
      vertex 6.88699 -7.28737 3.85984
      vertex 7.63699 -8.24998 0.00999928
    endloop
  endfacet
  facet normal 0.442749 0.882947 0.156131
    outer loop
      vertex 6.88699 7.48645 6.45471
      vertex 6.88699 7.48471 6.46455
      vertex 7.63699 8.24998 0.00999928
    endloop
  endfacet
  facet normal 0.707107 0.707107 0
    outer loop
      vertex 8.74998 7.13699 0.00999928
      vertex 7.63699 8.24998 0
      vertex 7.63699 8.24998 0.00999928
    endloop
  endfacet
  facet normal 0.707107 0.707107 0
    outer loop
      vertex 7.63699 8.24998 0
      vertex 8.74998 7.13699 0.00999928
      vertex 8.74998 7.13699 0
    endloop
  endfacet
  facet normal 0.981242 -0.0334759 0.189851
    outer loop
      vertex 7.99998 6.38863 6.27129
      vertex 7.99998 -6.19129 4.05311
      vertex 8.74998 -7.13699 0.00999928
    endloop
  endfacet
  facet normal 0.707111 -0.122787 0.69636
    outer loop
      vertex 6.7 4.1127 7.19003
      vertex 7.99998 6.38863 6.27129
      vertex 6.7 5.6326 7.45803
    endloop
  endfacet
  facet normal 0.70712 -0.122797 0.696349
    outer loop
      vertex 6.70499 4.07452 7.17823
      vertex 7.99998 6.38863 6.27129
      vertex 6.7 4.1127 7.19003
    endloop
  endfacet
  facet normal 0.707076 -0.122752 0.696402
    outer loop
      vertex 6.71384 4.00687 7.15732
      vertex 7.99998 6.38863 6.27129
      vertex 6.70499 4.07452 7.17823
    endloop
  endfacet
  facet normal 0.707111 -0.122787 0.69636
    outer loop
      vertex 6.7246 3.91934 7.13096
      vertex 7.99998 6.38863 6.27129
      vertex 6.71384 4.00687 7.15732
    endloop
  endfacet
  facet normal 0.707125 -0.122799 0.696344
    outer loop
      vertex 6.74924 3.71895 7.0706
      vertex 7.99998 6.38863 6.27129
      vertex 6.7246 3.91934 7.13096
    endloop
  endfacet
  facet normal 0.707115 -0.122791 0.696355
    outer loop
      vertex 6.76701 3.56461 7.02534
      vertex 7.99998 6.38863 6.27129
      vertex 6.74924 3.71895 7.0706
    endloop
  endfacet
  facet normal 0.707079 -0.122765 0.696396
    outer loop
      vertex 6.78157 3.43813 6.98826
      vertex 7.99998 6.38863 6.27129
      vertex 6.76701 3.56461 7.02534
    endloop
  endfacet
  facet normal 0.707136 -0.122804 0.696332
    outer loop
      vertex 6.79849 3.28034 6.94325
      vertex 7.99998 6.38863 6.27129
      vertex 6.78157 3.43813 6.98826
    endloop
  endfacet
  facet normal 0.7071 -0.122781 0.696373
    outer loop
      vertex 6.81101 3.16369 6.90997
      vertex 7.99998 6.38863 6.27129
      vertex 6.79849 3.28034 6.94325
    endloop
  endfacet
  facet normal 0.707116 -0.12279 0.696354
    outer loop
      vertex 6.82029 3.07025 6.88407
      vertex 7.99998 6.38863 6.27129
      vertex 6.81101 3.16369 6.90997
    endloop
  endfacet
  facet normal 0.707107 -0.122785 0.696365
    outer loop
      vertex 6.83771 2.89494 6.83547
      vertex 7.99998 6.38863 6.27129
      vertex 6.82029 3.07025 6.88407
    endloop
  endfacet
  facet normal 0.707092 -0.122778 0.696381
    outer loop
      vertex 6.85704 2.68359 6.77858
      vertex 7.99998 6.38863 6.27129
      vertex 6.83771 2.89494 6.83547
    endloop
  endfacet
  facet normal 0.707281 -0.122865 0.696173
    outer loop
      vertex 6.86182 2.63127 6.76449
      vertex 7.99998 6.38863 6.27129
      vertex 6.85704 2.68359 6.77858
    endloop
  endfacet
  facet normal 0.706949 -0.122716 0.696538
    outer loop
      vertex 6.86546 2.58776 6.75313
      vertex 7.99998 6.38863 6.27129
      vertex 6.86182 2.63127 6.76449
    endloop
  endfacet
  facet normal 0.707092 -0.122779 0.696381
    outer loop
      vertex 6.88347 2.3721 6.69682
      vertex 7.99998 6.38863 6.27129
      vertex 6.86546 2.58776 6.75313
    endloop
  endfacet
  facet normal 0.707524 -0.122949 0.695912
    outer loop
      vertex 6.88514 2.3499 6.6912
      vertex 7.99998 6.38863 6.27129
      vertex 6.88347 2.3721 6.69682
    endloop
  endfacet
  facet normal 0.707085 -0.122778 0.696388
    outer loop
      vertex 6.90275 2.1169 6.63224
      vertex 7.99998 6.38863 6.27129
      vertex 6.88514 2.3499 6.6912
    endloop
  endfacet
  facet normal 0.707076 -0.122775 0.696398
    outer loop
      vertex 6.90592 2.07004 6.62076
      vertex 7.99998 6.38863 6.27129
      vertex 6.90275 2.1169 6.63224
    endloop
  endfacet
  facet normal 0.707157 -0.122802 0.696311
    outer loop
      vertex 6.91767 1.8754 6.5745
      vertex 7.99998 6.38863 6.27129
      vertex 6.90592 2.07004 6.62076
    endloop
  endfacet
  facet normal 0.70689 -0.122719 0.696596
    outer loop
      vertex 6.91833 1.8645 6.57191
      vertex 7.99998 6.38863 6.27129
      vertex 6.91767 1.8754 6.5745
    endloop
  endfacet
  facet normal 0.70705 -0.122769 0.696426
    outer loop
      vertex 6.91898 1.85236 6.56911
      vertex 7.99998 6.38863 6.27129
      vertex 6.91833 1.8645 6.57191
    endloop
  endfacet
  facet normal 0.707142 -0.122797 0.696327
    outer loop
      vertex 6.93162 1.61514 6.51444
      vertex 7.99998 6.38863 6.27129
      vertex 6.91898 1.85236 6.56911
    endloop
  endfacet
  facet normal 0.707036 -0.122767 0.69644
    outer loop
      vertex 6.94151 1.40122 6.46669
      vertex 7.99998 6.38863 6.27129
      vertex 6.93162 1.61514 6.51444
    endloop
  endfacet
  facet normal 0.70733 -0.122842 0.696128
    outer loop
      vertex 6.94302 1.36849 6.45938
      vertex 7.99998 6.38863 6.27129
      vertex 6.94151 1.40122 6.46669
    endloop
  endfacet
  facet normal 0.707159 -0.122799 0.696309
    outer loop
      vertex 6.95095 1.1654 6.41551
      vertex 7.99998 6.38863 6.27129
      vertex 6.94302 1.36849 6.45938
    endloop
  endfacet
  facet normal 0.706801 -0.122717 0.696688
    outer loop
      vertex 6.95257 1.12409 6.40659
      vertex 7.99998 6.38863 6.27129
      vertex 6.95095 1.1654 6.41551
    endloop
  endfacet
  facet normal 0.707262 -0.122821 0.696201
    outer loop
      vertex 6.95398 1.07989 6.39736
      vertex 7.99998 6.38863 6.27129
      vertex 6.95257 1.12409 6.40659
    endloop
  endfacet
  facet normal 0.707089 -0.122783 0.696383
    outer loop
      vertex 6.96032 0.881481 6.35594
      vertex 7.99998 6.38863 6.27129
      vertex 6.95398 1.07989 6.39736
    endloop
  endfacet
  facet normal 0.707222 -0.12281 0.696244
    outer loop
      vertex 6.96159 0.830401 6.34564
      vertex 7.99998 6.38863 6.27129
      vertex 6.96032 0.881481 6.35594
    endloop
  endfacet
  facet normal 0.707078 -0.122781 0.696394
    outer loop
      vertex 6.96632 0.640239 6.30731
      vertex 7.99998 6.38863 6.27129
      vertex 6.96159 0.830401 6.34564
    endloop
  endfacet
  facet normal 0.707127 -0.12279 0.696343
    outer loop
      vertex 6.96955 0.458087 6.27191
      vertex 7.99998 6.38863 6.27129
      vertex 6.96632 0.640239 6.30731
    endloop
  endfacet
  facet normal 0.707136 -0.122792 0.696334
    outer loop
      vertex 6.97058 0.399938 6.26061
      vertex 7.99998 6.38863 6.27129
      vertex 6.96955 0.458087 6.27191
    endloop
  endfacet
  facet normal 0.707114 -0.122788 0.696356
    outer loop
      vertex 6.97248 0.221008 6.22713
      vertex 7.99998 6.38863 6.27129
      vertex 6.97058 0.399938 6.26061
    endloop
  endfacet
  facet normal 0.706838 -0.122744 0.696645
    outer loop
      vertex 6.97313 0.160163 6.21575
      vertex 7.99998 6.38863 6.27129
      vertex 6.97248 0.221008 6.22713
    endloop
  endfacet
  facet normal 0.707525 -0.122851 0.695928
    outer loop
      vertex 6.97334 0.0984364 6.20464
      vertex 7.99998 6.38863 6.27129
      vertex 6.97313 0.160163 6.21575
    endloop
  endfacet
  facet normal 0.707062 -0.122781 0.696411
    outer loop
      vertex 6.97397 -0.0794963 6.17263
      vertex 7.99998 6.38863 6.27129
      vertex 6.97334 0.0984364 6.20464
    endloop
  endfacet
  facet normal 0.707192 -0.122799 0.696275
    outer loop
      vertex 6.97334 -0.257648 6.14185
      vertex 7.99998 6.38863 6.27129
      vertex 6.97397 -0.0794963 6.17263
    endloop
  endfacet
  facet normal 0.706594 -0.122719 0.696897
    outer loop
      vertex 6.97313 -0.31945 6.13118
      vertex 7.99998 6.38863 6.27129
      vertex 6.97334 -0.257648 6.14185
    endloop
  endfacet
  facet normal 0.70718 -0.122796 0.696289
    outer loop
      vertex 6.97248 -0.38052 6.12107
      vertex 7.99998 6.38863 6.27129
      vertex 6.97313 -0.31945 6.13118
    endloop
  endfacet
  facet normal 0.707146 -0.122792 0.696324
    outer loop
      vertex 6.97058 -0.560111 6.09133
      vertex 7.99998 6.38863 6.27129
      vertex 6.97248 -0.38052 6.12107
    endloop
  endfacet
  facet normal 0.70709 -0.122785 0.696382
    outer loop
      vertex 6.96955 -0.618618 6.08206
      vertex 7.99998 6.38863 6.27129
      vertex 6.97058 -0.560111 6.09133
    endloop
  endfacet
  facet normal 0.70702 -0.122776 0.696454
    outer loop
      vertex 6.96632 -0.801892 6.05303
      vertex 7.99998 6.38863 6.27129
      vertex 6.96955 -0.618618 6.08206
    endloop
  endfacet
  facet normal 0.707306 -0.122808 0.696159
    outer loop
      vertex 6.96159 -0.993695 6.024
      vertex 7.99998 6.38863 6.27129
      vertex 6.96632 -0.801892 6.05303
    endloop
  endfacet
  facet normal 0.706787 -0.122753 0.696695
    outer loop
      vertex 6.96032 -1.04522 6.01621
      vertex 7.99998 6.38863 6.27129
      vertex 6.96159 -0.993695 6.024
    endloop
  endfacet
  facet normal 0.706973 -0.122773 0.696503
    outer loop
      vertex 6.95878 -1.09414 6.00915
      vertex 7.99998 6.38863 6.27129
      vertex 6.96032 -1.04522 6.01621
    endloop
  endfacet
  facet normal 0.70712 -0.122788 0.696351
    outer loop
      vertex 6.95257 -1.29051 5.98083
      vertex 7.99998 6.38863 6.27129
      vertex 6.95878 -1.09414 6.00915
    endloop
  endfacet
  facet normal 0.707976 -0.122871 0.695466
    outer loop
      vertex 6.95095 -1.33239 5.97508
      vertex 7.99998 6.38863 6.27129
      vertex 6.95257 -1.29051 5.98083
    endloop
  endfacet
  facet normal 0.70686 -0.122764 0.696619
    outer loop
      vertex 6.94302 -1.53824 5.94685
      vertex 7.99998 6.38863 6.27129
      vertex 6.95095 -1.33239 5.97508
    endloop
  endfacet
  facet normal 0.707365 -0.12281 0.696098
    outer loop
      vertex 6.93277 -1.76358 5.91751
      vertex 7.99998 6.38863 6.27129
      vertex 6.94302 -1.53824 5.94685
    endloop
  endfacet
  facet normal 0.706115 -0.122702 0.697385
    outer loop
      vertex 6.93162 -1.78884 5.91423
      vertex 7.99998 6.38863 6.27129
      vertex 6.93277 -1.76358 5.91751
    endloop
  endfacet
  facet normal 0.707158 -0.122792 0.696311
    outer loop
      vertex 6.91898 -2.03045 5.88446
      vertex 7.99998 6.38863 6.27129
      vertex 6.93162 -1.78884 5.91423
    endloop
  endfacet
  facet normal 0.706696 -0.122754 0.696787
    outer loop
      vertex 6.91833 -2.04282 5.88294
      vertex 7.99998 6.38863 6.27129
      vertex 6.91898 -2.03045 5.88446
    endloop
  endfacet
  facet normal 0.706071 -0.122704 0.697429
    outer loop
      vertex 6.91767 -2.05395 5.88165
      vertex 7.99998 6.38863 6.27129
      vertex 6.91833 -2.04282 5.88294
    endloop
  endfacet
  facet normal 0.706902 -0.122771 0.696575
    outer loop
      vertex 6.90592 -2.25267 5.85855
      vertex 7.99998 6.38863 6.27129
      vertex 6.91767 -2.05395 5.88165
    endloop
  endfacet
  facet normal 0.707383 -0.122808 0.69608
    outer loop
      vertex 6.90275 -2.30063 5.85331
      vertex 7.99998 6.38863 6.27129
      vertex 6.90592 -2.25267 5.85855
    endloop
  endfacet
  facet normal 0.707344 -0.122805 0.696121
    outer loop
      vertex 6.88514 -2.53975 5.82902
      vertex 7.99998 6.38863 6.27129
      vertex 6.90275 -2.30063 5.85331
    endloop
  endfacet
  facet normal 0.703908 -0.12255 0.699639
    outer loop
      vertex 6.88347 -2.56253 5.82671
      vertex 7.99998 6.38863 6.27129
      vertex 6.88514 -2.53975 5.82902
    endloop
  endfacet
  facet normal 0.708993 -0.122925 0.69442
    outer loop
      vertex 6.88128 -2.58951 5.82417
      vertex 7.99998 6.38863 6.27129
      vertex 6.88347 -2.56253 5.82671
    endloop
  endfacet
  facet normal 0.707267 -0.122799 0.696199
    outer loop
      vertex 6.86182 -2.82921 5.80166
      vertex 7.99998 6.38863 6.27129
      vertex 6.88128 -2.58951 5.82417
    endloop
  endfacet
  facet normal 0.706885 -0.122801 0.696588
    outer loop
      vertex 6.7 -5.88675 5.42686
      vertex 6.86182 -2.82921 5.80166
      vertex 6.84385 -3.03192 5.78416
    endloop
  endfacet
  facet normal 0.708366 -0.12269 0.695101
    outer loop
      vertex 6.7 -5.88675 5.42686
      vertex 6.84385 -3.03192 5.78416
      vertex 6.83771 -3.10125 5.77818
    endloop
  endfacet
  facet normal 0.707232 -0.122777 0.696238
    outer loop
      vertex 6.7 -5.88675 5.42686
      vertex 6.83771 -3.10125 5.77818
      vertex 6.82953 -3.18642 5.77147
    endloop
  endfacet
  facet normal 0.706748 -0.122816 0.696723
    outer loop
      vertex 6.7 -5.88675 5.42686
      vertex 6.82953 -3.18642 5.77147
      vertex 6.811 -3.37928 5.75627
    endloop
  endfacet
  facet normal 0.707275 -0.12277 0.696196
    outer loop
      vertex 6.7 -5.88675 5.42686
      vertex 6.811 -3.37928 5.75627
      vertex 6.7947 -3.53698 5.74502
    endloop
  endfacet
  facet normal 0.707336 -0.122764 0.696136
    outer loop
      vertex 6.7 -5.88675 5.42686
      vertex 6.7947 -3.53698 5.74502
      vertex 6.78157 -3.66395 5.73597
    endloop
  endfacet
  facet normal 0.706968 -0.122802 0.696503
    outer loop
      vertex 6.7 -5.88675 5.42686
      vertex 6.78157 -3.66395 5.73597
      vertex 6.76363 -3.82599 5.72561
    endloop
  endfacet
  facet normal 0.70717 -0.122779 0.696301
    outer loop
      vertex 6.7 -5.88675 5.42686
      vertex 6.76363 -3.82599 5.72561
      vertex 6.74924 -3.956 5.7173
    endloop
  endfacet
  facet normal 0.706656 -0.122842 0.696812
    outer loop
      vertex 6.7 -5.88675 5.42686
      vertex 6.74924 -3.956 5.7173
      vertex 6.73713 -4.05862 5.71149
    endloop
  endfacet
  facet normal 0.707425 -0.122739 0.696049
    outer loop
      vertex 6.7 -5.88675 5.42686
      vertex 6.73713 -4.05862 5.71149
      vertex 6.71384 -4.2562 5.70032
    endloop
  endfacet
  facet normal 0.707093 -0.122786 0.696378
    outer loop
      vertex 6.86182 -2.82921 5.80166
      vertex 6.7 -5.88675 5.42686
      vertex 7.99998 6.38863 6.27129
    endloop
  endfacet
  facet normal 0.707034 -0.122801 0.696436
    outer loop
      vertex 6.7 -5.88675 5.42686
      vertex 6.71384 -4.2562 5.70032
      vertex 6.7 -4.36685 5.69486
    endloop
  endfacet
  facet normal 0.5 0.369624 0.783185
    outer loop
      vertex 6.88699 7.48471 6.46455
      vertex 6.34853 5.97873 7.51906
      vertex 7.99998 6.38863 6.27129
    endloop
  endfacet
  facet normal -0.981242 -0.0334759 0.189851
    outer loop
      vertex -7.99998 6.38863 6.27129
      vertex -8.74998 -7.13699 0.00999928
      vertex -7.99998 -6.19129 4.05311
    endloop
  endfacet
  facet normal -0.677923 -0.677923 0.284324
    outer loop
      vertex -7.99998 -6.19129 4.05311
      vertex -8.74998 -7.13699 0.00999928
      vertex -7.63699 -8.24998 0.00999928
    endloop
  endfacet
  facet normal -6.94671e-05 -0.173649 0.984808
    outer loop
      vertex 6.6358 -4.4642 5.67769
      vertex 6.7 -5.88675 5.42686
      vertex 6.7 -4.36685 5.69486
    endloop
  endfacet
  facet normal -3.75552e-05 -0.173647 0.984808
    outer loop
      vertex 6.60334 -4.51342 5.66901
      vertex 6.7 -5.88675 5.42686
      vertex 6.6358 -4.4642 5.67769
    endloop
  endfacet
  facet normal 0.000153589 -0.173634 0.98481
    outer loop
      vertex 6.56916 -4.56149 5.66054
      vertex 6.7 -5.88675 5.42686
      vertex 6.60334 -4.51342 5.66901
    endloop
  endfacet
  facet normal 4.8156e-06 -0.173648 0.984808
    outer loop
      vertex 6.44388 -4.7377 5.62947
      vertex 6.7 -5.88675 5.42686
      vertex 6.56916 -4.56149 5.66054
    endloop
  endfacet
  facet normal 1.01733e-05 -0.173647 0.984808
    outer loop
      vertex 6.39076 -4.80712 5.61723
      vertex 6.7 -5.88675 5.42686
      vertex 6.44388 -4.7377 5.62947
    endloop
  endfacet
  facet normal 5.97004e-06 -0.173648 0.984808
    outer loop
      vertex 6.7 -5.88675 5.42686
      vertex 6.39076 -4.80712 5.61723
      vertex 6.34853 -6.23288 5.36583
    endloop
  endfacet
  facet normal -2.81492e-05 -0.173649 0.984808
    outer loop
      vertex 6.7 5.6326 7.45803
      vertex 6.65691 4.17804 7.20155
      vertex 6.7 4.1127 7.19003
    endloop
  endfacet
  facet normal -0.500001 0.369623 0.783185
    outer loop
      vertex -6.34853 5.97873 7.51906
      vertex -7.99998 6.38863 6.27129
      vertex -6.7 5.6326 7.45803
    endloop
  endfacet
  facet normal 0 -0.819156 0.573571
    outer loop
      vertex -6.88699 -7.28737 3.85984
      vertex -4.99834 -6.23288 5.36583
      vertex -6.34853 -6.23288 5.36583
    endloop
  endfacet
  facet normal 1.78752e-05 -0.819167 0.573556
    outer loop
      vertex -4.99834 -6.23288 5.36583
      vertex -6.88699 -7.28737 3.85984
      vertex -4.85993 -6.24945 5.34216
    endloop
  endfacet
  facet normal 1.8281e-05 -0.819167 0.573555
    outer loop
      vertex -4.85993 -6.24945 5.34216
      vertex -6.88699 -7.28737 3.85984
      vertex -4.6677 -6.27134 5.31089
    endloop
  endfacet
  facet normal 2.16981e-05 -0.819169 0.573552
    outer loop
      vertex -4.6677 -6.27134 5.31089
      vertex -6.88699 -7.28737 3.85984
      vertex -4.55093 -6.28464 5.29189
    endloop
  endfacet
  facet normal -3.72592e-05 -0.819124 0.573616
    outer loop
      vertex -4.55093 -6.28464 5.29189
      vertex -6.88699 -7.28737 3.85984
      vertex -4.40441 -6.30048 5.26928
    endloop
  endfacet
  facet normal -1.81243e-05 -0.81914 0.573594
    outer loop
      vertex -4.40441 -6.30048 5.26928
      vertex -6.88699 -7.28737 3.85984
      vertex -4.25187 -6.31696 5.24575
    endloop
  endfacet
  facet normal 1.84289e-05 -0.819173 0.573547
    outer loop
      vertex -4.25187 -6.31696 5.24575
      vertex -6.88699 -7.28737 3.85984
      vertex -4.05103 -6.33747 5.21645
    endloop
  endfacet
  facet normal -2.37711e-05 -0.819131 0.573606
    outer loop
      vertex -4.05103 -6.33747 5.21645
      vertex -6.88699 -7.28737 3.85984
      vertex -3.96178 -6.34659 5.20343
    endloop
  endfacet
  facet normal 9.22245e-05 -0.81925 0.573437
    outer loop
      vertex -3.96178 -6.34659 5.20343
      vertex -6.88699 -7.28737 3.85984
      vertex -3.89452 -6.35305 5.19419
    endloop
  endfacet
  facet normal -2.69007e-06 -0.81915 0.57358
    outer loop
      vertex -3.89452 -6.35305 5.19419
      vertex -6.88699 -7.28737 3.85984
      vertex -3.6798 -6.3737 5.1647
    endloop
  endfacet
  facet normal -8.67493e-06 -0.819143 0.57359
    outer loop
      vertex -3.6798 -6.3737 5.1647
      vertex -6.88699 -7.28737 3.85984
      vertex -3.40745 -6.39826 5.12963
    endloop
  endfacet
  facet normal 1.58806e-05 -0.819174 0.573544
    outer loop
      vertex -3.40745 -6.39826 5.12963
      vertex -6.88699 -7.28737 3.85984
      vertex -3.40514 -6.39847 5.12933
    endloop
  endfacet
  facet normal -0.00101375 -0.817845 0.575438
    outer loop
      vertex -3.40514 -6.39847 5.12933
      vertex -6.88699 -7.28737 3.85984
      vertex -3.40333 -6.39862 5.12912
    endloop
  endfacet
  facet normal 0.000215527 -0.819433 0.573175
    outer loop
      vertex -3.40333 -6.39862 5.12912
      vertex -6.88699 -7.28737 3.85984
      vertex -3.38799 -6.39991 5.12727
    endloop
  endfacet
  facet normal -5.29038e-06 -0.819146 0.573584
    outer loop
      vertex -3.38799 -6.39991 5.12727
      vertex -6.88699 -7.28737 3.85984
      vertex -3.15695 -6.41727 5.10248
    endloop
  endfacet
  facet normal -1.5791e-05 -0.819132 0.573606
    outer loop
      vertex -3.15695 -6.41727 5.10248
      vertex -6.88699 -7.28737 3.85984
      vertex -3.13577 -6.41886 5.10021
    endloop
  endfacet
  facet normal 3.75208e-05 -0.819207 0.573497
    outer loop
      vertex -3.13577 -6.41886 5.10021
      vertex -6.88699 -7.28737 3.85984
      vertex -3.11041 -6.42063 5.09768
    endloop
  endfacet
  facet normal 2.16827e-06 -0.819157 0.57357
    outer loop
      vertex -3.11041 -6.42063 5.09768
      vertex -6.88699 -7.28737 3.85984
      vertex -2.87257 -6.43721 5.074
    endloop
  endfacet
  facet normal -4.10939e-06 -0.819147 0.573584
    outer loop
      vertex -2.87257 -6.43721 5.074
      vertex -6.88699 -7.28737 3.85984
      vertex -2.67489 -6.44992 5.05585
    endloop
  endfacet
  facet normal -2.49236e-05 -0.819111 0.573635
    outer loop
      vertex -6.88699 -7.28737 3.85984
      vertex -2.43872 -6.46414 5.03555
      vertex -2.61498 -6.45377 5.05035
    endloop
  endfacet
  facet normal 2.69005e-06 -0.81916 0.573565
    outer loop
      vertex -6.88699 -7.28737 3.85984
      vertex -1.7444 -6.49881 4.98603
      vertex -1.86996 -6.49351 4.9936
    endloop
  endfacet
  facet normal -0.028131 0.00300317 -0.9996
    outer loop
      vertex -0.922072 -6.52562 4.94774
      vertex -0.69017 -6.5302 4.9412
      vertex -0.836616 -6.52731 4.94533
    endloop
  endfacet
  facet normal 0.0143191 0.34629 0.938018
    outer loop
      vertex -0.459458 -6.53346 4.93655
      vertex -0.229532 -6.53541 4.93376
      vertex -0.304622 -6.53477 4.93467
    endloop
  endfacet
  facet normal 6.36384e-07 -0.819159 0.573567
    outer loop
      vertex -0.0736514 -6.53585 4.93314
      vertex -6.88699 -7.28737 3.85984
      vertex 0 -6.53606 4.93284
    endloop
  endfacet
  facet normal -3.01286e-05 -0.819067 0.573698
    outer loop
      vertex -0.229532 -6.53541 4.93376
      vertex -6.88699 -7.28737 3.85984
      vertex -0.0736514 -6.53585 4.93314
    endloop
  endfacet
  facet normal 1.18002e-05 -0.819189 0.573524
    outer loop
      vertex -0.459458 -6.53346 4.93655
      vertex -6.88699 -7.28737 3.85984
      vertex -0.229532 -6.53541 4.93376
    endloop
  endfacet
  facet normal -6.78076e-06 -0.819137 0.573598
    outer loop
      vertex -0.610267 -6.53133 4.93959
      vertex -6.88699 -7.28737 3.85984
      vertex -0.459458 -6.53346 4.93655
    endloop
  endfacet
  facet normal -2.45869e-05 -0.819088 0.573668
    outer loop
      vertex -0.69017 -6.5302 4.9412
      vertex -6.88699 -7.28737 3.85984
      vertex -0.610267 -6.53133 4.93959
    endloop
  endfacet
  facet normal -2.0725e-06 -0.819149 0.573581
    outer loop
      vertex -0.922072 -6.52562 4.94774
      vertex -6.88699 -7.28737 3.85984
      vertex -0.69017 -6.5302 4.9412
    endloop
  endfacet
  facet normal 2.76222e-05 -0.819225 0.573472
    outer loop
      vertex -1.01274 -6.52332 4.95103
      vertex -6.88699 -7.28737 3.85984
      vertex -0.922072 -6.52562 4.94774
    endloop
  endfacet
  facet normal -1.42499e-05 -0.819119 0.573623
    outer loop
      vertex -1.15557 -6.51969 4.95621
      vertex -6.88699 -7.28737 3.85984
      vertex -1.01274 -6.52332 4.95103
    endloop
  endfacet
  facet normal -2.39154e-05 -0.819096 0.573657
    outer loop
      vertex -1.28925 -6.51554 4.96213
      vertex -6.88699 -7.28737 3.85984
      vertex -1.15557 -6.51969 4.95621
    endloop
  endfacet
  facet normal 5.20739e-05 -0.819277 0.573398
    outer loop
      vertex -1.39109 -6.51239 4.96664
      vertex -6.88699 -7.28737 3.85984
      vertex -1.28925 -6.51554 4.96213
    endloop
  endfacet
  facet normal -1.92014e-05 -0.819111 0.573636
    outer loop
      vertex -1.51632 -6.5078 4.97319
      vertex -6.88699 -7.28737 3.85984
      vertex -1.39109 -6.51239 4.96664
    endloop
  endfacet
  facet normal 2.43177e-05 -0.819209 0.573495
    outer loop
      vertex -1.62907 -6.50368 4.97908
      vertex -6.88699 -7.28737 3.85984
      vertex -1.51632 -6.5078 4.97319
    endloop
  endfacet
  facet normal -2.0046e-05 -0.819111 0.573635
    outer loop
      vertex -1.7444 -6.49881 4.98603
      vertex -6.88699 -7.28737 3.85984
      vertex -1.62907 -6.50368 4.97908
    endloop
  endfacet
  facet normal -1.35988e-05 -0.819126 0.573613
    outer loop
      vertex -2.01154 -6.48675 5.00325
      vertex -6.88699 -7.28737 3.85984
      vertex -1.86996 -6.49351 4.9936
    endloop
  endfacet
  facet normal 5.20823e-05 -0.819258 0.573425
    outer loop
      vertex -2.11423 -6.48185 5.01026
      vertex -6.88699 -7.28737 3.85984
      vertex -2.01154 -6.48675 5.00325
    endloop
  endfacet
  facet normal -2.55509e-05 -0.819107 0.573641
    outer loop
      vertex -2.27499 -6.47328 5.02249
      vertex -6.88699 -7.28737 3.85984
      vertex -2.11423 -6.48185 5.01026
    endloop
  endfacet
  facet normal -2.63189e-05 -0.819105 0.573644
    outer loop
      vertex -2.36239 -6.46862 5.02914
      vertex -6.88699 -7.28737 3.85984
      vertex -2.27499 -6.47328 5.02249
    endloop
  endfacet
  facet normal 6.73646e-05 -0.819275 0.5734
    outer loop
      vertex -2.43872 -6.46414 5.03555
      vertex -6.88699 -7.28737 3.85984
      vertex -2.36239 -6.46862 5.02914
    endloop
  endfacet
  facet normal 1.15464e-05 -0.819173 0.573547
    outer loop
      vertex -2.67489 -6.44992 5.05585
      vertex -6.88699 -7.28737 3.85984
      vertex -2.61498 -6.45377 5.05035
    endloop
  endfacet
  facet normal -1.78752e-05 -0.819167 0.573556
    outer loop
      vertex 6.88699 -7.28737 3.85984
      vertex 4.99834 -6.23288 5.36583
      vertex 4.85993 -6.24945 5.34216
    endloop
  endfacet
  facet normal -1.8281e-05 -0.819167 0.573555
    outer loop
      vertex 6.88699 -7.28737 3.85984
      vertex 4.85993 -6.24945 5.34216
      vertex 4.6677 -6.27134 5.31089
    endloop
  endfacet
  facet normal -2.16981e-05 -0.819169 0.573552
    outer loop
      vertex 6.88699 -7.28737 3.85984
      vertex 4.6677 -6.27134 5.31089
      vertex 4.55093 -6.28464 5.29189
    endloop
  endfacet
  facet normal 3.72592e-05 -0.819124 0.573616
    outer loop
      vertex 6.88699 -7.28737 3.85984
      vertex 4.55093 -6.28464 5.29189
      vertex 4.40441 -6.30048 5.26928
    endloop
  endfacet
  facet normal 1.81243e-05 -0.81914 0.573594
    outer loop
      vertex 6.88699 -7.28737 3.85984
      vertex 4.40441 -6.30048 5.26928
      vertex 4.25187 -6.31696 5.24575
    endloop
  endfacet
  facet normal -1.84289e-05 -0.819173 0.573547
    outer loop
      vertex 6.88699 -7.28737 3.85984
      vertex 4.25187 -6.31696 5.24575
      vertex 4.05103 -6.33747 5.21645
    endloop
  endfacet
  facet normal 2.37711e-05 -0.819131 0.573606
    outer loop
      vertex 6.88699 -7.28737 3.85984
      vertex 4.05103 -6.33747 5.21645
      vertex 3.96178 -6.34659 5.20343
    endloop
  endfacet
  facet normal -9.22245e-05 -0.81925 0.573437
    outer loop
      vertex 6.88699 -7.28737 3.85984
      vertex 3.96178 -6.34659 5.20343
      vertex 3.89452 -6.35305 5.19419
    endloop
  endfacet
  facet normal 2.69007e-06 -0.81915 0.57358
    outer loop
      vertex 6.88699 -7.28737 3.85984
      vertex 3.89452 -6.35305 5.19419
      vertex 3.6798 -6.3737 5.1647
    endloop
  endfacet
  facet normal 8.67493e-06 -0.819143 0.57359
    outer loop
      vertex 6.88699 -7.28737 3.85984
      vertex 3.6798 -6.3737 5.1647
      vertex 3.40745 -6.39826 5.12963
    endloop
  endfacet
  facet normal -1.58806e-05 -0.819174 0.573544
    outer loop
      vertex 6.88699 -7.28737 3.85984
      vertex 3.40745 -6.39826 5.12963
      vertex 3.40514 -6.39847 5.12933
    endloop
  endfacet
  facet normal 0.00101375 -0.817845 0.575438
    outer loop
      vertex 6.88699 -7.28737 3.85984
      vertex 3.40514 -6.39847 5.12933
      vertex 3.40333 -6.39862 5.12912
    endloop
  endfacet
  facet normal -0.000215527 -0.819433 0.573175
    outer loop
      vertex 6.88699 -7.28737 3.85984
      vertex 3.40333 -6.39862 5.12912
      vertex 3.38799 -6.39991 5.12727
    endloop
  endfacet
  facet normal 5.29038e-06 -0.819146 0.573584
    outer loop
      vertex 6.88699 -7.28737 3.85984
      vertex 3.38799 -6.39991 5.12727
      vertex 3.15695 -6.41727 5.10248
    endloop
  endfacet
  facet normal 1.5791e-05 -0.819132 0.573606
    outer loop
      vertex 6.88699 -7.28737 3.85984
      vertex 3.15695 -6.41727 5.10248
      vertex 3.13577 -6.41886 5.10021
    endloop
  endfacet
  facet normal -3.75208e-05 -0.819207 0.573497
    outer loop
      vertex 6.88699 -7.28737 3.85984
      vertex 3.13577 -6.41886 5.10021
      vertex 3.11041 -6.42063 5.09768
    endloop
  endfacet
  facet normal -2.16827e-06 -0.819157 0.57357
    outer loop
      vertex 6.88699 -7.28737 3.85984
      vertex 3.11041 -6.42063 5.09768
      vertex 2.87257 -6.43721 5.074
    endloop
  endfacet
  facet normal 4.10939e-06 -0.819147 0.573584
    outer loop
      vertex 6.88699 -7.28737 3.85984
      vertex 2.87257 -6.43721 5.074
      vertex 2.67489 -6.44992 5.05585
    endloop
  endfacet
  facet normal -1.15464e-05 -0.819173 0.573547
    outer loop
      vertex 6.88699 -7.28737 3.85984
      vertex 2.67489 -6.44992 5.05585
      vertex 2.61498 -6.45377 5.05035
    endloop
  endfacet
  facet normal -6.73646e-05 -0.819275 0.5734
    outer loop
      vertex 6.88699 -7.28737 3.85984
      vertex 2.43872 -6.46414 5.03555
      vertex 2.36239 -6.46862 5.02914
    endloop
  endfacet
  facet normal 2.0046e-05 -0.819111 0.573635
    outer loop
      vertex 6.88699 -7.28737 3.85984
      vertex 1.7444 -6.49881 4.98603
      vertex 1.62907 -6.50368 4.97908
    endloop
  endfacet
  facet normal 0.028131 0.00300317 -0.9996
    outer loop
      vertex 0.69017 -6.5302 4.9412
      vertex 0.922072 -6.52562 4.94774
      vertex 0.836616 -6.52731 4.94533
    endloop
  endfacet
  facet normal -0.0143191 0.34629 0.938018
    outer loop
      vertex 0.229532 -6.53541 4.93376
      vertex 0.459458 -6.53346 4.93655
      vertex 0.304622 -6.53477 4.93467
    endloop
  endfacet
  facet normal -6.7055e-07 -0.819155 0.573573
    outer loop
      vertex -6.88699 -7.28737 3.85984
      vertex 0.0736514 -6.53585 4.93314
      vertex 0 -6.53606 4.93284
    endloop
  endfacet
  facet normal 0 -0.819157 0.57357
    outer loop
      vertex 6.88699 -7.28737 3.85984
      vertex 0.0736514 -6.53585 4.93314
      vertex -6.88699 -7.28737 3.85984
    endloop
  endfacet
  facet normal 3.01286e-05 -0.819067 0.573698
    outer loop
      vertex 0.0736514 -6.53585 4.93314
      vertex 6.88699 -7.28737 3.85984
      vertex 0.229532 -6.53541 4.93376
    endloop
  endfacet
  facet normal -1.18002e-05 -0.819189 0.573524
    outer loop
      vertex 0.229532 -6.53541 4.93376
      vertex 6.88699 -7.28737 3.85984
      vertex 0.459458 -6.53346 4.93655
    endloop
  endfacet
  facet normal 6.78076e-06 -0.819137 0.573598
    outer loop
      vertex 0.459458 -6.53346 4.93655
      vertex 6.88699 -7.28737 3.85984
      vertex 0.610267 -6.53133 4.93959
    endloop
  endfacet
  facet normal 2.45869e-05 -0.819088 0.573668
    outer loop
      vertex 0.610267 -6.53133 4.93959
      vertex 6.88699 -7.28737 3.85984
      vertex 0.69017 -6.5302 4.9412
    endloop
  endfacet
  facet normal 2.0725e-06 -0.819149 0.573581
    outer loop
      vertex 0.69017 -6.5302 4.9412
      vertex 6.88699 -7.28737 3.85984
      vertex 0.922072 -6.52562 4.94774
    endloop
  endfacet
  facet normal -2.76222e-05 -0.819225 0.573472
    outer loop
      vertex 0.922072 -6.52562 4.94774
      vertex 6.88699 -7.28737 3.85984
      vertex 1.01274 -6.52332 4.95103
    endloop
  endfacet
  facet normal 1.42499e-05 -0.819119 0.573623
    outer loop
      vertex 1.01274 -6.52332 4.95103
      vertex 6.88699 -7.28737 3.85984
      vertex 1.15557 -6.51969 4.95621
    endloop
  endfacet
  facet normal 2.39154e-05 -0.819096 0.573657
    outer loop
      vertex 1.15557 -6.51969 4.95621
      vertex 6.88699 -7.28737 3.85984
      vertex 1.28925 -6.51554 4.96213
    endloop
  endfacet
  facet normal -5.20739e-05 -0.819277 0.573398
    outer loop
      vertex 1.28925 -6.51554 4.96213
      vertex 6.88699 -7.28737 3.85984
      vertex 1.39109 -6.51239 4.96664
    endloop
  endfacet
  facet normal 1.92014e-05 -0.819111 0.573636
    outer loop
      vertex 1.39109 -6.51239 4.96664
      vertex 6.88699 -7.28737 3.85984
      vertex 1.51632 -6.5078 4.97319
    endloop
  endfacet
  facet normal -2.43177e-05 -0.819209 0.573495
    outer loop
      vertex 1.51632 -6.5078 4.97319
      vertex 6.88699 -7.28737 3.85984
      vertex 1.62907 -6.50368 4.97908
    endloop
  endfacet
  facet normal -2.69005e-06 -0.81916 0.573565
    outer loop
      vertex 1.7444 -6.49881 4.98603
      vertex 6.88699 -7.28737 3.85984
      vertex 1.86996 -6.49351 4.9936
    endloop
  endfacet
  facet normal 1.35988e-05 -0.819126 0.573613
    outer loop
      vertex 1.86996 -6.49351 4.9936
      vertex 6.88699 -7.28737 3.85984
      vertex 2.01154 -6.48675 5.00325
    endloop
  endfacet
  facet normal -5.20823e-05 -0.819258 0.573425
    outer loop
      vertex 2.01154 -6.48675 5.00325
      vertex 6.88699 -7.28737 3.85984
      vertex 2.11423 -6.48185 5.01026
    endloop
  endfacet
  facet normal 2.55509e-05 -0.819107 0.573641
    outer loop
      vertex 2.11423 -6.48185 5.01026
      vertex 6.88699 -7.28737 3.85984
      vertex 2.27499 -6.47328 5.02249
    endloop
  endfacet
  facet normal 2.63189e-05 -0.819105 0.573644
    outer loop
      vertex 2.27499 -6.47328 5.02249
      vertex 6.88699 -7.28737 3.85984
      vertex 2.36239 -6.46862 5.02914
    endloop
  endfacet
  facet normal 2.49236e-05 -0.819111 0.573635
    outer loop
      vertex 2.43872 -6.46414 5.03555
      vertex 6.88699 -7.28737 3.85984
      vertex 2.61498 -6.45377 5.05035
    endloop
  endfacet
  facet normal 0 -0.819156 0.573571
    outer loop
      vertex 4.99834 -6.23288 5.36583
      vertex 6.88699 -7.28737 3.85984
      vertex 6.34853 -6.23288 5.36583
    endloop
  endfacet
  facet normal 0.707107 -0.707107 0
    outer loop
      vertex 7.63699 -8.24998 0.00999928
      vertex 8.74998 -7.13699 0
      vertex 8.74998 -7.13699 0.00999928
    endloop
  endfacet
  facet normal 0.707107 -0.707107 0
    outer loop
      vertex 8.74998 -7.13699 0
      vertex 7.63699 -8.24998 0.00999928
      vertex 7.63699 -8.24998 0
    endloop
  endfacet
  facet normal 0.992902 0 0.118933
    outer loop
      vertex 8.74998 7.13699 0.00999928
      vertex 7.99998 6.38863 6.27129
      vertex 8.74998 -7.13699 0.00999928
    endloop
  endfacet
  facet normal 1 -0 0
    outer loop
      vertex 8.74998 -7.13699 0.00999928
      vertex 8.74998 7.13699 0
      vertex 8.74998 7.13699 0.00999928
    endloop
  endfacet
  facet normal 1 0 0
    outer loop
      vertex 8.74998 7.13699 0
      vertex 8.74998 -7.13699 0.00999928
      vertex 8.74998 -7.13699 0
    endloop
  endfacet
  facet normal 0 -0.173588 0.984818
    outer loop
      vertex -6.34853 5.97873 7.51906
      vertex -5.11985 5.88183 7.50198
      vertex -4.99834 5.97873 7.51906
    endloop
  endfacet
  facet normal -7.07206e-06 -0.173675 0.984803
    outer loop
      vertex -6.34853 5.97873 7.51906
      vertex -5.16483 5.84333 7.49519
      vertex -5.11985 5.88183 7.50198
    endloop
  endfacet
  facet normal -6.93146e-06 -0.173674 0.984803
    outer loop
      vertex -6.34853 5.97873 7.51906
      vertex -5.32967 5.7022 7.4703
      vertex -5.16483 5.84333 7.49519
    endloop
  endfacet
  facet normal 3.42769e-05 -0.173527 0.984829
    outer loop
      vertex -6.34853 5.97873 7.51906
      vertex -5.37326 5.66218 7.46325
      vertex -5.32967 5.7022 7.4703
    endloop
  endfacet
  facet normal -3.86234e-05 -0.173745 0.984791
    outer loop
      vertex -6.34853 5.97873 7.51906
      vertex -5.40546 5.6326 7.45803
      vertex -5.37326 5.66218 7.46325
    endloop
  endfacet
  facet normal 0 -0.173642 0.984809
    outer loop
      vertex -5.40546 5.6326 7.45803
      vertex -6.34853 5.97873 7.51906
      vertex -6.7 5.6326 7.45803
    endloop
  endfacet
  facet normal 0 -0.173642 0.984809
    outer loop
      vertex 6.34853 5.97873 7.51906
      vertex 5.40546 5.6326 7.45803
      vertex 6.7 5.6326 7.45803
    endloop
  endfacet
  facet normal 3.86234e-05 -0.173745 0.984791
    outer loop
      vertex 6.34853 5.97873 7.51906
      vertex 5.37326 5.66218 7.46325
      vertex 5.40546 5.6326 7.45803
    endloop
  endfacet
  facet normal -3.42769e-05 -0.173527 0.984829
    outer loop
      vertex 6.34853 5.97873 7.51906
      vertex 5.32967 5.7022 7.4703
      vertex 5.37326 5.66218 7.46325
    endloop
  endfacet
  facet normal 6.93146e-06 -0.173674 0.984803
    outer loop
      vertex 6.34853 5.97873 7.51906
      vertex 5.16483 5.84333 7.49519
      vertex 5.32967 5.7022 7.4703
    endloop
  endfacet
  facet normal 7.07206e-06 -0.173675 0.984803
    outer loop
      vertex 6.34853 5.97873 7.51906
      vertex 5.11985 5.88183 7.50198
      vertex 5.16483 5.84333 7.49519
    endloop
  endfacet
  facet normal 0 -0.173588 0.984818
    outer loop
      vertex 5.11985 5.88183 7.50198
      vertex 6.34853 5.97873 7.51906
      vertex 4.99834 5.97873 7.51906
    endloop
  endfacet
  facet normal 0 0.984723 0.174128
    outer loop
      vertex 6.88699 7.48645 6.45471
      vertex -6.88699 7.48471 6.46455
      vertex 6.88699 7.48471 6.46455
    endloop
  endfacet
  facet normal 0 0.984723 0.174128
    outer loop
      vertex -6.88699 7.48471 6.46455
      vertex 6.88699 7.48645 6.45471
      vertex -6.88699 7.48645 6.45471
    endloop
  endfacet
  facet normal 0 0.573581 0.819149
    outer loop
      vertex 6.88699 7.48471 6.46455
      vertex 4.99834 5.97873 7.51906
      vertex 6.34853 5.97873 7.51906
    endloop
  endfacet
  facet normal 3.5871e-05 0.57355 0.81917
    outer loop
      vertex 6.88699 7.48471 6.46455
      vertex 4.93734 5.98916 7.51176
      vertex 4.99834 5.97873 7.51906
    endloop
  endfacet
  facet normal 7.59018e-06 0.573575 0.819153
    outer loop
      vertex 6.88699 7.48471 6.46455
      vertex 4.85993 6.0024 7.50249
      vertex 4.93734 5.98916 7.51176
    endloop
  endfacet
  facet normal -7.84189e-06 0.573589 0.819143
    outer loop
      vertex 6.88699 7.48471 6.46455
      vertex 4.75387 6.01965 7.49041
      vertex 4.85993 6.0024 7.50249
    endloop
  endfacet
  facet normal -1.90422e-05 0.5736 0.819135
    outer loop
      vertex 6.88699 7.48471 6.46455
      vertex 4.55093 6.05266 7.46729
      vertex 4.75387 6.01965 7.49041
    endloop
  endfacet
  facet normal 8.10884e-06 0.573571 0.819156
    outer loop
      vertex 6.88699 7.48471 6.46455
      vertex 4.40441 6.07527 7.45146
      vertex 4.55093 6.05266 7.46729
    endloop
  endfacet
  facet normal 1.28526e-05 0.573565 0.81916
    outer loop
      vertex 6.88699 7.48471 6.46455
      vertex 4.25187 6.09881 7.43498
      vertex 4.40441 6.07527 7.45146
    endloop
  endfacet
  facet normal 2.02515e-05 0.573556 0.819167
    outer loop
      vertex 6.88699 7.48471 6.46455
      vertex 4.05103 6.12811 7.41447
      vertex 4.25187 6.09881 7.43498
    endloop
  endfacet
  facet normal -7.12037e-05 0.573684 0.819077
    outer loop
      vertex 6.88699 7.48471 6.46455
      vertex 3.96178 6.14112 7.40535
      vertex 4.05103 6.12811 7.41447
    endloop
  endfacet
  facet normal 3.16898e-05 0.573533 0.819182
    outer loop
      vertex 6.88699 7.48471 6.46455
      vertex 3.72266 6.17397 7.38236
      vertex 3.96178 6.14112 7.40535
    endloop
  endfacet
  facet normal -0.000182146 0.57388 0.81894
    outer loop
      vertex 6.88699 7.48471 6.46455
      vertex 3.6798 6.17985 7.37823
      vertex 3.72266 6.17397 7.38236
    endloop
  endfacet
  facet normal 3.07819e-05 0.573529 0.819185
    outer loop
      vertex 6.88699 7.48471 6.46455
      vertex 3.40745 6.21493 7.35368
      vertex 3.6798 6.17985 7.37823
    endloop
  endfacet
  facet normal -0.00182452 0.576934 0.816789
    outer loop
      vertex 6.88699 7.48471 6.46455
      vertex 3.40514 6.21522 7.35347
      vertex 3.40745 6.21493 7.35368
    endloop
  endfacet
  facet normal 8.80163e-05 0.57342 0.819261
    outer loop
      vertex 6.88699 7.48471 6.46455
      vertex 3.38799 6.21728 7.35203
      vertex 3.40514 6.21522 7.35347
    endloop
  endfacet
  facet normal -4.22037e-06 0.573591 0.819142
    outer loop
      vertex 6.88699 7.48471 6.46455
      vertex 3.15695 6.24207 7.33467
      vertex 3.38799 6.21728 7.35203
    endloop
  endfacet
  facet normal 0.000190032 0.5732 0.819416
    outer loop
      vertex 6.88699 7.48471 6.46455
      vertex 3.13577 6.24435 7.33308
      vertex 3.15695 6.24207 7.33467
    endloop
  endfacet
  facet normal -0.000134961 0.573859 0.818954
    outer loop
      vertex 6.88699 7.48471 6.46455
      vertex 3.11041 6.24687 7.33131
      vertex 3.13577 6.24435 7.33308
    endloop
  endfacet
  facet normal -4.73976e-06 0.573593 0.819141
    outer loop
      vertex 6.88699 7.48471 6.46455
      vertex 2.87257 6.27056 7.31472
      vertex 3.11041 6.24687 7.33131
    endloop
  endfacet
  facet normal 6.22889e-06 0.573569 0.819158
    outer loop
      vertex 6.88699 7.48471 6.46455
      vertex 2.67489 6.2887 7.30202
      vertex 2.87257 6.27056 7.31472
    endloop
  endfacet
  facet normal 1.24967e-05 0.573554 0.819168
    outer loop
      vertex 6.88699 7.48471 6.46455
      vertex 2.61498 6.2942 7.29817
      vertex 2.67489 6.2887 7.30202
    endloop
  endfacet
  facet normal -3.35229e-05 0.573665 0.81909
    outer loop
      vertex 6.88699 7.48471 6.46455
      vertex 2.54538 6.30005 7.29407
      vertex 2.61498 6.2942 7.29817
    endloop
  endfacet
  facet normal -1.59346e-05 0.573621 0.819121
    outer loop
      vertex 6.88699 7.48471 6.46455
      vertex 2.36239 6.31541 7.28331
      vertex 2.54538 6.30005 7.29407
    endloop
  endfacet
  facet normal 4.65301e-05 0.573459 0.819234
    outer loop
      vertex 6.88699 7.48471 6.46455
      vertex 2.20519 6.32738 7.27494
      vertex 2.36239 6.31541 7.28331
    endloop
  endfacet
  facet normal -3.06511e-05 0.573669 0.819088
    outer loop
      vertex 6.88699 7.48471 6.46455
      vertex 2.11423 6.3343 7.27009
      vertex 2.20519 6.32738 7.27494
    endloop
  endfacet
  facet normal 5.02591e-06 0.573569 0.819157
    outer loop
      vertex 6.88699 7.48471 6.46455
      vertex 1.97389 6.34387 7.26339
      vertex 2.11423 6.3343 7.27009
    endloop
  endfacet
  facet normal -3.31004e-05 0.573679 0.81908
    outer loop
      vertex 6.88699 7.48471 6.46455
      vertex 1.86996 6.35096 7.25842
      vertex 1.97389 6.34387 7.26339
    endloop
  endfacet
  facet normal 2.82956e-06 0.573573 0.819155
    outer loop
      vertex 6.88699 7.48471 6.46455
      vertex 1.75426 6.35793 7.25354
      vertex 1.86996 6.35096 7.25842
    endloop
  endfacet
  facet normal -1.88561e-06 0.573587 0.819145
    outer loop
      vertex 6.88699 7.48471 6.46455
      vertex 1.62907 6.36547 7.24826
      vertex 1.75426 6.35793 7.25354
    endloop
  endfacet
  facet normal 7.43947e-06 0.573558 0.819165
    outer loop
      vertex 6.88699 7.48471 6.46455
      vertex 1.51632 6.37137 7.24413
      vertex 1.62907 6.36547 7.24826
    endloop
  endfacet
  facet normal 3.3556e-05 0.573473 0.819224
    outer loop
      vertex 6.88699 7.48471 6.46455
      vertex 1.39109 6.37792 7.23955
      vertex 1.51632 6.37137 7.24413
    endloop
  endfacet
  facet normal -4.28849e-05 0.573728 0.819046
    outer loop
      vertex 6.88699 7.48471 6.46455
      vertex 1.25547 6.38392 7.23534
      vertex 1.39109 6.37792 7.23955
    endloop
  endfacet
  facet normal 7.99115e-05 0.573306 0.819341
    outer loop
      vertex 6.88699 7.48471 6.46455
      vertex 1.15557 6.38835 7.23225
      vertex 1.25547 6.38392 7.23534
    endloop
  endfacet
  facet normal -4.74015e-05 0.573753 0.819028
    outer loop
      vertex 6.88699 7.48471 6.46455
      vertex 1.01274 6.39352 7.22862
      vertex 1.15557 6.38835 7.23225
    endloop
  endfacet
  facet normal 2.80778e-05 0.57348 0.819219
    outer loop
      vertex 6.88699 7.48471 6.46455
      vertex 0.922072 6.39681 7.22632
      vertex 1.01274 6.39352 7.22862
    endloop
  endfacet
  facet normal -2.04905e-05 0.573659 0.819094
    outer loop
      vertex 6.88699 7.48471 6.46455
      vertex 0.836616 6.39922 7.22463
      vertex 0.922072 6.39681 7.22632
    endloop
  endfacet
  facet normal 4.30306e-05 0.573421 0.819261
    outer loop
      vertex 6.88699 7.48471 6.46455
      vertex 0.69017 6.40336 7.22174
      vertex 0.836616 6.39922 7.22463
    endloop
  endfacet
  facet normal -2.42172e-05 0.57368 0.81908
    outer loop
      vertex 6.88699 7.48471 6.46455
      vertex 0.610267 6.40497 7.22061
      vertex 0.69017 6.40336 7.22174
    endloop
  endfacet
  facet normal -6.41107e-06 0.573611 0.819128
    outer loop
      vertex 6.88699 7.48471 6.46455
      vertex 0.459458 6.40801 7.21848
      vertex 0.610267 6.40497 7.22061
    endloop
  endfacet
  facet normal -5.81796e-05 0.573818 0.818983
    outer loop
      vertex 6.88699 7.48471 6.46455
      vertex 0.383376 6.40893 7.21783
      vertex 0.459458 6.40801 7.21848
    endloop
  endfacet
  facet normal 1.19317e-05 0.573534 0.819182
    outer loop
      vertex 6.88699 7.48471 6.46455
      vertex 0.229532 6.41079 7.21653
      vertex 0.383376 6.40893 7.21783
    endloop
  endfacet
  facet normal 7.11956e-07 0.57358 0.819149
    outer loop
      vertex 6.88699 7.48471 6.46455
      vertex 0.155539 6.41109 7.21632
      vertex 0.229532 6.41079 7.21653
    endloop
  endfacet
  facet normal 5.84746e-06 0.573559 0.819165
    outer loop
      vertex 6.88699 7.48471 6.46455
      vertex 0 6.41172 7.21588
      vertex 0.155539 6.41109 7.21632
    endloop
  endfacet
  facet normal -6.15935e-06 0.57361 0.819128
    outer loop
      vertex 6.88699 7.48471 6.46455
      vertex -0.155539 6.41109 7.21632
      vertex 0 6.41172 7.21588
    endloop
  endfacet
  facet normal -0 0.573583 0.819147
    outer loop
      vertex -6.88699 7.48471 6.46455
      vertex -0.155539 6.41109 7.21632
      vertex 6.88699 7.48471 6.46455
    endloop
  endfacet
  facet normal -7.11956e-07 0.57358 0.819149
    outer loop
      vertex -0.155539 6.41109 7.21632
      vertex -6.88699 7.48471 6.46455
      vertex -0.229532 6.41079 7.21653
    endloop
  endfacet
  facet normal -1.19317e-05 0.573534 0.819182
    outer loop
      vertex -0.229532 6.41079 7.21653
      vertex -6.88699 7.48471 6.46455
      vertex -0.383376 6.40893 7.21783
    endloop
  endfacet
  facet normal 5.81796e-05 0.573818 0.818983
    outer loop
      vertex -0.383376 6.40893 7.21783
      vertex -6.88699 7.48471 6.46455
      vertex -0.459458 6.40801 7.21848
    endloop
  endfacet
  facet normal 6.41107e-06 0.573611 0.819128
    outer loop
      vertex -0.459458 6.40801 7.21848
      vertex -6.88699 7.48471 6.46455
      vertex -0.610267 6.40497 7.22061
    endloop
  endfacet
  facet normal 2.42172e-05 0.57368 0.81908
    outer loop
      vertex -0.610267 6.40497 7.22061
      vertex -6.88699 7.48471 6.46455
      vertex -0.69017 6.40336 7.22174
    endloop
  endfacet
  facet normal -4.30306e-05 0.573421 0.819261
    outer loop
      vertex -0.69017 6.40336 7.22174
      vertex -6.88699 7.48471 6.46455
      vertex -0.836616 6.39922 7.22463
    endloop
  endfacet
  facet normal 2.04905e-05 0.573659 0.819094
    outer loop
      vertex -0.836616 6.39922 7.22463
      vertex -6.88699 7.48471 6.46455
      vertex -0.922072 6.39681 7.22632
    endloop
  endfacet
  facet normal -2.80778e-05 0.57348 0.819219
    outer loop
      vertex -0.922072 6.39681 7.22632
      vertex -6.88699 7.48471 6.46455
      vertex -1.01274 6.39352 7.22862
    endloop
  endfacet
  facet normal 4.74015e-05 0.573753 0.819028
    outer loop
      vertex -1.01274 6.39352 7.22862
      vertex -6.88699 7.48471 6.46455
      vertex -1.15557 6.38835 7.23225
    endloop
  endfacet
  facet normal -7.99115e-05 0.573306 0.819341
    outer loop
      vertex -1.15557 6.38835 7.23225
      vertex -6.88699 7.48471 6.46455
      vertex -1.25547 6.38392 7.23534
    endloop
  endfacet
  facet normal 4.28849e-05 0.573728 0.819046
    outer loop
      vertex -1.25547 6.38392 7.23534
      vertex -6.88699 7.48471 6.46455
      vertex -1.39109 6.37792 7.23955
    endloop
  endfacet
  facet normal -3.3556e-05 0.573473 0.819224
    outer loop
      vertex -1.39109 6.37792 7.23955
      vertex -6.88699 7.48471 6.46455
      vertex -1.51632 6.37137 7.24413
    endloop
  endfacet
  facet normal -7.43947e-06 0.573558 0.819165
    outer loop
      vertex -1.51632 6.37137 7.24413
      vertex -6.88699 7.48471 6.46455
      vertex -1.62907 6.36547 7.24826
    endloop
  endfacet
  facet normal 1.88561e-06 0.573587 0.819145
    outer loop
      vertex -1.62907 6.36547 7.24826
      vertex -6.88699 7.48471 6.46455
      vertex -1.75426 6.35793 7.25354
    endloop
  endfacet
  facet normal -2.82956e-06 0.573573 0.819155
    outer loop
      vertex -1.75426 6.35793 7.25354
      vertex -6.88699 7.48471 6.46455
      vertex -1.86996 6.35096 7.25842
    endloop
  endfacet
  facet normal 3.31004e-05 0.573679 0.81908
    outer loop
      vertex -1.86996 6.35096 7.25842
      vertex -6.88699 7.48471 6.46455
      vertex -1.97389 6.34387 7.26339
    endloop
  endfacet
  facet normal -5.02591e-06 0.573569 0.819157
    outer loop
      vertex -1.97389 6.34387 7.26339
      vertex -6.88699 7.48471 6.46455
      vertex -2.11423 6.3343 7.27009
    endloop
  endfacet
  facet normal 3.06511e-05 0.573669 0.819088
    outer loop
      vertex -2.11423 6.3343 7.27009
      vertex -6.88699 7.48471 6.46455
      vertex -2.20519 6.32738 7.27494
    endloop
  endfacet
  facet normal -4.65301e-05 0.573459 0.819234
    outer loop
      vertex -2.20519 6.32738 7.27494
      vertex -6.88699 7.48471 6.46455
      vertex -2.36239 6.31541 7.28331
    endloop
  endfacet
  facet normal 1.59346e-05 0.573621 0.819121
    outer loop
      vertex -2.36239 6.31541 7.28331
      vertex -6.88699 7.48471 6.46455
      vertex -2.54538 6.30005 7.29407
    endloop
  endfacet
  facet normal 3.35229e-05 0.573665 0.81909
    outer loop
      vertex -2.54538 6.30005 7.29407
      vertex -6.88699 7.48471 6.46455
      vertex -2.61498 6.2942 7.29817
    endloop
  endfacet
  facet normal -1.24967e-05 0.573554 0.819168
    outer loop
      vertex -2.61498 6.2942 7.29817
      vertex -6.88699 7.48471 6.46455
      vertex -2.67489 6.2887 7.30202
    endloop
  endfacet
  facet normal -6.22889e-06 0.573569 0.819158
    outer loop
      vertex -2.67489 6.2887 7.30202
      vertex -6.88699 7.48471 6.46455
      vertex -2.87257 6.27056 7.31472
    endloop
  endfacet
  facet normal 4.73976e-06 0.573593 0.819141
    outer loop
      vertex -2.87257 6.27056 7.31472
      vertex -6.88699 7.48471 6.46455
      vertex -3.11041 6.24687 7.33131
    endloop
  endfacet
  facet normal 0.000134961 0.573859 0.818954
    outer loop
      vertex -3.11041 6.24687 7.33131
      vertex -6.88699 7.48471 6.46455
      vertex -3.13577 6.24435 7.33308
    endloop
  endfacet
  facet normal -0.000190032 0.5732 0.819416
    outer loop
      vertex -3.13577 6.24435 7.33308
      vertex -6.88699 7.48471 6.46455
      vertex -3.15695 6.24207 7.33467
    endloop
  endfacet
  facet normal 4.22037e-06 0.573591 0.819142
    outer loop
      vertex -3.15695 6.24207 7.33467
      vertex -6.88699 7.48471 6.46455
      vertex -3.38799 6.21728 7.35203
    endloop
  endfacet
  facet normal -3.5871e-05 0.57355 0.81917
    outer loop
      vertex -6.88699 7.48471 6.46455
      vertex -4.99834 5.97873 7.51906
      vertex -4.93734 5.98916 7.51176
    endloop
  endfacet
  facet normal -7.59018e-06 0.573575 0.819153
    outer loop
      vertex -6.88699 7.48471 6.46455
      vertex -4.93734 5.98916 7.51176
      vertex -4.85993 6.0024 7.50249
    endloop
  endfacet
  facet normal 7.84189e-06 0.573589 0.819143
    outer loop
      vertex -6.88699 7.48471 6.46455
      vertex -4.85993 6.0024 7.50249
      vertex -4.75387 6.01965 7.49041
    endloop
  endfacet
  facet normal 1.90422e-05 0.5736 0.819135
    outer loop
      vertex -6.88699 7.48471 6.46455
      vertex -4.75387 6.01965 7.49041
      vertex -4.55093 6.05266 7.46729
    endloop
  endfacet
  facet normal -8.10884e-06 0.573571 0.819156
    outer loop
      vertex -6.88699 7.48471 6.46455
      vertex -4.55093 6.05266 7.46729
      vertex -4.40441 6.07527 7.45146
    endloop
  endfacet
  facet normal -1.28526e-05 0.573565 0.81916
    outer loop
      vertex -6.88699 7.48471 6.46455
      vertex -4.40441 6.07527 7.45146
      vertex -4.25187 6.09881 7.43498
    endloop
  endfacet
  facet normal -2.02515e-05 0.573556 0.819167
    outer loop
      vertex -6.88699 7.48471 6.46455
      vertex -4.25187 6.09881 7.43498
      vertex -4.05103 6.12811 7.41447
    endloop
  endfacet
  facet normal 7.12037e-05 0.573684 0.819077
    outer loop
      vertex -6.88699 7.48471 6.46455
      vertex -4.05103 6.12811 7.41447
      vertex -3.96178 6.14112 7.40535
    endloop
  endfacet
  facet normal -3.16898e-05 0.573533 0.819182
    outer loop
      vertex -6.88699 7.48471 6.46455
      vertex -3.96178 6.14112 7.40535
      vertex -3.72266 6.17397 7.38236
    endloop
  endfacet
  facet normal 0.000182146 0.57388 0.81894
    outer loop
      vertex -6.88699 7.48471 6.46455
      vertex -3.72266 6.17397 7.38236
      vertex -3.6798 6.17985 7.37823
    endloop
  endfacet
  facet normal -3.07819e-05 0.573529 0.819185
    outer loop
      vertex -6.88699 7.48471 6.46455
      vertex -3.6798 6.17985 7.37823
      vertex -3.40745 6.21493 7.35368
    endloop
  endfacet
  facet normal 0.00182452 0.576934 0.816789
    outer loop
      vertex -6.88699 7.48471 6.46455
      vertex -3.40745 6.21493 7.35368
      vertex -3.40514 6.21522 7.35347
    endloop
  endfacet
  facet normal -8.80163e-05 0.57342 0.819261
    outer loop
      vertex -3.38799 6.21728 7.35203
      vertex -6.88699 7.48471 6.46455
      vertex -3.40514 6.21522 7.35347
    endloop
  endfacet
  facet normal 0 0.573581 0.819149
    outer loop
      vertex -4.99834 5.97873 7.51906
      vertex -6.88699 7.48471 6.46455
      vertex -6.34853 5.97873 7.51906
    endloop
  endfacet
  facet normal -6.337e-06 -0.173698 0.984799
    outer loop
      vertex -6.7 5.6326 7.45803
      vertex -5.57514 5.47398 7.43006
      vertex -5.533 5.51548 7.43738
    endloop
  endfacet
  facet normal -2.6479e-06 -0.173656 0.984806
    outer loop
      vertex -6.7 5.6326 7.45803
      vertex -5.9583 5.07734 7.36012
      vertex -5.9192 5.12163 7.36793
    endloop
  endfacet
  facet normal 0.00013381 -0.17362 0.984813
    outer loop
      vertex -6.7 5.6326 7.45803
      vertex -6.47806 4.43548 7.24695
      vertex -6.44388 4.48355 7.25542
    endloop
  endfacet
  facet normal -0.000120643 -0.173653 0.984807
    outer loop
      vertex -6.60334 4.25927 7.21588
      vertex -6.7 5.6326 7.45803
      vertex -6.65691 4.17804 7.20155
    endloop
  endfacet
  facet normal -5.8125e-07 -0.173645 0.984808
    outer loop
      vertex -6.47806 4.43548 7.24695
      vertex -6.7 5.6326 7.45803
      vertex -6.60334 4.25927 7.21588
    endloop
  endfacet
  facet normal 8.31809e-06 -0.173648 0.984808
    outer loop
      vertex -6.31243 4.65534 7.28571
      vertex -6.7 5.6326 7.45803
      vertex -6.44388 4.48355 7.25542
    endloop
  endfacet
  facet normal -9.81068e-05 -0.173689 0.984801
    outer loop
      vertex -6.27656 4.70221 7.29398
      vertex -6.7 5.6326 7.45803
      vertex -6.31243 4.65534 7.28571
    endloop
  endfacet
  facet normal 6.5865e-05 -0.173616 0.984813
    outer loop
      vertex -6.23906 4.74783 7.30202
      vertex -6.7 5.6326 7.45803
      vertex -6.27656 4.70221 7.29398
    endloop
  endfacet
  facet normal -2.17511e-05 -0.17366 0.984806
    outer loop
      vertex -6.1016 4.91499 7.3315
      vertex -6.7 5.6326 7.45803
      vertex -6.23906 4.74783 7.30202
    endloop
  endfacet
  facet normal 2.04232e-05 -0.173626 0.984812
    outer loop
      vertex -5.9583 5.07734 7.36012
      vertex -6.7 5.6326 7.45803
      vertex -6.1016 4.91499 7.3315
    endloop
  endfacet
  facet normal -1.72529e-05 -0.173678 0.984803
    outer loop
      vertex -5.87856 5.16455 7.3755
      vertex -6.7 5.6326 7.45803
      vertex -5.9192 5.12163 7.36793
    endloop
  endfacet
  facet normal -4.32623e-07 -0.173649 0.984808
    outer loop
      vertex -5.72959 5.32187 7.40324
      vertex -6.7 5.6326 7.45803
      vertex -5.87856 5.16455 7.3755
    endloop
  endfacet
  facet normal 1.65292e-06 -0.173643 0.984809
    outer loop
      vertex -5.57514 5.47398 7.43006
      vertex -6.7 5.6326 7.45803
      vertex -5.72959 5.32187 7.40324
    endloop
  endfacet
  facet normal 0 -0.173637 0.98481
    outer loop
      vertex -6.7 5.6326 7.45803
      vertex -5.533 5.51548 7.43738
      vertex -5.40546 5.6326 7.45803
    endloop
  endfacet
  facet normal 7.79725e-06 -0.173648 0.984808
    outer loop
      vertex 6.31243 -4.90949 5.59918
      vertex 6.34853 -6.23288 5.36583
      vertex 6.39076 -4.80712 5.61723
    endloop
  endfacet
  facet normal -0.000146649 -0.173653 0.984807
    outer loop
      vertex 6.27656 -4.95636 5.59091
      vertex 6.34853 -6.23288 5.36583
      vertex 6.31243 -4.90949 5.59918
    endloop
  endfacet
  facet normal 5.15584e-05 -0.173642 0.984809
    outer loop
      vertex 6.23906 -5.00197 5.58287
      vertex 6.34853 -6.23288 5.36583
      vertex 6.27656 -4.95636 5.59091
    endloop
  endfacet
  facet normal -2.44231e-05 -0.173648 0.984808
    outer loop
      vertex 6.1016 -5.16914 5.55339
      vertex 6.34853 -6.23288 5.36583
      vertex 6.23906 -5.00197 5.58287
    endloop
  endfacet
  facet normal 2.17484e-05 -0.173638 0.98481
    outer loop
      vertex 5.9583 -5.33148 5.52477
      vertex 6.34853 -6.23288 5.36583
      vertex 6.1016 -5.16914 5.55339
    endloop
  endfacet
  facet normal 2.07715e-05 -0.173638 0.98481
    outer loop
      vertex 5.9192 -5.37578 5.51696
      vertex 6.34853 -6.23288 5.36583
      vertex 5.9583 -5.33148 5.52477
    endloop
  endfacet
  facet normal -3.23107e-05 -0.173664 0.984805
    outer loop
      vertex 5.87856 -5.4187 5.50939
      vertex 6.34853 -6.23288 5.36583
      vertex 5.9192 -5.37578 5.51696
    endloop
  endfacet
  facet normal -2.49198e-06 -0.173647 0.984808
    outer loop
      vertex 5.72959 -5.57602 5.48165
      vertex 6.34853 -6.23288 5.36583
      vertex 5.87856 -5.4187 5.50939
    endloop
  endfacet
  facet normal -3.8427e-06 -0.173649 0.984808
    outer loop
      vertex 5.57514 -5.72812 5.45483
      vertex 6.34853 -6.23288 5.36583
      vertex 5.72959 -5.57602 5.48165
    endloop
  endfacet
  facet normal -2.47869e-05 -0.17368 0.984802
    outer loop
      vertex 5.533 -5.76962 5.44751
      vertex 6.34853 -6.23288 5.36583
      vertex 5.57514 -5.72812 5.45483
    endloop
  endfacet
  facet normal -1.79908e-05 -0.173668 0.984804
    outer loop
      vertex 5.48942 -5.80965 5.44045
      vertex 6.34853 -6.23288 5.36583
      vertex 5.533 -5.76962 5.44751
    endloop
  endfacet
  facet normal 1.03047e-05 -0.173612 0.984814
    outer loop
      vertex 5.32967 -5.95635 5.41459
      vertex 6.34853 -6.23288 5.36583
      vertex 5.48942 -5.80965 5.44045
    endloop
  endfacet
  facet normal -7.21899e-06 -0.173675 0.984803
    outer loop
      vertex 5.2847 -5.99485 5.4078
      vertex 6.34853 -6.23288 5.36583
      vertex 5.32967 -5.95635 5.41459
    endloop
  endfacet
  facet normal -9.15443e-06 -0.173683 0.984802
    outer loop
      vertex 5.11985 -6.13597 5.38291
      vertex 6.34853 -6.23288 5.36583
      vertex 5.2847 -5.99485 5.4078
    endloop
  endfacet
  facet normal 1.00899e-06 -0.173558 0.984824
    outer loop
      vertex 5.07353 -6.17291 5.3764
      vertex 6.34853 -6.23288 5.36583
      vertex 5.11985 -6.13597 5.38291
    endloop
  endfacet
  facet normal 0 -0.173579 0.98482
    outer loop
      vertex 6.34853 -6.23288 5.36583
      vertex 5.07353 -6.17291 5.3764
      vertex 4.99834 -6.23288 5.36583
    endloop
  endfacet
  facet normal 0.000120643 -0.173653 0.984807
    outer loop
      vertex 6.7 5.6326 7.45803
      vertex 6.60334 4.25927 7.21588
      vertex 6.65691 4.17804 7.20155
    endloop
  endfacet
  facet normal 5.8125e-07 -0.173645 0.984808
    outer loop
      vertex 6.7 5.6326 7.45803
      vertex 6.47806 4.43548 7.24695
      vertex 6.60334 4.25927 7.21588
    endloop
  endfacet
  facet normal -0.00013381 -0.17362 0.984813
    outer loop
      vertex 6.7 5.6326 7.45803
      vertex 6.44388 4.48355 7.25542
      vertex 6.47806 4.43548 7.24695
    endloop
  endfacet
  facet normal -8.31809e-06 -0.173648 0.984808
    outer loop
      vertex 6.7 5.6326 7.45803
      vertex 6.31243 4.65534 7.28571
      vertex 6.44388 4.48355 7.25542
    endloop
  endfacet
  facet normal 9.81068e-05 -0.173689 0.984801
    outer loop
      vertex 6.7 5.6326 7.45803
      vertex 6.27656 4.70221 7.29398
      vertex 6.31243 4.65534 7.28571
    endloop
  endfacet
  facet normal -6.5865e-05 -0.173616 0.984813
    outer loop
      vertex 6.7 5.6326 7.45803
      vertex 6.23906 4.74783 7.30202
      vertex 6.27656 4.70221 7.29398
    endloop
  endfacet
  facet normal 2.17511e-05 -0.17366 0.984806
    outer loop
      vertex 6.7 5.6326 7.45803
      vertex 6.1016 4.91499 7.3315
      vertex 6.23906 4.74783 7.30202
    endloop
  endfacet
  facet normal -2.04232e-05 -0.173626 0.984812
    outer loop
      vertex 6.7 5.6326 7.45803
      vertex 5.9583 5.07734 7.36012
      vertex 6.1016 4.91499 7.3315
    endloop
  endfacet
  facet normal 2.6479e-06 -0.173656 0.984806
    outer loop
      vertex 6.7 5.6326 7.45803
      vertex 5.9192 5.12163 7.36793
      vertex 5.9583 5.07734 7.36012
    endloop
  endfacet
  facet normal 1.72529e-05 -0.173678 0.984803
    outer loop
      vertex 6.7 5.6326 7.45803
      vertex 5.87856 5.16455 7.3755
      vertex 5.9192 5.12163 7.36793
    endloop
  endfacet
  facet normal 4.32623e-07 -0.173649 0.984808
    outer loop
      vertex 6.7 5.6326 7.45803
      vertex 5.72959 5.32187 7.40324
      vertex 5.87856 5.16455 7.3755
    endloop
  endfacet
  facet normal -1.65292e-06 -0.173643 0.984809
    outer loop
      vertex 6.7 5.6326 7.45803
      vertex 5.57514 5.47398 7.43006
      vertex 5.72959 5.32187 7.40324
    endloop
  endfacet
  facet normal 6.337e-06 -0.173698 0.984799
    outer loop
      vertex 6.7 5.6326 7.45803
      vertex 5.533 5.51548 7.43738
      vertex 5.57514 5.47398 7.43006
    endloop
  endfacet
  facet normal 0 -0.173637 0.98481
    outer loop
      vertex 5.533 5.51548 7.43738
      vertex 6.7 5.6326 7.45803
      vertex 5.40546 5.6326 7.45803
    endloop
  endfacet
  facet normal -2.17484e-05 -0.173638 0.98481
    outer loop
      vertex -6.34853 -6.23288 5.36583
      vertex -5.9583 -5.33148 5.52477
      vertex -6.1016 -5.16914 5.55339
    endloop
  endfacet
  facet normal 0 -0.173579 0.98482
    outer loop
      vertex -5.07353 -6.17291 5.3764
      vertex -6.34853 -6.23288 5.36583
      vertex -4.99834 -6.23288 5.36583
    endloop
  endfacet
  facet normal -1.00899e-06 -0.173558 0.984824
    outer loop
      vertex -5.11985 -6.13597 5.38291
      vertex -6.34853 -6.23288 5.36583
      vertex -5.07353 -6.17291 5.3764
    endloop
  endfacet
  facet normal 9.15443e-06 -0.173683 0.984802
    outer loop
      vertex -5.2847 -5.99485 5.4078
      vertex -6.34853 -6.23288 5.36583
      vertex -5.11985 -6.13597 5.38291
    endloop
  endfacet
  facet normal 7.21899e-06 -0.173675 0.984803
    outer loop
      vertex -5.32967 -5.95635 5.41459
      vertex -6.34853 -6.23288 5.36583
      vertex -5.2847 -5.99485 5.4078
    endloop
  endfacet
  facet normal -1.03047e-05 -0.173612 0.984814
    outer loop
      vertex -5.48942 -5.80965 5.44045
      vertex -6.34853 -6.23288 5.36583
      vertex -5.32967 -5.95635 5.41459
    endloop
  endfacet
  facet normal 1.79908e-05 -0.173668 0.984804
    outer loop
      vertex -5.533 -5.76962 5.44751
      vertex -6.34853 -6.23288 5.36583
      vertex -5.48942 -5.80965 5.44045
    endloop
  endfacet
  facet normal 2.47869e-05 -0.17368 0.984802
    outer loop
      vertex -5.57514 -5.72812 5.45483
      vertex -6.34853 -6.23288 5.36583
      vertex -5.533 -5.76962 5.44751
    endloop
  endfacet
  facet normal 3.8427e-06 -0.173649 0.984808
    outer loop
      vertex -5.72959 -5.57602 5.48165
      vertex -6.34853 -6.23288 5.36583
      vertex -5.57514 -5.72812 5.45483
    endloop
  endfacet
  facet normal 2.49198e-06 -0.173647 0.984808
    outer loop
      vertex -5.87856 -5.4187 5.50939
      vertex -6.34853 -6.23288 5.36583
      vertex -5.72959 -5.57602 5.48165
    endloop
  endfacet
  facet normal 3.23107e-05 -0.173664 0.984805
    outer loop
      vertex -5.9192 -5.37578 5.51696
      vertex -6.34853 -6.23288 5.36583
      vertex -5.87856 -5.4187 5.50939
    endloop
  endfacet
  facet normal -2.07715e-05 -0.173638 0.98481
    outer loop
      vertex -5.9583 -5.33148 5.52477
      vertex -6.34853 -6.23288 5.36583
      vertex -5.9192 -5.37578 5.51696
    endloop
  endfacet
  facet normal 2.44231e-05 -0.173648 0.984808
    outer loop
      vertex -6.23906 -5.00197 5.58287
      vertex -6.34853 -6.23288 5.36583
      vertex -6.1016 -5.16914 5.55339
    endloop
  endfacet
  facet normal -5.15584e-05 -0.173642 0.984809
    outer loop
      vertex -6.27656 -4.95636 5.59091
      vertex -6.34853 -6.23288 5.36583
      vertex -6.23906 -5.00197 5.58287
    endloop
  endfacet
  facet normal 0.000146649 -0.173653 0.984807
    outer loop
      vertex -6.31243 -4.90949 5.59918
      vertex -6.34853 -6.23288 5.36583
      vertex -6.27656 -4.95636 5.59091
    endloop
  endfacet
  facet normal -7.79725e-06 -0.173648 0.984808
    outer loop
      vertex -6.34853 -6.23288 5.36583
      vertex -6.31243 -4.90949 5.59918
      vertex -6.39076 -4.80712 5.61723
    endloop
  endfacet
  facet normal 0.104505 -0.307617 0.945754
    outer loop
      vertex -2.6967 3.41368 6.23892
      vertex -2.5746 3.50429 6.2549
      vertex -3.14033 4.24166 6.55725
    endloop
  endfacet
  facet normal -0.0811932 -0.107854 0.990846
    outer loop
      vertex 2.61401 -2.12197 5.12472
      vertex 1.92303 -1.42375 5.1441
      vertex 1.86942 -1.48895 5.13261
    endloop
  endfacet
  facet normal 0.0468071 0.0296795 0.998463
    outer loop
      vertex -1.1108 -5.16148 4.89922
      vertex -1.2925 -5.12017 4.90651
      vertex -1.30956 -6.11765 4.93696
    endloop
  endfacet
  facet normal -0.15228 0.0166752 0.988197
    outer loop
      vertex 4.46166 -5.71522 5.248
      vertex 4.04868 -4.80198 5.16895
      vertex 3.87782 -4.93824 5.14492
    endloop
  endfacet
  facet normal 0.0696729 -0.176809 0.981776
    outer loop
      vertex -1.46451 0.11806 5.34674
      vertex -1.46184 0.168365 5.35561
      vertex -2.43442 0.223502 5.43456
    endloop
  endfacet
  facet normal 0.131599 -0.216614 0.967347
    outer loop
      vertex -3.24533 1.07657 5.68871
      vertex -3.20655 1.18748 5.70827
      vertex -4.11601 1.48984 5.8997
    endloop
  endfacet
  facet normal 0.162143 -0.232299 0.959034
    outer loop
      vertex -4.11601 1.48984 5.8997
      vertex -4.95362 1.95601 6.15423
      vertex -5.02045 1.78456 6.124
    endloop
  endfacet
  facet normal -0.113241 0.00190191 0.993566
    outer loop
      vertex 3.33776 -5.31065 5.07926
      vertex 3.52215 -5.19273 5.10005
      vertex 2.98757 -4.37694 5.03756
    endloop
  endfacet
  facet normal 0.0407873 -0.267504 0.962693
    outer loop
      vertex -0.914175 2.28415 5.7979
      vertex -1.27829 3.15392 6.05501
      vertex -1.38792 3.10809 6.04692
    endloop
  endfacet
  facet normal -0.188459 -0.25639 0.948023
    outer loop
      vertex 5.75408 2.4727 6.45167
      vertex 5.66117 2.66893 6.48627
      vertex 4.80194 2.29151 6.21339
    endloop
  endfacet
  facet normal 0.13162 -0.216573 0.967353
    outer loop
      vertex -3.24533 1.07657 5.68871
      vertex -4.11601 1.48984 5.8997
      vertex -4.16578 1.34748 5.8746
    endloop
  endfacet
  facet normal 0.111206 -0.2544 0.960684
    outer loop
      vertex -2.76064 2.01337 5.8539
      vertex -2.68896 2.10705 5.87041
      vertex -3.45162 2.67023 6.10783
    endloop
  endfacet
  facet normal -0.0679587 -0.188778 0.979665
    outer loop
      vertex 1.43338 0.367742 5.39076
      vertex 2.38703 0.555529 5.4931
      vertex 1.42188 0.416823 5.39942
    endloop
  endfacet
  facet normal -0.134991 -0.278632 0.950864
    outer loop
      vertex 4.21007 3.22432 6.37787
      vertex 4.09271 3.36704 6.40303
      vertex 3.45162 2.67023 6.10783
    endloop
  endfacet
  facet normal -0.231386 -0.0988229 0.96783
    outer loop
      vertex 5.99035 -1.96707 5.66882
      vertex 6.90592 -2.25267 5.85855
      vertex 6.91767 -2.05395 5.88165
    endloop
  endfacet
  facet normal -0.231395 -0.098854 0.967825
    outer loop
      vertex 6.90592 -2.25267 5.85855
      vertex 5.99035 -1.96707 5.66882
      vertex 6.89224 -2.29672 5.85078
    endloop
  endfacet
  facet normal -0.194132 -0.243239 0.950341
    outer loop
      vertex 5.91878 2.07127 6.38089
      vertex 5.83999 2.2734 6.41653
      vertex 4.95362 1.95601 6.15423
    endloop
  endfacet
  facet normal -0.185285 -0.0769017 0.979671
    outer loop
      vertex 5.56136 -2.96236 5.49332
      vertex 5.66117 -2.76945 5.52734
      vertex 4.80194 -2.32146 5.4
    endloop
  endfacet
  facet normal 0.125128 -0.0062857 0.992121
    outer loop
      vertex -3.70224 -5.06854 5.12195
      vertex -3.14033 -4.2716 5.05613
      vertex -3.87782 -4.93824 5.14492
    endloop
  endfacet
  facet normal 0.0679728 -0.157743 0.985138
    outer loop
      vertex -2.36787 -0.52555 5.30248
      vertex -1.43338 -0.23235 5.28495
      vertex -2.38703 -0.443813 5.31689
    endloop
  endfacet
  facet normal -0.196622 -0.103197 0.975033
    outer loop
      vertex 5.91878 -2.17179 5.63272
      vertex 5.99035 -1.96707 5.66882
      vertex 5.02045 -1.81451 5.48938
    endloop
  endfacet
  facet normal 0.0837411 -0.281448 0.955915
    outer loop
      vertex -2.10085 2.68623 5.97254
      vertex -2.00572 2.75682 5.98499
      vertex -2.6967 3.41368 6.23892
    endloop
  endfacet
  facet normal 0.214227 -0.337799 0.916514
    outer loop
      vertex -5.55147 4.49615 7.04854
      vertex -6.1016 4.91499 7.3315
      vertex -6.23906 4.74783 7.30202
    endloop
  endfacet
  facet normal -0.0320958 -0.187039 0.981828
    outer loop
      vertex 1.3587 0.608307 5.43318
      vertex 1.33872 0.654675 5.44136
      vertex 0.453084 0.253896 5.33606
    endloop
  endfacet
  facet normal 0.031069 -0.189191 0.981449
    outer loop
      vertex -0.439211 0.284581 5.34147
      vertex -0.431467 0.299548 5.34411
      vertex -1.29388 0.745211 5.45732
    endloop
  endfacet
  facet normal -0.121734 -0.238424 0.963501
    outer loop
      vertex 3.01292 1.61578 5.78379
      vertex 3.79333 2.17131 6.01986
      vertex 2.95517 1.71837 5.80188
    endloop
  endfacet
  facet normal -0.134932 -0.278684 0.950857
    outer loop
      vertex 3.45162 2.67023 6.10783
      vertex 4.09271 3.36704 6.40303
      vertex 3.3554 2.78724 6.12847
    endloop
  endfacet
  facet normal -0.10099 -0.146061 0.984107
    outer loop
      vertex 3.28015 -0.888162 5.34228
      vertex 3.31098 -0.77486 5.36226
      vertex 2.36787 -0.52555 5.30248
    endloop
  endfacet
  facet normal -0.198862 -0.10998 0.973837
    outer loop
      vertex 5.99035 -1.96707 5.66882
      vertex 5.13569 -1.46523 5.55097
      vertex 5.08116 -1.64086 5.52
    endloop
  endfacet
  facet normal -0.0841852 -0.320609 0.943463
    outer loop
      vertex 2.67133 4.54161 6.61014
      vertex 2.50822 4.63064 6.62584
      vertex 2.19008 3.7502 6.29826
    endloop
  endfacet
  facet normal -0.171074 1.9983e-05 0.985258
    outer loop
      vertex 5.21301 -5.04898 5.36548
      vertex 4.53085 -4.35918 5.24702
      vertex 4.37539 -4.51228 5.22003
    endloop
  endfacet
  facet normal 0.173437 -0.162033 0.971424
    outer loop
      vertex -4.36949 -0.286405 5.5865
      vertex -4.3775 -0.136045 5.61301
      vertex -5.32964 -0.381994 5.74198
    endloop
  endfacet
  facet normal 0.176976 -0.330983 0.926893
    outer loop
      vertex -4.68079 4.10032 6.73866
      vertex -5.21301 4.86635 7.11382
      vertex -5.38552 4.68416 7.0817
    endloop
  endfacet
  facet normal 0.171532 -0.197751 0.965128
    outer loop
      vertex -4.31362 0.76355 5.77164
      vertex -5.26148 0.898675 5.96779
      vertex -5.29066 0.717285 5.93581
    endloop
  endfacet
  facet normal 0.219286 -0.269182 0.937792
    outer loop
      vertex -5.75408 2.4727 6.45167
      vertex -5.66117 2.66893 6.48627
      vertex -6.5135 3.03727 6.7913
    endloop
  endfacet
  facet normal 0.0651439 -0.197808 0.978074
    outer loop
      vertex -1.37703 0.56128 5.42489
      vertex -1.3587 0.608307 5.43318
      vertex -2.29319 0.87783 5.54993
    endloop
  endfacet
  facet normal 0.0931446 -0.219452 0.971167
    outer loop
      vertex -2.19338 1.10939 5.59076
      vertex -2.15471 1.18413 5.60394
      vertex -3.01292 1.61578 5.78379
    endloop
  endfacet
  facet normal -0.249834 -0.0521796 0.966882
    outer loop
      vertex 6.82953 -3.18642 5.77147
      vertex 6.83771 -3.10125 5.77818
      vertex 6.6204 -2.99413 5.72781
    endloop
  endfacet
  facet normal 0.20741 -0.291193 0.93391
    outer loop
      vertex -5.45477 3.05121 6.55368
      vertex -5.34154 3.2368 6.5864
      vertex -6.14575 3.69063 6.90651
    endloop
  endfacet
  facet normal 0.253729 -0.273076 0.927928
    outer loop
      vertex -6.71924 2.58219 6.71106
      vertex -6.85704 2.68359 6.77858
      vertex -6.86182 2.63127 6.76449
    endloop
  endfacet
  facet normal 0.104152 -0.18162 0.977838
    outer loop
      vertex -2.43442 0.223502 5.43456
      vertex -2.42699 0.307069 5.44929
      vertex -3.39365 0.389385 5.56754
    endloop
  endfacet
  facet normal -0.0758154 -0.286921 0.954949
    outer loop
      vertex 2.44936 3.59065 6.27013
      vertex 2.32113 3.67266 6.28459
      vertex 1.80826 2.88798 6.00811
    endloop
  endfacet
  facet normal 0.222721 -0.26158 0.939133
    outer loop
      vertex -5.75408 2.4727 6.45167
      vertex -6.6204 2.8115 6.75149
      vertex -6.71924 2.58219 6.71106
    endloop
  endfacet
  facet normal -0.104525 -0.307606 0.945755
    outer loop
      vertex 3.28926 4.13113 6.53776
      vertex 3.14033 4.24166 6.55725
      vertex 2.6967 3.41368 6.23892
    endloop
  endfacet
  facet normal 0.0564878 -0.332744 0.941324
    outer loop
      vertex -1.4981 4.06798 6.35429
      vertex -1.35355 4.11699 6.36294
      vertex -1.65097 4.989 6.68903
    endloop
  endfacet
  facet normal -0.162129 -0.232322 0.959031
    outer loop
      vertex 4.11601 1.48984 5.8997
      vertex 4.95362 1.95601 6.15423
      vertex 4.06122 1.63041 5.92449
    endloop
  endfacet
  facet normal 0.0944138 -0.352304 0.931111
    outer loop
      vertex -2.50822 4.63064 6.62584
      vertex -2.34206 4.71402 6.64054
      vertex -2.95703 5.42661 6.97252
    endloop
  endfacet
  facet normal -0.101791 -0.265459 0.958734
    outer loop
      vertex 3.2551 2.90087 6.1485
      vertex 3.15083 3.01099 6.16792
      vertex 2.45463 2.37252 5.91722
    endloop
  endfacet
  facet normal -0.237508 -0.213952 0.947531
    outer loop
      vertex 6.95095 1.1654 6.41551
      vertex 6.94302 1.36849 6.45938
      vertex 6.16099 1.23941 6.23421
    endloop
  endfacet
  facet normal -0.159846 -0.104139 0.981633
    outer loop
      vertex 4.88075 -2.15501 5.42935
      vertex 4.95362 -1.98596 5.45915
      vertex 4.06122 -1.60141 5.35463
    endloop
  endfacet
  facet normal -0.0944138 -0.352304 0.931111
    outer loop
      vertex 2.50822 4.63064 6.62584
      vertex 2.95703 5.42661 6.97252
      vertex 2.34206 4.71402 6.64054
    endloop
  endfacet
  facet normal -0.18528 -0.26281 0.946891
    outer loop
      vertex 4.80194 2.29151 6.21339
      vertex 5.66117 2.66893 6.48627
      vertex 4.71728 2.45514 6.24224
    endloop
  endfacet
  facet normal 0.00655713 -0.207311 0.978253
    outer loop
      vertex -0.084856 0.54755 5.38783
      vertex -0.254465 1.48891 5.58846
      vertex -0.304675 1.4793 5.58676
    endloop
  endfacet
  facet normal -0.0657708 -0.252722 0.965301
    outer loop
      vertex 2.19341 2.61241 5.95952
      vertex 2.10085 2.68623 5.97254
      vertex 1.56863 1.89688 5.72962
    endloop
  endfacet
  facet normal 0.128136 -0.118401 0.984664
    outer loop
      vertex -4.00148 -1.74001 5.33019
      vertex -3.11733 -1.32872 5.26459
      vertex -4.06122 -1.60141 5.35463
    endloop
  endfacet
  facet normal -0.126156 -0.229868 0.965011
    outer loop
      vertex 3.11733 1.40496 5.74662
      vertex 4.00148 1.769 5.94892
      vertex 3.06699 1.51126 5.76536
    endloop
  endfacet
  facet normal -0.016309 -0.0709989 0.997343
    outer loop
      vertex 0.474906 -3.28968 4.91883
      vertex 0.592546 -3.27133 4.92206
      vertex 0.339632 -2.32404 4.98536
    endloop
  endfacet
  facet normal 0.208087 0.0111694 0.978047
    outer loop
      vertex -5.9583 -5.33148 5.52477
      vertex -5.38552 -4.86679 5.3976
      vertex -5.55147 -4.67878 5.43076
    endloop
  endfacet
  facet normal 0.208058 0.0112068 0.978052
    outer loop
      vertex -5.38552 -4.86679 5.3976
      vertex -5.9583 -5.33148 5.52477
      vertex -5.9192 -5.37578 5.51696
    endloop
  endfacet
  facet normal -0.204127 -0.130799 0.970167
    outer loop
      vertex 6.16099 -1.33992 5.7794
      vertex 6.20294 -1.12739 5.81688
      vertex 5.2259 -1.1089 5.6138
    endloop
  endfacet
  facet normal -0.235755 -0.114891 0.964997
    outer loop
      vertex 6.11153 -1.55088 5.7422
      vertex 6.93277 -1.76358 5.91751
      vertex 6.16099 -1.33992 5.7794
    endloop
  endfacet
  facet normal -0.235686 -0.114581 0.965051
    outer loop
      vertex 6.93277 -1.76358 5.91751
      vertex 6.11153 -1.55088 5.7422
      vertex 6.93162 -1.78884 5.91423
    endloop
  endfacet
  facet normal -0.228786 -0.0909275 0.969221
    outer loop
      vertex 6.80989 -2.53226 5.80925
      vertex 5.99035 -1.96707 5.66882
      vertex 5.91878 -2.17179 5.63272
    endloop
  endfacet
  facet normal 0.124031 -0.109742 0.986191
    outer loop
      vertex -3.01292 -1.53954 5.22742
      vertex -3.06699 -1.43503 5.24585
      vertex -3.93687 -1.87647 5.30613
    endloop
  endfacet
  facet normal -0.0695021 -0.167269 0.983459
    outer loop
      vertex 2.42699 -0.195354 5.3607
      vertex 1.46184 -0.0329723 5.32011
      vertex 1.45738 -0.0831528 5.31126
    endloop
  endfacet
  facet normal 0.0717271 -0.0544754 0.995936
    outer loop
      vertex -2.19008 -3.72121 4.98085
      vertex -1.70617 -2.87216 4.99244
      vertex -2.32113 -3.64366 4.99453
    endloop
  endfacet
  facet normal 0.131761 0.0313519 0.990786
    outer loop
      vertex -3.33776 -5.31065 5.07926
      vertex -3.52215 -5.19273 5.10005
      vertex -3.84029 -6.14369 5.17245
    endloop
  endfacet
  facet normal 0.173463 -0.377914 0.909446
    outer loop
      vertex -4.85993 6.0024 7.50249
      vertex -4.65824 5.37582 7.20365
      vertex -4.46166 5.53259 7.2313
    endloop
  endfacet
  facet normal 0.17354 -0.377887 0.909442
    outer loop
      vertex -4.65824 5.37582 7.20365
      vertex -4.85993 6.0024 7.50249
      vertex -4.93734 5.98916 7.51176
    endloop
  endfacet
  facet normal 0.194941 -0.358885 0.912798
    outer loop
      vertex -5.21301 4.86635 7.11382
      vertex -5.57514 5.47398 7.43006
      vertex -5.72959 5.32187 7.40324
    endloop
  endfacet
  facet normal -0.187989 0.0316671 0.98166
    outer loop
      vertex 5.32967 -5.95635 5.41459
      vertex 5.48942 -5.80965 5.44045
      vertex 4.84914 -5.39502 5.30446
    endloop
  endfacet
  facet normal -0.222717 -0.0753701 0.971965
    outer loop
      vertex 6.6204 -2.99413 5.72781
      vertex 5.83999 -2.37392 5.59708
      vertex 5.75408 -2.57322 5.56194
    endloop
  endfacet
  facet normal -0.152289 0.0166707 0.988195
    outer loop
      vertex 4.46166 -5.71522 5.248
      vertex 4.65824 -5.55845 5.27565
      vertex 4.04868 -4.80198 5.16895
    endloop
  endfacet
  facet normal -0.117318 0.0399079 0.992292
    outer loop
      vertex 3.40223 -6.39277 5.12853
      vertex 3.62347 -6.272 5.14983
      vertex 2.95703 -5.52713 5.04108
    endloop
  endfacet
  facet normal -0.180889 0.0379631 0.982771
    outer loop
      vertex 4.84914 -5.39502 5.30446
      vertex 5.2847 -5.99485 5.4078
      vertex 5.32967 -5.95635 5.41459
    endloop
  endfacet
  facet normal -0.180846 0.0379958 0.982777
    outer loop
      vertex 5.2847 -5.99485 5.4078
      vertex 4.84914 -5.39502 5.30446
      vertex 4.65824 -5.55845 5.27565
    endloop
  endfacet
  facet normal -0.176938 -0.00597763 0.984204
    outer loop
      vertex 5.21301 -5.04898 5.36548
      vertex 5.38552 -4.86679 5.3976
      vertex 4.68079 -4.20083 5.27495
    endloop
  endfacet
  facet normal 0.152086 -0.309506 0.938656
    outer loop
      vertex -3.97036 3.50565 6.42747
      vertex -3.84318 3.63996 6.45115
      vertex -4.68079 4.10032 6.73866
    endloop
  endfacet
  facet normal 0.225874 -0.253891 0.940489
    outer loop
      vertex -5.91878 2.07127 6.38089
      vertex -6.71924 2.58219 6.71106
      vertex -6.80989 2.34963 6.67005
    endloop
  endfacet
  facet normal 0.00399681 -0.172297 0.985037
    outer loop
      vertex -0.46475 -0.0750933 5.27805
      vertex -0.44642 -0.12212 5.26975
      vertex -0.469737 -0.0590296 5.28088
    endloop
  endfacet
  facet normal 0.196609 -0.236534 0.951523
    outer loop
      vertex -5.08116 1.61092 6.09338
      vertex -5.02045 1.78456 6.124
      vertex -5.91878 2.07127 6.38089
    endloop
  endfacet
  facet normal 0.21161 -0.284019 0.935176
    outer loop
      vertex -5.56136 2.86185 6.52029
      vertex -6.27603 3.4771 6.86886
      vertex -6.39866 3.25923 6.83044
    endloop
  endfacet
  facet normal 0.124028 -0.234188 0.964247
    outer loop
      vertex -3.06699 1.51126 5.76536
      vertex -3.01292 1.61578 5.78379
      vertex -3.93687 1.90546 5.97299
    endloop
  endfacet
  facet normal 0.00314119 -0.13931 0.990244
    outer loop
      vertex -0.0340872 -0.406452 5.21962
      vertex -0.0510788 -0.404987 5.21988
      vertex -0.102221 -1.37193 5.08401
    endloop
  endfacet
  facet normal 0.0292676 -0.192275 0.980905
    outer loop
      vertex -0.414412 0.328638 5.34923
      vertex -1.21488 0.874691 5.48015
      vertex -1.24273 0.832445 5.4727
    endloop
  endfacet
  facet normal 0.0360526 -0.304358 0.951875
    outer loop
      vertex -0.940568 3.26844 6.0752
      vertex -0.82552 3.2988 6.08055
      vertex -1.05966 4.19999 6.37757
    endloop
  endfacet
  facet normal -0.00430499 -0.207656 0.978192
    outer loop
      vertex 0.203945 1.49679 5.58985
      vertex 0.153176 1.50293 5.59093
      vertex 0.0680084 0.550179 5.3883
    endloop
  endfacet
  facet normal -0.109336 -0.303888 0.946413
    outer loop
      vertex 2.81552 3.31892 6.22222
      vertex 3.43419 4.01556 6.51738
      vertex 2.6967 3.41368 6.23892
    endloop
  endfacet
  facet normal -0.104529 -0.170822 0.979742
    outer loop
      vertex 3.41026 -0.0791616 5.48493
      vertex 3.41234 0.0381174 5.5056
      vertex 2.43887 -0.0280151 5.39021
    endloop
  endfacet
  facet normal -0.235769 -0.11492 0.96499
    outer loop
      vertex 6.93277 -1.76358 5.91751
      vertex 6.94302 -1.53824 5.94685
      vertex 6.16099 -1.33992 5.7794
    endloop
  endfacet
  facet normal 0.235763 -0.222082 0.946095
    outer loop
      vertex -6.11153 1.45037 6.2714
      vertex -6.93162 1.61514 6.51444
      vertex -6.94151 1.40122 6.46669
    endloop
  endfacet
  facet normal 0.205376 -0.201899 0.957631
    outer loop
      vertex -5.29066 0.717285 5.93581
      vertex -6.20294 1.02687 6.19673
      vertex -6.23733 0.813025 6.15902
    endloop
  endfacet
  facet normal 0.249858 -0.28166 0.926412
    outer loop
      vertex -6.82029 3.07025 6.88407
      vertex -6.6204 2.8115 6.75149
      vertex -6.5135 3.03727 6.7913
    endloop
  endfacet
  facet normal 0.249869 -0.281651 0.926411
    outer loop
      vertex -6.6204 2.8115 6.75149
      vertex -6.82029 3.07025 6.88407
      vertex -6.83771 2.89494 6.83547
    endloop
  endfacet
  facet normal 0.245596 -0.290233 0.924904
    outer loop
      vertex -6.5135 3.03727 6.7913
      vertex -6.79849 3.28034 6.94325
      vertex -6.81101 3.16369 6.90997
    endloop
  endfacet
  facet normal 0.0163207 -0.274395 0.961478
    outer loop
      vertex -0.423763 2.42263 5.82232
      vertex -0.474906 3.36591 6.09239
      vertex -0.592546 3.34756 6.08915
    endloop
  endfacet
  facet normal -0.0676668 -0.363495 0.929135
    outer loop
      vertex 1.82729 4.92921 6.67848
      vertex 2.15426 5.7786 7.03459
      vertex 1.65097 4.989 6.68903
    endloop
  endfacet
  facet normal 0.193233 -0.311898 0.930258
    outer loop
      vertex -5.0957 3.59574 6.64969
      vertex -4.96339 3.76865 6.68018
      vertex -5.86289 4.10361 6.97933
    endloop
  endfacet
  facet normal 0.18085 -0.371814 0.91052
    outer loop
      vertex -4.84914 5.21239 7.17484
      vertex -5.16483 5.84333 7.49519
      vertex -5.32967 5.7022 7.4703
    endloop
  endfacet
  facet normal 0.125149 -0.3334 0.934442
    outer loop
      vertex -3.28926 4.13113 6.53776
      vertex -3.14033 4.24166 6.55725
      vertex -3.87782 4.83772 6.86869
    endloop
  endfacet
  facet normal 0.131799 -0.36832 0.92031
    outer loop
      vertex -3.52215 5.09221 6.91356
      vertex -3.84029 5.96107 7.30685
      vertex -4.05243 5.82539 7.28293
    endloop
  endfacet
  facet normal -0.0374678 -0.268814 0.962463
    outer loop
      vertex 1.27829 3.15392 6.05501
      vertex 1.16709 3.19595 6.06242
      vertex 0.834652 2.31421 5.80321
    endloop
  endfacet
  facet normal 0.0626307 -0.398645 0.914964
    outer loop
      vertex -1.75426 6.35793 7.25354
      vertex -1.73614 5.91239 7.05818
      vertex -1.52378 5.96843 7.06806
    endloop
  endfacet
  facet normal 0.0626067 -0.398647 0.914965
    outer loop
      vertex -1.73614 5.91239 7.05818
      vertex -1.75426 6.35793 7.25354
      vertex -1.86996 6.35096 7.25842
    endloop
  endfacet
  facet normal -0.0812658 -0.358349 0.930044
    outer loop
      vertex 2.17305 4.79163 6.65423
      vertex 2.35951 5.70101 7.02091
      vertex 2.00139 4.86339 6.66688
    endloop
  endfacet
  facet normal -0.130851 -0.329013 0.935216
    outer loop
      vertex 3.43419 4.01556 6.51738
      vertex 3.87782 4.83772 6.86869
      vertex 3.28926 4.13113 6.53776
    endloop
  endfacet
  facet normal 0.031324 -0.305518 0.951671
    outer loop
      vertex -0.709465 3.32518 6.0852
      vertex -0.910687 4.23386 6.38354
      vertex -1.05966 4.19999 6.37757
    endloop
  endfacet
  facet normal 0.0507225 -0.262723 0.963537
    outer loop
      vertex -1.22018 2.13716 5.77199
      vertex -1.602 3.00526 6.02879
      vertex -1.70617 2.9484 6.01877
    endloop
  endfacet
  facet normal -0.225867 -0.322567 0.919203
    outer loop
      vertex 5.86289 4.10361 6.97933
      vertex 6.47806 4.43548 7.24695
      vertex 6.44388 4.48355 7.25542
    endloop
  endfacet
  facet normal -0.225824 -0.322637 0.919189
    outer loop
      vertex 6.47806 4.43548 7.24695
      vertex 5.86289 4.10361 6.97933
      vertex 6.00798 3.89955 6.94335
    endloop
  endfacet
  facet normal -0.166081 -0.121019 0.978658
    outer loop
      vertex 5.13569 -1.46523 5.55097
      vertex 4.21048 -1.1745 5.42991
      vertex 4.16578 -1.31848 5.40452
    endloop
  endfacet
  facet normal -0.257481 -0.264191 0.929466
    outer loop
      vertex 6.86546 2.58776 6.75313
      vertex 6.80989 2.34963 6.67005
      vertex 6.88347 2.3721 6.69682
    endloop
  endfacet
  facet normal -0.257364 -0.264226 0.929488
    outer loop
      vertex 6.80989 2.34963 6.67005
      vertex 6.86546 2.58776 6.75313
      vertex 6.71924 2.58219 6.71106
    endloop
  endfacet
  facet normal -0.0598306 -0.208566 0.976177
    outer loop
      vertex 1.26908 0.789268 5.46509
      vertex 2.11341 1.2575 5.61688
      vertex 1.24273 0.832445 5.4727
    endloop
  endfacet
  facet normal -0.240146 -0.197545 0.950424
    outer loop
      vertex 6.96632 0.640239 6.30731
      vertex 6.96159 0.830401 6.34564
      vertex 6.26412 0.598126 6.12113
    endloop
  endfacet
  facet normal -0.139008 -0.164832 0.976477
    outer loop
      vertex 4.36949 -0.286405 5.5865
      vertex 3.41026 -0.0791616 5.48493
      vertex 3.40403 -0.196299 5.46427
    endloop
  endfacet
  facet normal -0.15694 -0.304201 0.939591
    outer loop
      vertex 4.09271 3.36704 6.40303
      vertex 4.82503 3.93691 6.70985
      vertex 3.97036 3.50565 6.42747
    endloop
  endfacet
  facet normal -0.194907 -0.358917 0.912792
    outer loop
      vertex 5.03414 5.0425 7.14488
      vertex 5.57514 5.47398 7.43006
      vertex 5.533 5.51548 7.43738
    endloop
  endfacet
  facet normal -0.19493 -0.358891 0.912798
    outer loop
      vertex 5.57514 5.47398 7.43006
      vertex 5.03414 5.0425 7.14488
      vertex 5.21301 4.86635 7.11382
    endloop
  endfacet
  facet normal -0.0685736 -0.250406 0.965709
    outer loop
      vertex 2.2833 2.53546 5.94595
      vertex 2.19341 2.61241 5.95952
      vertex 1.56863 1.89688 5.72962
    endloop
  endfacet
  facet normal -0.121739 -0.1055 0.986939
    outer loop
      vertex 3.79333 -2.14231 5.25925
      vertex 3.01292 -1.53954 5.22742
      vertex 2.95517 -1.64213 5.20933
    endloop
  endfacet
  facet normal -0.136401 -0.0152777 0.990536
    outer loop
      vertex 4.04868 -4.80198 5.16895
      vertex 4.21461 -4.65994 5.19399
      vertex 3.43419 -4.0455 5.096
    endloop
  endfacet
  facet normal -0.137479 -0.150499 0.979004
    outer loop
      vertex 4.31362 -0.734553 5.50748
      vertex 4.33754 -0.585841 5.5337
      vertex 3.3605 -0.545426 5.40271
    endloop
  endfacet
  facet normal -0.119316 -0.101367 0.987668
    outer loop
      vertex 3.79333 -2.14231 5.25925
      vertex 2.95517 -1.64213 5.20933
      vertex 2.89383 -1.74268 5.1916
    endloop
  endfacet
  facet normal -0.19819 -0.0318116 0.979647
    outer loop
      vertex 5.86289 -4.28624 5.49997
      vertex 5.2218 -3.5189 5.39519
      vertex 5.0957 -3.69625 5.36392
    endloop
  endfacet
  facet normal -0.0158033 -0.14289 0.989612
    outer loop
      vertex 0.642391 -1.22939 5.10915
      vertex 0.687966 -1.20652 5.11318
      vertex 0.214217 -0.358919 5.228
    endloop
  endfacet
  facet normal 0.0322057 -0.160305 0.986542
    outer loop
      vertex -0.44642 -0.12212 5.26975
      vertex -0.453084 -0.106658 5.27248
      vertex -1.3587 -0.472915 5.24253
    endloop
  endfacet
  facet normal -0.261232 -0.255306 0.930901
    outer loop
      vertex 6.88514 2.3499 6.6912
      vertex 6.89224 2.11409 6.62852
      vertex 6.90275 2.1169 6.63224
    endloop
  endfacet
  facet normal -0.260761 -0.255325 0.931028
    outer loop
      vertex 6.89224 2.11409 6.62852
      vertex 6.88514 2.3499 6.6912
      vertex 6.80989 2.34963 6.67005
    endloop
  endfacet
  facet normal -0.194131 -0.0964564 0.976222
    outer loop
      vertex 5.83999 -2.37392 5.59708
      vertex 5.02045 -1.81451 5.48938
      vertex 4.95362 -1.98596 5.45915
    endloop
  endfacet
  facet normal -0.215589 -0.0603188 0.974619
    outer loop
      vertex 6.39866 -3.44186 5.64886
      vertex 6.5135 -3.2199 5.688
      vertex 5.66117 -2.76945 5.52734
    endloop
  endfacet
  facet normal -0.0461662 0.0654121 0.99679
    outer loop
      vertex 1.39109 -6.51239 4.96664
      vertex 1.30956 -6.11765 4.93696
      vertex 1.28925 -6.51554 4.96213
    endloop
  endfacet
  facet normal -0.00728827 -0.0350678 0.999358
    outer loop
      vertex 0.305545 -4.28861 4.8808
      vertex 0.238032 -3.3142 4.9145
      vertex 0.152865 -4.29649 4.87941
    endloop
  endfacet
  facet normal 0.16608 -0.121009 0.978659
    outer loop
      vertex -5.08116 -1.64086 5.52
      vertex -4.16578 -1.31848 5.40452
      vertex -5.13569 -1.46523 5.55097
    endloop
  endfacet
  facet normal 0.165894 0.0499142 0.98488
    outer loop
      vertex -4.6677 -6.27134 5.31089
      vertex -4.46166 -5.71522 5.248
      vertex -4.85993 -6.24945 5.34216
    endloop
  endfacet
  facet normal 0.249843 -0.0521911 0.966879
    outer loop
      vertex -6.82953 -3.18642 5.77147
      vertex -6.5135 -3.2199 5.688
      vertex -6.6204 -2.99413 5.72781
    endloop
  endfacet
  facet normal 0.249843 -0.0521983 0.966878
    outer loop
      vertex -6.5135 -3.2199 5.688
      vertex -6.82953 -3.18642 5.77147
      vertex -6.811 -3.37928 5.75627
    endloop
  endfacet
  facet normal -0.0294691 0.0680123 0.997249
    outer loop
      vertex 0.922072 -6.52562 4.94774
      vertex 0.876599 -6.19283 4.9237
      vertex 0.836616 -6.52731 4.94533
    endloop
  endfacet
  facet normal -0.231204 -0.0190599 0.972719
    outer loop
      vertex 6.00798 -4.08218 5.53595
      vertex 6.6358 -4.4642 5.67769
      vertex 6.14575 -3.87326 5.57279
    endloop
  endfacet
  facet normal -0.231205 -0.0190627 0.972718
    outer loop
      vertex 6.6358 -4.4642 5.67769
      vertex 6.00798 -4.08218 5.53595
      vertex 6.60334 -4.51342 5.66901
    endloop
  endfacet
  facet normal -0.0211006 0.0688922 0.997401
    outer loop
      vertex 0.43937 -6.23809 4.91572
      vertex 0.610267 -6.53133 4.93959
      vertex 0.658385 -6.21922 4.91905
    endloop
  endfacet
  facet normal -0.0210787 0.0689048 0.997401
    outer loop
      vertex 0.610267 -6.53133 4.93959
      vertex 0.43937 -6.23809 4.91572
      vertex 0.459458 -6.53346 4.93655
    endloop
  endfacet
  facet normal -0.0360005 -0.0395442 0.998569
    outer loop
      vertex 1.20734 -4.13202 4.90841
      vertex 0.940568 -3.1922 4.93601
      vertex 0.82552 -3.22256 4.93066
    endloop
  endfacet
  facet normal -0.0126994 0.0694819 0.997502
    outer loop
      vertex 0.43937 -6.23809 4.91572
      vertex 0.304622 -6.53477 4.93467
      vertex 0.459458 -6.53346 4.93655
    endloop
  endfacet
  facet normal -0.0126717 0.0694694 0.997504
    outer loop
      vertex 0.304622 -6.53477 4.93467
      vertex 0.43937 -6.23809 4.91572
      vertex 0.219818 -6.24942 4.91372
    endloop
  endfacet
  facet normal -0.241118 -0.0353123 0.969853
    outer loop
      vertex 6.27603 -3.65973 5.61044
      vertex 6.76363 -3.82599 5.72561
      vertex 6.39866 -3.44186 5.64886
    endloop
  endfacet
  facet normal -0.241115 -0.0353038 0.969854
    outer loop
      vertex 6.76363 -3.82599 5.72561
      vertex 6.27603 -3.65973 5.61044
      vertex 6.74924 -3.956 5.7173
    endloop
  endfacet
  facet normal -0.0685978 -0.0950001 0.993111
    outer loop
      vertex 2.19341 -2.53617 5.05169
      vertex 2.2833 -2.45922 5.06526
      vertex 1.63292 -1.73013 5.09008
    endloop
  endfacet
  facet normal -0.245623 -0.0436792 0.968381
    outer loop
      vertex 6.39866 -3.44186 5.64886
      vertex 6.811 -3.37928 5.75627
      vertex 6.5135 -3.2199 5.688
    endloop
  endfacet
  facet normal -0.245621 -0.0436947 0.968381
    outer loop
      vertex 6.811 -3.37928 5.75627
      vertex 6.39866 -3.44186 5.64886
      vertex 6.7947 -3.53698 5.74502
    endloop
  endfacet
  facet normal -0.185298 -0.0769169 0.979668
    outer loop
      vertex 5.56136 -2.96236 5.49332
      vertex 4.80194 -2.32146 5.4
      vertex 4.71728 -2.48509 5.37114
    endloop
  endfacet
  facet normal 0.236281 -0.306768 0.92199
    outer loop
      vertex -6.27603 3.4771 6.86886
      vertex -6.7246 3.91934 7.13096
      vertex -6.74924 3.71895 7.0706
    endloop
  endfacet
  facet normal 0.215577 -0.276673 0.936471
    outer loop
      vertex -5.56136 2.86185 6.52029
      vertex -6.39866 3.25923 6.83044
      vertex -6.5135 3.03727 6.7913
    endloop
  endfacet
  facet normal 0.241095 -0.298556 0.923438
    outer loop
      vertex -6.27603 3.4771 6.86886
      vertex -6.74924 3.71895 7.0706
      vertex -6.76701 3.56461 7.02534
    endloop
  endfacet
  facet normal 0.233652 -0.230383 0.944633
    outer loop
      vertex -6.91898 1.85236 6.56911
      vertex -6.05463 1.6595 6.30828
      vertex -6.91833 1.8645 6.57191
    endloop
  endfacet
  facet normal 0.233708 -0.230179 0.944668
    outer loop
      vertex -6.05463 1.6595 6.30828
      vertex -6.91898 1.85236 6.56911
      vertex -6.11153 1.45037 6.2714
    endloop
  endfacet
  facet normal 0.219281 -0.269188 0.937792
    outer loop
      vertex -5.75408 2.4727 6.45167
      vertex -6.5135 3.03727 6.7913
      vertex -6.6204 2.8115 6.75149
    endloop
  endfacet
  facet normal 0.241098 -0.298547 0.92344
    outer loop
      vertex -6.76701 3.56461 7.02534
      vertex -6.39866 3.25923 6.83044
      vertex -6.27603 3.4771 6.86886
    endloop
  endfacet
  facet normal 0.241151 -0.298486 0.923446
    outer loop
      vertex -6.39866 3.25923 6.83044
      vertex -6.76701 3.56461 7.02534
      vertex -6.78157 3.43813 6.98826
    endloop
  endfacet
  facet normal 0.220101 -0.330391 0.917822
    outer loop
      vertex -6.31243 4.65534 7.28571
      vertex -5.71066 4.30256 7.01441
      vertex -6.27656 4.70221 7.29398
    endloop
  endfacet
  facet normal 0.220162 -0.3303 0.91784
    outer loop
      vertex -5.71066 4.30256 7.01441
      vertex -6.31243 4.65534 7.28571
      vertex -5.86289 4.10361 6.97933
    endloop
  endfacet
  facet normal 0.220164 -0.330298 0.91784
    outer loop
      vertex -5.86289 4.10361 6.97933
      vertex -6.31243 4.65534 7.28571
      vertex -6.44388 4.48355 7.25542
    endloop
  endfacet
  facet normal 0.108139 -0.258265 0.960003
    outer loop
      vertex -2.61401 2.1982 5.88649
      vertex -3.3554 2.78724 6.12847
      vertex -3.45162 2.67023 6.10783
    endloop
  endfacet
  facet normal 0.121739 -0.238416 0.963503
    outer loop
      vertex -3.01292 1.61578 5.78379
      vertex -3.79333 2.17131 6.01986
      vertex -3.86746 2.03962 5.99664
    endloop
  endfacet
  facet normal 0.0983964 -0.268921 0.958123
    outer loop
      vertex -2.45463 2.37252 5.91722
      vertex -2.37041 2.45546 5.93185
      vertex -3.15083 3.01099 6.16792
    endloop
  endfacet
  facet normal 0.187972 -0.365498 0.911635
    outer loop
      vertex -5.40546 5.6326 7.45803
      vertex -5.03414 5.0425 7.14488
      vertex -5.37326 5.66218 7.46325
    endloop
  endfacet
  facet normal 0.188012 -0.365474 0.911636
    outer loop
      vertex -5.03414 5.0425 7.14488
      vertex -5.40546 5.6326 7.45803
      vertex -5.533 5.51548 7.43738
    endloop
  endfacet
  facet normal 0.102622 -0.192354 0.975945
    outer loop
      vertex -2.40329 0.473184 5.47858
      vertex -2.38703 0.555529 5.4931
      vertex -3.33777 0.736805 5.6288
    endloop
  endfacet
  facet normal 0.109837 0.0438251 0.992983
    outer loop
      vertex -3.40223 -6.39277 5.12853
      vertex -3.15695 -6.41727 5.10248
      vertex -2.95703 -5.52713 5.04108
    endloop
  endfacet
  facet normal 0.109838 0.0438277 0.992983
    outer loop
      vertex -3.15695 -6.41727 5.10248
      vertex -3.40223 -6.39277 5.12853
      vertex -3.38799 -6.39991 5.12727
    endloop
  endfacet
  facet normal 0.0406882 -0.303052 0.952105
    outer loop
      vertex -1.05447 3.23414 6.06915
      vertex -0.940568 3.26844 6.0752
      vertex -1.35355 4.11699 6.36294
    endloop
  endfacet
  facet normal 0.0628958 -0.254942 0.964909
    outer loop
      vertex -1.43441 2.00016 5.74783
      vertex -2.00572 2.75682 5.98499
      vertex -2.10085 2.68623 5.97254
    endloop
  endfacet
  facet normal 0.0293913 -0.235543 0.971419
    outer loop
      vertex -0.596034 1.38607 5.57032
      vertex -0.992583 2.25137 5.79213
      vertex -1.06978 2.21592 5.78587
    endloop
  endfacet
  facet normal 0.000268907 -0.173684 0.984801
    outer loop
      vertex -0.477988 -0.0264368 5.28662
      vertex -0.459197 0.238214 5.33329
      vertex -0.483912 0.140594 5.31608
    endloop
  endfacet
  facet normal -0.236281 -0.306768 0.92199
    outer loop
      vertex 6.74924 3.71895 7.0706
      vertex 6.7246 3.91934 7.13096
      vertex 6.27603 3.4771 6.86886
    endloop
  endfacet
  facet normal 0.00424182 -0.406744 0.913532
    outer loop
      vertex -0.219818 6.1489 7.09988
      vertex -0.155539 6.41109 7.21632
      vertex -0.229532 6.41079 7.21653
    endloop
  endfacet
  facet normal -0.145626 -0.358775 0.921994
    outer loop
      vertex 4.46166 5.53259 7.2313
      vertex 4.25964 5.68251 7.25773
      vertex 3.87782 4.83772 6.86869
    endloop
  endfacet
  facet normal -0.174388 -0.281395 0.943613
    outer loop
      vertex 5.34154 3.2368 6.5864
      vertex 5.2218 3.41838 6.61842
      vertex 4.42926 2.92721 6.32548
    endloop
  endfacet
  facet normal -0.102287 -0.384425 0.917472
    outer loop
      vertex 3.11041 6.24687 7.33131
      vertex 2.87257 6.27056 7.31472
      vertex 2.56188 5.61641 7.00599
    endloop
  endfacet
  facet normal 0.201629 -0.352054 0.914004
    outer loop
      vertex -5.87856 5.16455 7.3755
      vertex -5.38552 4.68416 7.0817
      vertex -5.21301 4.86635 7.11382
    endloop
  endfacet
  facet normal 0.201592 -0.352089 0.913999
    outer loop
      vertex -5.38552 4.68416 7.0817
      vertex -5.87856 5.16455 7.3755
      vertex -5.9192 5.12163 7.36793
    endloop
  endfacet
  facet normal 0.118419 -0.296123 0.94778
    outer loop
      vertex -3.04272 3.11746 6.18669
      vertex -2.9309 3.22014 6.2048
      vertex -3.71132 3.76982 6.47405
    endloop
  endfacet
  facet normal 0.176963 -0.330992 0.926892
    outer loop
      vertex -4.68079 4.10032 6.73866
      vertex -4.53085 4.25867 6.76658
      vertex -5.21301 4.86635 7.11382
    endloop
  endfacet
  facet normal 0.16591 -0.383736 0.908417
    outer loop
      vertex -4.25964 5.68251 7.25773
      vertex -4.55093 6.05266 7.46729
      vertex -4.75387 6.01965 7.49041
    endloop
  endfacet
  facet normal 0.0588402 -0.296192 0.953314
    outer loop
      vertex -1.49587 3.05851 6.03818
      vertex -1.78157 3.95519 6.33441
      vertex -1.92014 3.89155 6.32319
    endloop
  endfacet
  facet normal -0.00412782 -0.17003 0.98543
    outer loop
      vertex -0.339457 0.419796 5.36531
      vertex -0.351518 0.407918 5.36321
      vertex -0.385075 0.369902 5.35651
    endloop
  endfacet
  facet normal 0.0156637 -0.240177 0.970603
    outer loop
      vertex -0.304675 1.4793 5.58676
      vertex -0.50738 2.40663 5.8195
      vertex -0.590376 2.38776 5.81617
    endloop
  endfacet
  facet normal 0.0271738 -0.272108 0.961883
    outer loop
      vertex -0.672654 2.36604 5.81235
      vertex -0.590376 2.38776 5.81617
      vertex -0.940568 3.26844 6.0752
    endloop
  endfacet
  facet normal 0.0626 -0.398661 0.914959
    outer loop
      vertex -1.52378 5.96843 7.06806
      vertex -1.62907 6.36547 7.24826
      vertex -1.75426 6.35793 7.25354
    endloop
  endfacet
  facet normal -0.100796 -0.348967 0.931699
    outer loop
      vertex 2.67133 4.54161 6.61014
      vertex 3.14931 5.32164 6.95401
      vertex 2.50822 4.63064 6.62584
    endloop
  endfacet
  facet normal -0.156947 -0.30419 0.939594
    outer loop
      vertex 4.82503 3.93691 6.70985
      vertex 4.68079 4.10032 6.73866
      vertex 3.97036 3.50565 6.42747
    endloop
  endfacet
  facet normal -0.111206 -0.2544 0.960684
    outer loop
      vertex 2.76064 2.01337 5.8539
      vertex 3.45162 2.67023 6.10783
      vertex 2.68896 2.10705 5.87041
    endloop
  endfacet
  facet normal -0.235763 -0.222082 0.946095
    outer loop
      vertex 6.94151 1.40122 6.46669
      vertex 6.93162 1.61514 6.51444
      vertex 6.11153 1.45037 6.2714
    endloop
  endfacet
  facet normal -0.205376 -0.201899 0.957631
    outer loop
      vertex 6.23733 0.813025 6.15902
      vertex 6.20294 1.02687 6.19673
      vertex 5.29066 0.717285 5.93581
    endloop
  endfacet
  facet normal -0.104521 -0.174498 0.979094
    outer loop
      vertex 3.41234 0.0381174 5.5056
      vertex 3.41026 0.155397 5.52628
      vertex 2.44036 0.0558567 5.405
    endloop
  endfacet
  facet normal -0.0673821 -0.191016 0.979271
    outer loop
      vertex 1.42188 0.416823 5.39942
      vertex 2.34583 0.718292 5.5218
      vertex 1.40864 0.46548 5.408
    endloop
  endfacet
  facet normal -0.00399681 -0.172297 0.985037
    outer loop
      vertex 0.46475 -0.0750933 5.27805
      vertex 0.469737 -0.0590296 5.28088
      vertex 0.44642 -0.12212 5.26975
    endloop
  endfacet
  facet normal -0.0134913 -0.205243 0.978618
    outer loop
      vertex 0.198758 0.513256 5.38179
      vertex 0.596034 1.38607 5.57032
      vertex 0.183058 0.519819 5.38295
    endloop
  endfacet
  facet normal -0.136644 -0.198096 0.970611
    outer loop
      vertex 3.3605 0.621662 5.6085
      vertex 4.31362 0.76355 5.77164
      vertex 3.33777 0.736805 5.6288
    endloop
  endfacet
  facet normal -0.0696708 -0.169622 0.983043
    outer loop
      vertex 2.43442 -0.111787 5.37544
      vertex 2.43887 -0.0280151 5.39021
      vertex 1.46184 -0.0329723 5.32011
    endloop
  endfacet
  facet normal -0.191411 -0.249869 0.949172
    outer loop
      vertex 4.95362 1.95601 6.15423
      vertex 5.75408 2.4727 6.45167
      vertex 4.88075 2.12507 6.18404
    endloop
  endfacet
  facet normal -0.159871 -0.237842 0.958057
    outer loop
      vertex 4.95362 1.95601 6.15423
      vertex 4.88075 2.12507 6.18404
      vertex 4.00148 1.769 5.94892
    endloop
  endfacet
  facet normal -0.231392 -0.238144 0.943263
    outer loop
      vertex 6.91767 1.8754 6.5745
      vertex 6.05463 1.6595 6.30828
      vertex 6.91833 1.8645 6.57191
    endloop
  endfacet
  facet normal -0.231389 -0.238154 0.943261
    outer loop
      vertex 6.05463 1.6595 6.30828
      vertex 6.91767 1.8754 6.5745
      vertex 5.99035 1.86656 6.34479
    endloop
  endfacet
  facet normal -0.164215 -0.226676 0.960027
    outer loop
      vertex 4.16578 1.34748 5.8746
      vertex 5.08116 1.61092 6.09338
      vertex 4.11601 1.48984 5.8997
    endloop
  endfacet
  facet normal -0.220164 -0.330298 0.91784
    outer loop
      vertex 6.44388 4.48355 7.25542
      vertex 6.31243 4.65534 7.28571
      vertex 5.86289 4.10361 6.97933
    endloop
  endfacet
  facet normal -0.0457994 -0.225062 0.973268
    outer loop
      vertex 1.63292 1.84185 5.71992
      vertex 1.56863 1.89688 5.72962
      vertex 0.980548 1.14016 5.52696
    endloop
  endfacet
  facet normal -0.138713 -0.273921 0.951696
    outer loop
      vertex 3.54363 2.54998 6.08663
      vertex 4.3223 3.07765 6.352
      vertex 3.45162 2.67023 6.10783
    endloop
  endfacet
  facet normal -0.131099 -0.283191 0.950061
    outer loop
      vertex 3.3554 2.78724 6.12847
      vertex 3.97036 3.50565 6.42747
      vertex 3.2551 2.90087 6.1485
    endloop
  endfacet
  facet normal -0.117308 -0.376896 0.918797
    outer loop
      vertex 3.14931 5.32164 6.95401
      vertex 3.40223 6.21014 7.35077
      vertex 2.95703 5.42661 6.97252
    endloop
  endfacet
  facet normal -0.0525723 -0.218387 0.974445
    outer loop
      vertex 1.12257 0.995331 5.50142
      vertex 1.81354 1.66397 5.68855
      vertex 1.08901 1.03335 5.50813
    endloop
  endfacet
  facet normal 0.00183897 -0.275635 0.96126
    outer loop
      vertex 0 2.45914 5.82876
      vertex 0 3.39862 6.09815
      vertex -0.119088 3.39657 6.09779
    endloop
  endfacet
  facet normal -0.0988562 -0.139204 0.985317
    outer loop
      vertex 3.20655 -1.11124 5.30294
      vertex 3.24533 -1.00033 5.3225
      vertex 2.32092 -0.686798 5.27405
    endloop
  endfacet
  facet normal -0.194131 -0.0964574 0.976222
    outer loop
      vertex 5.83999 -2.37392 5.59708
      vertex 5.91878 -2.17179 5.63272
      vertex 5.02045 -1.81451 5.48938
    endloop
  endfacet
  facet normal -0.147049 -0.0250573 0.988812
    outer loop
      vertex 4.37539 -4.51228 5.22003
      vertex 3.84318 -3.66991 5.16223
      vertex 3.71132 -3.79977 5.13933
    endloop
  endfacet
  facet normal -0.119296 -0.101319 0.987676
    outer loop
      vertex 3.71459 -2.27137 5.2365
      vertex 3.79333 -2.14231 5.25925
      vertex 2.89383 -1.74268 5.1916
    endloop
  endfacet
  facet normal -0.053899 -0.0844858 0.994966
    outer loop
      vertex 1.70617 -2.87216 4.99244
      vertex 1.80826 -2.81175 5.0031
      vertex 1.22018 -2.02545 5.03801
    endloop
  endfacet
  facet normal -0.0896116 -0.119681 0.98876
    outer loop
      vertex 2.89383 -1.74268 5.1916
      vertex 2.95517 -1.64213 5.20933
      vertex 2.06954 -1.21769 5.18044
    endloop
  endfacet
  facet normal -0.0812853 -0.107944 0.990828
    outer loop
      vertex 2.61401 -2.12197 5.12472
      vertex 2.68896 -2.03081 5.1408
      vertex 1.92303 -1.42375 5.1441
    endloop
  endfacet
  facet normal -0.121735 -0.105494 0.986941
    outer loop
      vertex 3.79333 -2.14231 5.25925
      vertex 3.86746 -2.01062 5.28247
      vertex 3.01292 -1.53954 5.22742
    endloop
  endfacet
  facet normal -0.103766 -0.185232 0.977201
    outer loop
      vertex 2.42699 0.307069 5.44929
      vertex 3.39365 0.389385 5.56754
      vertex 2.41661 0.390329 5.46397
    endloop
  endfacet
  facet normal 0.0172288 -0.20345 0.978934
    outer loop
      vertex -0.244333 0.490387 5.37776
      vertex -0.229415 0.498531 5.37919
      vertex -0.687966 1.34192 5.56254
    endloop
  endfacet
  facet normal -0.104394 -0.178061 0.978466
    outer loop
      vertex 2.43887 0.13973 5.41979
      vertex 3.41026 0.155397 5.52628
      vertex 2.43442 0.223502 5.43456
    endloop
  endfacet
  facet normal -0.13663 -0.145776 0.979838
    outer loop
      vertex 4.28445 -0.882354 5.48142
      vertex 3.3605 -0.545426 5.40271
      vertex 3.33777 -0.660569 5.38241
    endloop
  endfacet
  facet normal 0.021129 -0.00125078 0.999776
    outer loop
      vertex -0.558458 -5.24763 4.88403
      vertex -0.457851 -4.27549 4.88312
      vertex -0.609601 -4.25714 4.88635
    endloop
  endfacet
  facet normal 0.0984043 -0.0750189 0.992315
    outer loop
      vertex -3.04272 -3.08846 5.09242
      vertex -2.45463 -2.29628 5.09399
      vertex -3.15083 -2.98199 5.11119
    endloop
  endfacet
  facet normal -0.240153 -0.139477 0.960663
    outer loop
      vertex 6.96159 -0.993695 6.024
      vertex 6.96632 -0.801892 6.05303
      vertex 6.26412 -0.698641 5.89248
    endloop
  endfacet
  facet normal -0.238972 -0.131198 0.962122
    outer loop
      vertex 6.95257 -1.29051 5.98083
      vertex 6.95878 -1.09414 6.00915
      vertex 6.20294 -1.12739 5.81688
    endloop
  endfacet
  facet normal -0.237512 -0.122993 0.963567
    outer loop
      vertex 6.94302 -1.53824 5.94685
      vertex 6.95095 -1.33239 5.97508
      vertex 6.16099 -1.33992 5.7794
    endloop
  endfacet
  facet normal -0.233697 -0.106793 0.966427
    outer loop
      vertex 6.05463 -1.76002 5.70533
      vertex 6.91898 -2.03045 5.88446
      vertex 6.11153 -1.55088 5.7422
    endloop
  endfacet
  facet normal -0.233612 -0.106484 0.966482
    outer loop
      vertex 6.91898 -2.03045 5.88446
      vertex 6.05463 -1.76002 5.70533
      vertex 6.91833 -2.04282 5.88294
    endloop
  endfacet
  facet normal -0.253746 -0.0608308 0.965356
    outer loop
      vertex 6.6204 -2.99413 5.72781
      vertex 6.86182 -2.82921 5.80166
      vertex 6.71924 -2.76482 5.76824
    endloop
  endfacet
  facet normal -0.253736 -0.0608462 0.965358
    outer loop
      vertex 6.86182 -2.82921 5.80166
      vertex 6.6204 -2.99413 5.72781
      vertex 6.84385 -3.03192 5.78416
    endloop
  endfacet
  facet normal -0.225891 -0.0831069 0.970601
    outer loop
      vertex 6.71924 -2.76482 5.76824
      vertex 6.80989 -2.53226 5.80925
      vertex 5.83999 -2.37392 5.59708
    endloop
  endfacet
  facet normal -0.225888 -0.0830879 0.970603
    outer loop
      vertex 6.80989 -2.53226 5.80925
      vertex 5.91878 -2.17179 5.63272
      vertex 5.83999 -2.37392 5.59708
    endloop
  endfacet
  facet normal 0.086702 0.0539646 0.994772
    outer loop
      vertex -2.35951 -5.80152 4.9927
      vertex -2.36239 -6.46862 5.02914
      vertex -2.15426 -5.87911 4.97902
    endloop
  endfacet
  facet normal 0.0867057 0.0539646 0.994771
    outer loop
      vertex -2.36239 -6.46862 5.02914
      vertex -2.35951 -5.80152 4.9927
      vertex -2.43872 -6.46414 5.03555
    endloop
  endfacet
  facet normal 0.0126717 0.0694694 0.997504
    outer loop
      vertex -0.43937 -6.23809 4.91572
      vertex -0.304622 -6.53477 4.93467
      vertex -0.219818 -6.24942 4.91372
    endloop
  endfacet
  facet normal 0.0126994 0.0694819 0.997502
    outer loop
      vertex -0.304622 -6.53477 4.93467
      vertex -0.43937 -6.23809 4.91572
      vertex -0.459458 -6.53346 4.93655
    endloop
  endfacet
  facet normal 0.150167 0.0607532 0.986792
    outer loop
      vertex -4.05243 -6.00802 5.19638
      vertex -4.05103 -6.33747 5.21645
      vertex -3.84029 -6.14369 5.17245
    endloop
  endfacet
  facet normal 0.150165 0.0607532 0.986793
    outer loop
      vertex -4.05103 -6.33747 5.21645
      vertex -4.05243 -6.00802 5.19638
      vertex -4.25187 -6.31696 5.24575
    endloop
  endfacet
  facet normal -0.012172 -0.0354041 0.999299
    outer loop
      vertex 0.305545 -4.28861 4.8808
      vertex 0.457851 -4.27549 4.88312
      vertex 0.238032 -3.3142 4.9145
    endloop
  endfacet
  facet normal 0.0111358 -0.14096 0.989953
    outer loop
      vertex -0.151006 -0.38407 5.22357
      vertex -0.167133 -0.378602 5.22453
      vertex -0.501198 -1.28841 5.09874
    endloop
  endfacet
  facet normal 0.193232 -0.0250909 0.980832
    outer loop
      vertex -5.71066 -4.48519 5.46489
      vertex -4.96339 -3.86917 5.33343
      vertex -5.86289 -4.28624 5.49997
    endloop
  endfacet
  facet normal 0.0157249 -0.106286 0.994211
    outer loop
      vertex -0.50738 -2.29491 4.99049
      vertex -0.354513 -1.33258 5.09095
      vertex -0.590376 -2.27604 4.99382
    endloop
  endfacet
  facet normal 0.228786 -0.0909275 0.969221
    outer loop
      vertex -5.91878 -2.17179 5.63272
      vertex -5.99035 -1.96707 5.66882
      vertex -6.80989 -2.53226 5.80925
    endloop
  endfacet
  facet normal 0.178258 -0.0643943 0.981874
    outer loop
      vertex -4.53083 -2.80313 5.31506
      vertex -4.62687 -2.64571 5.34282
      vertex -5.34154 -3.33731 5.42721
    endloop
  endfacet
  facet normal -0.100812 0.00925481 0.994862
    outer loop
      vertex 2.95703 -5.52713 5.04108
      vertex 2.67133 -4.57155 5.00324
      vertex 2.50822 -4.66059 4.98754
    endloop
  endfacet
  facet normal -0.165935 0.0498983 0.984873
    outer loop
      vertex 4.46166 -5.71522 5.248
      vertex 4.55093 -6.28464 5.29189
      vertex 4.6677 -6.27134 5.31089
    endloop
  endfacet
  facet normal -0.165886 0.0499065 0.984881
    outer loop
      vertex 4.55093 -6.28464 5.29189
      vertex 4.46166 -5.71522 5.248
      vertex 4.25964 -5.86514 5.22157
    endloop
  endfacet
  facet normal -0.00911732 -0.000211172 0.999958
    outer loop
      vertex 0.186456 -5.27325 4.87951
      vertex 0.372684 -5.26364 4.88121
      vertex 0.152865 -4.29649 4.87941
    endloop
  endfacet
  facet normal -0.0543775 -0.0457813 0.99747
    outer loop
      vertex 1.64084 -3.98502 4.93433
      vertex 1.38792 -3.03185 4.96429
      vertex 1.27829 -3.07768 4.95621
    endloop
  endfacet
  facet normal -0.0622108 -0.0113233 0.997999
    outer loop
      vertex 1.82729 -4.95915 4.9349
      vertex 1.64084 -3.98502 4.93433
      vertex 1.4981 -4.03898 4.92482
    endloop
  endfacet
  facet normal -0.0109106 0.0346491 0.99934
    outer loop
      vertex 0.219818 -6.24942 4.91372
      vertex 0.372684 -5.26364 4.88121
      vertex 0.186456 -5.27325 4.87951
    endloop
  endfacet
  facet normal 0.0677002 0.0237701 0.997423
    outer loop
      vertex -1.94638 -5.9496 4.96659
      vertex -1.65097 -5.01894 4.92436
      vertex -2.15426 -5.87911 4.97902
    endloop
  endfacet
  facet normal 0.12704 -0.0543751 0.990406
    outer loop
      vertex -3.15083 -2.98199 5.11119
      vertex -3.2551 -2.87188 5.13061
      vertex -3.84318 -3.66991 5.16223
    endloop
  endfacet
  facet normal -0.0312963 -0.0383929 0.998773
    outer loop
      vertex 0.910687 -4.20486 4.89557
      vertex 1.05966 -4.17099 4.90154
      vertex 0.709465 -3.24895 4.92601
    endloop
  endfacet
  facet normal -0.0789556 -0.105227 0.991309
    outer loop
      vertex 2.61401 -2.12197 5.12472
      vertex 1.86942 -1.48895 5.13261
      vertex 1.81354 -1.55225 5.12144
    endloop
  endfacet
  facet normal -0.188018 -0.0185177 0.981991
    outer loop
      vertex 5.55147 -4.67878 5.43076
      vertex 5.71066 -4.48519 5.46489
      vertex 4.96339 -3.86917 5.33343
    endloop
  endfacet
  facet normal -0.202921 -0.0387181 0.978429
    outer loop
      vertex 6.00798 -4.08218 5.53595
      vertex 6.14575 -3.87326 5.57279
      vertex 5.34154 -3.33731 5.42721
    endloop
  endfacet
  facet normal -0.141833 -0.0200967 0.989687
    outer loop
      vertex 4.21461 -4.65994 5.19399
      vertex 4.37539 -4.51228 5.22003
      vertex 3.57493 -3.92502 5.11724
    endloop
  endfacet
  facet normal -0.198193 -0.0318137 0.979647
    outer loop
      vertex 5.86289 -4.28624 5.49997
      vertex 6.00798 -4.08218 5.53595
      vertex 5.2218 -3.5189 5.39519
    endloop
  endfacet
  facet normal -0.222717 -0.0753705 0.971965
    outer loop
      vertex 6.6204 -2.99413 5.72781
      vertex 6.71924 -2.76482 5.76824
      vertex 5.83999 -2.37392 5.59708
    endloop
  endfacet
  facet normal -0.257426 -0.0698375 0.963771
    outer loop
      vertex 6.88128 -2.58951 5.82417
      vertex 6.88347 -2.56253 5.82671
      vertex 6.80989 -2.53226 5.80925
    endloop
  endfacet
  facet normal 0.142285 -0.26908 0.95255
    outer loop
      vertex -3.54363 2.54998 6.08663
      vertex -4.3223 3.07765 6.352
      vertex -4.42926 2.92721 6.32548
    endloop
  endfacet
  facet normal 0.23632 -0.306714 0.921998
    outer loop
      vertex -6.7246 3.91934 7.13096
      vertex -6.14575 3.69063 6.90651
      vertex -6.71384 4.00687 7.15732
    endloop
  endfacet
  facet normal 0.236306 -0.306743 0.921991
    outer loop
      vertex -6.14575 3.69063 6.90651
      vertex -6.7246 3.91934 7.13096
      vertex -6.27603 3.4771 6.86886
    endloop
  endfacet
  facet normal 0.222719 -0.26159 0.939131
    outer loop
      vertex -5.83999 2.2734 6.41653
      vertex -5.75408 2.4727 6.45167
      vertex -6.71924 2.58219 6.71106
    endloop
  endfacet
  facet normal 0.139174 -0.174355 0.974798
    outer loop
      vertex -3.41234 0.0381174 5.5056
      vertex -3.41026 0.155397 5.52628
      vertex -4.3775 0.165041 5.6661
    endloop
  endfacet
  facet normal 0.170475 -0.203655 0.964087
    outer loop
      vertex -4.31362 0.76355 5.77164
      vertex -5.2259 1.07895 5.99958
      vertex -5.26148 0.898675 5.96779
    endloop
  endfacet
  facet normal 0.200854 -0.222874 0.953931
    outer loop
      vertex -5.13569 1.43529 6.06241
      vertex -6.05463 1.6595 6.30828
      vertex -6.11153 1.45037 6.2714
    endloop
  endfacet
  facet normal 0.231162 -0.314847 0.920563
    outer loop
      vertex -6.65691 4.17804 7.20155
      vertex -6.00798 3.89955 6.94335
      vertex -6.60334 4.25927 7.21588
    endloop
  endfacet
  facet normal 0.231127 -0.314733 0.92061
    outer loop
      vertex -6.70499 4.07452 7.17823
      vertex -6.65691 4.17804 7.20155
      vertex -6.7 4.1127 7.19003
    endloop
  endfacet
  facet normal 0.231205 -0.314763 0.920581
    outer loop
      vertex -6.65691 4.17804 7.20155
      vertex -6.70499 4.07452 7.17823
      vertex -6.00798 3.89955 6.94335
    endloop
  endfacet
  facet normal 0.075827 -0.286911 0.954952
    outer loop
      vertex -1.90816 2.8241 5.99685
      vertex -1.80826 2.88798 6.00811
      vertex -2.44936 3.59065 6.27013
    endloop
  endfacet
  facet normal 0.094779 -0.216145 0.97175
    outer loop
      vertex -2.22938 1.03336 5.57736
      vertex -2.19338 1.10939 5.59076
      vertex -3.11733 1.40496 5.74662
    endloop
  endfacet
  facet normal 0.098835 -0.206243 0.973497
    outer loop
      vertex -2.32092 0.798513 5.53595
      vertex -3.20655 1.18748 5.70827
      vertex -3.24533 1.07657 5.68871
    endloop
  endfacet
  facet normal 0.225867 -0.322567 0.919203
    outer loop
      vertex -6.47806 4.43548 7.24695
      vertex -5.86289 4.10361 6.97933
      vertex -6.44388 4.48355 7.25542
    endloop
  endfacet
  facet normal 0.225824 -0.322637 0.919189
    outer loop
      vertex -5.86289 4.10361 6.97933
      vertex -6.47806 4.43548 7.24695
      vertex -6.00798 3.89955 6.94335
    endloop
  endfacet
  facet normal 0.174388 -0.281395 0.943613
    outer loop
      vertex -4.42926 2.92721 6.32548
      vertex -5.2218 3.41838 6.61842
      vertex -5.34154 3.2368 6.5864
    endloop
  endfacet
  facet normal 0.214246 -0.337759 0.916525
    outer loop
      vertex -6.23906 4.74783 7.30202
      vertex -5.71066 4.30256 7.01441
      vertex -5.55147 4.49615 7.04854
    endloop
  endfacet
  facet normal 0.214308 -0.337692 0.916535
    outer loop
      vertex -5.71066 4.30256 7.01441
      vertex -6.23906 4.74783 7.30202
      vertex -6.27656 4.70221 7.29398
    endloop
  endfacet
  facet normal 0.0347727 -0.1765 0.983686
    outer loop
      vertex -0.487476 0.107188 5.31019
      vertex -0.48599 0.123922 5.31314
      vertex -1.46184 0.168365 5.35561
    endloop
  endfacet
  facet normal 0.0659596 -0.195626 0.978458
    outer loop
      vertex -1.39368 0.513652 5.41649
      vertex -1.37703 0.56128 5.42489
      vertex -2.32092 0.798513 5.53595
    endloop
  endfacet
  facet normal 0.00192588 -0.172413 0.985023
    outer loop
      vertex 0.439211 0.284581 5.34147
      vertex 0.414412 0.328638 5.34923
      vertex 0.385075 0.369902 5.35651
    endloop
  endfacet
  facet normal 0.104397 -0.167304 0.980362
    outer loop
      vertex -2.43442 -0.111787 5.37544
      vertex -2.43887 -0.0280151 5.39021
      vertex -3.40403 -0.196299 5.46427
    endloop
  endfacet
  facet normal 0.0585128 -0.210655 0.975808
    outer loop
      vertex -1.24273 0.832445 5.4727
      vertex -1.21488 0.874691 5.48015
      vertex -2.06954 1.3294 5.62956
    endloop
  endfacet
  facet normal 0.00045106 -0.16967 0.985501
    outer loop
      vertex 0.0680084 0.550179 5.3883
      vertex 0.0510788 0.552225 5.38866
      vertex 0.0340872 0.55369 5.38892
    endloop
  endfacet
  facet normal 0.129942 -0.221097 0.966556
    outer loop
      vertex -3.20655 1.18748 5.70827
      vertex -3.16387 1.29698 5.72758
      vertex -4.11601 1.48984 5.8997
    endloop
  endfacet
  facet normal 0.15738 -0.243335 0.957089
    outer loop
      vertex -4.00148 1.769 5.94892
      vertex -3.93687 1.90546 5.97299
      vertex -4.80194 2.29151 6.21339
    endloop
  endfacet
  facet normal 0.0945909 -0.314445 0.944551
    outer loop
      vertex -2.44936 3.59065 6.27013
      vertex -2.32113 3.67266 6.28459
      vertex -2.98757 4.347 6.57582
    endloop
  endfacet
  facet normal 0.0657708 -0.252722 0.965301
    outer loop
      vertex -1.56863 1.89688 5.72962
      vertex -2.10085 2.68623 5.97254
      vertex -2.19341 2.61241 5.95952
    endloop
  endfacet
  facet normal 0.0440831 -0.266042 0.962953
    outer loop
      vertex -1.06978 2.21592 5.78587
      vertex -0.992583 2.25137 5.79213
      vertex -1.38792 3.10809 6.04692
    endloop
  endfacet
  facet normal 0.0396929 -0.370873 0.927835
    outer loop
      vertex -1.1108 5.13154 6.71416
      vertex -1.09375 6.05844 7.08393
      vertex -1.30956 6.01713 7.07665
    endloop
  endfacet
  facet normal -0.0588402 -0.296192 0.953314
    outer loop
      vertex 1.92014 3.89155 6.32319
      vertex 1.78157 3.95519 6.33441
      vertex 1.49587 3.05851 6.03818
    endloop
  endfacet
  facet normal 0.0294942 -0.405007 0.913838
    outer loop
      vertex -0.876599 6.09231 7.0899
      vertex -0.836616 6.39922 7.22463
      vertex -0.922072 6.39681 7.22632
    endloop
  endfacet
  facet normal -0.241929 -0.172627 0.954814
    outer loop
      vertex 6.97397 -0.0794963 6.17263
      vertex 6.97334 0.0984364 6.20464
      vertex 6.29863 -0.0502567 6.0068
    endloop
  endfacet
  facet normal -0.241095 -0.298556 0.923438
    outer loop
      vertex 6.76701 3.56461 7.02534
      vertex 6.74924 3.71895 7.0706
      vertex 6.27603 3.4771 6.86886
    endloop
  endfacet
  facet normal -0.171085 -0.336977 0.925838
    outer loop
      vertex 5.21301 4.86635 7.11382
      vertex 5.03414 5.0425 7.14488
      vertex 4.37539 4.41176 6.79358
    endloop
  endfacet
  facet normal -0.124626 -0.372729 0.919533
    outer loop
      vertex 3.84029 5.96107 7.30685
      vertex 3.62347 6.08937 7.32947
      vertex 3.14931 5.32164 6.95401
    endloop
  endfacet
  facet normal -0.158115 -0.389313 0.907433
    outer loop
      vertex 4.25187 6.09881 7.43498
      vertex 4.25964 5.68251 7.25773
      vertex 4.40441 6.07527 7.45146
    endloop
  endfacet
  facet normal -0.15809 -0.389314 0.907437
    outer loop
      vertex 4.25964 5.68251 7.25773
      vertex 4.25187 6.09881 7.43498
      vertex 4.05243 5.82539 7.28293
    endloop
  endfacet
  facet normal 0.253786 -0.272988 0.927939
    outer loop
      vertex -6.85704 2.68359 6.77858
      vertex -6.6204 2.8115 6.75149
      vertex -6.83771 2.89494 6.83547
    endloop
  endfacet
  facet normal 0.25379 -0.272997 0.927935
    outer loop
      vertex -6.6204 2.8115 6.75149
      vertex -6.85704 2.68359 6.77858
      vertex -6.71924 2.58219 6.71106
    endloop
  endfacet
  facet normal 0.207663 -0.180544 0.961395
    outer loop
      vertex -5.3394 0.168651 5.83907
      vertex -6.28329 0.382438 6.0831
      vertex -6.29479 0.166222 6.04498
    endloop
  endfacet
  facet normal -0.152084 -0.309509 0.938656
    outer loop
      vertex 4.68079 4.10032 6.73866
      vertex 4.53085 4.25867 6.76658
      vertex 3.84318 3.63996 6.45115
    endloop
  endfacet
  facet normal -0.152244 -0.353684 0.922892
    outer loop
      vertex 4.04868 4.70147 6.84466
      vertex 4.65824 5.37582 7.20365
      vertex 3.87782 4.83772 6.86869
    endloop
  endfacet
  facet normal -0.208083 -0.345011 0.915243
    outer loop
      vertex 6.1016 4.91499 7.3315
      vertex 5.9583 5.07734 7.36012
      vertex 5.55147 4.49615 7.04854
    endloop
  endfacet
  facet normal 0.164999 -0.342765 0.924818
    outer loop
      vertex -4.37539 4.41176 6.79358
      vertex -4.84914 5.21239 7.17484
      vertex -5.03414 5.0425 7.14488
    endloop
  endfacet
  facet normal 0.201616 -0.352078 0.913998
    outer loop
      vertex -5.21301 4.86635 7.11382
      vertex -5.72959 5.32187 7.40324
      vertex -5.87856 5.16455 7.3755
    endloop
  endfacet
  facet normal 0.18188 -0.269117 0.945778
    outer loop
      vertex -4.71728 2.45514 6.24224
      vertex -4.62687 2.61577 6.27056
      vertex -5.56136 2.86185 6.52029
    endloop
  endfacet
  facet normal 0.131073 -0.283213 0.950058
    outer loop
      vertex -3.3554 2.78724 6.12847
      vertex -3.97036 3.50565 6.42747
      vertex -4.09271 3.36704 6.40303
    endloop
  endfacet
  facet normal 0.125015 -0.408857 0.903995
    outer loop
      vertex -3.40223 6.21014 7.35077
      vertex -3.38799 6.21728 7.35203
      vertex -3.40514 6.21522 7.35347
    endloop
  endfacet
  facet normal 0.0812658 -0.358349 0.930044
    outer loop
      vertex -2.17305 4.79163 6.65423
      vertex -2.00139 4.86339 6.66688
      vertex -2.35951 5.70101 7.02091
    endloop
  endfacet
  facet normal 0.13353 -0.404205 0.904869
    outer loop
      vertex -3.40745 6.21493 7.35368
      vertex -3.62347 6.08937 7.32947
      vertex -3.40223 6.21014 7.35077
    endloop
  endfacet
  facet normal 0.133644 -0.404383 0.904773
    outer loop
      vertex -3.62347 6.08937 7.32947
      vertex -3.40745 6.21493 7.35368
      vertex -3.6798 6.17985 7.37823
    endloop
  endfacet
  facet normal 0.0675169 -0.291825 0.954086
    outer loop
      vertex -1.70617 2.9484 6.01877
      vertex -1.602 3.00526 6.02879
      vertex -2.19008 3.7502 6.29826
    endloop
  endfacet
  facet normal 0.0944946 -0.387842 0.916869
    outer loop
      vertex -2.56188 5.61641 7.00599
      vertex -2.67489 6.2887 7.30202
      vertex -2.87257 6.27056 7.31472
    endloop
  endfacet
  facet normal 0.0878891 -0.355439 0.930558
    outer loop
      vertex -2.17305 4.79163 6.65423
      vertex -2.56188 5.61641 7.00599
      vertex -2.76114 5.52491 6.98986
    endloop
  endfacet
  facet normal 0.188054 -0.365427 0.911646
    outer loop
      vertex -5.37326 5.66218 7.46325
      vertex -4.84914 5.21239 7.17484
      vertex -5.32967 5.7022 7.4703
    endloop
  endfacet
  facet normal 0.187998 -0.365484 0.911635
    outer loop
      vertex -4.84914 5.21239 7.17484
      vertex -5.37326 5.66218 7.46325
      vertex -5.03414 5.0425 7.14488
    endloop
  endfacet
  facet normal 0.119258 -0.337616 0.933699
    outer loop
      vertex -2.98757 4.347 6.57582
      vertex -3.52215 5.09221 6.91356
      vertex -3.70224 4.96803 6.89166
    endloop
  endfacet
  facet normal 0.113234 -0.34161 0.932996
    outer loop
      vertex -2.98757 4.347 6.57582
      vertex -2.83117 4.44702 6.59346
      vertex -3.33776 5.21013 6.93435
    endloop
  endfacet
  facet normal 0.113965 -0.300071 0.947085
    outer loop
      vertex -2.9309 3.22014 6.2048
      vertex -3.43419 4.01556 6.51738
      vertex -3.57493 3.89507 6.49614
    endloop
  endfacet
  facet normal 0.0340671 -0.270033 0.962248
    outer loop
      vertex -0.834652 2.31421 5.80321
      vertex -1.05447 3.23414 6.06915
      vertex -1.16709 3.19595 6.06242
    endloop
  endfacet
  facet normal -0.00306632 -0.166932 0.985964
    outer loop
      vertex -0.183058 0.519819 5.38295
      vertex -0.198758 0.513256 5.38179
      vertex -0.214217 0.506157 5.38054
    endloop
  endfacet
  facet normal -0.0396668 -0.370873 0.927836
    outer loop
      vertex 1.1108 5.13154 6.71416
      vertex 1.09375 6.05844 7.08393
      vertex 0.927741 5.16658 6.72034
    endloop
  endfacet
  facet normal -0.0211448 -0.34077 0.939909
    outer loop
      vertex 0.743553 5.19531 6.7254
      vertex 0.558458 5.21769 6.72935
      vertex 0.457851 4.30449 6.396
    endloop
  endfacet
  facet normal -0.00906038 -0.341813 0.939724
    outer loop
      vertex 0.372684 5.2337 6.73217
      vertex 0.186456 5.24331 6.73387
      vertex 0.152865 4.32549 6.3997
    endloop
  endfacet
  facet normal -0.180831 -0.371848 0.91051
    outer loop
      vertex 4.65824 5.37582 7.20365
      vertex 5.16483 5.84333 7.49519
      vertex 5.11985 5.88183 7.50198
    endloop
  endfacet
  facet normal -0.180884 -0.371798 0.91052
    outer loop
      vertex 5.16483 5.84333 7.49519
      vertex 4.65824 5.37582 7.20365
      vertex 4.84914 5.21239 7.17484
    endloop
  endfacet
  facet normal -0.109868 -0.381116 0.917976
    outer loop
      vertex 3.15695 6.24207 7.33467
      vertex 3.40223 6.21014 7.35077
      vertex 3.38799 6.21728 7.35203
    endloop
  endfacet
  facet normal -0.109837 -0.380808 0.918107
    outer loop
      vertex 3.40223 6.21014 7.35077
      vertex 3.15695 6.24207 7.33467
      vertex 2.95703 5.42661 6.97252
    endloop
  endfacet
  facet normal -0.0789038 -0.240246 0.9675
    outer loop
      vertex 2.61401 2.1982 5.88649
      vertex 2.53586 2.28673 5.9021
      vertex 1.81354 1.66397 5.68855
    endloop
  endfacet
  facet normal -0.0975996 -0.20961 0.972902
    outer loop
      vertex 3.20655 1.18748 5.70827
      vertex 3.16387 1.29698 5.72758
      vertex 2.29319 0.87783 5.54993
    endloop
  endfacet
  facet normal -0.225829 -0.322632 0.91919
    outer loop
      vertex 6.60334 4.25927 7.21588
      vertex 6.47806 4.43548 7.24695
      vertex 6.00798 3.89955 6.94335
    endloop
  endfacet
  facet normal -0.231127 -0.314733 0.92061
    outer loop
      vertex 6.65691 4.17804 7.20155
      vertex 6.70499 4.07452 7.17823
      vertex 6.7 4.1127 7.19003
    endloop
  endfacet
  facet normal -0.231162 -0.314847 0.920563
    outer loop
      vertex 6.00798 3.89955 6.94335
      vertex 6.65691 4.17804 7.20155
      vertex 6.60334 4.25927 7.21588
    endloop
  endfacet
  facet normal -0.231205 -0.314763 0.920581
    outer loop
      vertex 6.65691 4.17804 7.20155
      vertex 6.00798 3.89955 6.94335
      vertex 6.70499 4.07452 7.17823
    endloop
  endfacet
  facet normal -0.0947636 -0.216189 0.971742
    outer loop
      vertex 3.11733 1.40496 5.74662
      vertex 3.06699 1.51126 5.76536
      vertex 2.19338 1.10939 5.59076
    endloop
  endfacet
  facet normal -0.200855 -0.222856 0.953935
    outer loop
      vertex 5.18395 1.2579 6.03113
      vertex 6.11153 1.45037 6.2714
      vertex 5.13569 1.43529 6.06241
    endloop
  endfacet
  facet normal -0.102623 -0.153026 0.982879
    outer loop
      vertex 3.33777 -0.660569 5.38241
      vertex 3.3605 -0.545426 5.40271
      vertex 2.38703 -0.443813 5.31689
    endloop
  endfacet
  facet normal -0.133119 -0.131895 0.982285
    outer loop
      vertex 4.16578 -1.31848 5.40452
      vertex 3.28015 -0.888162 5.34228
      vertex 3.24533 -1.00033 5.3225
    endloop
  endfacet
  facet normal -0.173022 -0.156121 0.972466
    outer loop
      vertex 5.31338 -0.564946 5.70972
      vertex 4.36949 -0.286405 5.5865
      vertex 4.35617 -0.436398 5.56005
    endloop
  endfacet
  facet normal -0.13162 -0.216573 0.967353
    outer loop
      vertex 4.16578 1.34748 5.8746
      vertex 4.11601 1.48984 5.8997
      vertex 3.24533 1.07657 5.68871
    endloop
  endfacet
  facet normal -0.16922 -0.209487 0.963058
    outer loop
      vertex 4.28445 0.91135 5.7977
      vertex 5.2259 1.07895 5.99958
      vertex 4.25006 1.05806 5.82357
    endloop
  endfacet
  facet normal -0.0856092 -0.231795 0.96899
    outer loop
      vertex 2.82896 1.91728 5.83695
      vertex 2.76064 2.01337 5.8539
      vertex 2.02315 1.39976 5.64196
    endloop
  endfacet
  facet normal -0.119302 -0.242573 0.96277
    outer loop
      vertex 3.79333 2.17131 6.01986
      vertex 3.71459 2.30037 6.04262
      vertex 2.89383 1.81891 5.81961
    endloop
  endfacet
  facet normal -0.196609 -0.236534 0.951523
    outer loop
      vertex 5.08116 1.61092 6.09338
      vertex 5.91878 2.07127 6.38089
      vertex 5.02045 1.78456 6.124
    endloop
  endfacet
  facet normal -0.173016 -0.156099 0.97247
    outer loop
      vertex 5.31338 -0.564946 5.70972
      vertex 5.32964 -0.381994 5.74198
      vertex 4.36949 -0.286405 5.5865
    endloop
  endfacet
  facet normal -0.240156 -0.139486 0.96066
    outer loop
      vertex 6.23733 -0.913539 5.85458
      vertex 6.96159 -0.993695 6.024
      vertex 6.26412 -0.698641 5.89248
    endloop
  endfacet
  facet normal -0.240145 -0.139326 0.960687
    outer loop
      vertex 6.96159 -0.993695 6.024
      vertex 6.23733 -0.913539 5.85458
      vertex 6.96032 -1.04522 6.01621
    endloop
  endfacet
  facet normal -0.198202 -0.305158 0.931448
    outer loop
      vertex 6.00798 3.89955 6.94335
      vertex 5.86289 4.10361 6.97933
      vertex 5.2218 3.41838 6.61842
    endloop
  endfacet
  facet normal -0.170357 -0.28728 0.942575
    outer loop
      vertex 4.42926 2.92721 6.32548
      vertex 5.2218 3.41838 6.61842
      vertex 4.3223 3.07765 6.352
    endloop
  endfacet
  facet normal -0.108139 -0.258265 0.960003
    outer loop
      vertex 3.45162 2.67023 6.10783
      vertex 3.3554 2.78724 6.12847
      vertex 2.61401 2.1982 5.88649
    endloop
  endfacet
  facet normal -0.1418 -0.319644 0.936867
    outer loop
      vertex 3.71132 3.76982 6.47405
      vertex 4.37539 4.41176 6.79358
      vertex 3.57493 3.89507 6.49614
    endloop
  endfacet
  facet normal -0.0913146 -0.275424 0.956976
    outer loop
      vertex 2.9309 3.22014 6.2048
      vertex 2.81552 3.31892 6.22222
      vertex 2.19341 2.61241 5.95952
    endloop
  endfacet
  facet normal -0.147015 -0.314678 0.937744
    outer loop
      vertex 4.53085 4.25867 6.76658
      vertex 4.37539 4.41176 6.79358
      vertex 3.84318 3.63996 6.45115
    endloop
  endfacet
  facet normal -0.13876 -0.363696 0.921125
    outer loop
      vertex 4.25964 5.68251 7.25773
      vertex 4.05243 5.82539 7.28293
      vertex 3.52215 5.09221 6.91356
    endloop
  endfacet
  facet normal -0.119258 -0.337616 0.933699
    outer loop
      vertex 3.70224 4.96803 6.89166
      vertex 3.52215 5.09221 6.91356
      vertex 2.98757 4.347 6.57582
    endloop
  endfacet
  facet normal -0.124036 -0.109757 0.986189
    outer loop
      vertex 3.86746 -2.01062 5.28247
      vertex 3.93687 -1.87647 5.30613
      vertex 3.01292 -1.53954 5.22742
    endloop
  endfacet
  facet normal -0.196621 -0.103189 0.975035
    outer loop
      vertex 5.99035 -1.96707 5.66882
      vertex 5.08116 -1.64086 5.52
      vertex 5.02045 -1.81451 5.48938
    endloop
  endfacet
  facet normal -0.164228 -0.115371 0.979652
    outer loop
      vertex 5.02045 -1.81451 5.48938
      vertex 4.16578 -1.31848 5.40452
      vertex 4.11601 -1.46085 5.37941
    endloop
  endfacet
  facet normal -0.188459 -0.0833096 0.978541
    outer loop
      vertex 5.66117 -2.76945 5.52734
      vertex 5.75408 -2.57322 5.56194
      vertex 4.80194 -2.32146 5.4
    endloop
  endfacet
  facet normal -0.215597 -0.0603275 0.974617
    outer loop
      vertex 6.39866 -3.44186 5.64886
      vertex 5.66117 -2.76945 5.52734
      vertex 5.56136 -2.96236 5.49332
    endloop
  endfacet
  facet normal -0.219289 -0.0677884 0.973302
    outer loop
      vertex 6.6204 -2.99413 5.72781
      vertex 5.75408 -2.57322 5.56194
      vertex 5.66117 -2.76945 5.52734
    endloop
  endfacet
  facet normal -0.148849 -0.0828839 0.98538
    outer loop
      vertex 4.62687 -2.64571 5.34282
      vertex 3.79333 -2.14231 5.25925
      vertex 3.71459 -2.27137 5.2365
    endloop
  endfacet
  facet normal -0.0245041 -0.149055 0.988525
    outer loop
      vertex 1.05412 -0.934795 5.16109
      vertex 0.351518 -0.26068 5.24532
      vertex 0.339457 -0.272558 5.24323
    endloop
  endfacet
  facet normal -0.19139 -0.0897952 0.977398
    outer loop
      vertex 5.75408 -2.57322 5.56194
      vertex 4.95362 -1.98596 5.45915
      vertex 4.88075 -2.15501 5.42935
    endloop
  endfacet
  facet normal -0.162132 -0.10971 0.980651
    outer loop
      vertex 4.95362 -1.98596 5.45915
      vertex 5.02045 -1.81451 5.48938
      vertex 4.06122 -1.60141 5.35463
    endloop
  endfacet
  facet normal -0.0541864 -0.129943 0.99004
    outer loop
      vertex 1.92303 -1.42375 5.1441
      vertex 1.15476 -0.820791 5.18119
      vertex 1.12257 -0.859939 5.17429
    endloop
  endfacet
  facet normal -0.111126 -0.0894072 0.989776
    outer loop
      vertex 3.54363 -2.52098 5.19248
      vertex 2.76064 -1.93713 5.15731
      vertex 2.68896 -2.03081 5.1408
    endloop
  endfacet
  facet normal -0.0324753 -0.186114 0.981991
    outer loop
      vertex 0.459197 0.238214 5.33329
      vertex 1.3587 0.608307 5.43318
      vertex 0.453084 0.253896 5.33606
    endloop
  endfacet
  facet normal -0.0692531 -0.181484 0.980952
    outer loop
      vertex 1.45738 0.218545 5.36446
      vertex 2.42699 0.307069 5.44929
      vertex 1.45115 0.268542 5.37327
    endloop
  endfacet
  facet normal -0.0856788 -0.113695 0.989814
    outer loop
      vertex 2.76064 -1.93713 5.15731
      vertex 2.82896 -1.84105 5.17426
      vertex 2.02315 -1.28804 5.16803
    endloop
  endfacet
  facet normal -0.0598143 -0.137858 0.988644
    outer loop
      vertex 2.06954 -1.21769 5.18044
      vertex 2.11341 -1.14579 5.19312
      vertex 1.26908 -0.653875 5.21063
    endloop
  endfacet
  facet normal 0.0270608 -0.15183 0.988036
    outer loop
      vertex -0.37434 -0.235718 5.24972
      vertex -0.385075 -0.222664 5.25202
      vertex -1.12257 -0.859939 5.17429
    endloop
  endfacet
  facet normal -0.00153261 -0.173479 0.984836
    outer loop
      vertex -0.483912 0.140594 5.31608
      vertex -0.48599 0.123922 5.31314
      vertex -0.487476 0.107188 5.31019
    endloop
  endfacet
  facet normal -0.0585256 -0.135823 0.989003
    outer loop
      vertex 2.02315 -1.28804 5.16803
      vertex 1.24273 -0.697053 5.20301
      vertex 1.21488 -0.7393 5.19556
    endloop
  endfacet
  facet normal -0.00355005 -0.104598 0.994508
    outer loop
      vertex 0.170231 -2.34157 4.98227
      vertex 0.102221 -1.37193 5.08401
      vertex 0.0511417 -1.37457 5.08355
    endloop
  endfacet
  facet normal -0.200855 -0.116822 0.97263
    outer loop
      vertex 6.05463 -1.76002 5.70533
      vertex 6.11153 -1.55088 5.7422
      vertex 5.13569 -1.46523 5.55097
    endloop
  endfacet
  facet normal -0.233728 -0.106849 0.966413
    outer loop
      vertex 6.91898 -2.03045 5.88446
      vertex 6.93162 -1.78884 5.91423
      vertex 6.11153 -1.55088 5.7422
    endloop
  endfacet
  facet normal -0.228773 -0.0909081 0.969226
    outer loop
      vertex 6.80989 -2.53226 5.80925
      vertex 6.89224 -2.29672 5.85078
      vertex 5.99035 -1.96707 5.66882
    endloop
  endfacet
  facet normal 0.165886 0.0499065 0.984881
    outer loop
      vertex -4.46166 -5.71522 5.248
      vertex -4.55093 -6.28464 5.29189
      vertex -4.25964 -5.86514 5.22157
    endloop
  endfacet
  facet normal 0.165935 0.0498983 0.984873
    outer loop
      vertex -4.55093 -6.28464 5.29189
      vertex -4.46166 -5.71522 5.248
      vertex -4.6677 -6.27134 5.31089
    endloop
  endfacet
  facet normal 0.187989 0.0316671 0.98166
    outer loop
      vertex -5.32967 -5.95635 5.41459
      vertex -4.84914 -5.39502 5.30446
      vertex -5.48942 -5.80965 5.44045
    endloop
  endfacet
  facet normal 0.0707329 0.059377 0.995726
    outer loop
      vertex -1.94638 -5.9496 4.96659
      vertex -2.01154 -6.48675 5.00325
      vertex -1.73614 -6.0129 4.95543
    endloop
  endfacet
  facet normal 0.0708045 0.059368 0.995722
    outer loop
      vertex -2.01154 -6.48675 5.00325
      vertex -1.94638 -5.9496 4.96659
      vertex -2.11423 -6.48185 5.01026
    endloop
  endfacet
  facet normal -0.0305915 -0.07425 0.99677
    outer loop
      vertex 0.940568 -3.1922 4.93601
      vertex 1.05447 -3.15791 4.94206
      vertex 0.672654 -2.25433 4.99765
    endloop
  endfacet
  facet normal -0.0182023 -0.1442 0.989381
    outer loop
      vertex 0.732703 -1.1821 5.11749
      vertex 0.258954 -0.334498 5.23231
      vertex 0.244333 -0.34315 5.23078
    endloop
  endfacet
  facet normal 0.069674 -0.1768 0.981778
    outer loop
      vertex -1.46451 0.11806 5.34674
      vertex -2.43442 0.223502 5.43456
      vertex -2.43887 0.13973 5.41979
    endloop
  endfacet
  facet normal 0.068907 -0.183974 0.980513
    outer loop
      vertex -1.45115 0.268542 5.37327
      vertex -2.40329 0.473184 5.47858
      vertex -2.41661 0.390329 5.46397
    endloop
  endfacet
  facet normal 0.238976 -0.20579 0.948968
    outer loop
      vertex -6.95398 1.07989 6.39736
      vertex -6.20294 1.02687 6.19673
      vertex -6.95257 1.12409 6.40659
    endloop
  endfacet
  facet normal 0.238978 -0.205776 0.948971
    outer loop
      vertex -6.20294 1.02687 6.19673
      vertex -6.95398 1.07989 6.39736
      vertex -6.23733 0.813025 6.15902
    endloop
  endfacet
  facet normal 0.142246 -0.0728871 0.987144
    outer loop
      vertex -4.3223 -3.10759 5.26138
      vertex -3.63132 -2.39765 5.21423
      vertex -4.42926 -2.95716 5.2879
    endloop
  endfacet
  facet normal 0.207392 -0.0457646 0.977187
    outer loop
      vertex -6.14575 -3.87326 5.57279
      vertex -5.34154 -3.33731 5.42721
      vertex -6.27603 -3.65973 5.61044
    endloop
  endfacet
  facet normal 0.193233 -0.0250921 0.980832
    outer loop
      vertex -4.96339 -3.86917 5.33343
      vertex -5.0957 -3.69625 5.36392
      vertex -5.86289 -4.28624 5.49997
    endloop
  endfacet
  facet normal 0.180846 0.0379958 0.982777
    outer loop
      vertex -4.84914 -5.39502 5.30446
      vertex -5.2847 -5.99485 5.4078
      vertex -4.65824 -5.55845 5.27565
    endloop
  endfacet
  facet normal 0.180889 0.0379631 0.982771
    outer loop
      vertex -5.2847 -5.99485 5.4078
      vertex -4.84914 -5.39502 5.30446
      vertex -5.32967 -5.95635 5.41459
    endloop
  endfacet
  facet normal -0.0878604 0.0157537 0.996008
    outer loop
      vertex 2.56188 -5.71692 5.00762
      vertex 2.76114 -5.62542 5.02375
      vertex 2.34206 -4.74396 4.97284
    endloop
  endfacet
  facet normal -0.100822 0.0092517 0.994861
    outer loop
      vertex 2.95703 -5.52713 5.04108
      vertex 3.14931 -5.42216 5.05959
      vertex 2.67133 -4.57155 5.00324
    endloop
  endfacet
  facet normal -0.081264 0.0186447 0.996518
    outer loop
      vertex 2.35951 -5.80152 4.9927
      vertex 2.56188 -5.71692 5.00762
      vertex 2.17305 -4.82158 4.95916
    endloop
  endfacet
  facet normal 0.109838 0.0438278 0.992983
    outer loop
      vertex -2.95703 -5.52713 5.04108
      vertex -3.13577 -6.41886 5.10021
      vertex -2.76114 -5.62542 5.02375
    endloop
  endfacet
  facet normal 0.109718 0.0438528 0.992995
    outer loop
      vertex -3.13577 -6.41886 5.10021
      vertex -2.95703 -5.52713 5.04108
      vertex -3.15695 -6.41727 5.10248
    endloop
  endfacet
  facet normal 0.0126806 0.0694667 0.997504
    outer loop
      vertex -0.229532 -6.53541 4.93376
      vertex -0.219818 -6.24942 4.91372
      vertex -0.304622 -6.53477 4.93467
    endloop
  endfacet
  facet normal 0.0467861 0.0296798 0.998464
    outer loop
      vertex -1.30956 -6.11765 4.93696
      vertex -1.2925 -5.12017 4.90651
      vertex -1.52378 -6.06894 4.94555
    endloop
  endfacet
  facet normal -0.00300918 0 0.999995
    outer loop
      vertex 0.152865 -4.29649 4.87941
      vertex 0 -4.29912 4.87895
      vertex 0 -5.27646 4.87895
    endloop
  endfacet
  facet normal -0.102237 0.0474709 0.993627
    outer loop
      vertex 2.87257 -6.43721 5.074
      vertex 3.11041 -6.42063 5.09768
      vertex 2.56188 -5.71692 5.00762
    endloop
  endfacet
  facet normal -0.046146 0.0654112 0.996791
    outer loop
      vertex 1.09375 -6.15896 4.92968
      vertex 1.28925 -6.51554 4.96213
      vertex 1.30956 -6.11765 4.93696
    endloop
  endfacet
  facet normal -0.0461729 0.0653964 0.996791
    outer loop
      vertex 1.28925 -6.51554 4.96213
      vertex 1.09375 -6.15896 4.92968
      vertex 1.15557 -6.51969 4.95621
    endloop
  endfacet
  facet normal -0.122817 -0.0500768 0.991165
    outer loop
      vertex 3.71132 -3.79977 5.13933
      vertex 3.84318 -3.66991 5.16223
      vertex 3.04272 -3.08846 5.09242
    endloop
  endfacet
  facet normal -0.138767 0.0267121 0.989965
    outer loop
      vertex 4.05243 -6.00802 5.19638
      vertex 4.25964 -5.86514 5.22157
      vertex 3.52215 -5.19273 5.10005
    endloop
  endfacet
  facet normal -0.0312885 -0.0383899 0.998773
    outer loop
      vertex 1.05966 -4.17099 4.90154
      vertex 0.82552 -3.22256 4.93066
      vertex 0.709465 -3.24895 4.92601
    endloop
  endfacet
  facet normal -0.0449452 -0.00579462 0.998973
    outer loop
      vertex 1.2925 -5.12017 4.90651
      vertex 1.47263 -5.07264 4.91489
      vertex 1.05966 -4.17099 4.90154
    endloop
  endfacet
  facet normal -0.0151245 -0.000620996 0.999885
    outer loop
      vertex 0.372684 -5.26364 4.88121
      vertex 0.558458 -5.24763 4.88403
      vertex 0.305545 -4.28861 4.8808
    endloop
  endfacet
  facet normal 0.00909302 -0.000205648 0.999959
    outer loop
      vertex -0.152865 -4.29649 4.87941
      vertex -0.305545 -4.28861 4.8808
      vertex -0.372684 -5.26364 4.88121
    endloop
  endfacet
  facet normal 0.0962014 -0.132416 0.986515
    outer loop
      vertex -2.22938 -0.921647 5.23264
      vertex -2.26266 -0.844429 5.24625
      vertex -3.11733 -1.32872 5.26459
    endloop
  endfacet
  facet normal -0.021129 -0.00125078 0.999776
    outer loop
      vertex 0.558458 -5.24763 4.88403
      vertex 0.609601 -4.25714 4.88635
      vertex 0.457851 -4.27549 4.88312
    endloop
  endfacet
  facet normal 0.0631759 -0.0498116 0.996759
    outer loop
      vertex -1.92014 -3.86256 4.95593
      vertex -1.49587 -2.98228 4.97303
      vertex -2.05636 -3.7942 4.96798
    endloop
  endfacet
  facet normal 0.02355 -0.0723786 0.997099
    outer loop
      vertex -0.50738 -2.29491 4.99049
      vertex -0.590376 -2.27604 4.99382
      vertex -0.709465 -3.24895 4.92601
    endloop
  endfacet
  facet normal -0.188039 -0.0185338 0.981987
    outer loop
      vertex 5.55147 -4.67878 5.43076
      vertex 4.96339 -3.86917 5.33343
      vertex 4.82503 -4.03743 5.30376
    endloop
  endfacet
  facet normal -0.170325 -0.052367 0.983995
    outer loop
      vertex 5.2218 -3.5189 5.39519
      vertex 4.42926 -2.95716 5.2879
      vertex 4.3223 -3.10759 5.26138
    endloop
  endfacet
  facet normal -0.16503 0.00576365 0.986272
    outer loop
      vertex 4.84914 -5.39502 5.30446
      vertex 4.37539 -4.51228 5.22003
      vertex 4.21461 -4.65994 5.19399
    endloop
  endfacet
  facet normal -0.236299 -0.0270897 0.971303
    outer loop
      vertex 6.14575 -3.87326 5.57279
      vertex 6.74924 -3.956 5.7173
      vertex 6.27603 -3.65973 5.61044
    endloop
  endfacet
  facet normal -0.236301 -0.0271063 0.971302
    outer loop
      vertex 6.74924 -3.956 5.7173
      vertex 6.14575 -3.87326 5.57279
      vertex 6.73713 -4.05862 5.71149
    endloop
  endfacet
  facet normal -0.173441 0.0440958 0.983857
    outer loop
      vertex 4.65824 -5.55845 5.27565
      vertex 5.07353 -6.17291 5.3764
      vertex 5.11985 -6.13597 5.38291
    endloop
  endfacet
  facet normal -0.17351 0.0440475 0.983847
    outer loop
      vertex 5.07353 -6.17291 5.3764
      vertex 4.65824 -5.55845 5.27565
      vertex 4.46166 -5.71522 5.248
    endloop
  endfacet
  facet normal -0.180875 0.0379532 0.982774
    outer loop
      vertex 5.11985 -6.13597 5.38291
      vertex 5.2847 -5.99485 5.4078
      vertex 4.65824 -5.55845 5.27565
    endloop
  endfacet
  facet normal -0.220162 -0.00352298 0.975457
    outer loop
      vertex 5.86289 -4.28624 5.49997
      vertex 6.39076 -4.80712 5.61723
      vertex 6.44388 -4.7377 5.62947
    endloop
  endfacet
  facet normal -0.220168 -0.0035287 0.975456
    outer loop
      vertex 6.39076 -4.80712 5.61723
      vertex 5.86289 -4.28624 5.49997
      vertex 6.31243 -4.90949 5.59918
    endloop
  endfacet
  facet normal -0.225761 -0.0111144 0.974119
    outer loop
      vertex 6.00798 -4.08218 5.53595
      vertex 6.56916 -4.56149 5.66054
      vertex 6.60334 -4.51342 5.66901
    endloop
  endfacet
  facet normal -0.225823 -0.0111907 0.974104
    outer loop
      vertex 6.56916 -4.56149 5.66054
      vertex 6.00798 -4.08218 5.53595
      vertex 5.86289 -4.28624 5.49997
    endloop
  endfacet
  facet normal -0.208032 0.0112049 0.978058
    outer loop
      vertex 5.9583 -5.33148 5.52477
      vertex 6.1016 -5.16914 5.55339
      vertex 5.55147 -4.67878 5.43076
    endloop
  endfacet
  facet normal -0.188051 0.031596 0.981651
    outer loop
      vertex 5.03414 -5.22512 5.33442
      vertex 5.48942 -5.80965 5.44045
      vertex 5.533 -5.76962 5.44751
    endloop
  endfacet
  facet normal -0.188017 0.031623 0.981657
    outer loop
      vertex 5.48942 -5.80965 5.44045
      vertex 5.03414 -5.22512 5.33442
      vertex 4.84914 -5.39502 5.30446
    endloop
  endfacet
  facet normal -0.219289 -0.0677907 0.973302
    outer loop
      vertex 6.5135 -3.2199 5.688
      vertex 6.6204 -2.99413 5.72781
      vertex 5.66117 -2.76945 5.52734
    endloop
  endfacet
  facet normal -0.249843 -0.0521911 0.966879
    outer loop
      vertex 6.5135 -3.2199 5.688
      vertex 6.82953 -3.18642 5.77147
      vertex 6.6204 -2.99413 5.72781
    endloop
  endfacet
  facet normal -0.249843 -0.0521983 0.966878
    outer loop
      vertex 6.82953 -3.18642 5.77147
      vertex 6.5135 -3.2199 5.688
      vertex 6.811 -3.37928 5.75627
    endloop
  endfacet
  facet normal -0.263797 -0.0875168 0.9606
    outer loop
      vertex 6.90275 -2.30063 5.85331
      vertex 6.90592 -2.25267 5.85855
      vertex 6.89224 -2.29672 5.85078
    endloop
  endfacet
  facet normal 0.231389 -0.238154 0.943261
    outer loop
      vertex -6.91767 1.8754 6.5745
      vertex -6.05463 1.6595 6.30828
      vertex -5.99035 1.86656 6.34479
    endloop
  endfacet
  facet normal 0.231392 -0.238144 0.943263
    outer loop
      vertex -6.05463 1.6595 6.30828
      vertex -6.91767 1.8754 6.5745
      vertex -6.91833 1.8645 6.57191
    endloop
  endfacet
  facet normal 0.24103 -0.189266 0.951884
    outer loop
      vertex -6.26412 0.598126 6.12113
      vertex -6.96632 0.640239 6.30731
      vertex -6.96955 0.458087 6.27191
    endloop
  endfacet
  facet normal 0.240146 -0.197545 0.950424
    outer loop
      vertex -6.26412 0.598126 6.12113
      vertex -6.96159 0.830401 6.34564
      vertex -6.96632 0.640239 6.30731
    endloop
  endfacet
  facet normal 0.198859 -0.229724 0.952723
    outer loop
      vertex -5.13569 1.43529 6.06241
      vertex -5.99035 1.86656 6.34479
      vertex -6.05463 1.6595 6.30828
    endloop
  endfacet
  facet normal 0.196608 -0.236536 0.951523
    outer loop
      vertex -5.08116 1.61092 6.09338
      vertex -5.91878 2.07127 6.38089
      vertex -5.99035 1.86656 6.34479
    endloop
  endfacet
  facet normal 0.233717 -0.230163 0.94467
    outer loop
      vertex -6.11153 1.45037 6.2714
      vertex -6.91898 1.85236 6.56911
      vertex -6.93162 1.61514 6.51444
    endloop
  endfacet
  facet normal 0.225829 -0.322632 0.91919
    outer loop
      vertex -6.00798 3.89955 6.94335
      vertex -6.47806 4.43548 7.24695
      vertex -6.60334 4.25927 7.21588
    endloop
  endfacet
  facet normal 0.138683 -0.273979 0.951684
    outer loop
      vertex -3.45162 2.67023 6.10783
      vertex -4.21007 3.22432 6.37787
      vertex -4.3223 3.07765 6.352
    endloop
  endfacet
  facet normal 0.126134 -0.229936 0.964997
    outer loop
      vertex -3.06699 1.51126 5.76536
      vertex -3.93687 1.90546 5.97299
      vertex -4.00148 1.769 5.94892
    endloop
  endfacet
  facet normal 0.12814 -0.225479 0.965784
    outer loop
      vertex -3.11733 1.40496 5.74662
      vertex -4.00148 1.769 5.94892
      vertex -4.06122 1.63041 5.92449
    endloop
  endfacet
  facet normal 0.166067 -0.293102 0.941548
    outer loop
      vertex -4.3223 3.07765 6.352
      vertex -4.96339 3.76865 6.68018
      vertex -5.0957 3.59574 6.64969
    endloop
  endfacet
  facet normal 0.231197 -0.314786 0.920575
    outer loop
      vertex -6.71384 4.00687 7.15732
      vertex -6.00798 3.89955 6.94335
      vertex -6.70499 4.07452 7.17823
    endloop
  endfacet
  facet normal 0.231196 -0.314789 0.920574
    outer loop
      vertex -6.00798 3.89955 6.94335
      vertex -6.71384 4.00687 7.15732
      vertex -6.14575 3.69063 6.90651
    endloop
  endfacet
  facet normal 0.191413 -0.249866 0.949172
    outer loop
      vertex -4.95362 1.95601 6.15423
      vertex -5.75408 2.4727 6.45167
      vertex -5.83999 2.2734 6.41653
    endloop
  endfacet
  facet normal 0.191411 -0.249869 0.949172
    outer loop
      vertex -4.95362 1.95601 6.15423
      vertex -4.88075 2.12507 6.18404
      vertex -5.75408 2.4727 6.45167
    endloop
  endfacet
  facet normal 0.0947636 -0.216189 0.971742
    outer loop
      vertex -2.19338 1.10939 5.59076
      vertex -3.06699 1.51126 5.76536
      vertex -3.11733 1.40496 5.74662
    endloop
  endfacet
  facet normal 0.154753 -0.248649 0.956151
    outer loop
      vertex -3.86746 2.03962 5.99664
      vertex -4.71728 2.45514 6.24224
      vertex -4.80194 2.29151 6.21339
    endloop
  endfacet
  facet normal 0.0962384 -0.212927 0.972317
    outer loop
      vertex -2.26266 0.956143 5.56374
      vertex -3.11733 1.40496 5.74662
      vertex -3.16387 1.29698 5.72758
    endloop
  endfacet
  facet normal 0.11399 -0.250626 0.961349
    outer loop
      vertex -2.82896 1.91728 5.83695
      vertex -2.76064 2.01337 5.8539
      vertex -3.63132 2.42664 6.06488
    endloop
  endfacet
  facet normal -0.0179095 -0.14404 0.98941
    outer loop
      vertex 0.732703 -1.1821 5.11749
      vertex 0.776546 -1.15616 5.12206
      vertex 0.258954 -0.334498 5.23231
    endloop
  endfacet
  facet normal 0.034655 -0.177619 0.983489
    outer loop
      vertex -0.483912 0.140594 5.31608
      vertex -1.45115 0.268542 5.37327
      vertex -1.45738 0.218545 5.36446
    endloop
  endfacet
  facet normal -0.00909855 -0.275264 0.961326
    outer loop
      vertex 0.255087 2.44598 5.82644
      vertex 0.238032 3.39043 6.09671
      vertex 0.170231 2.45329 5.82773
    endloop
  endfacet
  facet normal -0.00855354 -0.241412 0.970385
    outer loop
      vertex 0.203945 1.49679 5.58985
      vertex 0.255087 2.44598 5.82644
      vertex 0.153176 1.50293 5.59093
    endloop
  endfacet
  facet normal 0.0739259 -0.245498 0.966574
    outer loop
      vertex -1.75545 1.72532 5.69937
      vertex -1.69522 1.78464 5.70983
      vertex -2.37041 2.45546 5.93185
    endloop
  endfacet
  facet normal 0.105044 -0.261887 0.959365
    outer loop
      vertex -2.61401 2.1982 5.88649
      vertex -2.53586 2.28673 5.9021
      vertex -3.2551 2.90087 6.1485
    endloop
  endfacet
  facet normal 0.0219604 -0.200263 0.979496
    outer loop
      vertex -0.314109 0.442272 5.36927
      vertex -0.902194 1.20491 5.53838
      vertex -0.941945 1.17321 5.53279
    endloop
  endfacet
  facet normal 0.00174327 -0.20787 0.978155
    outer loop
      vertex -0.0340872 0.55369 5.38892
      vertex -0.0511417 1.50996 5.59217
      vertex -0.102221 1.50732 5.5917
    endloop
  endfacet
  facet normal 0.0666971 -0.193369 0.978856
    outer loop
      vertex -1.40864 0.46548 5.408
      vertex -2.32092 0.798513 5.53595
      vertex -2.34583 0.718292 5.5218
    endloop
  endfacet
  facet normal 0.066744 -0.193248 0.978877
    outer loop
      vertex -1.40864 0.46548 5.408
      vertex -1.39368 0.513652 5.41649
      vertex -2.32092 0.798513 5.53595
    endloop
  endfacet
  facet normal 0.0945703 -0.314463 0.944547
    outer loop
      vertex -2.32113 3.67266 6.28459
      vertex -2.83117 4.44702 6.59346
      vertex -2.98757 4.347 6.57582
    endloop
  endfacet
  facet normal 0.045739 -0.225106 0.97326
    outer loop
      vertex -0.980548 1.14016 5.52696
      vertex -0.941945 1.17321 5.53279
      vertex -1.56863 1.89688 5.72962
    endloop
  endfacet
  facet normal 0.0475324 -0.264402 0.963241
    outer loop
      vertex -1.14568 2.17783 5.77916
      vertex -1.06978 2.21592 5.78587
      vertex -1.49587 3.05851 6.03818
    endloop
  endfacet
  facet normal 0.0474532 -0.264432 0.963236
    outer loop
      vertex -1.14568 2.17783 5.77916
      vertex -1.49587 3.05851 6.03818
      vertex -1.602 3.00526 6.02879
    endloop
  endfacet
  facet normal 0.0401142 -0.229438 0.972496
    outer loop
      vertex -0.861344 1.23522 5.54373
      vertex -0.819445 1.26412 5.54882
      vertex -1.36463 2.04827 5.75631
    endloop
  endfacet
  facet normal 0.0599919 -0.25702 0.964542
    outer loop
      vertex -1.36463 2.04827 5.75631
      vertex -1.90816 2.8241 5.99685
      vertex -2.00572 2.75682 5.98499
    endloop
  endfacet
  facet normal -0.233717 -0.230163 0.94467
    outer loop
      vertex 6.93162 1.61514 6.51444
      vertex 6.91898 1.85236 6.56911
      vertex 6.11153 1.45037 6.2714
    endloop
  endfacet
  facet normal -0.264195 -0.246317 0.932485
    outer loop
      vertex 6.90592 2.07004 6.62076
      vertex 6.90275 2.1169 6.63224
      vertex 6.89224 2.11409 6.62852
    endloop
  endfacet
  facet normal -0.260763 -0.25531 0.931032
    outer loop
      vertex 6.88514 2.3499 6.6912
      vertex 6.88347 2.3721 6.69682
      vertex 6.80989 2.34963 6.67005
    endloop
  endfacet
  facet normal -0.24103 -0.147689 0.959215
    outer loop
      vertex 6.96632 -0.801892 6.05303
      vertex 6.96955 -0.618618 6.08206
      vertex 6.26412 -0.698641 5.89248
    endloop
  endfacet
  facet normal -0.241032 -0.147736 0.959207
    outer loop
      vertex 6.28329 -0.482952 5.93051
      vertex 6.96955 -0.618618 6.08206
      vertex 6.97058 -0.560111 6.09133
    endloop
  endfacet
  facet normal -0.241027 -0.147705 0.959213
    outer loop
      vertex 6.96955 -0.618618 6.08206
      vertex 6.28329 -0.482952 5.93051
      vertex 6.26412 -0.698641 5.89248
    endloop
  endfacet
  facet normal -0.20412 -0.208941 0.956388
    outer loop
      vertex 6.20294 1.02687 6.19673
      vertex 6.16099 1.23941 6.23421
      vertex 5.2259 1.07895 5.99958
    endloop
  endfacet
  facet normal -0.18085 -0.371814 0.91052
    outer loop
      vertex 5.32967 5.7022 7.4703
      vertex 5.16483 5.84333 7.49519
      vertex 4.84914 5.21239 7.17484
    endloop
  endfacet
  facet normal 0.257364 -0.264226 0.929488
    outer loop
      vertex -6.86546 2.58776 6.75313
      vertex -6.80989 2.34963 6.67005
      vertex -6.71924 2.58219 6.71106
    endloop
  endfacet
  facet normal 0.257481 -0.264191 0.929466
    outer loop
      vertex -6.80989 2.34963 6.67005
      vertex -6.86546 2.58776 6.75313
      vertex -6.88347 2.3721 6.69682
    endloop
  endfacet
  facet normal 0.249868 -0.281605 0.926425
    outer loop
      vertex -6.5135 3.03727 6.7913
      vertex -6.81101 3.16369 6.90997
      vertex -6.82029 3.07025 6.88407
    endloop
  endfacet
  facet normal 0.260761 -0.255325 0.931028
    outer loop
      vertex -6.88514 2.3499 6.6912
      vertex -6.89224 2.11409 6.62852
      vertex -6.80989 2.34963 6.67005
    endloop
  endfacet
  facet normal 0.261232 -0.255306 0.930901
    outer loop
      vertex -6.89224 2.11409 6.62852
      vertex -6.88514 2.3499 6.6912
      vertex -6.90275 2.1169 6.63224
    endloop
  endfacet
  facet normal 0.235769 -0.11492 0.96499
    outer loop
      vertex -6.93277 -1.76358 5.91751
      vertex -6.16099 -1.33992 5.7794
      vertex -6.94302 -1.53824 5.94685
    endloop
  endfacet
  facet normal -0.188054 -0.365427 0.911646
    outer loop
      vertex 4.84914 5.21239 7.17484
      vertex 5.37326 5.66218 7.46325
      vertex 5.32967 5.7022 7.4703
    endloop
  endfacet
  facet normal -0.187998 -0.365484 0.911635
    outer loop
      vertex 5.37326 5.66218 7.46325
      vertex 4.84914 5.21239 7.17484
      vertex 5.03414 5.0425 7.14488
    endloop
  endfacet
  facet normal -0.164999 -0.342765 0.924818
    outer loop
      vertex 5.03414 5.0425 7.14488
      vertex 4.84914 5.21239 7.17484
      vertex 4.37539 4.41176 6.79358
    endloop
  endfacet
  facet normal -0.208032 -0.345046 0.915241
    outer loop
      vertex 5.38552 4.68416 7.0817
      vertex 5.9583 5.07734 7.36012
      vertex 5.9192 5.12163 7.36793
    endloop
  endfacet
  facet normal -0.208031 -0.345046 0.915241
    outer loop
      vertex 5.9583 5.07734 7.36012
      vertex 5.38552 4.68416 7.0817
      vertex 5.55147 4.49615 7.04854
    endloop
  endfacet
  facet normal -0.182623 -0.324807 0.927981
    outer loop
      vertex 4.82503 3.93691 6.70985
      vertex 5.38552 4.68416 7.0817
      vertex 4.68079 4.10032 6.73866
    endloop
  endfacet
  facet normal -0.158758 -0.348301 0.923841
    outer loop
      vertex 4.84914 5.21239 7.17484
      vertex 4.65824 5.37582 7.20365
      vertex 4.21461 4.55942 6.81962
    endloop
  endfacet
  facet normal -0.15876 -0.3483 0.923841
    outer loop
      vertex 4.21461 4.55942 6.81962
      vertex 4.65824 5.37582 7.20365
      vertex 4.04868 4.70147 6.84466
    endloop
  endfacet
  facet normal 0.109868 -0.381116 0.917976
    outer loop
      vertex -3.40223 6.21014 7.35077
      vertex -3.15695 6.24207 7.33467
      vertex -3.38799 6.21728 7.35203
    endloop
  endfacet
  facet normal 0.109837 -0.380808 0.918107
    outer loop
      vertex -3.15695 6.24207 7.33467
      vertex -3.40223 6.21014 7.35077
      vertex -2.95703 5.42661 6.97252
    endloop
  endfacet
  facet normal 0.165918 -0.383726 0.908419
    outer loop
      vertex -4.75387 6.01965 7.49041
      vertex -4.46166 5.53259 7.2313
      vertex -4.25964 5.68251 7.25773
    endloop
  endfacet
  facet normal 0.165881 -0.383747 0.908417
    outer loop
      vertex -4.46166 5.53259 7.2313
      vertex -4.75387 6.01965 7.49041
      vertex -4.85993 6.0024 7.50249
    endloop
  endfacet
  facet normal 0.0707292 -0.396362 0.915366
    outer loop
      vertex -1.94638 5.84909 7.04702
      vertex -1.97389 6.34387 7.26339
      vertex -2.11423 6.3343 7.27009
    endloop
  endfacet
  facet normal 0.0867108 -0.390936 0.916324
    outer loop
      vertex -2.54538 6.30005 7.29407
      vertex -2.35951 5.70101 7.02091
      vertex -2.15426 5.7786 7.03459
    endloop
  endfacet
  facet normal 0.0868349 -0.390899 0.916328
    outer loop
      vertex -2.35951 5.70101 7.02091
      vertex -2.54538 6.30005 7.29407
      vertex -2.61498 6.2942 7.29817
    endloop
  endfacet
  facet normal 0.0678773 -0.328444 0.942081
    outer loop
      vertex -1.78157 3.95519 6.33441
      vertex -2.00139 4.86339 6.66688
      vertex -2.17305 4.79163 6.65423
    endloop
  endfacet
  facet normal 0.0674946 -0.291841 0.954082
    outer loop
      vertex -1.602 3.00526 6.02879
      vertex -2.05636 3.8232 6.31113
      vertex -2.19008 3.7502 6.29826
    endloop
  endfacet
  facet normal 0.107098 -0.345384 0.93233
    outer loop
      vertex -2.83117 4.44702 6.59346
      vertex -2.67133 4.54161 6.61014
      vertex -3.14931 5.32164 6.95401
    endloop
  endfacet
  facet normal 0.0738903 -0.245526 0.96657
    outer loop
      vertex -1.75545 1.72532 5.69937
      vertex -2.37041 2.45546 5.93185
      vertex -2.45463 2.37252 5.91722
    endloop
  endfacet
  facet normal 0.136447 -0.324385 0.936032
    outer loop
      vertex -3.43419 4.01556 6.51738
      vertex -4.04868 4.70147 6.84466
      vertex -4.21461 4.55942 6.81962
    endloop
  endfacet
  facet normal 0.109825 -0.380809 0.918108
    outer loop
      vertex -3.13577 6.24435 7.33308
      vertex -2.95703 5.42661 6.97252
      vertex -2.76114 5.52491 6.98986
    endloop
  endfacet
  facet normal 0.109914 -0.380789 0.918106
    outer loop
      vertex -2.95703 5.42661 6.97252
      vertex -3.13577 6.24435 7.33308
      vertex -3.15695 6.24207 7.33467
    endloop
  endfacet
  facet normal 0.13876 -0.363696 0.921125
    outer loop
      vertex -3.52215 5.09221 6.91356
      vertex -4.05243 5.82539 7.28293
      vertex -4.25964 5.68251 7.25773
    endloop
  endfacet
  facet normal 0.102266 -0.384441 0.917468
    outer loop
      vertex -3.11041 6.24687 7.33131
      vertex -2.76114 5.52491 6.98986
      vertex -2.56188 5.61641 7.00599
    endloop
  endfacet
  facet normal 0.102237 -0.384454 0.917465
    outer loop
      vertex -2.76114 5.52491 6.98986
      vertex -3.11041 6.24687 7.33131
      vertex -3.13577 6.24435 7.33308
    endloop
  endfacet
  facet normal 0.00304761 -0.342022 0.939687
    outer loop
      vertex 0 4.32812 6.40016
      vertex 0 5.24651 6.73443
      vertex -0.186456 5.24331 6.73387
    endloop
  endfacet
  facet normal 0.133049 -0.404651 0.904741
    outer loop
      vertex -3.40223 6.21014 7.35077
      vertex -3.40514 6.21522 7.35347
      vertex -3.40745 6.21493 7.35368
    endloop
  endfacet
  facet normal 0.188455 -0.256408 0.948019
    outer loop
      vertex -4.88075 2.12507 6.18404
      vertex -4.80194 2.29151 6.21339
      vertex -5.75408 2.4727 6.45167
    endloop
  endfacet
  facet normal 0.181871 -0.269143 0.945772
    outer loop
      vertex -4.62687 2.61577 6.27056
      vertex -5.45477 3.05121 6.55368
      vertex -5.56136 2.86185 6.52029
    endloop
  endfacet
  facet normal 0.00920732 -0.206699 0.978361
    outer loop
      vertex -0.134694 0.53622 5.38584
      vertex -0.354513 1.46797 5.58476
      vertex -0.40392 1.45493 5.58247
    endloop
  endfacet
  facet normal 0.013206 -0.240681 0.970514
    outer loop
      vertex -0.304675 1.4793 5.58676
      vertex -0.254465 1.48891 5.58846
      vertex -0.423763 2.42263 5.82232
    endloop
  endfacet
  facet normal 0.0270859 -0.272141 0.961876
    outer loop
      vertex -0.590376 2.38776 5.81617
      vertex -0.82552 3.2988 6.08055
      vertex -0.940568 3.26844 6.0752
    endloop
  endfacet
  facet normal 0.0374678 -0.268814 0.962463
    outer loop
      vertex -0.834652 2.31421 5.80321
      vertex -1.16709 3.19595 6.06242
      vertex -1.27829 3.15392 6.05501
    endloop
  endfacet
  facet normal 0.0676951 -0.363479 0.92914
    outer loop
      vertex -1.65097 4.989 6.68903
      vertex -1.94638 5.84909 7.04702
      vertex -2.15426 5.7786 7.03459
    endloop
  endfacet
  facet normal -0.021086 -0.405853 0.913695
    outer loop
      vertex 0.43937 6.13757 7.09789
      vertex 0.610267 6.40497 7.22061
      vertex 0.459458 6.40801 7.21848
    endloop
  endfacet
  facet normal -0.021076 -0.405859 0.913693
    outer loop
      vertex 0.610267 6.40497 7.22061
      vertex 0.43937 6.13757 7.09789
      vertex 0.658385 6.1187 7.09456
    endloop
  endfacet
  facet normal 0.00305666 -0.34202 0.939688
    outer loop
      vertex -0.152865 4.32549 6.3997
      vertex 0 4.32812 6.40016
      vertex -0.186456 5.24331 6.73387
    endloop
  endfacet
  facet normal -0.0211391 -0.340772 0.939908
    outer loop
      vertex 0.609601 4.28614 6.39276
      vertex 0.743553 5.19531 6.7254
      vertex 0.457851 4.30449 6.396
    endloop
  endfacet
  facet normal -0.113234 -0.34161 0.932996
    outer loop
      vertex 2.98757 4.347 6.57582
      vertex 3.33776 5.21013 6.93435
      vertex 2.83117 4.44702 6.59346
    endloop
  endfacet
  facet normal -0.0837492 -0.281441 0.955917
    outer loop
      vertex 2.6967 3.41368 6.23892
      vertex 2.5746 3.50429 6.2549
      vertex 2.00572 2.75682 5.98499
    endloop
  endfacet
  facet normal -0.0499069 -0.299917 0.952659
    outer loop
      vertex 1.64084 4.01402 6.34478
      vertex 1.4981 4.06798 6.35429
      vertex 1.27829 3.15392 6.05501
    endloop
  endfacet
  facet normal -0.037366 -0.268865 0.962453
    outer loop
      vertex 0.914175 2.28415 5.7979
      vertex 1.27829 3.15392 6.05501
      vertex 0.834652 2.31421 5.80321
    endloop
  endfacet
  facet normal -0.0330922 -0.338909 0.940237
    outer loop
      vertex 0.910687 4.23386 6.38354
      vertex 0.927741 5.16658 6.72034
      vertex 0.760607 4.26258 6.38861
    endloop
  endfacet
  facet normal 0.0707446 -0.396349 0.91537
    outer loop
      vertex -1.86996 6.35096 7.25842
      vertex -1.94638 5.84909 7.04702
      vertex -1.73614 5.91239 7.05818
    endloop
  endfacet
  facet normal 0.0708122 -0.396356 0.915362
    outer loop
      vertex -1.94638 5.84909 7.04702
      vertex -1.86996 6.35096 7.25842
      vertex -1.97389 6.34387 7.26339
    endloop
  endfacet
  facet normal 0.0210994 -0.405862 0.913691
    outer loop
      vertex -0.658385 6.1187 7.09456
      vertex -0.610267 6.40497 7.22061
      vertex -0.69017 6.40336 7.22174
    endloop
  endfacet
  facet normal -0.0396929 -0.370873 0.927835
    outer loop
      vertex 1.1108 5.13154 6.71416
      vertex 1.30956 6.01713 7.07665
      vertex 1.09375 6.05844 7.08393
    endloop
  endfacet
  facet normal -0.0378481 -0.403842 0.914046
    outer loop
      vertex 1.01274 6.39352 7.22862
      vertex 1.09375 6.05844 7.08393
      vertex 1.15557 6.38835 7.23225
    endloop
  endfacet
  facet normal -0.0378601 -0.403844 0.914044
    outer loop
      vertex 1.09375 6.05844 7.08393
      vertex 1.01274 6.39352 7.22862
      vertex 0.876599 6.09231 7.0899
    endloop
  endfacet
  facet normal 0.0181126 -0.373866 0.927306
    outer loop
      vertex -0.372684 5.2337 6.73217
      vertex -0.43937 6.13757 7.09789
      vertex -0.658385 6.1187 7.09456
    endloop
  endfacet
  facet normal -0.0420104 -0.228072 0.972738
    outer loop
      vertex 1.50244 1.94967 5.73893
      vertex 1.43441 2.00016 5.74783
      vertex 0.861344 1.23522 5.54373
    endloop
  endfacet
  facet normal -0.026162 -0.19629 0.980197
    outer loop
      vertex 0.37434 0.382956 5.35881
      vertex 1.08901 1.03335 5.50813
      vertex 0.363151 0.395633 5.36105
    endloop
  endfacet
  facet normal -0.0812059 -0.237539 0.967978
    outer loop
      vertex 1.92303 1.53547 5.66589
      vertex 2.68896 2.10705 5.87041
      vertex 1.86942 1.60066 5.67739
    endloop
  endfacet
  facet normal -0.109287 -0.303942 0.946401
    outer loop
      vertex 3.43419 4.01556 6.51738
      vertex 3.28926 4.13113 6.53776
      vertex 2.6967 3.41368 6.23892
    endloop
  endfacet
  facet normal -0.142285 -0.26908 0.95255
    outer loop
      vertex 4.42926 2.92721 6.32548
      vertex 4.3223 3.07765 6.352
      vertex 3.54363 2.54998 6.08663
    endloop
  endfacet
  facet normal -0.185274 -0.26283 0.946886
    outer loop
      vertex 5.66117 2.66893 6.48627
      vertex 5.56136 2.86185 6.52029
      vertex 4.71728 2.45514 6.24224
    endloop
  endfacet
  facet normal -0.220101 -0.330391 0.917822
    outer loop
      vertex 5.71066 4.30256 7.01441
      vertex 6.31243 4.65534 7.28571
      vertex 6.27656 4.70221 7.29398
    endloop
  endfacet
  facet normal -0.220162 -0.3303 0.91784
    outer loop
      vertex 6.31243 4.65534 7.28571
      vertex 5.71066 4.30256 7.01441
      vertex 5.86289 4.10361 6.97933
    endloop
  endfacet
  facet normal -0.148858 -0.259113 0.954307
    outer loop
      vertex 3.79333 2.17131 6.01986
      vertex 4.62687 2.61577 6.27056
      vertex 3.71459 2.30037 6.04262
    endloop
  endfacet
  facet normal -0.207397 -0.291207 0.933908
    outer loop
      vertex 6.27603 3.4771 6.86886
      vertex 6.14575 3.69063 6.90651
      vertex 5.45477 3.05121 6.55368
    endloop
  endfacet
  facet normal -0.219281 -0.269188 0.937792
    outer loop
      vertex 6.6204 2.8115 6.75149
      vertex 6.5135 3.03727 6.7913
      vertex 5.75408 2.4727 6.45167
    endloop
  endfacet
  facet normal -0.228763 -0.246075 0.941868
    outer loop
      vertex 5.99035 1.86656 6.34479
      vertex 6.80989 2.34963 6.67005
      vertex 5.91878 2.07127 6.38089
    endloop
  endfacet
  facet normal -0.0975979 -0.209613 0.972901
    outer loop
      vertex 2.29319 0.87783 5.54993
      vertex 3.16387 1.29698 5.72758
      vertex 2.26266 0.956143 5.56374
    endloop
  endfacet
  facet normal -0.0301855 -0.190828 0.981159
    outer loop
      vertex 0.423198 0.31424 5.3467
      vertex 1.24273 0.832445 5.4727
      vertex 0.414412 0.328638 5.34923
    endloop
  endfacet
  facet normal -0.100998 -0.146083 0.984103
    outer loop
      vertex 3.28015 -0.888162 5.34228
      vertex 2.36787 -0.52555 5.30248
      vertex 2.34583 -0.606578 5.28819
    endloop
  endfacet
  facet normal -0.0334107 -0.163598 0.985961
    outer loop
      vertex 1.39368 -0.37826 5.25922
      vertex 1.40864 -0.330088 5.26772
      vertex 0.469737 -0.0590296 5.28088
    endloop
  endfacet
  facet normal -0.000692587 -0.174025 0.984741
    outer loop
      vertex 0.459197 0.238214 5.33329
      vertex 0.439211 0.284581 5.34147
      vertex 0.385075 0.369902 5.35651
    endloop
  endfacet
  facet normal -0.171533 -0.197819 0.965114
    outer loop
      vertex 4.33754 0.614838 5.74541
      vertex 5.29066 0.717285 5.93581
      vertex 4.31362 0.76355 5.77164
    endloop
  endfacet
  facet normal -0.202607 -0.123776 0.971406
    outer loop
      vertex 6.11153 -1.55088 5.7422
      vertex 5.2259 -1.1089 5.6138
      vertex 5.18395 -1.28784 5.58225
    endloop
  endfacet
  facet normal -0.138152 -0.155258 0.978166
    outer loop
      vertex 4.35617 -0.436398 5.56005
      vertex 3.39365 -0.313149 5.44367
      vertex 3.37913 -0.429573 5.42314
    endloop
  endfacet
  facet normal -0.238976 -0.20579 0.948968
    outer loop
      vertex 6.20294 1.02687 6.19673
      vertex 6.95398 1.07989 6.39736
      vertex 6.95257 1.12409 6.40659
    endloop
  endfacet
  facet normal -0.238978 -0.205776 0.948971
    outer loop
      vertex 6.95398 1.07989 6.39736
      vertex 6.20294 1.02687 6.19673
      vertex 6.23733 0.813025 6.15902
    endloop
  endfacet
  facet normal -0.139181 -0.169605 0.975635
    outer loop
      vertex 4.3775 -0.136045 5.61301
      vertex 4.38016 0.0144978 5.63956
      vertex 3.41234 0.0381174 5.5056
    endloop
  endfacet
  facet normal -0.138662 -0.18387 0.973121
    outer loop
      vertex 3.40403 0.272533 5.54694
      vertex 4.36949 0.315401 5.69261
      vertex 3.39365 0.389385 5.56754
    endloop
  endfacet
  facet normal -0.207149 -0.151989 0.966431
    outer loop
      vertex 6.26412 -0.698641 5.89248
      vertex 6.28329 -0.482952 5.93051
      vertex 5.31338 -0.564946 5.70972
    endloop
  endfacet
  facet normal -0.124028 -0.234188 0.964247
    outer loop
      vertex 3.06699 1.51126 5.76536
      vertex 3.93687 1.90546 5.97299
      vertex 3.01292 1.61578 5.78379
    endloop
  endfacet
  facet normal -0.12404 -0.234155 0.964254
    outer loop
      vertex 3.93687 1.90546 5.97299
      vertex 3.86746 2.03962 5.99664
      vertex 3.01292 1.61578 5.78379
    endloop
  endfacet
  facet normal -0.128129 -0.225519 0.965777
    outer loop
      vertex 3.16387 1.29698 5.72758
      vertex 4.06122 1.63041 5.92449
      vertex 3.11733 1.40496 5.74662
    endloop
  endfacet
  facet normal -0.196608 -0.236536 0.951523
    outer loop
      vertex 5.99035 1.86656 6.34479
      vertex 5.91878 2.07127 6.38089
      vertex 5.08116 1.61092 6.09338
    endloop
  endfacet
  facet normal -0.154753 -0.248649 0.956151
    outer loop
      vertex 4.80194 2.29151 6.21339
      vertex 4.71728 2.45514 6.24224
      vertex 3.86746 2.03962 5.99664
    endloop
  endfacet
  facet normal -0.202916 -0.298276 0.932661
    outer loop
      vertex 5.34154 3.2368 6.5864
      vertex 6.14575 3.69063 6.90651
      vertex 5.2218 3.41838 6.61842
    endloop
  endfacet
  facet normal -0.162143 -0.232299 0.959034
    outer loop
      vertex 5.02045 1.78456 6.124
      vertex 4.95362 1.95601 6.15423
      vertex 4.11601 1.48984 5.8997
    endloop
  endfacet
  facet normal -0.191413 -0.249866 0.949172
    outer loop
      vertex 5.83999 2.2734 6.41653
      vertex 5.75408 2.4727 6.45167
      vertex 4.95362 1.95601 6.15423
    endloop
  endfacet
  facet normal -0.23142 -0.238041 0.943282
    outer loop
      vertex 5.99035 1.86656 6.34479
      vertex 6.90592 2.07004 6.62076
      vertex 6.89224 2.11409 6.62852
    endloop
  endfacet
  facet normal -0.231389 -0.238153 0.943262
    outer loop
      vertex 6.90592 2.07004 6.62076
      vertex 5.99035 1.86656 6.34479
      vertex 6.91767 1.8754 6.5745
    endloop
  endfacet
  facet normal -0.228776 -0.246054 0.94187
    outer loop
      vertex 6.89224 2.11409 6.62852
      vertex 6.80989 2.34963 6.67005
      vertex 5.99035 1.86656 6.34479
    endloop
  endfacet
  facet normal -0.233652 -0.230383 0.944633
    outer loop
      vertex 6.05463 1.6595 6.30828
      vertex 6.91898 1.85236 6.56911
      vertex 6.91833 1.8645 6.57191
    endloop
  endfacet
  facet normal -0.233708 -0.230179 0.944668
    outer loop
      vertex 6.91898 1.85236 6.56911
      vertex 6.05463 1.6595 6.30828
      vertex 6.11153 1.45037 6.2714
    endloop
  endfacet
  facet normal -0.16421 -0.226705 0.960021
    outer loop
      vertex 5.08116 1.61092 6.09338
      vertex 5.02045 1.78456 6.124
      vertex 4.11601 1.48984 5.8997
    endloop
  endfacet
  facet normal -0.198859 -0.229724 0.952723
    outer loop
      vertex 6.05463 1.6595 6.30828
      vertex 5.99035 1.86656 6.34479
      vertex 5.13569 1.43529 6.06241
    endloop
  endfacet
  facet normal -0.200854 -0.222874 0.953931
    outer loop
      vertex 6.11153 1.45037 6.2714
      vertex 6.05463 1.6595 6.30828
      vertex 5.13569 1.43529 6.06241
    endloop
  endfacet
  facet normal -0.237524 -0.123105 0.96355
    outer loop
      vertex 6.20294 -1.12739 5.81688
      vertex 6.95095 -1.33239 5.97508
      vertex 6.95257 -1.29051 5.98083
    endloop
  endfacet
  facet normal -0.23751 -0.123045 0.963561
    outer loop
      vertex 6.95095 -1.33239 5.97508
      vertex 6.20294 -1.12739 5.81688
      vertex 6.16099 -1.33992 5.7794
    endloop
  endfacet
  facet normal -0.20538 -0.137787 0.968934
    outer loop
      vertex 6.20294 -1.12739 5.81688
      vertex 6.23733 -0.913539 5.85458
      vertex 5.26148 -0.928618 5.64559
    endloop
  endfacet
  facet normal -0.174386 -0.281398 0.943612
    outer loop
      vertex 4.53083 2.77319 6.29832
      vertex 5.34154 3.2368 6.5864
      vertex 4.42926 2.92721 6.32548
    endloop
  endfacet
  facet normal -0.178237 -0.275329 0.944683
    outer loop
      vertex 4.62687 2.61577 6.27056
      vertex 5.34154 3.2368 6.5864
      vertex 4.53083 2.77319 6.29832
    endloop
  endfacet
  facet normal -0.145674 -0.264143 0.953419
    outer loop
      vertex 3.71459 2.30037 6.04262
      vertex 4.42926 2.92721 6.32548
      vertex 3.63132 2.42664 6.06488
    endloop
  endfacet
  facet normal -0.138683 -0.273979 0.951684
    outer loop
      vertex 4.3223 3.07765 6.352
      vertex 4.21007 3.22432 6.37787
      vertex 3.45162 2.67023 6.10783
    endloop
  endfacet
  facet normal -0.105075 -0.26186 0.959369
    outer loop
      vertex 3.3554 2.78724 6.12847
      vertex 3.2551 2.90087 6.1485
      vertex 2.61401 2.1982 5.88649
    endloop
  endfacet
  facet normal -0.108134 -0.258272 0.960001
    outer loop
      vertex 2.68896 2.10705 5.87041
      vertex 3.45162 2.67023 6.10783
      vertex 2.61401 2.1982 5.88649
    endloop
  endfacet
  facet normal -0.131073 -0.283213 0.950058
    outer loop
      vertex 4.09271 3.36704 6.40303
      vertex 3.97036 3.50565 6.42747
      vertex 3.3554 2.78724 6.12847
    endloop
  endfacet
  facet normal -0.127003 -0.287664 0.949273
    outer loop
      vertex 3.2551 2.90087 6.1485
      vertex 3.84318 3.63996 6.45115
      vertex 3.15083 3.01099 6.16792
    endloop
  endfacet
  facet normal -0.0788614 -0.323402 0.94297
    outer loop
      vertex 2.50822 4.63064 6.62584
      vertex 2.34206 4.71402 6.64054
      vertex 2.05636 3.8232 6.31113
    endloop
  endfacet
  facet normal -0.0868349 -0.390899 0.916328
    outer loop
      vertex 2.54538 6.30005 7.29407
      vertex 2.35951 5.70101 7.02091
      vertex 2.61498 6.2942 7.29817
    endloop
  endfacet
  facet normal -0.0867108 -0.390936 0.916324
    outer loop
      vertex 2.35951 5.70101 7.02091
      vertex 2.54538 6.30005 7.29407
      vertex 2.15426 5.7786 7.03459
    endloop
  endfacet
  facet normal -0.164208 -0.115336 0.97966
    outer loop
      vertex 5.02045 -1.81451 5.48938
      vertex 5.08116 -1.64086 5.52
      vertex 4.16578 -1.31848 5.40452
    endloop
  endfacet
  facet normal -0.16608 -0.121009 0.978659
    outer loop
      vertex 5.08116 -1.64086 5.52
      vertex 5.13569 -1.46523 5.55097
      vertex 4.16578 -1.31848 5.40452
    endloop
  endfacet
  facet normal -0.154765 -0.0933948 0.983527
    outer loop
      vertex 4.71728 -2.48509 5.37114
      vertex 4.80194 -2.32146 5.4
      vertex 3.86746 -2.01062 5.28247
    endloop
  endfacet
  facet normal -0.207388 -0.045754 0.977188
    outer loop
      vertex 6.27603 -3.65973 5.61044
      vertex 5.45477 -3.15173 5.45993
      vertex 5.34154 -3.33731 5.42721
    endloop
  endfacet
  facet normal -0.18846 -0.0833142 0.978541
    outer loop
      vertex 5.75408 -2.57322 5.56194
      vertex 4.88075 -2.15501 5.42935
      vertex 4.80194 -2.32146 5.4
    endloop
  endfacet
  facet normal -0.191409 -0.0898224 0.977392
    outer loop
      vertex 5.75408 -2.57322 5.56194
      vertex 5.83999 -2.37392 5.59708
      vertex 4.95362 -1.98596 5.45915
    endloop
  endfacet
  facet normal -0.207392 -0.0457646 0.977187
    outer loop
      vertex 6.14575 -3.87326 5.57279
      vertex 6.27603 -3.65973 5.61044
      vertex 5.34154 -3.33731 5.42721
    endloop
  endfacet
  facet normal -0.211625 -0.0529812 0.975914
    outer loop
      vertex 6.27603 -3.65973 5.61044
      vertex 6.39866 -3.44186 5.64886
      vertex 5.45477 -3.15173 5.45993
    endloop
  endfacet
  facet normal -0.152102 -0.0302234 0.987903
    outer loop
      vertex 4.53085 -4.35918 5.24702
      vertex 4.68079 -4.20083 5.27495
      vertex 3.84318 -3.66991 5.16223
    endloop
  endfacet
  facet normal -0.0474628 -0.0809639 0.995586
    outer loop
      vertex 1.49587 -2.98228 4.97303
      vertex 1.602 -2.92903 4.98242
      vertex 1.14568 -2.06612 5.03084
    endloop
  endfacet
  facet normal -0.108216 -0.0857313 0.990424
    outer loop
      vertex 3.3554 -2.75824 5.15065
      vertex 2.68896 -2.03081 5.1408
      vertex 2.61401 -2.12197 5.12472
    endloop
  endfacet
  facet normal -0.174402 -0.0583182 0.982946
    outer loop
      vertex 5.34154 -3.33731 5.42721
      vertex 4.53083 -2.80313 5.31506
      vertex 4.42926 -2.95716 5.2879
    endloop
  endfacet
  facet normal -0.102625 -0.153047 0.982876
    outer loop
      vertex 3.3605 -0.545426 5.40271
      vertex 2.40329 -0.361468 5.33141
      vertex 2.38703 -0.443813 5.31689
    endloop
  endfacet
  facet normal -0.0692479 -0.164839 0.983887
    outer loop
      vertex 2.41661 -0.278615 5.34602
      vertex 2.42699 -0.195354 5.3607
      vertex 1.45115 -0.13315 5.30244
    endloop
  endfacet
  facet normal -0.114054 -0.0933872 0.989076
    outer loop
      vertex 3.63132 -2.39765 5.21423
      vertex 2.82896 -1.84105 5.17426
      vertex 2.76064 -1.93713 5.15731
    endloop
  endfacet
  facet normal -0.131089 -0.0588158 0.989624
    outer loop
      vertex 3.97036 -3.53559 5.18591
      vertex 3.3554 -2.75824 5.15065
      vertex 3.2551 -2.87188 5.13061
    endloop
  endfacet
  facet normal -0.134962 -0.063357 0.988823
    outer loop
      vertex 4.21007 -3.25426 5.23552
      vertex 3.45162 -2.64123 5.17128
      vertex 3.3554 -2.75824 5.15065
    endloop
  endfacet
  facet normal -0.0541751 -0.129927 0.990042
    outer loop
      vertex 1.86942 -1.48895 5.13261
      vertex 1.92303 -1.42375 5.1441
      vertex 1.12257 -0.859939 5.17429
    endloop
  endfacet
  facet normal -0.104156 -0.163771 0.980985
    outer loop
      vertex 3.39365 -0.313149 5.44367
      vertex 2.43442 -0.111787 5.37544
      vertex 2.42699 -0.195354 5.3607
    endloop
  endfacet
  facet normal 0.00153261 -0.173479 0.984836
    outer loop
      vertex 0.487476 0.107188 5.31019
      vertex 0.48599 0.123922 5.31314
      vertex 0.483912 0.140594 5.31608
    endloop
  endfacet
  facet normal -0.0347727 -0.1765 0.983686
    outer loop
      vertex 0.487476 0.107188 5.31019
      vertex 1.46184 0.168365 5.35561
      vertex 0.48599 0.123922 5.31314
    endloop
  endfacet
  facet normal -0.031126 -0.157992 0.98695
    outer loop
      vertex 1.29388 -0.609818 5.21839
      vertex 0.439211 -0.137344 5.26707
      vertex 0.431467 -0.15231 5.26443
    endloop
  endfacet
  facet normal -0.00518253 -0.175899 0.984395
    outer loop
      vertex 0.459197 0.238214 5.33329
      vertex 0.453084 0.253896 5.33606
      vertex 0.439211 0.284581 5.34147
    endloop
  endfacet
  facet normal 0.0188641 -0.144615 0.989308
    outer loop
      vertex -0.258954 -0.334498 5.23231
      vertex -0.273259 -0.32535 5.23392
      vertex -0.819445 -1.12872 5.1269
    endloop
  endfacet
  facet normal -0.000264288 -0.173267 0.984875
    outer loop
      vertex 0.339457 -0.272558 5.24323
      vertex 0.385075 -0.222664 5.25202
      vertex 0.198758 -0.366018 5.22675
    endloop
  endfacet
  facet normal -0.00526717 -0.139556 0.9902
    outer loop
      vertex 0.254465 -1.35352 5.08726
      vertex 0.084856 -0.400313 5.2207
      vertex 0.0680084 -0.402941 5.22024
    endloop
  endfacet
  facet normal -0.0948951 -0.0716705 0.992904
    outer loop
      vertex 3.04272 -3.08846 5.09242
      vertex 2.37041 -2.37922 5.07936
      vertex 2.2833 -2.45922 5.06526
    endloop
  endfacet
  facet normal -0.0359481 -0.114337 0.992791
    outer loop
      vertex 1.22018 -2.02545 5.03801
      vertex 1.29319 -1.98224 5.04563
      vertex 0.776546 -1.15616 5.12206
    endloop
  endfacet
  facet normal -0.0999801 -0.142611 0.984716
    outer loop
      vertex 3.24533 -1.00033 5.3225
      vertex 3.28015 -0.888162 5.34228
      vertex 2.32092 -0.686798 5.27405
    endloop
  endfacet
  facet normal -0.00158709 -0.173209 0.984884
    outer loop
      vertex 0.453084 -0.106658 5.27248
      vertex 0.46475 -0.0750933 5.27805
      vertex 0.44642 -0.12212 5.26975
    endloop
  endfacet
  facet normal 0.0157346 -0.106288 0.994211
    outer loop
      vertex -0.304675 -1.34391 5.08895
      vertex -0.354513 -1.33258 5.09095
      vertex -0.50738 -2.29491 4.99049
    endloop
  endfacet
  facet normal -0.00979967 -0.182929 0.983077
    outer loop
      vertex -0.351518 -0.26068 5.24532
      vertex -0.339457 -0.272558 5.24323
      vertex -0.363151 -0.248395 5.24749
    endloop
  endfacet
  facet normal 0.000155447 -0.173426 0.984847
    outer loop
      vertex -0.258954 -0.334498 5.23231
      vertex -0.198758 -0.366018 5.22675
      vertex -0.339457 -0.272558 5.24323
    endloop
  endfacet
  facet normal -0.0629298 -0.0904892 0.993907
    outer loop
      vertex 2.00572 -2.68058 5.02622
      vertex 2.10085 -2.60999 5.03867
      vertex 1.50244 -1.83796 5.07107
    endloop
  endfacet
  facet normal -0.0102821 -0.140696 0.989999
    outer loop
      vertex 0.40392 -1.31954 5.09325
      vertex 0.452835 -1.30482 5.09585
      vertex 0.151006 -0.38407 5.22357
    endloop
  endfacet
  facet normal -0.03372 -0.164656 0.985775
    outer loop
      vertex 1.40864 -0.330088 5.26772
      vertex 1.42188 -0.281432 5.2763
      vertex 0.474152 -0.0428038 5.28374
    endloop
  endfacet
  facet normal -0.0684892 -0.160136 0.984716
    outer loop
      vertex 2.38703 -0.443813 5.31689
      vertex 1.44314 -0.182903 5.29367
      vertex 1.43338 -0.23235 5.28495
    endloop
  endfacet
  facet normal -0.231382 -0.0988275 0.96783
    outer loop
      vertex 5.99035 -1.96707 5.66882
      vertex 6.91833 -2.04282 5.88294
      vertex 6.05463 -1.76002 5.70533
    endloop
  endfacet
  facet normal -0.231362 -0.0984597 0.967873
    outer loop
      vertex 6.91833 -2.04282 5.88294
      vertex 5.99035 -1.96707 5.66882
      vertex 6.91767 -2.05395 5.88165
    endloop
  endfacet
  facet normal -0.198863 -0.109982 0.973836
    outer loop
      vertex 5.99035 -1.96707 5.66882
      vertex 6.05463 -1.76002 5.70533
      vertex 5.13569 -1.46523 5.55097
    endloop
  endfacet
  facet normal 0.121202 0.0770192 0.989635
    outer loop
      vertex -3.40333 -6.39862 5.12912
      vertex -3.40223 -6.39277 5.12853
      vertex -3.40514 -6.39847 5.12933
    endloop
  endfacet
  facet normal 0.105066 -0.08204 0.991075
    outer loop
      vertex -3.2551 -2.87188 5.13061
      vertex -2.53586 -2.2105 5.10911
      vertex -3.3554 -2.75824 5.15065
    endloop
  endfacet
  facet normal 0.0622108 -0.0113233 0.997999
    outer loop
      vertex -1.4981 -4.03898 4.92482
      vertex -1.64084 -3.98502 4.93433
      vertex -1.82729 -4.95915 4.9349
    endloop
  endfacet
  facet normal 0.099601 -0.0308876 0.994548
    outer loop
      vertex -2.98757 -4.37694 5.03756
      vertex -2.44936 -3.56166 5.00898
      vertex -3.14033 -4.2716 5.05613
    endloop
  endfacet
  facet normal 0.100822 0.0092517 0.994861
    outer loop
      vertex -2.95703 -5.52713 5.04108
      vertex -2.67133 -4.57155 5.00324
      vertex -3.14931 -5.42216 5.05959
    endloop
  endfacet
  facet normal 0.141833 -0.0200967 0.989687
    outer loop
      vertex -4.21461 -4.65994 5.19399
      vertex -3.57493 -3.92502 5.11724
      vertex -4.37539 -4.51228 5.22003
    endloop
  endfacet
  facet normal -0.0199793 -0.0716311 0.997231
    outer loop
      vertex 0.592546 -3.27133 4.92206
      vertex 0.709465 -3.24895 4.92601
      vertex 0.50738 -2.29491 4.99049
    endloop
  endfacet
  facet normal -0.0199178 -0.0716259 0.997233
    outer loop
      vertex 0.592546 -3.27133 4.92206
      vertex 0.50738 -2.29491 4.99049
      vertex 0.423763 -2.31092 4.98767
    endloop
  endfacet
  facet normal -0.0475158 -0.0809838 0.995582
    outer loop
      vertex 1.49587 -2.98228 4.97303
      vertex 1.14568 -2.06612 5.03084
      vertex 1.06978 -2.1042 5.02412
    endloop
  endfacet
  facet normal -0.0340839 -0.0753704 0.996573
    outer loop
      vertex 1.16709 -3.11972 4.94879
      vertex 0.834652 -2.20249 5.00679
      vertex 0.754112 -2.2298 5.00197
    endloop
  endfacet
  facet normal 0.22017 -0.00353067 0.975455
    outer loop
      vertex -6.31243 -4.90949 5.59918
      vertex -5.71066 -4.48519 5.46489
      vertex -5.86289 -4.28624 5.49997
    endloop
  endfacet
  facet normal 0.220208 -0.00358634 0.975446
    outer loop
      vertex -5.71066 -4.48519 5.46489
      vertex -6.31243 -4.90949 5.59918
      vertex -6.27656 -4.95636 5.59091
    endloop
  endfacet
  facet normal 0.101005 -0.199255 0.974728
    outer loop
      vertex -2.36787 0.637264 5.50752
      vertex -2.34583 0.718292 5.5218
      vertex -3.31098 0.851096 5.64896
    endloop
  endfacet
  facet normal 0.159846 -0.104139 0.981633
    outer loop
      vertex -4.88075 -2.15501 5.42935
      vertex -4.06122 -1.60141 5.35463
      vertex -4.95362 -1.98596 5.45915
    endloop
  endfacet
  facet normal 0.00731804 -0.172773 0.984934
    outer loop
      vertex -0.483912 0.00664234 5.29246
      vertex -0.481243 -0.00994778 5.28953
      vertex -0.48599 0.0233145 5.2954
    endloop
  endfacet
  facet normal 0.00242322 -0.0349035 0.999388
    outer loop
      vertex 0 -3.32238 4.91306
      vertex -0.119088 -3.32034 4.91342
      vertex -0.152865 -4.29649 4.87941
    endloop
  endfacet
  facet normal 0.207149 -0.151989 0.966431
    outer loop
      vertex -6.26412 -0.698641 5.89248
      vertex -5.31338 -0.564946 5.70972
      vertex -6.28329 -0.482952 5.93051
    endloop
  endfacet
  facet normal 0.206389 -0.194795 0.958884
    outer loop
      vertex -5.31338 0.535003 5.90367
      vertex -5.29066 0.717285 5.93581
      vertex -6.23733 0.813025 6.15902
    endloop
  endfacet
  facet normal 0.127006 -0.0543501 0.990412
    outer loop
      vertex -3.84318 -3.66991 5.16223
      vertex -3.2551 -2.87188 5.13061
      vertex -3.97036 -3.53559 5.18591
    endloop
  endfacet
  facet normal 0.188039 -0.0185338 0.981987
    outer loop
      vertex -4.82503 -4.03743 5.30376
      vertex -4.96339 -3.86917 5.33343
      vertex -5.55147 -4.67878 5.43076
    endloop
  endfacet
  facet normal -0.125692 0.0761254 0.989144
    outer loop
      vertex 3.40333 -6.39862 5.12912
      vertex 3.40223 -6.39277 5.12853
      vertex 3.38799 -6.39991 5.12727
    endloop
  endfacet
  facet normal -0.173538 0.0441748 0.983836
    outer loop
      vertex 5.07353 -6.17291 5.3764
      vertex 4.85993 -6.24945 5.34216
      vertex 4.99834 -6.23288 5.36583
    endloop
  endfacet
  facet normal -0.173499 0.0440624 0.983848
    outer loop
      vertex 4.85993 -6.24945 5.34216
      vertex 5.07353 -6.17291 5.3764
      vertex 4.46166 -5.71522 5.248
    endloop
  endfacet
  facet normal -0.166063 -0.0466023 0.985013
    outer loop
      vertex 4.96339 -3.86917 5.33343
      vertex 4.3223 -3.10759 5.26138
      vertex 4.21007 -3.25426 5.23552
    endloop
  endfacet
  facet normal -0.113271 0.00189061 0.993562
    outer loop
      vertex 3.33776 -5.31065 5.07926
      vertex 2.98757 -4.37694 5.03756
      vertex 2.83117 -4.47696 5.01992
    endloop
  endfacet
  facet normal -0.0396831 0.0311707 0.998726
    outer loop
      vertex 1.30956 -6.11765 4.93696
      vertex 1.1108 -5.16148 4.89922
      vertex 0.927741 -5.19652 4.89304
    endloop
  endfacet
  facet normal -0.0708045 0.059368 0.995722
    outer loop
      vertex 1.94638 -5.9496 4.96659
      vertex 2.01154 -6.48675 5.00325
      vertex 2.11423 -6.48185 5.01026
    endloop
  endfacet
  facet normal -0.0707329 0.059377 0.995726
    outer loop
      vertex 2.01154 -6.48675 5.00325
      vertex 1.94638 -5.9496 4.96659
      vertex 1.73614 -6.0129 4.95543
    endloop
  endfacet
  facet normal 0.0294662 0.0680188 0.997249
    outer loop
      vertex -0.658385 -6.21922 4.91905
      vertex -0.836616 -6.52731 4.94533
      vertex -0.69017 -6.5302 4.9412
    endloop
  endfacet
  facet normal 0.029476 0.0680131 0.997249
    outer loop
      vertex -0.836616 -6.52731 4.94533
      vertex -0.658385 -6.21922 4.91905
      vertex -0.876599 -6.19283 4.9237
    endloop
  endfacet
  facet normal -0.145662 -0.0778812 0.986264
    outer loop
      vertex 4.53083 -2.80313 5.31506
      vertex 3.71459 -2.27137 5.2365
      vertex 3.63132 -2.39765 5.21423
    endloop
  endfacet
  facet normal -0.11115 -0.0894489 0.98977
    outer loop
      vertex 3.45162 -2.64123 5.17128
      vertex 3.54363 -2.52098 5.19248
      vertex 2.68896 -2.03081 5.1408
    endloop
  endfacet
  facet normal -0.170333 -0.0523849 0.983993
    outer loop
      vertex 5.0957 -3.69625 5.36392
      vertex 5.2218 -3.5189 5.39519
      vertex 4.3223 -3.10759 5.26138
    endloop
  endfacet
  facet normal -0.214227 0.00395194 0.976776
    outer loop
      vertex 5.71066 -4.48519 5.46489
      vertex 6.23906 -5.00197 5.58287
      vertex 6.27656 -4.95636 5.59091
    endloop
  endfacet
  facet normal -0.214226 0.00395319 0.976776
    outer loop
      vertex 6.23906 -5.00197 5.58287
      vertex 5.71066 -4.48519 5.46489
      vertex 5.55147 -4.67878 5.43076
    endloop
  endfacet
  facet normal -0.0676867 0.023778 0.997423
    outer loop
      vertex 2.15426 -5.87911 4.97902
      vertex 1.82729 -4.95915 4.9349
      vertex 1.65097 -5.01894 4.92436
    endloop
  endfacet
  facet normal -0.0452883 -0.0423327 0.998077
    outer loop
      vertex 1.4981 -4.03898 4.92482
      vertex 1.16709 -3.11972 4.94879
      vertex 1.05447 -3.15791 4.94206
    endloop
  endfacet
  facet normal -0.0331444 -0.00311648 0.999446
    outer loop
      vertex 0.927741 -5.19652 4.89304
      vertex 1.1108 -5.16148 4.89922
      vertex 0.760607 -4.23359 4.8905
    endloop
  endfacet
  facet normal -0.0608062 0.025976 0.997812
    outer loop
      vertex 1.94638 -5.9496 4.96659
      vertex 1.65097 -5.01894 4.92436
      vertex 1.47263 -5.07264 4.91489
    endloop
  endfacet
  facet normal -0.016312 -0.0709997 0.997343
    outer loop
      vertex 0.592546 -3.27133 4.92206
      vertex 0.423763 -2.31092 4.98767
      vertex 0.339632 -2.32404 4.98536
    endloop
  endfacet
  facet normal -0.00909302 -0.000205648 0.999959
    outer loop
      vertex 0.372684 -5.26364 4.88121
      vertex 0.305545 -4.28861 4.8808
      vertex 0.152865 -4.29649 4.87941
    endloop
  endfacet
  facet normal -0.0169285 -0.0358885 0.999212
    outer loop
      vertex 0.457851 -4.27549 4.88312
      vertex 0.609601 -4.25714 4.88635
      vertex 0.356687 -3.30397 4.9163
    endloop
  endfacet
  facet normal 0.0253308 0.0334071 0.999121
    outer loop
      vertex -0.658385 -6.21922 4.91905
      vertex -0.558458 -5.24763 4.88403
      vertex -0.876599 -6.19283 4.9237
    endloop
  endfacet
  facet normal -0.0253597 0.0333973 0.99912
    outer loop
      vertex 0.876599 -6.19283 4.9237
      vertex 0.743553 -5.22525 4.88798
      vertex 0.558458 -5.24763 4.88403
    endloop
  endfacet
  facet normal -0.0211847 -0.0012479 0.999775
    outer loop
      vertex 0.743553 -5.22525 4.88798
      vertex 0.609601 -4.25714 4.88635
      vertex 0.558458 -5.24763 4.88403
    endloop
  endfacet
  facet normal -0.02355 -0.0723786 0.997099
    outer loop
      vertex 0.709465 -3.24895 4.92601
      vertex 0.590376 -2.27604 4.99382
      vertex 0.50738 -2.29491 4.99049
    endloop
  endfacet
  facet normal -0.0265856 -0.0374068 0.998946
    outer loop
      vertex 0.760607 -4.23359 4.8905
      vertex 0.910687 -4.20486 4.89557
      vertex 0.709465 -3.24895 4.92601
    endloop
  endfacet
  facet normal 0.0312963 -0.0383929 0.998773
    outer loop
      vertex -0.910687 -4.20486 4.89557
      vertex -0.709465 -3.24895 4.92601
      vertex -1.05966 -4.17099 4.90154
    endloop
  endfacet
  facet normal 0.0340839 -0.0753704 0.996573
    outer loop
      vertex -0.754112 -2.2298 5.00197
      vertex -0.834652 -2.20249 5.00679
      vertex -1.16709 -3.11972 4.94879
    endloop
  endfacet
  facet normal 0.124641 0.0357335 0.991558
    outer loop
      vertex -3.14931 -5.42216 5.05959
      vertex -3.33776 -5.31065 5.07926
      vertex -3.84029 -6.14369 5.17245
    endloop
  endfacet
  facet normal 0.045299 -0.0423381 0.998076
    outer loop
      vertex -1.35355 -4.088 4.91618
      vertex -1.05447 -3.15791 4.94206
      vertex -1.4981 -4.03898 4.92482
    endloop
  endfacet
  facet normal 0.0878546 0.015755 0.996009
    outer loop
      vertex -2.17305 -4.82158 4.95916
      vertex -2.34206 -4.74396 4.97284
      vertex -2.56188 -5.71692 5.00762
    endloop
  endfacet
  facet normal -0.147016 -0.0250363 0.988817
    outer loop
      vertex 4.37539 -4.51228 5.22003
      vertex 4.53085 -4.35918 5.24702
      vertex 3.84318 -3.66991 5.16223
    endloop
  endfacet
  facet normal -0.176985 -0.00600824 0.984195
    outer loop
      vertex 5.21301 -5.04898 5.36548
      vertex 4.68079 -4.20083 5.27495
      vertex 4.53085 -4.35918 5.24702
    endloop
  endfacet
  facet normal -0.181868 -0.0705668 0.980788
    outer loop
      vertex 5.45477 -3.15173 5.45993
      vertex 5.56136 -2.96236 5.49332
      vertex 4.62687 -2.64571 5.34282
    endloop
  endfacet
  facet normal -0.21162 -0.0529615 0.975916
    outer loop
      vertex 6.39866 -3.44186 5.64886
      vertex 5.56136 -2.96236 5.49332
      vertex 5.45477 -3.15173 5.45993
    endloop
  endfacet
  facet normal -0.23122 -0.0190776 0.972715
    outer loop
      vertex 6.71384 -4.2562 5.70032
      vertex 6.6358 -4.4642 5.67769
      vertex 6.7 -4.36685 5.69486
    endloop
  endfacet
  facet normal -0.231223 -0.0190764 0.972714
    outer loop
      vertex 6.6358 -4.4642 5.67769
      vertex 6.71384 -4.2562 5.70032
      vertex 6.14575 -3.87326 5.57279
    endloop
  endfacet
  facet normal -0.236288 -0.0270592 0.971306
    outer loop
      vertex 6.71384 -4.2562 5.70032
      vertex 6.73713 -4.05862 5.71149
      vertex 6.14575 -3.87326 5.57279
    endloop
  endfacet
  facet normal -0.225827 -0.0112012 0.974103
    outer loop
      vertex 6.44388 -4.7377 5.62947
      vertex 6.56916 -4.56149 5.66054
      vertex 5.86289 -4.28624 5.49997
    endloop
  endfacet
  facet normal -0.214243 0.00391571 0.976773
    outer loop
      vertex 6.1016 -5.16914 5.55339
      vertex 6.23906 -5.00197 5.58287
      vertex 5.55147 -4.67878 5.43076
    endloop
  endfacet
  facet normal -0.161603 -0.0409803 0.986005
    outer loop
      vertex 4.82503 -4.03743 5.30376
      vertex 4.96339 -3.86917 5.33343
      vertex 4.21007 -3.25426 5.23552
    endloop
  endfacet
  facet normal -0.2573 -0.0696677 0.963817
    outer loop
      vertex 6.71924 -2.76482 5.76824
      vertex 6.88128 -2.58951 5.82417
      vertex 6.80989 -2.53226 5.80925
    endloop
  endfacet
  facet normal -0.257351 -0.0696172 0.963807
    outer loop
      vertex 6.88128 -2.58951 5.82417
      vertex 6.71924 -2.76482 5.76824
      vertex 6.86182 -2.82921 5.80166
    endloop
  endfacet
  facet normal -0.241118 -0.0353124 0.969853
    outer loop
      vertex 6.76363 -3.82599 5.72561
      vertex 6.78157 -3.66395 5.73597
      vertex 6.39866 -3.44186 5.64886
    endloop
  endfacet
  facet normal -0.245606 -0.0436253 0.968388
    outer loop
      vertex 6.78157 -3.66395 5.73597
      vertex 6.7947 -3.53698 5.74502
      vertex 6.39866 -3.44186 5.64886
    endloop
  endfacet
  facet normal 0.23142 -0.238041 0.943282
    outer loop
      vertex -6.90592 2.07004 6.62076
      vertex -5.99035 1.86656 6.34479
      vertex -6.89224 2.11409 6.62852
    endloop
  endfacet
  facet normal 0.231389 -0.238153 0.943262
    outer loop
      vertex -5.99035 1.86656 6.34479
      vertex -6.90592 2.07004 6.62076
      vertex -6.91767 1.8754 6.5745
    endloop
  endfacet
  facet normal 0.225883 -0.253878 0.940491
    outer loop
      vertex -5.91878 2.07127 6.38089
      vertex -5.83999 2.2734 6.41653
      vertex -6.71924 2.58219 6.71106
    endloop
  endfacet
  facet normal 0.16421 -0.226705 0.960021
    outer loop
      vertex -4.11601 1.48984 5.8997
      vertex -5.02045 1.78456 6.124
      vertex -5.08116 1.61092 6.09338
    endloop
  endfacet
  facet normal 0.164215 -0.226676 0.960027
    outer loop
      vertex -4.16578 1.34748 5.8746
      vertex -4.11601 1.48984 5.8997
      vertex -5.08116 1.61092 6.09338
    endloop
  endfacet
  facet normal 0.228763 -0.246075 0.941868
    outer loop
      vertex -5.99035 1.86656 6.34479
      vertex -5.91878 2.07127 6.38089
      vertex -6.80989 2.34963 6.67005
    endloop
  endfacet
  facet normal 0.240151 -0.197615 0.950408
    outer loop
      vertex -6.96159 0.830401 6.34564
      vertex -6.23733 0.813025 6.15902
      vertex -6.96032 0.881481 6.35594
    endloop
  endfacet
  facet normal 0.240158 -0.197514 0.950428
    outer loop
      vertex -6.23733 0.813025 6.15902
      vertex -6.96159 0.830401 6.34564
      vertex -6.26412 0.598126 6.12113
    endloop
  endfacet
  facet normal 0.169221 -0.209463 0.963062
    outer loop
      vertex -4.25006 1.05806 5.82357
      vertex -5.18395 1.2579 6.03113
      vertex -5.2259 1.07895 5.99958
    endloop
  endfacet
  facet normal 0.205385 -0.201876 0.957634
    outer loop
      vertex -5.29066 0.717285 5.93581
      vertex -5.26148 0.898675 5.96779
      vertex -6.20294 1.02687 6.19673
    endloop
  endfacet
  facet normal 0.200855 -0.222856 0.953935
    outer loop
      vertex -5.18395 1.2579 6.03113
      vertex -5.13569 1.43529 6.06241
      vertex -6.11153 1.45037 6.2714
    endloop
  endfacet
  facet normal 0.235762 -0.222062 0.9461
    outer loop
      vertex -6.94151 1.40122 6.46669
      vertex -6.16099 1.23941 6.23421
      vertex -6.11153 1.45037 6.2714
    endloop
  endfacet
  facet normal 0.235733 -0.222175 0.94608
    outer loop
      vertex -6.16099 1.23941 6.23421
      vertex -6.94151 1.40122 6.46669
      vertex -6.94302 1.36849 6.45938
    endloop
  endfacet
  facet normal 0.182623 -0.324807 0.927981
    outer loop
      vertex -4.82503 3.93691 6.70985
      vertex -4.68079 4.10032 6.73866
      vertex -5.38552 4.68416 7.0817
    endloop
  endfacet
  facet normal 0.156947 -0.30419 0.939594
    outer loop
      vertex -3.97036 3.50565 6.42747
      vertex -4.68079 4.10032 6.73866
      vertex -4.82503 3.93691 6.70985
    endloop
  endfacet
  facet normal 0.202918 -0.298273 0.932662
    outer loop
      vertex -5.2218 3.41838 6.61842
      vertex -6.00798 3.89955 6.94335
      vertex -6.14575 3.69063 6.90651
    endloop
  endfacet
  facet normal 0.134991 -0.278632 0.950864
    outer loop
      vertex -3.45162 2.67023 6.10783
      vertex -4.09271 3.36704 6.40303
      vertex -4.21007 3.22432 6.37787
    endloop
  endfacet
  facet normal 0.208083 -0.345011 0.915243
    outer loop
      vertex -5.55147 4.49615 7.04854
      vertex -5.9583 5.07734 7.36012
      vertex -6.1016 4.91499 7.3315
    endloop
  endfacet
  facet normal 0.208032 -0.345046 0.915241
    outer loop
      vertex -5.9583 5.07734 7.36012
      vertex -5.38552 4.68416 7.0817
      vertex -5.9192 5.12163 7.36793
    endloop
  endfacet
  facet normal 0.208031 -0.345046 0.915241
    outer loop
      vertex -5.38552 4.68416 7.0817
      vertex -5.9583 5.07734 7.36012
      vertex -5.55147 4.49615 7.04854
    endloop
  endfacet
  facet normal 0.157402 -0.243304 0.957093
    outer loop
      vertex -4.00148 1.769 5.94892
      vertex -4.80194 2.29151 6.21339
      vertex -4.88075 2.12507 6.18404
    endloop
  endfacet
  facet normal 0.126156 -0.229868 0.965011
    outer loop
      vertex -3.11733 1.40496 5.74662
      vertex -3.06699 1.51126 5.76536
      vertex -4.00148 1.769 5.94892
    endloop
  endfacet
  facet normal 0.178237 -0.275329 0.944683
    outer loop
      vertex -4.62687 2.61577 6.27056
      vertex -4.53083 2.77319 6.29832
      vertex -5.34154 3.2368 6.5864
    endloop
  endfacet
  facet normal 0.245639 -0.290173 0.924911
    outer loop
      vertex -6.79849 3.28034 6.94325
      vertex -6.39866 3.25923 6.83044
      vertex -6.78157 3.43813 6.98826
    endloop
  endfacet
  facet normal 0.245637 -0.290187 0.924908
    outer loop
      vertex -6.39866 3.25923 6.83044
      vertex -6.79849 3.28034 6.94325
      vertex -6.5135 3.03727 6.7913
    endloop
  endfacet
  facet normal 0.211613 -0.284016 0.935176
    outer loop
      vertex -5.56136 2.86185 6.52029
      vertex -5.45477 3.05121 6.55368
      vertex -6.27603 3.4771 6.86886
    endloop
  endfacet
  facet normal 0.207397 -0.291207 0.933908
    outer loop
      vertex -5.45477 3.05121 6.55368
      vertex -6.14575 3.69063 6.90651
      vertex -6.27603 3.4771 6.86886
    endloop
  endfacet
  facet normal 0.188459 -0.25639 0.948023
    outer loop
      vertex -4.80194 2.29151 6.21339
      vertex -5.66117 2.66893 6.48627
      vertex -5.75408 2.4727 6.45167
    endloop
  endfacet
  facet normal 0.18528 -0.26281 0.946891
    outer loop
      vertex -4.80194 2.29151 6.21339
      vertex -4.71728 2.45514 6.24224
      vertex -5.66117 2.66893 6.48627
    endloop
  endfacet
  facet normal 0.194133 -0.243235 0.950342
    outer loop
      vertex -5.02045 1.78456 6.124
      vertex -4.95362 1.95601 6.15423
      vertex -5.91878 2.07127 6.38089
    endloop
  endfacet
  facet normal 0.194132 -0.243239 0.950341
    outer loop
      vertex -4.95362 1.95601 6.15423
      vertex -5.83999 2.2734 6.41653
      vertex -5.91878 2.07127 6.38089
    endloop
  endfacet
  facet normal 0.0988768 -0.206154 0.973511
    outer loop
      vertex -2.32092 0.798513 5.53595
      vertex -2.29319 0.87783 5.54993
      vertex -3.20655 1.18748 5.70827
    endloop
  endfacet
  facet normal 0.0975996 -0.20961 0.972902
    outer loop
      vertex -2.29319 0.87783 5.54993
      vertex -3.16387 1.29698 5.72758
      vertex -3.20655 1.18748 5.70827
    endloop
  endfacet
  facet normal 0.159871 -0.237842 0.958057
    outer loop
      vertex -4.00148 1.769 5.94892
      vertex -4.88075 2.12507 6.18404
      vertex -4.95362 1.95601 6.15423
    endloop
  endfacet
  facet normal 0.0931549 -0.219437 0.971169
    outer loop
      vertex -2.19338 1.10939 5.59076
      vertex -3.01292 1.61578 5.78379
      vertex -3.06699 1.51126 5.76536
    endloop
  endfacet
  facet normal 0.068506 -0.186169 0.980126
    outer loop
      vertex -1.44314 0.318295 5.38205
      vertex -1.43338 0.367742 5.39076
      vertex -2.40329 0.473184 5.47858
    endloop
  endfacet
  facet normal 0.00131691 -0.241924 0.970294
    outer loop
      vertex 0 1.51084 5.59232
      vertex 0 2.45914 5.82876
      vertex -0.0511417 1.50996 5.59217
    endloop
  endfacet
  facet normal 0.0334187 -0.183455 0.98246
    outer loop
      vertex -0.469737 0.206267 5.32766
      vertex -0.46475 0.222331 5.33049
      vertex -1.40864 0.46548 5.408
    endloop
  endfacet
  facet normal 0.0337287 -0.18239 0.982648
    outer loop
      vertex -0.474152 0.190042 5.3248
      vertex -0.469737 0.206267 5.32766
      vertex -1.40864 0.46548 5.408
    endloop
  endfacet
  facet normal 0.0305085 -0.190232 0.981265
    outer loop
      vertex -0.423198 0.31424 5.3467
      vertex -1.26908 0.789268 5.46509
      vertex -1.29388 0.745211 5.45732
    endloop
  endfacet
  facet normal 0.00518253 -0.175899 0.984395
    outer loop
      vertex -0.439211 0.284581 5.34147
      vertex -0.453084 0.253896 5.33606
      vertex -0.459197 0.238214 5.33329
    endloop
  endfacet
  facet normal 0.0316305 -0.188073 0.981646
    outer loop
      vertex -0.439211 0.284581 5.34147
      vertex -1.3171 0.700328 5.44941
      vertex -1.33872 0.654675 5.44136
    endloop
  endfacet
  facet normal -0.0295524 -0.235455 0.971436
    outer loop
      vertex 0.642391 1.36478 5.56657
      vertex 1.06978 2.21592 5.78587
      vertex 0.596034 1.38607 5.57032
    endloop
  endfacet
  facet normal -0.0127576 -0.274888 0.961392
    outer loop
      vertex 0.474906 3.36591 6.09239
      vertex 0.356687 3.38021 6.09491
      vertex 0.255087 2.44598 5.82644
    endloop
  endfacet
  facet normal -0.0156515 -0.24018 0.970602
    outer loop
      vertex 0.354513 1.46797 5.58476
      vertex 0.590376 2.38776 5.81617
      vertex 0.304675 1.4793 5.58676
    endloop
  endfacet
  facet normal 0.0716526 -0.289474 0.9545
    outer loop
      vertex -1.80826 2.88798 6.00811
      vertex -1.70617 2.9484 6.01877
      vertex -2.19008 3.7502 6.29826
    endloop
  endfacet
  facet normal 0.0631835 -0.294099 0.953684
    outer loop
      vertex -1.602 3.00526 6.02879
      vertex -1.49587 3.05851 6.03818
      vertex -2.05636 3.8232 6.31113
    endloop
  endfacet
  facet normal 0.0984379 -0.268867 0.958134
    outer loop
      vertex -2.37041 2.45546 5.93185
      vertex -3.04272 3.11746 6.18669
      vertex -3.15083 3.01099 6.16792
    endloop
  endfacet
  facet normal 0.0493365 -0.221812 0.97384
    outer loop
      vertex -1.05412 1.07019 5.51462
      vertex -1.69522 1.78464 5.70983
      vertex -1.75545 1.72532 5.69937
    endloop
  endfacet
  facet normal 0.0597941 -0.208636 0.976164
    outer loop
      vertex -1.24273 0.832445 5.4727
      vertex -2.06954 1.3294 5.62956
      vertex -2.11341 1.2575 5.61688
    endloop
  endfacet
  facet normal 0.0914219 -0.222643 0.970604
    outer loop
      vertex -2.15471 1.18413 5.60394
      vertex -2.11341 1.2575 5.61688
      vertex -3.01292 1.61578 5.78379
    endloop
  endfacet
  facet normal 0.0877208 -0.228704 0.969536
    outer loop
      vertex -2.06954 1.3294 5.62956
      vertex -2.02315 1.39976 5.64196
      vertex -2.89383 1.81891 5.81961
    endloop
  endfacet
  facet normal 0.121734 -0.238424 0.963501
    outer loop
      vertex -3.01292 1.61578 5.78379
      vertex -2.95517 1.71837 5.80188
      vertex -3.79333 2.17131 6.01986
    endloop
  endfacet
  facet normal 0.0673821 -0.191016 0.979271
    outer loop
      vertex -1.42188 0.416823 5.39942
      vertex -1.40864 0.46548 5.408
      vertex -2.34583 0.718292 5.5218
    endloop
  endfacet
  facet normal 0.067415 -0.190922 0.979287
    outer loop
      vertex -1.42188 0.416823 5.39942
      vertex -2.34583 0.718292 5.5218
      vertex -2.36787 0.637264 5.50752
    endloop
  endfacet
  facet normal 0.0569602 -0.259034 0.964187
    outer loop
      vertex -1.36463 2.04827 5.75631
      vertex -1.80826 2.88798 6.00811
      vertex -1.90816 2.8241 5.99685
    endloop
  endfacet
  facet normal 0.0758154 -0.286921 0.954949
    outer loop
      vertex -1.80826 2.88798 6.00811
      vertex -2.32113 3.67266 6.28459
      vertex -2.44936 3.59065 6.27013
    endloop
  endfacet
  facet normal 0.0588519 -0.296189 0.953315
    outer loop
      vertex -1.49587 3.05851 6.03818
      vertex -1.38792 3.10809 6.04692
      vertex -1.78157 3.95519 6.33441
    endloop
  endfacet
  facet normal 0.0442056 -0.266 0.962959
    outer loop
      vertex -1.06978 2.21592 5.78587
      vertex -1.38792 3.10809 6.04692
      vertex -1.49587 3.05851 6.03818
    endloop
  endfacet
  facet normal 0.0538068 -0.260969 0.963846
    outer loop
      vertex -1.22018 2.13716 5.77199
      vertex -1.70617 2.9484 6.01877
      vertex -1.80826 2.88798 6.00811
    endloop
  endfacet
  facet normal 7.15545e-05 -0.173781 0.984784
    outer loop
      vertex -0.134694 0.53622 5.38584
      vertex -0.244333 0.490387 5.37776
      vertex -0.339457 0.419796 5.36531
    endloop
  endfacet
  facet normal 0.00615691 -0.24166 0.970341
    outer loop
      vertex -0.153176 1.50293 5.59093
      vertex -0.102221 1.50732 5.5917
      vertex -0.255087 2.44598 5.82644
    endloop
  endfacet
  facet normal 0.00606793 -0.241674 0.970339
    outer loop
      vertex -0.102221 1.50732 5.5917
      vertex -0.170231 2.45329 5.82773
      vertex -0.255087 2.44598 5.82644
    endloop
  endfacet
  facet normal -0.173643 -0.173955 0.969323
    outer loop
      vertex 4.38016 0.0144978 5.63956
      vertex 5.34265 -0.0149717 5.80669
      vertex 4.3775 0.165041 5.6661
    endloop
  endfacet
  facet normal -0.257366 -0.264211 0.929492
    outer loop
      vertex 6.86546 2.58776 6.75313
      vertex 6.86182 2.63127 6.76449
      vertex 6.71924 2.58219 6.71106
    endloop
  endfacet
  facet normal -0.16591 -0.383736 0.908417
    outer loop
      vertex 4.75387 6.01965 7.49041
      vertex 4.55093 6.05266 7.46729
      vertex 4.25964 5.68251 7.25773
    endloop
  endfacet
  facet normal 0.173647 -0.16804 0.970366
    outer loop
      vertex -5.3394 -0.198595 5.77431
      vertex -4.3775 -0.136045 5.61301
      vertex -5.34265 -0.0149717 5.80669
    endloop
  endfacet
  facet normal -0.152247 -0.353681 0.922893
    outer loop
      vertex 4.65824 5.37582 7.20365
      vertex 4.46166 5.53259 7.2313
      vertex 3.87782 4.83772 6.86869
    endloop
  endfacet
  facet normal -0.136447 -0.324385 0.936032
    outer loop
      vertex 4.21461 4.55942 6.81962
      vertex 4.04868 4.70147 6.84466
      vertex 3.43419 4.01556 6.51738
    endloop
  endfacet
  facet normal -0.17354 -0.377887 0.909442
    outer loop
      vertex 4.85993 6.0024 7.50249
      vertex 4.65824 5.37582 7.20365
      vertex 4.93734 5.98916 7.51176
    endloop
  endfacet
  facet normal -0.173463 -0.377914 0.909446
    outer loop
      vertex 4.65824 5.37582 7.20365
      vertex 4.85993 6.0024 7.50249
      vertex 4.46166 5.53259 7.2313
    endloop
  endfacet
  facet normal -0.194941 -0.358885 0.912798
    outer loop
      vertex 5.72959 5.32187 7.40324
      vertex 5.57514 5.47398 7.43006
      vertex 5.21301 4.86635 7.11382
    endloop
  endfacet
  facet normal -0.201616 -0.352078 0.913998
    outer loop
      vertex 5.87856 5.16455 7.3755
      vertex 5.72959 5.32187 7.40324
      vertex 5.21301 4.86635 7.11382
    endloop
  endfacet
  facet normal -0.188012 -0.365474 0.911636
    outer loop
      vertex 5.40546 5.6326 7.45803
      vertex 5.03414 5.0425 7.14488
      vertex 5.533 5.51548 7.43738
    endloop
  endfacet
  facet normal -0.187972 -0.365498 0.911635
    outer loop
      vertex 5.03414 5.0425 7.14488
      vertex 5.40546 5.6326 7.45803
      vertex 5.37326 5.66218 7.46325
    endloop
  endfacet
  facet normal -0.214227 -0.337799 0.916514
    outer loop
      vertex 6.23906 4.74783 7.30202
      vertex 6.1016 4.91499 7.3315
      vertex 5.55147 4.49615 7.04854
    endloop
  endfacet
  facet normal -0.214308 -0.337692 0.916535
    outer loop
      vertex 6.23906 4.74783 7.30202
      vertex 5.71066 4.30256 7.01441
      vertex 6.27656 4.70221 7.29398
    endloop
  endfacet
  facet normal -0.214246 -0.337759 0.916525
    outer loop
      vertex 5.71066 4.30256 7.01441
      vertex 6.23906 4.74783 7.30202
      vertex 5.55147 4.49615 7.04854
    endloop
  endfacet
  facet normal -0.201592 -0.352089 0.913999
    outer loop
      vertex 5.87856 5.16455 7.3755
      vertex 5.38552 4.68416 7.0817
      vertex 5.9192 5.12163 7.36793
    endloop
  endfacet
  facet normal -0.201629 -0.352054 0.914004
    outer loop
      vertex 5.38552 4.68416 7.0817
      vertex 5.87856 5.16455 7.3755
      vertex 5.21301 4.86635 7.11382
    endloop
  endfacet
  facet normal -0.176976 -0.330983 0.926893
    outer loop
      vertex 5.38552 4.68416 7.0817
      vertex 5.21301 4.86635 7.11382
      vertex 4.68079 4.10032 6.73866
    endloop
  endfacet
  facet normal -0.165006 -0.34276 0.924818
    outer loop
      vertex 4.37539 4.41176 6.79358
      vertex 4.84914 5.21239 7.17484
      vertex 4.21461 4.55942 6.81962
    endloop
  endfacet
  facet normal -0.130841 -0.329018 0.935215
    outer loop
      vertex 4.04868 4.70147 6.84466
      vertex 3.87782 4.83772 6.86869
      vertex 3.43419 4.01556 6.51738
    endloop
  endfacet
  facet normal 0.0745235 -0.361032 0.929571
    outer loop
      vertex -2.00139 4.86339 6.66688
      vertex -2.15426 5.7786 7.03459
      vertex -2.35951 5.70101 7.02091
    endloop
  endfacet
  facet normal 0.0499069 -0.299917 0.952659
    outer loop
      vertex -1.27829 3.15392 6.05501
      vertex -1.4981 4.06798 6.35429
      vertex -1.64084 4.01402 6.34478
    endloop
  endfacet
  facet normal 0.0788614 -0.323402 0.94297
    outer loop
      vertex -2.05636 3.8232 6.31113
      vertex -2.34206 4.71402 6.64054
      vertex -2.50822 4.63064 6.62584
    endloop
  endfacet
  facet normal 0.0842155 -0.320598 0.943464
    outer loop
      vertex -2.19008 3.7502 6.29826
      vertex -2.05636 3.8232 6.31113
      vertex -2.50822 4.63064 6.62584
    endloop
  endfacet
  facet normal 0.130841 -0.329018 0.935215
    outer loop
      vertex -3.43419 4.01556 6.51738
      vertex -3.87782 4.83772 6.86869
      vertex -4.04868 4.70147 6.84466
    endloop
  endfacet
  facet normal 0.104525 -0.307606 0.945755
    outer loop
      vertex -2.6967 3.41368 6.23892
      vertex -3.14033 4.24166 6.55725
      vertex -3.28926 4.13113 6.53776
    endloop
  endfacet
  facet normal 0.0713373 -0.24796 0.96614
    outer loop
      vertex -1.69522 1.78464 5.70983
      vertex -2.2833 2.53546 5.94595
      vertex -2.37041 2.45546 5.93185
    endloop
  endfacet
  facet normal 0.113928 -0.300093 0.947082
    outer loop
      vertex -2.9309 3.22014 6.2048
      vertex -2.81552 3.31892 6.22222
      vertex -3.43419 4.01556 6.51738
    endloop
  endfacet
  facet normal 0.100796 -0.348967 0.931699
    outer loop
      vertex -2.67133 4.54161 6.61014
      vertex -2.50822 4.63064 6.62584
      vertex -3.14931 5.32164 6.95401
    endloop
  endfacet
  facet normal 0.107105 -0.345381 0.932331
    outer loop
      vertex -2.83117 4.44702 6.59346
      vertex -3.14931 5.32164 6.95401
      vertex -3.33776 5.21013 6.93435
    endloop
  endfacet
  facet normal 0.142085 -0.399584 0.905619
    outer loop
      vertex -3.62347 6.08937 7.32947
      vertex -3.6798 6.17985 7.37823
      vertex -3.72266 6.17397 7.38236
    endloop
  endfacet
  facet normal 0.102287 -0.384425 0.917472
    outer loop
      vertex -2.56188 5.61641 7.00599
      vertex -2.87257 6.27056 7.31472
      vertex -3.11041 6.24687 7.33131
    endloop
  endfacet
  facet normal 0.0812059 -0.237539 0.967978
    outer loop
      vertex -1.92303 1.53547 5.66589
      vertex -1.86942 1.60066 5.67739
      vertex -2.68896 2.10705 5.87041
    endloop
  endfacet
  facet normal 0.0835259 -0.234618 0.968492
    outer loop
      vertex -1.97429 1.46847 5.65408
      vertex -1.92303 1.53547 5.66589
      vertex -2.76064 2.01337 5.8539
    endloop
  endfacet
  facet normal 0.198202 -0.305158 0.931448
    outer loop
      vertex -5.2218 3.41838 6.61842
      vertex -5.86289 4.10361 6.97933
      vertex -6.00798 3.89955 6.94335
    endloop
  endfacet
  facet normal 0.11676 -0.246583 0.962062
    outer loop
      vertex -2.89383 1.81891 5.81961
      vertex -2.82896 1.91728 5.83695
      vertex -3.63132 2.42664 6.06488
    endloop
  endfacet
  facet normal 0.0199174 -0.273771 0.961589
    outer loop
      vertex -0.423763 2.42263 5.82232
      vertex -0.592546 3.34756 6.08915
      vertex -0.709465 3.32518 6.0852
    endloop
  endfacet
  facet normal 0.0133205 -0.240667 0.970516
    outer loop
      vertex -0.304675 1.4793 5.58676
      vertex -0.423763 2.42263 5.82232
      vertex -0.50738 2.40663 5.8195
    endloop
  endfacet
  facet normal 0.0248981 -0.237407 0.971091
    outer loop
      vertex -0.501198 1.42381 5.57698
      vertex -0.834652 2.31421 5.80321
      vertex -0.914175 2.28415 5.7979
    endloop
  endfacet
  facet normal 0.0452604 -0.301579 0.952366
    outer loop
      vertex -1.16709 3.19595 6.06242
      vertex -1.35355 4.11699 6.36294
      vertex -1.4981 4.06798 6.35429
    endloop
  endfacet
  facet normal 0.0453488 -0.301561 0.952368
    outer loop
      vertex -1.16709 3.19595 6.06242
      vertex -1.05447 3.23414 6.06915
      vertex -1.35355 4.11699 6.36294
    endloop
  endfacet
  facet normal 0.0235246 -0.273016 0.961722
    outer loop
      vertex -0.590376 2.38776 5.81617
      vertex -0.709465 3.32518 6.0852
      vertex -0.82552 3.2988 6.08055
    endloop
  endfacet
  facet normal 0.0498792 -0.299923 0.952658
    outer loop
      vertex -1.27829 3.15392 6.05501
      vertex -1.16709 3.19595 6.06242
      vertex -1.4981 4.06798 6.35429
    endloop
  endfacet
  facet normal 0.0544052 -0.298127 0.952975
    outer loop
      vertex -1.27829 3.15392 6.05501
      vertex -1.64084 4.01402 6.34478
      vertex -1.78157 3.95519 6.33441
    endloop
  endfacet
  facet normal 0.0608235 -0.365678 0.928752
    outer loop
      vertex -1.65097 4.989 6.68903
      vertex -1.47263 5.04269 6.69849
      vertex -1.94638 5.84909 7.04702
    endloop
  endfacet
  facet normal 0.0330922 -0.338909 0.940237
    outer loop
      vertex -0.910687 4.23386 6.38354
      vertex -0.760607 4.26258 6.38861
      vertex -0.927741 5.16658 6.72034
    endloop
  endfacet
  facet normal -1.9782e-05 -0.168776 0.985654
    outer loop
      vertex 0.0340872 0.55369 5.38892
      vertex 0.0170536 0.554568 5.38907
      vertex 0 0.554862 5.38912
    endloop
  endfacet
  facet normal 0.01215 -0.30851 0.951143
    outer loop
      vertex -0.238032 3.39043 6.09671
      vertex -0.305545 4.31761 6.39831
      vertex -0.457851 4.30449 6.396
    endloop
  endfacet
  facet normal -0.0227453 -0.238176 0.970956
    outer loop
      vertex 0.501198 1.42381 5.57698
      vertex 0.754112 2.34152 5.80802
      vertex 0.452835 1.44021 5.57987
    endloop
  endfacet
  facet normal -0.0227726 -0.238169 0.970957
    outer loop
      vertex 0.834652 2.31421 5.80321
      vertex 0.754112 2.34152 5.80802
      vertex 0.501198 1.42381 5.57698
    endloop
  endfacet
  facet normal -0.124623 -0.372731 0.919533
    outer loop
      vertex 3.33776 5.21013 6.93435
      vertex 3.84029 5.96107 7.30685
      vertex 3.14931 5.32164 6.95401
    endloop
  endfacet
  facet normal -0.125172 -0.333374 0.934448
    outer loop
      vertex 3.87782 4.83772 6.86869
      vertex 3.70224 4.96803 6.89166
      vertex 3.14033 4.24166 6.55725
    endloop
  endfacet
  facet normal -0.0622664 -0.330677 0.941688
    outer loop
      vertex 1.64084 4.01402 6.34478
      vertex 2.00139 4.86339 6.66688
      vertex 1.4981 4.06798 6.35429
    endloop
  endfacet
  facet normal -0.0878891 -0.355439 0.930558
    outer loop
      vertex 2.76114 5.52491 6.98986
      vertex 2.56188 5.61641 7.00599
      vertex 2.17305 4.79163 6.65423
    endloop
  endfacet
  facet normal -0.0400367 -0.229484 0.972489
    outer loop
      vertex 1.43441 2.00016 5.74783
      vertex 1.36463 2.04827 5.75631
      vertex 0.861344 1.23522 5.54373
    endloop
  endfacet
  facet normal -0.0734125 -0.326017 0.942509
    outer loop
      vertex 1.92014 3.89155 6.32319
      vertex 2.17305 4.79163 6.65423
      vertex 1.78157 3.95519 6.33441
    endloop
  endfacet
  facet normal 0.0538212 -0.367659 0.928402
    outer loop
      vertex -1.47263 5.04269 6.69849
      vertex -1.2925 5.09022 6.70687
      vertex -1.52378 5.96843 7.06806
    endloop
  endfacet
  facet normal 0.0449593 -0.336214 0.940712
    outer loop
      vertex -1.20734 4.16102 6.3707
      vertex -1.05966 4.19999 6.37757
      vertex -1.2925 5.09022 6.70687
    endloop
  endfacet
  facet normal -0.00549393 -0.275514 0.961281
    outer loop
      vertex 0.238032 3.39043 6.09671
      vertex 0.119088 3.39657 6.09779
      vertex 0.0851669 2.45768 5.8285
    endloop
  endfacet
  facet normal 0.0325374 -0.372111 0.927618
    outer loop
      vertex -0.927741 5.16658 6.72034
      vertex -0.876599 6.09231 7.0899
      vertex -1.09375 6.05844 7.08393
    endloop
  endfacet
  facet normal -0.0127922 -0.27488 0.961393
    outer loop
      vertex 0.339632 2.43575 5.82464
      vertex 0.474906 3.36591 6.09239
      vertex 0.255087 2.44598 5.82644
    endloop
  endfacet
  facet normal 0.0390805 -0.337658 0.940457
    outer loop
      vertex -1.05966 4.19999 6.37757
      vertex -0.910687 4.23386 6.38354
      vertex -1.2925 5.09022 6.70687
    endloop
  endfacet
  facet normal 0.0211448 -0.34077 0.939909
    outer loop
      vertex -0.457851 4.30449 6.396
      vertex -0.558458 5.21769 6.72935
      vertex -0.743553 5.19531 6.7254
    endloop
  endfacet
  facet normal 0.0544058 -0.40066 0.91461
    outer loop
      vertex -1.51632 6.37137 7.24413
      vertex -1.30956 6.01713 7.07665
      vertex -1.39109 6.37792 7.23955
    endloop
  endfacet
  facet normal 0.0544093 -0.400659 0.91461
    outer loop
      vertex -1.30956 6.01713 7.07665
      vertex -1.51632 6.37137 7.24413
      vertex -1.52378 5.96843 7.06806
    endloop
  endfacet
  facet normal -0.0708122 -0.396356 0.915362
    outer loop
      vertex 1.86996 6.35096 7.25842
      vertex 1.94638 5.84909 7.04702
      vertex 1.97389 6.34387 7.26339
    endloop
  endfacet
  facet normal -0.0707446 -0.396349 0.91537
    outer loop
      vertex 1.94638 5.84909 7.04702
      vertex 1.86996 6.35096 7.25842
      vertex 1.73614 5.91239 7.05818
    endloop
  endfacet
  facet normal -0.0745535 -0.361027 0.929571
    outer loop
      vertex 2.00139 4.86339 6.66688
      vertex 2.15426 5.7786 7.03459
      vertex 1.82729 4.92921 6.67848
    endloop
  endfacet
  facet normal -0.0866962 -0.390945 0.916322
    outer loop
      vertex 2.54538 6.30005 7.29407
      vertex 2.36239 6.31541 7.28331
      vertex 2.15426 5.7786 7.03459
    endloop
  endfacet
  facet normal -0.0544675 -0.400658 0.914607
    outer loop
      vertex 1.52378 5.96843 7.06806
      vertex 1.62907 6.36547 7.24826
      vertex 1.51632 6.37137 7.24413
    endloop
  endfacet
  facet normal -0.101836 -0.265397 0.958746
    outer loop
      vertex 2.53586 2.28673 5.9021
      vertex 3.2551 2.90087 6.1485
      vertex 2.45463 2.37252 5.91722
    endloop
  endfacet
  facet normal -0.00865938 -0.178184 0.983959
    outer loop
      vertex 0.439211 0.284581 5.34147
      vertex 0.423198 0.31424 5.3467
      vertex 0.414412 0.328638 5.34923
    endloop
  endfacet
  facet normal -0.0238982 -0.198597 0.97979
    outer loop
      vertex 1.01796 1.10581 5.52091
      vertex 0.980548 1.14016 5.52696
      vertex 0.339457 0.419796 5.36531
    endloop
  endfacet
  facet normal 2.09959e-05 -0.173657 0.984806
    outer loop
      vertex 0.385075 -0.222664 5.25202
      vertex 0.477988 -0.0264368 5.28662
      vertex 0.339457 0.419796 5.36531
    endloop
  endfacet
  facet normal -0.121739 -0.238416 0.963503
    outer loop
      vertex 3.86746 2.03962 5.99664
      vertex 3.79333 2.17131 6.01986
      vertex 3.01292 1.61578 5.78379
    endloop
  endfacet
  facet normal -0.154762 -0.248622 0.956157
    outer loop
      vertex 3.93687 1.90546 5.97299
      vertex 4.80194 2.29151 6.21339
      vertex 3.86746 2.03962 5.99664
    endloop
  endfacet
  facet normal -0.11399 -0.250626 0.961349
    outer loop
      vertex 2.82896 1.91728 5.83695
      vertex 3.63132 2.42664 6.06488
      vertex 2.76064 2.01337 5.8539
    endloop
  endfacet
  facet normal -0.0812071 -0.237538 0.967978
    outer loop
      vertex 2.68896 2.10705 5.87041
      vertex 2.61401 2.1982 5.88649
      vertex 1.86942 1.60066 5.67739
    endloop
  endfacet
  facet normal -0.215577 -0.276672 0.936472
    outer loop
      vertex 5.66117 2.66893 6.48627
      vertex 6.5135 3.03727 6.7913
      vertex 5.56136 2.86185 6.52029
    endloop
  endfacet
  facet normal -0.21161 -0.284019 0.935176
    outer loop
      vertex 6.39866 3.25923 6.83044
      vertex 6.27603 3.4771 6.86886
      vertex 5.56136 2.86185 6.52029
    endloop
  endfacet
  facet normal -0.182586 -0.324833 0.927979
    outer loop
      vertex 5.55147 4.49615 7.04854
      vertex 5.38552 4.68416 7.0817
      vertex 4.82503 3.93691 6.70985
    endloop
  endfacet
  facet normal -0.166067 -0.293102 0.941548
    outer loop
      vertex 5.0957 3.59574 6.64969
      vertex 4.96339 3.76865 6.68018
      vertex 4.3223 3.07765 6.352
    endloop
  endfacet
  facet normal -0.178258 -0.275307 0.944685
    outer loop
      vertex 5.45477 3.05121 6.55368
      vertex 5.34154 3.2368 6.5864
      vertex 4.62687 2.61577 6.27056
    endloop
  endfacet
  facet normal -0.166041 -0.293125 0.941546
    outer loop
      vertex 4.3223 3.07765 6.352
      vertex 4.96339 3.76865 6.68018
      vertex 4.21007 3.22432 6.37787
    endloop
  endfacet
  facet normal -0.241151 -0.298486 0.923446
    outer loop
      vertex 6.76701 3.56461 7.02534
      vertex 6.39866 3.25923 6.83044
      vertex 6.78157 3.43813 6.98826
    endloop
  endfacet
  facet normal -0.241098 -0.298547 0.92344
    outer loop
      vertex 6.39866 3.25923 6.83044
      vertex 6.76701 3.56461 7.02534
      vertex 6.27603 3.4771 6.86886
    endloop
  endfacet
  facet normal -0.194133 -0.243235 0.950342
    outer loop
      vertex 5.02045 1.78456 6.124
      vertex 5.91878 2.07127 6.38089
      vertex 4.95362 1.95601 6.15423
    endloop
  endfacet
  facet normal -0.222719 -0.26159 0.939131
    outer loop
      vertex 5.83999 2.2734 6.41653
      vertex 6.71924 2.58219 6.71106
      vertex 5.75408 2.4727 6.45167
    endloop
  endfacet
  facet normal -0.0988768 -0.206154 0.973511
    outer loop
      vertex 2.32092 0.798513 5.53595
      vertex 3.20655 1.18748 5.70827
      vertex 2.29319 0.87783 5.54993
    endloop
  endfacet
  facet normal -0.129941 -0.221102 0.966555
    outer loop
      vertex 4.11601 1.48984 5.8997
      vertex 4.06122 1.63041 5.92449
      vertex 3.16387 1.29698 5.72758
    endloop
  endfacet
  facet normal -0.167752 -0.215267 0.962039
    outer loop
      vertex 4.25006 1.05806 5.82357
      vertex 5.18395 1.2579 6.03113
      vertex 4.21048 1.20349 5.84921
    endloop
  endfacet
  facet normal -0.0679605 -0.188768 0.979667
    outer loop
      vertex 2.38703 0.555529 5.4931
      vertex 2.36787 0.637264 5.50752
      vertex 1.42188 0.416823 5.39942
    endloop
  endfacet
  facet normal -0.0692476 -0.181587 0.980934
    outer loop
      vertex 2.42699 0.307069 5.44929
      vertex 2.41661 0.390329 5.46397
      vertex 1.45115 0.268542 5.37327
    endloop
  endfacet
  facet normal -0.0999713 -0.202799 0.974104
    outer loop
      vertex 3.28015 0.964396 5.66893
      vertex 3.24533 1.07657 5.68871
      vertex 2.32092 0.798513 5.53595
    endloop
  endfacet
  facet normal -0.101865 -0.149518 0.983498
    outer loop
      vertex 3.31098 -0.77486 5.36226
      vertex 3.33777 -0.660569 5.38241
      vertex 2.36787 -0.52555 5.30248
    endloop
  endfacet
  facet normal -0.06739 -0.155453 0.985542
    outer loop
      vertex 2.36787 -0.52555 5.30248
      vertex 1.42188 -0.281432 5.2763
      vertex 1.40864 -0.330088 5.26772
    endloop
  endfacet
  facet normal -0.0348578 -0.175334 0.983892
    outer loop
      vertex 1.46451 0.11806 5.34674
      vertex 1.46184 0.168365 5.35561
      vertex 0.488369 0.0904131 5.30723
    endloop
  endfacet
  facet normal -0.104406 -0.167356 0.980353
    outer loop
      vertex 3.40403 -0.196299 5.46427
      vertex 3.41026 -0.0791616 5.48493
      vertex 2.43887 -0.0280151 5.39021
    endloop
  endfacet
  facet normal -0.173437 -0.162033 0.971424
    outer loop
      vertex 5.32964 -0.381994 5.74198
      vertex 4.3775 -0.136045 5.61301
      vertex 4.36949 -0.286405 5.5865
    endloop
  endfacet
  facet normal -0.135628 -0.141135 0.980656
    outer loop
      vertex 4.25006 -1.02906 5.45555
      vertex 4.28445 -0.882354 5.48142
      vertex 3.33777 -0.660569 5.38241
    endloop
  endfacet
  facet normal -0.171532 -0.144238 0.974562
    outer loop
      vertex 5.26148 -0.928618 5.64559
      vertex 4.33754 -0.585841 5.5337
      vertex 4.31362 -0.734553 5.50748
    endloop
  endfacet
  facet normal -0.169222 -0.132549 0.976624
    outer loop
      vertex 5.2259 -1.1089 5.6138
      vertex 4.28445 -0.882354 5.48142
      vertex 4.25006 -1.02906 5.45555
    endloop
  endfacet
  facet normal -0.138995 -0.164761 0.976491
    outer loop
      vertex 4.36949 -0.286405 5.5865
      vertex 4.3775 -0.136045 5.61301
      vertex 3.41026 -0.0791616 5.48493
    endloop
  endfacet
  facet normal -0.0695051 -0.167287 0.983455
    outer loop
      vertex 2.42699 -0.195354 5.3607
      vertex 2.43442 -0.111787 5.37544
      vertex 1.46184 -0.0329723 5.32011
    endloop
  endfacet
  facet normal -0.104521 -0.170909 0.979727
    outer loop
      vertex 3.41234 0.0381174 5.5056
      vertex 2.44036 0.0558567 5.405
      vertex 2.43887 -0.0280151 5.39021
    endloop
  endfacet
  facet normal -0.138158 -0.188655 0.972277
    outer loop
      vertex 4.35617 0.465394 5.71906
      vertex 4.33754 0.614838 5.74541
      vertex 3.39365 0.389385 5.56754
    endloop
  endfacet
  facet normal -0.104148 -0.181635 0.977835
    outer loop
      vertex 3.40403 0.272533 5.54694
      vertex 3.39365 0.389385 5.56754
      vertex 2.43442 0.223502 5.43456
    endloop
  endfacet
  facet normal -0.172386 -0.191841 0.966168
    outer loop
      vertex 5.31338 0.535003 5.90367
      vertex 5.29066 0.717285 5.93581
      vertex 4.33754 0.614838 5.74541
    endloop
  endfacet
  facet normal -0.138664 -0.183914 0.973112
    outer loop
      vertex 4.36949 0.315401 5.69261
      vertex 4.35617 0.465394 5.71906
      vertex 3.39365 0.389385 5.56754
    endloop
  endfacet
  facet normal -0.205385 -0.201876 0.957634
    outer loop
      vertex 5.29066 0.717285 5.93581
      vertex 6.20294 1.02687 6.19673
      vertex 5.26148 0.898675 5.96779
    endloop
  endfacet
  facet normal -0.138995 -0.179174 0.973949
    outer loop
      vertex 3.41026 0.155397 5.52628
      vertex 4.36949 0.315401 5.69261
      vertex 3.40403 0.272533 5.54694
    endloop
  endfacet
  facet normal -0.240151 -0.197615 0.950408
    outer loop
      vertex 6.23733 0.813025 6.15902
      vertex 6.96159 0.830401 6.34564
      vertex 6.96032 0.881481 6.35594
    endloop
  endfacet
  facet normal -0.240158 -0.197514 0.950428
    outer loop
      vertex 6.96159 0.830401 6.34564
      vertex 6.23733 0.813025 6.15902
      vertex 6.26412 0.598126 6.12113
    endloop
  endfacet
  facet normal -0.157402 -0.243304 0.957093
    outer loop
      vertex 4.88075 2.12507 6.18404
      vertex 4.80194 2.29151 6.21339
      vertex 4.00148 1.769 5.94892
    endloop
  endfacet
  facet normal -0.188455 -0.256408 0.948019
    outer loop
      vertex 4.88075 2.12507 6.18404
      vertex 5.75408 2.4727 6.45167
      vertex 4.80194 2.29151 6.21339
    endloop
  endfacet
  facet normal -0.15738 -0.243335 0.957089
    outer loop
      vertex 4.00148 1.769 5.94892
      vertex 4.80194 2.29151 6.21339
      vertex 3.93687 1.90546 5.97299
    endloop
  endfacet
  facet normal -0.126134 -0.229936 0.964997
    outer loop
      vertex 4.00148 1.769 5.94892
      vertex 3.93687 1.90546 5.97299
      vertex 3.06699 1.51126 5.76536
    endloop
  endfacet
  facet normal -0.225883 -0.253878 0.940491
    outer loop
      vertex 5.91878 2.07127 6.38089
      vertex 6.71924 2.58219 6.71106
      vertex 5.83999 2.2734 6.41653
    endloop
  endfacet
  facet normal -0.225874 -0.253891 0.940489
    outer loop
      vertex 6.80989 2.34963 6.67005
      vertex 6.71924 2.58219 6.71106
      vertex 5.91878 2.07127 6.38089
    endloop
  endfacet
  facet normal -0.166082 -0.221017 0.961025
    outer loop
      vertex 4.21048 1.20349 5.84921
      vertex 5.08116 1.61092 6.09338
      vertex 4.16578 1.34748 5.8746
    endloop
  endfacet
  facet normal -0.166077 -0.221027 0.961023
    outer loop
      vertex 5.13569 1.43529 6.06241
      vertex 5.08116 1.61092 6.09338
      vertex 4.21048 1.20349 5.84921
    endloop
  endfacet
  facet normal -0.239003 -0.131323 0.962098
    outer loop
      vertex 6.23733 -0.913539 5.85458
      vertex 6.95878 -1.09414 6.00915
      vertex 6.96032 -1.04522 6.01621
    endloop
  endfacet
  facet normal -0.238973 -0.131184 0.962124
    outer loop
      vertex 6.95878 -1.09414 6.00915
      vertex 6.23733 -0.913539 5.85458
      vertex 6.20294 -1.12739 5.81688
    endloop
  endfacet
  facet normal -0.241918 -0.164322 0.956281
    outer loop
      vertex 6.29479 -0.266736 5.96863
      vertex 6.97334 -0.257648 6.14185
      vertex 6.29863 -0.0502567 6.0068
    endloop
  endfacet
  facet normal -0.241921 -0.164279 0.956288
    outer loop
      vertex 6.97334 -0.257648 6.14185
      vertex 6.29479 -0.266736 5.96863
      vertex 6.97313 -0.31945 6.13118
    endloop
  endfacet
  facet normal -0.0438993 -0.226627 0.972992
    outer loop
      vertex 0.941945 1.17321 5.53279
      vertex 1.56863 1.89688 5.72962
      vertex 0.902194 1.20491 5.53838
    endloop
  endfacet
  facet normal -0.0789279 -0.240213 0.967506
    outer loop
      vertex 1.86942 1.60066 5.67739
      vertex 2.61401 2.1982 5.88649
      vertex 1.81354 1.66397 5.68855
    endloop
  endfacet
  facet normal -0.147035 -0.314665 0.937745
    outer loop
      vertex 3.84318 3.63996 6.45115
      vertex 4.37539 4.41176 6.79358
      vertex 3.71132 3.76982 6.47405
    endloop
  endfacet
  facet normal -0.12282 -0.29193 0.948521
    outer loop
      vertex 3.15083 3.01099 6.16792
      vertex 3.84318 3.63996 6.45115
      vertex 3.04272 3.11746 6.18669
    endloop
  endfacet
  facet normal -0.151896 -0.0880799 0.984464
    outer loop
      vertex 4.62687 -2.64571 5.34282
      vertex 3.86746 -2.01062 5.28247
      vertex 3.79333 -2.14231 5.25925
    endloop
  endfacet
  facet normal -0.151895 -0.0880788 0.984464
    outer loop
      vertex 4.62687 -2.64571 5.34282
      vertex 4.71728 -2.48509 5.37114
      vertex 3.86746 -2.01062 5.28247
    endloop
  endfacet
  facet normal -0.124031 -0.109742 0.986191
    outer loop
      vertex 3.93687 -1.87647 5.30613
      vertex 3.06699 -1.43503 5.24585
      vertex 3.01292 -1.53954 5.22742
    endloop
  endfacet
  facet normal -0.126154 -0.114017 0.985437
    outer loop
      vertex 3.93687 -1.87647 5.30613
      vertex 4.00148 -1.74001 5.33019
      vertex 3.11733 -1.32872 5.26459
    endloop
  endfacet
  facet normal -0.09316 -0.125971 0.98765
    outer loop
      vertex 3.01292 -1.53954 5.22742
      vertex 3.06699 -1.43503 5.24585
      vertex 2.19338 -0.997673 5.21923
    endloop
  endfacet
  facet normal -0.154763 -0.0933891 0.983528
    outer loop
      vertex 4.80194 -2.32146 5.4
      vertex 3.93687 -1.87647 5.30613
      vertex 3.86746 -2.01062 5.28247
    endloop
  endfacet
  facet normal -0.0400654 -0.11698 0.992326
    outer loop
      vertex 1.36463 -1.93656 5.05368
      vertex 1.43441 -1.88844 5.06217
      vertex 0.819445 -1.12872 5.1269
    endloop
  endfacet
  facet normal -0.0457313 -0.121331 0.991558
    outer loop
      vertex 1.56863 -1.78517 5.08038
      vertex 1.63292 -1.73013 5.09008
      vertex 0.980548 -1.00477 5.14875
    endloop
  endfacet
  facet normal -0.114035 -0.0933496 0.989081
    outer loop
      vertex 3.54363 -2.52098 5.19248
      vertex 3.63132 -2.39765 5.21423
      vertex 2.76064 -1.93713 5.15731
    endloop
  endfacet
  facet normal -0.142282 -0.0729223 0.987136
    outer loop
      vertex 4.3223 -3.10759 5.26138
      vertex 3.63132 -2.39765 5.21423
      vertex 3.54363 -2.52098 5.19248
    endloop
  endfacet
  facet normal -0.0841966 -0.0214211 0.996219
    outer loop
      vertex 2.50822 -4.66059 4.98754
      vertex 2.67133 -4.57155 5.00324
      vertex 2.05636 -3.7942 4.96798
    endloop
  endfacet
  facet normal -0.0696729 -0.176809 0.981776
    outer loop
      vertex 1.46451 0.11806 5.34674
      vertex 2.43442 0.223502 5.43456
      vertex 1.46184 0.168365 5.35561
    endloop
  endfacet
  facet normal -0.069754 -0.172001 0.982624
    outer loop
      vertex 2.43887 -0.0280151 5.39021
      vertex 1.46541 0.0676956 5.33786
      vertex 1.46451 0.0173302 5.32898
    endloop
  endfacet
  facet normal -0.062193 -0.204344 0.976921
    outer loop
      vertex 1.3171 0.700328 5.44941
      vertex 2.19338 1.10939 5.59076
      vertex 1.29388 0.745211 5.45732
    endloop
  endfacet
  facet normal 1.9782e-05 -0.168776 0.985654
    outer loop
      vertex 0 0.554862 5.38912
      vertex -0.0170536 0.554568 5.38907
      vertex -0.0340872 0.55369 5.38892
    endloop
  endfacet
  facet normal -0.064178 -0.146282 0.987159
    outer loop
      vertex 2.22938 -0.921647 5.23264
      vertex 1.3587 -0.472915 5.24253
      vertex 1.33872 -0.519283 5.23436
    endloop
  endfacet
  facet normal -0.0632522 -0.144234 0.98752
    outer loop
      vertex 2.19338 -0.997673 5.21923
      vertex 2.22938 -0.921647 5.23264
      vertex 1.33872 -0.519283 5.23436
    endloop
  endfacet
  facet normal -0.0632599 -0.202199 0.977299
    outer loop
      vertex 2.22938 1.03336 5.57736
      vertex 2.19338 1.10939 5.59076
      vertex 1.33872 0.654675 5.44136
    endloop
  endfacet
  facet normal -0.0337287 -0.18239 0.982648
    outer loop
      vertex 0.474152 0.190042 5.3248
      vertex 1.40864 0.46548 5.408
      vertex 0.469737 0.206267 5.32766
    endloop
  endfacet
  facet normal -0.0585493 -0.135854 0.988997
    outer loop
      vertex 2.02315 -1.28804 5.16803
      vertex 2.06954 -1.21769 5.18044
      vertex 1.24273 -0.697053 5.20301
    endloop
  endfacet
  facet normal -0.0896173 -0.119693 0.988758
    outer loop
      vertex 2.95517 -1.64213 5.20933
      vertex 2.11341 -1.14579 5.19312
      vertex 2.06954 -1.21769 5.18044
    endloop
  endfacet
  facet normal -0.0441749 -0.0793791 0.995865
    outer loop
      vertex 1.49587 -2.98228 4.97303
      vertex 1.06978 -2.1042 5.02412
      vertex 0.992583 -2.13965 5.01787
    endloop
  endfacet
  facet normal 0.0261483 -0.150759 0.988225
    outer loop
      vertex -0.363151 -0.248395 5.24749
      vertex -0.37434 -0.235718 5.24972
      vertex -1.12257 -0.859939 5.17429
    endloop
  endfacet
  facet normal -0.162128 -0.109687 0.980655
    outer loop
      vertex 5.02045 -1.81451 5.48938
      vertex 4.11601 -1.46085 5.37941
      vertex 4.06122 -1.60141 5.35463
    endloop
  endfacet
  facet normal -0.129956 -0.12284 0.983881
    outer loop
      vertex 4.06122 -1.60141 5.35463
      vertex 3.20655 -1.11124 5.30294
      vertex 3.16387 -1.22075 5.28363
    endloop
  endfacet
  facet normal 0.0180781 -0.106864 0.994109
    outer loop
      vertex -0.590376 -2.27604 4.99382
      vertex -0.40392 -1.31954 5.09325
      vertex -0.672654 -2.25433 4.99765
    endloop
  endfacet
  facet normal -0.00420727 -0.13942 0.990224
    outer loop
      vertex 0.203945 -1.3614 5.08587
      vertex 0.0680084 -0.402941 5.22024
      vertex 0.0510788 -0.404987 5.21988
    endloop
  endfacet
  facet normal 0.00106365 -0.170757 0.985313
    outer loop
      vertex -0.151006 -0.38407 5.22357
      vertex -0.118218 -0.393329 5.22193
      vertex -0.198758 -0.366018 5.22675
    endloop
  endfacet
  facet normal -0.00597598 -0.104765 0.994479
    outer loop
      vertex 0.170231 -2.34157 4.98227
      vertex 0.255087 -2.33426 4.98355
      vertex 0.102221 -1.37193 5.08401
    endloop
  endfacet
  facet normal 0.0856788 -0.113695 0.989814
    outer loop
      vertex -2.76064 -1.93713 5.15731
      vertex -2.02315 -1.28804 5.16803
      vertex -2.82896 -1.84105 5.17426
    endloop
  endfacet
  facet normal -0.00509745 -0.207546 0.978212
    outer loop
      vertex 0.084856 0.54755 5.38783
      vertex 0.203945 1.49679 5.58985
      vertex 0.0680084 0.550179 5.3883
    endloop
  endfacet
  facet normal 0.00183497 -0.169536 0.985522
    outer loop
      vertex -0.214217 -0.358919 5.228
      vertex -0.198758 -0.366018 5.22675
      vertex -0.229415 -0.351294 5.22934
    endloop
  endfacet
  facet normal 0.0294741 -0.110955 0.993388
    outer loop
      vertex -0.992583 -2.13965 5.01787
      vertex -0.642391 -1.22939 5.10915
      vertex -1.06978 -2.1042 5.02412
    endloop
  endfacet
  facet normal 0.000512232 -0.139174 0.990268
    outer loop
      vertex 0 -1.37545 5.08339
      vertex 0 -0.407624 5.21941
      vertex -0.0170536 -0.407331 5.21946
    endloop
  endfacet
  facet normal -0.017126 -0.143588 0.989489
    outer loop
      vertex 0.732703 -1.1821 5.11749
      vertex 0.244333 -0.34315 5.23078
      vertex 0.229415 -0.351294 5.22934
    endloop
  endfacet
  facet normal -0.00300924 -0.171786 0.98513
    outer loop
      vertex 0.405123 -0.195489 5.25682
      vertex 0.431467 -0.15231 5.26443
      vertex 0.385075 -0.222664 5.25202
    endloop
  endfacet
  facet normal -0.0609438 -0.13977 0.988307
    outer loop
      vertex 2.15471 -1.07242 5.20605
      vertex 1.29388 -0.609818 5.21839
      vertex 1.26908 -0.653875 5.21063
    endloop
  endfacet
  facet normal -0.0246734 -0.149234 0.988494
    outer loop
      vertex 1.01796 -0.970414 5.15481
      vertex 1.05412 -0.934795 5.16109
      vertex 0.339457 -0.272558 5.24323
    endloop
  endfacet
  facet normal -0.0788983 -0.105147 0.991322
    outer loop
      vertex 2.53586 -2.2105 5.10911
      vertex 2.61401 -2.12197 5.12472
      vertex 1.81354 -1.55225 5.12144
    endloop
  endfacet
  facet normal 0.12461 0.0357637 0.991561
    outer loop
      vertex -3.62347 -6.272 5.14983
      vertex -3.14931 -5.42216 5.05959
      vertex -3.84029 -6.14369 5.17245
    endloop
  endfacet
  facet normal 0.145594 0.021818 0.989104
    outer loop
      vertex -4.25964 -5.86514 5.22157
      vertex -3.70224 -5.06854 5.12195
      vertex -4.46166 -5.71522 5.248
    endloop
  endfacet
  facet normal 0.0945532 0.0508401 0.994221
    outer loop
      vertex -2.67489 -6.44992 5.05585
      vertex -2.56188 -5.71692 5.00762
      vertex -2.87257 -6.43721 5.074
    endloop
  endfacet
  facet normal 0.0945542 0.050841 0.994221
    outer loop
      vertex -2.56188 -5.71692 5.00762
      vertex -2.61498 -6.45377 5.05035
      vertex -2.35951 -5.80152 4.9927
    endloop
  endfacet
  facet normal 0.0945412 0.050842 0.994222
    outer loop
      vertex -2.61498 -6.45377 5.05035
      vertex -2.56188 -5.71692 5.00762
      vertex -2.67489 -6.44992 5.05585
    endloop
  endfacet
  facet normal 0.201618 0.0182393 0.979294
    outer loop
      vertex -5.72959 -5.57602 5.48165
      vertex -5.21301 -5.04898 5.36548
      vertex -5.87856 -5.4187 5.50939
    endloop
  endfacet
  facet normal 0.245606 -0.0436253 0.968388
    outer loop
      vertex -6.78157 -3.66395 5.73597
      vertex -6.39866 -3.44186 5.64886
      vertex -6.7947 -3.53698 5.74502
    endloop
  endfacet
  facet normal 0.142002 0.0657783 0.987678
    outer loop
      vertex -3.89452 -6.35305 5.19419
      vertex -3.84029 -6.14369 5.17245
      vertex -3.96178 -6.34659 5.20343
    endloop
  endfacet
  facet normal 0.182633 -0.0121896 0.983106
    outer loop
      vertex -5.38552 -4.86679 5.3976
      vertex -4.82503 -4.03743 5.30376
      vertex -5.55147 -4.67878 5.43076
    endloop
  endfacet
  facet normal 0.185285 -0.0769017 0.979671
    outer loop
      vertex -5.56136 -2.96236 5.49332
      vertex -4.80194 -2.32146 5.4
      vertex -5.66117 -2.76945 5.52734
    endloop
  endfacet
  facet normal 0.147049 -0.0250573 0.988812
    outer loop
      vertex -3.71132 -3.79977 5.13933
      vertex -3.84318 -3.66991 5.16223
      vertex -4.37539 -4.51228 5.22003
    endloop
  endfacet
  facet normal 0.122797 -0.0500484 0.991169
    outer loop
      vertex -3.04272 -3.08846 5.09242
      vertex -3.15083 -2.98199 5.11119
      vertex -3.84318 -3.66991 5.16223
    endloop
  endfacet
  facet normal -0.0203399 -0.10751 0.993996
    outer loop
      vertex 0.672654 -2.25433 4.99765
      vertex 0.754112 -2.2298 5.00197
      vertex 0.452835 -1.30482 5.09585
    endloop
  endfacet
  facet normal -0.0498554 -0.0439697 0.997788
    outer loop
      vertex 1.4981 -4.03898 4.92482
      vertex 1.64084 -3.98502 4.93433
      vertex 1.16709 -3.11972 4.94879
    endloop
  endfacet
  facet normal -0.0227627 -0.108279 0.99386
    outer loop
      vertex 0.754112 -2.2298 5.00197
      vertex 0.834652 -2.20249 5.00679
      vertex 0.501198 -1.28841 5.09874
    endloop
  endfacet
  facet normal -0.030513 -0.0742171 0.996775
    outer loop
      vertex 1.05447 -3.15791 4.94206
      vertex 0.754112 -2.2298 5.00197
      vertex 0.672654 -2.25433 4.99765
    endloop
  endfacet
  facet normal -0.0408433 -0.0779188 0.996123
    outer loop
      vertex 1.27829 -3.07768 4.95621
      vertex 1.38792 -3.03185 4.96429
      vertex 0.992583 -2.13965 5.01787
    endloop
  endfacet
  facet normal -0.0506722 -0.0826444 0.99529
    outer loop
      vertex 1.602 -2.92903 4.98242
      vertex 1.22018 -2.02545 5.03801
      vertex 1.14568 -2.06612 5.03084
    endloop
  endfacet
  facet normal 0.214226 0.00395319 0.976776
    outer loop
      vertex -5.71066 -4.48519 5.46489
      vertex -6.23906 -5.00197 5.58287
      vertex -5.55147 -4.67878 5.43076
    endloop
  endfacet
  facet normal 0.214227 0.00395194 0.976776
    outer loop
      vertex -6.23906 -5.00197 5.58287
      vertex -5.71066 -4.48519 5.46489
      vertex -6.27656 -4.95636 5.59091
    endloop
  endfacet
  facet normal 0.201612 0.0182507 0.979295
    outer loop
      vertex -5.38552 -4.86679 5.3976
      vertex -5.87856 -5.4187 5.50939
      vertex -5.21301 -5.04898 5.36548
    endloop
  endfacet
  facet normal 0.201649 0.0182157 0.979288
    outer loop
      vertex -5.87856 -5.4187 5.50939
      vertex -5.38552 -4.86679 5.3976
      vertex -5.9192 -5.37578 5.51696
    endloop
  endfacet
  facet normal 0.214243 0.00391571 0.976773
    outer loop
      vertex -6.1016 -5.16914 5.55339
      vertex -5.55147 -4.67878 5.43076
      vertex -6.23906 -5.00197 5.58287
    endloop
  endfacet
  facet normal 0.158719 0.0113599 0.987258
    outer loop
      vertex -4.65824 -5.55845 5.27565
      vertex -4.21461 -4.65994 5.19399
      vertex -4.84914 -5.39502 5.30446
    endloop
  endfacet
  facet normal 0.141968 0.0657795 0.987683
    outer loop
      vertex -3.84029 -6.14369 5.17245
      vertex -3.6798 -6.3737 5.1647
      vertex -3.62347 -6.272 5.14983
    endloop
  endfacet
  facet normal 0.141977 0.0657853 0.987682
    outer loop
      vertex -3.6798 -6.3737 5.1647
      vertex -3.84029 -6.14369 5.17245
      vertex -3.89452 -6.35305 5.19419
    endloop
  endfacet
  facet normal 0.170483 -0.203634 0.96409
    outer loop
      vertex -4.31362 0.76355 5.77164
      vertex -4.28445 0.91135 5.7977
      vertex -5.2259 1.07895 5.99958
    endloop
  endfacet
  facet normal 0.133115 -0.21204 0.968153
    outer loop
      vertex -3.24533 1.07657 5.68871
      vertex -4.16578 1.34748 5.8746
      vertex -4.21048 1.20349 5.84921
    endloop
  endfacet
  facet normal 0.0679587 -0.188778 0.979665
    outer loop
      vertex -1.43338 0.367742 5.39076
      vertex -1.42188 0.416823 5.39942
      vertex -2.38703 0.555529 5.4931
    endloop
  endfacet
  facet normal 0.134472 -0.20738 0.968974
    outer loop
      vertex -3.31098 0.851096 5.64896
      vertex -3.28015 0.964396 5.66893
      vertex -4.21048 1.20349 5.84921
    endloop
  endfacet
  facet normal 0.138995 -0.179174 0.973949
    outer loop
      vertex -3.41026 0.155397 5.52628
      vertex -3.40403 0.272533 5.54694
      vertex -4.36949 0.315401 5.69261
    endloop
  endfacet
  facet normal 0.173018 -0.185925 0.967211
    outer loop
      vertex -4.36949 0.315401 5.69261
      vertex -5.31338 0.535003 5.90367
      vertex -5.32964 0.35205 5.87141
    endloop
  endfacet
  facet normal 0.172386 -0.150163 0.973516
    outer loop
      vertex -5.29066 -0.747229 5.67758
      vertex -4.33754 -0.585841 5.5337
      vertex -5.31338 -0.564946 5.70972
    endloop
  endfacet
  facet normal 0.167759 -0.126753 0.977645
    outer loop
      vertex -5.13569 -1.46523 5.55097
      vertex -4.25006 -1.02906 5.45555
      vertex -5.18395 -1.28784 5.58225
    endloop
  endfacet
  facet normal 0.170333 -0.0523849 0.983993
    outer loop
      vertex -5.0957 -3.69625 5.36392
      vertex -4.3223 -3.10759 5.26138
      vertex -5.2218 -3.5189 5.39519
    endloop
  endfacet
  facet normal 0.0788983 -0.105147 0.991322
    outer loop
      vertex -2.53586 -2.2105 5.10911
      vertex -1.81354 -1.55225 5.12144
      vertex -2.61401 -2.12197 5.12472
    endloop
  endfacet
  facet normal 0.172386 -0.150162 0.973517
    outer loop
      vertex -4.33754 -0.585841 5.5337
      vertex -4.35617 -0.436398 5.56005
      vertex -5.31338 -0.564946 5.70972
    endloop
  endfacet
  facet normal 0.0999645 -0.142532 0.984729
    outer loop
      vertex -2.32092 -0.686798 5.27405
      vertex -2.34583 -0.606578 5.28819
      vertex -3.28015 -0.888162 5.34228
    endloop
  endfacet
  facet normal 0.245623 -0.0436792 0.968381
    outer loop
      vertex -6.811 -3.37928 5.75627
      vertex -6.39866 -3.44186 5.64886
      vertex -6.5135 -3.2199 5.688
    endloop
  endfacet
  facet normal 0.245621 -0.0436947 0.968381
    outer loop
      vertex -6.39866 -3.44186 5.64886
      vertex -6.811 -3.37928 5.75627
      vertex -6.7947 -3.53698 5.74502
    endloop
  endfacet
  facet normal 0.219289 -0.0677907 0.973302
    outer loop
      vertex -6.5135 -3.2199 5.688
      vertex -5.66117 -2.76945 5.52734
      vertex -6.6204 -2.99413 5.72781
    endloop
  endfacet
  facet normal 0.260814 -0.0784662 0.962195
    outer loop
      vertex -6.90275 -2.30063 5.85331
      vertex -6.80989 -2.53226 5.80925
      vertex -6.89224 -2.29672 5.85078
    endloop
  endfacet
  facet normal 0.260622 -0.0785516 0.96224
    outer loop
      vertex -6.80989 -2.53226 5.80925
      vertex -6.90275 -2.30063 5.85331
      vertex -6.88514 -2.53975 5.82902
    endloop
  endfacet
  facet normal -0.107128 0.00566612 0.994229
    outer loop
      vertex 3.14931 -5.42216 5.05959
      vertex 3.33776 -5.31065 5.07926
      vertex 2.67133 -4.57155 5.00324
    endloop
  endfacet
  facet normal -0.107113 0.00567965 0.994231
    outer loop
      vertex 3.33776 -5.31065 5.07926
      vertex 2.83117 -4.47696 5.01992
      vertex 2.67133 -4.57155 5.00324
    endloop
  endfacet
  facet normal -0.124641 0.0357335 0.991558
    outer loop
      vertex 3.84029 -6.14369 5.17245
      vertex 3.33776 -5.31065 5.07926
      vertex 3.14931 -5.42216 5.05959
    endloop
  endfacet
  facet normal -0.0544277 -0.0457945 0.997467
    outer loop
      vertex 1.64084 -3.98502 4.93433
      vertex 1.78157 -3.92619 4.94471
      vertex 1.38792 -3.03185 4.96429
    endloop
  endfacet
  facet normal -0.0449429 -0.00579358 0.998973
    outer loop
      vertex 1.47263 -5.07264 4.91489
      vertex 1.20734 -4.13202 4.90841
      vertex 1.05966 -4.17099 4.90154
    endloop
  endfacet
  facet normal -0.0507892 -0.00744446 0.998682
    outer loop
      vertex 1.47263 -5.07264 4.91489
      vertex 1.65097 -5.01894 4.92436
      vertex 1.20734 -4.13202 4.90841
    endloop
  endfacet
  facet normal 0.0461662 0.0654121 0.99679
    outer loop
      vertex -1.28925 -6.51554 4.96213
      vertex -1.30956 -6.11765 4.93696
      vertex -1.39109 -6.51239 4.96664
    endloop
  endfacet
  facet normal 0.00911732 -0.000211172 0.999958
    outer loop
      vertex -0.186456 -5.27325 4.87951
      vertex -0.152865 -4.29649 4.87941
      vertex -0.372684 -5.26364 4.88121
    endloop
  endfacet
  facet normal -0.00360079 0.0349005 0.999384
    outer loop
      vertex 0.219818 -6.24942 4.91372
      vertex 0.186456 -5.27325 4.87951
      vertex 0 -6.2532 4.91306
    endloop
  endfacet
  facet normal 0.00419499 0.069775 0.997554
    outer loop
      vertex -0.219818 -6.24942 4.91372
      vertex -0.0736514 -6.53585 4.93314
      vertex 0 -6.2532 4.91306
    endloop
  endfacet
  facet normal 0.00416459 0.0697596 0.997555
    outer loop
      vertex -0.0736514 -6.53585 4.93314
      vertex -0.219818 -6.24942 4.91372
      vertex -0.229532 -6.53541 4.93376
    endloop
  endfacet
  facet normal -0.142246 -0.0728871 0.987144
    outer loop
      vertex 4.3223 -3.10759 5.26138
      vertex 4.42926 -2.95716 5.2879
      vertex 3.63132 -2.39765 5.21423
    endloop
  endfacet
  facet normal -0.145653 -0.0778615 0.986267
    outer loop
      vertex 4.42926 -2.95716 5.2879
      vertex 4.53083 -2.80313 5.31506
      vertex 3.63132 -2.39765 5.21423
    endloop
  endfacet
  facet normal -0.174404 -0.0583224 0.982945
    outer loop
      vertex 5.2218 -3.5189 5.39519
      vertex 5.34154 -3.33731 5.42721
      vertex 4.42926 -2.95716 5.2879
    endloop
  endfacet
  facet normal -0.202923 -0.0387206 0.978429
    outer loop
      vertex 6.00798 -4.08218 5.53595
      vertex 5.34154 -3.33731 5.42721
      vertex 5.2218 -3.5189 5.39519
    endloop
  endfacet
  facet normal -0.0407459 -0.0408811 0.998333
    outer loop
      vertex 1.20734 -4.13202 4.90841
      vertex 1.35355 -4.088 4.91618
      vertex 1.05447 -3.15791 4.94206
    endloop
  endfacet
  facet normal -0.0565302 -0.00928714 0.998358
    outer loop
      vertex 1.65097 -5.01894 4.92436
      vertex 1.82729 -4.95915 4.9349
      vertex 1.4981 -4.03898 4.92482
    endloop
  endfacet
  facet normal -0.070704 0.0593939 0.995728
    outer loop
      vertex 1.86996 -6.49351 4.9936
      vertex 2.01154 -6.48675 5.00325
      vertex 1.73614 -6.0129 4.95543
    endloop
  endfacet
  facet normal -0.0538126 0.0279545 0.99816
    outer loop
      vertex 1.52378 -6.06894 4.94555
      vertex 1.47263 -5.07264 4.91489
      vertex 1.2925 -5.12017 4.90651
    endloop
  endfacet
  facet normal -0.0390548 -0.00434834 0.999228
    outer loop
      vertex 1.2925 -5.12017 4.90651
      vertex 1.05966 -4.17099 4.90154
      vertex 0.910687 -4.20486 4.89557
    endloop
  endfacet
  facet normal -0.0217279 -0.0365671 0.999095
    outer loop
      vertex 0.609601 -4.25714 4.88635
      vertex 0.592546 -3.27133 4.92206
      vertex 0.474906 -3.28968 4.91883
    endloop
  endfacet
  facet normal -0.0331651 -0.00312433 0.999445
    outer loop
      vertex 1.1108 -5.16148 4.89922
      vertex 0.910687 -4.20486 4.89557
      vertex 0.760607 -4.23359 4.8905
    endloop
  endfacet
  facet normal -0.0271488 -0.00207336 0.999629
    outer loop
      vertex 0.743553 -5.22525 4.88798
      vertex 0.760607 -4.23359 4.8905
      vertex 0.609601 -4.25714 4.88635
    endloop
  endfacet
  facet normal 0.00726373 -0.0350699 0.999358
    outer loop
      vertex -0.152865 -4.29649 4.87941
      vertex -0.119088 -3.32034 4.91342
      vertex -0.238032 -3.3142 4.9145
    endloop
  endfacet
  facet normal -0.00300336 -9.07418e-07 0.999995
    outer loop
      vertex 0.186456 -5.27325 4.87951
      vertex 0.152865 -4.29649 4.87941
      vertex 0 -5.27646 4.87895
    endloop
  endfacet
  facet normal -0.0181351 0.0341473 0.999252
    outer loop
      vertex 0.43937 -6.23809 4.91572
      vertex 0.658385 -6.21922 4.91905
      vertex 0.372684 -5.26364 4.88121
    endloop
  endfacet
  facet normal -0.0253308 0.0334071 0.999121
    outer loop
      vertex 0.658385 -6.21922 4.91905
      vertex 0.876599 -6.19283 4.9237
      vertex 0.558458 -5.24763 4.88403
    endloop
  endfacet
  facet normal -0.0271383 -0.00207354 0.99963
    outer loop
      vertex 0.927741 -5.19652 4.89304
      vertex 0.760607 -4.23359 4.8905
      vertex 0.743553 -5.22525 4.88798
    endloop
  endfacet
  facet normal -0.0324982 0.0324093 0.998946
    outer loop
      vertex 0.876599 -6.19283 4.9237
      vertex 0.927741 -5.19652 4.89304
      vertex 0.743553 -5.22525 4.88798
    endloop
  endfacet
  facet normal -0.0132244 -0.105762 0.994304
    outer loop
      vertex 0.50738 -2.29491 4.99049
      vertex 0.304675 -1.34391 5.08895
      vertex 0.254465 -1.35352 5.08726
    endloop
  endfacet
  facet normal -0.0360162 -0.0395508 0.998568
    outer loop
      vertex 1.05966 -4.17099 4.90154
      vertex 1.20734 -4.13202 4.90841
      vertex 0.82552 -3.22256 4.93066
    endloop
  endfacet
  facet normal -0.0121083 -0.0353896 0.9993
    outer loop
      vertex 0.457851 -4.27549 4.88312
      vertex 0.356687 -3.30397 4.9163
      vertex 0.238032 -3.3142 4.9145
    endloop
  endfacet
  facet normal -0.0151761 -0.000634604 0.999885
    outer loop
      vertex 0.558458 -5.24763 4.88403
      vertex 0.457851 -4.27549 4.88312
      vertex 0.305545 -4.28861 4.8808
    endloop
  endfacet
  facet normal -0.00420349 -0.139419 0.990224
    outer loop
      vertex 0.153176 -1.36754 5.08479
      vertex 0.203945 -1.3614 5.08587
      vertex 0.0510788 -0.404987 5.21988
    endloop
  endfacet
  facet normal -0.0234943 -0.0723719 0.997101
    outer loop
      vertex 0.709465 -3.24895 4.92601
      vertex 0.82552 -3.22256 4.93066
      vertex 0.590376 -2.27604 4.99382
    endloop
  endfacet
  facet normal 0.0271488 -0.00207336 0.999629
    outer loop
      vertex -0.743553 -5.22525 4.88798
      vertex -0.609601 -4.25714 4.88635
      vertex -0.760607 -4.23359 4.8905
    endloop
  endfacet
  facet normal 0.0788381 -0.0186152 0.996714
    outer loop
      vertex -2.34206 -4.74396 4.97284
      vertex -2.05636 -3.7942 4.96798
      vertex -2.50822 -4.66059 4.98754
    endloop
  endfacet
  facet normal 0.0180736 -0.106863 0.994109
    outer loop
      vertex -0.354513 -1.33258 5.09095
      vertex -0.40392 -1.31954 5.09325
      vertex -0.590376 -2.27604 4.99382
    endloop
  endfacet
  facet normal 0.0169285 -0.0358885 0.999212
    outer loop
      vertex -0.457851 -4.27549 4.88312
      vertex -0.356687 -3.30397 4.9163
      vertex -0.609601 -4.25714 4.88635
    endloop
  endfacet
  facet normal 0.0622145 -0.011324 0.997999
    outer loop
      vertex -1.82729 -4.95915 4.9349
      vertex -1.64084 -3.98502 4.93433
      vertex -2.00139 -4.89334 4.9465
    endloop
  endfacet
  facet normal 0.0113048 -0.141024 0.989942
    outer loop
      vertex -0.452835 -1.30482 5.09585
      vertex -0.151006 -0.38407 5.22357
      vertex -0.501198 -1.28841 5.09874
    endloop
  endfacet
  facet normal 0.0498554 -0.0439697 0.997788
    outer loop
      vertex -1.4981 -4.03898 4.92482
      vertex -1.16709 -3.11972 4.94879
      vertex -1.64084 -3.98502 4.93433
    endloop
  endfacet
  facet normal 0.081264 0.0186447 0.996518
    outer loop
      vertex -2.35951 -5.80152 4.9927
      vertex -2.17305 -4.82158 4.95916
      vertex -2.56188 -5.71692 5.00762
    endloop
  endfacet
  facet normal -0.165021 0.00576884 0.986273
    outer loop
      vertex 4.84914 -5.39502 5.30446
      vertex 5.03414 -5.22512 5.33442
      vertex 4.37539 -4.51228 5.22003
    endloop
  endfacet
  facet normal -0.171086 6.64691e-07 0.985256
    outer loop
      vertex 5.03414 -5.22512 5.33442
      vertex 5.21301 -5.04898 5.36548
      vertex 4.37539 -4.51228 5.22003
    endloop
  endfacet
  facet normal -0.178234 -0.0643693 0.98188
    outer loop
      vertex 5.34154 -3.33731 5.42721
      vertex 5.45477 -3.15173 5.45993
      vertex 4.62687 -2.64571 5.34282
    endloop
  endfacet
  facet normal -0.181866 -0.0705606 0.980788
    outer loop
      vertex 5.56136 -2.96236 5.49332
      vertex 4.71728 -2.48509 5.37114
      vertex 4.62687 -2.64571 5.34282
    endloop
  endfacet
  facet normal -0.133648 0.07051 0.988517
    outer loop
      vertex 3.62347 -6.272 5.14983
      vertex 3.40745 -6.39826 5.12963
      vertex 3.6798 -6.3737 5.1647
    endloop
  endfacet
  facet normal -0.133822 0.0708143 0.988472
    outer loop
      vertex 3.40745 -6.39826 5.12963
      vertex 3.62347 -6.272 5.14983
      vertex 3.40223 -6.39277 5.12853
    endloop
  endfacet
  facet normal -0.158127 0.0554586 0.98586
    outer loop
      vertex 4.40441 -6.30048 5.26928
      vertex 4.55093 -6.28464 5.29189
      vertex 4.25964 -5.86514 5.22157
    endloop
  endfacet
  facet normal -0.194932 0.0250559 0.980497
    outer loop
      vertex 5.03414 -5.22512 5.33442
      vertex 5.57514 -5.72812 5.45483
      vertex 5.21301 -5.04898 5.36548
    endloop
  endfacet
  facet normal -0.194961 0.0250236 0.980492
    outer loop
      vertex 5.57514 -5.72812 5.45483
      vertex 5.03414 -5.22512 5.33442
      vertex 5.533 -5.76962 5.44751
    endloop
  endfacet
  facet normal -0.208087 0.0111694 0.978047
    outer loop
      vertex 5.38552 -4.86679 5.3976
      vertex 5.9583 -5.33148 5.52477
      vertex 5.55147 -4.67878 5.43076
    endloop
  endfacet
  facet normal -0.208058 0.0112068 0.978052
    outer loop
      vertex 5.9583 -5.33148 5.52477
      vertex 5.38552 -4.86679 5.3976
      vertex 5.9192 -5.37578 5.51696
    endloop
  endfacet
  facet normal -0.201649 0.0182157 0.979288
    outer loop
      vertex 5.38552 -4.86679 5.3976
      vertex 5.87856 -5.4187 5.50939
      vertex 5.9192 -5.37578 5.51696
    endloop
  endfacet
  facet normal -0.201612 0.0182507 0.979295
    outer loop
      vertex 5.87856 -5.4187 5.50939
      vertex 5.38552 -4.86679 5.3976
      vertex 5.21301 -5.04898 5.36548
    endloop
  endfacet
  facet normal -0.182633 -0.0121896 0.983106
    outer loop
      vertex 5.38552 -4.86679 5.3976
      vertex 5.55147 -4.67878 5.43076
      vertex 4.82503 -4.03743 5.30376
    endloop
  endfacet
  facet normal -0.18259 -0.0121591 0.983114
    outer loop
      vertex 5.38552 -4.86679 5.3976
      vertex 4.82503 -4.03743 5.30376
      vertex 4.68079 -4.20083 5.27495
    endloop
  endfacet
  facet normal -0.193232 -0.0250909 0.980832
    outer loop
      vertex 5.71066 -4.48519 5.46489
      vertex 5.86289 -4.28624 5.49997
      vertex 4.96339 -3.86917 5.33343
    endloop
  endfacet
  facet normal -0.22017 -0.00353067 0.975455
    outer loop
      vertex 5.71066 -4.48519 5.46489
      vertex 6.31243 -4.90949 5.59918
      vertex 5.86289 -4.28624 5.49997
    endloop
  endfacet
  facet normal -0.220208 -0.00358634 0.975446
    outer loop
      vertex 6.31243 -4.90949 5.59918
      vertex 5.71066 -4.48519 5.46489
      vertex 6.27656 -4.95636 5.59091
    endloop
  endfacet
  facet normal -0.253729 -0.0607958 0.965363
    outer loop
      vertex 6.83771 -3.10125 5.77818
      vertex 6.84385 -3.03192 5.78416
      vertex 6.6204 -2.99413 5.72781
    endloop
  endfacet
  facet normal -0.260616 -0.0784707 0.962248
    outer loop
      vertex 6.88347 -2.56253 5.82671
      vertex 6.88514 -2.53975 5.82902
      vertex 6.80989 -2.53226 5.80925
    endloop
  endfacet
  facet normal -0.260814 -0.0784662 0.962195
    outer loop
      vertex 6.80989 -2.53226 5.80925
      vertex 6.90275 -2.30063 5.85331
      vertex 6.89224 -2.29672 5.85078
    endloop
  endfacet
  facet normal -0.260622 -0.0785516 0.96224
    outer loop
      vertex 6.90275 -2.30063 5.85331
      vertex 6.80989 -2.53226 5.80925
      vertex 6.88514 -2.53975 5.82902
    endloop
  endfacet
  facet normal 0.198851 -0.229739 0.952721
    outer loop
      vertex -5.13569 1.43529 6.06241
      vertex -5.08116 1.61092 6.09338
      vertex -5.99035 1.86656 6.34479
    endloop
  endfacet
  facet normal 0.202616 -0.215899 0.955162
    outer loop
      vertex -5.2259 1.07895 5.99958
      vertex -5.18395 1.2579 6.03113
      vertex -6.11153 1.45037 6.2714
    endloop
  endfacet
  facet normal 0.264195 -0.246317 0.932485
    outer loop
      vertex -6.89224 2.11409 6.62852
      vertex -6.90275 2.1169 6.63224
      vertex -6.90592 2.07004 6.62076
    endloop
  endfacet
  facet normal 0.228776 -0.246054 0.94187
    outer loop
      vertex -5.99035 1.86656 6.34479
      vertex -6.80989 2.34963 6.67005
      vertex -6.89224 2.11409 6.62852
    endloop
  endfacet
  facet normal 0.20639 -0.194795 0.958884
    outer loop
      vertex -5.31338 0.535003 5.90367
      vertex -6.23733 0.813025 6.15902
      vertex -6.26412 0.598126 6.12113
    endloop
  endfacet
  facet normal 0.171533 -0.197819 0.965114
    outer loop
      vertex -4.33754 0.614838 5.74541
      vertex -4.31362 0.76355 5.77164
      vertex -5.29066 0.717285 5.93581
    endloop
  endfacet
  facet normal 0.169222 -0.132549 0.976624
    outer loop
      vertex -4.25006 -1.02906 5.45555
      vertex -4.28445 -0.882354 5.48142
      vertex -5.2259 -1.1089 5.6138
    endloop
  endfacet
  facet normal 0.138152 -0.155249 0.978167
    outer loop
      vertex -4.33754 -0.585841 5.5337
      vertex -3.37913 -0.429573 5.42314
      vertex -4.35617 -0.436398 5.56005
    endloop
  endfacet
  facet normal 0.137479 -0.150499 0.979004
    outer loop
      vertex -4.31362 -0.734553 5.50748
      vertex -3.3605 -0.545426 5.40271
      vertex -4.33754 -0.585841 5.5337
    endloop
  endfacet
  facet normal 0.20412 -0.208937 0.956389
    outer loop
      vertex -5.26148 0.898675 5.96779
      vertex -5.2259 1.07895 5.99958
      vertex -6.20294 1.02687 6.19673
    endloop
  endfacet
  facet normal 0.136644 -0.198096 0.970611
    outer loop
      vertex -3.3605 0.621662 5.6085
      vertex -3.33777 0.736805 5.6288
      vertex -4.31362 0.76355 5.77164
    endloop
  endfacet
  facet normal 0.20262 -0.21589 0.955163
    outer loop
      vertex -5.2259 1.07895 5.99958
      vertex -6.11153 1.45037 6.2714
      vertex -6.16099 1.23941 6.23421
    endloop
  endfacet
  facet normal 0.20412 -0.208941 0.956388
    outer loop
      vertex -5.2259 1.07895 5.99958
      vertex -6.16099 1.23941 6.23421
      vertex -6.20294 1.02687 6.19673
    endloop
  endfacet
  facet normal 0.130851 -0.329013 0.935216
    outer loop
      vertex -3.43419 4.01556 6.51738
      vertex -3.28926 4.13113 6.53776
      vertex -3.87782 4.83772 6.86869
    endloop
  endfacet
  facet normal 0.152084 -0.309509 0.938656
    outer loop
      vertex -3.84318 3.63996 6.45115
      vertex -4.53085 4.25867 6.76658
      vertex -4.68079 4.10032 6.73866
    endloop
  endfacet
  facet normal 0.188027 -0.318447 0.929106
    outer loop
      vertex -4.96339 3.76865 6.68018
      vertex -4.82503 3.93691 6.70985
      vertex -5.55147 4.49615 7.04854
    endloop
  endfacet
  facet normal 0.182586 -0.324833 0.927979
    outer loop
      vertex -4.82503 3.93691 6.70985
      vertex -5.38552 4.68416 7.0817
      vertex -5.55147 4.49615 7.04854
    endloop
  endfacet
  facet normal 0.116751 -0.246593 0.962061
    outer loop
      vertex -2.89383 1.81891 5.81961
      vertex -3.63132 2.42664 6.06488
      vertex -3.71459 2.30037 6.04262
    endloop
  endfacet
  facet normal 0.178258 -0.275307 0.944685
    outer loop
      vertex -4.62687 2.61577 6.27056
      vertex -5.34154 3.2368 6.5864
      vertex -5.45477 3.05121 6.55368
    endloop
  endfacet
  facet normal 0.170357 -0.28728 0.942575
    outer loop
      vertex -4.42926 2.92721 6.32548
      vertex -4.3223 3.07765 6.352
      vertex -5.2218 3.41838 6.61842
    endloop
  endfacet
  facet normal 0.202916 -0.298276 0.932661
    outer loop
      vertex -5.34154 3.2368 6.5864
      vertex -5.2218 3.41838 6.61842
      vertex -6.14575 3.69063 6.90651
    endloop
  endfacet
  facet normal 0.188046 -0.318433 0.929107
    outer loop
      vertex -4.96339 3.76865 6.68018
      vertex -5.55147 4.49615 7.04854
      vertex -5.71066 4.30256 7.01441
    endloop
  endfacet
  facet normal 0.193238 -0.311888 0.930261
    outer loop
      vertex -4.96339 3.76865 6.68018
      vertex -5.71066 4.30256 7.01441
      vertex -5.86289 4.10361 6.97933
    endloop
  endfacet
  facet normal 0.185274 -0.26283 0.946886
    outer loop
      vertex -4.71728 2.45514 6.24224
      vertex -5.56136 2.86185 6.52029
      vertex -5.66117 2.66893 6.48627
    endloop
  endfacet
  facet normal 0.215577 -0.276672 0.936472
    outer loop
      vertex -5.66117 2.66893 6.48627
      vertex -5.56136 2.86185 6.52029
      vertex -6.5135 3.03727 6.7913
    endloop
  endfacet
  facet normal 0.0962145 -0.21297 0.97231
    outer loop
      vertex -2.26266 0.956143 5.56374
      vertex -2.22938 1.03336 5.57736
      vertex -3.11733 1.40496 5.74662
    endloop
  endfacet
  facet normal -0.0035709 -0.241835 0.970311
    outer loop
      vertex 0.102221 1.50732 5.5917
      vertex 0.0851669 2.45768 5.8285
      vertex 0.0511417 1.50996 5.59217
    endloop
  endfacet
  facet normal 0.0342291 -0.180243 0.983026
    outer loop
      vertex -0.481243 0.157186 5.319
      vertex -0.477988 0.173675 5.32191
      vertex -1.43338 0.367742 5.39076
    endloop
  endfacet
  facet normal 0.0688735 -0.184117 0.980488
    outer loop
      vertex -1.45115 0.268542 5.37327
      vertex -1.44314 0.318295 5.38205
      vertex -2.40329 0.473184 5.47858
    endloop
  endfacet
  facet normal 0.0329914 -0.184766 0.982229
    outer loop
      vertex -0.459197 0.238214 5.33329
      vertex -1.37703 0.56128 5.42489
      vertex -1.39368 0.513652 5.41649
    endloop
  endfacet
  facet normal 0.0610046 -0.206563 0.97653
    outer loop
      vertex -1.29388 0.745211 5.45732
      vertex -1.26908 0.789268 5.46509
      vertex -2.11341 1.2575 5.61688
    endloop
  endfacet
  facet normal 0.061003 -0.206566 0.976529
    outer loop
      vertex -1.29388 0.745211 5.45732
      vertex -2.11341 1.2575 5.61688
      vertex -2.15471 1.18413 5.60394
    endloop
  endfacet
  facet normal 0.000100901 -0.17369 0.9848
    outer loop
      vertex -0.477988 -0.0264368 5.28662
      vertex -0.483912 0.140594 5.31608
      vertex -0.488369 0.0904131 5.30723
    endloop
  endfacet
  facet normal 0.0856063 -0.231799 0.96899
    outer loop
      vertex -2.02315 1.39976 5.64196
      vertex -1.97429 1.46847 5.65408
      vertex -2.76064 2.01337 5.8539
    endloop
  endfacet
  facet normal 0.0525723 -0.218387 0.974445
    outer loop
      vertex -1.12257 0.995331 5.50142
      vertex -1.08901 1.03335 5.50813
      vertex -1.81354 1.66397 5.68855
    endloop
  endfacet
  facet normal -0.0248981 -0.237407 0.971091
    outer loop
      vertex 0.914175 2.28415 5.7979
      vertex 0.834652 2.31421 5.80321
      vertex 0.501198 1.42381 5.57698
    endloop
  endfacet
  facet normal -0.0798646 -0.284229 0.955424
    outer loop
      vertex 2.00572 2.75682 5.98499
      vertex 2.44936 3.59065 6.27013
      vertex 1.90816 2.8241 5.99685
    endloop
  endfacet
  facet normal 0.000692587 -0.174025 0.984741
    outer loop
      vertex -0.385075 0.369902 5.35651
      vertex -0.439211 0.284581 5.34147
      vertex -0.459197 0.238214 5.33329
    endloop
  endfacet
  facet normal -0.0244579 -0.198075 0.979882
    outer loop
      vertex 0.351518 0.407918 5.36321
      vertex 1.05412 1.07019 5.51462
      vertex 0.339457 0.419796 5.36531
    endloop
  endfacet
  facet normal -0.0199174 -0.273771 0.961589
    outer loop
      vertex 0.709465 3.32518 6.0852
      vertex 0.592546 3.34756 6.08915
      vertex 0.423763 2.42263 5.82232
    endloop
  endfacet
  facet normal -0.034095 -0.270027 0.962249
    outer loop
      vertex 0.834652 2.31421 5.80321
      vertex 1.05447 3.23414 6.06915
      vertex 0.754112 2.34152 5.80802
    endloop
  endfacet
  facet normal 0.0295524 -0.235455 0.971436
    outer loop
      vertex -0.642391 1.36478 5.56657
      vertex -0.596034 1.38607 5.57032
      vertex -1.06978 2.21592 5.78587
    endloop
  endfacet
  facet normal 0.0506958 -0.262734 0.963536
    outer loop
      vertex -1.22018 2.13716 5.77199
      vertex -1.14568 2.17783 5.77916
      vertex -1.602 3.00526 6.02879
    endloop
  endfacet
  facet normal 0.0948999 -0.272232 0.957541
    outer loop
      vertex -2.37041 2.45546 5.93185
      vertex -2.9309 3.22014 6.2048
      vertex -3.04272 3.11746 6.18669
    endloop
  endfacet
  facet normal 0.0686048 -0.250373 0.965716
    outer loop
      vertex -1.63292 1.84185 5.71992
      vertex -1.56863 1.89688 5.72962
      vertex -2.2833 2.53546 5.94595
    endloop
  endfacet
  facet normal 0.0301855 -0.190828 0.981159
    outer loop
      vertex -0.423198 0.31424 5.3467
      vertex -0.414412 0.328638 5.34923
      vertex -1.24273 0.832445 5.4727
    endloop
  endfacet
  facet normal 0.0789279 -0.240213 0.967506
    outer loop
      vertex -1.86942 1.60066 5.67739
      vertex -1.81354 1.66397 5.68855
      vertex -2.61401 2.1982 5.88649
    endloop
  endfacet
  facet normal 0.0621555 -0.204431 0.976906
    outer loop
      vertex -1.29388 0.745211 5.45732
      vertex -2.15471 1.18413 5.60394
      vertex -2.19338 1.10939 5.59076
    endloop
  endfacet
  facet normal 0.0659857 -0.19553 0.978475
    outer loop
      vertex -1.37703 0.56128 5.42489
      vertex -2.29319 0.87783 5.54993
      vertex -2.32092 0.798513 5.53595
    endloop
  endfacet
  facet normal 0.0895987 -0.225744 0.970057
    outer loop
      vertex -2.11341 1.2575 5.61688
      vertex -2.06954 1.3294 5.62956
      vertex -2.89383 1.81891 5.81961
    endloop
  endfacet
  facet normal 0.148862 -0.259105 0.954309
    outer loop
      vertex -3.71459 2.30037 6.04262
      vertex -4.53083 2.77319 6.29832
      vertex -4.62687 2.61577 6.27056
    endloop
  endfacet
  facet normal 0.0571054 -0.212697 0.975448
    outer loop
      vertex -1.21488 0.874691 5.48015
      vertex -1.18554 0.915955 5.48743
      vertex -2.02315 1.39976 5.64196
    endloop
  endfacet
  facet normal 0.0585544 -0.210582 0.975821
    outer loop
      vertex -1.21488 0.874691 5.48015
      vertex -2.02315 1.39976 5.64196
      vertex -2.06954 1.3294 5.62956
    endloop
  endfacet
  facet normal -0.020307 -0.238957 0.970818
    outer loop
      vertex 0.452835 1.44021 5.57987
      vertex 0.754112 2.34152 5.80802
      vertex 0.40392 1.45493 5.58247
    endloop
  endfacet
  facet normal 0 -0.173659 0.984806
    outer loop
      vertex -0.339457 0.419796 5.36531
      vertex 0.385075 -0.222664 5.25202
      vertex 0.339457 0.419796 5.36531
    endloop
  endfacet
  facet normal 0 -0.173659 0.984806
    outer loop
      vertex 0.385075 -0.222664 5.25202
      vertex -0.339457 0.419796 5.36531
      vertex -0.385075 -0.222664 5.25202
    endloop
  endfacet
  facet normal 0.0798646 -0.284229 0.955424
    outer loop
      vertex -2.00572 2.75682 5.98499
      vertex -1.90816 2.8241 5.99685
      vertex -2.44936 3.59065 6.27013
    endloop
  endfacet
  facet normal 0.0995985 -0.311118 0.945138
    outer loop
      vertex -2.5746 3.50429 6.2549
      vertex -2.44936 3.59065 6.27013
      vertex -2.98757 4.347 6.57582
    endloop
  endfacet
  facet normal 0.0316751 -0.234436 0.971615
    outer loop
      vertex -0.687966 1.34192 5.56254
      vertex -0.642391 1.36478 5.56657
      vertex -1.06978 2.21592 5.78587
    endloop
  endfacet
  facet normal 0.0599889 -0.257022 0.964542
    outer loop
      vertex -1.43441 2.00016 5.74783
      vertex -1.36463 2.04827 5.75631
      vertex -2.00572 2.75682 5.98499
    endloop
  endfacet
  facet normal 0.0733694 -0.326029 0.942508
    outer loop
      vertex -1.92014 3.89155 6.32319
      vertex -2.17305 4.79163 6.65423
      vertex -2.34206 4.71402 6.64054
    endloop
  endfacet
  facet normal 0.0631475 -0.294123 0.953679
    outer loop
      vertex -1.49587 3.05851 6.03818
      vertex -1.92014 3.89155 6.32319
      vertex -2.05636 3.8232 6.31113
    endloop
  endfacet
  facet normal 0.0244579 -0.198075 0.979882
    outer loop
      vertex -0.351518 0.407918 5.36321
      vertex -0.339457 0.419796 5.36531
      vertex -1.05412 1.07019 5.51462
    endloop
  endfacet
  facet normal 0.0629438 -0.254899 0.964917
    outer loop
      vertex -1.50244 1.94967 5.73893
      vertex -1.43441 2.00016 5.74783
      vertex -2.10085 2.68623 5.97254
    endloop
  endfacet
  facet normal -0.0230298 -0.199364 0.979655
    outer loop
      vertex 0.326982 0.431252 5.36733
      vertex 0.980548 1.14016 5.52696
      vertex 0.314109 0.442272 5.36927
    endloop
  endfacet
  facet normal 0.00551705 -0.27551 0.961282
    outer loop
      vertex -0.170231 2.45329 5.82773
      vertex -0.0851669 2.45768 5.8285
      vertex -0.238032 3.39043 6.09671
    endloop
  endfacet
  facet normal -0.00174327 -0.20787 0.978155
    outer loop
      vertex 0.102221 1.50732 5.5917
      vertex 0.0511417 1.50996 5.59217
      vertex 0.0340872 0.55369 5.38892
    endloop
  endfacet
  facet normal 0.000708633 -0.207912 0.978147
    outer loop
      vertex 0 0.554862 5.38912
      vertex 0 1.51084 5.59232
      vertex -0.0511417 1.50996 5.59217
    endloop
  endfacet
  facet normal -0.172386 -0.150162 0.973517
    outer loop
      vertex 5.31338 -0.564946 5.70972
      vertex 4.35617 -0.436398 5.56005
      vertex 4.33754 -0.585841 5.5337
    endloop
  endfacet
  facet normal -0.133644 -0.404383 0.904773
    outer loop
      vertex 3.40745 6.21493 7.35368
      vertex 3.62347 6.08937 7.32947
      vertex 3.6798 6.17985 7.37823
    endloop
  endfacet
  facet normal -0.13353 -0.404205 0.904869
    outer loop
      vertex 3.62347 6.08937 7.32947
      vertex 3.40745 6.21493 7.35368
      vertex 3.40223 6.21014 7.35077
    endloop
  endfacet
  facet normal -0.165881 -0.383747 0.908417
    outer loop
      vertex 4.75387 6.01965 7.49041
      vertex 4.46166 5.53259 7.2313
      vertex 4.85993 6.0024 7.50249
    endloop
  endfacet
  facet normal -0.165918 -0.383726 0.908419
    outer loop
      vertex 4.46166 5.53259 7.2313
      vertex 4.75387 6.01965 7.49041
      vertex 4.25964 5.68251 7.25773
    endloop
  endfacet
  facet normal -0.173439 -0.3778 0.909498
    outer loop
      vertex 4.93734 5.98916 7.51176
      vertex 5.11985 5.88183 7.50198
      vertex 4.99834 5.97873 7.51906
    endloop
  endfacet
  facet normal -0.173503 -0.377904 0.909442
    outer loop
      vertex 5.11985 5.88183 7.50198
      vertex 4.93734 5.98916 7.51176
      vertex 4.65824 5.37582 7.20365
    endloop
  endfacet
  facet normal -0.0253175 -0.373115 0.92744
    outer loop
      vertex 0.876599 6.09231 7.0899
      vertex 0.658385 6.1187 7.09456
      vertex 0.558458 5.21769 6.72935
    endloop
  endfacet
  facet normal 0.23899 -0.205745 0.948974
    outer loop
      vertex -6.23733 0.813025 6.15902
      vertex -6.95398 1.07989 6.39736
      vertex -6.96032 0.881481 6.35594
    endloop
  endfacet
  facet normal 0.207908 -0.166271 0.963913
    outer loop
      vertex -6.29479 -0.266736 5.96863
      vertex -5.34265 -0.0149717 5.80669
      vertex -6.29863 -0.0502567 6.0068
    endloop
  endfacet
  facet normal -0.171068 -0.337003 0.925832
    outer loop
      vertex 4.53085 4.25867 6.76658
      vertex 5.21301 4.86635 7.11382
      vertex 4.37539 4.41176 6.79358
    endloop
  endfacet
  facet normal -0.176963 -0.330992 0.926892
    outer loop
      vertex 4.68079 4.10032 6.73866
      vertex 5.21301 4.86635 7.11382
      vertex 4.53085 4.25867 6.76658
    endloop
  endfacet
  facet normal -0.141811 -0.319629 0.936871
    outer loop
      vertex 4.37539 4.41176 6.79358
      vertex 4.21461 4.55942 6.81962
      vertex 3.57493 3.89507 6.49614
    endloop
  endfacet
  facet normal -0.136448 -0.324384 0.936032
    outer loop
      vertex 3.57493 3.89507 6.49614
      vertex 4.21461 4.55942 6.81962
      vertex 3.43419 4.01556 6.51738
    endloop
  endfacet
  facet normal 0.142013 -0.399655 0.905598
    outer loop
      vertex -3.72266 6.17397 7.38236
      vertex -3.84029 5.96107 7.30685
      vertex -3.62347 6.08937 7.32947
    endloop
  endfacet
  facet normal 0.141971 -0.399638 0.905612
    outer loop
      vertex -3.84029 5.96107 7.30685
      vertex -3.72266 6.17397 7.38236
      vertex -3.96178 6.14112 7.40535
    endloop
  endfacet
  facet normal 0.158115 -0.389313 0.907433
    outer loop
      vertex -4.25964 5.68251 7.25773
      vertex -4.40441 6.07527 7.45146
      vertex -4.55093 6.05266 7.46729
    endloop
  endfacet
  facet normal 0.117285 -0.376903 0.918797
    outer loop
      vertex -3.14931 5.32164 6.95401
      vertex -3.40223 6.21014 7.35077
      vertex -3.62347 6.08937 7.32947
    endloop
  endfacet
  facet normal 0.150152 -0.394603 0.9065
    outer loop
      vertex -3.84029 5.96107 7.30685
      vertex -3.96178 6.14112 7.40535
      vertex -4.05103 6.12811 7.41447
    endloop
  endfacet
  facet normal 0.08124 -0.358355 0.930044
    outer loop
      vertex -2.17305 4.79163 6.65423
      vertex -2.35951 5.70101 7.02091
      vertex -2.56188 5.61641 7.00599
    endloop
  endfacet
  facet normal 0.0945356 -0.387835 0.916868
    outer loop
      vertex -2.61498 6.2942 7.29817
      vertex -2.56188 5.61641 7.00599
      vertex -2.35951 5.70101 7.02091
    endloop
  endfacet
  facet normal 0.0945258 -0.387836 0.916869
    outer loop
      vertex -2.56188 5.61641 7.00599
      vertex -2.61498 6.2942 7.29817
      vertex -2.67489 6.2887 7.30202
    endloop
  endfacet
  facet normal 0.0841852 -0.320609 0.943463
    outer loop
      vertex -2.19008 3.7502 6.29826
      vertex -2.50822 4.63064 6.62584
      vertex -2.67133 4.54161 6.61014
    endloop
  endfacet
  facet normal 0.089449 -0.317616 0.943991
    outer loop
      vertex -2.19008 3.7502 6.29826
      vertex -2.67133 4.54161 6.61014
      vertex -2.83117 4.44702 6.59346
    endloop
  endfacet
  facet normal 0.0996345 -0.311101 0.94514
    outer loop
      vertex -2.5746 3.50429 6.2549
      vertex -2.98757 4.347 6.57582
      vertex -3.14033 4.24166 6.55725
    endloop
  endfacet
  facet normal 0.125172 -0.333374 0.934448
    outer loop
      vertex -3.14033 4.24166 6.55725
      vertex -3.70224 4.96803 6.89166
      vertex -3.87782 4.83772 6.86869
    endloop
  endfacet
  facet normal 0.109287 -0.303942 0.946401
    outer loop
      vertex -2.6967 3.41368 6.23892
      vertex -3.28926 4.13113 6.53776
      vertex -3.43419 4.01556 6.51738
    endloop
  endfacet
  facet normal 0.180831 -0.371848 0.91051
    outer loop
      vertex -5.16483 5.84333 7.49519
      vertex -4.65824 5.37582 7.20365
      vertex -5.11985 5.88183 7.50198
    endloop
  endfacet
  facet normal 0.180884 -0.371798 0.91052
    outer loop
      vertex -4.65824 5.37582 7.20365
      vertex -5.16483 5.84333 7.49519
      vertex -4.84914 5.21239 7.17484
    endloop
  endfacet
  facet normal 0.109336 -0.303888 0.946413
    outer loop
      vertex -2.81552 3.31892 6.22222
      vertex -2.6967 3.41368 6.23892
      vertex -3.43419 4.01556 6.51738
    endloop
  endfacet
  facet normal 0.0876388 -0.278449 0.956444
    outer loop
      vertex -2.10085 2.68623 5.97254
      vertex -2.6967 3.41368 6.23892
      vertex -2.81552 3.31892 6.22222
    endloop
  endfacet
  facet normal 0.100811 -0.348954 0.931702
    outer loop
      vertex -2.50822 4.63064 6.62584
      vertex -2.95703 5.42661 6.97252
      vertex -3.14931 5.32164 6.95401
    endloop
  endfacet
  facet normal 0.117308 -0.376896 0.918797
    outer loop
      vertex -3.14931 5.32164 6.95401
      vertex -2.95703 5.42661 6.97252
      vertex -3.40223 6.21014 7.35077
    endloop
  endfacet
  facet normal 0.105075 -0.26186 0.959369
    outer loop
      vertex -2.61401 2.1982 5.88649
      vertex -3.2551 2.90087 6.1485
      vertex -3.3554 2.78724 6.12847
    endloop
  endfacet
  facet normal 0.131099 -0.283191 0.950061
    outer loop
      vertex -3.3554 2.78724 6.12847
      vertex -3.2551 2.90087 6.1485
      vertex -3.97036 3.50565 6.42747
    endloop
  endfacet
  facet normal 0.142266 -0.269119 0.952542
    outer loop
      vertex -3.63132 2.42664 6.06488
      vertex -3.54363 2.54998 6.08663
      vertex -4.42926 2.92721 6.32548
    endloop
  endfacet
  facet normal 0.134932 -0.278684 0.950857
    outer loop
      vertex -3.45162 2.67023 6.10783
      vertex -3.3554 2.78724 6.12847
      vertex -4.09271 3.36704 6.40303
    endloop
  endfacet
  facet normal 0.154762 -0.248622 0.956157
    outer loop
      vertex -3.93687 1.90546 5.97299
      vertex -3.86746 2.03962 5.99664
      vertex -4.80194 2.29151 6.21339
    endloop
  endfacet
  facet normal 0.12404 -0.234155 0.964254
    outer loop
      vertex -3.01292 1.61578 5.78379
      vertex -3.86746 2.03962 5.99664
      vertex -3.93687 1.90546 5.97299
    endloop
  endfacet
  facet normal 0.0156515 -0.24018 0.970602
    outer loop
      vertex -0.354513 1.46797 5.58476
      vertex -0.304675 1.4793 5.58676
      vertex -0.590376 2.38776 5.81617
    endloop
  endfacet
  facet normal 0.0217394 -0.307346 0.95135
    outer loop
      vertex -0.592546 3.34756 6.08915
      vertex -0.474906 3.36591 6.09239
      vertex -0.609601 4.28614 6.39276
    endloop
  endfacet
  facet normal 0.0234874 -0.27302 0.961721
    outer loop
      vertex -0.590376 2.38776 5.81617
      vertex -0.50738 2.40663 5.8195
      vertex -0.709465 3.32518 6.0852
    endloop
  endfacet
  facet normal 0.0199538 -0.27376 0.961591
    outer loop
      vertex -0.50738 2.40663 5.8195
      vertex -0.423763 2.42263 5.82232
      vertex -0.709465 3.32518 6.0852
    endloop
  endfacet
  facet normal 0.037366 -0.268865 0.962453
    outer loop
      vertex -0.914175 2.28415 5.7979
      vertex -0.834652 2.31421 5.80321
      vertex -1.27829 3.15392 6.05501
    endloop
  endfacet
  facet normal 0.0543262 -0.298173 0.952965
    outer loop
      vertex -1.38792 3.10809 6.04692
      vertex -1.27829 3.15392 6.05501
      vertex -1.78157 3.95519 6.33441
    endloop
  endfacet
  facet normal 0.0136723 -0.20516 0.978633
    outer loop
      vertex -0.183058 0.519819 5.38295
      vertex -0.54895 1.40576 5.57379
      vertex -0.596034 1.38607 5.57032
    endloop
  endfacet
  facet normal 0.034095 -0.270027 0.962249
    outer loop
      vertex -0.834652 2.31421 5.80321
      vertex -0.754112 2.34152 5.80802
      vertex -1.05447 3.23414 6.06915
    endloop
  endfacet
  facet normal 0.01482 -0.20466 0.978721
    outer loop
      vertex -0.214217 0.506157 5.38054
      vertex -0.596034 1.38607 5.57032
      vertex -0.642391 1.36478 5.56657
    endloop
  endfacet
  facet normal 0.0273019 -0.236453 0.971259
    outer loop
      vertex -0.596034 1.38607 5.57032
      vertex -0.54895 1.40576 5.57379
      vertex -0.914175 2.28415 5.7979
    endloop
  endfacet
  facet normal 0.0745535 -0.361027 0.929571
    outer loop
      vertex -2.00139 4.86339 6.66688
      vertex -1.82729 4.92921 6.67848
      vertex -2.15426 5.7786 7.03459
    endloop
  endfacet
  facet normal 0.0676668 -0.363495 0.929135
    outer loop
      vertex -1.82729 4.92921 6.67848
      vertex -1.65097 4.989 6.68903
      vertex -2.15426 5.7786 7.03459
    endloop
  endfacet
  facet normal 0.0787693 -0.393789 0.91582
    outer loop
      vertex -2.11423 6.3343 7.27009
      vertex -2.15426 5.7786 7.03459
      vertex -1.94638 5.84909 7.04702
    endloop
  endfacet
  facet normal 0.07879 -0.39379 0.915818
    outer loop
      vertex -2.15426 5.7786 7.03459
      vertex -2.11423 6.3343 7.27009
      vertex -2.20519 6.32738 7.27494
    endloop
  endfacet
  facet normal 0.0538283 -0.367658 0.928402
    outer loop
      vertex -1.47263 5.04269 6.69849
      vertex -1.52378 5.96843 7.06806
      vertex -1.73614 5.91239 7.05818
    endloop
  endfacet
  facet normal 0.0608032 -0.365689 0.928749
    outer loop
      vertex -1.47263 5.04269 6.69849
      vertex -1.73614 5.91239 7.05818
      vertex -1.94638 5.84909 7.04702
    endloop
  endfacet
  facet normal -0.00183897 -0.275635 0.96126
    outer loop
      vertex 0.119088 3.39657 6.09779
      vertex 0 3.39862 6.09815
      vertex 0 2.45914 5.82876
    endloop
  endfacet
  facet normal 0.00912572 -0.275264 0.961325
    outer loop
      vertex -0.255087 2.44598 5.82644
      vertex -0.238032 3.39043 6.09671
      vertex -0.356687 3.38021 6.09491
    endloop
  endfacet
  facet normal -0.01482 -0.20466 0.978721
    outer loop
      vertex 0.642391 1.36478 5.56657
      vertex 0.596034 1.38607 5.57032
      vertex 0.214217 0.506157 5.38054
    endloop
  endfacet
  facet normal -0.018172 -0.239561 0.970711
    outer loop
      vertex 0.672654 2.36604 5.81235
      vertex 0.590376 2.38776 5.81617
      vertex 0.354513 1.46797 5.58476
    endloop
  endfacet
  facet normal -0.113965 -0.300071 0.947085
    outer loop
      vertex 3.57493 3.89507 6.49614
      vertex 3.43419 4.01556 6.51738
      vertex 2.9309 3.22014 6.2048
    endloop
  endfacet
  facet normal -0.125149 -0.3334 0.934442
    outer loop
      vertex 3.28926 4.13113 6.53776
      vertex 3.87782 4.83772 6.86869
      vertex 3.14033 4.24166 6.55725
    endloop
  endfacet
  facet normal -0.0538068 -0.260969 0.963846
    outer loop
      vertex 1.80826 2.88798 6.00811
      vertex 1.70617 2.9484 6.01877
      vertex 1.22018 2.13716 5.77199
    endloop
  endfacet
  facet normal -0.0837411 -0.281448 0.955915
    outer loop
      vertex 2.10085 2.68623 5.97254
      vertex 2.6967 3.41368 6.23892
      vertex 2.00572 2.75682 5.98499
    endloop
  endfacet
  facet normal -0.138766 -0.363689 0.921127
    outer loop
      vertex 3.70224 4.96803 6.89166
      vertex 4.25964 5.68251 7.25773
      vertex 3.52215 5.09221 6.91356
    endloop
  endfacet
  facet normal -0.145646 -0.358766 0.921995
    outer loop
      vertex 3.87782 4.83772 6.86869
      vertex 4.25964 5.68251 7.25773
      vertex 3.70224 4.96803 6.89166
    endloop
  endfacet
  facet normal -0.0745235 -0.361032 0.929571
    outer loop
      vertex 2.35951 5.70101 7.02091
      vertex 2.15426 5.7786 7.03459
      vertex 2.00139 4.86339 6.66688
    endloop
  endfacet
  facet normal -0.107105 -0.345381 0.932331
    outer loop
      vertex 3.33776 5.21013 6.93435
      vertex 3.14931 5.32164 6.95401
      vertex 2.83117 4.44702 6.59346
    endloop
  endfacet
  facet normal -0.117285 -0.376903 0.918797
    outer loop
      vertex 3.62347 6.08937 7.32947
      vertex 3.40223 6.21014 7.35077
      vertex 3.14931 5.32164 6.95401
    endloop
  endfacet
  facet normal 0.0181427 -0.373858 0.927309
    outer loop
      vertex -0.558458 5.21769 6.72935
      vertex -0.372684 5.2337 6.73217
      vertex -0.658385 6.1187 7.09456
    endloop
  endfacet
  facet normal 0.0272014 -0.339932 0.940056
    outer loop
      vertex -0.760607 4.26258 6.38861
      vertex -0.609601 4.28614 6.39276
      vertex -0.927741 5.16658 6.72034
    endloop
  endfacet
  facet normal 0.0305558 -0.271159 0.962049
    outer loop
      vertex -0.754112 2.34152 5.80802
      vertex -0.940568 3.26844 6.0752
      vertex -1.05447 3.23414 6.06915
    endloop
  endfacet
  facet normal 0.0449516 -0.336215 0.940712
    outer loop
      vertex -1.20734 4.16102 6.3707
      vertex -1.2925 5.09022 6.70687
      vertex -1.47263 5.04269 6.69849
    endloop
  endfacet
  facet normal 0.0378601 -0.403844 0.914044
    outer loop
      vertex -1.01274 6.39352 7.22862
      vertex -1.09375 6.05844 7.08393
      vertex -0.876599 6.09231 7.0899
    endloop
  endfacet
  facet normal 0.0378481 -0.403842 0.914046
    outer loop
      vertex -1.09375 6.05844 7.08393
      vertex -1.01274 6.39352 7.22862
      vertex -1.15557 6.38835 7.23225
    endloop
  endfacet
  facet normal -0.0127198 -0.406429 0.913594
    outer loop
      vertex 0.43937 6.13757 7.09789
      vertex 0.459458 6.40801 7.21848
      vertex 0.383376 6.40893 7.21783
    endloop
  endfacet
  facet normal -0.0294942 -0.405007 0.913838
    outer loop
      vertex 0.876599 6.09231 7.0899
      vertex 0.922072 6.39681 7.22632
      vertex 0.836616 6.39922 7.22463
    endloop
  endfacet
  facet normal -0.0210994 -0.405862 0.913691
    outer loop
      vertex 0.658385 6.1187 7.09456
      vertex 0.69017 6.40336 7.22174
      vertex 0.610267 6.40497 7.22061
    endloop
  endfacet
  facet normal 0.0108537 -0.374353 0.927223
    outer loop
      vertex -0.186456 5.24331 6.73387
      vertex -0.219818 6.1489 7.09988
      vertex -0.372684 5.2337 6.73217
    endloop
  endfacet
  facet normal 0.0461245 -0.402405 0.914299
    outer loop
      vertex -1.09375 6.05844 7.08393
      vertex -1.15557 6.38835 7.23225
      vertex -1.25547 6.38392 7.23534
    endloop
  endfacet
  facet normal 0.037841 -0.403852 0.914042
    outer loop
      vertex -0.876599 6.09231 7.0899
      vertex -0.922072 6.39681 7.22632
      vertex -1.01274 6.39352 7.22862
    endloop
  endfacet
  facet normal 0.0396668 -0.370873 0.927836
    outer loop
      vertex -0.927741 5.16658 6.72034
      vertex -1.09375 6.05844 7.08393
      vertex -1.1108 5.13154 6.71416
    endloop
  endfacet
  facet normal 0.0461804 -0.402381 0.914307
    outer loop
      vertex -1.25547 6.38392 7.23534
      vertex -1.30956 6.01713 7.07665
      vertex -1.09375 6.05844 7.08393
    endloop
  endfacet
  facet normal 0.0461843 -0.402381 0.914306
    outer loop
      vertex -1.30956 6.01713 7.07665
      vertex -1.25547 6.38392 7.23534
      vertex -1.39109 6.37792 7.23955
    endloop
  endfacet
  facet normal -0.0453488 -0.301561 0.952368
    outer loop
      vertex 1.16709 3.19595 6.06242
      vertex 1.35355 4.11699 6.36294
      vertex 1.05447 3.23414 6.06915
    endloop
  endfacet
  facet normal -0.0622712 -0.330675 0.941688
    outer loop
      vertex 2.00139 4.86339 6.66688
      vertex 1.82729 4.92921 6.67848
      vertex 1.4981 4.06798 6.35429
    endloop
  endfacet
  facet normal -0.0787476 -0.393794 0.915819
    outer loop
      vertex 2.36239 6.31541 7.28331
      vertex 2.20519 6.32738 7.27494
      vertex 2.15426 5.7786 7.03459
    endloop
  endfacet
  facet normal -0.0707292 -0.396362 0.915366
    outer loop
      vertex 2.11423 6.3343 7.27009
      vertex 1.97389 6.34387 7.26339
      vertex 1.94638 5.84909 7.04702
    endloop
  endfacet
  facet normal -0.0467607 -0.369393 0.928096
    outer loop
      vertex 1.52378 5.96843 7.06806
      vertex 1.30956 6.01713 7.07665
      vertex 1.2925 5.09022 6.70687
    endloop
  endfacet
  facet normal -0.0676951 -0.363479 0.92914
    outer loop
      vertex 2.15426 5.7786 7.03459
      vertex 1.94638 5.84909 7.04702
      vertex 1.65097 4.989 6.68903
    endloop
  endfacet
  facet normal -0.07879 -0.39379 0.915818
    outer loop
      vertex 2.11423 6.3343 7.27009
      vertex 2.15426 5.7786 7.03459
      vertex 2.20519 6.32738 7.27494
    endloop
  endfacet
  facet normal -0.0787693 -0.393789 0.91582
    outer loop
      vertex 2.15426 5.7786 7.03459
      vertex 2.11423 6.3343 7.27009
      vertex 1.94638 5.84909 7.04702
    endloop
  endfacet
  facet normal -0.0608235 -0.365678 0.928752
    outer loop
      vertex 1.65097 4.989 6.68903
      vertex 1.94638 5.84909 7.04702
      vertex 1.47263 5.04269 6.69849
    endloop
  endfacet
  facet normal -0.0544058 -0.40066 0.91461
    outer loop
      vertex 1.30956 6.01713 7.07665
      vertex 1.51632 6.37137 7.24413
      vertex 1.39109 6.37792 7.23955
    endloop
  endfacet
  facet normal -0.0544093 -0.400659 0.91461
    outer loop
      vertex 1.51632 6.37137 7.24413
      vertex 1.30956 6.01713 7.07665
      vertex 1.52378 5.96843 7.06806
    endloop
  endfacet
  facet normal -0.0280628 -0.19397 0.980606
    outer loop
      vertex 0.39534 0.356486 5.35415
      vertex 1.18554 0.915955 5.48743
      vertex 0.385075 0.369902 5.35651
    endloop
  endfacet
  facet normal -0.0526849 -0.218276 0.974464
    outer loop
      vertex 1.86942 1.60066 5.67739
      vertex 1.81354 1.66397 5.68855
      vertex 1.12257 0.995331 5.50142
    endloop
  endfacet
  facet normal -0.0628958 -0.254942 0.964909
    outer loop
      vertex 2.10085 2.68623 5.97254
      vertex 2.00572 2.75682 5.98499
      vertex 1.43441 2.00016 5.74783
    endloop
  endfacet
  facet normal -0.0738903 -0.245526 0.96657
    outer loop
      vertex 2.45463 2.37252 5.91722
      vertex 2.37041 2.45546 5.93185
      vertex 1.75545 1.72532 5.69937
    endloop
  endfacet
  facet normal -0.0914322 -0.222619 0.970608
    outer loop
      vertex 3.01292 1.61578 5.78379
      vertex 2.95517 1.71837 5.80188
      vertex 2.11341 1.2575 5.61688
    endloop
  endfacet
  facet normal -0.119303 -0.24257 0.96277
    outer loop
      vertex 2.95517 1.71837 5.80188
      vertex 3.79333 2.17131 6.01986
      vertex 2.89383 1.81891 5.81961
    endloop
  endfacet
  facet normal -0.116751 -0.246593 0.962061
    outer loop
      vertex 3.71459 2.30037 6.04262
      vertex 3.63132 2.42664 6.06488
      vertex 2.89383 1.81891 5.81961
    endloop
  endfacet
  facet normal -0.111174 -0.254432 0.960679
    outer loop
      vertex 3.54363 2.54998 6.08663
      vertex 3.45162 2.67023 6.10783
      vertex 2.76064 2.01337 5.8539
    endloop
  endfacet
  facet normal -0.11676 -0.246583 0.962062
    outer loop
      vertex 2.89383 1.81891 5.81961
      vertex 3.63132 2.42664 6.06488
      vertex 2.82896 1.91728 5.83695
    endloop
  endfacet
  facet normal -0.0877208 -0.228704 0.969536
    outer loop
      vertex 2.06954 1.3294 5.62956
      vertex 2.89383 1.81891 5.81961
      vertex 2.02315 1.39976 5.64196
    endloop
  endfacet
  facet normal -0.18188 -0.269117 0.945778
    outer loop
      vertex 4.71728 2.45514 6.24224
      vertex 5.56136 2.86185 6.52029
      vertex 4.62687 2.61577 6.27056
    endloop
  endfacet
  facet normal -0.219286 -0.269182 0.937792
    outer loop
      vertex 5.75408 2.4727 6.45167
      vertex 6.5135 3.03727 6.7913
      vertex 5.66117 2.66893 6.48627
    endloop
  endfacet
  facet normal -0.151911 -0.253914 0.955223
    outer loop
      vertex 4.71728 2.45514 6.24224
      vertex 4.62687 2.61577 6.27056
      vertex 3.86746 2.03962 5.99664
    endloop
  endfacet
  facet normal -0.151896 -0.253932 0.955221
    outer loop
      vertex 3.86746 2.03962 5.99664
      vertex 4.62687 2.61577 6.27056
      vertex 3.79333 2.17131 6.01986
    endloop
  endfacet
  facet normal -0.202918 -0.298273 0.932662
    outer loop
      vertex 6.14575 3.69063 6.90651
      vertex 6.00798 3.89955 6.94335
      vertex 5.2218 3.41838 6.61842
    endloop
  endfacet
  facet normal -0.20741 -0.291193 0.93391
    outer loop
      vertex 5.45477 3.05121 6.55368
      vertex 6.14575 3.69063 6.90651
      vertex 5.34154 3.2368 6.5864
    endloop
  endfacet
  facet normal -0.188027 -0.318447 0.929106
    outer loop
      vertex 4.96339 3.76865 6.68018
      vertex 5.55147 4.49615 7.04854
      vertex 4.82503 3.93691 6.70985
    endloop
  endfacet
  facet normal -0.188046 -0.318433 0.929107
    outer loop
      vertex 5.71066 4.30256 7.01441
      vertex 5.55147 4.49615 7.04854
      vertex 4.96339 3.76865 6.68018
    endloop
  endfacet
  facet normal -0.161598 -0.298734 0.940555
    outer loop
      vertex 4.96339 3.76865 6.68018
      vertex 4.82503 3.93691 6.70985
      vertex 4.09271 3.36704 6.40303
    endloop
  endfacet
  facet normal -0.161613 -0.298707 0.940561
    outer loop
      vertex 4.21007 3.22432 6.37787
      vertex 4.96339 3.76865 6.68018
      vertex 4.09271 3.36704 6.40303
    endloop
  endfacet
  facet normal -0.170349 -0.287298 0.942572
    outer loop
      vertex 5.2218 3.41838 6.61842
      vertex 5.0957 3.59574 6.64969
      vertex 4.3223 3.07765 6.352
    endloop
  endfacet
  facet normal -0.193238 -0.311888 0.930261
    outer loop
      vertex 5.86289 4.10361 6.97933
      vertex 5.71066 4.30256 7.01441
      vertex 4.96339 3.76865 6.68018
    endloop
  endfacet
  facet normal -0.231197 -0.314786 0.920575
    outer loop
      vertex 6.00798 3.89955 6.94335
      vertex 6.71384 4.00687 7.15732
      vertex 6.70499 4.07452 7.17823
    endloop
  endfacet
  facet normal -0.231196 -0.314789 0.920574
    outer loop
      vertex 6.71384 4.00687 7.15732
      vertex 6.00798 3.89955 6.94335
      vertex 6.14575 3.69063 6.90651
    endloop
  endfacet
  facet normal -0.23632 -0.306714 0.921998
    outer loop
      vertex 6.14575 3.69063 6.90651
      vertex 6.7246 3.91934 7.13096
      vertex 6.71384 4.00687 7.15732
    endloop
  endfacet
  facet normal -0.236306 -0.306743 0.921991
    outer loop
      vertex 6.7246 3.91934 7.13096
      vertex 6.14575 3.69063 6.90651
      vertex 6.27603 3.4771 6.86886
    endloop
  endfacet
  facet normal -0.253786 -0.272988 0.927939
    outer loop
      vertex 6.6204 2.8115 6.75149
      vertex 6.85704 2.68359 6.77858
      vertex 6.83771 2.89494 6.83547
    endloop
  endfacet
  facet normal -0.25379 -0.272997 0.927935
    outer loop
      vertex 6.85704 2.68359 6.77858
      vertex 6.6204 2.8115 6.75149
      vertex 6.71924 2.58219 6.71106
    endloop
  endfacet
  facet normal -0.222721 -0.26158 0.939133
    outer loop
      vertex 6.71924 2.58219 6.71106
      vertex 6.6204 2.8115 6.75149
      vertex 5.75408 2.4727 6.45167
    endloop
  endfacet
  facet normal -0.0962384 -0.212927 0.972317
    outer loop
      vertex 3.16387 1.29698 5.72758
      vertex 3.11733 1.40496 5.74662
      vertex 2.26266 0.956143 5.56374
    endloop
  endfacet
  facet normal -0.0659857 -0.19553 0.978475
    outer loop
      vertex 2.32092 0.798513 5.53595
      vertex 2.29319 0.87783 5.54993
      vertex 1.37703 0.56128 5.42489
    endloop
  endfacet
  facet normal -0.12814 -0.225479 0.965784
    outer loop
      vertex 4.06122 1.63041 5.92449
      vertex 4.00148 1.769 5.94892
      vertex 3.11733 1.40496 5.74662
    endloop
  endfacet
  facet normal -0.159881 -0.237801 0.958065
    outer loop
      vertex 4.06122 1.63041 5.92449
      vertex 4.95362 1.95601 6.15423
      vertex 4.00148 1.769 5.94892
    endloop
  endfacet
  facet normal -0.129942 -0.221097 0.966556
    outer loop
      vertex 3.20655 1.18748 5.70827
      vertex 4.11601 1.48984 5.8997
      vertex 3.16387 1.29698 5.72758
    endloop
  endfacet
  facet normal -0.131599 -0.216614 0.967347
    outer loop
      vertex 3.24533 1.07657 5.68871
      vertex 4.11601 1.48984 5.8997
      vertex 3.20655 1.18748 5.70827
    endloop
  endfacet
  facet normal -0.102631 -0.192323 0.97595
    outer loop
      vertex 3.3605 0.621662 5.6085
      vertex 3.33777 0.736805 5.6288
      vertex 2.40329 0.473184 5.47858
    endloop
  endfacet
  facet normal -0.169221 -0.209463 0.963062
    outer loop
      vertex 5.2259 1.07895 5.99958
      vertex 5.18395 1.2579 6.03113
      vertex 4.25006 1.05806 5.82357
    endloop
  endfacet
  facet normal -0.098835 -0.206243 0.973497
    outer loop
      vertex 3.24533 1.07657 5.68871
      vertex 3.20655 1.18748 5.70827
      vertex 2.32092 0.798513 5.53595
    endloop
  endfacet
  facet normal -0.134472 -0.20738 0.968974
    outer loop
      vertex 3.31098 0.851096 5.64896
      vertex 4.21048 1.20349 5.84921
      vertex 3.28015 0.964396 5.66893
    endloop
  endfacet
  facet normal -0.0962145 -0.21297 0.97231
    outer loop
      vertex 2.26266 0.956143 5.56374
      vertex 3.11733 1.40496 5.74662
      vertex 2.22938 1.03336 5.57736
    endloop
  endfacet
  facet normal -0.094779 -0.216145 0.97175
    outer loop
      vertex 2.22938 1.03336 5.57736
      vertex 3.11733 1.40496 5.74662
      vertex 2.19338 1.10939 5.59076
    endloop
  endfacet
  facet normal -0.103262 -0.188802 0.976571
    outer loop
      vertex 2.41661 0.390329 5.46397
      vertex 3.3605 0.621662 5.6085
      vertex 2.40329 0.473184 5.47858
    endloop
  endfacet
  facet normal -0.0339824 -0.181375 0.982827
    outer loop
      vertex 1.43338 0.367742 5.39076
      vertex 1.42188 0.416823 5.39942
      vertex 0.474152 0.190042 5.3248
    endloop
  endfacet
  facet normal 0.00298703 -0.172598 0.984988
    outer loop
      vertex 0.469737 0.206267 5.32766
      vertex 0.46475 0.222331 5.33049
      vertex 0.459197 0.238214 5.33329
    endloop
  endfacet
  facet normal -0.0642011 -0.200117 0.977666
    outer loop
      vertex 2.26266 0.956143 5.56374
      vertex 2.22938 1.03336 5.57736
      vertex 1.33872 0.654675 5.44136
    endloop
  endfacet
  facet normal -0.101864 -0.14951 0.983499
    outer loop
      vertex 3.33777 -0.660569 5.38241
      vertex 2.38703 -0.443813 5.31689
      vertex 2.36787 -0.52555 5.30248
    endloop
  endfacet
  facet normal -0.0679578 -0.157695 0.985147
    outer loop
      vertex 2.36787 -0.52555 5.30248
      vertex 1.43338 -0.23235 5.28495
      vertex 1.42188 -0.281432 5.2763
    endloop
  endfacet
  facet normal -0.0696704 -0.169644 0.98304
    outer loop
      vertex 2.43887 -0.0280151 5.39021
      vertex 1.46451 0.0173302 5.32898
      vertex 1.46184 -0.0329723 5.32011
    endloop
  endfacet
  facet normal -0.103263 -0.156608 0.982248
    outer loop
      vertex 3.3605 -0.545426 5.40271
      vertex 3.37913 -0.429573 5.42314
      vertex 2.41661 -0.278615 5.34602
    endloop
  endfacet
  facet normal -0.0659884 -0.150904 0.986344
    outer loop
      vertex 2.29319 -0.766114 5.26006
      vertex 2.32092 -0.686798 5.27405
      vertex 1.39368 -0.37826 5.25922
    endloop
  endfacet
  facet normal -0.167737 -0.126706 0.977655
    outer loop
      vertex 5.13569 -1.46523 5.55097
      vertex 4.25006 -1.02906 5.45555
      vertex 4.21048 -1.1745 5.42991
    endloop
  endfacet
  facet normal -0.136637 -0.145796 0.979834
    outer loop
      vertex 4.28445 -0.882354 5.48142
      vertex 4.31362 -0.734553 5.50748
      vertex 3.3605 -0.545426 5.40271
    endloop
  endfacet
  facet normal -0.170484 -0.138385 0.975595
    outer loop
      vertex 5.2259 -1.1089 5.6138
      vertex 5.26148 -0.928618 5.64559
      vertex 4.31362 -0.734553 5.50748
    endloop
  endfacet
  facet normal -0.204127 -0.130789 0.970168
    outer loop
      vertex 6.20294 -1.12739 5.81688
      vertex 5.26148 -0.928618 5.64559
      vertex 5.2259 -1.1089 5.6138
    endloop
  endfacet
  facet normal -0.170478 -0.13837 0.975598
    outer loop
      vertex 5.2259 -1.1089 5.6138
      vertex 4.31362 -0.734553 5.50748
      vertex 4.28445 -0.882354 5.48142
    endloop
  endfacet
  facet normal -0.103262 -0.156605 0.982248
    outer loop
      vertex 3.3605 -0.545426 5.40271
      vertex 2.41661 -0.278615 5.34602
      vertex 2.40329 -0.361468 5.33141
    endloop
  endfacet
  facet normal -0.138152 -0.155249 0.978167
    outer loop
      vertex 4.33754 -0.585841 5.5337
      vertex 4.35617 -0.436398 5.56005
      vertex 3.37913 -0.429573 5.42314
    endloop
  endfacet
  facet normal -0.206396 -0.144932 0.967675
    outer loop
      vertex 6.23733 -0.913539 5.85458
      vertex 6.26412 -0.698641 5.89248
      vertex 5.31338 -0.564946 5.70972
    endloop
  endfacet
  facet normal -0.137479 -0.150533 0.978999
    outer loop
      vertex 4.33754 -0.585841 5.5337
      vertex 3.37913 -0.429573 5.42314
      vertex 3.3605 -0.545426 5.40271
    endloop
  endfacet
  facet normal -0.138667 -0.160029 0.977324
    outer loop
      vertex 4.35617 -0.436398 5.56005
      vertex 4.36949 -0.286405 5.5865
      vertex 3.40403 -0.196299 5.46427
    endloop
  endfacet
  facet normal -0.138656 -0.159981 0.977333
    outer loop
      vertex 4.35617 -0.436398 5.56005
      vertex 3.40403 -0.196299 5.46427
      vertex 3.39365 -0.313149 5.44367
    endloop
  endfacet
  facet normal -0.139174 -0.174355 0.974798
    outer loop
      vertex 3.41234 0.0381174 5.5056
      vertex 4.3775 0.165041 5.6661
      vertex 3.41026 0.155397 5.52628
    endloop
  endfacet
  facet normal -0.139162 -0.169488 0.975658
    outer loop
      vertex 4.3775 -0.136045 5.61301
      vertex 3.41234 0.0381174 5.5056
      vertex 3.41026 -0.0791616 5.48493
    endloop
  endfacet
  facet normal -0.137482 -0.193415 0.971437
    outer loop
      vertex 3.37913 0.505809 5.58807
      vertex 4.31362 0.76355 5.77164
      vertex 3.3605 0.621662 5.6085
    endloop
  endfacet
  facet normal -0.13747 -0.193454 0.971431
    outer loop
      vertex 4.33754 0.614838 5.74541
      vertex 4.31362 0.76355 5.77164
      vertex 3.37913 0.505809 5.58807
    endloop
  endfacet
  facet normal -0.205377 -0.137842 0.968927
    outer loop
      vertex 6.23733 -0.913539 5.85458
      vertex 5.29066 -0.747229 5.67758
      vertex 5.26148 -0.928618 5.64559
    endloop
  endfacet
  facet normal -0.206384 -0.144897 0.967683
    outer loop
      vertex 6.23733 -0.913539 5.85458
      vertex 5.31338 -0.564946 5.70972
      vertex 5.29066 -0.747229 5.67758
    endloop
  endfacet
  facet normal -0.173018 -0.185925 0.967211
    outer loop
      vertex 5.32964 0.35205 5.87141
      vertex 5.31338 0.535003 5.90367
      vertex 4.36949 0.315401 5.69261
    endloop
  endfacet
  facet normal -0.104397 -0.178128 0.978454
    outer loop
      vertex 3.41026 0.155397 5.52628
      vertex 3.40403 0.272533 5.54694
      vertex 2.43442 0.223502 5.43456
    endloop
  endfacet
  facet normal -0.20412 -0.208937 0.956389
    outer loop
      vertex 5.26148 0.898675 5.96779
      vertex 6.20294 1.02687 6.19673
      vertex 5.2259 1.07895 5.99958
    endloop
  endfacet
  facet normal -0.237521 -0.213914 0.947536
    outer loop
      vertex 6.95095 1.1654 6.41551
      vertex 6.20294 1.02687 6.19673
      vertex 6.95257 1.12409 6.40659
    endloop
  endfacet
  facet normal -0.237509 -0.213968 0.947527
    outer loop
      vertex 6.20294 1.02687 6.19673
      vertex 6.95095 1.1654 6.41551
      vertex 6.16099 1.23941 6.23421
    endloop
  endfacet
  facet normal -0.24103 -0.189248 0.951887
    outer loop
      vertex 6.96955 0.458087 6.27191
      vertex 6.28329 0.382438 6.0831
      vertex 6.97058 0.399938 6.26061
    endloop
  endfacet
  facet normal -0.241029 -0.189258 0.951886
    outer loop
      vertex 6.28329 0.382438 6.0831
      vertex 6.96955 0.458087 6.27191
      vertex 6.26412 0.598126 6.12113
    endloop
  endfacet
  facet normal -0.206389 -0.194795 0.958884
    outer loop
      vertex 5.31338 0.535003 5.90367
      vertex 6.23733 0.813025 6.15902
      vertex 5.29066 0.717285 5.93581
    endloop
  endfacet
  facet normal -0.207148 -0.18771 0.960133
    outer loop
      vertex 5.32964 0.35205 5.87141
      vertex 6.28329 0.382438 6.0831
      vertex 5.31338 0.535003 5.90367
    endloop
  endfacet
  facet normal -0.198851 -0.229739 0.952721
    outer loop
      vertex 5.13569 1.43529 6.06241
      vertex 5.99035 1.86656 6.34479
      vertex 5.08116 1.61092 6.09338
    endloop
  endfacet
  facet normal -0.167751 -0.215278 0.962037
    outer loop
      vertex 5.18395 1.2579 6.03113
      vertex 5.13569 1.43529 6.06241
      vertex 4.21048 1.20349 5.84921
    endloop
  endfacet
  facet normal -0.133116 -0.212038 0.968153
    outer loop
      vertex 3.28015 0.964396 5.66893
      vertex 4.21048 1.20349 5.84921
      vertex 3.24533 1.07657 5.68871
    endloop
  endfacet
  facet normal -0.133115 -0.21204 0.968153
    outer loop
      vertex 4.21048 1.20349 5.84921
      vertex 4.16578 1.34748 5.8746
      vertex 3.24533 1.07657 5.68871
    endloop
  endfacet
  facet normal -0.0216987 -0.200457 0.979462
    outer loop
      vertex 0.314109 0.442272 5.36927
      vertex 0.902194 1.20491 5.53838
      vertex 0.300853 0.452844 5.37114
    endloop
  endfacet
  facet normal -0.118419 -0.296123 0.94778
    outer loop
      vertex 3.04272 3.11746 6.18669
      vertex 3.71132 3.76982 6.47405
      vertex 2.9309 3.22014 6.2048
    endloop
  endfacet
  facet normal -0.178258 -0.0643943 0.981874
    outer loop
      vertex 5.34154 -3.33731 5.42721
      vertex 4.62687 -2.64571 5.34282
      vertex 4.53083 -2.80313 5.31506
    endloop
  endfacet
  facet normal -0.148871 -0.0829395 0.985372
    outer loop
      vertex 4.53083 -2.80313 5.31506
      vertex 4.62687 -2.64571 5.34282
      vertex 3.71459 -2.27137 5.2365
    endloop
  endfacet
  facet normal -0.0976027 -0.135807 0.985916
    outer loop
      vertex 3.20655 -1.11124 5.30294
      vertex 2.29319 -0.766114 5.26006
      vertex 2.26266 -0.844429 5.24625
    endloop
  endfacet
  facet normal -0.0976031 -0.135808 0.985916
    outer loop
      vertex 3.16387 -1.22075 5.28363
      vertex 3.20655 -1.11124 5.30294
      vertex 2.26266 -0.844429 5.24625
    endloop
  endfacet
  facet normal -0.0305106 -0.156839 0.987153
    outer loop
      vertex 1.26908 -0.653875 5.21063
      vertex 0.431467 -0.15231 5.26443
      vertex 0.423198 -0.167003 5.26184
    endloop
  endfacet
  facet normal -0.0621608 -0.142037 0.987908
    outer loop
      vertex 2.15471 -1.07242 5.20605
      vertex 2.19338 -0.997673 5.21923
      vertex 1.3171 -0.564937 5.22631
    endloop
  endfacet
  facet normal -0.0476022 -0.12299 0.991266
    outer loop
      vertex 1.63292 -1.73013 5.09008
      vertex 1.69522 -1.67292 5.10017
      vertex 0.980548 -1.00477 5.14875
    endloop
  endfacet
  facet normal -0.105066 -0.08204 0.991075
    outer loop
      vertex 3.2551 -2.87188 5.13061
      vertex 3.3554 -2.75824 5.15065
      vertex 2.53586 -2.2105 5.10911
    endloop
  endfacet
  facet normal -0.067901 -0.013588 0.9976
    outer loop
      vertex 2.17305 -4.82158 4.95916
      vertex 1.78157 -3.92619 4.94471
      vertex 1.64084 -3.98502 4.93433
    endloop
  endfacet
  facet normal -0.0599442 -0.088348 0.994284
    outer loop
      vertex 1.90816 -2.74786 5.01436
      vertex 2.00572 -2.68058 5.02622
      vertex 1.36463 -1.93656 5.05368
    endloop
  endfacet
  facet normal -0.161615 -0.04099 0.986002
    outer loop
      vertex 4.82503 -4.03743 5.30376
      vertex 4.21007 -3.25426 5.23552
      vertex 4.09271 -3.39699 5.21035
    endloop
  endfacet
  facet normal -0.10816 -0.0856805 0.990434
    outer loop
      vertex 3.3554 -2.75824 5.15065
      vertex 3.45162 -2.64123 5.17128
      vertex 2.68896 -2.03081 5.1408
    endloop
  endfacet
  facet normal -0.156937 -0.0354998 0.98697
    outer loop
      vertex 4.82503 -4.03743 5.30376
      vertex 4.09271 -3.39699 5.21035
      vertex 3.97036 -3.53559 5.18591
    endloop
  endfacet
  facet normal -0.156931 -0.035489 0.986972
    outer loop
      vertex 4.68079 -4.20083 5.27495
      vertex 4.82503 -4.03743 5.30376
      vertex 3.97036 -3.53559 5.18591
    endloop
  endfacet
  facet normal -0.158719 0.0113599 0.987258
    outer loop
      vertex 4.65824 -5.55845 5.27565
      vertex 4.84914 -5.39502 5.30446
      vertex 4.21461 -4.65994 5.19399
    endloop
  endfacet
  facet normal -0.158712 0.0113636 0.98726
    outer loop
      vertex 4.65824 -5.55845 5.27565
      vertex 4.21461 -4.65994 5.19399
      vertex 4.04868 -4.80198 5.16895
    endloop
  endfacet
  facet normal -0.145592 0.0218211 0.989104
    outer loop
      vertex 4.46166 -5.71522 5.248
      vertex 3.87782 -4.93824 5.14492
      vertex 3.70224 -5.06854 5.12195
    endloop
  endfacet
  facet normal -0.145594 0.021818 0.989104
    outer loop
      vertex 4.25964 -5.86514 5.22157
      vertex 4.46166 -5.71522 5.248
      vertex 3.70224 -5.06854 5.12195
    endloop
  endfacet
  facet normal -0.0349003 -0.174136 0.984103
    outer loop
      vertex 1.46541 0.0676956 5.33786
      vertex 1.46451 0.11806 5.34674
      vertex 0.488369 0.0904131 5.30723
    endloop
  endfacet
  facet normal -0.10452 -0.174507 0.979093
    outer loop
      vertex 2.44036 0.0558567 5.405
      vertex 3.41026 0.155397 5.52628
      vertex 2.43887 0.13973 5.41979
    endloop
  endfacet
  facet normal -0.0345071 -0.16843 0.985109
    outer loop
      vertex 1.45115 -0.13315 5.30244
      vertex 0.483912 0.00664234 5.29246
      vertex 0.481243 -0.00994778 5.28953
    endloop
  endfacet
  facet normal -0.0344669 -0.168107 0.985166
    outer loop
      vertex 1.44314 -0.182903 5.29367
      vertex 1.45115 -0.13315 5.30244
      vertex 0.481243 -0.00994778 5.28953
    endloop
  endfacet
  facet normal -0.0347687 -0.176576 0.983673
    outer loop
      vertex 1.46184 0.168365 5.35561
      vertex 1.45738 0.218545 5.36446
      vertex 0.48599 0.123922 5.31314
    endloop
  endfacet
  facet normal -0.0694995 -0.179252 0.981345
    outer loop
      vertex 1.46184 0.168365 5.35561
      vertex 2.43442 0.223502 5.43456
      vertex 1.45738 0.218545 5.36446
    endloop
  endfacet
  facet normal -0.000906557 -0.173621 0.984812
    outer loop
      vertex 0.487476 0.0400486 5.29835
      vertex 0.488369 0.0904131 5.30723
      vertex 0.477988 -0.0264368 5.28662
    endloop
  endfacet
  facet normal -0.0339294 -0.165483 0.985629
    outer loop
      vertex 1.42188 -0.281432 5.2763
      vertex 0.477988 -0.0264368 5.28662
      vertex 0.474152 -0.0428038 5.28374
    endloop
  endfacet
  facet normal -0.0285451 -0.19332 0.98072
    outer loop
      vertex 1.21488 0.874691 5.48015
      vertex 1.18554 0.915955 5.48743
      vertex 0.405123 0.342727 5.35172
    endloop
  endfacet
  facet normal -0.031069 -0.189191 0.981449
    outer loop
      vertex 0.439211 0.284581 5.34147
      vertex 1.29388 0.745211 5.45732
      vertex 0.431467 0.299548 5.34411
    endloop
  endfacet
  facet normal -0.0659078 -0.150717 0.986378
    outer loop
      vertex 2.29319 -0.766114 5.26006
      vertex 1.39368 -0.37826 5.25922
      vertex 1.37703 -0.425888 5.25083
    endloop
  endfacet
  facet normal -0.0322057 -0.160305 0.986542
    outer loop
      vertex 1.3587 -0.472915 5.24253
      vertex 0.453084 -0.106658 5.27248
      vertex 0.44642 -0.12212 5.26975
    endloop
  endfacet
  facet normal 0.0183261 -0.165559 0.98603
    outer loop
      vertex 0.453084 0.253896 5.33606
      vertex 0.44642 0.269358 5.33878
      vertex 0.439211 0.284581 5.34147
    endloop
  endfacet
  facet normal -0.0641945 -0.200136 0.977663
    outer loop
      vertex 1.3587 0.608307 5.43318
      vertex 2.26266 0.956143 5.56374
      vertex 1.33872 0.654675 5.44136
    endloop
  endfacet
  facet normal -0.0877067 -0.116679 0.989289
    outer loop
      vertex 2.89383 -1.74268 5.1916
      vertex 2.06954 -1.21769 5.18044
      vertex 2.02315 -1.28804 5.16803
    endloop
  endfacet
  facet normal -0.0876569 -0.116583 0.989305
    outer loop
      vertex 2.82896 -1.84105 5.17426
      vertex 2.89383 -1.74268 5.1916
      vertex 2.02315 -1.28804 5.16803
    endloop
  endfacet
  facet normal -0.0272561 -0.109976 0.99356
    outer loop
      vertex 0.914175 -2.17243 5.01209
      vertex 0.596034 -1.25068 5.10539
      vertex 0.54895 -1.27036 5.10192
    endloop
  endfacet
  facet normal -0.0136331 -0.141903 0.989787
    outer loop
      vertex 0.54895 -1.27036 5.10192
      vertex 0.596034 -1.25068 5.10539
      vertex 0.198758 -0.366018 5.22675
    endloop
  endfacet
  facet normal -0.0358623 -0.114294 0.992799
    outer loop
      vertex 1.22018 -2.02545 5.03801
      vertex 0.776546 -1.15616 5.12206
      vertex 0.732703 -1.1821 5.11749
    endloop
  endfacet
  facet normal -0.0631914 -0.0498224 0.996757
    outer loop
      vertex 2.05636 -3.7942 4.96798
      vertex 1.602 -2.92903 4.98242
      vertex 1.49587 -2.98228 4.97303
    endloop
  endfacet
  facet normal -0.098867 -0.139227 0.985313
    outer loop
      vertex 3.20655 -1.11124 5.30294
      vertex 2.32092 -0.686798 5.27405
      vertex 2.29319 -0.766114 5.26006
    endloop
  endfacet
  facet normal -0.131621 -0.127355 0.983085
    outer loop
      vertex 4.16578 -1.31848 5.40452
      vertex 3.24533 -1.00033 5.3225
      vertex 3.20655 -1.11124 5.30294
    endloop
  endfacet
  facet normal 0.0565302 -0.00928714 0.998358
    outer loop
      vertex -1.65097 -5.01894 4.92436
      vertex -1.4981 -4.03898 4.92482
      vertex -1.82729 -4.95915 4.9349
    endloop
  endfacet
  facet normal 0.0109247 -0.105363 0.994374
    outer loop
      vertex -0.203945 -1.3614 5.08587
      vertex -0.254465 -1.35352 5.08726
      vertex -0.339632 -2.32404 4.98536
    endloop
  endfacet
  facet normal 0.00900517 -0.0701304 0.997497
    outer loop
      vertex -0.238032 -3.3142 4.9145
      vertex -0.170231 -2.34157 4.98227
      vertex -0.255087 -2.33426 4.98355
    endloop
  endfacet
  facet normal -0.000576573 -0.168257 0.985743
    outer loop
      vertex 0.0340872 -0.406452 5.21962
      vertex 0.0510788 -0.404987 5.21988
      vertex 0.0170536 -0.407331 5.21946
    endloop
  endfacet
  facet normal 0.0104225 -0.140733 0.989993
    outer loop
      vertex -0.134694 -0.388982 5.2227
      vertex -0.151006 -0.38407 5.22357
      vertex -0.40392 -1.31954 5.09325
    endloop
  endfacet
  facet normal -0.00271655 -0.180348 0.983599
    outer loop
      vertex -0.183058 -0.372581 5.22559
      vertex -0.167133 -0.378602 5.22453
      vertex -0.198758 -0.366018 5.22675
    endloop
  endfacet
  facet normal 0.0329477 -0.162209 0.986206
    outer loop
      vertex -1.37703 -0.425888 5.25083
      vertex -0.46475 -0.0750933 5.27805
      vertex -1.39368 -0.37826 5.25922
    endloop
  endfacet
  facet normal 0.00261194 -0.173384 0.984851
    outer loop
      vertex -0.48599 0.0233145 5.2954
      vertex -0.477988 -0.0264368 5.28662
      vertex -0.487476 0.0400486 5.29835
    endloop
  endfacet
  facet normal 0.00830687 -0.170794 0.985272
    outer loop
      vertex -0.459197 -0.0909758 5.27525
      vertex -0.453084 -0.106658 5.27248
      vertex -0.46475 -0.0750933 5.27805
    endloop
  endfacet
  facet normal 0.0667054 -0.153077 0.98596
    outer loop
      vertex -2.32092 -0.686798 5.27405
      vertex -1.39368 -0.37826 5.25922
      vertex -2.34583 -0.606578 5.28819
    endloop
  endfacet
  facet normal 0.00088848 -0.172252 0.985053
    outer loop
      vertex -0.287231 -0.315715 5.23562
      vertex -0.258954 -0.334498 5.23231
      vertex -0.300853 -0.305606 5.2374
    endloop
  endfacet
  facet normal 0.0342716 -0.167004 0.98536
    outer loop
      vertex -1.43338 -0.23235 5.28495
      vertex -0.477988 -0.0264368 5.28662
      vertex -1.44314 -0.182903 5.29367
    endloop
  endfacet
  facet normal 0.0316348 -0.159012 0.98677
    outer loop
      vertex -1.3171 -0.564937 5.22631
      vertex -0.439211 -0.137344 5.26707
      vertex -1.33872 -0.519283 5.23436
    endloop
  endfacet
  facet normal -0.000652015 -0.173954 0.984754
    outer loop
      vertex -0.423198 -0.167003 5.26184
      vertex -0.405123 -0.195489 5.25682
      vertex -0.431467 -0.15231 5.26443
    endloop
  endfacet
  facet normal -0.0295943 -0.111001 0.99338
    outer loop
      vertex 0.992583 -2.13965 5.01787
      vertex 0.642391 -1.22939 5.10915
      vertex 0.596034 -1.25068 5.10539
    endloop
  endfacet
  facet normal -0.00749583 -0.139961 0.990129
    outer loop
      vertex 0.354513 -1.33258 5.09095
      vertex 0.118218 -0.393329 5.22193
      vertex 0.101599 -0.397108 5.22127
    endloop
  endfacet
  facet normal 0.000652015 -0.173954 0.984754
    outer loop
      vertex 0.423198 -0.167003 5.26184
      vertex 0.431467 -0.15231 5.26443
      vertex 0.405123 -0.195489 5.25682
    endloop
  endfacet
  facet normal -0.0316348 -0.159012 0.98677
    outer loop
      vertex 1.3171 -0.564937 5.22631
      vertex 1.33872 -0.519283 5.23436
      vertex 0.439211 -0.137344 5.26707
    endloop
  endfacet
  facet normal -0.0291479 -0.154625 0.987543
    outer loop
      vertex 1.24273 -0.697053 5.20301
      vertex 0.414412 -0.181401 5.2593
      vertex 0.405123 -0.195489 5.25682
    endloop
  endfacet
  facet normal -0.0270933 -0.151867 0.98803
    outer loop
      vertex 1.12257 -0.859939 5.17429
      vertex 1.15476 -0.820791 5.18119
      vertex 0.385075 -0.222664 5.25202
    endloop
  endfacet
  facet normal -0.0628971 -0.0904699 0.993911
    outer loop
      vertex 2.00572 -2.68058 5.02622
      vertex 1.50244 -1.83796 5.07107
      vertex 1.43441 -1.88844 5.06217
    endloop
  endfacet
  facet normal -0.0600089 -0.0884035 0.994275
    outer loop
      vertex 2.00572 -2.68058 5.02622
      vertex 1.43441 -1.88844 5.06217
      vertex 1.36463 -1.93656 5.05368
    endloop
  endfacet
  facet normal -0.0156166 -0.142789 0.98963
    outer loop
      vertex 0.687966 -1.20652 5.11318
      vertex 0.229415 -0.351294 5.22934
      vertex 0.214217 -0.358919 5.228
    endloop
  endfacet
  facet normal -0.0261483 -0.150759 0.988225
    outer loop
      vertex 1.12257 -0.859939 5.17429
      vertex 0.37434 -0.235718 5.24972
      vertex 0.363151 -0.248395 5.24749
    endloop
  endfacet
  facet normal 0.138789 0.0266874 0.989962
    outer loop
      vertex -3.52215 -5.19273 5.10005
      vertex -3.70224 -5.06854 5.12195
      vertex -4.25964 -5.86514 5.22157
    endloop
  endfacet
  facet normal 0.158712 0.0113636 0.98726
    outer loop
      vertex -4.04868 -4.80198 5.16895
      vertex -4.21461 -4.65994 5.19399
      vertex -4.65824 -5.55845 5.27565
    endloop
  endfacet
  facet normal 0.0745136 0.0213309 0.996992
    outer loop
      vertex -2.15426 -5.87911 4.97902
      vertex -1.82729 -4.95915 4.9349
      vertex -2.35951 -5.80152 4.9927
    endloop
  endfacet
  facet normal 0.0867028 0.0539649 0.994772
    outer loop
      vertex -2.43872 -6.46414 5.03555
      vertex -2.35951 -5.80152 4.9927
      vertex -2.61498 -6.45377 5.05035
    endloop
  endfacet
  facet normal 0.138767 0.0267121 0.989965
    outer loop
      vertex -4.05243 -6.00802 5.19638
      vertex -3.52215 -5.19273 5.10005
      vertex -4.25964 -5.86514 5.22157
    endloop
  endfacet
  facet normal 0.152102 -0.0302234 0.987903
    outer loop
      vertex -4.53085 -4.35918 5.24702
      vertex -3.84318 -3.66991 5.16223
      vertex -4.68079 -4.20083 5.27495
    endloop
  endfacet
  facet normal 0.130864 -0.0107069 0.991343
    outer loop
      vertex -3.28926 -4.16108 5.07562
      vertex -3.43419 -4.0455 5.096
      vertex -3.87782 -4.93824 5.14492
    endloop
  endfacet
  facet normal 0.236299 -0.0270897 0.971303
    outer loop
      vertex -6.74924 -3.956 5.7173
      vertex -6.14575 -3.87326 5.57279
      vertex -6.27603 -3.65973 5.61044
    endloop
  endfacet
  facet normal 0.236301 -0.0271063 0.971302
    outer loop
      vertex -6.14575 -3.87326 5.57279
      vertex -6.74924 -3.956 5.7173
      vertex -6.73713 -4.05862 5.71149
    endloop
  endfacet
  facet normal 0.2573 -0.0696677 0.963817
    outer loop
      vertex -6.88128 -2.58951 5.82417
      vertex -6.71924 -2.76482 5.76824
      vertex -6.80989 -2.53226 5.80925
    endloop
  endfacet
  facet normal 0.257351 -0.0696172 0.963807
    outer loop
      vertex -6.71924 -2.76482 5.76824
      vertex -6.88128 -2.58951 5.82417
      vertex -6.86182 -2.82921 5.80166
    endloop
  endfacet
  facet normal 0.188018 -0.0185177 0.981991
    outer loop
      vertex -5.55147 -4.67878 5.43076
      vertex -4.96339 -3.86917 5.33343
      vertex -5.71066 -4.48519 5.46489
    endloop
  endfacet
  facet normal 0.161615 -0.04099 0.986002
    outer loop
      vertex -4.09271 -3.39699 5.21035
      vertex -4.21007 -3.25426 5.23552
      vertex -4.82503 -4.03743 5.30376
    endloop
  endfacet
  facet normal 0.154765 -0.0933948 0.983527
    outer loop
      vertex -4.71728 -2.48509 5.37114
      vertex -3.86746 -2.01062 5.28247
      vertex -4.80194 -2.32146 5.4
    endloop
  endfacet
  facet normal 0.11115 -0.0894489 0.98977
    outer loop
      vertex -3.45162 -2.64123 5.17128
      vertex -2.68896 -2.03081 5.1408
      vertex -3.54363 -2.52098 5.19248
    endloop
  endfacet
  facet normal 0.131089 -0.0588158 0.989624
    outer loop
      vertex -3.2551 -2.87188 5.13061
      vertex -3.3554 -2.75824 5.15065
      vertex -3.97036 -3.53559 5.18591
    endloop
  endfacet
  facet normal 0.152073 -0.0301749 0.987909
    outer loop
      vertex -3.84318 -3.66991 5.16223
      vertex -3.97036 -3.53559 5.18591
      vertex -4.68079 -4.20083 5.27495
    endloop
  endfacet
  facet normal 0.156937 -0.0354998 0.98697
    outer loop
      vertex -3.97036 -3.53559 5.18591
      vertex -4.09271 -3.39699 5.21035
      vertex -4.82503 -4.03743 5.30376
    endloop
  endfacet
  facet normal 0.156931 -0.035489 0.986972
    outer loop
      vertex -4.68079 -4.20083 5.27495
      vertex -3.97036 -3.53559 5.18591
      vertex -4.82503 -4.03743 5.30376
    endloop
  endfacet
  facet normal 0.141835 -0.0200986 0.989686
    outer loop
      vertex -3.57493 -3.92502 5.11724
      vertex -3.71132 -3.79977 5.13933
      vertex -4.37539 -4.51228 5.22003
    endloop
  endfacet
  facet normal 0.0798474 -0.0596741 0.995019
    outer loop
      vertex -2.44936 -3.56166 5.00898
      vertex -2.00572 -2.68058 5.02622
      vertex -2.5746 -3.47529 5.02421
    endloop
  endfacet
  facet normal 0.109296 -0.0380921 0.993279
    outer loop
      vertex -3.28926 -4.16108 5.07562
      vertex -2.81552 -3.28993 5.0569
      vertex -3.43419 -4.0455 5.096
    endloop
  endfacet
  facet normal 0.152289 0.0166707 0.988195
    outer loop
      vertex -4.46166 -5.71522 5.248
      vertex -4.04868 -4.80198 5.16895
      vertex -4.65824 -5.55845 5.27565
    endloop
  endfacet
  facet normal 0.131071 -0.0588016 0.989628
    outer loop
      vertex -3.97036 -3.53559 5.18591
      vertex -3.3554 -2.75824 5.15065
      vertex -4.09271 -3.39699 5.21035
    endloop
  endfacet
  facet normal 0.0712642 -0.0973645 0.992694
    outer loop
      vertex -2.2833 -2.45922 5.06526
      vertex -1.63292 -1.73013 5.09008
      vertex -2.37041 -2.37922 5.07936
    endloop
  endfacet
  facet normal -0.045299 -0.0423381 0.998076
    outer loop
      vertex 1.35355 -4.088 4.91618
      vertex 1.4981 -4.03898 4.92482
      vertex 1.05447 -3.15791 4.94206
    endloop
  endfacet
  facet normal -0.0407213 -0.0408773 0.998334
    outer loop
      vertex 1.20734 -4.13202 4.90841
      vertex 1.05447 -3.15791 4.94206
      vertex 0.940568 -3.1922 4.93601
    endloop
  endfacet
  facet normal -0.0340074 -0.0753353 0.996578
    outer loop
      vertex 1.05447 -3.15791 4.94206
      vertex 1.16709 -3.11972 4.94879
      vertex 0.754112 -2.2298 5.00197
    endloop
  endfacet
  facet normal -0.0113048 -0.141024 0.989942
    outer loop
      vertex 0.452835 -1.30482 5.09585
      vertex 0.501198 -1.28841 5.09874
      vertex 0.151006 -0.38407 5.22357
    endloop
  endfacet
  facet normal -0.0316274 -0.111989 0.993206
    outer loop
      vertex 1.06978 -2.1042 5.02412
      vertex 0.687966 -1.20652 5.11318
      vertex 0.642391 -1.22939 5.10915
    endloop
  endfacet
  facet normal -0.0757702 -0.0569705 0.995496
    outer loop
      vertex 2.44936 -3.56166 5.00898
      vertex 1.90816 -2.74786 5.01436
      vertex 1.80826 -2.81175 5.0031
    endloop
  endfacet
  facet normal 0.0999713 -0.202799 0.974104
    outer loop
      vertex -2.32092 0.798513 5.53595
      vertex -3.24533 1.07657 5.68871
      vertex -3.28015 0.964396 5.66893
    endloop
  endfacet
  facet normal 0.133116 -0.212038 0.968153
    outer loop
      vertex -3.28015 0.964396 5.66893
      vertex -3.24533 1.07657 5.68871
      vertex -4.21048 1.20349 5.84921
    endloop
  endfacet
  facet normal 0.166077 -0.221027 0.961023
    outer loop
      vertex -4.21048 1.20349 5.84921
      vertex -5.08116 1.61092 6.09338
      vertex -5.13569 1.43529 6.06241
    endloop
  endfacet
  facet normal 0.166082 -0.221017 0.961025
    outer loop
      vertex -4.21048 1.20349 5.84921
      vertex -4.16578 1.34748 5.8746
      vertex -5.08116 1.61092 6.09338
    endloop
  endfacet
  facet normal 0.0679605 -0.188768 0.979667
    outer loop
      vertex -1.42188 0.416823 5.39942
      vertex -2.36787 0.637264 5.50752
      vertex -2.38703 0.555529 5.4931
    endloop
  endfacet
  facet normal 0.0684841 -0.186344 0.980095
    outer loop
      vertex -1.43338 0.367742 5.39076
      vertex -2.38703 0.555529 5.4931
      vertex -2.40329 0.473184 5.47858
    endloop
  endfacet
  facet normal 0.101843 -0.195942 0.975313
    outer loop
      vertex -2.38703 0.555529 5.4931
      vertex -2.36787 0.637264 5.50752
      vertex -3.31098 0.851096 5.64896
    endloop
  endfacet
  facet normal 0.101854 -0.195913 0.975317
    outer loop
      vertex -2.38703 0.555529 5.4931
      vertex -3.31098 0.851096 5.64896
      vertex -3.33777 0.736805 5.6288
    endloop
  endfacet
  facet normal 0.101 -0.199285 0.974723
    outer loop
      vertex -2.34583 0.718292 5.5218
      vertex -3.28015 0.964396 5.66893
      vertex -3.31098 0.851096 5.64896
    endloop
  endfacet
  facet normal 0.0999597 -0.202857 0.974093
    outer loop
      vertex -2.34583 0.718292 5.5218
      vertex -2.32092 0.798513 5.53595
      vertex -3.28015 0.964396 5.66893
    endloop
  endfacet
  facet normal 0.0337109 -0.182448 0.982637
    outer loop
      vertex -0.474152 0.190042 5.3248
      vertex -1.40864 0.46548 5.408
      vertex -1.42188 0.416823 5.39942
    endloop
  endfacet
  facet normal 0.0339824 -0.181375 0.982827
    outer loop
      vertex -0.474152 0.190042 5.3248
      vertex -1.42188 0.416823 5.39942
      vertex -1.43338 0.367742 5.39076
    endloop
  endfacet
  facet normal 0.167752 -0.215267 0.962039
    outer loop
      vertex -4.25006 1.05806 5.82357
      vertex -4.21048 1.20349 5.84921
      vertex -5.18395 1.2579 6.03113
    endloop
  endfacet
  facet normal 0.104397 -0.178128 0.978454
    outer loop
      vertex -2.43442 0.223502 5.43456
      vertex -3.40403 0.272533 5.54694
      vertex -3.41026 0.155397 5.52628
    endloop
  endfacet
  facet normal 0.0344669 -0.168107 0.985166
    outer loop
      vertex -1.44314 -0.182903 5.29367
      vertex -0.481243 -0.00994778 5.28953
      vertex -1.45115 -0.13315 5.30244
    endloop
  endfacet
  facet normal 0.137482 -0.193415 0.971437
    outer loop
      vertex -3.37913 0.505809 5.58807
      vertex -3.3605 0.621662 5.6085
      vertex -4.31362 0.76355 5.77164
    endloop
  endfacet
  facet normal 0.0812853 -0.107944 0.990828
    outer loop
      vertex -2.61401 -2.12197 5.12472
      vertex -1.92303 -1.42375 5.1441
      vertex -2.68896 -2.03081 5.1408
    endloop
  endfacet
  facet normal 8.82307e-05 -0.173778 0.984785
    outer loop
      vertex -0.481243 -0.00994778 5.28953
      vertex -0.477988 -0.0264368 5.28662
      vertex -0.48599 0.0233145 5.2954
    endloop
  endfacet
  facet normal 0.0380301 -0.115618 0.992565
    outer loop
      vertex -0.776546 -1.15616 5.12206
      vertex -0.819445 -1.12872 5.1269
      vertex -1.29319 -1.98224 5.04563
    endloop
  endfacet
  facet normal 0.0948951 -0.0716705 0.992904
    outer loop
      vertex -2.2833 -2.45922 5.06526
      vertex -2.37041 -2.37922 5.07936
      vertex -3.04272 -3.08846 5.09242
    endloop
  endfacet
  facet normal 0.157408 -0.0987297 0.982586
    outer loop
      vertex -4.80194 -2.32146 5.4
      vertex -3.93687 -1.87647 5.30613
      vertex -4.88075 -2.15501 5.42935
    endloop
  endfacet
  facet normal 0.159876 -0.104184 0.981624
    outer loop
      vertex -4.00148 -1.74001 5.33019
      vertex -4.06122 -1.60141 5.35463
      vertex -4.88075 -2.15501 5.42935
    endloop
  endfacet
  facet normal 0.222717 -0.0753705 0.971965
    outer loop
      vertex -6.6204 -2.99413 5.72781
      vertex -5.83999 -2.37392 5.59708
      vertex -6.71924 -2.76482 5.76824
    endloop
  endfacet
  facet normal 0.196622 -0.103197 0.975033
    outer loop
      vertex -5.91878 -2.17179 5.63272
      vertex -5.02045 -1.81451 5.48938
      vertex -5.99035 -1.96707 5.66882
    endloop
  endfacet
  facet normal 0.171532 -0.144238 0.974562
    outer loop
      vertex -4.31362 -0.734553 5.50748
      vertex -4.33754 -0.585841 5.5337
      vertex -5.26148 -0.928618 5.64559
    endloop
  endfacet
  facet normal 0.170478 -0.13837 0.975598
    outer loop
      vertex -4.28445 -0.882354 5.48142
      vertex -4.31362 -0.734553 5.50748
      vertex -5.2259 -1.1089 5.6138
    endloop
  endfacet
  facet normal 0.253746 -0.0608308 0.965356
    outer loop
      vertex -6.86182 -2.82921 5.80166
      vertex -6.6204 -2.99413 5.72781
      vertex -6.71924 -2.76482 5.76824
    endloop
  endfacet
  facet normal 0.253736 -0.0608462 0.965358
    outer loop
      vertex -6.6204 -2.99413 5.72781
      vertex -6.86182 -2.82921 5.80166
      vertex -6.84385 -3.03192 5.78416
    endloop
  endfacet
  facet normal 0.196621 -0.103189 0.975035
    outer loop
      vertex -5.02045 -1.81451 5.48938
      vertex -5.08116 -1.64086 5.52
      vertex -5.99035 -1.96707 5.66882
    endloop
  endfacet
  facet normal 0.145662 -0.0778812 0.986264
    outer loop
      vertex -3.63132 -2.39765 5.21423
      vertex -3.71459 -2.27137 5.2365
      vertex -4.53083 -2.80313 5.31506
    endloop
  endfacet
  facet normal 0.145653 -0.0778615 0.986267
    outer loop
      vertex -4.42926 -2.95716 5.2879
      vertex -3.63132 -2.39765 5.21423
      vertex -4.53083 -2.80313 5.31506
    endloop
  endfacet
  facet normal 0.231223 -0.0190764 0.972714
    outer loop
      vertex -6.71384 -4.2562 5.70032
      vertex -6.6358 -4.4642 5.67769
      vertex -6.14575 -3.87326 5.57279
    endloop
  endfacet
  facet normal 0.23122 -0.0190776 0.972715
    outer loop
      vertex -6.6358 -4.4642 5.67769
      vertex -6.71384 -4.2562 5.70032
      vertex -6.7 -4.36685 5.69486
    endloop
  endfacet
  facet normal 0.228773 -0.0909081 0.969226
    outer loop
      vertex -6.80989 -2.53226 5.80925
      vertex -5.99035 -1.96707 5.66882
      vertex -6.89224 -2.29672 5.85078
    endloop
  endfacet
  facet normal 0.260616 -0.0784707 0.962248
    outer loop
      vertex -6.88347 -2.56253 5.82671
      vertex -6.80989 -2.53226 5.80925
      vertex -6.88514 -2.53975 5.82902
    endloop
  endfacet
  facet normal 0.200855 -0.116822 0.97263
    outer loop
      vertex -6.05463 -1.76002 5.70533
      vertex -5.13569 -1.46523 5.55097
      vertex -6.11153 -1.55088 5.7422
    endloop
  endfacet
  facet normal -0.141977 0.0657853 0.987682
    outer loop
      vertex 3.84029 -6.14369 5.17245
      vertex 3.6798 -6.3737 5.1647
      vertex 3.89452 -6.35305 5.19419
    endloop
  endfacet
  facet normal -0.141968 0.0657795 0.987683
    outer loop
      vertex 3.6798 -6.3737 5.1647
      vertex 3.84029 -6.14369 5.17245
      vertex 3.62347 -6.272 5.14983
    endloop
  endfacet
  facet normal -0.142002 0.0657783 0.987678
    outer loop
      vertex 3.89452 -6.35305 5.19419
      vertex 3.96178 -6.34659 5.20343
      vertex 3.84029 -6.14369 5.17245
    endloop
  endfacet
  facet normal -0.0878546 0.015755 0.996009
    outer loop
      vertex 2.56188 -5.71692 5.00762
      vertex 2.34206 -4.74396 4.97284
      vertex 2.17305 -4.82158 4.95916
    endloop
  endfacet
  facet normal -0.0588241 -0.0477214 0.997127
    outer loop
      vertex 1.78157 -3.92619 4.94471
      vertex 1.92014 -3.86256 4.95593
      vertex 1.49587 -2.98228 4.97303
    endloop
  endfacet
  facet normal -0.121202 0.0770192 0.989635
    outer loop
      vertex 3.40333 -6.39862 5.12912
      vertex 3.40514 -6.39847 5.12933
      vertex 3.40223 -6.39277 5.12853
    endloop
  endfacet
  facet normal -0.0626594 0.0616656 0.996128
    outer loop
      vertex 1.7444 -6.49881 4.98603
      vertex 1.86996 -6.49351 4.9936
      vertex 1.73614 -6.0129 4.95543
    endloop
  endfacet
  facet normal -0.0467861 0.0296798 0.998464
    outer loop
      vertex 1.30956 -6.11765 4.93696
      vertex 1.52378 -6.06894 4.94555
      vertex 1.2925 -5.12017 4.90651
    endloop
  endfacet
  facet normal -0.134724 0.0699444 0.988412
    outer loop
      vertex 3.40514 -6.39847 5.12933
      vertex 3.40745 -6.39826 5.12963
      vertex 3.40223 -6.39277 5.12853
    endloop
  endfacet
  facet normal -0.00426218 0.0697576 0.997555
    outer loop
      vertex 0.0736514 -6.53585 4.93314
      vertex 0 -6.2532 4.91306
      vertex 0 -6.53606 4.93284
    endloop
  endfacet
  facet normal 0.070704 0.0593939 0.995728
    outer loop
      vertex -1.86996 -6.49351 4.9936
      vertex -1.73614 -6.0129 4.95543
      vertex -2.01154 -6.48675 5.00325
    endloop
  endfacet
  facet normal 0.0461729 0.0653964 0.996791
    outer loop
      vertex -1.09375 -6.15896 4.92968
      vertex -1.28925 -6.51554 4.96213
      vertex -1.15557 -6.51969 4.95621
    endloop
  endfacet
  facet normal 0.046146 0.0654112 0.996791
    outer loop
      vertex -1.28925 -6.51554 4.96213
      vertex -1.09375 -6.15896 4.92968
      vertex -1.30956 -6.11765 4.93696
    endloop
  endfacet
  facet normal 0.0331444 -0.00311648 0.999446
    outer loop
      vertex -0.927741 -5.19652 4.89304
      vertex -0.760607 -4.23359 4.8905
      vertex -1.1108 -5.16148 4.89922
    endloop
  endfacet
  facet normal 0.0626594 0.0616656 0.996128
    outer loop
      vertex -1.7444 -6.49881 4.98603
      vertex -1.73614 -6.0129 4.95543
      vertex -1.86996 -6.49351 4.9936
    endloop
  endfacet
  facet normal 0.0449429 -0.00579358 0.998973
    outer loop
      vertex -1.05966 -4.17099 4.90154
      vertex -1.20734 -4.13202 4.90841
      vertex -1.47263 -5.07264 4.91489
    endloop
  endfacet
  facet normal -0.116709 -0.0972633 0.988392
    outer loop
      vertex 3.63132 -2.39765 5.21423
      vertex 2.89383 -1.74268 5.1916
      vertex 2.82896 -1.84105 5.17426
    endloop
  endfacet
  facet normal -0.116755 -0.0973157 0.988381
    outer loop
      vertex 3.63132 -2.39765 5.21423
      vertex 3.71459 -2.27137 5.2365
      vertex 2.89383 -1.74268 5.1916
    endloop
  endfacet
  facet normal -0.193233 -0.0250921 0.980832
    outer loop
      vertex 5.86289 -4.28624 5.49997
      vertex 5.0957 -3.69625 5.36392
      vertex 4.96339 -3.86917 5.33343
    endloop
  endfacet
  facet normal -0.166073 -0.0466105 0.985011
    outer loop
      vertex 4.96339 -3.86917 5.33343
      vertex 5.0957 -3.69625 5.36392
      vertex 4.3223 -3.10759 5.26138
    endloop
  endfacet
  facet normal -0.0565244 -0.00928623 0.998358
    outer loop
      vertex 1.65097 -5.01894 4.92436
      vertex 1.4981 -4.03898 4.92482
      vertex 1.35355 -4.088 4.91618
    endloop
  endfacet
  facet normal -0.0508257 -0.00746277 0.99868
    outer loop
      vertex 1.65097 -5.01894 4.92436
      vertex 1.35355 -4.088 4.91618
      vertex 1.20734 -4.13202 4.90841
    endloop
  endfacet
  facet normal 0.0121083 -0.0353896 0.9993
    outer loop
      vertex -0.238032 -3.3142 4.9145
      vertex -0.356687 -3.30397 4.9163
      vertex -0.457851 -4.27549 4.88312
    endloop
  endfacet
  facet normal 0.0170423 -0.0359186 0.999209
    outer loop
      vertex -0.356687 -3.30397 4.9163
      vertex -0.474906 -3.28968 4.91883
      vertex -0.609601 -4.25714 4.88635
    endloop
  endfacet
  facet normal -0.00123183 -0.104533 0.994521
    outer loop
      vertex 0.0851669 -2.34596 4.98149
      vertex 0.0511417 -1.37457 5.08355
      vertex 0 -2.34743 4.98123
    endloop
  endfacet
  facet normal 0.0151245 -0.000620996 0.999885
    outer loop
      vertex -0.372684 -5.26364 4.88121
      vertex -0.305545 -4.28861 4.8808
      vertex -0.558458 -5.24763 4.88403
    endloop
  endfacet
  facet normal -0.0181118 0.0341543 0.999252
    outer loop
      vertex 0.658385 -6.21922 4.91905
      vertex 0.558458 -5.24763 4.88403
      vertex 0.372684 -5.26364 4.88121
    endloop
  endfacet
  facet normal -0.0108914 0.0346461 0.99934
    outer loop
      vertex 0.43937 -6.23809 4.91572
      vertex 0.372684 -5.26364 4.88121
      vertex 0.219818 -6.24942 4.91372
    endloop
  endfacet
  facet normal -0.029476 0.0680131 0.997249
    outer loop
      vertex 0.658385 -6.21922 4.91905
      vertex 0.836616 -6.52731 4.94533
      vertex 0.876599 -6.19283 4.9237
    endloop
  endfacet
  facet normal -0.0294662 0.0680188 0.997249
    outer loop
      vertex 0.836616 -6.52731 4.94533
      vertex 0.658385 -6.21922 4.91905
      vertex 0.69017 -6.5302 4.9412
    endloop
  endfacet
  facet normal -0.0210713 0.0688877 0.997402
    outer loop
      vertex 0.69017 -6.5302 4.9412
      vertex 0.658385 -6.21922 4.91905
      vertex 0.610267 -6.53133 4.93959
    endloop
  endfacet
  facet normal -0.0270789 -0.0732521 0.996946
    outer loop
      vertex 0.82552 -3.22256 4.93066
      vertex 0.672654 -2.25433 4.99765
      vertex 0.590376 -2.27604 4.99382
    endloop
  endfacet
  facet normal -0.0270318 -0.0732448 0.996948
    outer loop
      vertex 0.82552 -3.22256 4.93066
      vertex 0.940568 -3.1922 4.93601
      vertex 0.672654 -2.25433 4.99765
    endloop
  endfacet
  facet normal -0.0265882 -0.0374069 0.998946
    outer loop
      vertex 0.760607 -4.23359 4.8905
      vertex 0.709465 -3.24895 4.92601
      vertex 0.592546 -3.27133 4.92206
    endloop
  endfacet
  facet normal -0.0217546 -0.0365676 0.999094
    outer loop
      vertex 0.609601 -4.25714 4.88635
      vertex 0.760607 -4.23359 4.8905
      vertex 0.592546 -3.27133 4.92206
    endloop
  endfacet
  facet normal -0.00908579 -0.070129 0.997497
    outer loop
      vertex 0.356687 -3.30397 4.9163
      vertex 0.255087 -2.33426 4.98355
      vertex 0.238032 -3.3142 4.9145
    endloop
  endfacet
  facet normal -0.00900517 -0.0701304 0.997497
    outer loop
      vertex 0.238032 -3.3142 4.9145
      vertex 0.255087 -2.33426 4.98355
      vertex 0.170231 -2.34157 4.98227
    endloop
  endfacet
  facet normal 0.00240689 -0.0349009 0.999388
    outer loop
      vertex 0 -4.29912 4.87895
      vertex 0 -3.32238 4.91306
      vertex -0.152865 -4.29649 4.87941
    endloop
  endfacet
  facet normal 0.0217279 -0.0365671 0.999095
    outer loop
      vertex -0.474906 -3.28968 4.91883
      vertex -0.592546 -3.27133 4.92206
      vertex -0.609601 -4.25714 4.88635
    endloop
  endfacet
  facet normal -0.00693889 -0.139846 0.990149
    outer loop
      vertex 0.254465 -1.35352 5.08726
      vertex 0.101599 -0.397108 5.22127
      vertex 0.084856 -0.400313 5.2207
    endloop
  endfacet
  facet normal -0.0104225 -0.140733 0.989993
    outer loop
      vertex 0.40392 -1.31954 5.09325
      vertex 0.151006 -0.38407 5.22357
      vertex 0.134694 -0.388982 5.2227
    endloop
  endfacet
  facet normal 0.00657232 -0.139789 0.990159
    outer loop
      vertex -0.254465 -1.35352 5.08726
      vertex -0.101599 -0.397108 5.22127
      vertex -0.304675 -1.34391 5.08895
    endloop
  endfacet
  facet normal 0.00597598 -0.104765 0.994479
    outer loop
      vertex -0.170231 -2.34157 4.98227
      vertex -0.102221 -1.37193 5.08401
      vertex -0.255087 -2.33426 4.98355
    endloop
  endfacet
  facet normal 0.0474628 -0.0809639 0.995586
    outer loop
      vertex -1.49587 -2.98228 4.97303
      vertex -1.14568 -2.06612 5.03084
      vertex -1.602 -2.92903 4.98242
    endloop
  endfacet
  facet normal 0.053899 -0.0844858 0.994966
    outer loop
      vertex -1.70617 -2.87216 4.99244
      vertex -1.22018 -2.02545 5.03801
      vertex -1.80826 -2.81175 5.0031
    endloop
  endfacet
  facet normal 0.0265856 -0.0374068 0.998946
    outer loop
      vertex -0.760607 -4.23359 4.8905
      vertex -0.709465 -3.24895 4.92601
      vertex -0.910687 -4.20486 4.89557
    endloop
  endfacet
  facet normal 0.0608062 0.025976 0.997812
    outer loop
      vertex -1.47263 -5.07264 4.91489
      vertex -1.65097 -5.01894 4.92436
      vertex -1.94638 -5.9496 4.96659
    endloop
  endfacet
  facet normal 0.0270318 -0.0732448 0.996948
    outer loop
      vertex -0.82552 -3.22256 4.93066
      vertex -0.672654 -2.25433 4.99765
      vertex -0.940568 -3.1922 4.93601
    endloop
  endfacet
  facet normal 0.0390548 -0.00434834 0.999228
    outer loop
      vertex -0.910687 -4.20486 4.89557
      vertex -1.05966 -4.17099 4.90154
      vertex -1.2925 -5.12017 4.90651
    endloop
  endfacet
  facet normal 0.0841916 -0.0214172 0.996219
    outer loop
      vertex -2.05636 -3.7942 4.96798
      vertex -2.19008 -3.72121 4.98085
      vertex -2.67133 -4.57155 5.00324
    endloop
  endfacet
  facet normal 0.0943955 0.0126147 0.995455
    outer loop
      vertex -2.76114 -5.62542 5.02375
      vertex -2.34206 -4.74396 4.97284
      vertex -2.95703 -5.52713 5.04108
    endloop
  endfacet
  facet normal 0.0744955 0.0213424 0.996993
    outer loop
      vertex -1.82729 -4.95915 4.9349
      vertex -2.00139 -4.89334 4.9465
      vertex -2.35951 -5.80152 4.9927
    endloop
  endfacet
  facet normal 0.0588241 -0.0477214 0.997127
    outer loop
      vertex -1.78157 -3.92619 4.94471
      vertex -1.49587 -2.98228 4.97303
      vertex -1.92014 -3.86256 4.95593
    endloop
  endfacet
  facet normal -0.165894 0.0499142 0.98488
    outer loop
      vertex 4.6677 -6.27134 5.31089
      vertex 4.85993 -6.24945 5.34216
      vertex 4.46166 -5.71522 5.248
    endloop
  endfacet
  facet normal -0.150164 0.0607561 0.986793
    outer loop
      vertex 3.96178 -6.34659 5.20343
      vertex 4.05103 -6.33747 5.21645
      vertex 3.84029 -6.14369 5.17245
    endloop
  endfacet
  facet normal -0.131804 0.0313372 0.99078
    outer loop
      vertex 3.84029 -6.14369 5.17245
      vertex 4.05243 -6.00802 5.19638
      vertex 3.52215 -5.19273 5.10005
    endloop
  endfacet
  facet normal -0.131761 0.0313519 0.990786
    outer loop
      vertex 3.84029 -6.14369 5.17245
      vertex 3.52215 -5.19273 5.10005
      vertex 3.33776 -5.31065 5.07926
    endloop
  endfacet
  facet normal 0.260763 -0.25531 0.931032
    outer loop
      vertex -6.80989 2.34963 6.67005
      vertex -6.88347 2.3721 6.69682
      vertex -6.88514 2.3499 6.6912
    endloop
  endfacet
  facet normal 0.207147 -0.187701 0.960135
    outer loop
      vertex -5.31338 0.535003 5.90367
      vertex -6.26412 0.598126 6.12113
      vertex -6.28329 0.382438 6.0831
    endloop
  endfacet
  facet normal 0.241029 -0.189258 0.951886
    outer loop
      vertex -6.96955 0.458087 6.27191
      vertex -6.28329 0.382438 6.0831
      vertex -6.26412 0.598126 6.12113
    endloop
  endfacet
  facet normal 0.24103 -0.189248 0.951887
    outer loop
      vertex -6.28329 0.382438 6.0831
      vertex -6.96955 0.458087 6.27191
      vertex -6.97058 0.399938 6.26061
    endloop
  endfacet
  facet normal 0.206384 -0.144897 0.967683
    outer loop
      vertex -5.29066 -0.747229 5.67758
      vertex -5.31338 -0.564946 5.70972
      vertex -6.23733 -0.913539 5.85458
    endloop
  endfacet
  facet normal 0.138662 -0.18387 0.973121
    outer loop
      vertex -3.40403 0.272533 5.54694
      vertex -3.39365 0.389385 5.56754
      vertex -4.36949 0.315401 5.69261
    endloop
  endfacet
  facet normal 0.198862 -0.10998 0.973837
    outer loop
      vertex -5.08116 -1.64086 5.52
      vertex -5.13569 -1.46523 5.55097
      vertex -5.99035 -1.96707 5.66882
    endloop
  endfacet
  facet normal 0.16922 -0.132524 0.976628
    outer loop
      vertex -5.18395 -1.28784 5.58225
      vertex -4.25006 -1.02906 5.45555
      vertex -5.2259 -1.1089 5.6138
    endloop
  endfacet
  facet normal 0.171068 -0.337003 0.925832
    outer loop
      vertex -4.53085 4.25867 6.76658
      vertex -4.37539 4.41176 6.79358
      vertex -5.21301 4.86635 7.11382
    endloop
  endfacet
  facet normal 0.147015 -0.314678 0.937744
    outer loop
      vertex -3.84318 3.63996 6.45115
      vertex -4.37539 4.41176 6.79358
      vertex -4.53085 4.25867 6.76658
    endloop
  endfacet
  facet normal 0.171085 -0.336977 0.925838
    outer loop
      vertex -4.37539 4.41176 6.79358
      vertex -5.03414 5.0425 7.14488
      vertex -5.21301 4.86635 7.11382
    endloop
  endfacet
  facet normal 0.194907 -0.358917 0.912792
    outer loop
      vertex -5.57514 5.47398 7.43006
      vertex -5.03414 5.0425 7.14488
      vertex -5.533 5.51548 7.43738
    endloop
  endfacet
  facet normal 0.19493 -0.358891 0.912798
    outer loop
      vertex -5.03414 5.0425 7.14488
      vertex -5.57514 5.47398 7.43006
      vertex -5.21301 4.86635 7.11382
    endloop
  endfacet
  facet normal 0.165006 -0.34276 0.924818
    outer loop
      vertex -4.37539 4.41176 6.79358
      vertex -4.21461 4.55942 6.81962
      vertex -4.84914 5.21239 7.17484
    endloop
  endfacet
  facet normal 0.119287 -0.337585 0.933706
    outer loop
      vertex -3.14033 4.24166 6.55725
      vertex -2.98757 4.347 6.57582
      vertex -3.70224 4.96803 6.89166
    endloop
  endfacet
  facet normal 0.122801 -0.291957 0.948515
    outer loop
      vertex -3.04272 3.11746 6.18669
      vertex -3.71132 3.76982 6.47405
      vertex -3.84318 3.63996 6.45115
    endloop
  endfacet
  facet normal 0.147035 -0.314665 0.937745
    outer loop
      vertex -3.84318 3.63996 6.45115
      vertex -3.71132 3.76982 6.47405
      vertex -4.37539 4.41176 6.79358
    endloop
  endfacet
  facet normal 0.119302 -0.242573 0.96277
    outer loop
      vertex -2.89383 1.81891 5.81961
      vertex -3.71459 2.30037 6.04262
      vertex -3.79333 2.17131 6.01986
    endloop
  endfacet
  facet normal 0.151911 -0.253914 0.955223
    outer loop
      vertex -3.86746 2.03962 5.99664
      vertex -4.62687 2.61577 6.27056
      vertex -4.71728 2.45514 6.24224
    endloop
  endfacet
  facet normal 0.170349 -0.287298 0.942572
    outer loop
      vertex -4.3223 3.07765 6.352
      vertex -5.0957 3.59574 6.64969
      vertex -5.2218 3.41838 6.61842
    endloop
  endfacet
  facet normal 0.198213 -0.305148 0.931448
    outer loop
      vertex -5.2218 3.41838 6.61842
      vertex -5.0957 3.59574 6.64969
      vertex -5.86289 4.10361 6.97933
    endloop
  endfacet
  facet normal 0.119303 -0.24257 0.96277
    outer loop
      vertex -2.95517 1.71837 5.80188
      vertex -2.89383 1.81891 5.81961
      vertex -3.79333 2.17131 6.01986
    endloop
  endfacet
  facet normal 0.174386 -0.281398 0.943612
    outer loop
      vertex -4.53083 2.77319 6.29832
      vertex -4.42926 2.92721 6.32548
      vertex -5.34154 3.2368 6.5864
    endloop
  endfacet
  facet normal 0.0975979 -0.209613 0.972901
    outer loop
      vertex -2.29319 0.87783 5.54993
      vertex -2.26266 0.956143 5.56374
      vertex -3.16387 1.29698 5.72758
    endloop
  endfacet
  facet normal 0.0326007 -0.185823 0.982042
    outer loop
      vertex -0.459197 0.238214 5.33329
      vertex -1.3587 0.608307 5.43318
      vertex -1.37703 0.56128 5.42489
    endloop
  endfacet
  facet normal 0.0346438 -0.177746 0.983466
    outer loop
      vertex -0.48599 0.123922 5.31314
      vertex -0.483912 0.140594 5.31608
      vertex -1.45738 0.218545 5.36446
    endloop
  endfacet
  facet normal 0.000906557 -0.173621 0.984812
    outer loop
      vertex -0.487476 0.0400486 5.29835
      vertex -0.477988 -0.0264368 5.28662
      vertex -0.488369 0.0904131 5.30723
    endloop
  endfacet
  facet normal 0.0347687 -0.176576 0.983673
    outer loop
      vertex -0.48599 0.123922 5.31314
      vertex -1.45738 0.218545 5.36446
      vertex -1.46184 0.168365 5.35561
    endloop
  endfacet
  facet normal 0.0694995 -0.179252 0.981345
    outer loop
      vertex -1.46184 0.168365 5.35561
      vertex -1.45738 0.218545 5.36446
      vertex -2.43442 0.223502 5.43456
    endloop
  endfacet
  facet normal 0.0344495 -0.179059 0.983235
    outer loop
      vertex -0.483912 0.140594 5.31608
      vertex -1.44314 0.318295 5.38205
      vertex -1.45115 0.268542 5.37327
    endloop
  endfacet
  facet normal -0.00966894 -0.171808 0.985083
    outer loop
      vertex -0.474152 0.190042 5.3248
      vertex -0.481243 0.157186 5.319
      vertex -0.483912 0.140594 5.31608
    endloop
  endfacet
  facet normal 0.0642011 -0.200117 0.977666
    outer loop
      vertex -1.33872 0.654675 5.44136
      vertex -2.22938 1.03336 5.57736
      vertex -2.26266 0.956143 5.56374
    endloop
  endfacet
  facet normal 0.0632599 -0.202199 0.977299
    outer loop
      vertex -1.33872 0.654675 5.44136
      vertex -2.19338 1.10939 5.59076
      vertex -2.22938 1.03336 5.57736
    endloop
  endfacet
  facet normal 0.0541792 -0.216513 0.974775
    outer loop
      vertex -1.15476 0.956183 5.49452
      vertex -1.86942 1.60066 5.67739
      vertex -1.92303 1.53547 5.66589
    endloop
  endfacet
  facet normal 0.00865938 -0.178184 0.983959
    outer loop
      vertex -0.414412 0.328638 5.34923
      vertex -0.423198 0.31424 5.3467
      vertex -0.439211 0.284581 5.34147
    endloop
  endfacet
  facet normal 0.0571164 -0.212679 0.975451
    outer loop
      vertex -1.18554 0.915955 5.48743
      vertex -1.97429 1.46847 5.65408
      vertex -2.02315 1.39976 5.64196
    endloop
  endfacet
  facet normal 0.0285451 -0.19332 0.98072
    outer loop
      vertex -0.405123 0.342727 5.35172
      vertex -1.18554 0.915955 5.48743
      vertex -1.21488 0.874691 5.48015
    endloop
  endfacet
  facet normal -0.0273693 -0.23643 0.971263
    outer loop
      vertex 0.992583 2.25137 5.79213
      vertex 0.914175 2.28415 5.7979
      vertex 0.596034 1.38607 5.57032
    endloop
  endfacet
  facet normal -0.0337958 -0.233337 0.971809
    outer loop
      vertex 0.732703 1.31749 5.55823
      vertex 1.22018 2.13716 5.77199
      vertex 0.687966 1.34192 5.56254
    endloop
  endfacet
  facet normal 0.0108373 -0.241096 0.970441
    outer loop
      vertex -0.203945 1.49679 5.58985
      vertex -0.339632 2.43575 5.82464
      vertex -0.423763 2.42263 5.82232
    endloop
  endfacet
  facet normal 0.00855111 -0.241412 0.970385
    outer loop
      vertex -0.203945 1.49679 5.58985
      vertex -0.255087 2.44598 5.82644
      vertex -0.339632 2.43575 5.82464
    endloop
  endfacet
  facet normal 0.0913146 -0.275424 0.956976
    outer loop
      vertex -2.19341 2.61241 5.95952
      vertex -2.81552 3.31892 6.22222
      vertex -2.9309 3.22014 6.2048
    endloop
  endfacet
  facet normal 0.0875831 -0.278508 0.956432
    outer loop
      vertex -2.19341 2.61241 5.95952
      vertex -2.10085 2.68623 5.97254
      vertex -2.81552 3.31892 6.22222
    endloop
  endfacet
  facet normal 0.0949726 -0.272181 0.957548
    outer loop
      vertex -2.37041 2.45546 5.93185
      vertex -2.2833 2.53546 5.94595
      vertex -2.9309 3.22014 6.2048
    endloop
  endfacet
  facet normal 0.0420104 -0.228072 0.972738
    outer loop
      vertex -0.861344 1.23522 5.54373
      vertex -1.43441 2.00016 5.74783
      vertex -1.50244 1.94967 5.73893
    endloop
  endfacet
  facet normal 0.076439 -0.242927 0.967028
    outer loop
      vertex -1.81354 1.66397 5.68855
      vertex -1.75545 1.72532 5.69937
      vertex -2.45463 2.37252 5.91722
    endloop
  endfacet
  facet normal 0.101836 -0.265397 0.958746
    outer loop
      vertex -2.53586 2.28673 5.9021
      vertex -2.45463 2.37252 5.91722
      vertex -3.2551 2.90087 6.1485
    endloop
  endfacet
  facet normal 0.0322827 -0.186644 0.981897
    outer loop
      vertex -0.453084 0.253896 5.33606
      vertex -0.44642 0.269358 5.33878
      vertex -1.33872 0.654675 5.44136
    endloop
  endfacet
  facet normal 0.0632223 -0.202266 0.977288
    outer loop
      vertex -1.33872 0.654675 5.44136
      vertex -1.3171 0.700328 5.44941
      vertex -2.19338 1.10939 5.59076
    endloop
  endfacet
  facet normal 0.089605 -0.225736 0.970059
    outer loop
      vertex -2.11341 1.2575 5.61688
      vertex -2.89383 1.81891 5.81961
      vertex -2.95517 1.71837 5.80188
    endloop
  endfacet
  facet normal 0.0914322 -0.222619 0.970608
    outer loop
      vertex -2.11341 1.2575 5.61688
      vertex -2.95517 1.71837 5.80188
      vertex -3.01292 1.61578 5.78379
    endloop
  endfacet
  facet normal 0.0798214 -0.284251 0.955421
    outer loop
      vertex -2.00572 2.75682 5.98499
      vertex -2.44936 3.59065 6.27013
      vertex -2.5746 3.50429 6.2549
    endloop
  endfacet
  facet normal 0.0837492 -0.281441 0.955917
    outer loop
      vertex -2.00572 2.75682 5.98499
      vertex -2.5746 3.50429 6.2549
      vertex -2.6967 3.41368 6.23892
    endloop
  endfacet
  facet normal 0.0894556 -0.317611 0.943992
    outer loop
      vertex -2.32113 3.67266 6.28459
      vertex -2.19008 3.7502 6.29826
      vertex -2.83117 4.44702 6.59346
    endloop
  endfacet
  facet normal 0.0716993 -0.289454 0.954503
    outer loop
      vertex -1.80826 2.88798 6.00811
      vertex -2.19008 3.7502 6.29826
      vertex -2.32113 3.67266 6.28459
    endloop
  endfacet
  facet normal 0.0457994 -0.225062 0.973268
    outer loop
      vertex -0.980548 1.14016 5.52696
      vertex -1.56863 1.89688 5.72962
      vertex -1.63292 1.84185 5.71992
    endloop
  endfacet
  facet normal 0.0400367 -0.229484 0.972489
    outer loop
      vertex -0.861344 1.23522 5.54373
      vertex -1.36463 2.04827 5.75631
      vertex -1.43441 2.00016 5.74783
    endloop
  endfacet
  facet normal 0.0538154 -0.260963 0.963848
    outer loop
      vertex -1.29319 2.09396 5.76437
      vertex -1.22018 2.13716 5.77199
      vertex -1.80826 2.88798 6.00811
    endloop
  endfacet
  facet normal 0.0379377 -0.230884 0.972241
    outer loop
      vertex -0.819445 1.26412 5.54882
      vertex -0.776546 1.29155 5.55366
      vertex -1.36463 2.04827 5.75631
    endloop
  endfacet
  facet normal 0.0787968 -0.323422 0.942968
    outer loop
      vertex -2.05636 3.8232 6.31113
      vertex -1.92014 3.89155 6.32319
      vertex -2.34206 4.71402 6.64054
    endloop
  endfacet
  facet normal 0.0734125 -0.326017 0.942509
    outer loop
      vertex -1.92014 3.89155 6.32319
      vertex -1.78157 3.95519 6.33441
      vertex -2.17305 4.79163 6.65423
    endloop
  endfacet
  facet normal 0.00176701 -0.177944 0.984039
    outer loop
      vertex -0.151006 0.531308 5.38497
      vertex -0.167133 0.525839 5.38401
      vertex -0.183058 0.519819 5.38295
    endloop
  endfacet
  facet normal 0.0227726 -0.238169 0.970957
    outer loop
      vertex -0.501198 1.42381 5.57698
      vertex -0.754112 2.34152 5.80802
      vertex -0.834652 2.31421 5.80321
    endloop
  endfacet
  facet normal 0.00090062 -0.17384 0.984774
    outer loop
      vertex -0.459197 0.238214 5.33329
      vertex -0.474152 0.190042 5.3248
      vertex -0.483912 0.140594 5.31608
    endloop
  endfacet
  facet normal 0.0256032 -0.196907 0.980088
    outer loop
      vertex -0.351518 0.407918 5.36321
      vertex -1.05412 1.07019 5.51462
      vertex -1.08901 1.03335 5.50813
    endloop
  endfacet
  facet normal 0.0035709 -0.241835 0.970311
    outer loop
      vertex -0.0511417 1.50996 5.59217
      vertex -0.0851669 2.45768 5.8285
      vertex -0.102221 1.50732 5.5917
    endloop
  endfacet
  facet normal 0.00369753 -0.241837 0.97031
    outer loop
      vertex -0.102221 1.50732 5.5917
      vertex -0.0851669 2.45768 5.8285
      vertex -0.170231 2.45329 5.82773
    endloop
  endfacet
  facet normal -0.0017907 -0.275641 0.961259
    outer loop
      vertex 0.0851669 2.45768 5.8285
      vertex 0.119088 3.39657 6.09779
      vertex 0 2.45914 5.82876
    endloop
  endfacet
  facet normal -0.00551705 -0.27551 0.961282
    outer loop
      vertex 0.170231 2.45329 5.82773
      vertex 0.238032 3.39043 6.09671
      vertex 0.0851669 2.45768 5.8285
    endloop
  endfacet
  facet normal -0.00855111 -0.241412 0.970385
    outer loop
      vertex 0.339632 2.43575 5.82464
      vertex 0.255087 2.44598 5.82644
      vertex 0.203945 1.49679 5.58985
    endloop
  endfacet
  facet normal -0.00606793 -0.241674 0.970339
    outer loop
      vertex 0.255087 2.44598 5.82644
      vertex 0.170231 2.45329 5.82773
      vertex 0.102221 1.50732 5.5917
    endloop
  endfacet
  facet normal -0.0133205 -0.240667 0.970516
    outer loop
      vertex 0.50738 2.40663 5.8195
      vertex 0.423763 2.42263 5.82232
      vertex 0.304675 1.4793 5.58676
    endloop
  endfacet
  facet normal -0.0156637 -0.240177 0.970603
    outer loop
      vertex 0.590376 2.38776 5.81617
      vertex 0.50738 2.40663 5.8195
      vertex 0.304675 1.4793 5.58676
    endloop
  endfacet
  facet normal 0.00118499 -0.241917 0.970296
    outer loop
      vertex -0.0511417 1.50996 5.59217
      vertex 0 2.45914 5.82876
      vertex -0.0851669 2.45768 5.8285
    endloop
  endfacet
  facet normal -0.00369753 -0.241837 0.97031
    outer loop
      vertex 0.102221 1.50732 5.5917
      vertex 0.170231 2.45329 5.82773
      vertex 0.0851669 2.45768 5.8285
    endloop
  endfacet
  facet normal -0.173441 -0.17997 0.968261
    outer loop
      vertex 5.3394 0.168651 5.83907
      vertex 5.32964 0.35205 5.87141
      vertex 4.36949 0.315401 5.69261
    endloop
  endfacet
  facet normal -0.241622 -0.156044 0.957742
    outer loop
      vertex 6.97058 -0.560111 6.09133
      vertex 6.97248 -0.38052 6.12107
      vertex 6.28329 -0.482952 5.93051
    endloop
  endfacet
  facet normal -0.158115 -0.389313 0.907433
    outer loop
      vertex 4.55093 6.05266 7.46729
      vertex 4.40441 6.07527 7.45146
      vertex 4.25964 5.68251 7.25773
    endloop
  endfacet
  facet normal -0.150152 -0.394603 0.9065
    outer loop
      vertex 4.05103 6.12811 7.41447
      vertex 3.96178 6.14112 7.40535
      vertex 3.84029 5.96107 7.30685
    endloop
  endfacet
  facet normal 0.257366 -0.264211 0.929492
    outer loop
      vertex -6.71924 2.58219 6.71106
      vertex -6.86182 2.63127 6.76449
      vertex -6.86546 2.58776 6.75313
    endloop
  endfacet
  facet normal 0.237508 -0.213952 0.947531
    outer loop
      vertex -6.16099 1.23941 6.23421
      vertex -6.94302 1.36849 6.45938
      vertex -6.95095 1.1654 6.41551
    endloop
  endfacet
  facet normal 0.237509 -0.213968 0.947527
    outer loop
      vertex -6.95095 1.1654 6.41551
      vertex -6.20294 1.02687 6.19673
      vertex -6.16099 1.23941 6.23421
    endloop
  endfacet
  facet normal 0.237521 -0.213914 0.947536
    outer loop
      vertex -6.20294 1.02687 6.19673
      vertex -6.95095 1.1654 6.41551
      vertex -6.95257 1.12409 6.40659
    endloop
  endfacet
  facet normal 0.206396 -0.144932 0.967675
    outer loop
      vertex -6.23733 -0.913539 5.85458
      vertex -5.31338 -0.564946 5.70972
      vertex -6.26412 -0.698641 5.89248
    endloop
  endfacet
  facet normal 0.124626 -0.372729 0.919533
    outer loop
      vertex -3.14931 5.32164 6.95401
      vertex -3.62347 6.08937 7.32947
      vertex -3.84029 5.96107 7.30685
    endloop
  endfacet
  facet normal 0.124623 -0.372731 0.919533
    outer loop
      vertex -3.33776 5.21013 6.93435
      vertex -3.14931 5.32164 6.95401
      vertex -3.84029 5.96107 7.30685
    endloop
  endfacet
  facet normal 0.161598 -0.298734 0.940555
    outer loop
      vertex -4.09271 3.36704 6.40303
      vertex -4.82503 3.93691 6.70985
      vertex -4.96339 3.76865 6.68018
    endloop
  endfacet
  facet normal 0.15694 -0.304201 0.939591
    outer loop
      vertex -4.09271 3.36704 6.40303
      vertex -3.97036 3.50565 6.42747
      vertex -4.82503 3.93691 6.70985
    endloop
  endfacet
  facet normal 0.114012 -0.250585 0.961357
    outer loop
      vertex -2.76064 2.01337 5.8539
      vertex -3.54363 2.54998 6.08663
      vertex -3.63132 2.42664 6.06488
    endloop
  endfacet
  facet normal 0.0835351 -0.234603 0.968495
    outer loop
      vertex -1.92303 1.53547 5.66589
      vertex -2.68896 2.10705 5.87041
      vertex -2.76064 2.01337 5.8539
    endloop
  endfacet
  facet normal 0.129941 -0.221102 0.966555
    outer loop
      vertex -3.16387 1.29698 5.72758
      vertex -4.06122 1.63041 5.92449
      vertex -4.11601 1.48984 5.8997
    endloop
  endfacet
  facet normal 0.128129 -0.225519 0.965777
    outer loop
      vertex -3.16387 1.29698 5.72758
      vertex -3.11733 1.40496 5.74662
      vertex -4.06122 1.63041 5.92449
    endloop
  endfacet
  facet normal 0.0313161 -0.305521 0.95167
    outer loop
      vertex -0.82552 3.2988 6.08055
      vertex -0.709465 3.32518 6.0852
      vertex -1.05966 4.19999 6.37757
    endloop
  endfacet
  facet normal 0.0331297 -0.338908 0.940236
    outer loop
      vertex -0.910687 4.23386 6.38354
      vertex -0.927741 5.16658 6.72034
      vertex -1.1108 5.13154 6.71416
    endloop
  endfacet
  facet normal 0.0622712 -0.330675 0.941688
    outer loop
      vertex -1.4981 4.06798 6.35429
      vertex -1.82729 4.92921 6.67848
      vertex -2.00139 4.86339 6.66688
    endloop
  endfacet
  facet normal 0.0565084 -0.33274 0.941324
    outer loop
      vertex -1.4981 4.06798 6.35429
      vertex -1.65097 4.989 6.68903
      vertex -1.82729 4.92921 6.67848
    endloop
  endfacet
  facet normal 0.0273693 -0.23643 0.971263
    outer loop
      vertex -0.596034 1.38607 5.57032
      vertex -0.914175 2.28415 5.7979
      vertex -0.992583 2.25137 5.79213
    endloop
  endfacet
  facet normal 0.0409524 -0.267414 0.962711
    outer loop
      vertex -0.992583 2.25137 5.79213
      vertex -0.914175 2.28415 5.7979
      vertex -1.38792 3.10809 6.04692
    endloop
  endfacet
  facet normal 0.0407244 -0.303036 0.952109
    outer loop
      vertex -0.940568 3.26844 6.0752
      vertex -1.20734 4.16102 6.3707
      vertex -1.35355 4.11699 6.36294
    endloop
  endfacet
  facet normal 0.0360343 -0.304361 0.951875
    outer loop
      vertex -0.940568 3.26844 6.0752
      vertex -1.05966 4.19999 6.37757
      vertex -1.20734 4.16102 6.3707
    endloop
  endfacet
  facet normal 0.018172 -0.239561 0.970711
    outer loop
      vertex -0.354513 1.46797 5.58476
      vertex -0.590376 2.38776 5.81617
      vertex -0.672654 2.36604 5.81235
    endloop
  endfacet
  facet normal 0.01823 -0.239542 0.970715
    outer loop
      vertex -0.40392 1.45493 5.58247
      vertex -0.354513 1.46797 5.58476
      vertex -0.672654 2.36604 5.81235
    endloop
  endfacet
  facet normal 0.0787476 -0.393794 0.915819
    outer loop
      vertex -2.15426 5.7786 7.03459
      vertex -2.20519 6.32738 7.27494
      vertex -2.36239 6.31541 7.28331
    endloop
  endfacet
  facet normal 0.0866962 -0.390945 0.916322
    outer loop
      vertex -2.15426 5.7786 7.03459
      vertex -2.36239 6.31541 7.28331
      vertex -2.54538 6.30005 7.29407
    endloop
  endfacet
  facet normal 0.0508074 -0.334561 0.941003
    outer loop
      vertex -1.35355 4.11699 6.36294
      vertex -1.20734 4.16102 6.3707
      vertex -1.47263 5.04269 6.69849
    endloop
  endfacet
  facet normal 0.0508059 -0.334562 0.941003
    outer loop
      vertex -1.35355 4.11699 6.36294
      vertex -1.47263 5.04269 6.69849
      vertex -1.65097 4.989 6.68903
    endloop
  endfacet
  facet normal 0.0211391 -0.340772 0.939908
    outer loop
      vertex -0.609601 4.28614 6.39276
      vertex -0.457851 4.30449 6.396
      vertex -0.743553 5.19531 6.7254
    endloop
  endfacet
  facet normal 0.0390562 -0.337668 0.940455
    outer loop
      vertex -0.910687 4.23386 6.38354
      vertex -1.1108 5.13154 6.71416
      vertex -1.2925 5.09022 6.70687
    endloop
  endfacet
  facet normal -0.0325374 -0.372111 0.927618
    outer loop
      vertex 0.927741 5.16658 6.72034
      vertex 1.09375 6.05844 7.08393
      vertex 0.876599 6.09231 7.0899
    endloop
  endfacet
  facet normal -0.0199538 -0.27376 0.961591
    outer loop
      vertex 0.50738 2.40663 5.8195
      vertex 0.709465 3.32518 6.0852
      vertex 0.423763 2.42263 5.82232
    endloop
  endfacet
  facet normal 0.00909855 -0.275264 0.961326
    outer loop
      vertex -0.170231 2.45329 5.82773
      vertex -0.238032 3.39043 6.09671
      vertex -0.255087 2.44598 5.82644
    endloop
  endfacet
  facet normal 0.0127922 -0.27488 0.961393
    outer loop
      vertex -0.339632 2.43575 5.82464
      vertex -0.255087 2.44598 5.82644
      vertex -0.474906 3.36591 6.09239
    endloop
  endfacet
  facet normal -0.0234874 -0.27302 0.961721
    outer loop
      vertex 0.590376 2.38776 5.81617
      vertex 0.709465 3.32518 6.0852
      vertex 0.50738 2.40663 5.8195
    endloop
  endfacet
  facet normal -0.0564878 -0.332744 0.941324
    outer loop
      vertex 1.4981 4.06798 6.35429
      vertex 1.65097 4.989 6.68903
      vertex 1.35355 4.11699 6.36294
    endloop
  endfacet
  facet normal -0.0340671 -0.270033 0.962248
    outer loop
      vertex 1.16709 3.19595 6.06242
      vertex 1.05447 3.23414 6.06915
      vertex 0.834652 2.31421 5.80321
    endloop
  endfacet
  facet normal -0.0507225 -0.262723 0.963537
    outer loop
      vertex 1.70617 2.9484 6.01877
      vertex 1.602 3.00526 6.02879
      vertex 1.22018 2.13716 5.77199
    endloop
  endfacet
  facet normal -0.0360526 -0.304358 0.951875
    outer loop
      vertex 0.940568 3.26844 6.0752
      vertex 1.05966 4.19999 6.37757
      vertex 0.82552 3.2988 6.08055
    endloop
  endfacet
  facet normal -0.0304879 -0.271173 0.962048
    outer loop
      vertex 0.754112 2.34152 5.80802
      vertex 0.940568 3.26844 6.0752
      vertex 0.672654 2.36604 5.81235
    endloop
  endfacet
  facet normal -0.122801 -0.291957 0.948515
    outer loop
      vertex 3.84318 3.63996 6.45115
      vertex 3.71132 3.76982 6.47405
      vertex 3.04272 3.11746 6.18669
    endloop
  endfacet
  facet normal -0.118425 -0.296116 0.947782
    outer loop
      vertex 3.71132 3.76982 6.47405
      vertex 3.57493 3.89507 6.49614
      vertex 2.9309 3.22014 6.2048
    endloop
  endfacet
  facet normal -0.0359953 -0.232086 0.972029
    outer loop
      vertex 0.776546 1.29155 5.55366
      vertex 1.22018 2.13716 5.77199
      vertex 0.732703 1.31749 5.55823
    endloop
  endfacet
  facet normal -0.0442056 -0.266 0.962959
    outer loop
      vertex 1.49587 3.05851 6.03818
      vertex 1.38792 3.10809 6.04692
      vertex 1.06978 2.21592 5.78587
    endloop
  endfacet
  facet normal -0.0943823 -0.352329 0.931105
    outer loop
      vertex 2.95703 5.42661 6.97252
      vertex 2.76114 5.52491 6.98986
      vertex 2.34206 4.71402 6.64054
    endloop
  endfacet
  facet normal -0.0878546 -0.355464 0.930552
    outer loop
      vertex 2.34206 4.71402 6.64054
      vertex 2.76114 5.52491 6.98986
      vertex 2.17305 4.79163 6.65423
    endloop
  endfacet
  facet normal -0.0733694 -0.326029 0.942508
    outer loop
      vertex 2.34206 4.71402 6.64054
      vertex 2.17305 4.79163 6.65423
      vertex 1.92014 3.89155 6.32319
    endloop
  endfacet
  facet normal -0.0678773 -0.328444 0.942081
    outer loop
      vertex 2.17305 4.79163 6.65423
      vertex 2.00139 4.86339 6.66688
      vertex 1.78157 3.95519 6.33441
    endloop
  endfacet
  facet normal -0.0945258 -0.387836 0.916869
    outer loop
      vertex 2.61498 6.2942 7.29817
      vertex 2.56188 5.61641 7.00599
      vertex 2.67489 6.2887 7.30202
    endloop
  endfacet
  facet normal -0.0945356 -0.387835 0.916868
    outer loop
      vertex 2.56188 5.61641 7.00599
      vertex 2.61498 6.2942 7.29817
      vertex 2.35951 5.70101 7.02091
    endloop
  endfacet
  facet normal -0.08124 -0.358355 0.930044
    outer loop
      vertex 2.56188 5.61641 7.00599
      vertex 2.35951 5.70101 7.02091
      vertex 2.17305 4.79163 6.65423
    endloop
  endfacet
  facet normal -0.0944946 -0.387842 0.916869
    outer loop
      vertex 2.87257 6.27056 7.31472
      vertex 2.67489 6.2887 7.30202
      vertex 2.56188 5.61641 7.00599
    endloop
  endfacet
  facet normal -0.012634 -0.406456 0.913583
    outer loop
      vertex 0.219818 6.1489 7.09988
      vertex 0.383376 6.40893 7.21783
      vertex 0.229532 6.41079 7.21653
    endloop
  endfacet
  facet normal -0.0126928 -0.406425 0.913596
    outer loop
      vertex 0.383376 6.40893 7.21783
      vertex 0.219818 6.1489 7.09988
      vertex 0.43937 6.13757 7.09789
    endloop
  endfacet
  facet normal -0.0109148 -0.374362 0.927218
    outer loop
      vertex 0.372684 5.2337 6.73217
      vertex 0.43937 6.13757 7.09789
      vertex 0.219818 6.1489 7.09988
    endloop
  endfacet
  facet normal 0.0109148 -0.374362 0.927218
    outer loop
      vertex -0.372684 5.2337 6.73217
      vertex -0.219818 6.1489 7.09988
      vertex -0.43937 6.13757 7.09789
    endloop
  endfacet
  facet normal 0.0271983 -0.339933 0.940056
    outer loop
      vertex -0.609601 4.28614 6.39276
      vertex -0.743553 5.19531 6.7254
      vertex -0.927741 5.16658 6.72034
    endloop
  endfacet
  facet normal -0.0294831 -0.404994 0.913844
    outer loop
      vertex 0.658385 6.1187 7.09456
      vertex 0.836616 6.39922 7.22463
      vertex 0.69017 6.40336 7.22174
    endloop
  endfacet
  facet normal -0.0294645 -0.405004 0.91384
    outer loop
      vertex 0.836616 6.39922 7.22463
      vertex 0.658385 6.1187 7.09456
      vertex 0.876599 6.09231 7.0899
    endloop
  endfacet
  facet normal -0.037841 -0.403852 0.914042
    outer loop
      vertex 1.01274 6.39352 7.22862
      vertex 0.922072 6.39681 7.22632
      vertex 0.876599 6.09231 7.0899
    endloop
  endfacet
  facet normal -0.00424182 -0.406744 0.913532
    outer loop
      vertex 0.219818 6.1489 7.09988
      vertex 0.229532 6.41079 7.21653
      vertex 0.155539 6.41109 7.21632
    endloop
  endfacet
  facet normal 0.00364431 -0.374601 0.927179
    outer loop
      vertex -0.186456 5.24331 6.73387
      vertex 0 5.24651 6.73443
      vertex -0.219818 6.1489 7.09988
    endloop
  endfacet
  facet normal 0.021086 -0.405853 0.913695
    outer loop
      vertex -0.610267 6.40497 7.22061
      vertex -0.43937 6.13757 7.09789
      vertex -0.459458 6.40801 7.21848
    endloop
  endfacet
  facet normal 0.021076 -0.405859 0.913693
    outer loop
      vertex -0.43937 6.13757 7.09789
      vertex -0.610267 6.40497 7.22061
      vertex -0.658385 6.1187 7.09456
    endloop
  endfacet
  facet normal 0.0544675 -0.400658 0.914607
    outer loop
      vertex -1.52378 5.96843 7.06806
      vertex -1.51632 6.37137 7.24413
      vertex -1.62907 6.36547 7.24826
    endloop
  endfacet
  facet normal 0.0294831 -0.404994 0.913844
    outer loop
      vertex -0.836616 6.39922 7.22463
      vertex -0.658385 6.1187 7.09456
      vertex -0.69017 6.40336 7.22174
    endloop
  endfacet
  facet normal 0.0294645 -0.405004 0.91384
    outer loop
      vertex -0.658385 6.1187 7.09456
      vertex -0.836616 6.39922 7.22463
      vertex -0.876599 6.09231 7.0899
    endloop
  endfacet
  facet normal 0.0253175 -0.373115 0.92744
    outer loop
      vertex -0.558458 5.21769 6.72935
      vertex -0.658385 6.1187 7.09456
      vertex -0.876599 6.09231 7.0899
    endloop
  endfacet
  facet normal 0.0467665 -0.369392 0.928096
    outer loop
      vertex -1.2925 5.09022 6.70687
      vertex -1.1108 5.13154 6.71416
      vertex -1.30956 6.01713 7.07665
    endloop
  endfacet
  facet normal 0.0467607 -0.369393 0.928096
    outer loop
      vertex -1.2925 5.09022 6.70687
      vertex -1.30956 6.01713 7.07665
      vertex -1.52378 5.96843 7.06806
    endloop
  endfacet
  facet normal -0.0678813 -0.328443 0.942081
    outer loop
      vertex 1.78157 3.95519 6.33441
      vertex 2.00139 4.86339 6.66688
      vertex 1.64084 4.01402 6.34478
    endloop
  endfacet
  facet normal -0.0544052 -0.298127 0.952975
    outer loop
      vertex 1.78157 3.95519 6.33441
      vertex 1.64084 4.01402 6.34478
      vertex 1.27829 3.15392 6.05501
    endloop
  endfacet
  facet normal -0.0461843 -0.402381 0.914306
    outer loop
      vertex 1.25547 6.38392 7.23534
      vertex 1.30956 6.01713 7.07665
      vertex 1.39109 6.37792 7.23955
    endloop
  endfacet
  facet normal -0.0461804 -0.402381 0.914307
    outer loop
      vertex 1.30956 6.01713 7.07665
      vertex 1.25547 6.38392 7.23534
      vertex 1.09375 6.05844 7.08393
    endloop
  endfacet
  facet normal -0.0461245 -0.402405 0.914299
    outer loop
      vertex 1.25547 6.38392 7.23534
      vertex 1.15557 6.38835 7.23225
      vertex 1.09375 6.05844 7.08393
    endloop
  endfacet
  facet normal -0.0626 -0.398661 0.914959
    outer loop
      vertex 1.75426 6.35793 7.25354
      vertex 1.62907 6.36547 7.24826
      vertex 1.52378 5.96843 7.06806
    endloop
  endfacet
  facet normal -0.0608032 -0.365689 0.928749
    outer loop
      vertex 1.94638 5.84909 7.04702
      vertex 1.73614 5.91239 7.05818
      vertex 1.47263 5.04269 6.69849
    endloop
  endfacet
  facet normal -0.0626067 -0.398647 0.914965
    outer loop
      vertex 1.75426 6.35793 7.25354
      vertex 1.73614 5.91239 7.05818
      vertex 1.86996 6.35096 7.25842
    endloop
  endfacet
  facet normal -0.0626307 -0.398645 0.914964
    outer loop
      vertex 1.73614 5.91239 7.05818
      vertex 1.75426 6.35793 7.25354
      vertex 1.52378 5.96843 7.06806
    endloop
  endfacet
  facet normal -0.0983964 -0.268921 0.958123
    outer loop
      vertex 2.45463 2.37252 5.91722
      vertex 3.15083 3.01099 6.16792
      vertex 2.37041 2.45546 5.93185
    endloop
  endfacet
  facet normal -0.027914 -0.194179 0.980569
    outer loop
      vertex 1.18554 0.915955 5.48743
      vertex 1.15476 0.956183 5.49452
      vertex 0.385075 0.369902 5.35651
    endloop
  endfacet
  facet normal -0.0585544 -0.210582 0.975821
    outer loop
      vertex 2.06954 1.3294 5.62956
      vertex 2.02315 1.39976 5.64196
      vertex 1.21488 0.874691 5.48015
    endloop
  endfacet
  facet normal -0.0290873 -0.192528 0.98086
    outer loop
      vertex 0.414412 0.328638 5.34923
      vertex 1.21488 0.874691 5.48015
      vertex 0.405123 0.342727 5.35172
    endloop
  endfacet
  facet normal -0.0984379 -0.268867 0.958134
    outer loop
      vertex 3.15083 3.01099 6.16792
      vertex 3.04272 3.11746 6.18669
      vertex 2.37041 2.45546 5.93185
    endloop
  endfacet
  facet normal -0.045739 -0.225106 0.97326
    outer loop
      vertex 0.980548 1.14016 5.52696
      vertex 1.56863 1.89688 5.72962
      vertex 0.941945 1.17321 5.53279
    endloop
  endfacet
  facet normal 0.000164298 -0.173473 0.984839
    outer loop
      vertex 0.339457 0.419796 5.36531
      vertex 0.273259 0.472588 5.37462
      vertex 0.244333 0.490387 5.37776
    endloop
  endfacet
  facet normal -0.008414 -0.184393 0.982817
    outer loop
      vertex 0.314109 0.442272 5.36927
      vertex 0.300853 0.452844 5.37114
      vertex 0.287231 0.462953 5.37292
    endloop
  endfacet
  facet normal -0.0158546 -0.204163 0.978808
    outer loop
      vertex 0.687966 1.34192 5.56254
      vertex 0.642391 1.36478 5.56657
      vertex 0.214217 0.506157 5.38054
    endloop
  endfacet
  facet normal -0.0475324 -0.264402 0.963241
    outer loop
      vertex 1.14568 2.17783 5.77916
      vertex 1.49587 3.05851 6.03818
      vertex 1.06978 2.21592 5.78587
    endloop
  endfacet
  facet normal -0.114012 -0.250585 0.961357
    outer loop
      vertex 3.63132 2.42664 6.06488
      vertex 3.54363 2.54998 6.08663
      vertex 2.76064 2.01337 5.8539
    endloop
  endfacet
  facet normal -0.142266 -0.269119 0.952542
    outer loop
      vertex 3.63132 2.42664 6.06488
      vertex 4.42926 2.92721 6.32548
      vertex 3.54363 2.54998 6.08663
    endloop
  endfacet
  facet normal -0.181871 -0.269143 0.945772
    outer loop
      vertex 5.56136 2.86185 6.52029
      vertex 5.45477 3.05121 6.55368
      vertex 4.62687 2.61577 6.27056
    endloop
  endfacet
  facet normal -0.211613 -0.284016 0.935176
    outer loop
      vertex 5.56136 2.86185 6.52029
      vertex 6.27603 3.4771 6.86886
      vertex 5.45477 3.05121 6.55368
    endloop
  endfacet
  facet normal -0.148862 -0.259105 0.954309
    outer loop
      vertex 4.62687 2.61577 6.27056
      vertex 4.53083 2.77319 6.29832
      vertex 3.71459 2.30037 6.04262
    endloop
  endfacet
  facet normal -0.145646 -0.264173 0.953415
    outer loop
      vertex 4.53083 2.77319 6.29832
      vertex 4.42926 2.92721 6.32548
      vertex 3.71459 2.30037 6.04262
    endloop
  endfacet
  facet normal -0.127025 -0.287647 0.949275
    outer loop
      vertex 3.97036 3.50565 6.42747
      vertex 3.84318 3.63996 6.45115
      vertex 3.2551 2.90087 6.1485
    endloop
  endfacet
  facet normal -0.152086 -0.309506 0.938656
    outer loop
      vertex 3.97036 3.50565 6.42747
      vertex 4.68079 4.10032 6.73866
      vertex 3.84318 3.63996 6.45115
    endloop
  endfacet
  facet normal -0.193233 -0.311898 0.930258
    outer loop
      vertex 5.0957 3.59574 6.64969
      vertex 5.86289 4.10361 6.97933
      vertex 4.96339 3.76865 6.68018
    endloop
  endfacet
  facet normal -0.198213 -0.305148 0.931448
    outer loop
      vertex 5.2218 3.41838 6.61842
      vertex 5.86289 4.10361 6.97933
      vertex 5.0957 3.59574 6.64969
    endloop
  endfacet
  facet normal -0.253729 -0.273076 0.927928
    outer loop
      vertex 6.86182 2.63127 6.76449
      vertex 6.85704 2.68359 6.77858
      vertex 6.71924 2.58219 6.71106
    endloop
  endfacet
  facet normal -0.13563 -0.202799 0.969782
    outer loop
      vertex 4.28445 0.91135 5.7977
      vertex 4.25006 1.05806 5.82357
      vertex 3.33777 0.736805 5.6288
    endloop
  endfacet
  facet normal -0.136643 -0.198105 0.97061
    outer loop
      vertex 4.31362 0.76355 5.77164
      vertex 4.28445 0.91135 5.7977
      vertex 3.33777 0.736805 5.6288
    endloop
  endfacet
  facet normal -0.0610046 -0.206563 0.97653
    outer loop
      vertex 1.29388 0.745211 5.45732
      vertex 2.11341 1.2575 5.61688
      vertex 1.26908 0.789268 5.46509
    endloop
  endfacet
  facet normal -0.0931549 -0.219437 0.971169
    outer loop
      vertex 3.06699 1.51126 5.76536
      vertex 3.01292 1.61578 5.78379
      vertex 2.19338 1.10939 5.59076
    endloop
  endfacet
  facet normal -0.101005 -0.199255 0.974728
    outer loop
      vertex 2.36787 0.637264 5.50752
      vertex 3.31098 0.851096 5.64896
      vertex 2.34583 0.718292 5.5218
    endloop
  endfacet
  facet normal -0.0346438 -0.177746 0.983466
    outer loop
      vertex 0.48599 0.123922 5.31314
      vertex 1.45738 0.218545 5.36446
      vertex 0.483912 0.140594 5.31608
    endloop
  endfacet
  facet normal -0.103258 -0.188817 0.976569
    outer loop
      vertex 3.37913 0.505809 5.58807
      vertex 3.3605 0.621662 5.6085
      vertex 2.41661 0.390329 5.46397
    endloop
  endfacet
  facet normal -0.104152 -0.18162 0.977838
    outer loop
      vertex 2.43442 0.223502 5.43456
      vertex 3.39365 0.389385 5.56754
      vertex 2.42699 0.307069 5.44929
    endloop
  endfacet
  facet normal -0.102622 -0.192354 0.975945
    outer loop
      vertex 2.40329 0.473184 5.47858
      vertex 3.33777 0.736805 5.6288
      vertex 2.38703 0.555529 5.4931
    endloop
  endfacet
  facet normal 0.00966894 -0.171808 0.985083
    outer loop
      vertex 0.483912 0.140594 5.31608
      vertex 0.481243 0.157186 5.319
      vertex 0.474152 0.190042 5.3248
    endloop
  endfacet
  facet normal -0.134442 -0.136441 0.981483
    outer loop
      vertex 4.21048 -1.1745 5.42991
      vertex 4.25006 -1.02906 5.45555
      vertex 3.28015 -0.888162 5.34228
    endloop
  endfacet
  facet normal -0.133118 -0.131892 0.982285
    outer loop
      vertex 4.16578 -1.31848 5.40452
      vertex 4.21048 -1.1745 5.42991
      vertex 3.28015 -0.888162 5.34228
    endloop
  endfacet
  facet normal -0.202614 -0.123791 0.971403
    outer loop
      vertex 6.11153 -1.55088 5.7422
      vertex 6.16099 -1.33992 5.7794
      vertex 5.2259 -1.1089 5.6138
    endloop
  endfacet
  facet normal -0.200857 -0.116863 0.972625
    outer loop
      vertex 6.11153 -1.55088 5.7422
      vertex 5.18395 -1.28784 5.58225
      vertex 5.13569 -1.46523 5.55097
    endloop
  endfacet
  facet normal -0.103766 -0.160137 0.981626
    outer loop
      vertex 3.37913 -0.429573 5.42314
      vertex 2.42699 -0.195354 5.3607
      vertex 2.41661 -0.278615 5.34602
    endloop
  endfacet
  facet normal -0.10377 -0.160156 0.981622
    outer loop
      vertex 3.37913 -0.429573 5.42314
      vertex 3.39365 -0.313149 5.44367
      vertex 2.42699 -0.195354 5.3607
    endloop
  endfacet
  facet normal -0.207148 -0.152 0.966429
    outer loop
      vertex 6.28329 -0.482952 5.93051
      vertex 5.32964 -0.381994 5.74198
      vertex 5.31338 -0.564946 5.70972
    endloop
  endfacet
  facet normal -0.173647 -0.16804 0.970366
    outer loop
      vertex 5.3394 -0.198595 5.77431
      vertex 5.34265 -0.0149717 5.80669
      vertex 4.3775 -0.136045 5.61301
    endloop
  endfacet
  facet normal -0.139181 -0.174312 0.974805
    outer loop
      vertex 4.38016 0.0144978 5.63956
      vertex 4.3775 0.165041 5.6661
      vertex 3.41234 0.0381174 5.5056
    endloop
  endfacet
  facet normal -0.207908 -0.166271 0.963913
    outer loop
      vertex 6.29479 -0.266736 5.96863
      vertex 6.29863 -0.0502567 6.0068
      vertex 5.34265 -0.0149717 5.80669
    endloop
  endfacet
  facet normal -0.170483 -0.203634 0.96409
    outer loop
      vertex 4.31362 0.76355 5.77164
      vertex 5.2259 1.07895 5.99958
      vertex 4.28445 0.91135 5.7977
    endloop
  endfacet
  facet normal -0.235733 -0.222175 0.94608
    outer loop
      vertex 6.94151 1.40122 6.46669
      vertex 6.16099 1.23941 6.23421
      vertex 6.94302 1.36849 6.45938
    endloop
  endfacet
  facet normal -0.235762 -0.222062 0.9461
    outer loop
      vertex 6.16099 1.23941 6.23421
      vertex 6.94151 1.40122 6.46669
      vertex 6.11153 1.45037 6.2714
    endloop
  endfacet
  facet normal -0.23899 -0.205745 0.948974
    outer loop
      vertex 6.96032 0.881481 6.35594
      vertex 6.95398 1.07989 6.39736
      vertex 6.23733 0.813025 6.15902
    endloop
  endfacet
  facet normal -0.24103 -0.189266 0.951884
    outer loop
      vertex 6.96955 0.458087 6.27191
      vertex 6.96632 0.640239 6.30731
      vertex 6.26412 0.598126 6.12113
    endloop
  endfacet
  facet normal -0.202616 -0.215899 0.955162
    outer loop
      vertex 5.2259 1.07895 5.99958
      vertex 6.11153 1.45037 6.2714
      vertex 5.18395 1.2579 6.03113
    endloop
  endfacet
  facet normal -0.20262 -0.21589 0.955163
    outer loop
      vertex 6.16099 1.23941 6.23421
      vertex 6.11153 1.45037 6.2714
      vertex 5.2259 1.07895 5.99958
    endloop
  endfacet
  facet normal -0.241619 -0.180949 0.953351
    outer loop
      vertex 6.97248 0.221008 6.22713
      vertex 6.97058 0.399938 6.26061
      vertex 6.28329 0.382438 6.0831
    endloop
  endfacet
  facet normal -0.173439 -0.179954 0.968264
    outer loop
      vertex 4.3775 0.165041 5.6661
      vertex 5.3394 0.168651 5.83907
      vertex 4.36949 0.315401 5.69261
    endloop
  endfacet
  facet normal -0.139005 -0.179124 0.973957
    outer loop
      vertex 4.3775 0.165041 5.6661
      vertex 4.36949 0.315401 5.69261
      vertex 3.41026 0.155397 5.52628
    endloop
  endfacet
  facet normal -0.105044 -0.261887 0.959365
    outer loop
      vertex 2.61401 2.1982 5.88649
      vertex 3.2551 2.90087 6.1485
      vertex 2.53586 2.28673 5.9021
    endloop
  endfacet
  facet normal -0.0765034 -0.242872 0.967037
    outer loop
      vertex 2.53586 2.28673 5.9021
      vertex 2.45463 2.37252 5.91722
      vertex 1.81354 1.66397 5.68855
    endloop
  endfacet
  facet normal -0.129936 -0.122805 0.983888
    outer loop
      vertex 4.06122 -1.60141 5.35463
      vertex 4.11601 -1.46085 5.37941
      vertex 3.20655 -1.11124 5.30294
    endloop
  endfacet
  facet normal -0.131625 -0.127374 0.983082
    outer loop
      vertex 4.11601 -1.46085 5.37941
      vertex 4.16578 -1.31848 5.40452
      vertex 3.20655 -1.11124 5.30294
    endloop
  endfacet
  facet normal -0.128136 -0.118401 0.984664
    outer loop
      vertex 4.00148 -1.74001 5.33019
      vertex 4.06122 -1.60141 5.35463
      vertex 3.11733 -1.32872 5.26459
    endloop
  endfacet
  facet normal -0.157408 -0.0987297 0.982586
    outer loop
      vertex 4.80194 -2.32146 5.4
      vertex 4.88075 -2.15501 5.42935
      vertex 3.93687 -1.87647 5.30613
    endloop
  endfacet
  facet normal -0.0609781 -0.139843 0.988294
    outer loop
      vertex 2.11341 -1.14579 5.19312
      vertex 2.15471 -1.07242 5.20605
      vertex 1.26908 -0.653875 5.21063
    endloop
  endfacet
  facet normal -0.126132 -0.113985 0.985443
    outer loop
      vertex 3.93687 -1.87647 5.30613
      vertex 3.11733 -1.32872 5.26459
      vertex 3.06699 -1.43503 5.24585
    endloop
  endfacet
  facet normal -0.0280344 -0.153064 0.987819
    outer loop
      vertex 1.18554 -0.780562 5.18829
      vertex 0.39534 -0.209249 5.25439
      vertex 0.385075 -0.222664 5.25202
    endloop
  endfacet
  facet normal -0.0632251 -0.144186 0.987529
    outer loop
      vertex 2.19338 -0.997673 5.21923
      vertex 1.33872 -0.519283 5.23436
      vertex 1.3171 -0.564937 5.22631
    endloop
  endfacet
  facet normal -0.0263001 -0.150943 0.988193
    outer loop
      vertex 1.08901 -0.897955 5.16759
      vertex 1.12257 -0.859939 5.17429
      vertex 0.363151 -0.248395 5.24749
    endloop
  endfacet
  facet normal -0.0255791 -0.150155 0.988332
    outer loop
      vertex 1.05412 -0.934795 5.16109
      vertex 1.08901 -0.897955 5.16759
      vertex 0.363151 -0.248395 5.24749
    endloop
  endfacet
  facet normal -0.119253 -0.0020917 0.992862
    outer loop
      vertex 3.52215 -5.19273 5.10005
      vertex 3.14033 -4.2716 5.05613
      vertex 2.98757 -4.37694 5.03756
    endloop
  endfacet
  facet normal -0.039954 -0.116891 0.992341
    outer loop
      vertex 1.43441 -1.88844 5.06217
      vertex 0.861344 -1.09983 5.13199
      vertex 0.819445 -1.12872 5.1269
    endloop
  endfacet
  facet normal -0.0798183 -0.0596595 0.995023
    outer loop
      vertex 2.44936 -3.56166 5.00898
      vertex 2.00572 -2.68058 5.02622
      vertex 1.90816 -2.74786 5.01436
    endloop
  endfacet
  facet normal -0.141835 -0.0200986 0.989686
    outer loop
      vertex 4.37539 -4.51228 5.22003
      vertex 3.71132 -3.79977 5.13933
      vertex 3.57493 -3.92502 5.11724
    endloop
  endfacet
  facet normal -0.122797 -0.0500484 0.991169
    outer loop
      vertex 3.84318 -3.66991 5.16223
      vertex 3.15083 -2.98199 5.11119
      vertex 3.04272 -3.08846 5.09242
    endloop
  endfacet
  facet normal -0.152073 -0.0301749 0.987909
    outer loop
      vertex 4.68079 -4.20083 5.27495
      vertex 3.97036 -3.53559 5.18591
      vertex 3.84318 -3.66991 5.16223
    endloop
  endfacet
  facet normal -0.138693 -0.0680607 0.987994
    outer loop
      vertex 4.21007 -3.25426 5.23552
      vertex 3.54363 -2.52098 5.19248
      vertex 3.45162 -2.64123 5.17128
    endloop
  endfacet
  facet normal -0.138699 -0.0680662 0.987993
    outer loop
      vertex 4.21007 -3.25426 5.23552
      vertex 4.3223 -3.10759 5.26138
      vertex 3.54363 -2.52098 5.19248
    endloop
  endfacet
  facet normal -0.0717482 -0.0544922 0.995933
    outer loop
      vertex 2.32113 -3.64366 4.99453
      vertex 1.80826 -2.81175 5.0031
      vertex 1.70617 -2.87216 4.99244
    endloop
  endfacet
  facet normal -0.113921 -0.0419134 0.992605
    outer loop
      vertex 3.43419 -4.0455 5.096
      vertex 3.57493 -3.92502 5.11724
      vertex 2.81552 -3.28993 5.0569
    endloop
  endfacet
  facet normal -0.0697578 -0.174437 0.982194
    outer loop
      vertex 2.44036 0.0558567 5.405
      vertex 2.43887 0.13973 5.41979
      vertex 1.46451 0.11806 5.34674
    endloop
  endfacet
  facet normal -0.069674 -0.1768 0.981778
    outer loop
      vertex 2.43887 0.13973 5.41979
      vertex 2.43442 0.223502 5.43456
      vertex 1.46451 0.11806 5.34674
    endloop
  endfacet
  facet normal -0.0684832 -0.160114 0.98472
    outer loop
      vertex 2.38703 -0.443813 5.31689
      vertex 2.40329 -0.361468 5.33141
      vertex 1.44314 -0.182903 5.29367
    endloop
  endfacet
  facet normal -0.0679728 -0.157743 0.985138
    outer loop
      vertex 2.36787 -0.52555 5.30248
      vertex 2.38703 -0.443813 5.31689
      vertex 1.43338 -0.23235 5.28495
    endloop
  endfacet
  facet normal -0.104397 -0.167304 0.980362
    outer loop
      vertex 3.40403 -0.196299 5.46427
      vertex 2.43887 -0.0280151 5.39021
      vertex 2.43442 -0.111787 5.37544
    endloop
  endfacet
  facet normal -0.104141 -0.163694 0.980999
    outer loop
      vertex 3.39365 -0.313149 5.44367
      vertex 3.40403 -0.196299 5.46427
      vertex 2.43442 -0.111787 5.37544
    endloop
  endfacet
  facet normal -0.034899 -0.172923 0.984317
    outer loop
      vertex 1.46451 0.0173302 5.32898
      vertex 1.46541 0.0676956 5.33786
      vertex 0.488667 0.0736179 5.30427
    endloop
  endfacet
  facet normal -0.034291 -0.167125 0.985339
    outer loop
      vertex 1.44314 -0.182903 5.29367
      vertex 0.481243 -0.00994778 5.28953
      vertex 0.477988 -0.0264368 5.28662
    endloop
  endfacet
  facet normal -0.0348464 -0.175463 0.983869
    outer loop
      vertex 0.488369 0.0904131 5.30723
      vertex 1.46184 0.168365 5.35561
      vertex 0.487476 0.107188 5.31019
    endloop
  endfacet
  facet normal -0.00090062 -0.17384 0.984774
    outer loop
      vertex 0.483912 0.140594 5.31608
      vertex 0.474152 0.190042 5.3248
      vertex 0.459197 0.238214 5.33329
    endloop
  endfacet
  facet normal -0.0697571 -0.174423 0.982197
    outer loop
      vertex 1.46541 0.0676956 5.33786
      vertex 2.44036 0.0558567 5.405
      vertex 1.46451 0.11806 5.34674
    endloop
  endfacet
  facet normal -0.0697571 -0.172036 0.982618
    outer loop
      vertex 2.43887 -0.0280151 5.39021
      vertex 2.44036 0.0558567 5.405
      vertex 1.46541 0.0676956 5.33786
    endloop
  endfacet
  facet normal -0.0347751 -0.170579 0.98473
    outer loop
      vertex 1.45738 -0.0831528 5.31126
      vertex 1.46184 -0.0329723 5.32011
      vertex 0.487476 0.0400486 5.29835
    endloop
  endfacet
  facet normal -0.00261194 -0.173384 0.984851
    outer loop
      vertex 0.48599 0.0233145 5.2954
      vertex 0.487476 0.0400486 5.29835
      vertex 0.477988 -0.0264368 5.28662
    endloop
  endfacet
  facet normal -0.0292676 -0.192275 0.980905
    outer loop
      vertex 1.24273 0.832445 5.4727
      vertex 1.21488 0.874691 5.48015
      vertex 0.414412 0.328638 5.34923
    endloop
  endfacet
  facet normal -0.0311333 -0.189077 0.981469
    outer loop
      vertex 1.3171 0.700328 5.44941
      vertex 1.29388 0.745211 5.45732
      vertex 0.439211 0.284581 5.34147
    endloop
  endfacet
  facet normal -0.00588051 -0.177792 0.984051
    outer loop
      vertex 0.414412 0.328638 5.34923
      vertex 0.405123 0.342727 5.35172
      vertex 0.385075 0.369902 5.35651
    endloop
  endfacet
  facet normal -0.0284563 -0.193436 0.9807
    outer loop
      vertex 0.405123 0.342727 5.35172
      vertex 1.18554 0.915955 5.48743
      vertex 0.39534 0.356486 5.35415
    endloop
  endfacet
  facet normal -0.0651911 -0.148741 0.986725
    outer loop
      vertex 2.26266 -0.844429 5.24625
      vertex 1.37703 -0.425888 5.25083
      vertex 1.3587 -0.472915 5.24253
    endloop
  endfacet
  facet normal -0.06513 -0.148612 0.986748
    outer loop
      vertex 2.26266 -0.844429 5.24625
      vertex 2.29319 -0.766114 5.26006
      vertex 1.37703 -0.425888 5.25083
    endloop
  endfacet
  facet normal -0.0329477 -0.162209 0.986206
    outer loop
      vertex 1.37703 -0.425888 5.25083
      vertex 1.39368 -0.37826 5.25922
      vertex 0.46475 -0.0750933 5.27805
    endloop
  endfacet
  facet normal -0.0333278 -0.163361 0.986003
    outer loop
      vertex 1.39368 -0.37826 5.25922
      vertex 0.469737 -0.0590296 5.28088
      vertex 0.46475 -0.0750933 5.27805
    endloop
  endfacet
  facet normal -0.0334187 -0.183455 0.98246
    outer loop
      vertex 0.469737 0.206267 5.32766
      vertex 1.40864 0.46548 5.408
      vertex 0.46475 0.222331 5.33049
    endloop
  endfacet
  facet normal -0.0659596 -0.195626 0.978458
    outer loop
      vertex 1.39368 0.513652 5.41649
      vertex 2.32092 0.798513 5.53595
      vertex 1.37703 0.56128 5.42489
    endloop
  endfacet
  facet normal -0.0571028 -0.133749 0.989369
    outer loop
      vertex 1.97429 -1.35676 5.15592
      vertex 2.02315 -1.28804 5.16803
      vertex 1.18554 -0.780562 5.18829
    endloop
  endfacet
  facet normal -0.0834558 -0.11068 0.990346
    outer loop
      vertex 2.68896 -2.03081 5.1408
      vertex 2.76064 -1.93713 5.15731
      vertex 1.92303 -1.42375 5.1441
    endloop
  endfacet
  facet normal -0.0299843 -0.155941 0.987311
    outer loop
      vertex 1.24273 -0.697053 5.20301
      vertex 1.26908 -0.653875 5.21063
      vertex 0.423198 -0.167003 5.26184
    endloop
  endfacet
  facet normal -0.0598699 -0.137936 0.98863
    outer loop
      vertex 2.06954 -1.21769 5.18044
      vertex 1.26908 -0.653875 5.21063
      vertex 1.24273 -0.697053 5.20301
    endloop
  endfacet
  facet normal 0.00281248 -0.17892 0.98386
    outer loop
      vertex 0.229415 -0.351294 5.22934
      vertex 0.258954 -0.334498 5.23231
      vertex 0.198758 -0.366018 5.22675
    endloop
  endfacet
  facet normal -0.0227873 -0.147508 0.988798
    outer loop
      vertex 0.941945 -1.03782 5.14293
      vertex 0.980548 -1.00477 5.14875
      vertex 0.326982 -0.284015 5.24121
    endloop
  endfacet
  facet normal -0.0379462 -0.115572 0.992574
    outer loop
      vertex 1.29319 -1.98224 5.04563
      vertex 1.36463 -1.93656 5.05368
      vertex 0.819445 -1.12872 5.1269
    endloop
  endfacet
  facet normal -0.0380301 -0.115618 0.992565
    outer loop
      vertex 1.29319 -1.98224 5.04563
      vertex 0.819445 -1.12872 5.1269
      vertex 0.776546 -1.15616 5.12206
    endloop
  endfacet
  facet normal -0.128137 -0.118408 0.984663
    outer loop
      vertex 4.06122 -1.60141 5.35463
      vertex 3.16387 -1.22075 5.28363
      vertex 3.11733 -1.32872 5.26459
    endloop
  endfacet
  facet normal -0.0962385 -0.132482 0.986502
    outer loop
      vertex 3.11733 -1.32872 5.26459
      vertex 3.16387 -1.22075 5.28363
      vertex 2.26266 -0.844429 5.24625
    endloop
  endfacet
  facet normal 0.0128295 -0.0705165 0.997428
    outer loop
      vertex -0.255087 -2.33426 4.98355
      vertex -0.339632 -2.32404 4.98536
      vertex -0.356687 -3.30397 4.9163
    endloop
  endfacet
  facet normal 0.00420727 -0.13942 0.990224
    outer loop
      vertex -0.0510788 -0.404987 5.21988
      vertex -0.0680084 -0.402941 5.22024
      vertex -0.203945 -1.3614 5.08587
    endloop
  endfacet
  facet normal 0 -0.173617 0.984813
    outer loop
      vertex 0.198758 -0.366018 5.22675
      vertex -0.0510788 -0.404987 5.21988
      vertex 0.0510788 -0.404987 5.21988
    endloop
  endfacet
  facet normal 0 -0.173617 0.984813
    outer loop
      vertex -0.0510788 -0.404987 5.21988
      vertex 0.198758 -0.366018 5.22675
      vertex -0.198758 -0.366018 5.22675
    endloop
  endfacet
  facet normal 0.00232526 -0.186861 0.982384
    outer loop
      vertex 0.084856 -0.400313 5.2207
      vertex 0.101599 -0.397108 5.22127
      vertex 0.0680084 -0.402941 5.22024
    endloop
  endfacet
  facet normal -0.00191175 -0.178389 0.983958
    outer loop
      vertex -0.167133 -0.378602 5.22453
      vertex -0.151006 -0.38407 5.22357
      vertex -0.198758 -0.366018 5.22675
    endloop
  endfacet
  facet normal 0.00904893 -0.140342 0.990062
    outer loop
      vertex -0.354513 -1.33258 5.09095
      vertex -0.118218 -0.393329 5.22193
      vertex -0.40392 -1.31954 5.09325
    endloop
  endfacet
  facet normal 0.0249521 -0.109059 0.993722
    outer loop
      vertex -0.501198 -1.28841 5.09874
      vertex -0.54895 -1.27036 5.10192
      vertex -0.914175 -2.17243 5.01209
    endloop
  endfacet
  facet normal 0.0156166 -0.142789 0.98963
    outer loop
      vertex -0.214217 -0.358919 5.228
      vertex -0.229415 -0.351294 5.22934
      vertex -0.687966 -1.20652 5.11318
    endloop
  endfacet
  facet normal 0 -0.1736 0.984816
    outer loop
      vertex 0.385075 -0.222664 5.25202
      vertex -0.198758 -0.366018 5.22675
      vertex 0.198758 -0.366018 5.22675
    endloop
  endfacet
  facet normal 0 -0.1736 0.984816
    outer loop
      vertex -0.198758 -0.366018 5.22675
      vertex 0.385075 -0.222664 5.25202
      vertex -0.385075 -0.222664 5.25202
    endloop
  endfacet
  facet normal 0.0329926 -0.162324 0.986186
    outer loop
      vertex -0.459197 -0.0909758 5.27525
      vertex -0.46475 -0.0750933 5.27805
      vertex -1.37703 -0.425888 5.25083
    endloop
  endfacet
  facet normal 0.0333278 -0.163361 0.986003
    outer loop
      vertex -0.46475 -0.0750933 5.27805
      vertex -0.469737 -0.0590296 5.28088
      vertex -1.39368 -0.37826 5.25922
    endloop
  endfacet
  facet normal 0.0326808 -0.16148 0.986335
    outer loop
      vertex -0.453084 -0.106658 5.27248
      vertex -0.459197 -0.0909758 5.27525
      vertex -1.37703 -0.425888 5.25083
    endloop
  endfacet
  facet normal 0.0947633 -0.129235 0.987076
    outer loop
      vertex -2.19338 -0.997673 5.21923
      vertex -2.22938 -0.921647 5.23264
      vertex -3.11733 -1.32872 5.26459
    endloop
  endfacet
  facet normal 0.0182023 -0.1442 0.989381
    outer loop
      vertex -0.244333 -0.34315 5.23078
      vertex -0.258954 -0.334498 5.23231
      vertex -0.732703 -1.1821 5.11749
    endloop
  endfacet
  facet normal -0.00281248 -0.17892 0.98386
    outer loop
      vertex -0.229415 -0.351294 5.22934
      vertex -0.198758 -0.366018 5.22675
      vertex -0.258954 -0.334498 5.23231
    endloop
  endfacet
  facet normal 0.00191175 -0.178389 0.983958
    outer loop
      vertex 0.167133 -0.378602 5.22453
      vertex 0.198758 -0.366018 5.22675
      vertex 0.151006 -0.38407 5.22357
    endloop
  endfacet
  facet normal 0.00271655 -0.180348 0.983599
    outer loop
      vertex 0.183058 -0.372581 5.22559
      vertex 0.198758 -0.366018 5.22675
      vertex 0.167133 -0.378602 5.22453
    endloop
  endfacet
  facet normal 0.00979967 -0.182929 0.983077
    outer loop
      vertex 0.351518 -0.26068 5.24532
      vertex 0.363151 -0.248395 5.24749
      vertex 0.339457 -0.272558 5.24323
    endloop
  endfacet
  facet normal -0.000155447 -0.173426 0.984847
    outer loop
      vertex 0.258954 -0.334498 5.23231
      vertex 0.339457 -0.272558 5.24323
      vertex 0.198758 -0.366018 5.22675
    endloop
  endfacet
  facet normal -0.0148564 -0.14244 0.989692
    outer loop
      vertex 0.596034 -1.25068 5.10539
      vertex 0.642391 -1.22939 5.10915
      vertex 0.198758 -0.366018 5.22675
    endloop
  endfacet
  facet normal -0.0294741 -0.110955 0.993388
    outer loop
      vertex 0.992583 -2.13965 5.01787
      vertex 1.06978 -2.1042 5.02412
      vertex 0.642391 -1.22939 5.10915
    endloop
  endfacet
  facet normal 4.28224e-05 -0.173739 0.984792
    outer loop
      vertex 0.431467 -0.15231 5.26443
      vertex 0.439211 -0.137344 5.26707
      vertex 0.385075 -0.222664 5.25202
    endloop
  endfacet
  facet normal -0.000419187 -0.173455 0.984842
    outer loop
      vertex 0.439211 -0.137344 5.26707
      vertex 0.477988 -0.0264368 5.28662
      vertex 0.385075 -0.222664 5.25202
    endloop
  endfacet
  facet normal -0.0199533 -0.145341 0.98918
    outer loop
      vertex 0.819445 -1.12872 5.1269
      vertex 0.861344 -1.09983 5.13199
      vertex 0.287231 -0.315715 5.23562
    endloop
  endfacet
  facet normal -0.0456612 -0.121279 0.991568
    outer loop
      vertex 1.56863 -1.78517 5.08038
      vertex 0.980548 -1.00477 5.14875
      vertex 0.941945 -1.03782 5.14293
    endloop
  endfacet
  facet normal -0.0208871 -0.146009 0.989063
    outer loop
      vertex 0.861344 -1.09983 5.13199
      vertex 0.300853 -0.305606 5.2374
      vertex 0.287231 -0.315715 5.23562
    endloop
  endfacet
  facet normal 0.000141835 -0.174368 0.98468
    outer loop
      vertex 0.244333 -0.34315 5.23078
      vertex 0.258954 -0.334498 5.23231
      vertex 0.229415 -0.351294 5.22934
    endloop
  endfacet
  facet normal -0.0658151 -0.0927083 0.993516
    outer loop
      vertex 2.10085 -2.60999 5.03867
      vertex 2.19341 -2.53617 5.05169
      vertex 1.56863 -1.78517 5.08038
    endloop
  endfacet
  facet normal -0.0685419 -0.0949616 0.993118
    outer loop
      vertex 2.19341 -2.53617 5.05169
      vertex 1.63292 -1.73013 5.09008
      vertex 1.56863 -1.78517 5.08038
    endloop
  endfacet
  facet normal 0.00460624 -0.177189 0.984166
    outer loop
      vertex 0.37434 -0.235718 5.24972
      vertex 0.385075 -0.222664 5.25202
      vertex 0.363151 -0.248395 5.24749
    endloop
  endfacet
  facet normal -0.0527189 -0.128218 0.990344
    outer loop
      vertex 1.81354 -1.55225 5.12144
      vertex 1.86942 -1.48895 5.13261
      vertex 1.12257 -0.859939 5.17429
    endloop
  endfacet
  facet normal -0.0270608 -0.15183 0.988036
    outer loop
      vertex 1.12257 -0.859939 5.17429
      vertex 0.385075 -0.222664 5.25202
      vertex 0.37434 -0.235718 5.24972
    endloop
  endfacet
  facet normal -0.0510787 -0.126416 0.990661
    outer loop
      vertex 1.75545 -1.6136 5.11063
      vertex 1.08901 -0.897955 5.16759
      vertex 1.05412 -0.934795 5.16109
    endloop
  endfacet
  facet normal 0.109307 -0.038098 0.993278
    outer loop
      vertex -2.6967 -3.38468 5.04019
      vertex -2.81552 -3.28993 5.0569
      vertex -3.28926 -4.16108 5.07562
    endloop
  endfacet
  facet normal 0.136401 -0.0152777 0.990536
    outer loop
      vertex -4.04868 -4.80198 5.16895
      vertex -3.43419 -4.0455 5.096
      vertex -4.21461 -4.65994 5.19399
    endloop
  endfacet
  facet normal 0.145592 0.0218211 0.989104
    outer loop
      vertex -3.70224 -5.06854 5.12195
      vertex -3.87782 -4.93824 5.14492
      vertex -4.46166 -5.71522 5.248
    endloop
  endfacet
  facet normal 0.131804 0.0313372 0.99078
    outer loop
      vertex -3.84029 -6.14369 5.17245
      vertex -3.52215 -5.19273 5.10005
      vertex -4.05243 -6.00802 5.19638
    endloop
  endfacet
  facet normal 0.134724 0.0699444 0.988412
    outer loop
      vertex -3.40514 -6.39847 5.12933
      vertex -3.40223 -6.39277 5.12853
      vertex -3.40745 -6.39826 5.12963
    endloop
  endfacet
  facet normal 0.16503 0.00576365 0.986272
    outer loop
      vertex -4.21461 -4.65994 5.19399
      vertex -4.37539 -4.51228 5.22003
      vertex -4.84914 -5.39502 5.30446
    endloop
  endfacet
  facet normal 0.241118 -0.0353124 0.969853
    outer loop
      vertex -6.76363 -3.82599 5.72561
      vertex -6.39866 -3.44186 5.64886
      vertex -6.78157 -3.66395 5.73597
    endloop
  endfacet
  facet normal 0.207388 -0.045754 0.977188
    outer loop
      vertex -5.34154 -3.33731 5.42721
      vertex -5.45477 -3.15173 5.45993
      vertex -6.27603 -3.65973 5.61044
    endloop
  endfacet
  facet normal 0.176985 -0.00600824 0.984195
    outer loop
      vertex -4.53085 -4.35918 5.24702
      vertex -4.68079 -4.20083 5.27495
      vertex -5.21301 -5.04898 5.36548
    endloop
  endfacet
  facet normal 0.171086 6.64691e-07 0.985256
    outer loop
      vertex -5.03414 -5.22512 5.33442
      vertex -4.37539 -4.51228 5.22003
      vertex -5.21301 -5.04898 5.36548
    endloop
  endfacet
  facet normal 0.150164 0.0607561 0.986793
    outer loop
      vertex -3.96178 -6.34659 5.20343
      vertex -3.84029 -6.14369 5.17245
      vertex -4.05103 -6.33747 5.21645
    endloop
  endfacet
  facet normal 0.102237 0.0474709 0.993627
    outer loop
      vertex -2.87257 -6.43721 5.074
      vertex -2.56188 -5.71692 5.00762
      vertex -3.11041 -6.42063 5.09768
    endloop
  endfacet
  facet normal 0.10816 -0.0856805 0.990434
    outer loop
      vertex -3.3554 -2.75824 5.15065
      vertex -2.68896 -2.03081 5.1408
      vertex -3.45162 -2.64123 5.17128
    endloop
  endfacet
  facet normal 0.166073 -0.0466105 0.985011
    outer loop
      vertex -4.96339 -3.86917 5.33343
      vertex -4.3223 -3.10759 5.26138
      vertex -5.0957 -3.69625 5.36392
    endloop
  endfacet
  facet normal 0.113921 -0.0419134 0.992605
    outer loop
      vertex -3.43419 -4.0455 5.096
      vertex -2.81552 -3.28993 5.0569
      vertex -3.57493 -3.92502 5.11724
    endloop
  endfacet
  facet normal 0.136405 -0.0152833 0.990535
    outer loop
      vertex -3.43419 -4.0455 5.096
      vertex -3.57493 -3.92502 5.11724
      vertex -4.21461 -4.65994 5.19399
    endloop
  endfacet
  facet normal 0.0685419 -0.0949616 0.993118
    outer loop
      vertex -1.56863 -1.78517 5.08038
      vertex -1.63292 -1.73013 5.09008
      vertex -2.19341 -2.53617 5.05169
    endloop
  endfacet
  facet normal 0.125151 -0.00631185 0.992118
    outer loop
      vertex -3.14033 -4.2716 5.05613
      vertex -3.28926 -4.16108 5.07562
      vertex -3.87782 -4.93824 5.14492
    endloop
  endfacet
  facet normal 0.130879 -0.0107146 0.99134
    outer loop
      vertex -3.87782 -4.93824 5.14492
      vertex -3.43419 -4.0455 5.096
      vertex -4.04868 -4.80198 5.16895
    endloop
  endfacet
  facet normal 0.15228 0.0166752 0.988197
    outer loop
      vertex -3.87782 -4.93824 5.14492
      vertex -4.04868 -4.80198 5.16895
      vertex -4.46166 -5.71522 5.248
    endloop
  endfacet
  facet normal 0.0526041 -0.128105 0.990365
    outer loop
      vertex -1.08901 -0.897955 5.16759
      vertex -1.12257 -0.859939 5.17429
      vertex -1.81354 -1.55225 5.12144
    endloop
  endfacet
  facet normal 0.113949 -0.041948 0.992601
    outer loop
      vertex -2.81552 -3.28993 5.0569
      vertex -2.9309 -3.19115 5.07432
      vertex -3.57493 -3.92502 5.11724
    endloop
  endfacet
  facet normal 0.134962 -0.063357 0.988823
    outer loop
      vertex -3.3554 -2.75824 5.15065
      vertex -3.45162 -2.64123 5.17128
      vertex -4.21007 -3.25426 5.23552
    endloop
  endfacet
  facet normal 0.134979 -0.0633881 0.988819
    outer loop
      vertex -4.09271 -3.39699 5.21035
      vertex -3.3554 -2.75824 5.15065
      vertex -4.21007 -3.25426 5.23552
    endloop
  endfacet
  facet normal -0.0375252 -0.0765975 0.996356
    outer loop
      vertex 1.16709 -3.11972 4.94879
      vertex 1.27829 -3.07768 4.95621
      vertex 0.914175 -2.17243 5.01209
    endloop
  endfacet
  facet normal -0.0499384 -0.0440151 0.997782
    outer loop
      vertex 1.64084 -3.98502 4.93433
      vertex 1.27829 -3.07768 4.95621
      vertex 1.16709 -3.11972 4.94879
    endloop
  endfacet
  facet normal -0.022659 -0.108252 0.993865
    outer loop
      vertex 0.754112 -2.2298 5.00197
      vertex 0.501198 -1.28841 5.09874
      vertex 0.452835 -1.30482 5.09585
    endloop
  endfacet
  facet normal -0.0374574 -0.0765796 0.99636
    outer loop
      vertex 1.16709 -3.11972 4.94879
      vertex 0.914175 -2.17243 5.01209
      vertex 0.834652 -2.20249 5.00679
    endloop
  endfacet
  facet normal -0.0441775 -0.0793807 0.995865
    outer loop
      vertex 1.38792 -3.03185 4.96429
      vertex 1.49587 -2.98228 4.97303
      vertex 0.992583 -2.13965 5.01787
    endloop
  endfacet
  facet normal -0.0631759 -0.0498116 0.996759
    outer loop
      vertex 1.92014 -3.86256 4.95593
      vertex 2.05636 -3.7942 4.96798
      vertex 1.49587 -2.98228 4.97303
    endloop
  endfacet
  facet normal 0.102631 -0.192323 0.97595
    outer loop
      vertex -2.40329 0.473184 5.47858
      vertex -3.33777 0.736805 5.6288
      vertex -3.3605 0.621662 5.6085
    endloop
  endfacet
  facet normal 0.139005 -0.179124 0.973957
    outer loop
      vertex -3.41026 0.155397 5.52628
      vertex -4.36949 0.315401 5.69261
      vertex -4.3775 0.165041 5.6661
    endloop
  endfacet
  facet normal 0.167751 -0.215278 0.962037
    outer loop
      vertex -4.21048 1.20349 5.84921
      vertex -5.13569 1.43529 6.06241
      vertex -5.18395 1.2579 6.03113
    endloop
  endfacet
  facet normal 0.134452 -0.207426 0.968967
    outer loop
      vertex -3.31098 0.851096 5.64896
      vertex -4.21048 1.20349 5.84921
      vertex -4.25006 1.05806 5.82357
    endloop
  endfacet
  facet normal 0.135612 -0.202848 0.969774
    outer loop
      vertex -3.33777 0.736805 5.6288
      vertex -3.31098 0.851096 5.64896
      vertex -4.25006 1.05806 5.82357
    endloop
  endfacet
  facet normal 0.16922 -0.209487 0.963058
    outer loop
      vertex -4.28445 0.91135 5.7977
      vertex -4.25006 1.05806 5.82357
      vertex -5.2259 1.07895 5.99958
    endloop
  endfacet
  facet normal 0.104148 -0.181635 0.977835
    outer loop
      vertex -2.43442 0.223502 5.43456
      vertex -3.39365 0.389385 5.56754
      vertex -3.40403 0.272533 5.54694
    endloop
  endfacet
  facet normal 0.103262 -0.188802 0.976571
    outer loop
      vertex -2.41661 0.390329 5.46397
      vertex -2.40329 0.473184 5.47858
      vertex -3.3605 0.621662 5.6085
    endloop
  endfacet
  facet normal 0.0692479 -0.164839 0.983887
    outer loop
      vertex -2.41661 -0.278615 5.34602
      vertex -1.45115 -0.13315 5.30244
      vertex -2.42699 -0.195354 5.3607
    endloop
  endfacet
  facet normal 0.0346412 -0.169369 0.984944
    outer loop
      vertex -0.483912 0.00664234 5.29246
      vertex -0.48599 0.0233145 5.2954
      vertex -1.45115 -0.13315 5.30244
    endloop
  endfacet
  facet normal 0.139181 -0.169605 0.975635
    outer loop
      vertex -4.3775 -0.136045 5.61301
      vertex -3.41234 0.0381174 5.5056
      vertex -4.38016 0.0144978 5.63956
    endloop
  endfacet
  facet normal 0.034899 -0.174061 0.984116
    outer loop
      vertex -0.488667 0.0736179 5.30427
      vertex -0.488369 0.0904131 5.30723
      vertex -1.46541 0.0676956 5.33786
    endloop
  endfacet
  facet normal 0.00164337 -0.17304 0.984914
    outer loop
      vertex -0.469737 -0.0590296 5.28088
      vertex -0.439211 -0.137344 5.26707
      vertex -0.477988 -0.0264368 5.28662
    endloop
  endfacet
  facet normal 0.000264288 -0.173267 0.984875
    outer loop
      vertex -0.339457 -0.272558 5.24323
      vertex -0.198758 -0.366018 5.22675
      vertex -0.385075 -0.222664 5.25202
    endloop
  endfacet
  facet normal 0.0456612 -0.121279 0.991568
    outer loop
      vertex -0.941945 -1.03782 5.14293
      vertex -0.980548 -1.00477 5.14875
      vertex -1.56863 -1.78517 5.08038
    endloop
  endfacet
  facet normal 0.0658078 -0.0927036 0.993517
    outer loop
      vertex -1.50244 -1.83796 5.07107
      vertex -1.56863 -1.78517 5.08038
      vertex -2.10085 -2.60999 5.03867
    endloop
  endfacet
  facet normal 0.03264 -0.161364 0.986355
    outer loop
      vertex -1.3587 -0.472915 5.24253
      vertex -0.453084 -0.106658 5.27248
      vertex -1.37703 -0.425888 5.25083
    endloop
  endfacet
  facet normal 0.174404 -0.0583224 0.982945
    outer loop
      vertex -5.2218 -3.5189 5.39519
      vertex -4.42926 -2.95716 5.2879
      vertex -5.34154 -3.33731 5.42721
    endloop
  endfacet
  facet normal 0.09316 -0.125971 0.98765
    outer loop
      vertex -3.01292 -1.53954 5.22742
      vertex -2.19338 -0.997673 5.21923
      vertex -3.06699 -1.43503 5.24585
    endloop
  endfacet
  facet normal 0.0541864 -0.129943 0.99004
    outer loop
      vertex -1.12257 -0.859939 5.17429
      vertex -1.15476 -0.820791 5.18119
      vertex -1.92303 -1.42375 5.1441
    endloop
  endfacet
  facet normal 0.225891 -0.0831069 0.970601
    outer loop
      vertex -6.71924 -2.76482 5.76824
      vertex -5.83999 -2.37392 5.59708
      vertex -6.80989 -2.53226 5.80925
    endloop
  endfacet
  facet normal 0.133119 -0.131895 0.982285
    outer loop
      vertex -3.24533 -1.00033 5.3225
      vertex -3.28015 -0.888162 5.34228
      vertex -4.16578 -1.31848 5.40452
    endloop
  endfacet
  facet normal 0.0947315 -0.129144 0.987091
    outer loop
      vertex -3.06699 -1.43503 5.24585
      vertex -2.19338 -0.997673 5.21923
      vertex -3.11733 -1.32872 5.26459
    endloop
  endfacet
  facet normal 0.128137 -0.118408 0.984663
    outer loop
      vertex -3.11733 -1.32872 5.26459
      vertex -3.16387 -1.22075 5.28363
      vertex -4.06122 -1.60141 5.35463
    endloop
  endfacet
  facet normal 0.133118 -0.131892 0.982285
    outer loop
      vertex -4.16578 -1.31848 5.40452
      vertex -3.28015 -0.888162 5.34228
      vertex -4.21048 -1.1745 5.42991
    endloop
  endfacet
  facet normal 0.129956 -0.12284 0.983881
    outer loop
      vertex -3.16387 -1.22075 5.28363
      vertex -3.20655 -1.11124 5.30294
      vertex -4.06122 -1.60141 5.35463
    endloop
  endfacet
  facet normal 0.136637 -0.145796 0.979834
    outer loop
      vertex -4.28445 -0.882354 5.48142
      vertex -3.3605 -0.545426 5.40271
      vertex -4.31362 -0.734553 5.50748
    endloop
  endfacet
  facet normal 0.101865 -0.149518 0.983498
    outer loop
      vertex -3.31098 -0.77486 5.36226
      vertex -2.36787 -0.52555 5.30248
      vertex -3.33777 -0.660569 5.38241
    endloop
  endfacet
  facet normal 0.207652 -0.159093 0.965179
    outer loop
      vertex -5.32964 -0.381994 5.74198
      vertex -5.3394 -0.198595 5.77431
      vertex -6.28329 -0.482952 5.93051
    endloop
  endfacet
  facet normal 0.138995 -0.164761 0.976491
    outer loop
      vertex -4.36949 -0.286405 5.5865
      vertex -3.41026 -0.0791616 5.48493
      vertex -4.3775 -0.136045 5.61301
    endloop
  endfacet
  facet normal 0.249834 -0.0521796 0.966882
    outer loop
      vertex -6.82953 -3.18642 5.77147
      vertex -6.6204 -2.99413 5.72781
      vertex -6.83771 -3.10125 5.77818
    endloop
  endfacet
  facet normal 0.253729 -0.0607958 0.965363
    outer loop
      vertex -6.83771 -3.10125 5.77818
      vertex -6.6204 -2.99413 5.72781
      vertex -6.84385 -3.03192 5.78416
    endloop
  endfacet
  facet normal 0.129936 -0.122805 0.983888
    outer loop
      vertex -4.06122 -1.60141 5.35463
      vertex -3.20655 -1.11124 5.30294
      vertex -4.11601 -1.46085 5.37941
    endloop
  endfacet
  facet normal 0.191409 -0.0898224 0.977392
    outer loop
      vertex -5.75408 -2.57322 5.56194
      vertex -4.95362 -1.98596 5.45915
      vertex -5.83999 -2.37392 5.59708
    endloop
  endfacet
  facet normal 0.185298 -0.0769169 0.979668
    outer loop
      vertex -4.71728 -2.48509 5.37114
      vertex -4.80194 -2.32146 5.4
      vertex -5.56136 -2.96236 5.49332
    endloop
  endfacet
  facet normal 0.148849 -0.0828839 0.98538
    outer loop
      vertex -3.71459 -2.27137 5.2365
      vertex -3.79333 -2.14231 5.25925
      vertex -4.62687 -2.64571 5.34282
    endloop
  endfacet
  facet normal 0.263797 -0.0875168 0.9606
    outer loop
      vertex -6.90275 -2.30063 5.85331
      vertex -6.89224 -2.29672 5.85078
      vertex -6.90592 -2.25267 5.85855
    endloop
  endfacet
  facet normal 0.231395 -0.098854 0.967825
    outer loop
      vertex -5.99035 -1.96707 5.66882
      vertex -6.90592 -2.25267 5.85855
      vertex -6.89224 -2.29672 5.85078
    endloop
  endfacet
  facet normal 0.231386 -0.0988229 0.96783
    outer loop
      vertex -6.90592 -2.25267 5.85855
      vertex -5.99035 -1.96707 5.66882
      vertex -6.91767 -2.05395 5.88165
    endloop
  endfacet
  facet normal -0.12461 0.0357637 0.991561
    outer loop
      vertex 3.62347 -6.272 5.14983
      vertex 3.84029 -6.14369 5.17245
      vertex 3.14931 -5.42216 5.05959
    endloop
  endfacet
  facet normal -0.117313 0.0399126 0.992293
    outer loop
      vertex 3.62347 -6.272 5.14983
      vertex 3.14931 -5.42216 5.05959
      vertex 2.95703 -5.52713 5.04108
    endloop
  endfacet
  facet normal -0.102433 0.0473847 0.993611
    outer loop
      vertex 2.76114 -5.62542 5.02375
      vertex 3.11041 -6.42063 5.09768
      vertex 3.13577 -6.41886 5.10021
    endloop
  endfacet
  facet normal -0.102234 0.0474739 0.993627
    outer loop
      vertex 3.11041 -6.42063 5.09768
      vertex 2.76114 -5.62542 5.02375
      vertex 2.56188 -5.71692 5.00762
    endloop
  endfacet
  facet normal -0.0745136 0.0213309 0.996992
    outer loop
      vertex 2.15426 -5.87911 4.97902
      vertex 2.35951 -5.80152 4.9927
      vertex 1.82729 -4.95915 4.9349
    endloop
  endfacet
  facet normal -0.0945532 0.0508401 0.994221
    outer loop
      vertex 2.67489 -6.44992 5.05585
      vertex 2.87257 -6.43721 5.074
      vertex 2.56188 -5.71692 5.00762
    endloop
  endfacet
  facet normal -0.109838 0.0438277 0.992983
    outer loop
      vertex 3.40223 -6.39277 5.12853
      vertex 3.15695 -6.41727 5.10248
      vertex 3.38799 -6.39991 5.12727
    endloop
  endfacet
  facet normal -0.109837 0.0438251 0.992983
    outer loop
      vertex 3.15695 -6.41727 5.10248
      vertex 3.40223 -6.39277 5.12853
      vertex 2.95703 -5.52713 5.04108
    endloop
  endfacet
  facet normal -0.0544389 0.0636853 0.996484
    outer loop
      vertex 1.30956 -6.11765 4.93696
      vertex 1.51632 -6.5078 4.97319
      vertex 1.52378 -6.06894 4.94555
    endloop
  endfacet
  facet normal -0.0544538 0.0636774 0.996484
    outer loop
      vertex 1.51632 -6.5078 4.97319
      vertex 1.30956 -6.11765 4.93696
      vertex 1.39109 -6.51239 4.96664
    endloop
  endfacet
  facet normal -0.0677002 0.0237701 0.997423
    outer loop
      vertex 1.94638 -5.9496 4.96659
      vertex 2.15426 -5.87911 4.97902
      vertex 1.65097 -5.01894 4.92436
    endloop
  endfacet
  facet normal -0.078746 0.0568268 0.995274
    outer loop
      vertex 2.11423 -6.48185 5.01026
      vertex 2.27499 -6.47328 5.02249
      vertex 1.94638 -5.9496 4.96659
    endloop
  endfacet
  facet normal -0.0543831 0.0636846 0.996487
    outer loop
      vertex 1.62907 -6.50368 4.97908
      vertex 1.52378 -6.06894 4.94555
      vertex 1.51632 -6.5078 4.97319
    endloop
  endfacet
  facet normal -0.062618 0.0616665 0.996131
    outer loop
      vertex 1.52378 -6.06894 4.94555
      vertex 1.7444 -6.49881 4.98603
      vertex 1.73614 -6.0129 4.95543
    endloop
  endfacet
  facet normal -0.0626323 0.0616591 0.99613
    outer loop
      vertex 1.7444 -6.49881 4.98603
      vertex 1.52378 -6.06894 4.94555
      vertex 1.62907 -6.50368 4.97908
    endloop
  endfacet
  facet normal -0.0378747 0.0668489 0.997044
    outer loop
      vertex 0.922072 -6.52562 4.94774
      vertex 1.01274 -6.52332 4.95103
      vertex 0.876599 -6.19283 4.9237
    endloop
  endfacet
  facet normal -0.0378585 0.06684 0.997045
    outer loop
      vertex 1.09375 -6.15896 4.92968
      vertex 1.01274 -6.52332 4.95103
      vertex 1.15557 -6.51969 4.95621
    endloop
  endfacet
  facet normal -0.0378832 0.0668454 0.997044
    outer loop
      vertex 1.01274 -6.52332 4.95103
      vertex 1.09375 -6.15896 4.92968
      vertex 0.876599 -6.19283 4.9237
    endloop
  endfacet
  facet normal -0.00416459 0.0697596 0.997555
    outer loop
      vertex 0.219818 -6.24942 4.91372
      vertex 0.0736514 -6.53585 4.93314
      vertex 0.229532 -6.53541 4.93376
    endloop
  endfacet
  facet normal -0.00419499 0.069775 0.997554
    outer loop
      vertex 0.0736514 -6.53585 4.93314
      vertex 0.219818 -6.24942 4.91372
      vertex 0 -6.2532 4.91306
    endloop
  endfacet
  facet normal -0.0126806 0.0694667 0.997504
    outer loop
      vertex 0.229532 -6.53541 4.93376
      vertex 0.304622 -6.53477 4.93467
      vertex 0.219818 -6.24942 4.91372
    endloop
  endfacet
  facet normal 0.0210787 0.0689048 0.997401
    outer loop
      vertex -0.43937 -6.23809 4.91572
      vertex -0.610267 -6.53133 4.93959
      vertex -0.459458 -6.53346 4.93655
    endloop
  endfacet
  facet normal 0.0211006 0.0688922 0.997401
    outer loop
      vertex -0.610267 -6.53133 4.93959
      vertex -0.43937 -6.23809 4.91572
      vertex -0.658385 -6.21922 4.91905
    endloop
  endfacet
  facet normal 0.0210713 0.0688877 0.997402
    outer loop
      vertex -0.610267 -6.53133 4.93959
      vertex -0.658385 -6.21922 4.91905
      vertex -0.69017 -6.5302 4.9412
    endloop
  endfacet
  facet normal 0.039659 0.0311807 0.998727
    outer loop
      vertex -1.09375 -6.15896 4.92968
      vertex -0.927741 -5.19652 4.89304
      vertex -1.30956 -6.11765 4.93696
    endloop
  endfacet
  facet normal 0.0294691 0.0680123 0.997249
    outer loop
      vertex -0.836616 -6.52731 4.94533
      vertex -0.876599 -6.19283 4.9237
      vertex -0.922072 -6.52562 4.94774
    endloop
  endfacet
  facet normal 0.0396831 0.0311707 0.998726
    outer loop
      vertex -0.927741 -5.19652 4.89304
      vertex -1.1108 -5.16148 4.89922
      vertex -1.30956 -6.11765 4.93696
    endloop
  endfacet
  facet normal 0.0378832 0.0668454 0.997044
    outer loop
      vertex -1.09375 -6.15896 4.92968
      vertex -1.01274 -6.52332 4.95103
      vertex -0.876599 -6.19283 4.9237
    endloop
  endfacet
  facet normal 0.0378585 0.06684 0.997045
    outer loop
      vertex -1.01274 -6.52332 4.95103
      vertex -1.09375 -6.15896 4.92968
      vertex -1.15557 -6.51969 4.95621
    endloop
  endfacet
  facet normal 0.078746 0.0568268 0.995274
    outer loop
      vertex -2.11423 -6.48185 5.01026
      vertex -1.94638 -5.9496 4.96659
      vertex -2.27499 -6.47328 5.02249
    endloop
  endfacet
  facet normal 0.0607897 0.025985 0.997812
    outer loop
      vertex -1.73614 -6.0129 4.95543
      vertex -1.47263 -5.07264 4.91489
      vertex -1.94638 -5.9496 4.96659
    endloop
  endfacet
  facet normal 0.0544538 0.0636774 0.996484
    outer loop
      vertex -1.30956 -6.11765 4.93696
      vertex -1.51632 -6.5078 4.97319
      vertex -1.39109 -6.51239 4.96664
    endloop
  endfacet
  facet normal 0.0544389 0.0636853 0.996484
    outer loop
      vertex -1.51632 -6.5078 4.97319
      vertex -1.30956 -6.11765 4.93696
      vertex -1.52378 -6.06894 4.94555
    endloop
  endfacet
  facet normal 0.0543831 0.0636846 0.996487
    outer loop
      vertex -1.51632 -6.5078 4.97319
      vertex -1.52378 -6.06894 4.94555
      vertex -1.62907 -6.50368 4.97908
    endloop
  endfacet
  facet normal 0.0217546 -0.0365676 0.999094
    outer loop
      vertex -0.609601 -4.25714 4.88635
      vertex -0.592546 -3.27133 4.92206
      vertex -0.760607 -4.23359 4.8905
    endloop
  endfacet
  facet normal 0.0211847 -0.0012479 0.999775
    outer loop
      vertex -0.558458 -5.24763 4.88403
      vertex -0.609601 -4.25714 4.88635
      vertex -0.743553 -5.22525 4.88798
    endloop
  endfacet
  facet normal 0.016312 -0.0709997 0.997343
    outer loop
      vertex -0.339632 -2.32404 4.98536
      vertex -0.423763 -2.31092 4.98767
      vertex -0.592546 -3.27133 4.92206
    endloop
  endfacet
  facet normal 0.0151761 -0.000634604 0.999885
    outer loop
      vertex -0.305545 -4.28861 4.8808
      vertex -0.457851 -4.27549 4.88312
      vertex -0.558458 -5.24763 4.88403
    endloop
  endfacet
  facet normal -0.00360239 0.0349008 0.999384
    outer loop
      vertex 0.186456 -5.27325 4.87951
      vertex 0 -5.27646 4.87895
      vertex 0 -6.2532 4.91306
    endloop
  endfacet
  facet normal 0.0108914 0.0346461 0.99934
    outer loop
      vertex -0.219818 -6.24942 4.91372
      vertex -0.372684 -5.26364 4.88121
      vertex -0.43937 -6.23809 4.91572
    endloop
  endfacet
  facet normal -0.00545001 -0.0698856 0.99754
    outer loop
      vertex 0.238032 -3.3142 4.9145
      vertex 0.170231 -2.34157 4.98227
      vertex 0.119088 -3.32034 4.91342
    endloop
  endfacet
  facet normal 0.00360239 0.0349008 0.999384
    outer loop
      vertex 0 -6.2532 4.91306
      vertex 0 -5.27646 4.87895
      vertex -0.186456 -5.27325 4.87951
    endloop
  endfacet
  facet normal -0.0157249 -0.106286 0.994211
    outer loop
      vertex 0.50738 -2.29491 4.99049
      vertex 0.590376 -2.27604 4.99382
      vertex 0.354513 -1.33258 5.09095
    endloop
  endfacet
  facet normal -0.00657232 -0.139789 0.990159
    outer loop
      vertex 0.254465 -1.35352 5.08726
      vertex 0.304675 -1.34391 5.08895
      vertex 0.101599 -0.397108 5.22127
    endloop
  endfacet
  facet normal -0.0128221 -0.0705163 0.997428
    outer loop
      vertex 0.356687 -3.30397 4.9163
      vertex 0.474906 -3.28968 4.91883
      vertex 0.339632 -2.32404 4.98536
    endloop
  endfacet
  facet normal -0.0170423 -0.0359186 0.999209
    outer loop
      vertex 0.609601 -4.25714 4.88635
      vertex 0.474906 -3.28968 4.91883
      vertex 0.356687 -3.30397 4.9163
    endloop
  endfacet
  facet normal -0.00726373 -0.0350699 0.999358
    outer loop
      vertex 0.152865 -4.29649 4.87941
      vertex 0.238032 -3.3142 4.9145
      vertex 0.119088 -3.32034 4.91342
    endloop
  endfacet
  facet normal -0.00131278 -0.104529 0.994521
    outer loop
      vertex 0.0511417 -1.37457 5.08355
      vertex 0 -1.37545 5.08339
      vertex 0 -2.34743 4.98123
    endloop
  endfacet
  facet normal -0.0108723 -0.105359 0.994375
    outer loop
      vertex 0.339632 -2.32404 4.98536
      vertex 0.423763 -2.31092 4.98767
      vertex 0.254465 -1.35352 5.08726
    endloop
  endfacet
  facet normal -0.0132801 -0.105777 0.994301
    outer loop
      vertex 0.423763 -2.31092 4.98767
      vertex 0.50738 -2.29491 4.99049
      vertex 0.254465 -1.35352 5.08726
    endloop
  endfacet
  facet normal -0.00619409 -0.1048 0.994474
    outer loop
      vertex 0.255087 -2.33426 4.98355
      vertex 0.153176 -1.36754 5.08479
      vertex 0.102221 -1.37193 5.08401
    endloop
  endfacet
  facet normal -4.67006e-05 -0.173445 0.984844
    outer loop
      vertex 0.101599 -0.397108 5.22127
      vertex 0.198758 -0.366018 5.22675
      vertex 0.0510788 -0.404987 5.21988
    endloop
  endfacet
  facet normal -0.000703393 -0.139171 0.990268
    outer loop
      vertex 0.0511417 -1.37457 5.08355
      vertex 0.0170536 -0.407331 5.21946
      vertex 0 -1.37545 5.08339
    endloop
  endfacet
  facet normal -0.00371998 -0.104619 0.994505
    outer loop
      vertex 0.0851669 -2.34596 4.98149
      vertex 0.170231 -2.34157 4.98227
      vertex 0.0511417 -1.37457 5.08355
    endloop
  endfacet
  facet normal 0.0338902 -0.113173 0.992997
    outer loop
      vertex -0.687966 -1.20652 5.11318
      vertex -0.732703 -1.1821 5.11749
      vertex -1.22018 -2.02545 5.03801
    endloop
  endfacet
  facet normal 0.0408433 -0.0779188 0.996123
    outer loop
      vertex -1.27829 -3.07768 4.95621
      vertex -0.992583 -2.13965 5.01787
      vertex -1.38792 -3.03185 4.96429
    endloop
  endfacet
  facet normal 4.67006e-05 -0.173445 0.984844
    outer loop
      vertex -0.101599 -0.397108 5.22127
      vertex -0.0510788 -0.404987 5.21988
      vertex -0.198758 -0.366018 5.22675
    endloop
  endfacet
  facet normal 0.00749583 -0.139961 0.990129
    outer loop
      vertex -0.101599 -0.397108 5.22127
      vertex -0.118218 -0.393329 5.22193
      vertex -0.354513 -1.33258 5.09095
    endloop
  endfacet
  facet normal 0.0674791 -0.0520601 0.996362
    outer loop
      vertex -2.05636 -3.7942 4.96798
      vertex -1.70617 -2.87216 4.99244
      vertex -2.19008 -3.72121 4.98085
    endloop
  endfacet
  facet normal 0.0599442 -0.088348 0.994284
    outer loop
      vertex -1.90816 -2.74786 5.01436
      vertex -1.36463 -1.93656 5.05368
      vertex -2.00572 -2.68058 5.02622
    endloop
  endfacet
  facet normal 0.0360005 -0.0395442 0.998569
    outer loop
      vertex -0.82552 -3.22256 4.93066
      vertex -0.940568 -3.1922 4.93601
      vertex -1.20734 -4.13202 4.90841
    endloop
  endfacet
  facet normal 0.0204721 -0.10754 0.99399
    outer loop
      vertex -0.40392 -1.31954 5.09325
      vertex -0.452835 -1.30482 5.09585
      vertex -0.672654 -2.25433 4.99765
    endloop
  endfacet
  facet normal 0.0199793 -0.0716311 0.997231
    outer loop
      vertex -0.592546 -3.27133 4.92206
      vertex -0.50738 -2.29491 4.99049
      vertex -0.709465 -3.24895 4.92601
    endloop
  endfacet
  facet normal 0.0265882 -0.0374069 0.998946
    outer loop
      vertex -0.592546 -3.27133 4.92206
      vertex -0.709465 -3.24895 4.92601
      vertex -0.760607 -4.23359 4.8905
    endloop
  endfacet
  facet normal 0.0360162 -0.0395508 0.998568
    outer loop
      vertex -1.05966 -4.17099 4.90154
      vertex -0.82552 -3.22256 4.93066
      vertex -1.20734 -4.13202 4.90841
    endloop
  endfacet
  facet normal 0.0312885 -0.0383899 0.998773
    outer loop
      vertex -0.709465 -3.24895 4.92601
      vertex -0.82552 -3.22256 4.93066
      vertex -1.05966 -4.17099 4.90154
    endloop
  endfacet
  facet normal 0.0449452 -0.00579462 0.998973
    outer loop
      vertex -1.2925 -5.12017 4.90651
      vertex -1.05966 -4.17099 4.90154
      vertex -1.47263 -5.07264 4.91489
    endloop
  endfacet
  facet normal 0.0538126 0.0279545 0.99816
    outer loop
      vertex -1.2925 -5.12017 4.90651
      vertex -1.47263 -5.07264 4.91489
      vertex -1.52378 -6.06894 4.94555
    endloop
  endfacet
  facet normal 0.0407459 -0.0408811 0.998333
    outer loop
      vertex -1.20734 -4.13202 4.90841
      vertex -1.05447 -3.15791 4.94206
      vertex -1.35355 -4.088 4.91618
    endloop
  endfacet
  facet normal 0.0565244 -0.00928623 0.998358
    outer loop
      vertex -1.35355 -4.088 4.91618
      vertex -1.4981 -4.03898 4.92482
      vertex -1.65097 -5.01894 4.92436
    endloop
  endfacet
  facet normal 0.0407213 -0.0408773 0.998334
    outer loop
      vertex -0.940568 -3.1922 4.93601
      vertex -1.05447 -3.15791 4.94206
      vertex -1.20734 -4.13202 4.90841
    endloop
  endfacet
  facet normal 0.0305915 -0.07425 0.99677
    outer loop
      vertex -0.940568 -3.1922 4.93601
      vertex -0.672654 -2.25433 4.99765
      vertex -1.05447 -3.15791 4.94206
    endloop
  endfacet
  facet normal 0.0841966 -0.0214211 0.996219
    outer loop
      vertex -2.50822 -4.66059 4.98754
      vertex -2.05636 -3.7942 4.96798
      vertex -2.67133 -4.57155 5.00324
    endloop
  endfacet
  facet normal 0.117313 0.0399126 0.992293
    outer loop
      vertex -2.95703 -5.52713 5.04108
      vertex -3.14931 -5.42216 5.05959
      vertex -3.62347 -6.272 5.14983
    endloop
  endfacet
  facet normal 0.0733933 -0.0160017 0.997175
    outer loop
      vertex -1.78157 -3.92619 4.94471
      vertex -1.92014 -3.86256 4.95593
      vertex -2.34206 -4.74396 4.97284
    endloop
  endfacet
  facet normal 0.0788288 -0.0186125 0.996714
    outer loop
      vertex -1.92014 -3.86256 4.95593
      vertex -2.05636 -3.7942 4.96798
      vertex -2.34206 -4.74396 4.97284
    endloop
  endfacet
  facet normal 0.0544277 -0.0457945 0.997467
    outer loop
      vertex -1.64084 -3.98502 4.93433
      vertex -1.38792 -3.03185 4.96429
      vertex -1.78157 -3.92619 4.94471
    endloop
  endfacet
  facet normal 0.0340074 -0.0753353 0.996578
    outer loop
      vertex -1.05447 -3.15791 4.94206
      vertex -0.754112 -2.2298 5.00197
      vertex -1.16709 -3.11972 4.94879
    endloop
  endfacet
  facet normal -0.150165 0.0607532 0.986793
    outer loop
      vertex 4.05243 -6.00802 5.19638
      vertex 4.05103 -6.33747 5.21645
      vertex 4.25187 -6.31696 5.24575
    endloop
  endfacet
  facet normal -0.150167 0.0607532 0.986792
    outer loop
      vertex 4.05103 -6.33747 5.21645
      vertex 4.05243 -6.00802 5.19638
      vertex 3.84029 -6.14369 5.17245
    endloop
  endfacet
  facet normal -0.158069 0.0554789 0.985868
    outer loop
      vertex 4.25964 -5.86514 5.22157
      vertex 4.25187 -6.31696 5.24575
      vertex 4.40441 -6.30048 5.26928
    endloop
  endfacet
  facet normal -0.158104 0.0554792 0.985863
    outer loop
      vertex 4.25187 -6.31696 5.24575
      vertex 4.25964 -5.86514 5.22157
      vertex 4.05243 -6.00802 5.19638
    endloop
  endfacet
  facet normal -0.109296 -0.0380921 0.993279
    outer loop
      vertex 3.28926 -4.16108 5.07562
      vertex 3.43419 -4.0455 5.096
      vertex 2.81552 -3.28993 5.0569
    endloop
  endfacet
  facet normal -0.138789 0.0266874 0.989962
    outer loop
      vertex 4.25964 -5.86514 5.22157
      vertex 3.70224 -5.06854 5.12195
      vertex 3.52215 -5.19273 5.10005
    endloop
  endfacet
  facet normal 0.207148 -0.18771 0.960133
    outer loop
      vertex -5.32964 0.35205 5.87141
      vertex -5.31338 0.535003 5.90367
      vertex -6.28329 0.382438 6.0831
    endloop
  endfacet
  facet normal 0.172386 -0.191841 0.966168
    outer loop
      vertex -4.33754 0.614838 5.74541
      vertex -5.29066 0.717285 5.93581
      vertex -5.31338 0.535003 5.90367
    endloop
  endfacet
  facet normal 0.104141 -0.163694 0.980999
    outer loop
      vertex -3.39365 -0.313149 5.44367
      vertex -2.43442 -0.111787 5.37544
      vertex -3.40403 -0.196299 5.46427
    endloop
  endfacet
  facet normal 0.241929 -0.172627 0.954814
    outer loop
      vertex -6.29863 -0.0502567 6.0068
      vertex -6.97334 0.0984364 6.20464
      vertex -6.97397 -0.0794963 6.17263
    endloop
  endfacet
  facet normal 0.164208 -0.115336 0.97966
    outer loop
      vertex -5.02045 -1.81451 5.48938
      vertex -4.16578 -1.31848 5.40452
      vertex -5.08116 -1.64086 5.52
    endloop
  endfacet
  facet normal 0.157405 -0.0987184 0.982588
    outer loop
      vertex -3.93687 -1.87647 5.30613
      vertex -4.00148 -1.74001 5.33019
      vertex -4.88075 -2.15501 5.42935
    endloop
  endfacet
  facet normal 0.167737 -0.126706 0.977655
    outer loop
      vertex -4.21048 -1.1745 5.42991
      vertex -4.25006 -1.02906 5.45555
      vertex -5.13569 -1.46523 5.55097
    endloop
  endfacet
  facet normal 0.202607 -0.123776 0.971406
    outer loop
      vertex -5.18395 -1.28784 5.58225
      vertex -5.2259 -1.1089 5.6138
      vertex -6.11153 -1.55088 5.7422
    endloop
  endfacet
  facet normal 0.12282 -0.29193 0.948521
    outer loop
      vertex -3.15083 3.01099 6.16792
      vertex -3.04272 3.11746 6.18669
      vertex -3.84318 3.63996 6.45115
    endloop
  endfacet
  facet normal 0.127025 -0.287647 0.949275
    outer loop
      vertex -3.2551 2.90087 6.1485
      vertex -3.84318 3.63996 6.45115
      vertex -3.97036 3.50565 6.42747
    endloop
  endfacet
  facet normal 0.145646 -0.358766 0.921995
    outer loop
      vertex -3.87782 4.83772 6.86869
      vertex -3.70224 4.96803 6.89166
      vertex -4.25964 5.68251 7.25773
    endloop
  endfacet
  facet normal 0.138766 -0.363689 0.921127
    outer loop
      vertex -3.70224 4.96803 6.89166
      vertex -3.52215 5.09221 6.91356
      vertex -4.25964 5.68251 7.25773
    endloop
  endfacet
  facet normal 0.118425 -0.296116 0.947782
    outer loop
      vertex -2.9309 3.22014 6.2048
      vertex -3.57493 3.89507 6.49614
      vertex -3.71132 3.76982 6.47405
    endloop
  endfacet
  facet normal 0.141811 -0.319629 0.936871
    outer loop
      vertex -3.57493 3.89507 6.49614
      vertex -4.21461 4.55942 6.81962
      vertex -4.37539 4.41176 6.79358
    endloop
  endfacet
  facet normal 0.145626 -0.358775 0.921994
    outer loop
      vertex -3.87782 4.83772 6.86869
      vertex -4.25964 5.68251 7.25773
      vertex -4.46166 5.53259 7.2313
    endloop
  endfacet
  facet normal 0.173439 -0.3778 0.909498
    outer loop
      vertex -5.11985 5.88183 7.50198
      vertex -4.93734 5.98916 7.51176
      vertex -4.99834 5.97873 7.51906
    endloop
  endfacet
  facet normal 0.173503 -0.377904 0.909442
    outer loop
      vertex -4.93734 5.98916 7.51176
      vertex -5.11985 5.88183 7.50198
      vertex -4.65824 5.37582 7.20365
    endloop
  endfacet
  facet normal 0.1418 -0.319644 0.936867
    outer loop
      vertex -3.71132 3.76982 6.47405
      vertex -3.57493 3.89507 6.49614
      vertex -4.37539 4.41176 6.79358
    endloop
  endfacet
  facet normal 0.136448 -0.324384 0.936032
    outer loop
      vertex -3.57493 3.89507 6.49614
      vertex -3.43419 4.01556 6.51738
      vertex -4.21461 4.55942 6.81962
    endloop
  endfacet
  facet normal 0.145646 -0.264173 0.953415
    outer loop
      vertex -3.71459 2.30037 6.04262
      vertex -4.42926 2.92721 6.32548
      vertex -4.53083 2.77319 6.29832
    endloop
  endfacet
  facet normal 0.145674 -0.264143 0.953419
    outer loop
      vertex -3.71459 2.30037 6.04262
      vertex -3.63132 2.42664 6.06488
      vertex -4.42926 2.92721 6.32548
    endloop
  endfacet
  facet normal 0.0348578 -0.175334 0.983892
    outer loop
      vertex -0.488369 0.0904131 5.30723
      vertex -1.46184 0.168365 5.35561
      vertex -1.46451 0.11806 5.34674
    endloop
  endfacet
  facet normal 0.00204979 -0.173601 0.984814
    outer loop
      vertex -0.487476 0.0400486 5.29835
      vertex -0.488369 0.0904131 5.30723
      vertex -0.488667 0.0736179 5.30427
    endloop
  endfacet
  facet normal 0.00255111 -0.173901 0.98476
    outer loop
      vertex -0.483912 0.140594 5.31608
      vertex -0.487476 0.107188 5.31019
      vertex -0.488369 0.0904131 5.30723
    endloop
  endfacet
  facet normal 0.0348464 -0.175463 0.983869
    outer loop
      vertex -0.488369 0.0904131 5.30723
      vertex -0.487476 0.107188 5.31019
      vertex -1.46184 0.168365 5.35561
    endloop
  endfacet
  facet normal 0.0345386 -0.178608 0.983314
    outer loop
      vertex -0.483912 0.140594 5.31608
      vertex -0.481243 0.157186 5.319
      vertex -1.44314 0.318295 5.38205
    endloop
  endfacet
  facet normal 0.0343005 -0.179938 0.98308
    outer loop
      vertex -0.481243 0.157186 5.319
      vertex -1.43338 0.367742 5.39076
      vertex -1.44314 0.318295 5.38205
    endloop
  endfacet
  facet normal 0.000712161 -0.173783 0.984784
    outer loop
      vertex -0.459197 0.238214 5.33329
      vertex -0.469737 0.206267 5.32766
      vertex -0.474152 0.190042 5.3248
    endloop
  endfacet
  facet normal -0.00298703 -0.172598 0.984988
    outer loop
      vertex -0.459197 0.238214 5.33329
      vertex -0.46475 0.222331 5.33049
      vertex -0.469737 0.206267 5.32766
    endloop
  endfacet
  facet normal 0.0315017 -0.188372 0.981592
    outer loop
      vertex -0.44642 0.269358 5.33878
      vertex -0.439211 0.284581 5.34147
      vertex -1.33872 0.654675 5.44136
    endloop
  endfacet
  facet normal -0.0183261 -0.165559 0.98603
    outer loop
      vertex -0.439211 0.284581 5.34147
      vertex -0.44642 0.269358 5.33878
      vertex -0.453084 0.253896 5.33606
    endloop
  endfacet
  facet normal 0.0510058 -0.2201 0.974143
    outer loop
      vertex -1.08901 1.03335 5.50813
      vertex -1.75545 1.72532 5.69937
      vertex -1.81354 1.66397 5.68855
    endloop
  endfacet
  facet normal 0.051102 -0.220012 0.974158
    outer loop
      vertex -1.08901 1.03335 5.50813
      vertex -1.05412 1.07019 5.51462
      vertex -1.75545 1.72532 5.69937
    endloop
  endfacet
  facet normal 0.0557562 -0.214523 0.975126
    outer loop
      vertex -1.18554 0.915955 5.48743
      vertex -1.15476 0.956183 5.49452
      vertex -1.97429 1.46847 5.65408
    endloop
  endfacet
  facet normal 0.055748 -0.214535 0.975124
    outer loop
      vertex -1.15476 0.956183 5.49452
      vertex -1.92303 1.53547 5.66589
      vertex -1.97429 1.46847 5.65408
    endloop
  endfacet
  facet normal 0.0526849 -0.218276 0.974464
    outer loop
      vertex -1.12257 0.995331 5.50142
      vertex -1.81354 1.66397 5.68855
      vertex -1.86942 1.60066 5.67739
    endloop
  endfacet
  facet normal 0.0542602 -0.216427 0.97479
    outer loop
      vertex -1.15476 0.956183 5.49452
      vertex -1.12257 0.995331 5.50142
      vertex -1.86942 1.60066 5.67739
    endloop
  endfacet
  facet normal 0.0877032 -0.228738 0.969529
    outer loop
      vertex -2.02315 1.39976 5.64196
      vertex -2.82896 1.91728 5.83695
      vertex -2.89383 1.81891 5.81961
    endloop
  endfacet
  facet normal 0.0856092 -0.231795 0.96899
    outer loop
      vertex -2.02315 1.39976 5.64196
      vertex -2.76064 2.01337 5.8539
      vertex -2.82896 1.91728 5.83695
    endloop
  endfacet
  facet normal -0.0211164 -0.200905 0.979383
    outer loop
      vertex 0.300853 0.452844 5.37114
      vertex 0.902194 1.20491 5.53838
      vertex 0.287231 0.462953 5.37292
    endloop
  endfacet
  facet normal -0.0127608 -0.182698 0.983086
    outer loop
      vertex 0.405123 0.342727 5.35172
      vertex 0.39534 0.356486 5.35415
      vertex 0.385075 0.369902 5.35651
    endloop
  endfacet
  facet normal -0.00351978 -0.177363 0.984139
    outer loop
      vertex 0.339457 0.419796 5.36531
      vertex 0.326982 0.431252 5.36733
      vertex 0.314109 0.442272 5.36927
    endloop
  endfacet
  facet normal -0.00192588 -0.172413 0.985023
    outer loop
      vertex -0.385075 0.369902 5.35651
      vertex -0.414412 0.328638 5.34923
      vertex -0.439211 0.284581 5.34147
    endloop
  endfacet
  facet normal -0.00938217 -0.206659 0.978368
    outer loop
      vertex 0.134694 0.53622 5.38584
      vertex 0.354513 1.46797 5.58476
      vertex 0.118218 0.540566 5.3866
    endloop
  endfacet
  facet normal -8.85808e-06 -0.173674 0.984803
    outer loop
      vertex 0.339457 0.419796 5.36531
      vertex 0.134694 0.53622 5.38584
      vertex 0.0340872 0.55369 5.38892
    endloop
  endfacet
  facet normal 0.00295305 -0.167693 0.985835
    outer loop
      vertex 0.244333 0.490387 5.37776
      vertex 0.229415 0.498531 5.37919
      vertex 0.183058 0.519819 5.38295
    endloop
  endfacet
  facet normal -0.00999505 -0.206483 0.978399
    outer loop
      vertex 0.151006 0.531308 5.38497
      vertex 0.452835 1.44021 5.57987
      vertex 0.134694 0.53622 5.38584
    endloop
  endfacet
  facet normal -0.0316751 -0.234436 0.971615
    outer loop
      vertex 0.687966 1.34192 5.56254
      vertex 1.06978 2.21592 5.78587
      vertex 0.642391 1.36478 5.56657
    endloop
  endfacet
  facet normal -0.0317399 -0.234409 0.97162
    outer loop
      vertex 1.14568 2.17783 5.77916
      vertex 1.06978 2.21592 5.78587
      vertex 0.687966 1.34192 5.56254
    endloop
  endfacet
  facet normal 0.00210064 -0.207864 0.978155
    outer loop
      vertex -0.0340872 0.55369 5.38892
      vertex -0.0170536 0.554568 5.38907
      vertex -0.0511417 1.50996 5.59217
    endloop
  endfacet
  facet normal 0.00855354 -0.241412 0.970385
    outer loop
      vertex -0.203945 1.49679 5.58985
      vertex -0.153176 1.50293 5.59093
      vertex -0.255087 2.44598 5.82644
    endloop
  endfacet
  facet normal 0.0109026 -0.241081 0.970444
    outer loop
      vertex -0.254465 1.48891 5.58846
      vertex -0.203945 1.49679 5.58985
      vertex -0.423763 2.42263 5.82232
    endloop
  endfacet
  facet normal -0.000164298 -0.173473 0.984839
    outer loop
      vertex -0.244333 0.490387 5.37776
      vertex -0.273259 0.472588 5.37462
      vertex -0.339457 0.419796 5.36531
    endloop
  endfacet
  facet normal 0.0913115 -0.275428 0.956975
    outer loop
      vertex -2.2833 2.53546 5.94595
      vertex -2.19341 2.61241 5.95952
      vertex -2.9309 3.22014 6.2048
    endloop
  endfacet
  facet normal 0.0685736 -0.250406 0.965709
    outer loop
      vertex -1.56863 1.89688 5.72962
      vertex -2.19341 2.61241 5.95952
      vertex -2.2833 2.53546 5.94595
    endloop
  endfacet
  facet normal 0.0765034 -0.242872 0.967037
    outer loop
      vertex -1.81354 1.66397 5.68855
      vertex -2.45463 2.37252 5.91722
      vertex -2.53586 2.28673 5.9021
    endloop
  endfacet
  facet normal 0.0789038 -0.240246 0.9675
    outer loop
      vertex -1.81354 1.66397 5.68855
      vertex -2.53586 2.28673 5.9021
      vertex -2.61401 2.1982 5.88649
    endloop
  endfacet
  facet normal 0.0598306 -0.208566 0.976177
    outer loop
      vertex -1.26908 0.789268 5.46509
      vertex -1.24273 0.832445 5.4727
      vertex -2.11341 1.2575 5.61688
    endloop
  endfacet
  facet normal 0.0299445 -0.191194 0.981095
    outer loop
      vertex -0.423198 0.31424 5.3467
      vertex -1.24273 0.832445 5.4727
      vertex -1.26908 0.789268 5.46509
    endloop
  endfacet
  facet normal 0.0338368 -0.233311 0.971813
    outer loop
      vertex -0.687966 1.34192 5.56254
      vertex -1.14568 2.17783 5.77916
      vertex -1.22018 2.13716 5.77199
    endloop
  endfacet
  facet normal 0.0317399 -0.234409 0.97162
    outer loop
      vertex -0.687966 1.34192 5.56254
      vertex -1.06978 2.21592 5.78587
      vertex -1.14568 2.17783 5.77916
    endloop
  endfacet
  facet normal 0.0379615 -0.230866 0.972245
    outer loop
      vertex -0.776546 1.29155 5.55366
      vertex -1.29319 2.09396 5.76437
      vertex -1.36463 2.04827 5.75631
    endloop
  endfacet
  facet normal 0.0569041 -0.259062 0.964183
    outer loop
      vertex -1.36463 2.04827 5.75631
      vertex -1.29319 2.09396 5.76437
      vertex -1.80826 2.88798 6.00811
    endloop
  endfacet
  facet normal 0.0943823 -0.352329 0.931105
    outer loop
      vertex -2.34206 4.71402 6.64054
      vertex -2.76114 5.52491 6.98986
      vertex -2.95703 5.42661 6.97252
    endloop
  endfacet
  facet normal 0.0878546 -0.355464 0.930552
    outer loop
      vertex -2.34206 4.71402 6.64054
      vertex -2.17305 4.79163 6.65423
      vertex -2.76114 5.52491 6.98986
    endloop
  endfacet
  facet normal -0.000822122 -0.172863 0.984946
    outer loop
      vertex -0.351518 0.407918 5.36321
      vertex -0.37434 0.382956 5.35881
      vertex -0.385075 0.369902 5.35651
    endloop
  endfacet
  facet normal 0.0238982 -0.198597 0.97979
    outer loop
      vertex -0.339457 0.419796 5.36531
      vertex -0.980548 1.14016 5.52696
      vertex -1.01796 1.10581 5.52091
    endloop
  endfacet
  facet normal 0.0438939 -0.226632 0.972991
    outer loop
      vertex -0.902194 1.20491 5.53838
      vertex -1.50244 1.94967 5.73893
      vertex -1.56863 1.89688 5.72962
    endloop
  endfacet
  facet normal 0.0657796 -0.252717 0.965302
    outer loop
      vertex -1.56863 1.89688 5.72962
      vertex -1.50244 1.94967 5.73893
      vertex -2.10085 2.68623 5.97254
    endloop
  endfacet
  facet normal 0.0248713 -0.23742 0.971089
    outer loop
      vertex -0.54895 1.40576 5.57379
      vertex -0.501198 1.42381 5.57698
      vertex -0.914175 2.28415 5.7979
    endloop
  endfacet
  facet normal 0.0168856 -0.203622 0.978904
    outer loop
      vertex -0.244333 0.490387 5.37776
      vertex -0.687966 1.34192 5.56254
      vertex -0.732703 1.31749 5.55823
    endloop
  endfacet
  facet normal 0.0230298 -0.199364 0.979655
    outer loop
      vertex -0.326982 0.431252 5.36733
      vertex -0.314109 0.442272 5.36927
      vertex -0.980548 1.14016 5.52696
    endloop
  endfacet
  facet normal 0.00999505 -0.206483 0.978399
    outer loop
      vertex -0.151006 0.531308 5.38497
      vertex -0.134694 0.53622 5.38584
      vertex -0.452835 1.44021 5.57987
    endloop
  endfacet
  facet normal -0.0108373 -0.241096 0.970441
    outer loop
      vertex 0.423763 2.42263 5.82232
      vertex 0.339632 2.43575 5.82464
      vertex 0.203945 1.49679 5.58985
    endloop
  endfacet
  facet normal -0.00912572 -0.275264 0.961325
    outer loop
      vertex 0.255087 2.44598 5.82644
      vertex 0.356687 3.38021 6.09491
      vertex 0.238032 3.39043 6.09671
    endloop
  endfacet
  facet normal -0.0305558 -0.271159 0.962049
    outer loop
      vertex 1.05447 3.23414 6.06915
      vertex 0.940568 3.26844 6.0752
      vertex 0.754112 2.34152 5.80802
    endloop
  endfacet
  facet normal -0.00693545 -0.207226 0.978269
    outer loop
      vertex 0.101599 0.544346 5.38727
      vertex 0.304675 1.4793 5.58676
      vertex 0.084856 0.54755 5.38783
    endloop
  endfacet
  facet normal -0.00615691 -0.24166 0.970341
    outer loop
      vertex 0.153176 1.50293 5.59093
      vertex 0.255087 2.44598 5.82644
      vertex 0.102221 1.50732 5.5917
    endloop
  endfacet
  facet normal -0.00311928 -0.207776 0.978172
    outer loop
      vertex 0.153176 1.50293 5.59093
      vertex 0.102221 1.50732 5.5917
      vertex 0.0340872 0.55369 5.38892
    endloop
  endfacet
  facet normal 0.0017907 -0.275641 0.961259
    outer loop
      vertex -0.0851669 2.45768 5.8285
      vertex 0 2.45914 5.82876
      vertex -0.119088 3.39657 6.09779
    endloop
  endfacet
  facet normal -0.000708633 -0.207912 0.978147
    outer loop
      vertex 0.0511417 1.50996 5.59217
      vertex 0 1.51084 5.59232
      vertex 0 0.554862 5.38912
    endloop
  endfacet
  facet normal 0.194935 0.0250545 0.980496
    outer loop
      vertex -5.57514 -5.72812 5.45483
      vertex -5.21301 -5.04898 5.36548
      vertex -5.72959 -5.57602 5.48165
    endloop
  endfacet
  facet normal 0.194932 0.0250559 0.980497
    outer loop
      vertex -5.57514 -5.72812 5.45483
      vertex -5.03414 -5.22512 5.33442
      vertex -5.21301 -5.04898 5.36548
    endloop
  endfacet
  facet normal 0.194961 0.0250236 0.980492
    outer loop
      vertex -5.03414 -5.22512 5.33442
      vertex -5.57514 -5.72812 5.45483
      vertex -5.533 -5.76962 5.44751
    endloop
  endfacet
  facet normal -0.241929 -0.164363 0.956271
    outer loop
      vertex 6.97334 -0.257648 6.14185
      vertex 6.97397 -0.0794963 6.17263
      vertex 6.29863 -0.0502567 6.0068
    endloop
  endfacet
  facet normal -0.241626 -0.155982 0.957751
    outer loop
      vertex 6.29479 -0.266736 5.96863
      vertex 6.97248 -0.38052 6.12107
      vertex 6.97313 -0.31945 6.13118
    endloop
  endfacet
  facet normal -0.241629 -0.156004 0.957746
    outer loop
      vertex 6.97248 -0.38052 6.12107
      vertex 6.29479 -0.266736 5.96863
      vertex 6.28329 -0.482952 5.93051
    endloop
  endfacet
  facet normal -0.125015 -0.408857 0.903995
    outer loop
      vertex 3.40223 6.21014 7.35077
      vertex 3.40514 6.21522 7.35347
      vertex 3.38799 6.21728 7.35203
    endloop
  endfacet
  facet normal -0.131799 -0.36832 0.92031
    outer loop
      vertex 4.05243 5.82539 7.28293
      vertex 3.84029 5.96107 7.30685
      vertex 3.52215 5.09221 6.91356
    endloop
  endfacet
  facet normal -0.15014 -0.394595 0.906506
    outer loop
      vertex 4.05103 6.12811 7.41447
      vertex 4.05243 5.82539 7.28293
      vertex 4.25187 6.09881 7.43498
    endloop
  endfacet
  facet normal -0.15016 -0.394594 0.906503
    outer loop
      vertex 4.05243 5.82539 7.28293
      vertex 4.05103 6.12811 7.41447
      vertex 3.84029 5.96107 7.30685
    endloop
  endfacet
  facet normal 0.241619 -0.180949 0.953351
    outer loop
      vertex -6.28329 0.382438 6.0831
      vertex -6.97058 0.399938 6.26061
      vertex -6.97248 0.221008 6.22713
    endloop
  endfacet
  facet normal 0.241027 -0.147705 0.959213
    outer loop
      vertex -6.28329 -0.482952 5.93051
      vertex -6.96955 -0.618618 6.08206
      vertex -6.26412 -0.698641 5.89248
    endloop
  endfacet
  facet normal 0.241032 -0.147736 0.959207
    outer loop
      vertex -6.96955 -0.618618 6.08206
      vertex -6.28329 -0.482952 5.93051
      vertex -6.97058 -0.560111 6.09133
    endloop
  endfacet
  facet normal 0.241616 -0.180932 0.953355
    outer loop
      vertex -6.97248 0.221008 6.22713
      vertex -6.29479 0.166222 6.04498
      vertex -6.28329 0.382438 6.0831
    endloop
  endfacet
  facet normal 0.241621 -0.180891 0.953361
    outer loop
      vertex -6.29479 0.166222 6.04498
      vertex -6.97248 0.221008 6.22713
      vertex -6.97313 0.160163 6.21575
    endloop
  endfacet
  facet normal 0.207913 -0.166295 0.963908
    outer loop
      vertex -5.3394 -0.198595 5.77431
      vertex -5.34265 -0.0149717 5.80669
      vertex -6.29479 -0.266736 5.96863
    endloop
  endfacet
  facet normal 0.171546 -0.144277 0.974554
    outer loop
      vertex -5.26148 -0.928618 5.64559
      vertex -4.33754 -0.585841 5.5337
      vertex -5.29066 -0.747229 5.67758
    endloop
  endfacet
  facet normal 0.205377 -0.137842 0.968927
    outer loop
      vertex -5.26148 -0.928618 5.64559
      vertex -5.29066 -0.747229 5.67758
      vertex -6.23733 -0.913539 5.85458
    endloop
  endfacet
  facet normal 0.20538 -0.137787 0.968934
    outer loop
      vertex -6.20294 -1.12739 5.81688
      vertex -5.26148 -0.928618 5.64559
      vertex -6.23733 -0.913539 5.85458
    endloop
  endfacet
  facet normal 0.15809 -0.389314 0.907437
    outer loop
      vertex -4.25187 6.09881 7.43498
      vertex -4.25964 5.68251 7.25773
      vertex -4.05243 5.82539 7.28293
    endloop
  endfacet
  facet normal 0.158115 -0.389313 0.907433
    outer loop
      vertex -4.25964 5.68251 7.25773
      vertex -4.25187 6.09881 7.43498
      vertex -4.40441 6.07527 7.45146
    endloop
  endfacet
  facet normal 0.15016 -0.394594 0.906503
    outer loop
      vertex -4.05103 6.12811 7.41447
      vertex -4.05243 5.82539 7.28293
      vertex -3.84029 5.96107 7.30685
    endloop
  endfacet
  facet normal 0.15014 -0.394595 0.906506
    outer loop
      vertex -4.05243 5.82539 7.28293
      vertex -4.05103 6.12811 7.41447
      vertex -4.25187 6.09881 7.43498
    endloop
  endfacet
  facet normal 0.113262 -0.341599 0.932996
    outer loop
      vertex -2.98757 4.347 6.57582
      vertex -3.33776 5.21013 6.93435
      vertex -3.52215 5.09221 6.91356
    endloop
  endfacet
  facet normal 0.131784 -0.368325 0.92031
    outer loop
      vertex -3.52215 5.09221 6.91356
      vertex -3.33776 5.21013 6.93435
      vertex -3.84029 5.96107 7.30685
    endloop
  endfacet
  facet normal 0.166041 -0.293125 0.941546
    outer loop
      vertex -4.3223 3.07765 6.352
      vertex -4.21007 3.22432 6.37787
      vertex -4.96339 3.76865 6.68018
    endloop
  endfacet
  facet normal 0.161613 -0.298707 0.940561
    outer loop
      vertex -4.21007 3.22432 6.37787
      vertex -4.09271 3.36704 6.40303
      vertex -4.96339 3.76865 6.68018
    endloop
  endfacet
  facet normal 0.108134 -0.258272 0.960001
    outer loop
      vertex -2.68896 2.10705 5.87041
      vertex -2.61401 2.1982 5.88649
      vertex -3.45162 2.67023 6.10783
    endloop
  endfacet
  facet normal 0.0812071 -0.237538 0.967978
    outer loop
      vertex -1.86942 1.60066 5.67739
      vertex -2.61401 2.1982 5.88649
      vertex -2.68896 2.10705 5.87041
    endloop
  endfacet
  facet normal 0.138713 -0.273921 0.951696
    outer loop
      vertex -3.54363 2.54998 6.08663
      vertex -3.45162 2.67023 6.10783
      vertex -4.3223 3.07765 6.352
    endloop
  endfacet
  facet normal 0.111174 -0.254432 0.960679
    outer loop
      vertex -2.76064 2.01337 5.8539
      vertex -3.45162 2.67023 6.10783
      vertex -3.54363 2.54998 6.08663
    endloop
  endfacet
  facet normal 0.162129 -0.232322 0.959031
    outer loop
      vertex -4.11601 1.48984 5.8997
      vertex -4.06122 1.63041 5.92449
      vertex -4.95362 1.95601 6.15423
    endloop
  endfacet
  facet normal 0.159881 -0.237801 0.958065
    outer loop
      vertex -4.06122 1.63041 5.92449
      vertex -4.00148 1.769 5.94892
      vertex -4.95362 1.95601 6.15423
    endloop
  endfacet
  facet normal 0.0678813 -0.328443 0.942081
    outer loop
      vertex -1.78157 3.95519 6.33441
      vertex -1.64084 4.01402 6.34478
      vertex -2.00139 4.86339 6.66688
    endloop
  endfacet
  facet normal 0.0622664 -0.330677 0.941688
    outer loop
      vertex -1.64084 4.01402 6.34478
      vertex -1.4981 4.06798 6.35429
      vertex -2.00139 4.86339 6.66688
    endloop
  endfacet
  facet normal 0.0203225 -0.238951 0.970819
    outer loop
      vertex -0.40392 1.45493 5.58247
      vertex -0.672654 2.36604 5.81235
      vertex -0.754112 2.34152 5.80802
    endloop
  endfacet
  facet normal 0.0304879 -0.271173 0.962048
    outer loop
      vertex -0.754112 2.34152 5.80802
      vertex -0.672654 2.36604 5.81235
      vertex -0.940568 3.26844 6.0752
    endloop
  endfacet
  facet normal 0.026515 -0.306527 0.951493
    outer loop
      vertex -0.592546 3.34756 6.08915
      vertex -0.760607 4.26258 6.38861
      vertex -0.910687 4.23386 6.38354
    endloop
  endfacet
  facet normal 0.0265275 -0.306522 0.951494
    outer loop
      vertex -0.709465 3.32518 6.0852
      vertex -0.592546 3.34756 6.08915
      vertex -0.910687 4.23386 6.38354
    endloop
  endfacet
  facet normal 0.0162778 -0.274398 0.961478
    outer loop
      vertex -0.423763 2.42263 5.82232
      vertex -0.339632 2.43575 5.82464
      vertex -0.474906 3.36591 6.09239
    endloop
  endfacet
  facet normal 0.0218066 -0.307344 0.951349
    outer loop
      vertex -0.592546 3.34756 6.08915
      vertex -0.609601 4.28614 6.39276
      vertex -0.760607 4.26258 6.38861
    endloop
  endfacet
  facet normal -0.00245461 -0.309015 0.951054
    outer loop
      vertex 0.119088 3.39657 6.09779
      vertex 0.152865 4.32549 6.3997
      vertex 0 4.32812 6.40016
    endloop
  endfacet
  facet normal 0.00728122 -0.308846 0.951084
    outer loop
      vertex -0.238032 3.39043 6.09671
      vertex -0.152865 4.32549 6.3997
      vertex -0.305545 4.31761 6.39831
    endloop
  endfacet
  facet normal -0.00304761 -0.342022 0.939687
    outer loop
      vertex 0.186456 5.24331 6.73387
      vertex 0 5.24651 6.73443
      vertex 0 4.32812 6.40016
    endloop
  endfacet
  facet normal -0.0181126 -0.373866 0.927306
    outer loop
      vertex 0.658385 6.1187 7.09456
      vertex 0.43937 6.13757 7.09789
      vertex 0.372684 5.2337 6.73217
    endloop
  endfacet
  facet normal -0.0508059 -0.334562 0.941003
    outer loop
      vertex 1.65097 4.989 6.68903
      vertex 1.47263 5.04269 6.69849
      vertex 1.35355 4.11699 6.36294
    endloop
  endfacet
  facet normal -0.0313161 -0.305521 0.95167
    outer loop
      vertex 0.82552 3.2988 6.08055
      vertex 1.05966 4.19999 6.37757
      vertex 0.709465 3.32518 6.0852
    endloop
  endfacet
  facet normal 0.0169357 -0.30801 0.951232
    outer loop
      vertex -0.474906 3.36591 6.09239
      vertex -0.457851 4.30449 6.396
      vertex -0.609601 4.28614 6.39276
    endloop
  endfacet
  facet normal 0.0127576 -0.274888 0.961392
    outer loop
      vertex -0.255087 2.44598 5.82644
      vertex -0.356687 3.38021 6.09491
      vertex -0.474906 3.36591 6.09239
    endloop
  endfacet
  facet normal -0.0235246 -0.273016 0.961722
    outer loop
      vertex 0.82552 3.2988 6.08055
      vertex 0.709465 3.32518 6.0852
      vertex 0.590376 2.38776 5.81617
    endloop
  endfacet
  facet normal -0.0272014 -0.339932 0.940056
    outer loop
      vertex 0.760607 4.26258 6.38861
      vertex 0.927741 5.16658 6.72034
      vertex 0.609601 4.28614 6.39276
    endloop
  endfacet
  facet normal -0.0203225 -0.238951 0.970819
    outer loop
      vertex 0.754112 2.34152 5.80802
      vertex 0.672654 2.36604 5.81235
      vertex 0.40392 1.45493 5.58247
    endloop
  endfacet
  facet normal -0.01823 -0.239542 0.970715
    outer loop
      vertex 0.40392 1.45493 5.58247
      vertex 0.672654 2.36604 5.81235
      vertex 0.354513 1.46797 5.58476
    endloop
  endfacet
  facet normal -0.0913115 -0.275428 0.956975
    outer loop
      vertex 2.2833 2.53546 5.94595
      vertex 2.9309 3.22014 6.2048
      vertex 2.19341 2.61241 5.95952
    endloop
  endfacet
  facet normal -0.113928 -0.300093 0.947082
    outer loop
      vertex 2.9309 3.22014 6.2048
      vertex 3.43419 4.01556 6.51738
      vertex 2.81552 3.31892 6.22222
    endloop
  endfacet
  facet normal -0.075827 -0.286911 0.954952
    outer loop
      vertex 1.90816 2.8241 5.99685
      vertex 2.44936 3.59065 6.27013
      vertex 1.80826 2.88798 6.00811
    endloop
  endfacet
  facet normal -0.0798214 -0.284251 0.955421
    outer loop
      vertex 2.5746 3.50429 6.2549
      vertex 2.44936 3.59065 6.27013
      vertex 2.00572 2.75682 5.98499
    endloop
  endfacet
  facet normal -0.0407873 -0.267504 0.962693
    outer loop
      vertex 1.38792 3.10809 6.04692
      vertex 1.27829 3.15392 6.05501
      vertex 0.914175 2.28415 5.7979
    endloop
  endfacet
  facet normal -0.0543262 -0.298173 0.952965
    outer loop
      vertex 1.38792 3.10809 6.04692
      vertex 1.78157 3.95519 6.33441
      vertex 1.27829 3.15392 6.05501
    endloop
  endfacet
  facet normal -0.0787968 -0.323422 0.942968
    outer loop
      vertex 2.05636 3.8232 6.31113
      vertex 2.34206 4.71402 6.64054
      vertex 1.92014 3.89155 6.32319
    endloop
  endfacet
  facet normal -0.0631475 -0.294123 0.953679
    outer loop
      vertex 2.05636 3.8232 6.31113
      vertex 1.92014 3.89155 6.32319
      vertex 1.49587 3.05851 6.03818
    endloop
  endfacet
  facet normal -0.0842155 -0.320598 0.943464
    outer loop
      vertex 2.19008 3.7502 6.29826
      vertex 2.50822 4.63064 6.62584
      vertex 2.05636 3.8232 6.31113
    endloop
  endfacet
  facet normal -0.100811 -0.348954 0.931702
    outer loop
      vertex 3.14931 5.32164 6.95401
      vertex 2.95703 5.42661 6.97252
      vertex 2.50822 4.63064 6.62584
    endloop
  endfacet
  facet normal -0.102237 -0.384454 0.917465
    outer loop
      vertex 3.11041 6.24687 7.33131
      vertex 2.76114 5.52491 6.98986
      vertex 3.13577 6.24435 7.33308
    endloop
  endfacet
  facet normal -0.102266 -0.384441 0.917468
    outer loop
      vertex 2.76114 5.52491 6.98986
      vertex 3.11041 6.24687 7.33131
      vertex 2.56188 5.61641 7.00599
    endloop
  endfacet
  facet normal -0.109914 -0.380789 0.918106
    outer loop
      vertex 3.13577 6.24435 7.33308
      vertex 2.95703 5.42661 6.97252
      vertex 3.15695 6.24207 7.33467
    endloop
  endfacet
  facet normal -0.109825 -0.380809 0.918108
    outer loop
      vertex 2.95703 5.42661 6.97252
      vertex 3.13577 6.24435 7.33308
      vertex 2.76114 5.52491 6.98986
    endloop
  endfacet
  facet normal -0.0108537 -0.374353 0.927223
    outer loop
      vertex 0.372684 5.2337 6.73217
      vertex 0.219818 6.1489 7.09988
      vertex 0.186456 5.24331 6.73387
    endloop
  endfacet
  facet normal -0.0151544 -0.34139 0.9398
    outer loop
      vertex 0.457851 4.30449 6.396
      vertex 0.372684 5.2337 6.73217
      vertex 0.305545 4.31761 6.39831
    endloop
  endfacet
  facet normal 0.00906038 -0.341813 0.939724
    outer loop
      vertex -0.152865 4.32549 6.3997
      vertex -0.186456 5.24331 6.73387
      vertex -0.372684 5.2337 6.73217
    endloop
  endfacet
  facet normal 0.0151551 -0.34139 0.9398
    outer loop
      vertex -0.457851 4.30449 6.396
      vertex -0.372684 5.2337 6.73217
      vertex -0.558458 5.21769 6.72935
    endloop
  endfacet
  facet normal 0.00361575 -0.374607 0.927177
    outer loop
      vertex 0 5.24651 6.73443
      vertex 0 6.15268 7.10055
      vertex -0.219818 6.1489 7.09988
    endloop
  endfacet
  facet normal 0.0325593 -0.372112 0.927617
    outer loop
      vertex -0.743553 5.19531 6.7254
      vertex -0.876599 6.09231 7.0899
      vertex -0.927741 5.16658 6.72034
    endloop
  endfacet
  facet normal 0.0253216 -0.373114 0.92744
    outer loop
      vertex -0.743553 5.19531 6.7254
      vertex -0.558458 5.21769 6.72935
      vertex -0.876599 6.09231 7.0899
    endloop
  endfacet
  facet normal -0.00423171 -0.406727 0.91354
    outer loop
      vertex 0 6.15268 7.10055
      vertex 0.155539 6.41109 7.21632
      vertex 0 6.41172 7.21588
    endloop
  endfacet
  facet normal -0.00420985 -0.406738 0.913535
    outer loop
      vertex 0.155539 6.41109 7.21632
      vertex 0 6.15268 7.10055
      vertex 0.219818 6.1489 7.09988
    endloop
  endfacet
  facet normal 0.00423171 -0.406727 0.91354
    outer loop
      vertex -0.155539 6.41109 7.21632
      vertex 0 6.15268 7.10055
      vertex 0 6.41172 7.21588
    endloop
  endfacet
  facet normal 0.00420985 -0.406738 0.913535
    outer loop
      vertex 0 6.15268 7.10055
      vertex -0.155539 6.41109 7.21632
      vertex -0.219818 6.1489 7.09988
    endloop
  endfacet
  facet normal -0.0835351 -0.234603 0.968495
    outer loop
      vertex 2.76064 2.01337 5.8539
      vertex 2.68896 2.10705 5.87041
      vertex 1.92303 1.53547 5.66589
    endloop
  endfacet
  facet normal -0.0835259 -0.234618 0.968492
    outer loop
      vertex 1.97429 1.46847 5.65408
      vertex 2.76064 2.01337 5.8539
      vertex 1.92303 1.53547 5.66589
    endloop
  endfacet
  facet normal -0.076439 -0.242927 0.967028
    outer loop
      vertex 1.81354 1.66397 5.68855
      vertex 2.45463 2.37252 5.91722
      vertex 1.75545 1.72532 5.69937
    endloop
  endfacet
  facet normal -0.0257639 -0.196725 0.98012
    outer loop
      vertex 0.363151 0.395633 5.36105
      vertex 1.08901 1.03335 5.50813
      vertex 0.351518 0.407918 5.36321
    endloop
  endfacet
  facet normal -0.0629438 -0.254899 0.964917
    outer loop
      vertex 1.50244 1.94967 5.73893
      vertex 2.10085 2.68623 5.97254
      vertex 1.43441 2.00016 5.74783
    endloop
  endfacet
  facet normal -0.0657796 -0.252717 0.965302
    outer loop
      vertex 1.56863 1.89688 5.72962
      vertex 2.10085 2.68623 5.97254
      vertex 1.50244 1.94967 5.73893
    endloop
  endfacet
  facet normal -0.0599889 -0.257022 0.964542
    outer loop
      vertex 1.43441 2.00016 5.74783
      vertex 2.00572 2.75682 5.98499
      vertex 1.36463 2.04827 5.75631
    endloop
  endfacet
  facet normal -0.0379377 -0.230884 0.972241
    outer loop
      vertex 0.819445 1.26412 5.54882
      vertex 1.36463 2.04827 5.75631
      vertex 0.776546 1.29155 5.55366
    endloop
  endfacet
  facet normal -0.0401142 -0.229438 0.972496
    outer loop
      vertex 0.861344 1.23522 5.54373
      vertex 1.36463 2.04827 5.75631
      vertex 0.819445 1.26412 5.54882
    endloop
  endfacet
  facet normal -0.0359035 -0.232132 0.972021
    outer loop
      vertex 1.29319 2.09396 5.76437
      vertex 1.22018 2.13716 5.77199
      vertex 0.776546 1.29155 5.55366
    endloop
  endfacet
  facet normal -0.245639 -0.290173 0.924911
    outer loop
      vertex 6.39866 3.25923 6.83044
      vertex 6.79849 3.28034 6.94325
      vertex 6.78157 3.43813 6.98826
    endloop
  endfacet
  facet normal -0.245637 -0.290187 0.924908
    outer loop
      vertex 6.79849 3.28034 6.94325
      vertex 6.39866 3.25923 6.83044
      vertex 6.5135 3.03727 6.7913
    endloop
  endfacet
  facet normal -0.215577 -0.276673 0.936471
    outer loop
      vertex 6.5135 3.03727 6.7913
      vertex 6.39866 3.25923 6.83044
      vertex 5.56136 2.86185 6.52029
    endloop
  endfacet
  facet normal -0.249869 -0.281651 0.926411
    outer loop
      vertex 6.82029 3.07025 6.88407
      vertex 6.6204 2.8115 6.75149
      vertex 6.83771 2.89494 6.83547
    endloop
  endfacet
  facet normal -0.249858 -0.28166 0.926412
    outer loop
      vertex 6.6204 2.8115 6.75149
      vertex 6.82029 3.07025 6.88407
      vertex 6.5135 3.03727 6.7913
    endloop
  endfacet
  facet normal -0.134452 -0.207426 0.968967
    outer loop
      vertex 4.25006 1.05806 5.82357
      vertex 4.21048 1.20349 5.84921
      vertex 3.31098 0.851096 5.64896
    endloop
  endfacet
  facet normal -0.135612 -0.202848 0.969774
    outer loop
      vertex 3.33777 0.736805 5.6288
      vertex 4.25006 1.05806 5.82357
      vertex 3.31098 0.851096 5.64896
    endloop
  endfacet
  facet normal -0.000100901 -0.17369 0.9848
    outer loop
      vertex 0.488369 0.0904131 5.30723
      vertex 0.483912 0.140594 5.31608
      vertex 0.477988 -0.0264368 5.28662
    endloop
  endfacet
  facet normal -0.0315017 -0.188372 0.981592
    outer loop
      vertex 0.44642 0.269358 5.33878
      vertex 1.33872 0.654675 5.44136
      vertex 0.439211 0.284581 5.34147
    endloop
  endfacet
  facet normal -0.0322827 -0.186644 0.981897
    outer loop
      vertex 0.453084 0.253896 5.33606
      vertex 1.33872 0.654675 5.44136
      vertex 0.44642 0.269358 5.33878
    endloop
  endfacet
  facet normal -0.0651263 -0.197865 0.978063
    outer loop
      vertex 2.29319 0.87783 5.54993
      vertex 2.26266 0.956143 5.56374
      vertex 1.3587 0.608307 5.43318
    endloop
  endfacet
  facet normal -0.067415 -0.190922 0.979287
    outer loop
      vertex 2.36787 0.637264 5.50752
      vertex 2.34583 0.718292 5.5218
      vertex 1.42188 0.416823 5.39942
    endloop
  endfacet
  facet normal -0.066744 -0.193248 0.978877
    outer loop
      vertex 1.40864 0.46548 5.408
      vertex 2.32092 0.798513 5.53595
      vertex 1.39368 0.513652 5.41649
    endloop
  endfacet
  facet normal -0.0695011 -0.17916 0.981362
    outer loop
      vertex 2.43442 0.223502 5.43456
      vertex 2.42699 0.307069 5.44929
      vertex 1.45738 0.218545 5.36446
    endloop
  endfacet
  facet normal -0.034655 -0.177619 0.983489
    outer loop
      vertex 1.45738 0.218545 5.36446
      vertex 1.45115 0.268542 5.37327
      vertex 0.483912 0.140594 5.31608
    endloop
  endfacet
  facet normal -0.138152 -0.188679 0.972273
    outer loop
      vertex 3.39365 0.389385 5.56754
      vertex 4.33754 0.614838 5.74541
      vertex 3.37913 0.505809 5.58807
    endloop
  endfacet
  facet normal -0.103766 -0.185258 0.977196
    outer loop
      vertex 3.39365 0.389385 5.56754
      vertex 3.37913 0.505809 5.58807
      vertex 2.41661 0.390329 5.46397
    endloop
  endfacet
  facet normal -0.068506 -0.186169 0.980126
    outer loop
      vertex 1.44314 0.318295 5.38205
      vertex 2.40329 0.473184 5.47858
      vertex 1.43338 0.367742 5.39076
    endloop
  endfacet
  facet normal -0.068907 -0.183974 0.980513
    outer loop
      vertex 2.41661 0.390329 5.46397
      vertex 2.40329 0.473184 5.47858
      vertex 1.45115 0.268542 5.37327
    endloop
  endfacet
  facet normal -0.0334003 -0.183523 0.982448
    outer loop
      vertex 1.40864 0.46548 5.408
      vertex 1.39368 0.513652 5.41649
      vertex 0.46475 0.222331 5.33049
    endloop
  endfacet
  facet normal -0.0337109 -0.182448 0.982637
    outer loop
      vertex 1.42188 0.416823 5.39942
      vertex 1.40864 0.46548 5.408
      vertex 0.474152 0.190042 5.3248
    endloop
  endfacet
  facet normal -0.0666971 -0.193369 0.978856
    outer loop
      vertex 2.34583 0.718292 5.5218
      vertex 2.32092 0.798513 5.53595
      vertex 1.40864 0.46548 5.408
    endloop
  endfacet
  facet normal -0.0684841 -0.186344 0.980095
    outer loop
      vertex 2.40329 0.473184 5.47858
      vertex 2.38703 0.555529 5.4931
      vertex 1.43338 0.367742 5.39076
    endloop
  endfacet
  facet normal -0.101843 -0.195942 0.975313
    outer loop
      vertex 2.38703 0.555529 5.4931
      vertex 3.31098 0.851096 5.64896
      vertex 2.36787 0.637264 5.50752
    endloop
  endfacet
  facet normal -0.101854 -0.195913 0.975317
    outer loop
      vertex 3.33777 0.736805 5.6288
      vertex 3.31098 0.851096 5.64896
      vertex 2.38703 0.555529 5.4931
    endloop
  endfacet
  facet normal -0.135617 -0.141106 0.980662
    outer loop
      vertex 4.25006 -1.02906 5.45555
      vertex 3.33777 -0.660569 5.38241
      vertex 3.31098 -0.77486 5.36226
    endloop
  endfacet
  facet normal -0.134449 -0.136492 0.981475
    outer loop
      vertex 4.25006 -1.02906 5.45555
      vertex 3.31098 -0.77486 5.36226
      vertex 3.28015 -0.888162 5.34228
    endloop
  endfacet
  facet normal -0.167759 -0.126753 0.977645
    outer loop
      vertex 5.13569 -1.46523 5.55097
      vertex 5.18395 -1.28784 5.58225
      vertex 4.25006 -1.02906 5.45555
    endloop
  endfacet
  facet normal -0.16922 -0.132524 0.976628
    outer loop
      vertex 5.18395 -1.28784 5.58225
      vertex 5.2259 -1.1089 5.6138
      vertex 4.25006 -1.02906 5.45555
    endloop
  endfacet
  facet normal -0.171546 -0.144277 0.974554
    outer loop
      vertex 5.26148 -0.928618 5.64559
      vertex 5.29066 -0.747229 5.67758
      vertex 4.33754 -0.585841 5.5337
    endloop
  endfacet
  facet normal -0.172386 -0.150163 0.973516
    outer loop
      vertex 5.29066 -0.747229 5.67758
      vertex 5.31338 -0.564946 5.70972
      vertex 4.33754 -0.585841 5.5337
    endloop
  endfacet
  facet normal -0.173433 -0.162016 0.971428
    outer loop
      vertex 5.32964 -0.381994 5.74198
      vertex 5.3394 -0.198595 5.77431
      vertex 4.3775 -0.136045 5.61301
    endloop
  endfacet
  facet normal -0.207908 -0.173468 0.962644
    outer loop
      vertex 6.29863 -0.0502567 6.0068
      vertex 6.29479 0.166222 6.04498
      vertex 5.34265 -0.0149717 5.80669
    endloop
  endfacet
  facet normal -0.207147 -0.187701 0.960135
    outer loop
      vertex 6.28329 0.382438 6.0831
      vertex 6.26412 0.598126 6.12113
      vertex 5.31338 0.535003 5.90367
    endloop
  endfacet
  facet normal -0.20639 -0.194795 0.958884
    outer loop
      vertex 6.26412 0.598126 6.12113
      vertex 6.23733 0.813025 6.15902
      vertex 5.31338 0.535003 5.90367
    endloop
  endfacet
  facet normal -0.171532 -0.197751 0.965128
    outer loop
      vertex 5.29066 0.717285 5.93581
      vertex 5.26148 0.898675 5.96779
      vertex 4.31362 0.76355 5.77164
    endloop
  endfacet
  facet normal -0.170475 -0.203655 0.964087
    outer loop
      vertex 5.26148 0.898675 5.96779
      vertex 5.2259 1.07895 5.99958
      vertex 4.31362 0.76355 5.77164
    endloop
  endfacet
  facet normal -0.172386 -0.191845 0.966167
    outer loop
      vertex 4.35617 0.465394 5.71906
      vertex 5.31338 0.535003 5.90367
      vertex 4.33754 0.614838 5.74541
    endloop
  endfacet
  facet normal -0.173018 -0.185924 0.967211
    outer loop
      vertex 4.36949 0.315401 5.69261
      vertex 5.31338 0.535003 5.90367
      vertex 4.35617 0.465394 5.71906
    endloop
  endfacet
  facet normal -0.159876 -0.104184 0.981624
    outer loop
      vertex 4.88075 -2.15501 5.42935
      vertex 4.06122 -1.60141 5.35463
      vertex 4.00148 -1.74001 5.33019
    endloop
  endfacet
  facet normal -0.157405 -0.0987184 0.982588
    outer loop
      vertex 4.88075 -2.15501 5.42935
      vertex 4.00148 -1.74001 5.33019
      vertex 3.93687 -1.87647 5.30613
    endloop
  endfacet
  facet normal -0.0947633 -0.129235 0.987076
    outer loop
      vertex 3.11733 -1.32872 5.26459
      vertex 2.22938 -0.921647 5.23264
      vertex 2.19338 -0.997673 5.21923
    endloop
  endfacet
  facet normal -0.0947315 -0.129144 0.987091
    outer loop
      vertex 3.06699 -1.43503 5.24585
      vertex 3.11733 -1.32872 5.26459
      vertex 2.19338 -0.997673 5.21923
    endloop
  endfacet
  facet normal -0.0739291 -0.0999015 0.992247
    outer loop
      vertex 2.45463 -2.29628 5.09399
      vertex 1.75545 -1.6136 5.11063
      vertex 1.69522 -1.67292 5.10017
    endloop
  endfacet
  facet normal -0.0984576 -0.0750585 0.992307
    outer loop
      vertex 3.04272 -3.08846 5.09242
      vertex 2.45463 -2.29628 5.09399
      vertex 2.37041 -2.37922 5.07936
    endloop
  endfacet
  facet normal -0.0764281 -0.102445 0.991798
    outer loop
      vertex 2.45463 -2.29628 5.09399
      vertex 2.53586 -2.2105 5.10911
      vertex 1.81354 -1.55225 5.12144
    endloop
  endfacet
  facet normal -0.0763981 -0.102419 0.991803
    outer loop
      vertex 2.45463 -2.29628 5.09399
      vertex 1.81354 -1.55225 5.12144
      vertex 1.75545 -1.6136 5.11063
    endloop
  endfacet
  facet normal -0.0568999 -0.0863258 0.994641
    outer loop
      vertex 1.80826 -2.81175 5.0031
      vertex 1.90816 -2.74786 5.01436
      vertex 1.36463 -1.93656 5.05368
    endloop
  endfacet
  facet normal -0.104534 -0.0344256 0.993925
    outer loop
      vertex 3.28926 -4.16108 5.07562
      vertex 2.6967 -3.38468 5.04019
      vertex 2.5746 -3.47529 5.02421
    endloop
  endfacet
  facet normal -0.094396 0.0126143 0.995455
    outer loop
      vertex 2.95703 -5.52713 5.04108
      vertex 2.50822 -4.66059 4.98754
      vertex 2.34206 -4.74396 4.97284
    endloop
  endfacet
  facet normal -0.0788381 -0.0186152 0.996714
    outer loop
      vertex 2.34206 -4.74396 4.97284
      vertex 2.50822 -4.66059 4.98754
      vertex 2.05636 -3.7942 4.96798
    endloop
  endfacet
  facet normal -0.0788288 -0.0186125 0.996714
    outer loop
      vertex 2.34206 -4.74396 4.97284
      vertex 2.05636 -3.7942 4.96798
      vertex 1.92014 -3.86256 4.95593
    endloop
  endfacet
  facet normal -0.0588183 -0.0477196 0.997127
    outer loop
      vertex 1.78157 -3.92619 4.94471
      vertex 1.49587 -2.98228 4.97303
      vertex 1.38792 -3.03185 4.96429
    endloop
  endfacet
  facet normal -0.0837854 -0.0624918 0.994522
    outer loop
      vertex 2.5746 -3.47529 5.02421
      vertex 2.10085 -2.60999 5.03867
      vertex 2.00572 -2.68058 5.02622
    endloop
  endfacet
  facet normal -0.0894833 -0.024426 0.995689
    outer loop
      vertex 2.67133 -4.57155 5.00324
      vertex 2.32113 -3.64366 4.99453
      vertex 2.19008 -3.72121 4.98085
    endloop
  endfacet
  facet normal -0.113949 -0.041948 0.992601
    outer loop
      vertex 3.57493 -3.92502 5.11724
      vertex 2.9309 -3.19115 5.07432
      vertex 2.81552 -3.28993 5.0569
    endloop
  endfacet
  facet normal -0.118405 -0.0458992 0.991904
    outer loop
      vertex 3.57493 -3.92502 5.11724
      vertex 3.04272 -3.08846 5.09242
      vertex 2.9309 -3.19115 5.07432
    endloop
  endfacet
  facet normal -0.131071 -0.0588016 0.989628
    outer loop
      vertex 3.97036 -3.53559 5.18591
      vertex 4.09271 -3.39699 5.21035
      vertex 3.3554 -2.75824 5.15065
    endloop
  endfacet
  facet normal -0.134979 -0.0633881 0.988819
    outer loop
      vertex 4.09271 -3.39699 5.21035
      vertex 4.21007 -3.25426 5.23552
      vertex 3.3554 -2.75824 5.15065
    endloop
  endfacet
  facet normal -0.069253 -0.164935 0.98387
    outer loop
      vertex 2.42699 -0.195354 5.3607
      vertex 1.45738 -0.0831528 5.31126
      vertex 1.45115 -0.13315 5.30244
    endloop
  endfacet
  facet normal -8.82307e-05 -0.173778 0.984785
    outer loop
      vertex 0.481243 -0.00994778 5.28953
      vertex 0.48599 0.0233145 5.2954
      vertex 0.477988 -0.0264368 5.28662
    endloop
  endfacet
  facet normal -0.0339965 -0.16573 0.985585
    outer loop
      vertex 1.42188 -0.281432 5.2763
      vertex 1.43338 -0.23235 5.28495
      vertex 0.477988 -0.0264368 5.28662
    endloop
  endfacet
  facet normal -0.0342716 -0.167004 0.98536
    outer loop
      vertex 1.43338 -0.23235 5.28495
      vertex 1.44314 -0.182903 5.29367
      vertex 0.477988 -0.0264368 5.28662
    endloop
  endfacet
  facet normal 0.00355844 -0.175005 0.984561
    outer loop
      vertex 0.44642 -0.12212 5.26975
      vertex 0.469737 -0.0590296 5.28088
      vertex 0.439211 -0.137344 5.26707
    endloop
  endfacet
  facet normal -0.00164337 -0.17304 0.984914
    outer loop
      vertex 0.469737 -0.0590296 5.28088
      vertex 0.477988 -0.0264368 5.28662
      vertex 0.439211 -0.137344 5.26707
    endloop
  endfacet
  facet normal -0.00255111 -0.173901 0.98476
    outer loop
      vertex 0.488369 0.0904131 5.30723
      vertex 0.487476 0.107188 5.31019
      vertex 0.483912 0.140594 5.31608
    endloop
  endfacet
  facet normal -0.000268907 -0.173684 0.984801
    outer loop
      vertex 0.477988 -0.0264368 5.28662
      vertex 0.483912 0.140594 5.31608
      vertex 0.459197 0.238214 5.33329
    endloop
  endfacet
  facet normal -0.0348585 -0.171754 0.984523
    outer loop
      vertex 1.46184 -0.0329723 5.32011
      vertex 1.46451 0.0173302 5.32898
      vertex 0.487476 0.0400486 5.29835
    endloop
  endfacet
  facet normal -0.00609292 -0.173459 0.984822
    outer loop
      vertex 0.488369 0.0568228 5.30131
      vertex 0.488667 0.0736179 5.30427
      vertex 0.487476 0.0400486 5.29835
    endloop
  endfacet
  facet normal -0.00204979 -0.173601 0.984814
    outer loop
      vertex 0.488667 0.0736179 5.30427
      vertex 0.488369 0.0904131 5.30723
      vertex 0.487476 0.0400486 5.29835
    endloop
  endfacet
  facet normal -0.034899 -0.174061 0.984116
    outer loop
      vertex 0.488667 0.0736179 5.30427
      vertex 1.46541 0.0676956 5.33786
      vertex 0.488369 0.0904131 5.30723
    endloop
  endfacet
  facet normal -0.089605 -0.225736 0.970059
    outer loop
      vertex 2.95517 1.71837 5.80188
      vertex 2.89383 1.81891 5.81961
      vertex 2.11341 1.2575 5.61688
    endloop
  endfacet
  facet normal -0.0931446 -0.219452 0.971167
    outer loop
      vertex 2.19338 1.10939 5.59076
      vertex 3.01292 1.61578 5.78379
      vertex 2.15471 1.18413 5.60394
    endloop
  endfacet
  facet normal -0.0305387 -0.190173 0.981275
    outer loop
      vertex 0.431467 0.299548 5.34411
      vertex 1.29388 0.745211 5.45732
      vertex 0.423198 0.31424 5.3467
    endloop
  endfacet
  facet normal -0.00220338 -0.174812 0.984599
    outer loop
      vertex 0.439211 0.284581 5.34147
      vertex 0.431467 0.299548 5.34411
      vertex 0.423198 0.31424 5.3467
    endloop
  endfacet
  facet normal -0.0585128 -0.210655 0.975808
    outer loop
      vertex 1.24273 0.832445 5.4727
      vertex 2.06954 1.3294 5.62956
      vertex 1.21488 0.874691 5.48015
    endloop
  endfacet
  facet normal -0.0895987 -0.225744 0.970057
    outer loop
      vertex 2.11341 1.2575 5.61688
      vertex 2.89383 1.81891 5.81961
      vertex 2.06954 1.3294 5.62956
    endloop
  endfacet
  facet normal -0.0315358 -0.158783 0.98681
    outer loop
      vertex 1.33872 -0.519283 5.23436
      vertex 0.44642 -0.12212 5.26975
      vertex 0.439211 -0.137344 5.26707
    endloop
  endfacet
  facet normal -0.0320903 -0.160009 0.986594
    outer loop
      vertex 1.33872 -0.519283 5.23436
      vertex 1.3587 -0.472915 5.24253
      vertex 0.44642 -0.12212 5.26975
    endloop
  endfacet
  facet normal -0.00830687 -0.170794 0.985272
    outer loop
      vertex 0.459197 -0.0909758 5.27525
      vertex 0.46475 -0.0750933 5.27805
      vertex 0.453084 -0.106658 5.27248
    endloop
  endfacet
  facet normal -0.03264 -0.161364 0.986355
    outer loop
      vertex 1.3587 -0.472915 5.24253
      vertex 1.37703 -0.425888 5.25083
      vertex 0.453084 -0.106658 5.27248
    endloop
  endfacet
  facet normal -0.0962014 -0.132416 0.986515
    outer loop
      vertex 3.11733 -1.32872 5.26459
      vertex 2.26266 -0.844429 5.24625
      vertex 2.22938 -0.921647 5.23264
    endloop
  endfacet
  facet normal -0.0641981 -0.146321 0.987152
    outer loop
      vertex 2.22938 -0.921647 5.23264
      vertex 2.26266 -0.844429 5.24625
      vertex 1.3587 -0.472915 5.24253
    endloop
  endfacet
  facet normal -0.0673947 -0.155477 0.985538
    outer loop
      vertex 2.34583 -0.606578 5.28819
      vertex 2.36787 -0.52555 5.30248
      vertex 1.40864 -0.330088 5.26772
    endloop
  endfacet
  facet normal -0.0667439 -0.153241 0.985932
    outer loop
      vertex 2.34583 -0.606578 5.28819
      vertex 1.40864 -0.330088 5.26772
      vertex 1.39368 -0.37826 5.25922
    endloop
  endfacet
  facet normal -0.0667054 -0.153077 0.98596
    outer loop
      vertex 2.32092 -0.686798 5.27405
      vertex 2.34583 -0.606578 5.28819
      vertex 1.39368 -0.37826 5.25922
    endloop
  endfacet
  facet normal -0.0999645 -0.142532 0.984729
    outer loop
      vertex 3.28015 -0.888162 5.34228
      vertex 2.34583 -0.606578 5.28819
      vertex 2.32092 -0.686798 5.27405
    endloop
  endfacet
  facet normal -0.0570884 -0.133725 0.989373
    outer loop
      vertex 2.02315 -1.28804 5.16803
      vertex 1.21488 -0.7393 5.19556
      vertex 1.18554 -0.780562 5.18829
    endloop
  endfacet
  facet normal -0.0557737 -0.131947 0.989686
    outer loop
      vertex 1.92303 -1.42375 5.1441
      vertex 1.97429 -1.35676 5.15592
      vertex 1.18554 -0.780562 5.18829
    endloop
  endfacet
  facet normal -0.0931522 -0.125959 0.987652
    outer loop
      vertex 3.01292 -1.53954 5.22742
      vertex 2.19338 -0.997673 5.21923
      vertex 2.15471 -1.07242 5.20605
    endloop
  endfacet
  facet normal -0.0304481 -0.156736 0.987171
    outer loop
      vertex 1.26908 -0.653875 5.21063
      vertex 1.29388 -0.609818 5.21839
      vertex 0.431467 -0.15231 5.26443
    endloop
  endfacet
  facet normal 0.00755116 -0.178193 0.983967
    outer loop
      vertex 0.414412 -0.181401 5.2593
      vertex 0.423198 -0.167003 5.26184
      vertex 0.405123 -0.195489 5.25682
    endloop
  endfacet
  facet normal -0.0299551 -0.155897 0.987319
    outer loop
      vertex 1.24273 -0.697053 5.20301
      vertex 0.423198 -0.167003 5.26184
      vertex 0.414412 -0.181401 5.2593
    endloop
  endfacet
  facet normal -0.0568849 -0.0863182 0.994642
    outer loop
      vertex 1.80826 -2.81175 5.0031
      vertex 1.36463 -1.93656 5.05368
      vertex 1.29319 -1.98224 5.04563
    endloop
  endfacet
  facet normal -0.0538598 -0.0844567 0.99497
    outer loop
      vertex 1.80826 -2.81175 5.0031
      vertex 1.29319 -1.98224 5.04563
      vertex 1.22018 -2.02545 5.03801
    endloop
  endfacet
  facet normal -0.0506279 -0.0826259 0.995294
    outer loop
      vertex 1.602 -2.92903 4.98242
      vertex 1.70617 -2.87216 4.99244
      vertex 1.22018 -2.02545 5.03801
    endloop
  endfacet
  facet normal -0.0674284 -0.052041 0.996366
    outer loop
      vertex 2.05636 -3.7942 4.96798
      vertex 1.70617 -2.87216 4.99244
      vertex 1.602 -2.92903 4.98242
    endloop
  endfacet
  facet normal -0.0169938 -0.14351 0.989503
    outer loop
      vertex 0.687966 -1.20652 5.11318
      vertex 0.732703 -1.1821 5.11749
      vertex 0.229415 -0.351294 5.22934
    endloop
  endfacet
  facet normal -0.0338902 -0.113173 0.992997
    outer loop
      vertex 1.22018 -2.02545 5.03801
      vertex 0.732703 -1.1821 5.11749
      vertex 0.687966 -1.20652 5.11318
    endloop
  endfacet
  facet normal 0.00547034 -0.139595 0.990194
    outer loop
      vertex -0.203945 -1.3614 5.08587
      vertex -0.0680084 -0.402941 5.22024
      vertex -0.254465 -1.35352 5.08726
    endloop
  endfacet
  facet normal 0.00526717 -0.139556 0.9902
    outer loop
      vertex -0.0680084 -0.402941 5.22024
      vertex -0.084856 -0.400313 5.2207
      vertex -0.254465 -1.35352 5.08726
    endloop
  endfacet
  facet normal 0.000245934 -0.175265 0.984521
    outer loop
      vertex 0.0680084 -0.402941 5.22024
      vertex 0.101599 -0.397108 5.22127
      vertex 0.0510788 -0.404987 5.21988
    endloop
  endfacet
  facet normal -0.00547034 -0.139595 0.990194
    outer loop
      vertex 0.203945 -1.3614 5.08587
      vertex 0.254465 -1.35352 5.08726
      vertex 0.0680084 -0.402941 5.22024
    endloop
  endfacet
  facet normal 0.00184142 -0.0697536 0.997563
    outer loop
      vertex 0 -2.34743 4.98123
      vertex -0.0851669 -2.34596 4.98149
      vertex -0.119088 -3.32034 4.91342
    endloop
  endfacet
  facet normal 0.00182076 -0.0697511 0.997563
    outer loop
      vertex 0 -3.32238 4.91306
      vertex 0 -2.34743 4.98123
      vertex -0.119088 -3.32034 4.91342
    endloop
  endfacet
  facet normal -0.00232526 -0.186861 0.982384
    outer loop
      vertex -0.084856 -0.400313 5.2207
      vertex -0.0680084 -0.402941 5.22024
      vertex -0.101599 -0.397108 5.22127
    endloop
  endfacet
  facet normal -0.000245934 -0.175265 0.984521
    outer loop
      vertex -0.0680084 -0.402941 5.22024
      vertex -0.0510788 -0.404987 5.21988
      vertex -0.101599 -0.397108 5.22127
    endloop
  endfacet
  facet normal -0.00385651 -0.179176 0.98381
    outer loop
      vertex -0.273259 -0.32535 5.23392
      vertex -0.258954 -0.334498 5.23231
      vertex -0.287231 -0.315715 5.23562
    endloop
  endfacet
  facet normal -0.000826362 -0.174664 0.984628
    outer loop
      vertex -0.300853 -0.305606 5.2374
      vertex -0.258954 -0.334498 5.23231
      vertex -0.339457 -0.272558 5.24323
    endloop
  endfacet
  facet normal 0.00300924 -0.171786 0.98513
    outer loop
      vertex -0.405123 -0.195489 5.25682
      vertex -0.385075 -0.222664 5.25202
      vertex -0.431467 -0.15231 5.26443
    endloop
  endfacet
  facet normal 0.0270933 -0.151867 0.98803
    outer loop
      vertex -1.12257 -0.859939 5.17429
      vertex -0.385075 -0.222664 5.25202
      vertex -1.15476 -0.820791 5.18119
    endloop
  endfacet
  facet normal 0.0347664 -0.17051 0.984742
    outer loop
      vertex -0.48599 0.0233145 5.2954
      vertex -0.487476 0.0400486 5.29835
      vertex -1.45738 -0.0831528 5.31126
    endloop
  endfacet
  facet normal 0.104521 -0.170909 0.979727
    outer loop
      vertex -2.43887 -0.0280151 5.39021
      vertex -2.44036 0.0558567 5.405
      vertex -3.41234 0.0381174 5.5056
    endloop
  endfacet
  facet normal 0.0441775 -0.0793807 0.995865
    outer loop
      vertex -1.38792 -3.03185 4.96429
      vertex -0.992583 -2.13965 5.01787
      vertex -1.49587 -2.98228 4.97303
    endloop
  endfacet
  facet normal 0.0317278 -0.112031 0.993198
    outer loop
      vertex -1.06978 -2.1042 5.02412
      vertex -0.687966 -1.20652 5.11318
      vertex -1.14568 -2.06612 5.03084
    endloop
  endfacet
  facet normal 0.00124742 -0.177366 0.984144
    outer loop
      vertex 0.118218 -0.393329 5.22193
      vertex 0.198758 -0.366018 5.22675
      vertex 0.101599 -0.397108 5.22127
    endloop
  endfacet
  facet normal -0.00106365 -0.170757 0.985313
    outer loop
      vertex 0.151006 -0.38407 5.22357
      vertex 0.198758 -0.366018 5.22675
      vertex 0.118218 -0.393329 5.22193
    endloop
  endfacet
  facet normal -0.0124585 -0.141433 0.989869
    outer loop
      vertex 0.501198 -1.28841 5.09874
      vertex 0.54895 -1.27036 5.10192
      vertex 0.183058 -0.372581 5.22559
    endloop
  endfacet
  facet normal -0.0249521 -0.109059 0.993722
    outer loop
      vertex 0.914175 -2.17243 5.01209
      vertex 0.54895 -1.27036 5.10192
      vertex 0.501198 -1.28841 5.09874
    endloop
  endfacet
  facet normal -0.0146614 -0.142342 0.989709
    outer loop
      vertex 0.642391 -1.22939 5.10915
      vertex 0.214217 -0.358919 5.228
      vertex 0.198758 -0.366018 5.22675
    endloop
  endfacet
  facet normal -0.00183497 -0.169536 0.985522
    outer loop
      vertex 0.214217 -0.358919 5.228
      vertex 0.229415 -0.351294 5.22934
      vertex 0.198758 -0.366018 5.22675
    endloop
  endfacet
  facet normal -0.0408543 -0.0779221 0.996122
    outer loop
      vertex 1.27829 -3.07768 4.95621
      vertex 0.992583 -2.13965 5.01787
      vertex 0.914175 -2.17243 5.01209
    endloop
  endfacet
  facet normal -0.0272635 -0.109979 0.99356
    outer loop
      vertex 0.914175 -2.17243 5.01209
      vertex 0.992583 -2.13965 5.01787
      vertex 0.596034 -1.25068 5.10539
    endloop
  endfacet
  facet normal -0.0439239 -0.119843 0.991821
    outer loop
      vertex 1.50244 -1.83796 5.07107
      vertex 1.56863 -1.78517 5.08038
      vertex 0.941945 -1.03782 5.14293
    endloop
  endfacet
  facet normal -0.0658078 -0.0927036 0.993517
    outer loop
      vertex 2.10085 -2.60999 5.03867
      vertex 1.56863 -1.78517 5.08038
      vertex 1.50244 -1.83796 5.07107
    endloop
  endfacet
  facet normal -0.0420667 -0.118415 0.992073
    outer loop
      vertex 1.50244 -1.83796 5.07107
      vertex 0.902194 -1.06952 5.13734
      vertex 0.861344 -1.09983 5.13199
    endloop
  endfacet
  facet normal -0.0419783 -0.11834 0.992085
    outer loop
      vertex 1.43441 -1.88844 5.06217
      vertex 1.50244 -1.83796 5.07107
      vertex 0.861344 -1.09983 5.13199
    endloop
  endfacet
  facet normal -0.0200742 -0.145418 0.989167
    outer loop
      vertex 0.819445 -1.12872 5.1269
      vertex 0.287231 -0.315715 5.23562
      vertex 0.273259 -0.32535 5.23392
    endloop
  endfacet
  facet normal -0.0190368 -0.144734 0.989287
    outer loop
      vertex 0.776546 -1.15616 5.12206
      vertex 0.819445 -1.12872 5.1269
      vertex 0.258954 -0.334498 5.23231
    endloop
  endfacet
  facet normal -0.0256814 -0.150255 0.988314
    outer loop
      vertex 1.05412 -0.934795 5.16109
      vertex 0.363151 -0.248395 5.24749
      vertex 0.351518 -0.26068 5.24532
    endloop
  endfacet
  facet normal -0.00191884 -0.171799 0.98513
    outer loop
      vertex 0.363151 -0.248395 5.24749
      vertex 0.385075 -0.222664 5.25202
      vertex 0.339457 -0.272558 5.24323
    endloop
  endfacet
  facet normal -0.0439115 -0.119835 0.991822
    outer loop
      vertex 1.50244 -1.83796 5.07107
      vertex 0.941945 -1.03782 5.14293
      vertex 0.902194 -1.06952 5.13734
    endloop
  endfacet
  facet normal -0.0210907 -0.14615 0.989038
    outer loop
      vertex 0.861344 -1.09983 5.13199
      vertex 0.902194 -1.06952 5.13734
      vertex 0.300853 -0.305606 5.2374
    endloop
  endfacet
  facet normal -0.0913277 -0.0685098 0.993461
    outer loop
      vertex 2.81552 -3.28993 5.0569
      vertex 2.2833 -2.45922 5.06526
      vertex 2.19341 -2.53617 5.05169
    endloop
  endfacet
  facet normal -0.0876237 -0.065449 0.994001
    outer loop
      vertex 2.81552 -3.28993 5.0569
      vertex 2.19341 -2.53617 5.05169
      vertex 2.10085 -2.60999 5.03867
    endloop
  endfacet
  facet normal -0.0238312 -0.148433 0.988635
    outer loop
      vertex 0.980548 -1.00477 5.14875
      vertex 1.01796 -0.970414 5.15481
      vertex 0.339457 -0.272558 5.24323
    endloop
  endfacet
  facet normal -0.0493336 -0.124636 0.990975
    outer loop
      vertex 1.75545 -1.6136 5.11063
      vertex 1.05412 -0.934795 5.16109
      vertex 1.01796 -0.970414 5.15481
    endloop
  endfacet
  facet normal 0.180875 0.0379532 0.982774
    outer loop
      vertex -5.11985 -6.13597 5.38291
      vertex -4.65824 -5.55845 5.27565
      vertex -5.2847 -5.99485 5.4078
    endloop
  endfacet
  facet normal 0.17351 0.0440475 0.983847
    outer loop
      vertex -4.65824 -5.55845 5.27565
      vertex -5.07353 -6.17291 5.3764
      vertex -4.46166 -5.71522 5.248
    endloop
  endfacet
  facet normal 0.173441 0.0440958 0.983857
    outer loop
      vertex -5.07353 -6.17291 5.3764
      vertex -4.65824 -5.55845 5.27565
      vertex -5.11985 -6.13597 5.38291
    endloop
  endfacet
  facet normal 0.19819 -0.0318116 0.979647
    outer loop
      vertex -5.0957 -3.69625 5.36392
      vertex -5.2218 -3.5189 5.39519
      vertex -5.86289 -4.28624 5.49997
    endloop
  endfacet
  facet normal 0.208032 0.0112049 0.978058
    outer loop
      vertex -5.9583 -5.33148 5.52477
      vertex -5.55147 -4.67878 5.43076
      vertex -6.1016 -5.16914 5.55339
    endloop
  endfacet
  facet normal 0.225823 -0.0111907 0.974104
    outer loop
      vertex -6.00798 -4.08218 5.53595
      vertex -6.56916 -4.56149 5.66054
      vertex -5.86289 -4.28624 5.49997
    endloop
  endfacet
  facet normal 0.225761 -0.0111144 0.974119
    outer loop
      vertex -6.56916 -4.56149 5.66054
      vertex -6.00798 -4.08218 5.53595
      vertex -6.60334 -4.51342 5.66901
    endloop
  endfacet
  facet normal 0.231204 -0.0190599 0.972719
    outer loop
      vertex -6.6358 -4.4642 5.67769
      vertex -6.00798 -4.08218 5.53595
      vertex -6.14575 -3.87326 5.57279
    endloop
  endfacet
  facet normal 0.231205 -0.0190627 0.972718
    outer loop
      vertex -6.00798 -4.08218 5.53595
      vertex -6.6358 -4.4642 5.67769
      vertex -6.60334 -4.51342 5.66901
    endloop
  endfacet
  facet normal 0.215589 -0.0603188 0.974619
    outer loop
      vertex -6.39866 -3.44186 5.64886
      vertex -5.66117 -2.76945 5.52734
      vertex -6.5135 -3.2199 5.688
    endloop
  endfacet
  facet normal 0.211625 -0.0529812 0.975914
    outer loop
      vertex -6.27603 -3.65973 5.61044
      vertex -5.45477 -3.15173 5.45993
      vertex -6.39866 -3.44186 5.64886
    endloop
  endfacet
  facet normal 0.147016 -0.0250363 0.988817
    outer loop
      vertex -4.37539 -4.51228 5.22003
      vertex -3.84318 -3.66991 5.16223
      vertex -4.53085 -4.35918 5.24702
    endloop
  endfacet
  facet normal 0.171074 1.9983e-05 0.985258
    outer loop
      vertex -4.37539 -4.51228 5.22003
      vertex -4.53085 -4.35918 5.24702
      vertex -5.21301 -5.04898 5.36548
    endloop
  endfacet
  facet normal 0.158127 0.0554586 0.98586
    outer loop
      vertex -4.40441 -6.30048 5.26928
      vertex -4.25964 -5.86514 5.22157
      vertex -4.55093 -6.28464 5.29189
    endloop
  endfacet
  facet normal 0.158104 0.0554792 0.985863
    outer loop
      vertex -4.25964 -5.86514 5.22157
      vertex -4.25187 -6.31696 5.24575
      vertex -4.05243 -6.00802 5.19638
    endloop
  endfacet
  facet normal 0.158069 0.0554789 0.985868
    outer loop
      vertex -4.25187 -6.31696 5.24575
      vertex -4.25964 -5.86514 5.22157
      vertex -4.40441 -6.30048 5.26928
    endloop
  endfacet
  facet normal 0.125692 0.0761254 0.989144
    outer loop
      vertex -3.38799 -6.39991 5.12727
      vertex -3.40223 -6.39277 5.12853
      vertex -3.40333 -6.39862 5.12912
    endloop
  endfacet
  facet normal 0.161603 -0.0409803 0.986005
    outer loop
      vertex -4.82503 -4.03743 5.30376
      vertex -4.21007 -3.25426 5.23552
      vertex -4.96339 -3.86917 5.33343
    endloop
  endfacet
  facet normal 0.166063 -0.0466023 0.985013
    outer loop
      vertex -4.21007 -3.25426 5.23552
      vertex -4.3223 -3.10759 5.26138
      vertex -4.96339 -3.86917 5.33343
    endloop
  endfacet
  facet normal 0.122817 -0.0500768 0.991165
    outer loop
      vertex -3.71132 -3.79977 5.13933
      vertex -3.04272 -3.08846 5.09242
      vertex -3.84318 -3.66991 5.16223
    endloop
  endfacet
  facet normal 0.118464 -0.045937 0.991895
    outer loop
      vertex -3.57493 -3.92502 5.11724
      vertex -3.04272 -3.08846 5.09242
      vertex -3.71132 -3.79977 5.13933
    endloop
  endfacet
  facet normal 0.119253 -0.0020917 0.992862
    outer loop
      vertex -2.98757 -4.37694 5.03756
      vertex -3.14033 -4.2716 5.05613
      vertex -3.52215 -5.19273 5.10005
    endloop
  endfacet
  facet normal 0.119285 -0.00210532 0.992858
    outer loop
      vertex -3.52215 -5.19273 5.10005
      vertex -3.14033 -4.2716 5.05613
      vertex -3.70224 -5.06854 5.12195
    endloop
  endfacet
  facet normal 0.0996254 -0.0309116 0.994545
    outer loop
      vertex -2.44936 -3.56166 5.00898
      vertex -2.5746 -3.47529 5.02421
      vertex -3.14033 -4.2716 5.05613
    endloop
  endfacet
  facet normal 0.104529 -0.0344201 0.993926
    outer loop
      vertex -3.14033 -4.2716 5.05613
      vertex -2.5746 -3.47529 5.02421
      vertex -3.28926 -4.16108 5.07562
    endloop
  endfacet
  facet normal 0.0984576 -0.0750585 0.992307
    outer loop
      vertex -2.37041 -2.37922 5.07936
      vertex -2.45463 -2.29628 5.09399
      vertex -3.04272 -3.08846 5.09242
    endloop
  endfacet
  facet normal 0.0506722 -0.0826444 0.99529
    outer loop
      vertex -1.14568 -2.06612 5.03084
      vertex -1.22018 -2.02545 5.03801
      vertex -1.602 -2.92903 4.98242
    endloop
  endfacet
  facet normal 0.108216 -0.0857313 0.990424
    outer loop
      vertex -2.61401 -2.12197 5.12472
      vertex -2.68896 -2.03081 5.1408
      vertex -3.3554 -2.75824 5.15065
    endloop
  endfacet
  facet normal 0.105051 -0.0820174 0.991079
    outer loop
      vertex -2.53586 -2.2105 5.10911
      vertex -2.61401 -2.12197 5.12472
      vertex -3.3554 -2.75824 5.15065
    endloop
  endfacet
  facet normal 0.172386 -0.191845 0.966167
    outer loop
      vertex -4.35617 0.465394 5.71906
      vertex -4.33754 0.614838 5.74541
      vertex -5.31338 0.535003 5.90367
    endloop
  endfacet
  facet normal 0.173018 -0.185924 0.967211
    outer loop
      vertex -4.36949 0.315401 5.69261
      vertex -4.35617 0.465394 5.71906
      vertex -5.31338 0.535003 5.90367
    endloop
  endfacet
  facet normal 0.103258 -0.188817 0.976569
    outer loop
      vertex -2.41661 0.390329 5.46397
      vertex -3.3605 0.621662 5.6085
      vertex -3.37913 0.505809 5.58807
    endloop
  endfacet
  facet normal 0.103766 -0.185258 0.977196
    outer loop
      vertex -2.41661 0.390329 5.46397
      vertex -3.37913 0.505809 5.58807
      vertex -3.39365 0.389385 5.56754
    endloop
  endfacet
  facet normal 0.13563 -0.202799 0.969782
    outer loop
      vertex -3.33777 0.736805 5.6288
      vertex -4.25006 1.05806 5.82357
      vertex -4.28445 0.91135 5.7977
    endloop
  endfacet
  facet normal 0.136643 -0.198105 0.97061
    outer loop
      vertex -3.33777 0.736805 5.6288
      vertex -4.28445 0.91135 5.7977
      vertex -4.31362 0.76355 5.77164
    endloop
  endfacet
  facet normal 0.0692476 -0.181587 0.980934
    outer loop
      vertex -1.45115 0.268542 5.37327
      vertex -2.41661 0.390329 5.46397
      vertex -2.42699 0.307069 5.44929
    endloop
  endfacet
  facet normal 0.103766 -0.185232 0.977201
    outer loop
      vertex -2.42699 0.307069 5.44929
      vertex -2.41661 0.390329 5.46397
      vertex -3.39365 0.389385 5.56754
    endloop
  endfacet
  facet normal 0.139162 -0.169488 0.975658
    outer loop
      vertex -3.41026 -0.0791616 5.48493
      vertex -3.41234 0.0381174 5.5056
      vertex -4.3775 -0.136045 5.61301
    endloop
  endfacet
  facet normal 0.034899 -0.172923 0.984317
    outer loop
      vertex -1.46451 0.0173302 5.32898
      vertex -0.488667 0.0736179 5.30427
      vertex -1.46541 0.0676956 5.33786
    endloop
  endfacet
  facet normal 0.0339965 -0.16573 0.985585
    outer loop
      vertex -1.42188 -0.281432 5.2763
      vertex -0.477988 -0.0264368 5.28662
      vertex -1.43338 -0.23235 5.28495
    endloop
  endfacet
  facet normal 0.03372 -0.164656 0.985775
    outer loop
      vertex -1.40864 -0.330088 5.26772
      vertex -0.474152 -0.0428038 5.28374
      vertex -1.42188 -0.281432 5.2763
    endloop
  endfacet
  facet normal 0.068895 -0.162414 0.984315
    outer loop
      vertex -1.44314 -0.182903 5.29367
      vertex -1.45115 -0.13315 5.30244
      vertex -2.40329 -0.361468 5.33141
    endloop
  endfacet
  facet normal 0.0684832 -0.160114 0.98472
    outer loop
      vertex -2.38703 -0.443813 5.31689
      vertex -1.44314 -0.182903 5.29367
      vertex -2.40329 -0.361468 5.33141
    endloop
  endfacet
  facet normal 0.069754 -0.172001 0.982624
    outer loop
      vertex -1.46451 0.0173302 5.32898
      vertex -1.46541 0.0676956 5.33786
      vertex -2.43887 -0.0280151 5.39021
    endloop
  endfacet
  facet normal 0.0348606 -0.171871 0.984502
    outer loop
      vertex -0.487476 0.0400486 5.29835
      vertex -0.488369 0.0568228 5.30131
      vertex -1.46451 0.0173302 5.32898
    endloop
  endfacet
  facet normal 0.138152 -0.155258 0.978166
    outer loop
      vertex -3.37913 -0.429573 5.42314
      vertex -3.39365 -0.313149 5.44367
      vertex -4.35617 -0.436398 5.56005
    endloop
  endfacet
  facet normal 0.138667 -0.160029 0.977324
    outer loop
      vertex -4.35617 -0.436398 5.56005
      vertex -3.40403 -0.196299 5.46427
      vertex -4.36949 -0.286405 5.5865
    endloop
  endfacet
  facet normal -0.00755116 -0.178193 0.983967
    outer loop
      vertex -0.414412 -0.181401 5.2593
      vertex -0.405123 -0.195489 5.25682
      vertex -0.423198 -0.167003 5.26184
    endloop
  endfacet
  facet normal 0.0320903 -0.160009 0.986594
    outer loop
      vertex -1.33872 -0.519283 5.23436
      vertex -0.44642 -0.12212 5.26975
      vertex -1.3587 -0.472915 5.24253
    endloop
  endfacet
  facet normal 0.0256814 -0.150255 0.988314
    outer loop
      vertex -0.351518 -0.26068 5.24532
      vertex -0.363151 -0.248395 5.24749
      vertex -1.05412 -0.934795 5.16109
    endloop
  endfacet
  facet normal 0.0245041 -0.149055 0.988525
    outer loop
      vertex -0.339457 -0.272558 5.24323
      vertex -0.351518 -0.26068 5.24532
      vertex -1.05412 -0.934795 5.16109
    endloop
  endfacet
  facet normal 0.142282 -0.0729223 0.987136
    outer loop
      vertex -3.54363 -2.52098 5.19248
      vertex -3.63132 -2.39765 5.21423
      vertex -4.3223 -3.10759 5.26138
    endloop
  endfacet
  facet normal 0.0835379 -0.110815 0.990324
    outer loop
      vertex -1.92303 -1.42375 5.1441
      vertex -1.97429 -1.35676 5.15592
      vertex -2.76064 -1.93713 5.15731
    endloop
  endfacet
  facet normal 0.119296 -0.101319 0.987676
    outer loop
      vertex -3.71459 -2.27137 5.2365
      vertex -2.89383 -1.74268 5.1916
      vertex -3.79333 -2.14231 5.25925
    endloop
  endfacet
  facet normal 0.0855805 -0.113583 0.989836
    outer loop
      vertex -1.97429 -1.35676 5.15592
      vertex -2.02315 -1.28804 5.16803
      vertex -2.76064 -1.93713 5.15731
    endloop
  endfacet
  facet normal 0.0279558 -0.152954 0.987838
    outer loop
      vertex -1.15476 -0.820791 5.18119
      vertex -0.385075 -0.222664 5.25202
      vertex -1.18554 -0.780562 5.18829
    endloop
  endfacet
  facet normal 0.0280344 -0.153064 0.987819
    outer loop
      vertex -0.385075 -0.222664 5.25202
      vertex -0.39534 -0.209249 5.25439
      vertex -1.18554 -0.780562 5.18829
    endloop
  endfacet
  facet normal 0.126132 -0.113985 0.985443
    outer loop
      vertex -3.06699 -1.43503 5.24585
      vertex -3.11733 -1.32872 5.26459
      vertex -3.93687 -1.87647 5.30613
    endloop
  endfacet
  facet normal 0.126154 -0.114017 0.985437
    outer loop
      vertex -3.93687 -1.87647 5.30613
      vertex -3.11733 -1.32872 5.26459
      vertex -4.00148 -1.74001 5.33019
    endloop
  endfacet
  facet normal 0.131621 -0.127355 0.983085
    outer loop
      vertex -3.20655 -1.11124 5.30294
      vertex -3.24533 -1.00033 5.3225
      vertex -4.16578 -1.31848 5.40452
    endloop
  endfacet
  facet normal 0.164228 -0.115371 0.979652
    outer loop
      vertex -4.11601 -1.46085 5.37941
      vertex -4.16578 -1.31848 5.40452
      vertex -5.02045 -1.81451 5.48938
    endloop
  endfacet
  facet normal 0.0999801 -0.142611 0.984716
    outer loop
      vertex -3.24533 -1.00033 5.3225
      vertex -2.32092 -0.686798 5.27405
      vertex -3.28015 -0.888162 5.34228
    endloop
  endfacet
  facet normal 0.131625 -0.127374 0.983082
    outer loop
      vertex -4.11601 -1.46085 5.37941
      vertex -3.20655 -1.11124 5.30294
      vertex -4.16578 -1.31848 5.40452
    endloop
  endfacet
  facet normal 0.102625 -0.153047 0.982876
    outer loop
      vertex -2.38703 -0.443813 5.31689
      vertex -2.40329 -0.361468 5.33141
      vertex -3.3605 -0.545426 5.40271
    endloop
  endfacet
  facet normal 0.135617 -0.141106 0.980662
    outer loop
      vertex -3.31098 -0.77486 5.36226
      vertex -3.33777 -0.660569 5.38241
      vertex -4.25006 -1.02906 5.45555
    endloop
  endfacet
  facet normal 0.134449 -0.136492 0.981475
    outer loop
      vertex -3.28015 -0.888162 5.34228
      vertex -3.31098 -0.77486 5.36226
      vertex -4.25006 -1.02906 5.45555
    endloop
  endfacet
  facet normal 0.13663 -0.145776 0.979838
    outer loop
      vertex -3.33777 -0.660569 5.38241
      vertex -3.3605 -0.545426 5.40271
      vertex -4.28445 -0.882354 5.48142
    endloop
  endfacet
  facet normal 0.173022 -0.156121 0.972466
    outer loop
      vertex -4.35617 -0.436398 5.56005
      vertex -4.36949 -0.286405 5.5865
      vertex -5.31338 -0.564946 5.70972
    endloop
  endfacet
  facet normal 0.173433 -0.162016 0.971428
    outer loop
      vertex -5.32964 -0.381994 5.74198
      vertex -4.3775 -0.136045 5.61301
      vertex -5.3394 -0.198595 5.77431
    endloop
  endfacet
  facet normal 0.19139 -0.0897952 0.977398
    outer loop
      vertex -4.88075 -2.15501 5.42935
      vertex -4.95362 -1.98596 5.45915
      vertex -5.75408 -2.57322 5.56194
    endloop
  endfacet
  facet normal 0.18846 -0.0833142 0.978541
    outer loop
      vertex -4.80194 -2.32146 5.4
      vertex -4.88075 -2.15501 5.42935
      vertex -5.75408 -2.57322 5.56194
    endloop
  endfacet
  facet normal 0.174402 -0.0583182 0.982946
    outer loop
      vertex -4.42926 -2.95716 5.2879
      vertex -4.53083 -2.80313 5.31506
      vertex -5.34154 -3.33731 5.42721
    endloop
  endfacet
  facet normal 0.148871 -0.0829395 0.985372
    outer loop
      vertex -4.53083 -2.80313 5.31506
      vertex -3.71459 -2.27137 5.2365
      vertex -4.62687 -2.64571 5.34282
    endloop
  endfacet
  facet normal 0.151895 -0.0880788 0.984464
    outer loop
      vertex -4.62687 -2.64571 5.34282
      vertex -3.86746 -2.01062 5.28247
      vertex -4.71728 -2.48509 5.37114
    endloop
  endfacet
  facet normal 0.124036 -0.109757 0.986189
    outer loop
      vertex -3.86746 -2.01062 5.28247
      vertex -3.01292 -1.53954 5.22742
      vertex -3.93687 -1.87647 5.30613
    endloop
  endfacet
  facet normal 0.154763 -0.0933891 0.983528
    outer loop
      vertex -3.86746 -2.01062 5.28247
      vertex -3.93687 -1.87647 5.30613
      vertex -4.80194 -2.32146 5.4
    endloop
  endfacet
  facet normal 0.116755 -0.0973157 0.988381
    outer loop
      vertex -3.63132 -2.39765 5.21423
      vertex -2.89383 -1.74268 5.1916
      vertex -3.71459 -2.27137 5.2365
    endloop
  endfacet
  facet normal 0.257426 -0.0698375 0.963771
    outer loop
      vertex -6.88128 -2.58951 5.82417
      vertex -6.80989 -2.53226 5.80925
      vertex -6.88347 -2.56253 5.82671
    endloop
  endfacet
  facet normal -0.0622145 -0.011324 0.997999
    outer loop
      vertex 1.82729 -4.95915 4.9349
      vertex 2.00139 -4.89334 4.9465
      vertex 1.64084 -3.98502 4.93433
    endloop
  endfacet
  facet normal -0.0678948 -0.0135841 0.9976
    outer loop
      vertex 2.00139 -4.89334 4.9465
      vertex 2.17305 -4.82158 4.95916
      vertex 1.64084 -3.98502 4.93433
    endloop
  endfacet
  facet normal -0.0945412 0.050842 0.994222
    outer loop
      vertex 2.56188 -5.71692 5.00762
      vertex 2.61498 -6.45377 5.05035
      vertex 2.67489 -6.44992 5.05585
    endloop
  endfacet
  facet normal -0.0945542 0.050841 0.994221
    outer loop
      vertex 2.61498 -6.45377 5.05035
      vertex 2.56188 -5.71692 5.00762
      vertex 2.35951 -5.80152 4.9927
    endloop
  endfacet
  facet normal -0.0867057 0.0539646 0.994771
    outer loop
      vertex 2.35951 -5.80152 4.9927
      vertex 2.36239 -6.46862 5.02914
      vertex 2.43872 -6.46414 5.03555
    endloop
  endfacet
  facet normal -0.086702 0.0539646 0.994772
    outer loop
      vertex 2.36239 -6.46862 5.02914
      vertex 2.35951 -5.80152 4.9927
      vertex 2.15426 -5.87911 4.97902
    endloop
  endfacet
  facet normal -0.0787565 0.0568125 0.995274
    outer loop
      vertex 2.15426 -5.87911 4.97902
      vertex 2.27499 -6.47328 5.02249
      vertex 2.36239 -6.46862 5.02914
    endloop
  endfacet
  facet normal -0.0787747 0.0568087 0.995272
    outer loop
      vertex 2.27499 -6.47328 5.02249
      vertex 2.15426 -5.87911 4.97902
      vertex 1.94638 -5.9496 4.96659
    endloop
  endfacet
  facet normal -0.0867028 0.0539649 0.994772
    outer loop
      vertex 2.43872 -6.46414 5.03555
      vertex 2.61498 -6.45377 5.05035
      vertex 2.35951 -5.80152 4.9927
    endloop
  endfacet
  facet normal -0.0325649 0.0324127 0.998944
    outer loop
      vertex 1.09375 -6.15896 4.92968
      vertex 0.927741 -5.19652 4.89304
      vertex 0.876599 -6.19283 4.9237
    endloop
  endfacet
  facet normal -0.039659 0.0311807 0.998727
    outer loop
      vertex 1.09375 -6.15896 4.92968
      vertex 1.30956 -6.11765 4.93696
      vertex 0.927741 -5.19652 4.89304
    endloop
  endfacet
  facet normal -0.0390974 -0.00436612 0.999226
    outer loop
      vertex 1.1108 -5.16148 4.89922
      vertex 1.2925 -5.12017 4.90651
      vertex 0.910687 -4.20486 4.89557
    endloop
  endfacet
  facet normal -0.0468071 0.0296795 0.998463
    outer loop
      vertex 1.30956 -6.11765 4.93696
      vertex 1.2925 -5.12017 4.90651
      vertex 1.1108 -5.16148 4.89922
    endloop
  endfacet
  facet normal -0.053816 0.0279543 0.99816
    outer loop
      vertex 1.52378 -6.06894 4.94555
      vertex 1.73614 -6.0129 4.95543
      vertex 1.47263 -5.07264 4.91489
    endloop
  endfacet
  facet normal -0.0607897 0.025985 0.997812
    outer loop
      vertex 1.73614 -6.0129 4.95543
      vertex 1.94638 -5.9496 4.96659
      vertex 1.47263 -5.07264 4.91489
    endloop
  endfacet
  facet normal 0.0181118 0.0341543 0.999252
    outer loop
      vertex -0.372684 -5.26364 4.88121
      vertex -0.558458 -5.24763 4.88403
      vertex -0.658385 -6.21922 4.91905
    endloop
  endfacet
  facet normal 0.0181351 0.0341473 0.999252
    outer loop
      vertex -0.43937 -6.23809 4.91572
      vertex -0.372684 -5.26364 4.88121
      vertex -0.658385 -6.21922 4.91905
    endloop
  endfacet
  facet normal 0.0253597 0.0333973 0.99912
    outer loop
      vertex -0.558458 -5.24763 4.88403
      vertex -0.743553 -5.22525 4.88798
      vertex -0.876599 -6.19283 4.9237
    endloop
  endfacet
  facet normal 0.0325649 0.0324127 0.998944
    outer loop
      vertex -0.876599 -6.19283 4.9237
      vertex -0.927741 -5.19652 4.89304
      vertex -1.09375 -6.15896 4.92968
    endloop
  endfacet
  facet normal 0.0676867 0.023778 0.997423
    outer loop
      vertex -1.65097 -5.01894 4.92436
      vertex -1.82729 -4.95915 4.9349
      vertex -2.15426 -5.87911 4.97902
    endloop
  endfacet
  facet normal 0.0787747 0.0568087 0.995272
    outer loop
      vertex -2.15426 -5.87911 4.97902
      vertex -2.27499 -6.47328 5.02249
      vertex -1.94638 -5.9496 4.96659
    endloop
  endfacet
  facet normal 0.0787565 0.0568125 0.995274
    outer loop
      vertex -2.27499 -6.47328 5.02249
      vertex -2.15426 -5.87911 4.97902
      vertex -2.36239 -6.46862 5.02914
    endloop
  endfacet
  facet normal 0.053816 0.0279543 0.99816
    outer loop
      vertex -1.52378 -6.06894 4.94555
      vertex -1.47263 -5.07264 4.91489
      vertex -1.73614 -6.0129 4.95543
    endloop
  endfacet
  facet normal 0.062618 0.0616665 0.996131
    outer loop
      vertex -1.7444 -6.49881 4.98603
      vertex -1.52378 -6.06894 4.94555
      vertex -1.73614 -6.0129 4.95543
    endloop
  endfacet
  facet normal 0.0626323 0.0616591 0.99613
    outer loop
      vertex -1.52378 -6.06894 4.94555
      vertex -1.7444 -6.49881 4.98603
      vertex -1.62907 -6.50368 4.97908
    endloop
  endfacet
  facet normal 0.00360079 0.0349005 0.999384
    outer loop
      vertex 0 -6.2532 4.91306
      vertex -0.186456 -5.27325 4.87951
      vertex -0.219818 -6.24942 4.91372
    endloop
  endfacet
  facet normal 0.0109106 0.0346491 0.99934
    outer loop
      vertex -0.219818 -6.24942 4.91372
      vertex -0.186456 -5.27325 4.87951
      vertex -0.372684 -5.26364 4.88121
    endloop
  endfacet
  facet normal -0.0204721 -0.10754 0.99399
    outer loop
      vertex 0.672654 -2.25433 4.99765
      vertex 0.452835 -1.30482 5.09585
      vertex 0.40392 -1.31954 5.09325
    endloop
  endfacet
  facet normal -0.0180781 -0.106864 0.994109
    outer loop
      vertex 0.590376 -2.27604 4.99382
      vertex 0.672654 -2.25433 4.99765
      vertex 0.40392 -1.31954 5.09325
    endloop
  endfacet
  facet normal -0.00789123 -0.140065 0.990111
    outer loop
      vertex 0.304675 -1.34391 5.08895
      vertex 0.354513 -1.33258 5.09095
      vertex 0.101599 -0.397108 5.22127
    endloop
  endfacet
  facet normal -0.0157346 -0.106288 0.994211
    outer loop
      vertex 0.50738 -2.29491 4.99049
      vertex 0.354513 -1.33258 5.09095
      vertex 0.304675 -1.34391 5.08895
    endloop
  endfacet
  facet normal -0.0109247 -0.105363 0.994374
    outer loop
      vertex 0.339632 -2.32404 4.98536
      vertex 0.254465 -1.35352 5.08726
      vertex 0.203945 -1.3614 5.08587
    endloop
  endfacet
  facet normal -0.0128295 -0.0705165 0.997428
    outer loop
      vertex 0.356687 -3.30397 4.9163
      vertex 0.339632 -2.32404 4.98536
      vertex 0.255087 -2.33426 4.98355
    endloop
  endfacet
  facet normal -0.00242322 -0.0349035 0.999388
    outer loop
      vertex 0.152865 -4.29649 4.87941
      vertex 0.119088 -3.32034 4.91342
      vertex 0 -3.32238 4.91306
    endloop
  endfacet
  facet normal -0.00240689 -0.0349009 0.999388
    outer loop
      vertex 0.152865 -4.29649 4.87941
      vertex 0 -3.32238 4.91306
      vertex 0 -4.29912 4.87895
    endloop
  endfacet
  facet normal -0.00859196 -0.10504 0.994431
    outer loop
      vertex 0.255087 -2.33426 4.98355
      vertex 0.339632 -2.32404 4.98536
      vertex 0.203945 -1.3614 5.08587
    endloop
  endfacet
  facet normal -0.00845168 -0.105033 0.994433
    outer loop
      vertex 0.255087 -2.33426 4.98355
      vertex 0.203945 -1.3614 5.08587
      vertex 0.153176 -1.36754 5.08479
    endloop
  endfacet
  facet normal -0.00172315 -0.139206 0.990262
    outer loop
      vertex 0.0511417 -1.37457 5.08355
      vertex 0.102221 -1.37193 5.08401
      vertex 0.0170536 -0.407331 5.21946
    endloop
  endfacet
  facet normal -0.00315601 -0.139311 0.990244
    outer loop
      vertex 0.102221 -1.37193 5.08401
      vertex 0.153176 -1.36754 5.08479
      vertex 0.0510788 -0.404987 5.21988
    endloop
  endfacet
  facet normal 0.00908579 -0.070129 0.997497
    outer loop
      vertex -0.238032 -3.3142 4.9145
      vertex -0.255087 -2.33426 4.98355
      vertex -0.356687 -3.30397 4.9163
    endloop
  endfacet
  facet normal 0.00545001 -0.0698856 0.99754
    outer loop
      vertex -0.119088 -3.32034 4.91342
      vertex -0.170231 -2.34157 4.98227
      vertex -0.238032 -3.3142 4.9145
    endloop
  endfacet
  facet normal 0.00693889 -0.139846 0.990149
    outer loop
      vertex -0.084856 -0.400313 5.2207
      vertex -0.101599 -0.397108 5.22127
      vertex -0.254465 -1.35352 5.08726
    endloop
  endfacet
  facet normal 0.00845168 -0.105033 0.994433
    outer loop
      vertex -0.153176 -1.36754 5.08479
      vertex -0.203945 -1.3614 5.08587
      vertex -0.255087 -2.33426 4.98355
    endloop
  endfacet
  facet normal 0.0588183 -0.0477196 0.997127
    outer loop
      vertex -1.38792 -3.03185 4.96429
      vertex -1.49587 -2.98228 4.97303
      vertex -1.78157 -3.92619 4.94471
    endloop
  endfacet
  facet normal 0.0475158 -0.0809838 0.995582
    outer loop
      vertex -1.06978 -2.1042 5.02412
      vertex -1.14568 -2.06612 5.03084
      vertex -1.49587 -2.98228 4.97303
    endloop
  endfacet
  facet normal 0.0148564 -0.14244 0.989692
    outer loop
      vertex -0.596034 -1.25068 5.10539
      vertex -0.198758 -0.366018 5.22675
      vertex -0.642391 -1.22939 5.10915
    endloop
  endfacet
  facet normal 0.0408543 -0.0779221 0.996122
    outer loop
      vertex -0.914175 -2.17243 5.01209
      vertex -0.992583 -2.13965 5.01787
      vertex -1.27829 -3.07768 4.95621
    endloop
  endfacet
  facet normal 0.0199178 -0.0716259 0.997233
    outer loop
      vertex -0.423763 -2.31092 4.98767
      vertex -0.50738 -2.29491 4.99049
      vertex -0.592546 -3.27133 4.92206
    endloop
  endfacet
  facet normal 0.0132244 -0.105762 0.994304
    outer loop
      vertex -0.254465 -1.35352 5.08726
      vertex -0.304675 -1.34391 5.08895
      vertex -0.50738 -2.29491 4.99049
    endloop
  endfacet
  facet normal -0.00124742 -0.177366 0.984144
    outer loop
      vertex -0.118218 -0.393329 5.22193
      vertex -0.101599 -0.397108 5.22127
      vertex -0.198758 -0.366018 5.22675
    endloop
  endfacet
  facet normal 0.00789123 -0.140065 0.990111
    outer loop
      vertex -0.304675 -1.34391 5.08895
      vertex -0.101599 -0.397108 5.22127
      vertex -0.354513 -1.33258 5.09095
    endloop
  endfacet
  facet normal 0.0379462 -0.115572 0.992574
    outer loop
      vertex -1.29319 -1.98224 5.04563
      vertex -0.819445 -1.12872 5.1269
      vertex -1.36463 -1.93656 5.05368
    endloop
  endfacet
  facet normal 0.0506279 -0.0826259 0.995294
    outer loop
      vertex -1.602 -2.92903 4.98242
      vertex -1.22018 -2.02545 5.03801
      vertex -1.70617 -2.87216 4.99244
    endloop
  endfacet
  facet normal 0.0631914 -0.0498224 0.996757
    outer loop
      vertex -1.49587 -2.98228 4.97303
      vertex -1.602 -2.92903 4.98242
      vertex -2.05636 -3.7942 4.96798
    endloop
  endfacet
  facet normal 0.0674284 -0.052041 0.996366
    outer loop
      vertex -1.602 -2.92903 4.98242
      vertex -1.70617 -2.87216 4.99244
      vertex -2.05636 -3.7942 4.96798
    endloop
  endfacet
  facet normal 0.107128 0.00566612 0.994229
    outer loop
      vertex -3.14931 -5.42216 5.05959
      vertex -2.67133 -4.57155 5.00324
      vertex -3.33776 -5.31065 5.07926
    endloop
  endfacet
  facet normal 0.113271 0.00189061 0.993562
    outer loop
      vertex -2.83117 -4.47696 5.01992
      vertex -2.98757 -4.37694 5.03756
      vertex -3.33776 -5.31065 5.07926
    endloop
  endfacet
  facet normal 0.030513 -0.0742171 0.996775
    outer loop
      vertex -0.672654 -2.25433 4.99765
      vertex -0.754112 -2.2298 5.00197
      vertex -1.05447 -3.15791 4.94206
    endloop
  endfacet
  facet normal 0.0452883 -0.0423327 0.998077
    outer loop
      vertex -1.05447 -3.15791 4.94206
      vertex -1.16709 -3.11972 4.94879
      vertex -1.4981 -4.03898 4.92482
    endloop
  endfacet
  facet normal 0.0508257 -0.00746277 0.99868
    outer loop
      vertex -1.20734 -4.13202 4.90841
      vertex -1.35355 -4.088 4.91618
      vertex -1.65097 -5.01894 4.92436
    endloop
  endfacet
  facet normal 0.0507892 -0.00744446 0.998682
    outer loop
      vertex -1.47263 -5.07264 4.91489
      vertex -1.20734 -4.13202 4.90841
      vertex -1.65097 -5.01894 4.92436
    endloop
  endfacet
  facet normal 0.113241 0.00190191 0.993566
    outer loop
      vertex -3.33776 -5.31065 5.07926
      vertex -2.98757 -4.37694 5.03756
      vertex -3.52215 -5.19273 5.10005
    endloop
  endfacet
  facet normal 0.0894833 -0.024426 0.995689
    outer loop
      vertex -2.19008 -3.72121 4.98085
      vertex -2.32113 -3.64366 4.99453
      vertex -2.67133 -4.57155 5.00324
    endloop
  endfacet
  facet normal 0.094396 0.0126143 0.995455
    outer loop
      vertex -2.34206 -4.74396 4.97284
      vertex -2.50822 -4.66059 4.98754
      vertex -2.95703 -5.52713 5.04108
    endloop
  endfacet
  facet normal 0.100812 0.00925481 0.994862
    outer loop
      vertex -2.50822 -4.66059 4.98754
      vertex -2.67133 -4.57155 5.00324
      vertex -2.95703 -5.52713 5.04108
    endloop
  endfacet
  facet normal 0.0733714 -0.0159866 0.997177
    outer loop
      vertex -2.17305 -4.82158 4.95916
      vertex -1.78157 -3.92619 4.94471
      vertex -2.34206 -4.74396 4.97284
    endloop
  endfacet
  facet normal 0.067901 -0.013588 0.9976
    outer loop
      vertex -1.64084 -3.98502 4.93433
      vertex -1.78157 -3.92619 4.94471
      vertex -2.17305 -4.82158 4.95916
    endloop
  endfacet
  facet normal -0.194935 0.0250545 0.980496
    outer loop
      vertex 5.57514 -5.72812 5.45483
      vertex 5.72959 -5.57602 5.48165
      vertex 5.21301 -5.04898 5.36548
    endloop
  endfacet
  facet normal -0.201618 0.0182393 0.979294
    outer loop
      vertex 5.72959 -5.57602 5.48165
      vertex 5.87856 -5.4187 5.50939
      vertex 5.21301 -5.04898 5.36548
    endloop
  endfacet
  facet normal 0.207915 -0.173433 0.962648
    outer loop
      vertex -5.34265 -0.0149717 5.80669
      vertex -5.3394 0.168651 5.83907
      vertex -6.29479 0.166222 6.04498
    endloop
  endfacet
  facet normal 0.207654 -0.180579 0.96139
    outer loop
      vertex -5.3394 0.168651 5.83907
      vertex -5.32964 0.35205 5.87141
      vertex -6.28329 0.382438 6.0831
    endloop
  endfacet
  facet normal 0.188459 -0.0833096 0.978541
    outer loop
      vertex -5.66117 -2.76945 5.52734
      vertex -4.80194 -2.32146 5.4
      vertex -5.75408 -2.57322 5.56194
    endloop
  endfacet
  facet normal 0.225888 -0.0830879 0.970603
    outer loop
      vertex -5.83999 -2.37392 5.59708
      vertex -5.91878 -2.17179 5.63272
      vertex -6.80989 -2.53226 5.80925
    endloop
  endfacet
  facet normal 0.162128 -0.109687 0.980655
    outer loop
      vertex -4.06122 -1.60141 5.35463
      vertex -4.11601 -1.46085 5.37941
      vertex -5.02045 -1.81451 5.48938
    endloop
  endfacet
  facet normal 0.162132 -0.10971 0.980651
    outer loop
      vertex -4.95362 -1.98596 5.45915
      vertex -4.06122 -1.60141 5.35463
      vertex -5.02045 -1.81451 5.48938
    endloop
  endfacet
  facet normal 0.23751 -0.123045 0.963561
    outer loop
      vertex -6.20294 -1.12739 5.81688
      vertex -6.95095 -1.33239 5.97508
      vertex -6.16099 -1.33992 5.7794
    endloop
  endfacet
  facet normal 0.237524 -0.123105 0.96355
    outer loop
      vertex -6.95095 -1.33239 5.97508
      vertex -6.20294 -1.12739 5.81688
      vertex -6.95257 -1.29051 5.98083
    endloop
  endfacet
  facet normal 0.204127 -0.130789 0.970168
    outer loop
      vertex -5.2259 -1.1089 5.6138
      vertex -5.26148 -0.928618 5.64559
      vertex -6.20294 -1.12739 5.81688
    endloop
  endfacet
  facet normal 0.134442 -0.136441 0.981483
    outer loop
      vertex -4.21048 -1.1745 5.42991
      vertex -3.28015 -0.888162 5.34228
      vertex -4.25006 -1.02906 5.45555
    endloop
  endfacet
  facet normal 0.166081 -0.121019 0.978658
    outer loop
      vertex -4.16578 -1.31848 5.40452
      vertex -4.21048 -1.1745 5.42991
      vertex -5.13569 -1.46523 5.55097
    endloop
  endfacet
  facet normal 0.235755 -0.114891 0.964997
    outer loop
      vertex -6.93277 -1.76358 5.91751
      vertex -6.11153 -1.55088 5.7422
      vertex -6.16099 -1.33992 5.7794
    endloop
  endfacet
  facet normal 0.235686 -0.114581 0.965051
    outer loop
      vertex -6.11153 -1.55088 5.7422
      vertex -6.93277 -1.76358 5.91751
      vertex -6.93162 -1.78884 5.91423
    endloop
  endfacet
  facet normal 0.202614 -0.123791 0.971403
    outer loop
      vertex -6.11153 -1.55088 5.7422
      vertex -5.2259 -1.1089 5.6138
      vertex -6.16099 -1.33992 5.7794
    endloop
  endfacet
  facet normal 0.101791 -0.265459 0.958734
    outer loop
      vertex -2.45463 2.37252 5.91722
      vertex -3.15083 3.01099 6.16792
      vertex -3.2551 2.90087 6.1485
    endloop
  endfacet
  facet normal 0.127003 -0.287664 0.949273
    outer loop
      vertex -3.2551 2.90087 6.1485
      vertex -3.15083 3.01099 6.16792
      vertex -3.84318 3.63996 6.45115
    endloop
  endfacet
  facet normal 0.152247 -0.353681 0.922893
    outer loop
      vertex -3.87782 4.83772 6.86869
      vertex -4.46166 5.53259 7.2313
      vertex -4.65824 5.37582 7.20365
    endloop
  endfacet
  facet normal 0.152244 -0.353684 0.922892
    outer loop
      vertex -4.04868 4.70147 6.84466
      vertex -3.87782 4.83772 6.86869
      vertex -4.65824 5.37582 7.20365
    endloop
  endfacet
  facet normal 0.158758 -0.348301 0.923841
    outer loop
      vertex -4.21461 4.55942 6.81962
      vertex -4.65824 5.37582 7.20365
      vertex -4.84914 5.21239 7.17484
    endloop
  endfacet
  facet normal 0.15876 -0.3483 0.923841
    outer loop
      vertex -4.21461 4.55942 6.81962
      vertex -4.04868 4.70147 6.84466
      vertex -4.65824 5.37582 7.20365
    endloop
  endfacet
  facet normal 0.151896 -0.253932 0.955221
    outer loop
      vertex -3.86746 2.03962 5.99664
      vertex -3.79333 2.17131 6.01986
      vertex -4.62687 2.61577 6.27056
    endloop
  endfacet
  facet normal 0.148858 -0.259113 0.954307
    outer loop
      vertex -3.79333 2.17131 6.01986
      vertex -3.71459 2.30037 6.04262
      vertex -4.62687 2.61577 6.27056
    endloop
  endfacet
  facet normal 0.0339582 -0.181498 0.982805
    outer loop
      vertex -0.477988 0.173675 5.32191
      vertex -0.474152 0.190042 5.3248
      vertex -1.43338 0.367742 5.39076
    endloop
  endfacet
  facet normal -0.00249147 -0.173318 0.984863
    outer loop
      vertex -0.474152 0.190042 5.3248
      vertex -0.477988 0.173675 5.32191
      vertex -0.481243 0.157186 5.319
    endloop
  endfacet
  facet normal 0.0651263 -0.197865 0.978063
    outer loop
      vertex -1.3587 0.608307 5.43318
      vertex -2.26266 0.956143 5.56374
      vertex -2.29319 0.87783 5.54993
    endloop
  endfacet
  facet normal 0.0641945 -0.200136 0.977663
    outer loop
      vertex -1.3587 0.608307 5.43318
      vertex -1.33872 0.654675 5.44136
      vertex -2.26266 0.956143 5.56374
    endloop
  endfacet
  facet normal 0.0334003 -0.183523 0.982448
    outer loop
      vertex -0.46475 0.222331 5.33049
      vertex -1.39368 0.513652 5.41649
      vertex -1.40864 0.46548 5.408
    endloop
  endfacet
  facet normal 0.0330119 -0.1847 0.98224
    outer loop
      vertex -0.46475 0.222331 5.33049
      vertex -0.459197 0.238214 5.33329
      vertex -1.39368 0.513652 5.41649
    endloop
  endfacet
  facet normal 0.027914 -0.194179 0.980569
    outer loop
      vertex -0.385075 0.369902 5.35651
      vertex -1.15476 0.956183 5.49452
      vertex -1.18554 0.915955 5.48743
    endloop
  endfacet
  facet normal 0.0271882 -0.195097 0.980407
    outer loop
      vertex -0.385075 0.369902 5.35651
      vertex -0.37434 0.382956 5.35881
      vertex -1.12257 0.995331 5.50142
    endloop
  endfacet
  facet normal -0.0177542 -0.203148 0.978987
    outer loop
      vertex 0.258954 0.481736 5.37623
      vertex 0.776546 1.29155 5.55366
      vertex 0.244333 0.490387 5.37776
    endloop
  endfacet
  facet normal -0.000330037 -0.17422 0.984707
    outer loop
      vertex 0.314109 0.442272 5.36927
      vertex 0.287231 0.462953 5.37292
      vertex 0.273259 0.472588 5.37462
    endloop
  endfacet
  facet normal -0.0271584 -0.195131 0.980401
    outer loop
      vertex 1.15476 0.956183 5.49452
      vertex 1.12257 0.995331 5.50142
      vertex 0.385075 0.369902 5.35651
    endloop
  endfacet
  facet normal -0.0256032 -0.196907 0.980088
    outer loop
      vertex 1.08901 1.03335 5.50813
      vertex 1.05412 1.07019 5.51462
      vertex 0.351518 0.407918 5.36321
    endloop
  endfacet
  facet normal -0.013206 -0.240681 0.970514
    outer loop
      vertex 0.304675 1.4793 5.58676
      vertex 0.423763 2.42263 5.82232
      vertex 0.254465 1.48891 5.58846
    endloop
  endfacet
  facet normal -0.00780974 -0.207045 0.9783
    outer loop
      vertex 0.354513 1.46797 5.58476
      vertex 0.304675 1.4793 5.58676
      vertex 0.118218 0.540566 5.3866
    endloop
  endfacet
  facet normal 0.000419187 -0.173455 0.984842
    outer loop
      vertex -0.439211 -0.137344 5.26707
      vertex -0.385075 -0.222664 5.25202
      vertex -0.477988 -0.0264368 5.28662
    endloop
  endfacet
  facet normal 0.0262638 -0.196182 0.980216
    outer loop
      vertex -0.37434 0.382956 5.35881
      vertex -1.08901 1.03335 5.50813
      vertex -1.12257 0.995331 5.50142
    endloop
  endfacet
  facet normal -0.0172288 -0.20345 0.978934
    outer loop
      vertex 0.244333 0.490387 5.37776
      vertex 0.687966 1.34192 5.56254
      vertex 0.229415 0.498531 5.37919
    endloop
  endfacet
  facet normal 0.00124338 -0.167683 0.98584
    outer loop
      vertex 0.134694 0.53622 5.38584
      vertex 0.118218 0.540566 5.3866
      vertex 0.084856 0.54755 5.38783
    endloop
  endfacet
  facet normal -0.0588519 -0.296189 0.953315
    outer loop
      vertex 1.49587 3.05851 6.03818
      vertex 1.78157 3.95519 6.33441
      vertex 1.38792 3.10809 6.04692
    endloop
  endfacet
  facet normal -0.0293913 -0.235543 0.971419
    outer loop
      vertex 1.06978 2.21592 5.78587
      vertex 0.992583 2.25137 5.79213
      vertex 0.596034 1.38607 5.57032
    endloop
  endfacet
  facet normal -0.018038 -0.202967 0.979019
    outer loop
      vertex 0.776546 1.29155 5.55366
      vertex 0.732703 1.31749 5.55823
      vertex 0.244333 0.490387 5.37776
    endloop
  endfacet
  facet normal -0.0168856 -0.203622 0.978904
    outer loop
      vertex 0.732703 1.31749 5.55823
      vertex 0.687966 1.34192 5.56254
      vertex 0.244333 0.490387 5.37776
    endloop
  endfacet
  facet normal -0.0474532 -0.264432 0.963236
    outer loop
      vertex 1.602 3.00526 6.02879
      vertex 1.49587 3.05851 6.03818
      vertex 1.14568 2.17783 5.77916
    endloop
  endfacet
  facet normal -0.0338368 -0.233311 0.971813
    outer loop
      vertex 1.22018 2.13716 5.77199
      vertex 1.14568 2.17783 5.77916
      vertex 0.687966 1.34192 5.56254
    endloop
  endfacet
  facet normal 0.000716489 -0.207912 0.978147
    outer loop
      vertex -0.0170536 0.554568 5.38907
      vertex 0 0.554862 5.38912
      vertex -0.0511417 1.50996 5.59217
    endloop
  endfacet
  facet normal 0.00693545 -0.207226 0.978269
    outer loop
      vertex -0.101599 0.544346 5.38727
      vertex -0.084856 0.54755 5.38783
      vertex -0.304675 1.4793 5.58676
    endloop
  endfacet
  facet normal 0.00780974 -0.207045 0.9783
    outer loop
      vertex -0.118218 0.540566 5.3866
      vertex -0.304675 1.4793 5.58676
      vertex -0.354513 1.46797 5.58476
    endloop
  endfacet
  facet normal 0.0475637 -0.223497 0.973543
    outer loop
      vertex -0.980548 1.14016 5.52696
      vertex -1.63292 1.84185 5.71992
      vertex -1.69522 1.78464 5.70983
    endloop
  endfacet
  facet normal 0.0712723 -0.248008 0.966133
    outer loop
      vertex -1.69522 1.78464 5.70983
      vertex -1.63292 1.84185 5.71992
      vertex -2.2833 2.53546 5.94595
    endloop
  endfacet
  facet normal 0.0148405 -0.204652 0.978722
    outer loop
      vertex -0.214217 0.506157 5.38054
      vertex -0.198758 0.513256 5.38179
      vertex -0.596034 1.38607 5.57032
    endloop
  endfacet
  facet normal 0.0158546 -0.204163 0.978808
    outer loop
      vertex -0.214217 0.506157 5.38054
      vertex -0.642391 1.36478 5.56657
      vertex -0.687966 1.34192 5.56254
    endloop
  endfacet
  facet normal 0.0359035 -0.232132 0.972021
    outer loop
      vertex -0.776546 1.29155 5.55366
      vertex -1.22018 2.13716 5.77199
      vertex -1.29319 2.09396 5.76437
    endloop
  endfacet
  facet normal -0.00674112 -0.163093 0.986588
    outer loop
      vertex -0.244333 0.490387 5.37776
      vertex -0.258954 0.481736 5.37623
      vertex -0.273259 0.472588 5.37462
    endloop
  endfacet
  facet normal 0.0492106 -0.22192 0.973822
    outer loop
      vertex -1.05412 1.07019 5.51462
      vertex -1.01796 1.10581 5.52091
      vertex -1.69522 1.78464 5.70983
    endloop
  endfacet
  facet normal 0.0476671 -0.223388 0.973563
    outer loop
      vertex -1.01796 1.10581 5.52091
      vertex -0.980548 1.14016 5.52696
      vertex -1.69522 1.78464 5.70983
    endloop
  endfacet
  facet normal 0.0127608 -0.182698 0.983086
    outer loop
      vertex -0.385075 0.369902 5.35651
      vertex -0.39534 0.356486 5.35415
      vertex -0.405123 0.342727 5.35172
    endloop
  endfacet
  facet normal 0.0271584 -0.195131 0.980401
    outer loop
      vertex -0.385075 0.369902 5.35651
      vertex -1.12257 0.995331 5.50142
      vertex -1.15476 0.956183 5.49452
    endloop
  endfacet
  facet normal 0.008414 -0.184393 0.982817
    outer loop
      vertex -0.287231 0.462953 5.37292
      vertex -0.300853 0.452844 5.37114
      vertex -0.314109 0.442272 5.36927
    endloop
  endfacet
  facet normal 0.0438993 -0.226627 0.972992
    outer loop
      vertex -0.941945 1.17321 5.53279
      vertex -0.902194 1.20491 5.53838
      vertex -1.56863 1.89688 5.72962
    endloop
  endfacet
  facet normal 0 -0.168217 0.98575
    outer loop
      vertex 0.0340872 0.55369 5.38892
      vertex 0 0.554862 5.38912
      vertex -0.0340872 0.55369 5.38892
    endloop
  endfacet
  facet normal 0.00311928 -0.207776 0.978172
    outer loop
      vertex -0.0340872 0.55369 5.38892
      vertex -0.102221 1.50732 5.5917
      vertex -0.153176 1.50293 5.59093
    endloop
  endfacet
  facet normal 0.0227453 -0.238176 0.970956
    outer loop
      vertex -0.501198 1.42381 5.57698
      vertex -0.452835 1.44021 5.57987
      vertex -0.754112 2.34152 5.80802
    endloop
  endfacet
  facet normal 0.020307 -0.238957 0.970818
    outer loop
      vertex -0.452835 1.44021 5.57987
      vertex -0.40392 1.45493 5.58247
      vertex -0.754112 2.34152 5.80802
    endloop
  endfacet
  facet normal -0.00920732 -0.206699 0.978361
    outer loop
      vertex 0.40392 1.45493 5.58247
      vertex 0.354513 1.46797 5.58476
      vertex 0.134694 0.53622 5.38584
    endloop
  endfacet
  facet normal -0.0101188 -0.206441 0.978407
    outer loop
      vertex 0.452835 1.44021 5.57987
      vertex 0.40392 1.45493 5.58247
      vertex 0.134694 0.53622 5.38584
    endloop
  endfacet
  facet normal -0.000716489 -0.207912 0.978147
    outer loop
      vertex 0.0170536 0.554568 5.38907
      vertex 0.0511417 1.50996 5.59217
      vertex 0 0.554862 5.38912
    endloop
  endfacet
  facet normal -0.00210064 -0.207864 0.978155
    outer loop
      vertex 0.0340872 0.55369 5.38892
      vertex 0.0511417 1.50996 5.59217
      vertex 0.0170536 0.554568 5.38907
    endloop
  endfacet
  facet normal -0.00118499 -0.241917 0.970296
    outer loop
      vertex 0.0511417 1.50996 5.59217
      vertex 0.0851669 2.45768 5.8285
      vertex 0 2.45914 5.82876
    endloop
  endfacet
  facet normal -0.00131691 -0.241924 0.970294
    outer loop
      vertex 0.0511417 1.50996 5.59217
      vertex 0 2.45914 5.82876
      vertex 0 1.51084 5.59232
    endloop
  endfacet
  facet normal 0.165021 0.00576884 0.986273
    outer loop
      vertex -4.84914 -5.39502 5.30446
      vertex -4.37539 -4.51228 5.22003
      vertex -5.03414 -5.22512 5.33442
    endloop
  endfacet
  facet normal 0.188017 0.031623 0.981657
    outer loop
      vertex -5.03414 -5.22512 5.33442
      vertex -5.48942 -5.80965 5.44045
      vertex -4.84914 -5.39502 5.30446
    endloop
  endfacet
  facet normal 0.188051 0.031596 0.981651
    outer loop
      vertex -5.48942 -5.80965 5.44045
      vertex -5.03414 -5.22512 5.33442
      vertex -5.533 -5.76962 5.44751
    endloop
  endfacet
  facet normal -0.241621 -0.180891 0.953361
    outer loop
      vertex 6.97248 0.221008 6.22713
      vertex 6.29479 0.166222 6.04498
      vertex 6.97313 0.160163 6.21575
    endloop
  endfacet
  facet normal -0.241616 -0.180932 0.953355
    outer loop
      vertex 6.29479 0.166222 6.04498
      vertex 6.97248 0.221008 6.22713
      vertex 6.28329 0.382438 6.0831
    endloop
  endfacet
  facet normal -0.241913 -0.172677 0.954809
    outer loop
      vertex 6.29479 0.166222 6.04498
      vertex 6.97334 0.0984364 6.20464
      vertex 6.97313 0.160163 6.21575
    endloop
  endfacet
  facet normal -0.241913 -0.172689 0.954807
    outer loop
      vertex 6.97334 0.0984364 6.20464
      vertex 6.29479 0.166222 6.04498
      vertex 6.29863 -0.0502567 6.0068
    endloop
  endfacet
  facet normal -0.133049 -0.404651 0.904741
    outer loop
      vertex 3.40745 6.21493 7.35368
      vertex 3.40514 6.21522 7.35347
      vertex 3.40223 6.21014 7.35077
    endloop
  endfacet
  facet normal 0.241629 -0.156004 0.957746
    outer loop
      vertex -6.29479 -0.266736 5.96863
      vertex -6.97248 -0.38052 6.12107
      vertex -6.28329 -0.482952 5.93051
    endloop
  endfacet
  facet normal 0.241626 -0.155982 0.957751
    outer loop
      vertex -6.97248 -0.38052 6.12107
      vertex -6.29479 -0.266736 5.96863
      vertex -6.97313 -0.31945 6.13118
    endloop
  endfacet
  facet normal 0.207659 -0.15912 0.965173
    outer loop
      vertex -6.28329 -0.482952 5.93051
      vertex -5.3394 -0.198595 5.77431
      vertex -6.29479 -0.266736 5.96863
    endloop
  endfacet
  facet normal 0.207908 -0.173468 0.962644
    outer loop
      vertex -5.34265 -0.0149717 5.80669
      vertex -6.29479 0.166222 6.04498
      vertex -6.29863 -0.0502567 6.0068
    endloop
  endfacet
  facet normal 0.241913 -0.172677 0.954809
    outer loop
      vertex -6.97334 0.0984364 6.20464
      vertex -6.29479 0.166222 6.04498
      vertex -6.97313 0.160163 6.21575
    endloop
  endfacet
  facet normal 0.241913 -0.172689 0.954807
    outer loop
      vertex -6.29479 0.166222 6.04498
      vertex -6.97334 0.0984364 6.20464
      vertex -6.29863 -0.0502567 6.0068
    endloop
  endfacet
  facet normal 0.238972 -0.131198 0.962122
    outer loop
      vertex -6.95257 -1.29051 5.98083
      vertex -6.20294 -1.12739 5.81688
      vertex -6.95878 -1.09414 6.00915
    endloop
  endfacet
  facet normal -0.0163207 -0.274395 0.961478
    outer loop
      vertex 0.592546 3.34756 6.08915
      vertex 0.474906 3.36591 6.09239
      vertex 0.423763 2.42263 5.82232
    endloop
  endfacet
  facet normal -0.0162778 -0.274398 0.961478
    outer loop
      vertex 0.423763 2.42263 5.82232
      vertex 0.474906 3.36591 6.09239
      vertex 0.339632 2.43575 5.82464
    endloop
  endfacet
  facet normal -0.00244439 -0.309013 0.951055
    outer loop
      vertex 0.119088 3.39657 6.09779
      vertex 0 4.32812 6.40016
      vertex 0 3.39862 6.09815
    endloop
  endfacet
  facet normal -0.00305666 -0.34202 0.939688
    outer loop
      vertex 0.152865 4.32549 6.3997
      vertex 0.186456 5.24331 6.73387
      vertex 0 4.32812 6.40016
    endloop
  endfacet
  facet normal 0.00245461 -0.309015 0.951054
    outer loop
      vertex -0.119088 3.39657 6.09779
      vertex 0 4.32812 6.40016
      vertex -0.152865 4.32549 6.3997
    endloop
  endfacet
  facet normal 0.00244439 -0.309013 0.951055
    outer loop
      vertex 0 3.39862 6.09815
      vertex 0 4.32812 6.40016
      vertex -0.119088 3.39657 6.09779
    endloop
  endfacet
  facet normal -0.00361575 -0.374607 0.927177
    outer loop
      vertex 0.219818 6.1489 7.09988
      vertex 0 6.15268 7.10055
      vertex 0 5.24651 6.73443
    endloop
  endfacet
  facet normal -0.00364431 -0.374601 0.927179
    outer loop
      vertex 0.186456 5.24331 6.73387
      vertex 0.219818 6.1489 7.09988
      vertex 0 5.24651 6.73443
    endloop
  endfacet
  facet normal -0.0538212 -0.367659 0.928402
    outer loop
      vertex 1.47263 5.04269 6.69849
      vertex 1.52378 5.96843 7.06806
      vertex 1.2925 5.09022 6.70687
    endloop
  endfacet
  facet normal -0.0538283 -0.367658 0.928402
    outer loop
      vertex 1.73614 5.91239 7.05818
      vertex 1.52378 5.96843 7.06806
      vertex 1.47263 5.04269 6.69849
    endloop
  endfacet
  facet normal 0.0169808 -0.308011 0.951231
    outer loop
      vertex -0.356687 3.38021 6.09491
      vertex -0.457851 4.30449 6.396
      vertex -0.474906 3.36591 6.09239
    endloop
  endfacet
  facet normal 0.0121439 -0.308512 0.951143
    outer loop
      vertex -0.356687 3.38021 6.09491
      vertex -0.238032 3.39043 6.09671
      vertex -0.457851 4.30449 6.396
    endloop
  endfacet
  facet normal -0.0467665 -0.369392 0.928096
    outer loop
      vertex 1.2925 5.09022 6.70687
      vertex 1.30956 6.01713 7.07665
      vertex 1.1108 5.13154 6.71416
    endloop
  endfacet
  facet normal -0.0169357 -0.30801 0.951232
    outer loop
      vertex 0.474906 3.36591 6.09239
      vertex 0.609601 4.28614 6.39276
      vertex 0.457851 4.30449 6.396
    endloop
  endfacet
  facet normal -0.0271738 -0.272108 0.961883
    outer loop
      vertex 0.672654 2.36604 5.81235
      vertex 0.940568 3.26844 6.0752
      vertex 0.590376 2.38776 5.81617
    endloop
  endfacet
  facet normal -0.0270859 -0.272141 0.961876
    outer loop
      vertex 0.940568 3.26844 6.0752
      vertex 0.82552 3.2988 6.08055
      vertex 0.590376 2.38776 5.81617
    endloop
  endfacet
  facet normal -0.0265275 -0.306522 0.951494
    outer loop
      vertex 0.709465 3.32518 6.0852
      vertex 0.910687 4.23386 6.38354
      vertex 0.592546 3.34756 6.08915
    endloop
  endfacet
  facet normal -0.0390805 -0.337658 0.940457
    outer loop
      vertex 1.05966 4.19999 6.37757
      vertex 1.2925 5.09022 6.70687
      vertex 0.910687 4.23386 6.38354
    endloop
  endfacet
  facet normal -0.0875831 -0.278508 0.956432
    outer loop
      vertex 2.19341 2.61241 5.95952
      vertex 2.81552 3.31892 6.22222
      vertex 2.10085 2.68623 5.97254
    endloop
  endfacet
  facet normal -0.0876388 -0.278449 0.956444
    outer loop
      vertex 2.81552 3.31892 6.22222
      vertex 2.6967 3.41368 6.23892
      vertex 2.10085 2.68623 5.97254
    endloop
  endfacet
  facet normal -0.0739259 -0.245498 0.966574
    outer loop
      vertex 1.75545 1.72532 5.69937
      vertex 2.37041 2.45546 5.93185
      vertex 1.69522 1.78464 5.70983
    endloop
  endfacet
  facet normal -0.051102 -0.220012 0.974158
    outer loop
      vertex 1.08901 1.03335 5.50813
      vertex 1.75545 1.72532 5.69937
      vertex 1.05412 1.07019 5.51462
    endloop
  endfacet
  facet normal -0.0945703 -0.314463 0.944547
    outer loop
      vertex 2.98757 4.347 6.57582
      vertex 2.83117 4.44702 6.59346
      vertex 2.32113 3.67266 6.28459
    endloop
  endfacet
  facet normal -0.104505 -0.307617 0.945754
    outer loop
      vertex 2.6967 3.41368 6.23892
      vertex 3.14033 4.24166 6.55725
      vertex 2.5746 3.50429 6.2549
    endloop
  endfacet
  facet normal -0.0538154 -0.260963 0.963848
    outer loop
      vertex 1.29319 2.09396 5.76437
      vertex 1.80826 2.88798 6.00811
      vertex 1.22018 2.13716 5.77199
    endloop
  endfacet
  facet normal -0.0506958 -0.262734 0.963536
    outer loop
      vertex 1.22018 2.13716 5.77199
      vertex 1.602 3.00526 6.02879
      vertex 1.14568 2.17783 5.77916
    endloop
  endfacet
  facet normal -0.119287 -0.337585 0.933706
    outer loop
      vertex 3.14033 4.24166 6.55725
      vertex 3.70224 4.96803 6.89166
      vertex 2.98757 4.347 6.57582
    endloop
  endfacet
  facet normal -0.0996345 -0.311101 0.94514
    outer loop
      vertex 3.14033 4.24166 6.55725
      vertex 2.98757 4.347 6.57582
      vertex 2.5746 3.50429 6.2549
    endloop
  endfacet
  facet normal -0.0406882 -0.303052 0.952105
    outer loop
      vertex 1.05447 3.23414 6.06915
      vertex 1.35355 4.11699 6.36294
      vertex 0.940568 3.26844 6.0752
    endloop
  endfacet
  facet normal -0.0498792 -0.299923 0.952658
    outer loop
      vertex 1.27829 3.15392 6.05501
      vertex 1.4981 4.06798 6.35429
      vertex 1.16709 3.19595 6.06242
    endloop
  endfacet
  facet normal -0.0440831 -0.266042 0.962953
    outer loop
      vertex 1.06978 2.21592 5.78587
      vertex 1.38792 3.10809 6.04692
      vertex 0.992583 2.25137 5.79213
    endloop
  endfacet
  facet normal -0.0409524 -0.267414 0.962711
    outer loop
      vertex 0.992583 2.25137 5.79213
      vertex 1.38792 3.10809 6.04692
      vertex 0.914175 2.28415 5.7979
    endloop
  endfacet
  facet normal -0.131784 -0.368325 0.92031
    outer loop
      vertex 3.52215 5.09221 6.91356
      vertex 3.84029 5.96107 7.30685
      vertex 3.33776 5.21013 6.93435
    endloop
  endfacet
  facet normal -0.113262 -0.341599 0.932996
    outer loop
      vertex 3.52215 5.09221 6.91356
      vertex 3.33776 5.21013 6.93435
      vertex 2.98757 4.347 6.57582
    endloop
  endfacet
  facet normal -0.107098 -0.345384 0.93233
    outer loop
      vertex 2.83117 4.44702 6.59346
      vertex 3.14931 5.32164 6.95401
      vertex 2.67133 4.54161 6.61014
    endloop
  endfacet
  facet normal -0.089449 -0.317616 0.943991
    outer loop
      vertex 2.83117 4.44702 6.59346
      vertex 2.67133 4.54161 6.61014
      vertex 2.19008 3.7502 6.29826
    endloop
  endfacet
  facet normal -0.0181427 -0.373858 0.927309
    outer loop
      vertex 0.558458 5.21769 6.72935
      vertex 0.658385 6.1187 7.09456
      vertex 0.372684 5.2337 6.73217
    endloop
  endfacet
  facet normal -0.0151551 -0.34139 0.9398
    outer loop
      vertex 0.457851 4.30449 6.396
      vertex 0.558458 5.21769 6.72935
      vertex 0.372684 5.2337 6.73217
    endloop
  endfacet
  facet normal 0.0127198 -0.406429 0.913594
    outer loop
      vertex -0.43937 6.13757 7.09789
      vertex -0.383376 6.40893 7.21783
      vertex -0.459458 6.40801 7.21848
    endloop
  endfacet
  facet normal 0.012634 -0.406456 0.913583
    outer loop
      vertex -0.383376 6.40893 7.21783
      vertex -0.219818 6.1489 7.09988
      vertex -0.229532 6.41079 7.21653
    endloop
  endfacet
  facet normal 0.0126928 -0.406425 0.913596
    outer loop
      vertex -0.219818 6.1489 7.09988
      vertex -0.383376 6.40893 7.21783
      vertex -0.43937 6.13757 7.09789
    endloop
  endfacet
  facet normal -0.0949726 -0.272181 0.957548
    outer loop
      vertex 2.37041 2.45546 5.93185
      vertex 2.9309 3.22014 6.2048
      vertex 2.2833 2.53546 5.94595
    endloop
  endfacet
  facet normal -0.0948999 -0.272232 0.957541
    outer loop
      vertex 3.04272 3.11746 6.18669
      vertex 2.9309 3.22014 6.2048
      vertex 2.37041 2.45546 5.93185
    endloop
  endfacet
  facet normal -0.0856063 -0.231799 0.96899
    outer loop
      vertex 2.02315 1.39976 5.64196
      vertex 2.76064 2.01337 5.8539
      vertex 1.97429 1.46847 5.65408
    endloop
  endfacet
  facet normal -0.0542602 -0.216427 0.97479
    outer loop
      vertex 1.15476 0.956183 5.49452
      vertex 1.86942 1.60066 5.67739
      vertex 1.12257 0.995331 5.50142
    endloop
  endfacet
  facet normal -0.0510058 -0.2201 0.974143
    outer loop
      vertex 1.81354 1.66397 5.68855
      vertex 1.75545 1.72532 5.69937
      vertex 1.08901 1.03335 5.50813
    endloop
  endfacet
  facet normal -0.0262638 -0.196182 0.980216
    outer loop
      vertex 1.12257 0.995331 5.50142
      vertex 1.08901 1.03335 5.50813
      vertex 0.37434 0.382956 5.35881
    endloop
  endfacet
  facet normal -0.0493365 -0.221812 0.97384
    outer loop
      vertex 1.75545 1.72532 5.69937
      vertex 1.69522 1.78464 5.70983
      vertex 1.05412 1.07019 5.51462
    endloop
  endfacet
  facet normal -0.0476671 -0.223388 0.973563
    outer loop
      vertex 1.01796 1.10581 5.52091
      vertex 1.69522 1.78464 5.70983
      vertex 0.980548 1.14016 5.52696
    endloop
  endfacet
  facet normal -0.0419006 -0.228165 0.97272
    outer loop
      vertex 0.902194 1.20491 5.53838
      vertex 1.50244 1.94967 5.73893
      vertex 0.861344 1.23522 5.54373
    endloop
  endfacet
  facet normal -0.0438939 -0.226632 0.972991
    outer loop
      vertex 1.56863 1.89688 5.72962
      vertex 1.50244 1.94967 5.73893
      vertex 0.902194 1.20491 5.53838
    endloop
  endfacet
  facet normal -0.0379615 -0.230866 0.972245
    outer loop
      vertex 1.36463 2.04827 5.75631
      vertex 1.29319 2.09396 5.76437
      vertex 0.776546 1.29155 5.55366
    endloop
  endfacet
  facet normal -0.0569041 -0.259062 0.964183
    outer loop
      vertex 1.36463 2.04827 5.75631
      vertex 1.80826 2.88798 6.00811
      vertex 1.29319 2.09396 5.76437
    endloop
  endfacet
  facet normal -0.249868 -0.281605 0.926425
    outer loop
      vertex 6.82029 3.07025 6.88407
      vertex 6.81101 3.16369 6.90997
      vertex 6.5135 3.03727 6.7913
    endloop
  endfacet
  facet normal -0.245596 -0.290233 0.924904
    outer loop
      vertex 6.81101 3.16369 6.90997
      vertex 6.79849 3.28034 6.94325
      vertex 6.5135 3.03727 6.7913
    endloop
  endfacet
  facet normal -0.0326007 -0.185823 0.982042
    outer loop
      vertex 1.37703 0.56128 5.42489
      vertex 1.3587 0.608307 5.43318
      vertex 0.459197 0.238214 5.33329
    endloop
  endfacet
  facet normal -0.0651439 -0.197808 0.978074
    outer loop
      vertex 1.37703 0.56128 5.42489
      vertex 2.29319 0.87783 5.54993
      vertex 1.3587 0.608307 5.43318
    endloop
  endfacet
  facet normal -0.0316305 -0.188073 0.981646
    outer loop
      vertex 1.33872 0.654675 5.44136
      vertex 1.3171 0.700328 5.44941
      vertex 0.439211 0.284581 5.34147
    endloop
  endfacet
  facet normal -0.0632223 -0.202266 0.977288
    outer loop
      vertex 1.33872 0.654675 5.44136
      vertex 2.19338 1.10939 5.59076
      vertex 1.3171 0.700328 5.44941
    endloop
  endfacet
  facet normal -0.0999597 -0.202857 0.974093
    outer loop
      vertex 2.34583 0.718292 5.5218
      vertex 3.28015 0.964396 5.66893
      vertex 2.32092 0.798513 5.53595
    endloop
  endfacet
  facet normal -0.101 -0.199285 0.974723
    outer loop
      vertex 3.31098 0.851096 5.64896
      vertex 3.28015 0.964396 5.66893
      vertex 2.34583 0.718292 5.5218
    endloop
  endfacet
  facet normal -0.000712161 -0.173783 0.984784
    outer loop
      vertex 0.474152 0.190042 5.3248
      vertex 0.469737 0.206267 5.32766
      vertex 0.459197 0.238214 5.33329
    endloop
  endfacet
  facet normal 0.00249147 -0.173318 0.984863
    outer loop
      vertex 0.481243 0.157186 5.319
      vertex 0.477988 0.173675 5.32191
      vertex 0.474152 0.190042 5.3248
    endloop
  endfacet
  facet normal -0.207659 -0.15912 0.965173
    outer loop
      vertex 6.28329 -0.482952 5.93051
      vertex 6.29479 -0.266736 5.96863
      vertex 5.3394 -0.198595 5.77431
    endloop
  endfacet
  facet normal -0.207652 -0.159093 0.965179
    outer loop
      vertex 6.28329 -0.482952 5.93051
      vertex 5.3394 -0.198595 5.77431
      vertex 5.32964 -0.381994 5.74198
    endloop
  endfacet
  facet normal -0.207654 -0.180579 0.96139
    outer loop
      vertex 5.3394 0.168651 5.83907
      vertex 6.28329 0.382438 6.0831
      vertex 5.32964 0.35205 5.87141
    endloop
  endfacet
  facet normal -0.207663 -0.180544 0.961395
    outer loop
      vertex 6.29479 0.166222 6.04498
      vertex 6.28329 0.382438 6.0831
      vertex 5.3394 0.168651 5.83907
    endloop
  endfacet
  facet normal -0.0914372 -0.122783 0.988212
    outer loop
      vertex 2.95517 -1.64213 5.20933
      vertex 3.01292 -1.53954 5.22742
      vertex 2.15471 -1.07242 5.20605
    endloop
  endfacet
  facet normal -0.0913877 -0.122713 0.988226
    outer loop
      vertex 2.95517 -1.64213 5.20933
      vertex 2.15471 -1.07242 5.20605
      vertex 2.11341 -1.14579 5.19312
    endloop
  endfacet
  facet normal -0.0476121 -0.123 0.991264
    outer loop
      vertex 1.69522 -1.67292 5.10017
      vertex 1.01796 -0.970414 5.15481
      vertex 0.980548 -1.00477 5.14875
    endloop
  endfacet
  facet normal -0.0493399 -0.124643 0.990974
    outer loop
      vertex 1.69522 -1.67292 5.10017
      vertex 1.75545 -1.6136 5.11063
      vertex 1.01796 -0.970414 5.15481
    endloop
  endfacet
  facet normal -0.105051 -0.0820174 0.991079
    outer loop
      vertex 3.3554 -2.75824 5.15065
      vertex 2.61401 -2.12197 5.12472
      vertex 2.53586 -2.2105 5.10911
    endloop
  endfacet
  facet normal -0.118464 -0.045937 0.991895
    outer loop
      vertex 3.57493 -3.92502 5.11724
      vertex 3.71132 -3.79977 5.13933
      vertex 3.04272 -3.08846 5.09242
    endloop
  endfacet
  facet normal -0.0739527 -0.0999302 0.992242
    outer loop
      vertex 2.37041 -2.37922 5.07936
      vertex 2.45463 -2.29628 5.09399
      vertex 1.69522 -1.67292 5.10017
    endloop
  endfacet
  facet normal -0.127006 -0.0543501 0.990412
    outer loop
      vertex 3.84318 -3.66991 5.16223
      vertex 3.97036 -3.53559 5.18591
      vertex 3.2551 -2.87188 5.13061
    endloop
  endfacet
  facet normal -0.125128 -0.0062857 0.992121
    outer loop
      vertex 3.70224 -5.06854 5.12195
      vertex 3.87782 -4.93824 5.14492
      vertex 3.14033 -4.2716 5.05613
    endloop
  endfacet
  facet normal -0.119285 -0.00210532 0.992858
    outer loop
      vertex 3.52215 -5.19273 5.10005
      vertex 3.70224 -5.06854 5.12195
      vertex 3.14033 -4.2716 5.05613
    endloop
  endfacet
  facet normal -0.0733933 -0.0160017 0.997175
    outer loop
      vertex 2.34206 -4.74396 4.97284
      vertex 1.92014 -3.86256 4.95593
      vertex 1.78157 -3.92619 4.94471
    endloop
  endfacet
  facet normal -0.0733714 -0.0159866 0.997177
    outer loop
      vertex 2.17305 -4.82158 4.95916
      vertex 2.34206 -4.74396 4.97284
      vertex 1.78157 -3.92619 4.94471
    endloop
  endfacet
  facet normal -0.0689126 -0.162489 0.984301
    outer loop
      vertex 2.40329 -0.361468 5.33141
      vertex 2.41661 -0.278615 5.34602
      vertex 1.45115 -0.13315 5.30244
    endloop
  endfacet
  facet normal -0.068895 -0.162414 0.984315
    outer loop
      vertex 2.40329 -0.361468 5.33141
      vertex 1.45115 -0.13315 5.30244
      vertex 1.44314 -0.182903 5.29367
    endloop
  endfacet
  facet normal -0.0347664 -0.17051 0.984742
    outer loop
      vertex 1.45738 -0.0831528 5.31126
      vertex 0.487476 0.0400486 5.29835
      vertex 0.48599 0.0233145 5.2954
    endloop
  endfacet
  facet normal -0.0346516 -0.169434 0.984932
    outer loop
      vertex 1.45115 -0.13315 5.30244
      vertex 1.45738 -0.0831528 5.31126
      vertex 0.48599 0.0233145 5.2954
    endloop
  endfacet
  facet normal -0.0336989 -0.164588 0.985787
    outer loop
      vertex 1.40864 -0.330088 5.26772
      vertex 0.474152 -0.0428038 5.28374
      vertex 0.469737 -0.0590296 5.28088
    endloop
  endfacet
  facet normal -0.00779966 -0.171523 0.985149
    outer loop
      vertex 0.474152 -0.0428038 5.28374
      vertex 0.477988 -0.0264368 5.28662
      vertex 0.469737 -0.0590296 5.28088
    endloop
  endfacet
  facet normal -0.0348956 -0.172861 0.984328
    outer loop
      vertex 1.46451 0.0173302 5.32898
      vertex 0.488667 0.0736179 5.30427
      vertex 0.488369 0.0568228 5.30131
    endloop
  endfacet
  facet normal -0.0348606 -0.171871 0.984502
    outer loop
      vertex 1.46451 0.0173302 5.32898
      vertex 0.488369 0.0568228 5.30131
      vertex 0.487476 0.0400486 5.29835
    endloop
  endfacet
  facet normal -0.0597941 -0.208636 0.976164
    outer loop
      vertex 2.11341 1.2575 5.61688
      vertex 2.06954 1.3294 5.62956
      vertex 1.24273 0.832445 5.4727
    endloop
  endfacet
  facet normal -0.0621555 -0.204431 0.976906
    outer loop
      vertex 2.19338 1.10939 5.59076
      vertex 2.15471 1.18413 5.60394
      vertex 1.29388 0.745211 5.45732
    endloop
  endfacet
  facet normal -0.0914219 -0.222643 0.970604
    outer loop
      vertex 2.15471 1.18413 5.60394
      vertex 3.01292 1.61578 5.78379
      vertex 2.11341 1.2575 5.61688
    endloop
  endfacet
  facet normal -0.061003 -0.206566 0.976529
    outer loop
      vertex 2.15471 1.18413 5.60394
      vertex 2.11341 1.2575 5.61688
      vertex 1.29388 0.745211 5.45732
    endloop
  endfacet
  facet normal -0.0299445 -0.191194 0.981095
    outer loop
      vertex 1.26908 0.789268 5.46509
      vertex 1.24273 0.832445 5.4727
      vertex 0.423198 0.31424 5.3467
    endloop
  endfacet
  facet normal -0.0305085 -0.190232 0.981265
    outer loop
      vertex 1.29388 0.745211 5.45732
      vertex 1.26908 0.789268 5.46509
      vertex 0.423198 0.31424 5.3467
    endloop
  endfacet
  facet normal -0.0329926 -0.162324 0.986186
    outer loop
      vertex 1.37703 -0.425888 5.25083
      vertex 0.46475 -0.0750933 5.27805
      vertex 0.459197 -0.0909758 5.27525
    endloop
  endfacet
  facet normal -0.0326808 -0.16148 0.986335
    outer loop
      vertex 1.37703 -0.425888 5.25083
      vertex 0.459197 -0.0909758 5.27525
      vertex 0.453084 -0.106658 5.27248
    endloop
  endfacet
  facet normal -0.0279558 -0.152954 0.987838
    outer loop
      vertex 1.15476 -0.820791 5.18119
      vertex 1.18554 -0.780562 5.18829
      vertex 0.385075 -0.222664 5.25202
    endloop
  endfacet
  facet normal -0.0557989 -0.131976 0.989681
    outer loop
      vertex 1.92303 -1.42375 5.1441
      vertex 1.18554 -0.780562 5.18829
      vertex 1.15476 -0.820791 5.18119
    endloop
  endfacet
  facet normal -0.00125483 -0.173042 0.984914
    outer loop
      vertex 0.39534 -0.209249 5.25439
      vertex 0.405123 -0.195489 5.25682
      vertex 0.385075 -0.222664 5.25202
    endloop
  endfacet
  facet normal -0.0287228 -0.153997 0.987654
    outer loop
      vertex 1.18554 -0.780562 5.18829
      vertex 0.405123 -0.195489 5.25682
      vertex 0.39534 -0.209249 5.25439
    endloop
  endfacet
  facet normal -0.0285259 -0.15374 0.987699
    outer loop
      vertex 1.18554 -0.780562 5.18829
      vertex 1.21488 -0.7393 5.19556
      vertex 0.405123 -0.195489 5.25682
    endloop
  endfacet
  facet normal -0.0292789 -0.154839 0.987506
    outer loop
      vertex 1.21488 -0.7393 5.19556
      vertex 1.24273 -0.697053 5.20301
      vertex 0.405123 -0.195489 5.25682
    endloop
  endfacet
  facet normal -0.0855805 -0.113583 0.989836
    outer loop
      vertex 2.76064 -1.93713 5.15731
      vertex 2.02315 -1.28804 5.16803
      vertex 1.97429 -1.35676 5.15592
    endloop
  endfacet
  facet normal -0.0835379 -0.110815 0.990324
    outer loop
      vertex 2.76064 -1.93713 5.15731
      vertex 1.97429 -1.35676 5.15592
      vertex 1.92303 -1.42375 5.1441
    endloop
  endfacet
  facet normal -0.031155 -0.158044 0.986941
    outer loop
      vertex 1.29388 -0.609818 5.21839
      vertex 1.3171 -0.564937 5.22631
      vertex 0.439211 -0.137344 5.26707
    endloop
  endfacet
  facet normal -0.0622221 -0.142138 0.987889
    outer loop
      vertex 2.15471 -1.07242 5.20605
      vertex 1.3171 -0.564937 5.22631
      vertex 1.29388 -0.609818 5.21839
    endloop
  endfacet
  facet normal -0.0317278 -0.112031 0.993198
    outer loop
      vertex 1.06978 -2.1042 5.02412
      vertex 1.14568 -2.06612 5.03084
      vertex 0.687966 -1.20652 5.11318
    endloop
  endfacet
  facet normal -0.0338136 -0.113124 0.993005
    outer loop
      vertex 1.14568 -2.06612 5.03084
      vertex 1.22018 -2.02545 5.03801
      vertex 0.687966 -1.20652 5.11318
    endloop
  endfacet
  facet normal -0.00182076 -0.0697511 0.997563
    outer loop
      vertex 0.119088 -3.32034 4.91342
      vertex 0 -2.34743 4.98123
      vertex 0 -3.32238 4.91306
    endloop
  endfacet
  facet normal 0 -0.168217 0.98575
    outer loop
      vertex 0 -0.407624 5.21941
      vertex 0.0170536 -0.407331 5.21946
      vertex -0.0170536 -0.407331 5.21946
    endloop
  endfacet
  facet normal 0.000703393 -0.139171 0.990268
    outer loop
      vertex 0 -1.37545 5.08339
      vertex -0.0170536 -0.407331 5.21946
      vertex -0.0511417 -1.37457 5.08355
    endloop
  endfacet
  facet normal 0.00355005 -0.104598 0.994508
    outer loop
      vertex -0.0511417 -1.37457 5.08355
      vertex -0.102221 -1.37193 5.08401
      vertex -0.170231 -2.34157 4.98227
    endloop
  endfacet
  facet normal 0.00172315 -0.139206 0.990262
    outer loop
      vertex -0.0511417 -1.37457 5.08355
      vertex -0.0170536 -0.407331 5.21946
      vertex -0.102221 -1.37193 5.08401
    endloop
  endfacet
  facet normal 0.00211637 -0.13924 0.990256
    outer loop
      vertex -0.0170536 -0.407331 5.21946
      vertex -0.0340872 -0.406452 5.21962
      vertex -0.102221 -1.37193 5.08401
    endloop
  endfacet
  facet normal 0.000576573 -0.168257 0.985743
    outer loop
      vertex -0.0340872 -0.406452 5.21962
      vertex -0.0170536 -0.407331 5.21946
      vertex -0.0510788 -0.404987 5.21988
    endloop
  endfacet
  facet normal -0.000512232 -0.139174 0.990268
    outer loop
      vertex 0.0170536 -0.407331 5.21946
      vertex 0 -0.407624 5.21941
      vertex 0 -1.37545 5.08339
    endloop
  endfacet
  facet normal 0.0190368 -0.144734 0.989287
    outer loop
      vertex -0.776546 -1.15616 5.12206
      vertex -0.258954 -0.334498 5.23231
      vertex -0.819445 -1.12872 5.1269
    endloop
  endfacet
  facet normal 0.0219751 -0.14683 0.988918
    outer loop
      vertex -0.902194 -1.06952 5.13734
      vertex -0.300853 -0.305606 5.2374
      vertex -0.941945 -1.03782 5.14293
    endloop
  endfacet
  facet normal -0.00460624 -0.177189 0.984166
    outer loop
      vertex -0.37434 -0.235718 5.24972
      vertex -0.363151 -0.248395 5.24749
      vertex -0.385075 -0.222664 5.25202
    endloop
  endfacet
  facet normal 0.00191884 -0.171799 0.98513
    outer loop
      vertex -0.363151 -0.248395 5.24749
      vertex -0.339457 -0.272558 5.24323
      vertex -0.385075 -0.222664 5.25202
    endloop
  endfacet
  facet normal 0.034291 -0.167125 0.985339
    outer loop
      vertex -0.477988 -0.0264368 5.28662
      vertex -0.481243 -0.00994778 5.28953
      vertex -1.44314 -0.182903 5.29367
    endloop
  endfacet
  facet normal 0.0345071 -0.16843 0.985109
    outer loop
      vertex -0.481243 -0.00994778 5.28953
      vertex -0.483912 0.00664234 5.29246
      vertex -1.45115 -0.13315 5.30244
    endloop
  endfacet
  facet normal 0.104156 -0.163771 0.980985
    outer loop
      vertex -2.42699 -0.195354 5.3607
      vertex -2.43442 -0.111787 5.37544
      vertex -3.39365 -0.313149 5.44367
    endloop
  endfacet
  facet normal 0.0346516 -0.169434 0.984932
    outer loop
      vertex -1.45115 -0.13315 5.30244
      vertex -0.48599 0.0233145 5.2954
      vertex -1.45738 -0.0831528 5.31126
    endloop
  endfacet
  facet normal -0.0137865 -0.141961 0.989776
    outer loop
      vertex 0.54895 -1.27036 5.10192
      vertex 0.198758 -0.366018 5.22675
      vertex 0.183058 -0.372581 5.22559
    endloop
  endfacet
  facet normal -0.0249962 -0.10908 0.993719
    outer loop
      vertex 0.834652 -2.20249 5.00679
      vertex 0.914175 -2.17243 5.01209
      vertex 0.501198 -1.28841 5.09874
    endloop
  endfacet
  facet normal -0.0111358 -0.14096 0.989953
    outer loop
      vertex 0.501198 -1.28841 5.09874
      vertex 0.167133 -0.378602 5.22453
      vertex 0.151006 -0.38407 5.22357
    endloop
  endfacet
  facet normal -0.0124192 -0.14142 0.989872
    outer loop
      vertex 0.501198 -1.28841 5.09874
      vertex 0.183058 -0.372581 5.22559
      vertex 0.167133 -0.378602 5.22453
    endloop
  endfacet
  facet normal -0.0237938 -0.148401 0.988641
    outer loop
      vertex 0.980548 -1.00477 5.14875
      vertex 0.339457 -0.272558 5.24323
      vertex 0.326982 -0.284015 5.24121
    endloop
  endfacet
  facet normal -0.0219751 -0.14683 0.988918
    outer loop
      vertex 0.902194 -1.06952 5.13734
      vertex 0.941945 -1.03782 5.14293
      vertex 0.300853 -0.305606 5.2374
    endloop
  endfacet
  facet normal -0.0188641 -0.144615 0.989308
    outer loop
      vertex 0.819445 -1.12872 5.1269
      vertex 0.273259 -0.32535 5.23392
      vertex 0.258954 -0.334498 5.23231
    endloop
  endfacet
  facet normal 0.00385651 -0.179176 0.98381
    outer loop
      vertex 0.273259 -0.32535 5.23392
      vertex 0.287231 -0.315715 5.23562
      vertex 0.258954 -0.334498 5.23231
    endloop
  endfacet
  facet normal -0.0526041 -0.128105 0.990365
    outer loop
      vertex 1.81354 -1.55225 5.12144
      vertex 1.12257 -0.859939 5.17429
      vertex 1.08901 -0.897955 5.16759
    endloop
  endfacet
  facet normal -0.0509605 -0.126308 0.990681
    outer loop
      vertex 1.75545 -1.6136 5.11063
      vertex 1.81354 -1.55225 5.12144
      vertex 1.08901 -0.897955 5.16759
    endloop
  endfacet
  facet normal 0.0378747 0.0668489 0.997044
    outer loop
      vertex -0.922072 -6.52562 4.94774
      vertex -0.876599 -6.19283 4.9237
      vertex -1.01274 -6.52332 4.95103
    endloop
  endfacet
  facet normal 0.173499 0.0440624 0.983848
    outer loop
      vertex -5.07353 -6.17291 5.3764
      vertex -4.85993 -6.24945 5.34216
      vertex -4.46166 -5.71522 5.248
    endloop
  endfacet
  facet normal 0.173538 0.0441748 0.983836
    outer loop
      vertex -4.85993 -6.24945 5.34216
      vertex -5.07353 -6.17291 5.3764
      vertex -4.99834 -6.23288 5.36583
    endloop
  endfacet
  facet normal 0.225827 -0.0112012 0.974103
    outer loop
      vertex -6.44388 -4.7377 5.62947
      vertex -5.86289 -4.28624 5.49997
      vertex -6.56916 -4.56149 5.66054
    endloop
  endfacet
  facet normal 0.220168 -0.0035287 0.975456
    outer loop
      vertex -5.86289 -4.28624 5.49997
      vertex -6.39076 -4.80712 5.61723
      vertex -6.31243 -4.90949 5.59918
    endloop
  endfacet
  facet normal 0.220162 -0.00352298 0.975457
    outer loop
      vertex -6.39076 -4.80712 5.61723
      vertex -5.86289 -4.28624 5.49997
      vertex -6.44388 -4.7377 5.62947
    endloop
  endfacet
  facet normal 0.236288 -0.0270592 0.971306
    outer loop
      vertex -6.71384 -4.2562 5.70032
      vertex -6.14575 -3.87326 5.57279
      vertex -6.73713 -4.05862 5.71149
    endloop
  endfacet
  facet normal 0.18259 -0.0121591 0.983114
    outer loop
      vertex -4.68079 -4.20083 5.27495
      vertex -4.82503 -4.03743 5.30376
      vertex -5.38552 -4.86679 5.3976
    endloop
  endfacet
  facet normal 0.176938 -0.00597763 0.984204
    outer loop
      vertex -5.21301 -5.04898 5.36548
      vertex -4.68079 -4.20083 5.27495
      vertex -5.38552 -4.86679 5.3976
    endloop
  endfacet
  facet normal 0.170325 -0.052367 0.983995
    outer loop
      vertex -4.3223 -3.10759 5.26138
      vertex -4.42926 -2.95716 5.2879
      vertex -5.2218 -3.5189 5.39519
    endloop
  endfacet
  facet normal 0.202921 -0.0387181 0.978429
    outer loop
      vertex -6.00798 -4.08218 5.53595
      vertex -5.34154 -3.33731 5.42721
      vertex -6.14575 -3.87326 5.57279
    endloop
  endfacet
  facet normal 0.241118 -0.0353123 0.969853
    outer loop
      vertex -6.76363 -3.82599 5.72561
      vertex -6.27603 -3.65973 5.61044
      vertex -6.39866 -3.44186 5.64886
    endloop
  endfacet
  facet normal 0.241115 -0.0353038 0.969854
    outer loop
      vertex -6.27603 -3.65973 5.61044
      vertex -6.76363 -3.82599 5.72561
      vertex -6.74924 -3.956 5.7173
    endloop
  endfacet
  facet normal 0.215597 -0.0603275 0.974617
    outer loop
      vertex -5.56136 -2.96236 5.49332
      vertex -5.66117 -2.76945 5.52734
      vertex -6.39866 -3.44186 5.64886
    endloop
  endfacet
  facet normal 0.0878604 0.0157537 0.996008
    outer loop
      vertex -2.56188 -5.71692 5.00762
      vertex -2.34206 -4.74396 4.97284
      vertex -2.76114 -5.62542 5.02375
    endloop
  endfacet
  facet normal 0.102234 0.0474739 0.993627
    outer loop
      vertex -2.76114 -5.62542 5.02375
      vertex -3.11041 -6.42063 5.09768
      vertex -2.56188 -5.71692 5.00762
    endloop
  endfacet
  facet normal 0.102433 0.0473847 0.993611
    outer loop
      vertex -3.11041 -6.42063 5.09768
      vertex -2.76114 -5.62542 5.02375
      vertex -3.13577 -6.41886 5.10021
    endloop
  endfacet
  facet normal 0.0629298 -0.0904892 0.993907
    outer loop
      vertex -2.00572 -2.68058 5.02622
      vertex -1.50244 -1.83796 5.07107
      vertex -2.10085 -2.60999 5.03867
    endloop
  endfacet
  facet normal 0.104534 -0.0344256 0.993925
    outer loop
      vertex -2.5746 -3.47529 5.02421
      vertex -2.6967 -3.38468 5.04019
      vertex -3.28926 -4.16108 5.07562
    endloop
  endfacet
  facet normal 0.10176 -0.0784413 0.991712
    outer loop
      vertex -2.45463 -2.29628 5.09399
      vertex -2.53586 -2.2105 5.10911
      vertex -3.15083 -2.98199 5.11119
    endloop
  endfacet
  facet normal 0.101818 -0.0784876 0.991702
    outer loop
      vertex -3.15083 -2.98199 5.11119
      vertex -2.53586 -2.2105 5.10911
      vertex -3.2551 -2.87188 5.13061
    endloop
  endfacet
  facet normal 0.0658151 -0.0927083 0.993516
    outer loop
      vertex -2.10085 -2.60999 5.03867
      vertex -1.56863 -1.78517 5.08038
      vertex -2.19341 -2.53617 5.05169
    endloop
  endfacet
  facet normal 0.091335 -0.0685144 0.99346
    outer loop
      vertex -2.81552 -3.28993 5.0569
      vertex -2.2833 -2.45922 5.06526
      vertex -2.9309 -3.19115 5.07432
    endloop
  endfacet
  facet normal 0.173643 -0.168067 0.970362
    outer loop
      vertex -4.3775 -0.136045 5.61301
      vertex -4.38016 0.0144978 5.63956
      vertex -5.34265 -0.0149717 5.80669
    endloop
  endfacet
  facet normal 0.173441 -0.17997 0.968261
    outer loop
      vertex -4.36949 0.315401 5.69261
      vertex -5.32964 0.35205 5.87141
      vertex -5.3394 0.168651 5.83907
    endloop
  endfacet
  facet normal 0.0692531 -0.181484 0.980952
    outer loop
      vertex -1.45738 0.218545 5.36446
      vertex -1.45115 0.268542 5.37327
      vertex -2.42699 0.307069 5.44929
    endloop
  endfacet
  facet normal 0.0695011 -0.17916 0.981362
    outer loop
      vertex -1.45738 0.218545 5.36446
      vertex -2.42699 0.307069 5.44929
      vertex -2.43442 0.223502 5.43456
    endloop
  endfacet
  facet normal 0.138152 -0.188679 0.972273
    outer loop
      vertex -3.39365 0.389385 5.56754
      vertex -3.37913 0.505809 5.58807
      vertex -4.33754 0.614838 5.74541
    endloop
  endfacet
  facet normal 0.13747 -0.193454 0.971431
    outer loop
      vertex -3.37913 0.505809 5.58807
      vertex -4.31362 0.76355 5.77164
      vertex -4.33754 0.614838 5.74541
    endloop
  endfacet
  facet normal 0.10452 -0.174507 0.979093
    outer loop
      vertex -2.44036 0.0558567 5.405
      vertex -2.43887 0.13973 5.41979
      vertex -3.41026 0.155397 5.52628
    endloop
  endfacet
  facet normal 0.104394 -0.178061 0.978466
    outer loop
      vertex -2.43887 0.13973 5.41979
      vertex -2.43442 0.223502 5.43456
      vertex -3.41026 0.155397 5.52628
    endloop
  endfacet
  facet normal 0.104521 -0.174498 0.979094
    outer loop
      vertex -2.44036 0.0558567 5.405
      vertex -3.41026 0.155397 5.52628
      vertex -3.41234 0.0381174 5.5056
    endloop
  endfacet
  facet normal 0.0696708 -0.169622 0.983043
    outer loop
      vertex -2.43442 -0.111787 5.37544
      vertex -1.46184 -0.0329723 5.32011
      vertex -2.43887 -0.0280151 5.39021
    endloop
  endfacet
  facet normal 0.135628 -0.141135 0.980656
    outer loop
      vertex -4.25006 -1.02906 5.45555
      vertex -3.33777 -0.660569 5.38241
      vertex -4.28445 -0.882354 5.48142
    endloop
  endfacet
  facet normal 0.06739 -0.155453 0.985542
    outer loop
      vertex -1.40864 -0.330088 5.26772
      vertex -1.42188 -0.281432 5.2763
      vertex -2.36787 -0.52555 5.30248
    endloop
  endfacet
  facet normal 0.0339294 -0.165483 0.985629
    outer loop
      vertex -0.474152 -0.0428038 5.28374
      vertex -0.477988 -0.0264368 5.28662
      vertex -1.42188 -0.281432 5.2763
    endloop
  endfacet
  facet normal 0.00779966 -0.171523 0.985149
    outer loop
      vertex -0.474152 -0.0428038 5.28374
      vertex -0.469737 -0.0590296 5.28088
      vertex -0.477988 -0.0264368 5.28662
    endloop
  endfacet
  facet normal 0.10099 -0.146061 0.984107
    outer loop
      vertex -3.28015 -0.888162 5.34228
      vertex -2.36787 -0.52555 5.30248
      vertex -3.31098 -0.77486 5.36226
    endloop
  endfacet
  facet normal 0.0684892 -0.160136 0.984716
    outer loop
      vertex -1.43338 -0.23235 5.28495
      vertex -1.44314 -0.182903 5.29367
      vertex -2.38703 -0.443813 5.31689
    endloop
  endfacet
  facet normal 0.0679578 -0.157695 0.985147
    outer loop
      vertex -1.42188 -0.281432 5.2763
      vertex -1.43338 -0.23235 5.28495
      vertex -2.36787 -0.52555 5.30248
    endloop
  endfacet
  facet normal 0.100998 -0.146083 0.984103
    outer loop
      vertex -2.34583 -0.606578 5.28819
      vertex -2.36787 -0.52555 5.30248
      vertex -3.28015 -0.888162 5.34228
    endloop
  endfacet
  facet normal 0.103766 -0.160137 0.981626
    outer loop
      vertex -2.41661 -0.278615 5.34602
      vertex -2.42699 -0.195354 5.3607
      vertex -3.37913 -0.429573 5.42314
    endloop
  endfacet
  facet normal 0.10377 -0.160156 0.981622
    outer loop
      vertex -3.37913 -0.429573 5.42314
      vertex -2.42699 -0.195354 5.3607
      vertex -3.39365 -0.313149 5.44367
    endloop
  endfacet
  facet normal 0.138656 -0.159981 0.977333
    outer loop
      vertex -3.39365 -0.313149 5.44367
      vertex -3.40403 -0.196299 5.46427
      vertex -4.35617 -0.436398 5.56005
    endloop
  endfacet
  facet normal 0.104529 -0.170822 0.979742
    outer loop
      vertex -3.41026 -0.0791616 5.48493
      vertex -2.43887 -0.0280151 5.39021
      vertex -3.41234 0.0381174 5.5056
    endloop
  endfacet
  facet normal 0.0697571 -0.172036 0.982618
    outer loop
      vertex -2.43887 -0.0280151 5.39021
      vertex -1.46541 0.0676956 5.33786
      vertex -2.44036 0.0558567 5.405
    endloop
  endfacet
  facet normal 0.0349003 -0.174136 0.984103
    outer loop
      vertex -0.488369 0.0904131 5.30723
      vertex -1.46451 0.11806 5.34674
      vertex -1.46541 0.0676956 5.33786
    endloop
  endfacet
  facet normal 0.0348956 -0.172861 0.984328
    outer loop
      vertex -0.488369 0.0568228 5.30131
      vertex -0.488667 0.0736179 5.30427
      vertex -1.46451 0.0173302 5.32898
    endloop
  endfacet
  facet normal 0.00609292 -0.173459 0.984822
    outer loop
      vertex -0.488369 0.0568228 5.30131
      vertex -0.487476 0.0400486 5.29835
      vertex -0.488667 0.0736179 5.30427
    endloop
  endfacet
  facet normal 0.139008 -0.164832 0.976477
    outer loop
      vertex -3.40403 -0.196299 5.46427
      vertex -3.41026 -0.0791616 5.48493
      vertex -4.36949 -0.286405 5.5865
    endloop
  endfacet
  facet normal 0.104406 -0.167356 0.980353
    outer loop
      vertex -3.40403 -0.196299 5.46427
      vertex -2.43887 -0.0280151 5.39021
      vertex -3.41026 -0.0791616 5.48493
    endloop
  endfacet
  facet normal 0.0304481 -0.156736 0.987171
    outer loop
      vertex -1.26908 -0.653875 5.21063
      vertex -0.431467 -0.15231 5.26443
      vertex -1.29388 -0.609818 5.21839
    endloop
  endfacet
  facet normal 0.0632251 -0.144186 0.987529
    outer loop
      vertex -1.3171 -0.564937 5.22631
      vertex -1.33872 -0.519283 5.23436
      vertex -2.19338 -0.997673 5.21923
    endloop
  endfacet
  facet normal 0.0439115 -0.119835 0.991822
    outer loop
      vertex -0.902194 -1.06952 5.13734
      vertex -0.941945 -1.03782 5.14293
      vertex -1.50244 -1.83796 5.07107
    endloop
  endfacet
  facet normal 0.0200742 -0.145418 0.989167
    outer loop
      vertex -0.273259 -0.32535 5.23392
      vertex -0.287231 -0.315715 5.23562
      vertex -0.819445 -1.12872 5.1269
    endloop
  endfacet
  facet normal 0.0757702 -0.0569705 0.995496
    outer loop
      vertex -1.80826 -2.81175 5.0031
      vertex -1.90816 -2.74786 5.01436
      vertex -2.44936 -3.56166 5.00898
    endloop
  endfacet
  facet normal 0.0876102 -0.0654348 0.994003
    outer loop
      vertex -2.6967 -3.38468 5.04019
      vertex -2.10085 -2.60999 5.03867
      vertex -2.81552 -3.28993 5.0569
    endloop
  endfacet
  facet normal 0.0493336 -0.124636 0.990975
    outer loop
      vertex -1.01796 -0.970414 5.15481
      vertex -1.05412 -0.934795 5.16109
      vertex -1.75545 -1.6136 5.11063
    endloop
  endfacet
  facet normal 0.0246734 -0.149234 0.988494
    outer loop
      vertex -1.01796 -0.970414 5.15481
      vertex -0.339457 -0.272558 5.24323
      vertex -1.05412 -0.934795 5.16109
    endloop
  endfacet
  facet normal 0.138693 -0.0680607 0.987994
    outer loop
      vertex -3.45162 -2.64123 5.17128
      vertex -3.54363 -2.52098 5.19248
      vertex -4.21007 -3.25426 5.23552
    endloop
  endfacet
  facet normal 0.138699 -0.0680662 0.987993
    outer loop
      vertex -4.21007 -3.25426 5.23552
      vertex -3.54363 -2.52098 5.19248
      vertex -4.3223 -3.10759 5.26138
    endloop
  endfacet
  facet normal 0.0962385 -0.132482 0.986502
    outer loop
      vertex -3.11733 -1.32872 5.26459
      vertex -2.26266 -0.844429 5.24625
      vertex -3.16387 -1.22075 5.28363
    endloop
  endfacet
  facet normal 0.00158709 -0.173209 0.984884
    outer loop
      vertex -0.453084 -0.106658 5.27248
      vertex -0.44642 -0.12212 5.26975
      vertex -0.46475 -0.0750933 5.27805
    endloop
  endfacet
  facet normal 0.0988562 -0.139204 0.985317
    outer loop
      vertex -3.20655 -1.11124 5.30294
      vertex -2.32092 -0.686798 5.27405
      vertex -3.24533 -1.00033 5.3225
    endloop
  endfacet
  facet normal 0.0659078 -0.150717 0.986378
    outer loop
      vertex -1.37703 -0.425888 5.25083
      vertex -1.39368 -0.37826 5.25922
      vertex -2.29319 -0.766114 5.26006
    endloop
  endfacet
  facet normal 0.137479 -0.150533 0.978999
    outer loop
      vertex -3.3605 -0.545426 5.40271
      vertex -3.37913 -0.429573 5.42314
      vertex -4.33754 -0.585841 5.5337
    endloop
  endfacet
  facet normal 0.103263 -0.156608 0.982248
    outer loop
      vertex -3.3605 -0.545426 5.40271
      vertex -2.41661 -0.278615 5.34602
      vertex -3.37913 -0.429573 5.42314
    endloop
  endfacet
  facet normal 0.173016 -0.156099 0.97247
    outer loop
      vertex -5.31338 -0.564946 5.70972
      vertex -4.36949 -0.286405 5.5865
      vertex -5.32964 -0.381994 5.74198
    endloop
  endfacet
  facet normal 0.207148 -0.152 0.966429
    outer loop
      vertex -5.31338 -0.564946 5.70972
      vertex -5.32964 -0.381994 5.74198
      vertex -6.28329 -0.482952 5.93051
    endloop
  endfacet
  facet normal 0.194131 -0.0964574 0.976222
    outer loop
      vertex -5.83999 -2.37392 5.59708
      vertex -5.02045 -1.81451 5.48938
      vertex -5.91878 -2.17179 5.63272
    endloop
  endfacet
  facet normal 0.194131 -0.0964564 0.976222
    outer loop
      vertex -4.95362 -1.98596 5.45915
      vertex -5.02045 -1.81451 5.48938
      vertex -5.83999 -2.37392 5.59708
    endloop
  endfacet
  facet normal 0.121735 -0.105494 0.986941
    outer loop
      vertex -3.79333 -2.14231 5.25925
      vertex -3.01292 -1.53954 5.22742
      vertex -3.86746 -2.01062 5.28247
    endloop
  endfacet
  facet normal 0.151896 -0.0880799 0.984464
    outer loop
      vertex -3.79333 -2.14231 5.25925
      vertex -3.86746 -2.01062 5.28247
      vertex -4.62687 -2.64571 5.34282
    endloop
  endfacet
  facet normal -0.0943955 0.0126147 0.995455
    outer loop
      vertex 2.76114 -5.62542 5.02375
      vertex 2.95703 -5.52713 5.04108
      vertex 2.34206 -4.74396 4.97284
    endloop
  endfacet
  facet normal -0.109718 0.0438528 0.992995
    outer loop
      vertex 2.95703 -5.52713 5.04108
      vertex 3.13577 -6.41886 5.10021
      vertex 3.15695 -6.41727 5.10248
    endloop
  endfacet
  facet normal -0.109838 0.0438278 0.992983
    outer loop
      vertex 3.13577 -6.41886 5.10021
      vertex 2.95703 -5.52713 5.04108
      vertex 2.76114 -5.62542 5.02375
    endloop
  endfacet
  facet normal -0.0744955 0.0213424 0.996993
    outer loop
      vertex 2.35951 -5.80152 4.9927
      vertex 2.00139 -4.89334 4.9465
      vertex 1.82729 -4.95915 4.9349
    endloop
  endfacet
  facet normal -0.0812859 0.0186405 0.996516
    outer loop
      vertex 2.35951 -5.80152 4.9927
      vertex 2.17305 -4.82158 4.95916
      vertex 2.00139 -4.89334 4.9465
    endloop
  endfacet
  facet normal 0.00426218 0.0697576 0.997555
    outer loop
      vertex 0 -6.53606 4.93284
      vertex 0 -6.2532 4.91306
      vertex -0.0736514 -6.53585 4.93314
    endloop
  endfacet
  facet normal 0.0390974 -0.00436612 0.999226
    outer loop
      vertex -1.1108 -5.16148 4.89922
      vertex -0.910687 -4.20486 4.89557
      vertex -1.2925 -5.12017 4.90651
    endloop
  endfacet
  facet normal 0.0331651 -0.00312433 0.999445
    outer loop
      vertex -0.760607 -4.23359 4.8905
      vertex -0.910687 -4.20486 4.89557
      vertex -1.1108 -5.16148 4.89922
    endloop
  endfacet
  facet normal 0.0324982 0.0324093 0.998946
    outer loop
      vertex -0.876599 -6.19283 4.9237
      vertex -0.743553 -5.22525 4.88798
      vertex -0.927741 -5.19652 4.89304
    endloop
  endfacet
  facet normal 0.0271383 -0.00207354 0.99963
    outer loop
      vertex -0.743553 -5.22525 4.88798
      vertex -0.760607 -4.23359 4.8905
      vertex -0.927741 -5.19652 4.89304
    endloop
  endfacet
  facet normal 0.00300336 -9.07418e-07 0.999995
    outer loop
      vertex 0 -5.27646 4.87895
      vertex -0.152865 -4.29649 4.87941
      vertex -0.186456 -5.27325 4.87951
    endloop
  endfacet
  facet normal 0.00300918 -0 0.999995
    outer loop
      vertex 0 -5.27646 4.87895
      vertex 0 -4.29912 4.87895
      vertex -0.152865 -4.29649 4.87941
    endloop
  endfacet
  facet normal -0.00922789 -0.140396 0.990052
    outer loop
      vertex 0.40392 -1.31954 5.09325
      vertex 0.134694 -0.388982 5.2227
      vertex 0.118218 -0.393329 5.22193
    endloop
  endfacet
  facet normal -3.43892e-05 -0.174292 0.984694
    outer loop
      vertex 0.134694 -0.388982 5.2227
      vertex 0.151006 -0.38407 5.22357
      vertex 0.118218 -0.393329 5.22193
    endloop
  endfacet
  facet normal -0.00904893 -0.140342 0.990062
    outer loop
      vertex 0.354513 -1.33258 5.09095
      vertex 0.40392 -1.31954 5.09325
      vertex 0.118218 -0.393329 5.22193
    endloop
  endfacet
  facet normal -0.0180736 -0.106863 0.994109
    outer loop
      vertex 0.590376 -2.27604 4.99382
      vertex 0.40392 -1.31954 5.09325
      vertex 0.354513 -1.33258 5.09095
    endloop
  endfacet
  facet normal 0.00554058 -0.0698808 0.99754
    outer loop
      vertex -0.119088 -3.32034 4.91342
      vertex -0.0851669 -2.34596 4.98149
      vertex -0.170231 -2.34157 4.98227
    endloop
  endfacet
  facet normal 0.00131278 -0.104529 0.994521
    outer loop
      vertex 0 -2.34743 4.98123
      vertex 0 -1.37545 5.08339
      vertex -0.0511417 -1.37457 5.08355
    endloop
  endfacet
  facet normal 0.016309 -0.0709989 0.997343
    outer loop
      vertex -0.474906 -3.28968 4.91883
      vertex -0.339632 -2.32404 4.98536
      vertex -0.592546 -3.27133 4.92206
    endloop
  endfacet
  facet normal 0.0128221 -0.0705163 0.997428
    outer loop
      vertex -0.356687 -3.30397 4.9163
      vertex -0.339632 -2.32404 4.98536
      vertex -0.474906 -3.28968 4.91883
    endloop
  endfacet
  facet normal 0.00728827 -0.0350678 0.999358
    outer loop
      vertex -0.152865 -4.29649 4.87941
      vertex -0.238032 -3.3142 4.9145
      vertex -0.305545 -4.28861 4.8808
    endloop
  endfacet
  facet normal 0.012172 -0.0354041 0.999299
    outer loop
      vertex -0.305545 -4.28861 4.8808
      vertex -0.238032 -3.3142 4.9145
      vertex -0.457851 -4.27549 4.88312
    endloop
  endfacet
  facet normal 0.00859196 -0.10504 0.994431
    outer loop
      vertex -0.255087 -2.33426 4.98355
      vertex -0.203945 -1.3614 5.08587
      vertex -0.339632 -2.32404 4.98536
    endloop
  endfacet
  facet normal 0.00619409 -0.1048 0.994474
    outer loop
      vertex -0.102221 -1.37193 5.08401
      vertex -0.153176 -1.36754 5.08479
      vertex -0.255087 -2.33426 4.98355
    endloop
  endfacet
  facet normal 0.0132801 -0.105777 0.994301
    outer loop
      vertex -0.423763 -2.31092 4.98767
      vertex -0.254465 -1.35352 5.08726
      vertex -0.50738 -2.29491 4.99049
    endloop
  endfacet
  facet normal 0.0108723 -0.105359 0.994375
    outer loop
      vertex -0.339632 -2.32404 4.98536
      vertex -0.254465 -1.35352 5.08726
      vertex -0.423763 -2.31092 4.98767
    endloop
  endfacet
  facet normal 0.0499384 -0.0440151 0.997782
    outer loop
      vertex -1.16709 -3.11972 4.94879
      vertex -1.27829 -3.07768 4.95621
      vertex -1.64084 -3.98502 4.93433
    endloop
  endfacet
  facet normal 0.0295943 -0.111001 0.99338
    outer loop
      vertex -0.596034 -1.25068 5.10539
      vertex -0.642391 -1.22939 5.10915
      vertex -0.992583 -2.13965 5.01787
    endloop
  endfacet
  facet normal 0.0375252 -0.0765975 0.996356
    outer loop
      vertex -1.16709 -3.11972 4.94879
      vertex -0.914175 -2.17243 5.01209
      vertex -1.27829 -3.07768 4.95621
    endloop
  endfacet
  facet normal 0.0543775 -0.0457813 0.99747
    outer loop
      vertex -1.27829 -3.07768 4.95621
      vertex -1.38792 -3.03185 4.96429
      vertex -1.64084 -3.98502 4.93433
    endloop
  endfacet
  facet normal 0.0441749 -0.0793791 0.995865
    outer loop
      vertex -0.992583 -2.13965 5.01787
      vertex -1.06978 -2.1042 5.02412
      vertex -1.49587 -2.98228 4.97303
    endloop
  endfacet
  facet normal 0.0169938 -0.14351 0.989503
    outer loop
      vertex -0.687966 -1.20652 5.11318
      vertex -0.229415 -0.351294 5.22934
      vertex -0.732703 -1.1821 5.11749
    endloop
  endfacet
  facet normal 0.0234943 -0.0723719 0.997101
    outer loop
      vertex -0.709465 -3.24895 4.92601
      vertex -0.590376 -2.27604 4.99382
      vertex -0.82552 -3.22256 4.93066
    endloop
  endfacet
  facet normal 0.0270789 -0.0732521 0.996946
    outer loop
      vertex -0.590376 -2.27604 4.99382
      vertex -0.672654 -2.25433 4.99765
      vertex -0.82552 -3.22256 4.93066
    endloop
  endfacet
  facet normal 0.00922789 -0.140396 0.990052
    outer loop
      vertex -0.118218 -0.393329 5.22193
      vertex -0.134694 -0.388982 5.2227
      vertex -0.40392 -1.31954 5.09325
    endloop
  endfacet
  facet normal 3.43892e-05 -0.174292 0.984694
    outer loop
      vertex -0.134694 -0.388982 5.2227
      vertex -0.118218 -0.393329 5.22193
      vertex -0.151006 -0.38407 5.22357
    endloop
  endfacet
  facet normal 0.0798183 -0.0596595 0.995023
    outer loop
      vertex -1.90816 -2.74786 5.01436
      vertex -2.00572 -2.68058 5.02622
      vertex -2.44936 -3.56166 5.00898
    endloop
  endfacet
  facet normal 0.0628971 -0.0904699 0.993911
    outer loop
      vertex -1.43441 -1.88844 5.06217
      vertex -1.50244 -1.83796 5.07107
      vertex -2.00572 -2.68058 5.02622
    endloop
  endfacet
  facet normal 0.0757569 -0.0569591 0.995498
    outer loop
      vertex -2.32113 -3.64366 4.99453
      vertex -1.80826 -2.81175 5.0031
      vertex -2.44936 -3.56166 5.00898
    endloop
  endfacet
  facet normal 0.0717482 -0.0544922 0.995933
    outer loop
      vertex -1.70617 -2.87216 4.99244
      vertex -1.80826 -2.81175 5.0031
      vertex -2.32113 -3.64366 4.99453
    endloop
  endfacet
  facet normal 0.0894561 -0.0244157 0.995691
    outer loop
      vertex -2.67133 -4.57155 5.00324
      vertex -2.32113 -3.64366 4.99453
      vertex -2.83117 -4.47696 5.01992
    endloop
  endfacet
  facet normal 0.107113 0.00567965 0.994231
    outer loop
      vertex -2.67133 -4.57155 5.00324
      vertex -2.83117 -4.47696 5.01992
      vertex -3.33776 -5.31065 5.07926
    endloop
  endfacet
  facet normal 0.0812859 0.0186405 0.996516
    outer loop
      vertex -2.00139 -4.89334 4.9465
      vertex -2.17305 -4.82158 4.95916
      vertex -2.35951 -5.80152 4.9927
    endloop
  endfacet
  facet normal 0.0678948 -0.0135841 0.9976
    outer loop
      vertex -2.00139 -4.89334 4.9465
      vertex -1.64084 -3.98502 4.93433
      vertex -2.17305 -4.82158 4.95916
    endloop
  endfacet
  facet normal 0.170484 -0.138385 0.975595
    outer loop
      vertex -5.2259 -1.1089 5.6138
      vertex -4.31362 -0.734553 5.50748
      vertex -5.26148 -0.928618 5.64559
    endloop
  endfacet
  facet normal 0.237512 -0.122993 0.963567
    outer loop
      vertex -6.94302 -1.53824 5.94685
      vertex -6.16099 -1.33992 5.7794
      vertex -6.95095 -1.33239 5.97508
    endloop
  endfacet
  facet normal 0.200857 -0.116863 0.972625
    outer loop
      vertex -5.13569 -1.46523 5.55097
      vertex -5.18395 -1.28784 5.58225
      vertex -6.11153 -1.55088 5.7422
    endloop
  endfacet
  facet normal 0.204127 -0.130799 0.970167
    outer loop
      vertex -6.16099 -1.33992 5.7794
      vertex -5.2259 -1.1089 5.6138
      vertex -6.20294 -1.12739 5.81688
    endloop
  endfacet
  facet normal 0.198863 -0.109982 0.973836
    outer loop
      vertex -5.99035 -1.96707 5.66882
      vertex -5.13569 -1.46523 5.55097
      vertex -6.05463 -1.76002 5.70533
    endloop
  endfacet
  facet normal 0.233728 -0.106849 0.966413
    outer loop
      vertex -6.91898 -2.03045 5.88446
      vertex -6.11153 -1.55088 5.7422
      vertex -6.93162 -1.78884 5.91423
    endloop
  endfacet
  facet normal 0.0320958 -0.187039 0.981828
    outer loop
      vertex -0.453084 0.253896 5.33606
      vertex -1.33872 0.654675 5.44136
      vertex -1.3587 0.608307 5.43318
    endloop
  endfacet
  facet normal 0.0324753 -0.186114 0.981991
    outer loop
      vertex -0.459197 0.238214 5.33329
      vertex -0.453084 0.253896 5.33606
      vertex -1.3587 0.608307 5.43318
    endloop
  endfacet
  facet normal 0.062193 -0.204344 0.976921
    outer loop
      vertex -1.3171 0.700328 5.44941
      vertex -1.29388 0.745211 5.45732
      vertex -2.19338 1.10939 5.59076
    endloop
  endfacet
  facet normal 0.0311333 -0.189077 0.981469
    outer loop
      vertex -0.439211 0.284581 5.34147
      vertex -1.29388 0.745211 5.45732
      vertex -1.3171 0.700328 5.44941
    endloop
  endfacet
  facet normal 0.0305387 -0.190173 0.981275
    outer loop
      vertex -0.431467 0.299548 5.34411
      vertex -0.423198 0.31424 5.3467
      vertex -1.29388 0.745211 5.45732
    endloop
  endfacet
  facet normal 0.00220338 -0.174812 0.984599
    outer loop
      vertex -0.423198 0.31424 5.3467
      vertex -0.431467 0.299548 5.34411
      vertex -0.439211 0.284581 5.34147
    endloop
  endfacet
  facet normal 0 -0.173654 0.984807
    outer loop
      vertex -0.0340872 0.55369 5.38892
      vertex 0.339457 0.419796 5.36531
      vertex 0.0340872 0.55369 5.38892
    endloop
  endfacet
  facet normal 0 -0.173654 0.984807
    outer loop
      vertex 0.339457 0.419796 5.36531
      vertex -0.0340872 0.55369 5.38892
      vertex -0.339457 0.419796 5.36531
    endloop
  endfacet
  facet normal 3.94903e-05 -0.173669 0.984804
    outer loop
      vertex -0.385075 0.369902 5.35651
      vertex -0.459197 0.238214 5.33329
      vertex -0.477988 -0.0264368 5.28662
    endloop
  endfacet
  facet normal -0.0189528 -0.202406 0.979118
    outer loop
      vertex 0.819445 1.26412 5.54882
      vertex 0.776546 1.29155 5.55366
      vertex 0.273259 0.472588 5.37462
    endloop
  endfacet
  facet normal -0.0209207 -0.201061 0.979355
    outer loop
      vertex 0.902194 1.20491 5.53838
      vertex 0.861344 1.23522 5.54373
      vertex 0.287231 0.462953 5.37292
    endloop
  endfacet
  facet normal 0.00128479 -0.17211 0.985077
    outer loop
      vertex 0.339457 0.419796 5.36531
      vertex 0.314109 0.442272 5.36927
      vertex 0.273259 0.472588 5.37462
    endloop
  endfacet
  facet normal -0.0238017 -0.19868 0.979775
    outer loop
      vertex 0.339457 0.419796 5.36531
      vertex 0.980548 1.14016 5.52696
      vertex 0.326982 0.431252 5.36733
    endloop
  endfacet
  facet normal -0.0271882 -0.195097 0.980407
    outer loop
      vertex 0.385075 0.369902 5.35651
      vertex 1.12257 0.995331 5.50142
      vertex 0.37434 0.382956 5.35881
    endloop
  endfacet
  facet normal -0.0133512 -0.185403 0.982572
    outer loop
      vertex 0.37434 0.382956 5.35881
      vertex 0.363151 0.395633 5.36105
      vertex 0.351518 0.407918 5.36321
    endloop
  endfacet
  facet normal -0.00545137 -0.207503 0.978219
    outer loop
      vertex 0.254465 1.48891 5.58846
      vertex 0.203945 1.49679 5.58985
      vertex 0.084856 0.54755 5.38783
    endloop
  endfacet
  facet normal -0.0136723 -0.20516 0.978633
    outer loop
      vertex 0.596034 1.38607 5.57032
      vertex 0.54895 1.40576 5.57379
      vertex 0.183058 0.519819 5.38295
    endloop
  endfacet
  facet normal 0.0287228 -0.153997 0.987654
    outer loop
      vertex -0.39534 -0.209249 5.25439
      vertex -0.405123 -0.195489 5.25682
      vertex -1.18554 -0.780562 5.18829
    endloop
  endfacet
  facet normal 0.00125483 -0.173042 0.984914
    outer loop
      vertex -0.39534 -0.209249 5.25439
      vertex -0.385075 -0.222664 5.25202
      vertex -0.405123 -0.195489 5.25682
    endloop
  endfacet
  facet normal -0.0248713 -0.23742 0.971089
    outer loop
      vertex 0.54895 1.40576 5.57379
      vertex 0.914175 2.28415 5.7979
      vertex 0.501198 1.42381 5.57698
    endloop
  endfacet
  facet normal -0.0273019 -0.236453 0.971259
    outer loop
      vertex 0.596034 1.38607 5.57032
      vertex 0.914175 2.28415 5.7979
      vertex 0.54895 1.40576 5.57379
    endloop
  endfacet
  facet normal -0.000720911 -0.175115 0.984548
    outer loop
      vertex 0.244333 0.490387 5.37776
      vertex 0.183058 0.519819 5.38295
      vertex 0.151006 0.531308 5.38497
    endloop
  endfacet
  facet normal -0.0155775 -0.204314 0.978781
    outer loop
      vertex 0.229415 0.498531 5.37919
      vertex 0.687966 1.34192 5.56254
      vertex 0.214217 0.506157 5.38054
    endloop
  endfacet
  facet normal 0.0359953 -0.232086 0.972029
    outer loop
      vertex -0.776546 1.29155 5.55366
      vertex -0.732703 1.31749 5.55823
      vertex -1.22018 2.13716 5.77199
    endloop
  endfacet
  facet normal 0.0337958 -0.233337 0.971809
    outer loop
      vertex -0.732703 1.31749 5.55823
      vertex -0.687966 1.34192 5.56254
      vertex -1.22018 2.13716 5.77199
    endloop
  endfacet
  facet normal 0.0189528 -0.202406 0.979118
    outer loop
      vertex -0.273259 0.472588 5.37462
      vertex -0.776546 1.29155 5.55366
      vertex -0.819445 1.26412 5.54882
    endloop
  endfacet
  facet normal 0.0199727 -0.201739 0.979236
    outer loop
      vertex -0.287231 0.462953 5.37292
      vertex -0.273259 0.472588 5.37462
      vertex -0.861344 1.23522 5.54373
    endloop
  endfacet
  facet normal 0.00292323 -0.186974 0.98236
    outer loop
      vertex -0.084856 0.54755 5.38783
      vertex -0.101599 0.544346 5.38727
      vertex -0.118218 0.540566 5.3866
    endloop
  endfacet
  facet normal 0.00509745 -0.207546 0.978212
    outer loop
      vertex -0.084856 0.54755 5.38783
      vertex -0.0680084 0.550179 5.3883
      vertex -0.203945 1.49679 5.58985
    endloop
  endfacet
  facet normal 0.00351978 -0.177363 0.984139
    outer loop
      vertex -0.314109 0.442272 5.36927
      vertex -0.326982 0.431252 5.36733
      vertex -0.339457 0.419796 5.36531
    endloop
  endfacet
  facet normal -0.00124338 -0.167683 0.98584
    outer loop
      vertex -0.084856 0.54755 5.38783
      vertex -0.118218 0.540566 5.3866
      vertex -0.134694 0.53622 5.38584
    endloop
  endfacet
  facet normal 0.00938217 -0.206659 0.978368
    outer loop
      vertex -0.134694 0.53622 5.38584
      vertex -0.118218 0.540566 5.3866
      vertex -0.354513 1.46797 5.58476
    endloop
  endfacet
  facet normal 0.0101188 -0.206441 0.978407
    outer loop
      vertex -0.134694 0.53622 5.38584
      vertex -0.40392 1.45493 5.58247
      vertex -0.452835 1.44021 5.57987
    endloop
  endfacet
  facet normal 0.000875235 -0.171584 0.985169
    outer loop
      vertex 0.244333 0.490387 5.37776
      vertex 0.151006 0.531308 5.38497
      vertex 0.134694 0.53622 5.38584
    endloop
  endfacet
  facet normal -7.15545e-05 -0.173781 0.984784
    outer loop
      vertex 0.339457 0.419796 5.36531
      vertex 0.244333 0.490387 5.37776
      vertex 0.134694 0.53622 5.38584
    endloop
  endfacet
  facet normal -0.141971 -0.399638 0.905612
    outer loop
      vertex 3.72266 6.17397 7.38236
      vertex 3.84029 5.96107 7.30685
      vertex 3.96178 6.14112 7.40535
    endloop
  endfacet
  facet normal -0.142013 -0.399655 0.905598
    outer loop
      vertex 3.84029 5.96107 7.30685
      vertex 3.72266 6.17397 7.38236
      vertex 3.62347 6.08937 7.32947
    endloop
  endfacet
  facet normal -0.142085 -0.399584 0.905619
    outer loop
      vertex 3.72266 6.17397 7.38236
      vertex 3.6798 6.17985 7.37823
      vertex 3.62347 6.08937 7.32947
    endloop
  endfacet
  facet normal 0.240153 -0.139477 0.960663
    outer loop
      vertex -6.96159 -0.993695 6.024
      vertex -6.26412 -0.698641 5.89248
      vertex -6.96632 -0.801892 6.05303
    endloop
  endfacet
  facet normal 0.24103 -0.147689 0.959215
    outer loop
      vertex -6.96632 -0.801892 6.05303
      vertex -6.26412 -0.698641 5.89248
      vertex -6.96955 -0.618618 6.08206
    endloop
  endfacet
  facet normal 0.241622 -0.156044 0.957742
    outer loop
      vertex -6.97058 -0.560111 6.09133
      vertex -6.28329 -0.482952 5.93051
      vertex -6.97248 -0.38052 6.12107
    endloop
  endfacet
  facet normal 0.241918 -0.164322 0.956281
    outer loop
      vertex -6.97334 -0.257648 6.14185
      vertex -6.29479 -0.266736 5.96863
      vertex -6.29863 -0.0502567 6.0068
    endloop
  endfacet
  facet normal 0.241921 -0.164279 0.956288
    outer loop
      vertex -6.29479 -0.266736 5.96863
      vertex -6.97334 -0.257648 6.14185
      vertex -6.97313 -0.31945 6.13118
    endloop
  endfacet
  facet normal 0.241929 -0.164363 0.956271
    outer loop
      vertex -6.97334 -0.257648 6.14185
      vertex -6.29863 -0.0502567 6.0068
      vertex -6.97397 -0.0794963 6.17263
    endloop
  endfacet
  facet normal -0.0121439 -0.308512 0.951143
    outer loop
      vertex 0.356687 3.38021 6.09491
      vertex 0.457851 4.30449 6.396
      vertex 0.238032 3.39043 6.09671
    endloop
  endfacet
  facet normal -0.0169808 -0.308011 0.951231
    outer loop
      vertex 0.474906 3.36591 6.09239
      vertex 0.457851 4.30449 6.396
      vertex 0.356687 3.38021 6.09491
    endloop
  endfacet
  facet normal -0.01215 -0.30851 0.951143
    outer loop
      vertex 0.457851 4.30449 6.396
      vertex 0.305545 4.31761 6.39831
      vertex 0.238032 3.39043 6.09671
    endloop
  endfacet
  facet normal -0.00730726 -0.308848 0.951083
    outer loop
      vertex 0.238032 3.39043 6.09671
      vertex 0.152865 4.32549 6.3997
      vertex 0.119088 3.39657 6.09779
    endloop
  endfacet
  facet normal 0.0151544 -0.34139 0.9398
    outer loop
      vertex -0.305545 4.31761 6.39831
      vertex -0.372684 5.2337 6.73217
      vertex -0.457851 4.30449 6.396
    endloop
  endfacet
  facet normal 0.00908585 -0.341808 0.939726
    outer loop
      vertex -0.305545 4.31761 6.39831
      vertex -0.152865 4.32549 6.3997
      vertex -0.372684 5.2337 6.73217
    endloop
  endfacet
  facet normal 0.00549393 -0.275514 0.961281
    outer loop
      vertex -0.0851669 2.45768 5.8285
      vertex -0.119088 3.39657 6.09779
      vertex -0.238032 3.39043 6.09671
    endloop
  endfacet
  facet normal 0.00730726 -0.308848 0.951083
    outer loop
      vertex -0.119088 3.39657 6.09779
      vertex -0.152865 4.32549 6.3997
      vertex -0.238032 3.39043 6.09671
    endloop
  endfacet
  facet normal -0.0565084 -0.33274 0.941324
    outer loop
      vertex 1.82729 4.92921 6.67848
      vertex 1.65097 4.989 6.68903
      vertex 1.4981 4.06798 6.35429
    endloop
  endfacet
  facet normal -0.0452604 -0.301579 0.952366
    outer loop
      vertex 1.4981 4.06798 6.35429
      vertex 1.35355 4.11699 6.36294
      vertex 1.16709 3.19595 6.06242
    endloop
  endfacet
  facet normal -0.031324 -0.305518 0.951671
    outer loop
      vertex 1.05966 4.19999 6.37757
      vertex 0.910687 4.23386 6.38354
      vertex 0.709465 3.32518 6.0852
    endloop
  endfacet
  facet normal -0.0449516 -0.336215 0.940712
    outer loop
      vertex 1.47263 5.04269 6.69849
      vertex 1.2925 5.09022 6.70687
      vertex 1.20734 4.16102 6.3707
    endloop
  endfacet
  facet normal -0.0253216 -0.373114 0.92744
    outer loop
      vertex 0.743553 5.19531 6.7254
      vertex 0.876599 6.09231 7.0899
      vertex 0.558458 5.21769 6.72935
    endloop
  endfacet
  facet normal -0.0325593 -0.372112 0.927617
    outer loop
      vertex 0.927741 5.16658 6.72034
      vertex 0.876599 6.09231 7.0899
      vertex 0.743553 5.19531 6.7254
    endloop
  endfacet
  facet normal -0.0390562 -0.337668 0.940455
    outer loop
      vertex 1.2925 5.09022 6.70687
      vertex 1.1108 5.13154 6.71416
      vertex 0.910687 4.23386 6.38354
    endloop
  endfacet
  facet normal -0.0331297 -0.338908 0.940236
    outer loop
      vertex 1.1108 5.13154 6.71416
      vertex 0.927741 5.16658 6.72034
      vertex 0.910687 4.23386 6.38354
    endloop
  endfacet
  facet normal -0.026515 -0.306527 0.951493
    outer loop
      vertex 0.910687 4.23386 6.38354
      vertex 0.760607 4.26258 6.38861
      vertex 0.592546 3.34756 6.08915
    endloop
  endfacet
  facet normal -0.0271983 -0.339933 0.940056
    outer loop
      vertex 0.927741 5.16658 6.72034
      vertex 0.743553 5.19531 6.7254
      vertex 0.609601 4.28614 6.39276
    endloop
  endfacet
  facet normal -0.0945909 -0.314445 0.944551
    outer loop
      vertex 2.44936 3.59065 6.27013
      vertex 2.98757 4.347 6.57582
      vertex 2.32113 3.67266 6.28459
    endloop
  endfacet
  facet normal -0.0995985 -0.311118 0.945138
    outer loop
      vertex 2.5746 3.50429 6.2549
      vertex 2.98757 4.347 6.57582
      vertex 2.44936 3.59065 6.27013
    endloop
  endfacet
  facet normal -0.0716526 -0.289474 0.9545
    outer loop
      vertex 1.80826 2.88798 6.00811
      vertex 2.19008 3.7502 6.29826
      vertex 1.70617 2.9484 6.01877
    endloop
  endfacet
  facet normal -0.0675169 -0.291825 0.954086
    outer loop
      vertex 1.70617 2.9484 6.01877
      vertex 2.19008 3.7502 6.29826
      vertex 1.602 3.00526 6.02879
    endloop
  endfacet
  facet normal -0.0877032 -0.228738 0.969529
    outer loop
      vertex 2.89383 1.81891 5.81961
      vertex 2.82896 1.91728 5.83695
      vertex 2.02315 1.39976 5.64196
    endloop
  endfacet
  facet normal -0.0541792 -0.216513 0.974775
    outer loop
      vertex 1.92303 1.53547 5.66589
      vertex 1.86942 1.60066 5.67739
      vertex 1.15476 0.956183 5.49452
    endloop
  endfacet
  facet normal -0.0245592 -0.197968 0.979901
    outer loop
      vertex 1.05412 1.07019 5.51462
      vertex 1.01796 1.10581 5.52091
      vertex 0.339457 0.419796 5.36531
    endloop
  endfacet
  facet normal -0.0492106 -0.22192 0.973822
    outer loop
      vertex 1.05412 1.07019 5.51462
      vertex 1.69522 1.78464 5.70983
      vertex 1.01796 1.10581 5.52091
    endloop
  endfacet
  facet normal -0.0686048 -0.250373 0.965716
    outer loop
      vertex 1.63292 1.84185 5.71992
      vertex 2.2833 2.53546 5.94595
      vertex 1.56863 1.89688 5.72962
    endloop
  endfacet
  facet normal -0.0713373 -0.24796 0.96614
    outer loop
      vertex 2.37041 2.45546 5.93185
      vertex 2.2833 2.53546 5.94595
      vertex 1.69522 1.78464 5.70983
    endloop
  endfacet
  facet normal -0.0330119 -0.1847 0.98224
    outer loop
      vertex 0.46475 0.222331 5.33049
      vertex 1.39368 0.513652 5.41649
      vertex 0.459197 0.238214 5.33329
    endloop
  endfacet
  facet normal -0.0329914 -0.184766 0.982229
    outer loop
      vertex 1.39368 0.513652 5.41649
      vertex 1.37703 0.56128 5.42489
      vertex 0.459197 0.238214 5.33329
    endloop
  endfacet
  facet normal -0.0688735 -0.184117 0.980488
    outer loop
      vertex 1.45115 0.268542 5.37327
      vertex 2.40329 0.473184 5.47858
      vertex 1.44314 0.318295 5.38205
    endloop
  endfacet
  facet normal -0.0344495 -0.179059 0.983235
    outer loop
      vertex 1.45115 0.268542 5.37327
      vertex 1.44314 0.318295 5.38205
      vertex 0.483912 0.140594 5.31608
    endloop
  endfacet
  facet normal -0.0339582 -0.181498 0.982805
    outer loop
      vertex 0.477988 0.173675 5.32191
      vertex 1.43338 0.367742 5.39076
      vertex 0.474152 0.190042 5.3248
    endloop
  endfacet
  facet normal -0.0342291 -0.180243 0.983026
    outer loop
      vertex 0.481243 0.157186 5.319
      vertex 1.43338 0.367742 5.39076
      vertex 0.477988 0.173675 5.32191
    endloop
  endfacet
  facet normal -0.207913 -0.166295 0.963908
    outer loop
      vertex 6.29479 -0.266736 5.96863
      vertex 5.34265 -0.0149717 5.80669
      vertex 5.3394 -0.198595 5.77431
    endloop
  endfacet
  facet normal -0.173643 -0.168067 0.970362
    outer loop
      vertex 5.34265 -0.0149717 5.80669
      vertex 4.38016 0.0144978 5.63956
      vertex 4.3775 -0.136045 5.61301
    endloop
  endfacet
  facet normal -0.0984043 -0.0750189 0.992315
    outer loop
      vertex 3.04272 -3.08846 5.09242
      vertex 3.15083 -2.98199 5.11119
      vertex 2.45463 -2.29628 5.09399
    endloop
  endfacet
  facet normal -0.10176 -0.0784413 0.991712
    outer loop
      vertex 3.15083 -2.98199 5.11119
      vertex 2.53586 -2.2105 5.10911
      vertex 2.45463 -2.29628 5.09399
    endloop
  endfacet
  facet normal -0.091335 -0.0685144 0.99346
    outer loop
      vertex 2.81552 -3.28993 5.0569
      vertex 2.9309 -3.19115 5.07432
      vertex 2.2833 -2.45922 5.06526
    endloop
  endfacet
  facet normal -0.0948974 -0.0716733 0.992904
    outer loop
      vertex 2.9309 -3.19115 5.07432
      vertex 3.04272 -3.08846 5.09242
      vertex 2.2833 -2.45922 5.06526
    endloop
  endfacet
  facet normal -0.0712642 -0.0973645 0.992694
    outer loop
      vertex 2.2833 -2.45922 5.06526
      vertex 2.37041 -2.37922 5.07936
      vertex 1.63292 -1.73013 5.09008
    endloop
  endfacet
  facet normal -0.0713131 -0.0974199 0.992685
    outer loop
      vertex 2.37041 -2.37922 5.07936
      vertex 1.69522 -1.67292 5.10017
      vertex 1.63292 -1.73013 5.09008
    endloop
  endfacet
  facet normal -0.0757569 -0.0569591 0.995498
    outer loop
      vertex 2.32113 -3.64366 4.99453
      vertex 2.44936 -3.56166 5.00898
      vertex 1.80826 -2.81175 5.0031
    endloop
  endfacet
  facet normal -0.0841916 -0.0214172 0.996219
    outer loop
      vertex 2.67133 -4.57155 5.00324
      vertex 2.19008 -3.72121 4.98085
      vertex 2.05636 -3.7942 4.96798
    endloop
  endfacet
  facet normal -0.136405 -0.0152833 0.990535
    outer loop
      vertex 4.21461 -4.65994 5.19399
      vertex 3.57493 -3.92502 5.11724
      vertex 3.43419 -4.0455 5.096
    endloop
  endfacet
  facet normal -0.125151 -0.00631185 0.992118
    outer loop
      vertex 3.87782 -4.93824 5.14492
      vertex 3.28926 -4.16108 5.07562
      vertex 3.14033 -4.2716 5.05613
    endloop
  endfacet
  facet normal -0.00731804 -0.172773 0.984934
    outer loop
      vertex 0.483912 0.00664234 5.29246
      vertex 0.48599 0.0233145 5.2954
      vertex 0.481243 -0.00994778 5.28953
    endloop
  endfacet
  facet normal -0.0346412 -0.169369 0.984944
    outer loop
      vertex 1.45115 -0.13315 5.30244
      vertex 0.48599 0.0233145 5.2954
      vertex 0.483912 0.00664234 5.29246
    endloop
  endfacet
  facet normal -0.00314119 -0.13931 0.990244
    outer loop
      vertex 0.102221 -1.37193 5.08401
      vertex 0.0510788 -0.404987 5.21988
      vertex 0.0340872 -0.406452 5.21962
    endloop
  endfacet
  facet normal -0.00211637 -0.13924 0.990256
    outer loop
      vertex 0.102221 -1.37193 5.08401
      vertex 0.0340872 -0.406452 5.21962
      vertex 0.0170536 -0.407331 5.21946
    endloop
  endfacet
  facet normal 0 -0.176372 0.984324
    outer loop
      vertex 0.0510788 -0.404987 5.21988
      vertex -0.0170536 -0.407331 5.21946
      vertex 0.0170536 -0.407331 5.21946
    endloop
  endfacet
  facet normal 0 -0.176372 0.984324
    outer loop
      vertex -0.0170536 -0.407331 5.21946
      vertex 0.0510788 -0.404987 5.21988
      vertex -0.0510788 -0.404987 5.21988
    endloop
  endfacet
  facet normal 0.0208871 -0.146009 0.989063
    outer loop
      vertex -0.287231 -0.315715 5.23562
      vertex -0.300853 -0.305606 5.2374
      vertex -0.861344 -1.09983 5.13199
    endloop
  endfacet
  facet normal 0.0199533 -0.145341 0.98918
    outer loop
      vertex -0.819445 -1.12872 5.1269
      vertex -0.287231 -0.315715 5.23562
      vertex -0.861344 -1.09983 5.13199
    endloop
  endfacet
  facet normal 0.0457313 -0.121331 0.991558
    outer loop
      vertex -1.56863 -1.78517 5.08038
      vertex -0.980548 -1.00477 5.14875
      vertex -1.63292 -1.73013 5.09008
    endloop
  endfacet
  facet normal 0.00122587 -0.172338 0.985037
    outer loop
      vertex -0.326982 -0.284015 5.24121
      vertex -0.300853 -0.305606 5.2374
      vertex -0.339457 -0.272558 5.24323
    endloop
  endfacet
  facet normal 0.0347751 -0.170579 0.98473
    outer loop
      vertex -1.45738 -0.0831528 5.31126
      vertex -0.487476 0.0400486 5.29835
      vertex -1.46184 -0.0329723 5.32011
    endloop
  endfacet
  facet normal 0.0695021 -0.167269 0.983459
    outer loop
      vertex -1.45738 -0.0831528 5.31126
      vertex -1.46184 -0.0329723 5.32011
      vertex -2.42699 -0.195354 5.3607
    endloop
  endfacet
  facet normal -0.00088848 -0.172252 0.985053
    outer loop
      vertex 0.287231 -0.315715 5.23562
      vertex 0.300853 -0.305606 5.2374
      vertex 0.258954 -0.334498 5.23231
    endloop
  endfacet
  facet normal 0.000826362 -0.174664 0.984628
    outer loop
      vertex 0.300853 -0.305606 5.2374
      vertex 0.339457 -0.272558 5.24323
      vertex 0.258954 -0.334498 5.23231
    endloop
  endfacet
  facet normal 0.0118221 -0.187623 0.98217
    outer loop
      vertex 0.314109 -0.295034 5.23926
      vertex 0.326982 -0.284015 5.24121
      vertex 0.300853 -0.305606 5.2374
    endloop
  endfacet
  facet normal -0.00122587 -0.172338 0.985037
    outer loop
      vertex 0.326982 -0.284015 5.24121
      vertex 0.339457 -0.272558 5.24323
      vertex 0.300853 -0.305606 5.2374
    endloop
  endfacet
  facet normal 0.181866 -0.0705606 0.980788
    outer loop
      vertex -4.62687 -2.64571 5.34282
      vertex -4.71728 -2.48509 5.37114
      vertex -5.56136 -2.96236 5.49332
    endloop
  endfacet
  facet normal 0.21162 -0.0529615 0.975916
    outer loop
      vertex -5.45477 -3.15173 5.45993
      vertex -5.56136 -2.96236 5.49332
      vertex -6.39866 -3.44186 5.64886
    endloop
  endfacet
  facet normal 0.198193 -0.0318137 0.979647
    outer loop
      vertex -5.86289 -4.28624 5.49997
      vertex -5.2218 -3.5189 5.39519
      vertex -6.00798 -4.08218 5.53595
    endloop
  endfacet
  facet normal 0.202923 -0.0387206 0.978429
    outer loop
      vertex -5.2218 -3.5189 5.39519
      vertex -5.34154 -3.33731 5.42721
      vertex -6.00798 -4.08218 5.53595
    endloop
  endfacet
  facet normal 0.117318 0.0399079 0.992292
    outer loop
      vertex -3.40223 -6.39277 5.12853
      vertex -2.95703 -5.52713 5.04108
      vertex -3.62347 -6.272 5.14983
    endloop
  endfacet
  facet normal 0.133822 0.0708143 0.988472
    outer loop
      vertex -3.62347 -6.272 5.14983
      vertex -3.40745 -6.39826 5.12963
      vertex -3.40223 -6.39277 5.12853
    endloop
  endfacet
  facet normal 0.133648 0.07051 0.988517
    outer loop
      vertex -3.40745 -6.39826 5.12963
      vertex -3.62347 -6.272 5.14983
      vertex -3.6798 -6.3737 5.1647
    endloop
  endfacet
  facet normal 0.0557737 -0.131947 0.989686
    outer loop
      vertex -1.92303 -1.42375 5.1441
      vertex -1.18554 -0.780562 5.18829
      vertex -1.97429 -1.35676 5.15592
    endloop
  endfacet
  facet normal 0.0509605 -0.126308 0.990681
    outer loop
      vertex -1.75545 -1.6136 5.11063
      vertex -1.08901 -0.897955 5.16759
      vertex -1.81354 -1.55225 5.12144
    endloop
  endfacet
  facet normal 0.0739527 -0.0999302 0.992242
    outer loop
      vertex -2.37041 -2.37922 5.07936
      vertex -1.69522 -1.67292 5.10017
      vertex -2.45463 -2.29628 5.09399
    endloop
  endfacet
  facet normal 0.0713131 -0.0974199 0.992685
    outer loop
      vertex -1.63292 -1.73013 5.09008
      vertex -1.69522 -1.67292 5.10017
      vertex -2.37041 -2.37922 5.07936
    endloop
  endfacet
  facet normal 0.118405 -0.0458992 0.991904
    outer loop
      vertex -2.9309 -3.19115 5.07432
      vertex -3.04272 -3.08846 5.09242
      vertex -3.57493 -3.92502 5.11724
    endloop
  endfacet
  facet normal 0.0948974 -0.0716733 0.992904
    outer loop
      vertex -2.9309 -3.19115 5.07432
      vertex -2.2833 -2.45922 5.06526
      vertex -3.04272 -3.08846 5.09242
    endloop
  endfacet
  facet normal 0.138158 -0.188655 0.972277
    outer loop
      vertex -3.39365 0.389385 5.56754
      vertex -4.33754 0.614838 5.74541
      vertex -4.35617 0.465394 5.71906
    endloop
  endfacet
  facet normal 0.138664 -0.183914 0.973112
    outer loop
      vertex -3.39365 0.389385 5.56754
      vertex -4.35617 0.465394 5.71906
      vertex -4.36949 0.315401 5.69261
    endloop
  endfacet
  facet normal 0.17365 -0.174002 0.969314
    outer loop
      vertex -4.3775 0.165041 5.6661
      vertex -5.3394 0.168651 5.83907
      vertex -5.34265 -0.0149717 5.80669
    endloop
  endfacet
  facet normal 0.173439 -0.179954 0.968264
    outer loop
      vertex -4.3775 0.165041 5.6661
      vertex -4.36949 0.315401 5.69261
      vertex -5.3394 0.168651 5.83907
    endloop
  endfacet
  facet normal 0.0697571 -0.174423 0.982197
    outer loop
      vertex -1.46541 0.0676956 5.33786
      vertex -1.46451 0.11806 5.34674
      vertex -2.44036 0.0558567 5.405
    endloop
  endfacet
  facet normal 0.0697578 -0.174437 0.982194
    outer loop
      vertex -1.46451 0.11806 5.34674
      vertex -2.43887 0.13973 5.41979
      vertex -2.44036 0.0558567 5.405
    endloop
  endfacet
  facet normal 0.0976031 -0.135808 0.985916
    outer loop
      vertex -3.16387 -1.22075 5.28363
      vertex -2.26266 -0.844429 5.24625
      vertex -3.20655 -1.11124 5.30294
    endloop
  endfacet
  facet normal 0.0976027 -0.135807 0.985916
    outer loop
      vertex -2.26266 -0.844429 5.24625
      vertex -2.29319 -0.766114 5.26006
      vertex -3.20655 -1.11124 5.30294
    endloop
  endfacet
  facet normal 0.0667439 -0.153241 0.985932
    outer loop
      vertex -1.39368 -0.37826 5.25922
      vertex -1.40864 -0.330088 5.26772
      vertex -2.34583 -0.606578 5.28819
    endloop
  endfacet
  facet normal 0.0673947 -0.155477 0.985538
    outer loop
      vertex -2.34583 -0.606578 5.28819
      vertex -1.40864 -0.330088 5.26772
      vertex -2.36787 -0.52555 5.30248
    endloop
  endfacet
  facet normal 0.103262 -0.156605 0.982248
    outer loop
      vertex -2.40329 -0.361468 5.33141
      vertex -2.41661 -0.278615 5.34602
      vertex -3.3605 -0.545426 5.40271
    endloop
  endfacet
  facet normal 0.0689126 -0.162489 0.984301
    outer loop
      vertex -2.40329 -0.361468 5.33141
      vertex -1.45115 -0.13315 5.30244
      vertex -2.41661 -0.278615 5.34602
    endloop
  endfacet
  facet normal 0.0695051 -0.167287 0.983455
    outer loop
      vertex -2.42699 -0.195354 5.3607
      vertex -1.46184 -0.0329723 5.32011
      vertex -2.43442 -0.111787 5.37544
    endloop
  endfacet
  facet normal 0.069253 -0.164935 0.98387
    outer loop
      vertex -1.45115 -0.13315 5.30244
      vertex -1.45738 -0.0831528 5.31126
      vertex -2.42699 -0.195354 5.3607
    endloop
  endfacet
  facet normal 0.0146614 -0.142342 0.989709
    outer loop
      vertex -0.198758 -0.366018 5.22675
      vertex -0.214217 -0.358919 5.228
      vertex -0.642391 -1.22939 5.10915
    endloop
  endfacet
  facet normal 0.0179095 -0.14404 0.98941
    outer loop
      vertex -0.732703 -1.1821 5.11749
      vertex -0.258954 -0.334498 5.23231
      vertex -0.776546 -1.15616 5.12206
    endloop
  endfacet
  facet normal 0.0238312 -0.148433 0.988635
    outer loop
      vertex -0.980548 -1.00477 5.14875
      vertex -0.339457 -0.272558 5.24323
      vertex -1.01796 -0.970414 5.15481
    endloop
  endfacet
  facet normal 0.0685978 -0.0950001 0.993111
    outer loop
      vertex -2.19341 -2.53617 5.05169
      vertex -1.63292 -1.73013 5.09008
      vertex -2.2833 -2.45922 5.06526
    endloop
  endfacet
  facet normal 0.0419783 -0.11834 0.992085
    outer loop
      vertex -1.43441 -1.88844 5.06217
      vertex -0.861344 -1.09983 5.13199
      vertex -1.50244 -1.83796 5.07107
    endloop
  endfacet
  facet normal 0.039954 -0.116891 0.992341
    outer loop
      vertex -0.819445 -1.12872 5.1269
      vertex -0.861344 -1.09983 5.13199
      vertex -1.43441 -1.88844 5.06217
    endloop
  endfacet
  facet normal 0.0837854 -0.0624918 0.994522
    outer loop
      vertex -2.00572 -2.68058 5.02622
      vertex -2.10085 -2.60999 5.03867
      vertex -2.5746 -3.47529 5.02421
    endloop
  endfacet
  facet normal 0.0837848 -0.0624914 0.994522
    outer loop
      vertex -2.5746 -3.47529 5.02421
      vertex -2.10085 -2.60999 5.03867
      vertex -2.6967 -3.38468 5.04019
    endloop
  endfacet
  facet normal 0.0255791 -0.150155 0.988332
    outer loop
      vertex -1.05412 -0.934795 5.16109
      vertex -0.363151 -0.248395 5.24749
      vertex -1.08901 -0.897955 5.16759
    endloop
  endfacet
  facet normal 0.0510787 -0.126416 0.990661
    outer loop
      vertex -1.05412 -0.934795 5.16109
      vertex -1.08901 -0.897955 5.16759
      vertex -1.75545 -1.6136 5.11063
    endloop
  endfacet
  facet normal 0.0877067 -0.116679 0.989289
    outer loop
      vertex -2.02315 -1.28804 5.16803
      vertex -2.06954 -1.21769 5.18044
      vertex -2.89383 -1.74268 5.1916
    endloop
  endfacet
  facet normal 0.031126 -0.157992 0.98695
    outer loop
      vertex -0.431467 -0.15231 5.26443
      vertex -0.439211 -0.137344 5.26707
      vertex -1.29388 -0.609818 5.21839
    endloop
  endfacet
  facet normal 0.06513 -0.148612 0.986748
    outer loop
      vertex -2.26266 -0.844429 5.24625
      vertex -1.37703 -0.425888 5.25083
      vertex -2.29319 -0.766114 5.26006
    endloop
  endfacet
  facet normal 0.0291479 -0.154625 0.987543
    outer loop
      vertex -0.405123 -0.195489 5.25682
      vertex -0.414412 -0.181401 5.2593
      vertex -1.24273 -0.697053 5.20301
    endloop
  endfacet
  facet normal 0.102623 -0.153026 0.982879
    outer loop
      vertex -3.33777 -0.660569 5.38241
      vertex -2.38703 -0.443813 5.31689
      vertex -3.3605 -0.545426 5.40271
    endloop
  endfacet
  facet normal 0.101864 -0.14951 0.983499
    outer loop
      vertex -2.36787 -0.52555 5.30248
      vertex -2.38703 -0.443813 5.31689
      vertex -3.33777 -0.660569 5.38241
    endloop
  endfacet
  facet normal 0.219289 -0.0677884 0.973302
    outer loop
      vertex -5.66117 -2.76945 5.52734
      vertex -5.75408 -2.57322 5.56194
      vertex -6.6204 -2.99413 5.72781
    endloop
  endfacet
  facet normal 0.222717 -0.0753701 0.971965
    outer loop
      vertex -5.75408 -2.57322 5.56194
      vertex -5.83999 -2.37392 5.59708
      vertex -6.6204 -2.99413 5.72781
    endloop
  endfacet
  facet normal -0.00554058 -0.0698808 0.99754
    outer loop
      vertex 0.119088 -3.32034 4.91342
      vertex 0.170231 -2.34157 4.98227
      vertex 0.0851669 -2.34596 4.98149
    endloop
  endfacet
  facet normal -0.00184142 -0.0697536 0.997563
    outer loop
      vertex 0.119088 -3.32034 4.91342
      vertex 0.0851669 -2.34596 4.98149
      vertex 0 -2.34743 4.98123
    endloop
  endfacet
  facet normal 0.00371998 -0.104619 0.994505
    outer loop
      vertex -0.0851669 -2.34596 4.98149
      vertex -0.0511417 -1.37457 5.08355
      vertex -0.170231 -2.34157 4.98227
    endloop
  endfacet
  facet normal 0.00123183 -0.104533 0.994521
    outer loop
      vertex 0 -2.34743 4.98123
      vertex -0.0511417 -1.37457 5.08355
      vertex -0.0851669 -2.34596 4.98149
    endloop
  endfacet
  facet normal 0.00420349 -0.139419 0.990224
    outer loop
      vertex -0.153176 -1.36754 5.08479
      vertex -0.0510788 -0.404987 5.21988
      vertex -0.203945 -1.3614 5.08587
    endloop
  endfacet
  facet normal 0.00315601 -0.139311 0.990244
    outer loop
      vertex -0.102221 -1.37193 5.08401
      vertex -0.0510788 -0.404987 5.21988
      vertex -0.153176 -1.36754 5.08479
    endloop
  endfacet
  facet normal 0.0124192 -0.14142 0.989872
    outer loop
      vertex -0.167133 -0.378602 5.22453
      vertex -0.183058 -0.372581 5.22559
      vertex -0.501198 -1.28841 5.09874
    endloop
  endfacet
  facet normal 0.0374574 -0.0765796 0.99636
    outer loop
      vertex -0.834652 -2.20249 5.00679
      vertex -0.914175 -2.17243 5.01209
      vertex -1.16709 -3.11972 4.94879
    endloop
  endfacet
  facet normal 0.0946071 -0.0275704 0.995133
    outer loop
      vertex -2.83117 -4.47696 5.01992
      vertex -2.44936 -3.56166 5.00898
      vertex -2.98757 -4.37694 5.03756
    endloop
  endfacet
  facet normal 0.0945305 -0.0275383 0.995141
    outer loop
      vertex -2.32113 -3.64366 4.99453
      vertex -2.44936 -3.56166 5.00898
      vertex -2.83117 -4.47696 5.01992
    endloop
  endfacet
  facet normal 0.231382 -0.0988275 0.96783
    outer loop
      vertex -6.91833 -2.04282 5.88294
      vertex -5.99035 -1.96707 5.66882
      vertex -6.05463 -1.76002 5.70533
    endloop
  endfacet
  facet normal 0.231362 -0.0984597 0.967873
    outer loop
      vertex -5.99035 -1.96707 5.66882
      vertex -6.91833 -2.04282 5.88294
      vertex -6.91767 -2.05395 5.88165
    endloop
  endfacet
  facet normal 0.233697 -0.106793 0.966427
    outer loop
      vertex -6.91898 -2.03045 5.88446
      vertex -6.05463 -1.76002 5.70533
      vertex -6.11153 -1.55088 5.7422
    endloop
  endfacet
  facet normal 0.233612 -0.106484 0.966482
    outer loop
      vertex -6.05463 -1.76002 5.70533
      vertex -6.91898 -2.03045 5.88446
      vertex -6.91833 -2.04282 5.88294
    endloop
  endfacet
  facet normal 0.0290873 -0.192528 0.98086
    outer loop
      vertex -0.414412 0.328638 5.34923
      vertex -0.405123 0.342727 5.35172
      vertex -1.21488 0.874691 5.48015
    endloop
  endfacet
  facet normal 0.00588051 -0.177792 0.984051
    outer loop
      vertex -0.385075 0.369902 5.35651
      vertex -0.405123 0.342727 5.35172
      vertex -0.414412 0.328638 5.34923
    endloop
  endfacet
  facet normal 0.0284563 -0.193436 0.9807
    outer loop
      vertex -0.405123 0.342727 5.35172
      vertex -0.39534 0.356486 5.35415
      vertex -1.18554 0.915955 5.48743
    endloop
  endfacet
  facet normal 0.0280628 -0.19397 0.980606
    outer loop
      vertex -0.39534 0.356486 5.35415
      vertex -0.385075 0.369902 5.35651
      vertex -1.18554 0.915955 5.48743
    endloop
  endfacet
  facet normal 0.026162 -0.19629 0.980197
    outer loop
      vertex -0.37434 0.382956 5.35881
      vertex -0.363151 0.395633 5.36105
      vertex -1.08901 1.03335 5.50813
    endloop
  endfacet
  facet normal 0.0228664 -0.199514 0.979628
    outer loop
      vertex -0.314109 0.442272 5.36927
      vertex -0.941945 1.17321 5.53279
      vertex -0.980548 1.14016 5.52696
    endloop
  endfacet
  facet normal -0.00045106 -0.16967 0.985501
    outer loop
      vertex -0.0340872 0.55369 5.38892
      vertex -0.0510788 0.552225 5.38866
      vertex -0.0680084 0.550179 5.3883
    endloop
  endfacet
  facet normal 0.00294839 -0.207796 0.978168
    outer loop
      vertex -0.0510788 0.552225 5.38866
      vertex -0.0340872 0.55369 5.38892
      vertex -0.153176 1.50293 5.59093
    endloop
  endfacet
  facet normal -0.0191594 -0.202283 0.97914
    outer loop
      vertex 0.273259 0.472588 5.37462
      vertex 0.776546 1.29155 5.55366
      vertex 0.258954 0.481736 5.37623
    endloop
  endfacet
  facet normal 0.00674112 -0.163093 0.986588
    outer loop
      vertex 0.273259 0.472588 5.37462
      vertex 0.258954 0.481736 5.37623
      vertex 0.244333 0.490387 5.37776
    endloop
  endfacet
  facet normal -0.0201152 -0.201634 0.979254
    outer loop
      vertex 0.861344 1.23522 5.54373
      vertex 0.819445 1.26412 5.54882
      vertex 0.273259 0.472588 5.37462
    endloop
  endfacet
  facet normal -0.0199727 -0.201739 0.979236
    outer loop
      vertex 0.287231 0.462953 5.37292
      vertex 0.861344 1.23522 5.54373
      vertex 0.273259 0.472588 5.37462
    endloop
  endfacet
  facet normal -3.94903e-05 -0.173669 0.984804
    outer loop
      vertex 0.477988 -0.0264368 5.28662
      vertex 0.459197 0.238214 5.33329
      vertex 0.385075 0.369902 5.35651
    endloop
  endfacet
  facet normal 5.05267e-05 -0.173648 0.984808
    outer loop
      vertex 0.477988 -0.0264368 5.28662
      vertex 0.385075 0.369902 5.35651
      vertex 0.339457 0.419796 5.36531
    endloop
  endfacet
  facet normal -0.00294839 -0.207796 0.978168
    outer loop
      vertex 0.0510788 0.552225 5.38866
      vertex 0.153176 1.50293 5.59093
      vertex 0.0340872 0.55369 5.38892
    endloop
  endfacet
  facet normal -0.00429524 -0.207657 0.978192
    outer loop
      vertex 0.0680084 0.550179 5.3883
      vertex 0.153176 1.50293 5.59093
      vertex 0.0510788 0.552225 5.38866
    endloop
  endfacet
  facet normal -0.0109026 -0.241081 0.970444
    outer loop
      vertex 0.254465 1.48891 5.58846
      vertex 0.423763 2.42263 5.82232
      vertex 0.203945 1.49679 5.58985
    endloop
  endfacet
  facet normal -0.00655713 -0.207311 0.978253
    outer loop
      vertex 0.304675 1.4793 5.58676
      vertex 0.254465 1.48891 5.58846
      vertex 0.084856 0.54755 5.38783
    endloop
  endfacet
  facet normal 0.000479821 -0.170944 0.985281
    outer loop
      vertex 0.134694 0.53622 5.38584
      vertex 0.084856 0.54755 5.38783
      vertex 0.0340872 0.55369 5.38892
    endloop
  endfacet
  facet normal -0.000661403 -0.180091 0.98365
    outer loop
      vertex 0.084856 0.54755 5.38783
      vertex 0.0680084 0.550179 5.3883
      vertex 0.0340872 0.55369 5.38892
    endloop
  endfacet
  facet normal 0.0201152 -0.201634 0.979254
    outer loop
      vertex -0.273259 0.472588 5.37462
      vertex -0.819445 1.26412 5.54882
      vertex -0.861344 1.23522 5.54373
    endloop
  endfacet
  facet normal 0.0245592 -0.197968 0.979901
    outer loop
      vertex -0.339457 0.419796 5.36531
      vertex -1.01796 1.10581 5.52091
      vertex -1.05412 1.07019 5.51462
    endloop
  endfacet
  facet normal -0.0113966 -0.206035 0.978478
    outer loop
      vertex 0.501198 1.42381 5.57698
      vertex 0.452835 1.44021 5.57987
      vertex 0.151006 0.531308 5.38497
    endloop
  endfacet
  facet normal -0.00213438 -0.178438 0.983949
    outer loop
      vertex 0.229415 0.498531 5.37919
      vertex 0.214217 0.506157 5.38054
      vertex 0.183058 0.519819 5.38295
    endloop
  endfacet
  facet normal 0.240156 -0.139486 0.96066
    outer loop
      vertex -6.96159 -0.993695 6.024
      vertex -6.23733 -0.913539 5.85458
      vertex -6.26412 -0.698641 5.89248
    endloop
  endfacet
  facet normal 0.240145 -0.139326 0.960687
    outer loop
      vertex -6.23733 -0.913539 5.85458
      vertex -6.96159 -0.993695 6.024
      vertex -6.96032 -1.04522 6.01621
    endloop
  endfacet
  facet normal 0.238973 -0.131184 0.962124
    outer loop
      vertex -6.23733 -0.913539 5.85458
      vertex -6.95878 -1.09414 6.00915
      vertex -6.20294 -1.12739 5.81688
    endloop
  endfacet
  facet normal 0.239003 -0.131323 0.962098
    outer loop
      vertex -6.95878 -1.09414 6.00915
      vertex -6.23733 -0.913539 5.85458
      vertex -6.96032 -1.04522 6.01621
    endloop
  endfacet
  facet normal -0.00728122 -0.308846 0.951084
    outer loop
      vertex 0.238032 3.39043 6.09671
      vertex 0.305545 4.31761 6.39831
      vertex 0.152865 4.32549 6.3997
    endloop
  endfacet
  facet normal -0.00908585 -0.341808 0.939726
    outer loop
      vertex 0.305545 4.31761 6.39831
      vertex 0.372684 5.2337 6.73217
      vertex 0.152865 4.32549 6.3997
    endloop
  endfacet
  facet normal -0.0407244 -0.303036 0.952109
    outer loop
      vertex 1.35355 4.11699 6.36294
      vertex 1.20734 4.16102 6.3707
      vertex 0.940568 3.26844 6.0752
    endloop
  endfacet
  facet normal -0.0508074 -0.334561 0.941003
    outer loop
      vertex 1.35355 4.11699 6.36294
      vertex 1.47263 5.04269 6.69849
      vertex 1.20734 4.16102 6.3707
    endloop
  endfacet
  facet normal -0.0449593 -0.336214 0.940712
    outer loop
      vertex 1.20734 4.16102 6.3707
      vertex 1.2925 5.09022 6.70687
      vertex 1.05966 4.19999 6.37757
    endloop
  endfacet
  facet normal -0.0360343 -0.304361 0.951875
    outer loop
      vertex 1.20734 4.16102 6.3707
      vertex 1.05966 4.19999 6.37757
      vertex 0.940568 3.26844 6.0752
    endloop
  endfacet
  facet normal -0.0218066 -0.307344 0.951349
    outer loop
      vertex 0.760607 4.26258 6.38861
      vertex 0.609601 4.28614 6.39276
      vertex 0.592546 3.34756 6.08915
    endloop
  endfacet
  facet normal -0.0217394 -0.307346 0.95135
    outer loop
      vertex 0.592546 3.34756 6.08915
      vertex 0.609601 4.28614 6.39276
      vertex 0.474906 3.36591 6.09239
    endloop
  endfacet
  facet normal -0.0599919 -0.25702 0.964542
    outer loop
      vertex 2.00572 2.75682 5.98499
      vertex 1.90816 2.8241 5.99685
      vertex 1.36463 2.04827 5.75631
    endloop
  endfacet
  facet normal -0.0569602 -0.259034 0.964187
    outer loop
      vertex 1.90816 2.8241 5.99685
      vertex 1.80826 2.88798 6.00811
      vertex 1.36463 2.04827 5.75631
    endloop
  endfacet
  facet normal -0.0631835 -0.294099 0.953684
    outer loop
      vertex 1.602 3.00526 6.02879
      vertex 2.05636 3.8232 6.31113
      vertex 1.49587 3.05851 6.03818
    endloop
  endfacet
  facet normal -0.0674946 -0.291841 0.954082
    outer loop
      vertex 2.19008 3.7502 6.29826
      vertex 2.05636 3.8232 6.31113
      vertex 1.602 3.00526 6.02879
    endloop
  endfacet
  facet normal -0.0894556 -0.317611 0.943992
    outer loop
      vertex 2.32113 3.67266 6.28459
      vertex 2.83117 4.44702 6.59346
      vertex 2.19008 3.7502 6.29826
    endloop
  endfacet
  facet normal -0.0716993 -0.289454 0.954503
    outer loop
      vertex 2.32113 3.67266 6.28459
      vertex 2.19008 3.7502 6.29826
      vertex 1.80826 2.88798 6.00811
    endloop
  endfacet
  facet normal -0.0557562 -0.214523 0.975126
    outer loop
      vertex 1.18554 0.915955 5.48743
      vertex 1.97429 1.46847 5.65408
      vertex 1.15476 0.956183 5.49452
    endloop
  endfacet
  facet normal -0.055748 -0.214535 0.975124
    outer loop
      vertex 1.97429 1.46847 5.65408
      vertex 1.92303 1.53547 5.66589
      vertex 1.15476 0.956183 5.49452
    endloop
  endfacet
  facet normal 0.000822122 -0.172863 0.984946
    outer loop
      vertex 0.385075 0.369902 5.35651
      vertex 0.37434 0.382956 5.35881
      vertex 0.351518 0.407918 5.36321
    endloop
  endfacet
  facet normal 0.00412782 -0.17003 0.98543
    outer loop
      vertex 0.385075 0.369902 5.35651
      vertex 0.351518 0.407918 5.36321
      vertex 0.339457 0.419796 5.36531
    endloop
  endfacet
  facet normal -0.0712723 -0.248008 0.966133
    outer loop
      vertex 1.69522 1.78464 5.70983
      vertex 2.2833 2.53546 5.94595
      vertex 1.63292 1.84185 5.71992
    endloop
  endfacet
  facet normal -0.0475637 -0.223497 0.973543
    outer loop
      vertex 1.69522 1.78464 5.70983
      vertex 1.63292 1.84185 5.71992
      vertex 0.980548 1.14016 5.52696
    endloop
  endfacet
  facet normal -0.0343005 -0.179938 0.98308
    outer loop
      vertex 1.44314 0.318295 5.38205
      vertex 1.43338 0.367742 5.39076
      vertex 0.481243 0.157186 5.319
    endloop
  endfacet
  facet normal -0.0345386 -0.178608 0.983314
    outer loop
      vertex 0.483912 0.140594 5.31608
      vertex 1.44314 0.318295 5.38205
      vertex 0.481243 0.157186 5.319
    endloop
  endfacet
  facet normal -0.17365 -0.174002 0.969314
    outer loop
      vertex 5.34265 -0.0149717 5.80669
      vertex 5.3394 0.168651 5.83907
      vertex 4.3775 0.165041 5.6661
    endloop
  endfacet
  facet normal -0.207915 -0.173433 0.962648
    outer loop
      vertex 5.34265 -0.0149717 5.80669
      vertex 6.29479 0.166222 6.04498
      vertex 5.3394 0.168651 5.83907
    endloop
  endfacet
  facet normal -0.12704 -0.0543751 0.990406
    outer loop
      vertex 3.84318 -3.66991 5.16223
      vertex 3.2551 -2.87188 5.13061
      vertex 3.15083 -2.98199 5.11119
    endloop
  endfacet
  facet normal -0.101818 -0.0784876 0.991702
    outer loop
      vertex 3.15083 -2.98199 5.11119
      vertex 3.2551 -2.87188 5.13061
      vertex 2.53586 -2.2105 5.10911
    endloop
  endfacet
  facet normal -0.099601 -0.0308876 0.994548
    outer loop
      vertex 2.98757 -4.37694 5.03756
      vertex 3.14033 -4.2716 5.05613
      vertex 2.44936 -3.56166 5.00898
    endloop
  endfacet
  facet normal -0.0894561 -0.0244157 0.995691
    outer loop
      vertex 2.67133 -4.57155 5.00324
      vertex 2.83117 -4.47696 5.01992
      vertex 2.32113 -3.64366 4.99453
    endloop
  endfacet
  facet normal -0.0837848 -0.0624914 0.994522
    outer loop
      vertex 2.5746 -3.47529 5.02421
      vertex 2.6967 -3.38468 5.04019
      vertex 2.10085 -2.60999 5.03867
    endloop
  endfacet
  facet normal -0.104529 -0.0344201 0.993926
    outer loop
      vertex 3.14033 -4.2716 5.05613
      vertex 3.28926 -4.16108 5.07562
      vertex 2.5746 -3.47529 5.02421
    endloop
  endfacet
  facet normal -0.130879 -0.0107146 0.99134
    outer loop
      vertex 3.87782 -4.93824 5.14492
      vertex 4.04868 -4.80198 5.16895
      vertex 3.43419 -4.0455 5.096
    endloop
  endfacet
  facet normal -0.130864 -0.0107069 0.991343
    outer loop
      vertex 3.87782 -4.93824 5.14492
      vertex 3.43419 -4.0455 5.096
      vertex 3.28926 -4.16108 5.07562
    endloop
  endfacet
  facet normal 0.0420667 -0.118415 0.992073
    outer loop
      vertex -0.861344 -1.09983 5.13199
      vertex -0.902194 -1.06952 5.13734
      vertex -1.50244 -1.83796 5.07107
    endloop
  endfacet
  facet normal 0.0210907 -0.14615 0.989038
    outer loop
      vertex -0.861344 -1.09983 5.13199
      vertex -0.300853 -0.305606 5.2374
      vertex -0.902194 -1.06952 5.13734
    endloop
  endfacet
  facet normal 0.0237938 -0.148401 0.988641
    outer loop
      vertex -0.326982 -0.284015 5.24121
      vertex -0.339457 -0.272558 5.24323
      vertex -0.980548 -1.00477 5.14875
    endloop
  endfacet
  facet normal 0.021789 -0.146671 0.988945
    outer loop
      vertex -0.300853 -0.305606 5.2374
      vertex -0.314109 -0.295034 5.23926
      vertex -0.941945 -1.03782 5.14293
    endloop
  endfacet
  facet normal 0.0696704 -0.169644 0.98304
    outer loop
      vertex -1.46184 -0.0329723 5.32011
      vertex -1.46451 0.0173302 5.32898
      vertex -2.43887 -0.0280151 5.39021
    endloop
  endfacet
  facet normal 0.0348585 -0.171754 0.984523
    outer loop
      vertex -1.46184 -0.0329723 5.32011
      vertex -0.487476 0.0400486 5.29835
      vertex -1.46451 0.0173302 5.32898
    endloop
  endfacet
  facet normal -0.0232169 -0.147851 0.988737
    outer loop
      vertex 0.941945 -1.03782 5.14293
      vertex 0.326982 -0.284015 5.24121
      vertex 0.314109 -0.295034 5.23926
    endloop
  endfacet
  facet normal -0.021789 -0.146671 0.988945
    outer loop
      vertex 0.941945 -1.03782 5.14293
      vertex 0.314109 -0.295034 5.23926
      vertex 0.300853 -0.305606 5.2374
    endloop
  endfacet
  facet normal 0.181868 -0.0705668 0.980788
    outer loop
      vertex -5.45477 -3.15173 5.45993
      vertex -4.62687 -2.64571 5.34282
      vertex -5.56136 -2.96236 5.49332
    endloop
  endfacet
  facet normal 0.178234 -0.0643693 0.98188
    outer loop
      vertex -5.34154 -3.33731 5.42721
      vertex -4.62687 -2.64571 5.34282
      vertex -5.45477 -3.15173 5.45993
    endloop
  endfacet
  facet normal 0.173643 -0.173955 0.969323
    outer loop
      vertex -4.38016 0.0144978 5.63956
      vertex -4.3775 0.165041 5.6661
      vertex -5.34265 -0.0149717 5.80669
    endloop
  endfacet
  facet normal 0.139181 -0.174312 0.974805
    outer loop
      vertex -3.41234 0.0381174 5.5056
      vertex -4.3775 0.165041 5.6661
      vertex -4.38016 0.0144978 5.63956
    endloop
  endfacet
  facet normal 0.0585256 -0.135823 0.989003
    outer loop
      vertex -1.21488 -0.7393 5.19556
      vertex -1.24273 -0.697053 5.20301
      vertex -2.02315 -1.28804 5.16803
    endloop
  endfacet
  facet normal 0.114035 -0.0933496 0.989081
    outer loop
      vertex -3.54363 -2.52098 5.19248
      vertex -2.76064 -1.93713 5.15731
      vertex -3.63132 -2.39765 5.21423
    endloop
  endfacet
  facet normal 0.0336989 -0.164588 0.985787
    outer loop
      vertex -0.469737 -0.0590296 5.28088
      vertex -0.474152 -0.0428038 5.28374
      vertex -1.40864 -0.330088 5.26772
    endloop
  endfacet
  facet normal 0.0334107 -0.163598 0.985961
    outer loop
      vertex -1.39368 -0.37826 5.25922
      vertex -0.469737 -0.0590296 5.28088
      vertex -1.40864 -0.330088 5.26772
    endloop
  endfacet
  facet normal 0.0358623 -0.114294 0.992799
    outer loop
      vertex -0.732703 -1.1821 5.11749
      vertex -0.776546 -1.15616 5.12206
      vertex -1.22018 -2.02545 5.03801
    endloop
  endfacet
  facet normal 0.0338136 -0.113124 0.993005
    outer loop
      vertex -1.14568 -2.06612 5.03084
      vertex -0.687966 -1.20652 5.11318
      vertex -1.22018 -2.02545 5.03801
    endloop
  endfacet
  facet normal -0.000141835 -0.174368 0.98468
    outer loop
      vertex -0.244333 -0.34315 5.23078
      vertex -0.229415 -0.351294 5.22934
      vertex -0.258954 -0.334498 5.23231
    endloop
  endfacet
  facet normal 0.017126 -0.143588 0.989489
    outer loop
      vertex -0.229415 -0.351294 5.22934
      vertex -0.244333 -0.34315 5.23078
      vertex -0.732703 -1.1821 5.11749
    endloop
  endfacet
  facet normal 0.0158033 -0.14289 0.989612
    outer loop
      vertex -0.642391 -1.22939 5.10915
      vertex -0.214217 -0.358919 5.228
      vertex -0.687966 -1.20652 5.11318
    endloop
  endfacet
  facet normal 0.0316274 -0.111989 0.993206
    outer loop
      vertex -0.642391 -1.22939 5.10915
      vertex -0.687966 -1.20652 5.11318
      vertex -1.06978 -2.1042 5.02412
    endloop
  endfacet
  facet normal 0.0739291 -0.0999015 0.992247
    outer loop
      vertex -1.69522 -1.67292 5.10017
      vertex -1.75545 -1.6136 5.11063
      vertex -2.45463 -2.29628 5.09399
    endloop
  endfacet
  facet normal 0.0493399 -0.124643 0.990974
    outer loop
      vertex -1.69522 -1.67292 5.10017
      vertex -1.01796 -0.970414 5.15481
      vertex -1.75545 -1.6136 5.11063
    endloop
  endfacet
  facet normal 0.0876237 -0.065449 0.994001
    outer loop
      vertex -2.10085 -2.60999 5.03867
      vertex -2.19341 -2.53617 5.05169
      vertex -2.81552 -3.28993 5.0569
    endloop
  endfacet
  facet normal 0.0913277 -0.0685098 0.993461
    outer loop
      vertex -2.19341 -2.53617 5.05169
      vertex -2.2833 -2.45922 5.06526
      vertex -2.81552 -3.28993 5.0569
    endloop
  endfacet
  facet normal 0.0557989 -0.131976 0.989681
    outer loop
      vertex -1.15476 -0.820791 5.18119
      vertex -1.18554 -0.780562 5.18829
      vertex -1.92303 -1.42375 5.1441
    endloop
  endfacet
  facet normal 0.0263001 -0.150943 0.988193
    outer loop
      vertex -1.08901 -0.897955 5.16759
      vertex -0.363151 -0.248395 5.24749
      vertex -1.12257 -0.859939 5.17429
    endloop
  endfacet
  facet normal 0.114054 -0.0933872 0.989076
    outer loop
      vertex -2.76064 -1.93713 5.15731
      vertex -2.82896 -1.84105 5.17426
      vertex -3.63132 -2.39765 5.21423
    endloop
  endfacet
  facet normal 0.0896116 -0.119681 0.98876
    outer loop
      vertex -2.89383 -1.74268 5.1916
      vertex -2.06954 -1.21769 5.18044
      vertex -2.95517 -1.64213 5.20933
    endloop
  endfacet
  facet normal 0.0541751 -0.129927 0.990042
    outer loop
      vertex -1.86942 -1.48895 5.13261
      vertex -1.12257 -0.859939 5.17429
      vertex -1.92303 -1.42375 5.1441
    endloop
  endfacet
  facet normal 0.0811932 -0.107854 0.990846
    outer loop
      vertex -1.86942 -1.48895 5.13261
      vertex -1.92303 -1.42375 5.1441
      vertex -2.61401 -2.12197 5.12472
    endloop
  endfacet
  facet normal 0.064178 -0.146282 0.987159
    outer loop
      vertex -1.33872 -0.519283 5.23436
      vertex -1.3587 -0.472915 5.24253
      vertex -2.22938 -0.921647 5.23264
    endloop
  endfacet
  facet normal 0.0632522 -0.144234 0.98752
    outer loop
      vertex -2.19338 -0.997673 5.21923
      vertex -1.33872 -0.519283 5.23436
      vertex -2.22938 -0.921647 5.23264
    endloop
  endfacet
  facet normal 0.098867 -0.139227 0.985313
    outer loop
      vertex -2.29319 -0.766114 5.26006
      vertex -2.32092 -0.686798 5.27405
      vertex -3.20655 -1.11124 5.30294
    endloop
  endfacet
  facet normal 0.0659884 -0.150904 0.986344
    outer loop
      vertex -2.29319 -0.766114 5.26006
      vertex -1.39368 -0.37826 5.25922
      vertex -2.32092 -0.686798 5.27405
    endloop
  endfacet
  facet normal 0.0191594 -0.202283 0.97914
    outer loop
      vertex -0.273259 0.472588 5.37462
      vertex -0.258954 0.481736 5.37623
      vertex -0.776546 1.29155 5.55366
    endloop
  endfacet
  facet normal -0.00128479 -0.17211 0.985077
    outer loop
      vertex -0.273259 0.472588 5.37462
      vertex -0.314109 0.442272 5.36927
      vertex -0.339457 0.419796 5.36531
    endloop
  endfacet
  facet normal 0.0134913 -0.205243 0.978618
    outer loop
      vertex -0.198758 0.513256 5.38179
      vertex -0.183058 0.519819 5.38295
      vertex -0.596034 1.38607 5.57032
    endloop
  endfacet
  facet normal 0.000720911 -0.175115 0.984548
    outer loop
      vertex -0.151006 0.531308 5.38497
      vertex -0.183058 0.519819 5.38295
      vertex -0.244333 0.490387 5.37776
    endloop
  endfacet
  facet normal 0.00765885 -0.207074 0.978295
    outer loop
      vertex -0.118218 0.540566 5.3866
      vertex -0.101599 0.544346 5.38727
      vertex -0.304675 1.4793 5.58676
    endloop
  endfacet
  facet normal -0.000479821 -0.170944 0.985281
    outer loop
      vertex -0.0340872 0.55369 5.38892
      vertex -0.084856 0.54755 5.38783
      vertex -0.134694 0.53622 5.38584
    endloop
  endfacet
  facet normal 8.85808e-06 -0.173674 0.984803
    outer loop
      vertex -0.0340872 0.55369 5.38892
      vertex -0.134694 0.53622 5.38584
      vertex -0.339457 0.419796 5.36531
    endloop
  endfacet
  facet normal -0.0219604 -0.200263 0.979496
    outer loop
      vertex 0.941945 1.17321 5.53279
      vertex 0.902194 1.20491 5.53838
      vertex 0.314109 0.442272 5.36927
    endloop
  endfacet
  facet normal -0.0228664 -0.199514 0.979628
    outer loop
      vertex 0.980548 1.14016 5.52696
      vertex 0.941945 1.17321 5.53279
      vertex 0.314109 0.442272 5.36927
    endloop
  endfacet
  facet normal -0.00765885 -0.207074 0.978295
    outer loop
      vertex 0.118218 0.540566 5.3866
      vertex 0.304675 1.4793 5.58676
      vertex 0.101599 0.544346 5.38727
    endloop
  endfacet
  facet normal -0.00292323 -0.186974 0.98236
    outer loop
      vertex 0.118218 0.540566 5.3866
      vertex 0.101599 0.544346 5.38727
      vertex 0.084856 0.54755 5.38783
    endloop
  endfacet
  facet normal 0.0419006 -0.228165 0.97272
    outer loop
      vertex -0.902194 1.20491 5.53838
      vertex -0.861344 1.23522 5.54373
      vertex -1.50244 1.94967 5.73893
    endloop
  endfacet
  facet normal 0.0209207 -0.201061 0.979355
    outer loop
      vertex -0.287231 0.462953 5.37292
      vertex -0.861344 1.23522 5.54373
      vertex -0.902194 1.20491 5.53838
    endloop
  endfacet
  facet normal 0.0238017 -0.19868 0.979775
    outer loop
      vertex -0.339457 0.419796 5.36531
      vertex -0.326982 0.431252 5.36733
      vertex -0.980548 1.14016 5.52696
    endloop
  endfacet
  facet normal 0.000330037 -0.17422 0.984707
    outer loop
      vertex -0.273259 0.472588 5.37462
      vertex -0.287231 0.462953 5.37292
      vertex -0.314109 0.442272 5.36927
    endloop
  endfacet
  facet normal -0.0115978 -0.205959 0.978492
    outer loop
      vertex 0.167133 0.525839 5.38401
      vertex 0.501198 1.42381 5.57698
      vertex 0.151006 0.531308 5.38497
    endloop
  endfacet
  facet normal -0.0123746 -0.205676 0.978542
    outer loop
      vertex 0.54895 1.40576 5.57379
      vertex 0.501198 1.42381 5.57698
      vertex 0.183058 0.519819 5.38295
    endloop
  endfacet
  facet normal -0.0571054 -0.212697 0.975448
    outer loop
      vertex 1.21488 0.874691 5.48015
      vertex 2.02315 1.39976 5.64196
      vertex 1.18554 0.915955 5.48743
    endloop
  endfacet
  facet normal -0.0571164 -0.212679 0.975451
    outer loop
      vertex 2.02315 1.39976 5.64196
      vertex 1.97429 1.46847 5.65408
      vertex 1.18554 0.915955 5.48743
    endloop
  endfacet
  facet normal -0.0945305 -0.0275383 0.995141
    outer loop
      vertex 2.83117 -4.47696 5.01992
      vertex 2.44936 -3.56166 5.00898
      vertex 2.32113 -3.64366 4.99453
    endloop
  endfacet
  facet normal -0.0946071 -0.0275704 0.995133
    outer loop
      vertex 2.83117 -4.47696 5.01992
      vertex 2.98757 -4.37694 5.03756
      vertex 2.44936 -3.56166 5.00898
    endloop
  endfacet
  facet normal -0.0876102 -0.0654348 0.994003
    outer loop
      vertex 2.6967 -3.38468 5.04019
      vertex 2.81552 -3.28993 5.0569
      vertex 2.10085 -2.60999 5.03867
    endloop
  endfacet
  facet normal -0.109307 -0.038098 0.993278
    outer loop
      vertex 3.28926 -4.16108 5.07562
      vertex 2.81552 -3.28993 5.0569
      vertex 2.6967 -3.38468 5.04019
    endloop
  endfacet
  facet normal 0.0227873 -0.147508 0.988798
    outer loop
      vertex -0.941945 -1.03782 5.14293
      vertex -0.326982 -0.284015 5.24121
      vertex -0.980548 -1.00477 5.14875
    endloop
  endfacet
  facet normal 0.0439239 -0.119843 0.991821
    outer loop
      vertex -1.50244 -1.83796 5.07107
      vertex -0.941945 -1.03782 5.14293
      vertex -1.56863 -1.78517 5.08038
    endloop
  endfacet
  facet normal 0.0476022 -0.12299 0.991266
    outer loop
      vertex -1.63292 -1.73013 5.09008
      vertex -0.980548 -1.00477 5.14875
      vertex -1.69522 -1.67292 5.10017
    endloop
  endfacet
  facet normal 0.0476121 -0.123 0.991264
    outer loop
      vertex -0.980548 -1.00477 5.14875
      vertex -1.01796 -0.970414 5.15481
      vertex -1.69522 -1.67292 5.10017
    endloop
  endfacet
  facet normal 0.0232169 -0.147851 0.988737
    outer loop
      vertex -0.314109 -0.295034 5.23926
      vertex -0.326982 -0.284015 5.24121
      vertex -0.941945 -1.03782 5.14293
    endloop
  endfacet
  facet normal -0.0118221 -0.187623 0.98217
    outer loop
      vertex -0.314109 -0.295034 5.23926
      vertex -0.300853 -0.305606 5.2374
      vertex -0.326982 -0.284015 5.24121
    endloop
  endfacet
  facet normal 0.0641981 -0.146321 0.987152
    outer loop
      vertex -2.22938 -0.921647 5.23264
      vertex -1.3587 -0.472915 5.24253
      vertex -2.26266 -0.844429 5.24625
    endloop
  endfacet
  facet normal 0.0651911 -0.148741 0.986725
    outer loop
      vertex -1.3587 -0.472915 5.24253
      vertex -1.37703 -0.425888 5.25083
      vertex -2.26266 -0.844429 5.24625
    endloop
  endfacet
  facet normal -4.28224e-05 -0.173739 0.984792
    outer loop
      vertex -0.431467 -0.15231 5.26443
      vertex -0.385075 -0.222664 5.25202
      vertex -0.439211 -0.137344 5.26707
    endloop
  endfacet
  facet normal 0.0585493 -0.135854 0.988997
    outer loop
      vertex -2.02315 -1.28804 5.16803
      vertex -1.24273 -0.697053 5.20301
      vertex -2.06954 -1.21769 5.18044
    endloop
  endfacet
  facet normal 0.0305106 -0.156839 0.987153
    outer loop
      vertex -0.423198 -0.167003 5.26184
      vertex -0.431467 -0.15231 5.26443
      vertex -1.26908 -0.653875 5.21063
    endloop
  endfacet
  facet normal 0.0292789 -0.154839 0.987506
    outer loop
      vertex -1.21488 -0.7393 5.19556
      vertex -0.405123 -0.195489 5.25682
      vertex -1.24273 -0.697053 5.20301
    endloop
  endfacet
  facet normal 0.0538598 -0.0844567 0.99497
    outer loop
      vertex -1.22018 -2.02545 5.03801
      vertex -1.29319 -1.98224 5.04563
      vertex -1.80826 -2.81175 5.0031
    endloop
  endfacet
  facet normal 0.0359481 -0.114337 0.992791
    outer loop
      vertex -1.22018 -2.02545 5.03801
      vertex -0.776546 -1.15616 5.12206
      vertex -1.29319 -1.98224 5.04563
    endloop
  endfacet
  facet normal 0.0137865 -0.141961 0.989776
    outer loop
      vertex -0.183058 -0.372581 5.22559
      vertex -0.198758 -0.366018 5.22675
      vertex -0.54895 -1.27036 5.10192
    endloop
  endfacet
  facet normal 0.0124585 -0.141433 0.989869
    outer loop
      vertex -0.501198 -1.28841 5.09874
      vertex -0.183058 -0.372581 5.22559
      vertex -0.54895 -1.27036 5.10192
    endloop
  endfacet
  facet normal 0.0598699 -0.137936 0.98863
    outer loop
      vertex -1.24273 -0.697053 5.20301
      vertex -1.26908 -0.653875 5.21063
      vertex -2.06954 -1.21769 5.18044
    endloop
  endfacet
  facet normal 0.0571028 -0.133749 0.989369
    outer loop
      vertex -1.97429 -1.35676 5.15592
      vertex -1.18554 -0.780562 5.18829
      vertex -2.02315 -1.28804 5.16803
    endloop
  endfacet
  facet normal 0.0763981 -0.102419 0.991803
    outer loop
      vertex -1.75545 -1.6136 5.11063
      vertex -1.81354 -1.55225 5.12144
      vertex -2.45463 -2.29628 5.09399
    endloop
  endfacet
  facet normal 0.0764281 -0.102445 0.991798
    outer loop
      vertex -2.45463 -2.29628 5.09399
      vertex -1.81354 -1.55225 5.12144
      vertex -2.53586 -2.2105 5.10911
    endloop
  endfacet
  facet normal 0.0257639 -0.196725 0.98012
    outer loop
      vertex -0.363151 0.395633 5.36105
      vertex -0.351518 0.407918 5.36321
      vertex -1.08901 1.03335 5.50813
    endloop
  endfacet
  facet normal 0.0133512 -0.185403 0.982572
    outer loop
      vertex -0.351518 0.407918 5.36321
      vertex -0.363151 0.395633 5.36105
      vertex -0.37434 0.382956 5.35881
    endloop
  endfacet
  facet normal -2.09959e-05 -0.173657 0.984806
    outer loop
      vertex -0.385075 -0.222664 5.25202
      vertex -0.339457 0.419796 5.36531
      vertex -0.477988 -0.0264368 5.28662
    endloop
  endfacet
  facet normal -5.05267e-05 -0.173648 0.984808
    outer loop
      vertex -0.339457 0.419796 5.36531
      vertex -0.385075 0.369902 5.35651
      vertex -0.477988 -0.0264368 5.28662
    endloop
  endfacet
  facet normal 0.00545137 -0.207503 0.978219
    outer loop
      vertex -0.084856 0.54755 5.38783
      vertex -0.203945 1.49679 5.58985
      vertex -0.254465 1.48891 5.58846
    endloop
  endfacet
  facet normal 0.000661403 -0.180091 0.98365
    outer loop
      vertex -0.0340872 0.55369 5.38892
      vertex -0.0680084 0.550179 5.3883
      vertex -0.084856 0.54755 5.38783
    endloop
  endfacet
  facet normal 0.0216987 -0.200457 0.979462
    outer loop
      vertex -0.314109 0.442272 5.36927
      vertex -0.300853 0.452844 5.37114
      vertex -0.902194 1.20491 5.53838
    endloop
  endfacet
  facet normal 0.0211164 -0.200905 0.979383
    outer loop
      vertex -0.300853 0.452844 5.37114
      vertex -0.287231 0.462953 5.37292
      vertex -0.902194 1.20491 5.53838
    endloop
  endfacet
  facet normal 0.0177542 -0.203148 0.978987
    outer loop
      vertex -0.258954 0.481736 5.37623
      vertex -0.244333 0.490387 5.37776
      vertex -0.776546 1.29155 5.55366
    endloop
  endfacet
  facet normal 0.018038 -0.202967 0.979019
    outer loop
      vertex -0.244333 0.490387 5.37776
      vertex -0.732703 1.31749 5.55823
      vertex -0.776546 1.29155 5.55366
    endloop
  endfacet
  facet normal -0.0148405 -0.204652 0.978722
    outer loop
      vertex 0.214217 0.506157 5.38054
      vertex 0.596034 1.38607 5.57032
      vertex 0.198758 0.513256 5.38179
    endloop
  endfacet
  facet normal 0.00306632 -0.166932 0.985964
    outer loop
      vertex 0.214217 0.506157 5.38054
      vertex 0.198758 0.513256 5.38179
      vertex 0.183058 0.519819 5.38295
    endloop
  endfacet
  facet normal -0.0125882 -0.205604 0.978554
    outer loop
      vertex 0.183058 0.519819 5.38295
      vertex 0.501198 1.42381 5.57698
      vertex 0.167133 0.525839 5.38401
    endloop
  endfacet
  facet normal -0.00176701 -0.177944 0.984039
    outer loop
      vertex 0.183058 0.519819 5.38295
      vertex 0.167133 0.525839 5.38401
      vertex 0.151006 0.531308 5.38497
    endloop
  endfacet
  facet normal -0.0798474 -0.0596741 0.995019
    outer loop
      vertex 2.44936 -3.56166 5.00898
      vertex 2.5746 -3.47529 5.02421
      vertex 2.00572 -2.68058 5.02622
    endloop
  endfacet
  facet normal -0.0996254 -0.0309116 0.994545
    outer loop
      vertex 3.14033 -4.2716 5.05613
      vertex 2.5746 -3.47529 5.02421
      vertex 2.44936 -3.56166 5.00898
    endloop
  endfacet
  facet normal -0.0674791 -0.0520601 0.996362
    outer loop
      vertex 2.05636 -3.7942 4.96798
      vertex 2.19008 -3.72121 4.98085
      vertex 1.70617 -2.87216 4.99244
    endloop
  endfacet
  facet normal -0.0717271 -0.0544754 0.995936
    outer loop
      vertex 2.19008 -3.72121 4.98085
      vertex 2.32113 -3.64366 4.99453
      vertex 1.70617 -2.87216 4.99244
    endloop
  endfacet
  facet normal -0.00355844 -0.175005 0.984561
    outer loop
      vertex -0.44642 -0.12212 5.26975
      vertex -0.439211 -0.137344 5.26707
      vertex -0.469737 -0.0590296 5.28088
    endloop
  endfacet
  facet normal 0.0315358 -0.158783 0.98681
    outer loop
      vertex -0.439211 -0.137344 5.26707
      vertex -0.44642 -0.12212 5.26975
      vertex -1.33872 -0.519283 5.23436
    endloop
  endfacet
  facet normal 0.0299843 -0.155941 0.987311
    outer loop
      vertex -1.24273 -0.697053 5.20301
      vertex -0.423198 -0.167003 5.26184
      vertex -1.26908 -0.653875 5.21063
    endloop
  endfacet
  facet normal 0.0299551 -0.155897 0.987319
    outer loop
      vertex -0.414412 -0.181401 5.2593
      vertex -0.423198 -0.167003 5.26184
      vertex -1.24273 -0.697053 5.20301
    endloop
  endfacet
  facet normal 0.0914372 -0.122783 0.988212
    outer loop
      vertex -2.95517 -1.64213 5.20933
      vertex -2.15471 -1.07242 5.20605
      vertex -3.01292 -1.53954 5.22742
    endloop
  endfacet
  facet normal 0.0931522 -0.125959 0.987652
    outer loop
      vertex -2.15471 -1.07242 5.20605
      vertex -2.19338 -0.997673 5.21923
      vertex -3.01292 -1.53954 5.22742
    endloop
  endfacet
  facet normal 0.0609438 -0.13977 0.988307
    outer loop
      vertex -1.26908 -0.653875 5.21063
      vertex -1.29388 -0.609818 5.21839
      vertex -2.15471 -1.07242 5.20605
    endloop
  endfacet
  facet normal 0.0621608 -0.142037 0.987908
    outer loop
      vertex -2.15471 -1.07242 5.20605
      vertex -1.3171 -0.564937 5.22631
      vertex -2.19338 -0.997673 5.21923
    endloop
  endfacet
  facet normal 0.0568849 -0.0863182 0.994642
    outer loop
      vertex -1.29319 -1.98224 5.04563
      vertex -1.36463 -1.93656 5.05368
      vertex -1.80826 -2.81175 5.0031
    endloop
  endfacet
  facet normal 0.0568999 -0.0863258 0.994641
    outer loop
      vertex -1.80826 -2.81175 5.0031
      vertex -1.36463 -1.93656 5.05368
      vertex -1.90816 -2.74786 5.01436
    endloop
  endfacet
  facet normal 0.0102821 -0.140696 0.989999
    outer loop
      vertex -0.40392 -1.31954 5.09325
      vertex -0.151006 -0.38407 5.22357
      vertex -0.452835 -1.30482 5.09585
    endloop
  endfacet
  facet normal 0.0136331 -0.141903 0.989787
    outer loop
      vertex -0.54895 -1.27036 5.10192
      vertex -0.198758 -0.366018 5.22675
      vertex -0.596034 -1.25068 5.10539
    endloop
  endfacet
  facet normal 0.0834558 -0.11068 0.990346
    outer loop
      vertex -2.68896 -2.03081 5.1408
      vertex -1.92303 -1.42375 5.1441
      vertex -2.76064 -1.93713 5.15731
    endloop
  endfacet
  facet normal 0.111126 -0.0894072 0.989776
    outer loop
      vertex -2.68896 -2.03081 5.1408
      vertex -2.76064 -1.93713 5.15731
      vertex -3.54363 -2.52098 5.19248
    endloop
  endfacet
  facet normal 0.0527189 -0.128218 0.990344
    outer loop
      vertex -1.81354 -1.55225 5.12144
      vertex -1.12257 -0.859939 5.17429
      vertex -1.86942 -1.48895 5.13261
    endloop
  endfacet
  facet normal 0.0789556 -0.105227 0.991309
    outer loop
      vertex -1.81354 -1.55225 5.12144
      vertex -1.86942 -1.48895 5.13261
      vertex -2.61401 -2.12197 5.12472
    endloop
  endfacet
  facet normal 0.00430499 -0.207656 0.978192
    outer loop
      vertex -0.0680084 0.550179 5.3883
      vertex -0.153176 1.50293 5.59093
      vertex -0.203945 1.49679 5.58985
    endloop
  endfacet
  facet normal 0.00429524 -0.207657 0.978192
    outer loop
      vertex -0.0680084 0.550179 5.3883
      vertex -0.0510788 0.552225 5.38866
      vertex -0.153176 1.50293 5.59093
    endloop
  endfacet
  facet normal 0.00213438 -0.178438 0.983949
    outer loop
      vertex -0.183058 0.519819 5.38295
      vertex -0.214217 0.506157 5.38054
      vertex -0.229415 0.498531 5.37919
    endloop
  endfacet
  facet normal -0.000875235 -0.171584 0.985169
    outer loop
      vertex -0.134694 0.53622 5.38584
      vertex -0.151006 0.531308 5.38497
      vertex -0.244333 0.490387 5.37776
    endloop
  endfacet
  facet normal 0.0285259 -0.15374 0.987699
    outer loop
      vertex -1.18554 -0.780562 5.18829
      vertex -0.405123 -0.195489 5.25682
      vertex -1.21488 -0.7393 5.19556
    endloop
  endfacet
  facet normal 0.0570884 -0.133725 0.989373
    outer loop
      vertex -1.18554 -0.780562 5.18829
      vertex -1.21488 -0.7393 5.19556
      vertex -2.02315 -1.28804 5.16803
    endloop
  endfacet
  facet normal 0.0609781 -0.139843 0.988294
    outer loop
      vertex -2.11341 -1.14579 5.19312
      vertex -1.26908 -0.653875 5.21063
      vertex -2.15471 -1.07242 5.20605
    endloop
  endfacet
  facet normal 0.0598143 -0.137858 0.988644
    outer loop
      vertex -2.06954 -1.21769 5.18044
      vertex -1.26908 -0.653875 5.21063
      vertex -2.11341 -1.14579 5.19312
    endloop
  endfacet
  facet normal 0.0622221 -0.142138 0.987889
    outer loop
      vertex -1.29388 -0.609818 5.21839
      vertex -1.3171 -0.564937 5.22631
      vertex -2.15471 -1.07242 5.20605
    endloop
  endfacet
  facet normal 0.031155 -0.158044 0.986941
    outer loop
      vertex -1.29388 -0.609818 5.21839
      vertex -0.439211 -0.137344 5.26707
      vertex -1.3171 -0.564937 5.22631
    endloop
  endfacet
  facet normal 0.0600089 -0.0884035 0.994275
    outer loop
      vertex -1.36463 -1.93656 5.05368
      vertex -1.43441 -1.88844 5.06217
      vertex -2.00572 -2.68058 5.02622
    endloop
  endfacet
  facet normal 0.0400654 -0.11698 0.992326
    outer loop
      vertex -1.36463 -1.93656 5.05368
      vertex -0.819445 -1.12872 5.1269
      vertex -1.43441 -1.88844 5.06217
    endloop
  endfacet
  facet normal 0.0272561 -0.109976 0.99356
    outer loop
      vertex -0.54895 -1.27036 5.10192
      vertex -0.596034 -1.25068 5.10539
      vertex -0.914175 -2.17243 5.01209
    endloop
  endfacet
  facet normal 0.0272635 -0.109979 0.99356
    outer loop
      vertex -0.914175 -2.17243 5.01209
      vertex -0.596034 -1.25068 5.10539
      vertex -0.992583 -2.13965 5.01787
    endloop
  endfacet
  facet normal 0.0227627 -0.108279 0.99386
    outer loop
      vertex -0.754112 -2.2298 5.00197
      vertex -0.501198 -1.28841 5.09874
      vertex -0.834652 -2.20249 5.00679
    endloop
  endfacet
  facet normal 0.0249962 -0.10908 0.993719
    outer loop
      vertex -0.834652 -2.20249 5.00679
      vertex -0.501198 -1.28841 5.09874
      vertex -0.914175 -2.17243 5.01209
    endloop
  endfacet
  facet normal 0.119316 -0.101367 0.987668
    outer loop
      vertex -2.89383 -1.74268 5.1916
      vertex -2.95517 -1.64213 5.20933
      vertex -3.79333 -2.14231 5.25925
    endloop
  endfacet
  facet normal 0.121739 -0.1055 0.986939
    outer loop
      vertex -2.95517 -1.64213 5.20933
      vertex -3.01292 -1.53954 5.22742
      vertex -3.79333 -2.14231 5.25925
    endloop
  endfacet
  facet normal 0.0115978 -0.205959 0.978492
    outer loop
      vertex -0.167133 0.525839 5.38401
      vertex -0.151006 0.531308 5.38497
      vertex -0.501198 1.42381 5.57698
    endloop
  endfacet
  facet normal 0.0113966 -0.206035 0.978478
    outer loop
      vertex -0.151006 0.531308 5.38497
      vertex -0.452835 1.44021 5.57987
      vertex -0.501198 1.42381 5.57698
    endloop
  endfacet
  facet normal 0.0155775 -0.204314 0.978781
    outer loop
      vertex -0.229415 0.498531 5.37919
      vertex -0.214217 0.506157 5.38054
      vertex -0.687966 1.34192 5.56254
    endloop
  endfacet
  facet normal -0.00295305 -0.167693 0.985835
    outer loop
      vertex -0.183058 0.519819 5.38295
      vertex -0.229415 0.498531 5.37919
      vertex -0.244333 0.490387 5.37776
    endloop
  endfacet
  facet normal 0.0203399 -0.10751 0.993996
    outer loop
      vertex -0.672654 -2.25433 4.99765
      vertex -0.452835 -1.30482 5.09585
      vertex -0.754112 -2.2298 5.00197
    endloop
  endfacet
  facet normal 0.022659 -0.108252 0.993865
    outer loop
      vertex -0.452835 -1.30482 5.09585
      vertex -0.501198 -1.28841 5.09874
      vertex -0.754112 -2.2298 5.00197
    endloop
  endfacet
  facet normal 0.116709 -0.0972633 0.988392
    outer loop
      vertex -2.82896 -1.84105 5.17426
      vertex -2.89383 -1.74268 5.1916
      vertex -3.63132 -2.39765 5.21423
    endloop
  endfacet
  facet normal 0.0876569 -0.116583 0.989305
    outer loop
      vertex -2.82896 -1.84105 5.17426
      vertex -2.02315 -1.28804 5.16803
      vertex -2.89383 -1.74268 5.1916
    endloop
  endfacet
  facet normal 0.0913877 -0.122713 0.988226
    outer loop
      vertex -2.11341 -1.14579 5.19312
      vertex -2.15471 -1.07242 5.20605
      vertex -2.95517 -1.64213 5.20933
    endloop
  endfacet
  facet normal 0.0896173 -0.119693 0.988758
    outer loop
      vertex -2.06954 -1.21769 5.18044
      vertex -2.11341 -1.14579 5.19312
      vertex -2.95517 -1.64213 5.20933
    endloop
  endfacet
  facet normal 0.0123746 -0.205676 0.978542
    outer loop
      vertex -0.183058 0.519819 5.38295
      vertex -0.501198 1.42381 5.57698
      vertex -0.54895 1.40576 5.57379
    endloop
  endfacet
  facet normal 0.0125882 -0.205604 0.978554
    outer loop
      vertex -0.183058 0.519819 5.38295
      vertex -0.167133 0.525839 5.38401
      vertex -0.501198 1.42381 5.57698
    endloop
  endfacet
  facet normal -0.545763 -0.545763 -0.635835
    outer loop
      vertex 7.04999 5.437 2.06
      vertex 7.13699 7.74998 0
      vertex 8.24998 6.63699 0
    endloop
  endfacet
  facet normal -0.545763 -0.545763 -0.635835
    outer loop
      vertex 7.13699 7.74998 0
      vertex 7.04999 5.437 2.06
      vertex 5.937 6.54999 2.06
    endloop
  endfacet
  facet normal 0 -0.864085 -0.503346
    outer loop
      vertex -7.13699 7.74998 0
      vertex 5.937 6.54999 2.06
      vertex -5.937 6.54999 2.06
    endloop
  endfacet
  facet normal 0 -0.864085 -0.503346
    outer loop
      vertex 5.937 6.54999 2.06
      vertex -7.13699 7.74998 0
      vertex 7.13699 7.74998 0
    endloop
  endfacet
  facet normal -0.864085 0 -0.503346
    outer loop
      vertex 8.24998 6.63699 0
      vertex 7.04999 -5.437 2.06
      vertex 7.04999 5.437 2.06
    endloop
  endfacet
  facet normal -0.864085 0 -0.503346
    outer loop
      vertex 7.04999 -5.437 2.06
      vertex 8.24998 6.63699 0
      vertex 8.24998 -6.63699 0
    endloop
  endfacet
  facet normal 0 0.864085 -0.503346
    outer loop
      vertex 7.13699 -7.74998 0
      vertex -5.937 -6.54999 2.06
      vertex 5.937 -6.54999 2.06
    endloop
  endfacet
  facet normal 0 0.864085 -0.503346
    outer loop
      vertex -5.937 -6.54999 2.06
      vertex 7.13699 -7.74998 0
      vertex -7.13699 -7.74998 0
    endloop
  endfacet
  facet normal 0.864085 0 -0.503346
    outer loop
      vertex -7.04999 -5.437 2.06
      vertex -8.24998 6.63699 0
      vertex -7.04999 5.437 2.06
    endloop
  endfacet
  facet normal 0.864085 0 -0.503346
    outer loop
      vertex -8.24998 6.63699 0
      vertex -7.04999 -5.437 2.06
      vertex -8.24998 -6.63699 0
    endloop
  endfacet
  facet normal 0.545763 -0.545763 -0.635835
    outer loop
      vertex -7.04999 5.437 2.06
      vertex -7.13699 7.74998 0
      vertex -5.937 6.54999 2.06
    endloop
  endfacet
  facet normal 0.545763 -0.545763 -0.635835
    outer loop
      vertex -7.13699 7.74998 0
      vertex -7.04999 5.437 2.06
      vertex -8.24998 6.63699 0
    endloop
  endfacet
  facet normal -0.545763 0.545763 -0.635835
    outer loop
      vertex 7.13699 -7.74998 0
      vertex 7.04999 -5.437 2.06
      vertex 8.24998 -6.63699 0
    endloop
  endfacet
  facet normal -0.545763 0.545763 -0.635835
    outer loop
      vertex 7.04999 -5.437 2.06
      vertex 7.13699 -7.74998 0
      vertex 5.937 -6.54999 2.06
    endloop
  endfacet
  facet normal 0.545763 0.545763 -0.635835
    outer loop
      vertex -7.13699 -7.74998 0
      vertex -7.04999 -5.437 2.06
      vertex -5.937 -6.54999 2.06
    endloop
  endfacet
  facet normal 0.545763 0.545763 -0.635835
    outer loop
      vertex -7.04999 -5.437 2.06
      vertex -7.13699 -7.74998 0
      vertex -8.24998 -6.63699 0
    endloop
  endfacet
  facet normal 0 0 -1
    outer loop
      vertex 3.36642 -1.47501 2.06
      vertex 7.04999 -5.437 2.06
      vertex 5.937 -6.54999 2.06
    endloop
  endfacet
  facet normal 0 0 -1
    outer loop
      vertex 7.04999 -5.437 2.06
      vertex 3.425 -1.41643 2.06
      vertex 7.04999 5.437 2.06
    endloop
  endfacet
  facet normal 0 0 -1
    outer loop
      vertex 3.425 1.41643 2.06
      vertex 7.04999 5.437 2.06
      vertex 3.425 -1.41643 2.06
    endloop
  endfacet
  facet normal 0 0 -1
    outer loop
      vertex 7.04999 -5.437 2.06
      vertex 3.36642 -1.47501 2.06
      vertex 3.425 -1.41643 2.06
    endloop
  endfacet
  facet normal 0 0 -1
    outer loop
      vertex 5.937 -6.54999 2.06
      vertex 2.33358 -1.47501 2.06
      vertex 3.36642 -1.47501 2.06
    endloop
  endfacet
  facet normal 0 0 -1
    outer loop
      vertex -2.33358 -1.47501 2.06
      vertex 2.33358 -1.47501 2.06
      vertex 5.937 -6.54999 2.06
    endloop
  endfacet
  facet normal 0 0 -1
    outer loop
      vertex 2.275 -1.41643 2.06
      vertex -2.275 -1.41643 2.06
      vertex 2.275 1.41643 2.06
    endloop
  endfacet
  facet normal 0 0 -1
    outer loop
      vertex 2.33358 -1.47501 2.06
      vertex -2.33358 -1.47501 2.06
      vertex 2.275 -1.41643 2.06
    endloop
  endfacet
  facet normal -0 0 -1
    outer loop
      vertex 2.275 -1.41643 2.06
      vertex -2.33358 -1.47501 2.06
      vertex -2.275 -1.41643 2.06
    endloop
  endfacet
  facet normal 0 0 -1
    outer loop
      vertex -5.937 -6.54999 2.06
      vertex -2.33358 -1.47501 2.06
      vertex 5.937 -6.54999 2.06
    endloop
  endfacet
  facet normal -0 0 -1
    outer loop
      vertex -3.36642 -1.47501 2.06
      vertex -7.04999 -5.437 2.06
      vertex -3.425 -1.41643 2.06
    endloop
  endfacet
  facet normal 0 0 -1
    outer loop
      vertex -7.04999 -5.437 2.06
      vertex -3.36642 -1.47501 2.06
      vertex -5.937 -6.54999 2.06
    endloop
  endfacet
  facet normal -0 0 -1
    outer loop
      vertex -2.33358 -1.47501 2.06
      vertex -5.937 -6.54999 2.06
      vertex -3.36642 -1.47501 2.06
    endloop
  endfacet
  facet normal 0 0 -1
    outer loop
      vertex 3.36642 1.47501 2.06
      vertex 7.04999 5.437 2.06
      vertex 3.425 1.41643 2.06
    endloop
  endfacet
  facet normal -0 0 -1
    outer loop
      vertex 7.04999 5.437 2.06
      vertex 3.36642 1.47501 2.06
      vertex 5.937 6.54999 2.06
    endloop
  endfacet
  facet normal 0 0 -1
    outer loop
      vertex 2.33358 1.47501 2.06
      vertex 5.937 6.54999 2.06
      vertex 3.36642 1.47501 2.06
    endloop
  endfacet
  facet normal 0 0 -1
    outer loop
      vertex -2.33358 1.47501 2.06
      vertex 2.33358 1.47501 2.06
      vertex 2.275 1.41643 2.06
    endloop
  endfacet
  facet normal 0 0 -1
    outer loop
      vertex -2.275 1.41643 2.06
      vertex 2.275 1.41643 2.06
      vertex -2.275 -1.41643 2.06
    endloop
  endfacet
  facet normal 0 0 -1
    outer loop
      vertex -2.33358 1.47501 2.06
      vertex 2.275 1.41643 2.06
      vertex -2.275 1.41643 2.06
    endloop
  endfacet
  facet normal 0 0 -1
    outer loop
      vertex 2.33358 1.47501 2.06
      vertex -2.33358 1.47501 2.06
      vertex 5.937 6.54999 2.06
    endloop
  endfacet
  facet normal 0 0 -1
    outer loop
      vertex -5.937 6.54999 2.06
      vertex -2.33358 1.47501 2.06
      vertex -3.36642 1.47501 2.06
    endloop
  endfacet
  facet normal 0 0 -1
    outer loop
      vertex -2.33358 1.47501 2.06
      vertex -5.937 6.54999 2.06
      vertex 5.937 6.54999 2.06
    endloop
  endfacet
  facet normal 0 0 -1
    outer loop
      vertex -7.04999 5.437 2.06
      vertex -3.36642 1.47501 2.06
      vertex -3.425 1.41643 2.06
    endloop
  endfacet
  facet normal -0 0 -1
    outer loop
      vertex -3.425 -1.41643 2.06
      vertex -7.04999 -5.437 2.06
      vertex -3.425 1.41643 2.06
    endloop
  endfacet
  facet normal 0 0 -1
    outer loop
      vertex -7.04999 5.437 2.06
      vertex -3.425 1.41643 2.06
      vertex -7.04999 -5.437 2.06
    endloop
  endfacet
  facet normal 0 0 -1
    outer loop
      vertex -3.36642 1.47501 2.06
      vertex -7.04999 5.437 2.06
      vertex -5.937 6.54999 2.06
    endloop
  endfacet
  facet normal -0.707107 0.707107 0
    outer loop
      vertex -3.425 1.41643 -1.45
      vertex -3.36642 1.47501 2.06
      vertex -3.36642 1.47501 -1.45
    endloop
  endfacet
  facet normal -0.707107 0.707107 0
    outer loop
      vertex -3.36642 1.47501 2.06
      vertex -3.425 1.41643 -1.45
      vertex -3.425 1.41643 2.06
    endloop
  endfacet
  facet normal -1 0 0
    outer loop
      vertex -3.425 -1.41643 -1.45
      vertex -3.425 1.41643 2.06
      vertex -3.425 1.41643 -1.45
    endloop
  endfacet
  facet normal -1 -0 0
    outer loop
      vertex -3.425 1.41643 2.06
      vertex -3.425 -1.41643 -1.45
      vertex -3.425 -1.41643 2.06
    endloop
  endfacet
  facet normal 0 -1 0
    outer loop
      vertex -3.36642 -1.47501 -1.45
      vertex -2.33358 -1.47501 2.06
      vertex -3.36642 -1.47501 2.06
    endloop
  endfacet
  facet normal 0 -1 -0
    outer loop
      vertex -2.33358 -1.47501 2.06
      vertex -3.36642 -1.47501 -1.45
      vertex -2.33358 -1.47501 -1.45
    endloop
  endfacet
  facet normal -0.408239 -0.408239 -0.816506
    outer loop
      vertex -3.36642 -1.47501 -1.45
      vertex -3.12499 -1.11642 -1.75
      vertex -3.06641 -1.175 -1.75
    endloop
  endfacet
  facet normal -0.408239 -0.408239 -0.816506
    outer loop
      vertex -3.12499 -1.11642 -1.75
      vertex -3.36642 -1.47501 -1.45
      vertex -3.425 -1.41643 -1.45
    endloop
  endfacet
  facet normal -0.707107 -0.707107 0
    outer loop
      vertex -3.36642 -1.47501 -1.45
      vertex -3.425 -1.41643 2.06
      vertex -3.425 -1.41643 -1.45
    endloop
  endfacet
  facet normal -0.707107 -0.707107 0
    outer loop
      vertex -3.425 -1.41643 2.06
      vertex -3.36642 -1.47501 -1.45
      vertex -3.36642 -1.47501 2.06
    endloop
  endfacet
  facet normal -0.707095 0 -0.707119
    outer loop
      vertex -3.425 -1.41643 -1.45
      vertex -3.12499 1.11642 -1.75
      vertex -3.12499 -1.11642 -1.75
    endloop
  endfacet
  facet normal -0.707095 0 -0.707119
    outer loop
      vertex -3.12499 1.11642 -1.75
      vertex -3.425 -1.41643 -1.45
      vertex -3.425 1.41643 -1.45
    endloop
  endfacet
  facet normal 0.707107 0.707107 0
    outer loop
      vertex -2.275 1.41643 2.06
      vertex -2.33358 1.47501 -1.45
      vertex -2.33358 1.47501 2.06
    endloop
  endfacet
  facet normal 0.707107 0.707107 0
    outer loop
      vertex -2.33358 1.47501 -1.45
      vertex -2.275 1.41643 2.06
      vertex -2.275 1.41643 -1.45
    endloop
  endfacet
  facet normal 0.408239 0.408239 -0.816506
    outer loop
      vertex -2.57501 1.11642 -1.75
      vertex -2.33358 1.47501 -1.45
      vertex -2.275 1.41643 -1.45
    endloop
  endfacet
  facet normal 0.408279 0.408209 -0.816501
    outer loop
      vertex -2.33358 1.47501 -1.45
      vertex -2.57501 1.11642 -1.75
      vertex -2.63358 1.175 -1.75
    endloop
  endfacet
  facet normal 0.707107 -0.707107 0
    outer loop
      vertex -2.33358 -1.47501 2.06
      vertex -2.275 -1.41643 -1.45
      vertex -2.275 -1.41643 2.06
    endloop
  endfacet
  facet normal 0.707107 -0.707107 0
    outer loop
      vertex -2.275 -1.41643 -1.45
      vertex -2.33358 -1.47501 2.06
      vertex -2.33358 -1.47501 -1.45
    endloop
  endfacet
  facet normal 0 -0.707095 -0.707119
    outer loop
      vertex -2.33358 -1.47501 -1.45
      vertex -3.06641 -1.175 -1.75
      vertex -2.63358 -1.175 -1.75
    endloop
  endfacet
  facet normal 0 -0.707095 -0.707119
    outer loop
      vertex -3.06641 -1.175 -1.75
      vertex -2.33358 -1.47501 -1.45
      vertex -3.36642 -1.47501 -1.45
    endloop
  endfacet
  facet normal 1 -0 0
    outer loop
      vertex -2.275 -1.41643 2.06
      vertex -2.275 1.41643 -1.45
      vertex -2.275 1.41643 2.06
    endloop
  endfacet
  facet normal 1 0 0
    outer loop
      vertex -2.275 1.41643 -1.45
      vertex -2.275 -1.41643 2.06
      vertex -2.275 -1.41643 -1.45
    endloop
  endfacet
  facet normal -0.408239 0.408239 -0.816506
    outer loop
      vertex -3.12499 1.11642 -1.75
      vertex -3.36642 1.47501 -1.45
      vertex -3.06641 1.175 -1.75
    endloop
  endfacet
  facet normal -0.408239 0.408239 -0.816506
    outer loop
      vertex -3.36642 1.47501 -1.45
      vertex -3.12499 1.11642 -1.75
      vertex -3.425 1.41643 -1.45
    endloop
  endfacet
  facet normal 0.707095 0 -0.707119
    outer loop
      vertex -2.57501 -1.11642 -1.75
      vertex -2.275 1.41643 -1.45
      vertex -2.275 -1.41643 -1.45
    endloop
  endfacet
  facet normal 0.707095 0 -0.707119
    outer loop
      vertex -2.275 1.41643 -1.45
      vertex -2.57501 -1.11642 -1.75
      vertex -2.57501 1.11642 -1.75
    endloop
  endfacet
  facet normal 0 0.707095 -0.707119
    outer loop
      vertex -3.06641 1.175 -1.75
      vertex -2.33358 1.47501 -1.45
      vertex -2.63358 1.175 -1.75
    endloop
  endfacet
  facet normal 0 0.707095 -0.707119
    outer loop
      vertex -2.33358 1.47501 -1.45
      vertex -3.06641 1.175 -1.75
      vertex -3.36642 1.47501 -1.45
    endloop
  endfacet
  facet normal 0 1 -0
    outer loop
      vertex -2.33358 1.47501 -1.45
      vertex -3.36642 1.47501 2.06
      vertex -2.33358 1.47501 2.06
    endloop
  endfacet
  facet normal 0 1 0
    outer loop
      vertex -3.36642 1.47501 2.06
      vertex -2.33358 1.47501 -1.45
      vertex -3.36642 1.47501 -1.45
    endloop
  endfacet
  facet normal 0.408239 -0.408239 -0.816506
    outer loop
      vertex -2.33358 -1.47501 -1.45
      vertex -2.57501 -1.11642 -1.75
      vertex -2.275 -1.41643 -1.45
    endloop
  endfacet
  facet normal 0.408279 -0.408209 -0.816501
    outer loop
      vertex -2.57501 -1.11642 -1.75
      vertex -2.33358 -1.47501 -1.45
      vertex -2.63358 -1.175 -1.75
    endloop
  endfacet
  facet normal 0 0 -1
    outer loop
      vertex -3.12499 -1.11642 -1.75
      vertex -2.57501 -1.11642 -1.75
      vertex -2.63358 -1.175 -1.75
    endloop
  endfacet
  facet normal 0 0 -1
    outer loop
      vertex -2.57501 -1.11642 -1.75
      vertex -3.12499 -1.11642 -1.75
      vertex -2.57501 1.11642 -1.75
    endloop
  endfacet
  facet normal 0 0 -1
    outer loop
      vertex -3.12499 -1.11642 -1.75
      vertex -2.63358 -1.175 -1.75
      vertex -3.06641 -1.175 -1.75
    endloop
  endfacet
  facet normal 0 0 -1
    outer loop
      vertex -3.12499 1.11642 -1.75
      vertex -2.57501 1.11642 -1.75
      vertex -3.12499 -1.11642 -1.75
    endloop
  endfacet
  facet normal 0 0 -1
    outer loop
      vertex -2.57501 1.11642 -1.75
      vertex -3.12499 1.11642 -1.75
      vertex -2.63358 1.175 -1.75
    endloop
  endfacet
  facet normal -0 0 -1
    outer loop
      vertex -2.63358 1.175 -1.75
      vertex -3.12499 1.11642 -1.75
      vertex -3.06641 1.175 -1.75
    endloop
  endfacet
  facet normal -0.707107 0.707107 0
    outer loop
      vertex 2.275 1.41643 -1.45
      vertex 2.33358 1.47501 2.06
      vertex 2.33358 1.47501 -1.45
    endloop
  endfacet
  facet normal -0.707107 0.707107 0
    outer loop
      vertex 2.33358 1.47501 2.06
      vertex 2.275 1.41643 -1.45
      vertex 2.275 1.41643 2.06
    endloop
  endfacet
  facet normal -1 0 0
    outer loop
      vertex 2.275 -1.41643 -1.45
      vertex 2.275 1.41643 2.06
      vertex 2.275 1.41643 -1.45
    endloop
  endfacet
  facet normal -1 -0 0
    outer loop
      vertex 2.275 1.41643 2.06
      vertex 2.275 -1.41643 -1.45
      vertex 2.275 -1.41643 2.06
    endloop
  endfacet
  facet normal -0.408279 0.408209 -0.816501
    outer loop
      vertex 2.57501 1.11642 -1.75
      vertex 2.33358 1.47501 -1.45
      vertex 2.63358 1.175 -1.75
    endloop
  endfacet
  facet normal -0.408239 0.408239 -0.816506
    outer loop
      vertex 2.33358 1.47501 -1.45
      vertex 2.57501 1.11642 -1.75
      vertex 2.275 1.41643 -1.45
    endloop
  endfacet
  facet normal 0 -1 0
    outer loop
      vertex 2.33358 -1.47501 -1.45
      vertex 3.36642 -1.47501 2.06
      vertex 2.33358 -1.47501 2.06
    endloop
  endfacet
  facet normal 0 -1 -0
    outer loop
      vertex 3.36642 -1.47501 2.06
      vertex 2.33358 -1.47501 -1.45
      vertex 3.36642 -1.47501 -1.45
    endloop
  endfacet
  facet normal -0.408279 -0.408209 -0.816501
    outer loop
      vertex 2.33358 -1.47501 -1.45
      vertex 2.57501 -1.11642 -1.75
      vertex 2.63358 -1.175 -1.75
    endloop
  endfacet
  facet normal -0.408239 -0.408239 -0.816506
    outer loop
      vertex 2.57501 -1.11642 -1.75
      vertex 2.33358 -1.47501 -1.45
      vertex 2.275 -1.41643 -1.45
    endloop
  endfacet
  facet normal -0.707107 -0.707107 0
    outer loop
      vertex 2.33358 -1.47501 -1.45
      vertex 2.275 -1.41643 2.06
      vertex 2.275 -1.41643 -1.45
    endloop
  endfacet
  facet normal -0.707107 -0.707107 0
    outer loop
      vertex 2.275 -1.41643 2.06
      vertex 2.33358 -1.47501 -1.45
      vertex 2.33358 -1.47501 2.06
    endloop
  endfacet
  facet normal -0.707095 0 -0.707119
    outer loop
      vertex 2.275 -1.41643 -1.45
      vertex 2.57501 1.11642 -1.75
      vertex 2.57501 -1.11642 -1.75
    endloop
  endfacet
  facet normal -0.707095 0 -0.707119
    outer loop
      vertex 2.57501 1.11642 -1.75
      vertex 2.275 -1.41643 -1.45
      vertex 2.275 1.41643 -1.45
    endloop
  endfacet
  facet normal 0.707107 0.707107 0
    outer loop
      vertex 3.425 1.41643 2.06
      vertex 3.36642 1.47501 -1.45
      vertex 3.36642 1.47501 2.06
    endloop
  endfacet
  facet normal 0.707107 0.707107 0
    outer loop
      vertex 3.36642 1.47501 -1.45
      vertex 3.425 1.41643 2.06
      vertex 3.425 1.41643 -1.45
    endloop
  endfacet
  facet normal 0.408239 0.408239 -0.816506
    outer loop
      vertex 3.12499 1.11642 -1.75
      vertex 3.36642 1.47501 -1.45
      vertex 3.425 1.41643 -1.45
    endloop
  endfacet
  facet normal 0.408239 0.408239 -0.816506
    outer loop
      vertex 3.36642 1.47501 -1.45
      vertex 3.12499 1.11642 -1.75
      vertex 3.06641 1.175 -1.75
    endloop
  endfacet
  facet normal 0.707107 -0.707107 0
    outer loop
      vertex 3.36642 -1.47501 2.06
      vertex 3.425 -1.41643 -1.45
      vertex 3.425 -1.41643 2.06
    endloop
  endfacet
  facet normal 0.707107 -0.707107 0
    outer loop
      vertex 3.425 -1.41643 -1.45
      vertex 3.36642 -1.47501 2.06
      vertex 3.36642 -1.47501 -1.45
    endloop
  endfacet
  facet normal 1 -0 0
    outer loop
      vertex 3.425 -1.41643 2.06
      vertex 3.425 1.41643 -1.45
      vertex 3.425 1.41643 2.06
    endloop
  endfacet
  facet normal 1 0 0
    outer loop
      vertex 3.425 1.41643 -1.45
      vertex 3.425 -1.41643 2.06
      vertex 3.425 -1.41643 -1.45
    endloop
  endfacet
  facet normal 0 -0.707095 -0.707119
    outer loop
      vertex 3.36642 -1.47501 -1.45
      vertex 2.63358 -1.175 -1.75
      vertex 3.06641 -1.175 -1.75
    endloop
  endfacet
  facet normal 0 -0.707095 -0.707119
    outer loop
      vertex 2.63358 -1.175 -1.75
      vertex 3.36642 -1.47501 -1.45
      vertex 2.33358 -1.47501 -1.45
    endloop
  endfacet
  facet normal 0.707095 0 -0.707119
    outer loop
      vertex 3.12499 -1.11642 -1.75
      vertex 3.425 1.41643 -1.45
      vertex 3.425 -1.41643 -1.45
    endloop
  endfacet
  facet normal 0.707095 0 -0.707119
    outer loop
      vertex 3.425 1.41643 -1.45
      vertex 3.12499 -1.11642 -1.75
      vertex 3.12499 1.11642 -1.75
    endloop
  endfacet
  facet normal 0 0.707095 -0.707119
    outer loop
      vertex 2.63358 1.175 -1.75
      vertex 3.36642 1.47501 -1.45
      vertex 3.06641 1.175 -1.75
    endloop
  endfacet
  facet normal 0 0.707095 -0.707119
    outer loop
      vertex 3.36642 1.47501 -1.45
      vertex 2.63358 1.175 -1.75
      vertex 2.33358 1.47501 -1.45
    endloop
  endfacet
  facet normal 0 1 -0
    outer loop
      vertex 3.36642 1.47501 -1.45
      vertex 2.33358 1.47501 2.06
      vertex 3.36642 1.47501 2.06
    endloop
  endfacet
  facet normal 0 1 0
    outer loop
      vertex 2.33358 1.47501 2.06
      vertex 3.36642 1.47501 -1.45
      vertex 2.33358 1.47501 -1.45
    endloop
  endfacet
  facet normal 0.408239 -0.408239 -0.816506
    outer loop
      vertex 3.36642 -1.47501 -1.45
      vertex 3.12499 -1.11642 -1.75
      vertex 3.425 -1.41643 -1.45
    endloop
  endfacet
  facet normal 0.408239 -0.408239 -0.816506
    outer loop
      vertex 3.12499 -1.11642 -1.75
      vertex 3.36642 -1.47501 -1.45
      vertex 3.06641 -1.175 -1.75
    endloop
  endfacet
  facet normal 0 0 -1
    outer loop
      vertex 2.57501 -1.11642 -1.75
      vertex 3.12499 -1.11642 -1.75
      vertex 3.06641 -1.175 -1.75
    endloop
  endfacet
  facet normal 0 0 -1
    outer loop
      vertex 3.12499 -1.11642 -1.75
      vertex 2.57501 -1.11642 -1.75
      vertex 3.12499 1.11642 -1.75
    endloop
  endfacet
  facet normal 0 0 -1
    outer loop
      vertex 2.57501 -1.11642 -1.75
      vertex 3.06641 -1.175 -1.75
      vertex 2.63358 -1.175 -1.75
    endloop
  endfacet
  facet normal 0 0 -1
    outer loop
      vertex 2.57501 1.11642 -1.75
      vertex 3.12499 1.11642 -1.75
      vertex 2.57501 -1.11642 -1.75
    endloop
  endfacet
  facet normal 0 0 -1
    outer loop
      vertex 3.12499 1.11642 -1.75
      vertex 2.57501 1.11642 -1.75
      vertex 3.06641 1.175 -1.75
    endloop
  endfacet
  facet normal -0 0 -1
    outer loop
      vertex 3.06641 1.175 -1.75
      vertex 2.57501 1.11642 -1.75
      vertex 2.63358 1.175 -1.75
    endloop
  endfacet
endsolid OpenSCAD_Model
