solid OpenSCAD_Model
  facet normal -0.954144 -0.299349 0
    outer loop
      vertex -8.65274 -7.52321 0.2
      vertex -8.72542 -7.29155 0.209999
      vertex -8.72542 -7.29155 0.2
    endloop
  endfacet
  facet normal -0.954144 -0.299349 0
    outer loop
      vertex -8.72542 -7.29155 0.209999
      vertex -8.65274 -7.52321 0.2
      vertex -8.65274 -7.52321 0.209999
    endloop
  endfacet
  facet normal 0.485332 -0.87433 0
    outer loop
      vertex 8.02321 -8.15274 0.2
      vertex 8.2355 -8.0349 0.209999
      vertex 8.02321 -8.15274 0.209999
    endloop
  endfacet
  facet normal 0.485332 -0.87433 0
    outer loop
      vertex 8.2355 -8.0349 0.209999
      vertex 8.02321 -8.15274 0.2
      vertex 8.2355 -8.0349 0.2
    endloop
  endfacet
  facet normal -0.843211 -0.264971 0.467745
    outer loop
      vertex -7.5438 -6.25887 2.93487
      vertex -7.53179 -6.32754 2.91762
      vertex -7.53801 -6.28997 2.92769
    endloop
  endfacet
  facet normal -0.844044 -0.264768 0.466356
    outer loop
      vertex -8.72542 -7.29155 0.209999
      vertex -7.53179 -6.32754 2.91762
      vertex -7.5438 -6.25887 2.93487
    endloop
  endfacet
  facet normal -0.84403 -0.264802 0.466362
    outer loop
      vertex -7.53179 -6.32754 2.91762
      vertex -8.72542 -7.29155 0.209999
      vertex -8.65274 -7.52321 0.209999
    endloop
  endfacet
  facet normal -0.896299 -0.108783 0.4299
    outer loop
      vertex -7.54589 -6.06251 2.9802
      vertex -8.72542 -7.29155 0.209999
      vertex -7.5438 -6.25887 2.93487
    endloop
  endfacet
  facet normal -0.440397 -0.897803 0
    outer loop
      vertex -8.18474 -8.06836 0.2
      vertex -7.96675 -8.17529 0.209999
      vertex -8.18474 -8.06836 0.209999
    endloop
  endfacet
  facet normal -0.440397 -0.897803 -0
    outer loop
      vertex -7.96675 -8.17529 0.209999
      vertex -8.18474 -8.06836 0.2
      vertex -7.96675 -8.17529 0.2
    endloop
  endfacet
  facet normal -0.900872 -0.0917532 0.424278
    outer loop
      vertex -8.74998 -7.04999 0.209999
      vertex -7.54589 -6.06251 2.9802
      vertex -7.54543 -5.996 2.99556
    endloop
  endfacet
  facet normal -0.900906 -0.0915974 0.424237
    outer loop
      vertex -7.54589 -6.06251 2.9802
      vertex -8.74998 -7.04999 0.209999
      vertex -8.72542 -7.29155 0.209999
    endloop
  endfacet
  facet normal 0.917859 1.81303e-06 0.396907
    outer loop
      vertex 7.4865 5.4057 3.13184
      vertex 8.74998 7.04999 0.209999
      vertex 7.54543 5.996 2.99556
    endloop
  endfacet
  facet normal 0.917862 -1.28584e-05 0.3969
    outer loop
      vertex 7.41161 4.51485 3.305
      vertex 8.74998 7.04999 0.209999
      vertex 7.4865 5.4057 3.13184
    endloop
  endfacet
  facet normal 0.917857 2.38656e-06 0.396911
    outer loop
      vertex 7.35022 3.6185 3.44697
      vertex 8.74998 7.04999 0.209999
      vertex 7.41161 4.51485 3.305
    endloop
  endfacet
  facet normal 0.917855 7.78186e-06 0.396915
    outer loop
      vertex 7.3024 2.71774 3.55757
      vertex 8.74998 7.04999 0.209999
      vertex 7.35022 3.6185 3.44697
    endloop
  endfacet
  facet normal 0.917864 -1.07052e-05 0.396895
    outer loop
      vertex 7.26819 1.81367 3.63666
      vertex 8.74998 7.04999 0.209999
      vertex 7.3024 2.71774 3.55757
    endloop
  endfacet
  facet normal 0.917858 4.52394e-07 0.39691
    outer loop
      vertex 7.24765 0.907387 3.68416
      vertex 8.74998 7.04999 0.209999
      vertex 7.26819 1.81367 3.63666
    endloop
  endfacet
  facet normal 0.917858 -3.2917e-07 0.396908
    outer loop
      vertex 7.2408 0 3.7
      vertex 8.74998 7.04999 0.209999
      vertex 7.24765 0.907387 3.68416
    endloop
  endfacet
  facet normal 0.917858 3.2917e-07 0.396908
    outer loop
      vertex 8.74998 -7.04999 0.209999
      vertex 7.2408 0 3.7
      vertex 7.24765 -0.907387 3.68416
    endloop
  endfacet
  facet normal 0.917858 -4.52394e-07 0.39691
    outer loop
      vertex 8.74998 -7.04999 0.209999
      vertex 7.24765 -0.907387 3.68416
      vertex 7.26819 -1.81367 3.63666
    endloop
  endfacet
  facet normal 0.917864 1.07052e-05 0.396895
    outer loop
      vertex 8.74998 -7.04999 0.209999
      vertex 7.26819 -1.81367 3.63666
      vertex 7.3024 -2.71774 3.55757
    endloop
  endfacet
  facet normal 0.917855 -7.78186e-06 0.396915
    outer loop
      vertex 8.74998 -7.04999 0.209999
      vertex 7.3024 -2.71774 3.55757
      vertex 7.35022 -3.6185 3.44697
    endloop
  endfacet
  facet normal 0.917857 -2.38656e-06 0.396911
    outer loop
      vertex 8.74998 -7.04999 0.209999
      vertex 7.35022 -3.6185 3.44697
      vertex 7.41161 -4.51485 3.305
    endloop
  endfacet
  facet normal 0.917862 1.28584e-05 0.3969
    outer loop
      vertex 8.74998 -7.04999 0.209999
      vertex 7.41161 -4.51485 3.305
      vertex 7.4865 -5.4057 3.13184
    endloop
  endfacet
  facet normal 0.917859 -1.81303e-06 0.396907
    outer loop
      vertex 8.74998 -7.04999 0.209999
      vertex 7.4865 -5.4057 3.13184
      vertex 7.54543 -5.996 2.99556
    endloop
  endfacet
  facet normal 0.917858 0 0.396909
    outer loop
      vertex 7.2408 0 3.7
      vertex 8.74998 -7.04999 0.209999
      vertex 8.74998 7.04999 0.209999
    endloop
  endfacet
  facet normal 0.440397 0.897803 -0
    outer loop
      vertex 8.18474 8.06836 0.2
      vertex 7.96675 8.17529 0.209999
      vertex 8.18474 8.06836 0.209999
    endloop
  endfacet
  facet normal 0.440397 0.897803 0
    outer loop
      vertex 7.96675 8.17529 0.209999
      vertex 8.18474 8.06836 0.2
      vertex 7.96675 8.17529 0.2
    endloop
  endfacet
  facet normal -0.43894 -0.376782 -0.8157
    outer loop
      vertex -8.5349 -7.7355 0.2
      vertex -8.17676 -7.71974 0
      vertex -8.37675 -7.91974 0.2
    endloop
  endfacet
  facet normal -0.438941 -0.376779 -0.815701
    outer loop
      vertex -8.17676 -7.71974 0
      vertex -8.5349 -7.7355 0.2
      vertex -8.3349 -7.53551 0
    endloop
  endfacet
  facet normal 0.561997 -0.654639 0.505576
    outer loop
      vertex 8.2355 -8.0349 0.209999
      vertex 7.30493 -6.85102 2.77735
      vertex 7.25419 -6.90594 2.76264
    endloop
  endfacet
  facet normal 0.561962 -0.654669 0.505577
    outer loop
      vertex 7.30493 -6.85102 2.77735
      vertex 8.2355 -8.0349 0.209999
      vertex 8.41974 -7.87675 0.209999
    endloop
  endfacet
  facet normal 0.264768 -0.844044 0.466356
    outer loop
      vertex 7.79155 -8.22542 0.209999
      vertex 6.92127 -7.11966 2.70537
      vertex 6.84856 -7.14643 2.6982
    endloop
  endfacet
  facet normal 0.264802 -0.84403 0.466362
    outer loop
      vertex 6.92127 -7.11966 2.70537
      vertex 7.79155 -8.22542 0.209999
      vertex 8.02321 -8.15274 0.209999
    endloop
  endfacet
  facet normal -0.880217 0.161332 0.446308
    outer loop
      vertex -8.73615 7.2317 0.209999
      vertex -7.53077 6.28997 2.92769
      vertex -7.52867 6.33432 2.9158
    endloop
  endfacet
  facet normal -0.880217 0.16133 0.446307
    outer loop
      vertex -7.53077 6.28997 2.92769
      vertex -8.73615 7.2317 0.209999
      vertex -7.54694 6.04583 2.98405
    endloop
  endfacet
  facet normal 0.595035 0.186684 -0.781718
    outer loop
      vertex 8.45274 7.32321 0
      vertex 8.72542 7.29155 0.2
      vertex 8.52542 7.09155 0
    endloop
  endfacet
  facet normal 0.595035 0.186684 -0.781718
    outer loop
      vertex 8.72542 7.29155 0.2
      vertex 8.45274 7.32321 0
      vertex 8.65274 7.52321 0.2
    endloop
  endfacet
  facet normal 0.263622 0.537426 -0.801048
    outer loop
      vertex 7.98474 7.86836 0
      vertex 7.96675 8.17529 0.2
      vertex 8.18474 8.06836 0.2
    endloop
  endfacet
  facet normal 0.263645 0.537423 -0.801042
    outer loop
      vertex 7.96675 8.17529 0.2
      vertex 7.98474 7.86836 0
      vertex 7.76675 7.9753 0
    endloop
  endfacet
  facet normal 0.287556 -0.518034 -0.805576
    outer loop
      vertex 8.02321 -8.15274 0.2
      vertex 8.03551 -7.8349 0
      vertex 8.2355 -8.0349 0.2
    endloop
  endfacet
  facet normal 0.287543 -0.518036 -0.805579
    outer loop
      vertex 8.03551 -7.8349 0
      vertex 8.02321 -8.15274 0.2
      vertex 7.82321 -7.95274 0
    endloop
  endfacet
  facet normal 0.0916506 -0.900896 0.424249
    outer loop
      vertex 7.54999 -8.24998 0.209999
      vertex 6.69028 -7.16852 2.69221
      vertex 6.61186 -7.17784 2.68936
    endloop
  endfacet
  facet normal 0.0915975 -0.900907 0.424236
    outer loop
      vertex 6.69028 -7.16852 2.69221
      vertex 7.54999 -8.24998 0.209999
      vertex 7.79155 -8.22542 0.209999
    endloop
  endfacet
  facet normal 0.459019 -0.355291 -0.814291
    outer loop
      vertex 8.21974 -7.67676 0
      vertex 8.56836 -7.68474 0.2
      vertex 8.41974 -7.87675 0.2
    endloop
  endfacet
  facet normal 0.459022 -0.355275 -0.814297
    outer loop
      vertex 8.56836 -7.68474 0.2
      vertex 8.21974 -7.67676 0
      vertex 8.36836 -7.48474 0
    endloop
  endfacet
  facet normal 0.109123 -0.896205 0.430009
    outer loop
      vertex 7.79155 -8.22542 0.209999
      vertex 6.70397 -7.16657 2.6928
      vertex 6.69028 -7.16852 2.69221
    endloop
  endfacet
  facet normal 0.10879 -0.896297 0.429902
    outer loop
      vertex 6.70397 -7.16657 2.6928
      vertex 7.79155 -8.22542 0.209999
      vertex 6.84856 -7.14643 2.6982
    endloop
  endfacet
  facet normal 0.783335 -0.384317 0.488555
    outer loop
      vertex 7.49847 -6.47291 2.87867
      vertex 8.67529 -7.46675 0.209999
      vertex 7.52045 -6.40496 2.89688
    endloop
  endfacet
  facet normal 0.783366 -0.384262 0.488549
    outer loop
      vertex 8.67529 -7.46675 0.209999
      vertex 7.49847 -6.47291 2.87867
      vertex 8.56836 -7.68474 0.209999
    endloop
  endfacet
  facet normal -0.917859 1.81303e-06 0.396907
    outer loop
      vertex -8.74998 7.04999 0.209999
      vertex -7.4865 5.4057 3.13184
      vertex -7.54543 5.996 2.99556
    endloop
  endfacet
  facet normal -0.917862 -1.28584e-05 0.3969
    outer loop
      vertex -8.74998 7.04999 0.209999
      vertex -7.41161 4.51485 3.305
      vertex -7.4865 5.4057 3.13184
    endloop
  endfacet
  facet normal -0.917857 2.38656e-06 0.396911
    outer loop
      vertex -8.74998 7.04999 0.209999
      vertex -7.35022 3.6185 3.44697
      vertex -7.41161 4.51485 3.305
    endloop
  endfacet
  facet normal -0.917855 7.78186e-06 0.396915
    outer loop
      vertex -8.74998 7.04999 0.209999
      vertex -7.3024 2.71774 3.55757
      vertex -7.35022 3.6185 3.44697
    endloop
  endfacet
  facet normal -0.917864 -1.07052e-05 0.396895
    outer loop
      vertex -8.74998 7.04999 0.209999
      vertex -7.26819 1.81367 3.63666
      vertex -7.3024 2.71774 3.55757
    endloop
  endfacet
  facet normal -0.917858 4.52394e-07 0.39691
    outer loop
      vertex -8.74998 7.04999 0.209999
      vertex -7.24765 0.907387 3.68416
      vertex -7.26819 1.81367 3.63666
    endloop
  endfacet
  facet normal -0.917858 -3.2917e-07 0.396908
    outer loop
      vertex -8.74998 7.04999 0.209999
      vertex -7.2408 0 3.7
      vertex -7.24765 0.907387 3.68416
    endloop
  endfacet
  facet normal -0.917858 0 0.396909
    outer loop
      vertex -8.74998 -7.04999 0.209999
      vertex -7.2408 0 3.7
      vertex -8.74998 7.04999 0.209999
    endloop
  endfacet
  facet normal -0.917858 3.2917e-07 0.396908
    outer loop
      vertex -7.2408 0 3.7
      vertex -8.74998 -7.04999 0.209999
      vertex -7.24765 -0.907387 3.68416
    endloop
  endfacet
  facet normal -0.917858 -4.52394e-07 0.39691
    outer loop
      vertex -7.24765 -0.907387 3.68416
      vertex -8.74998 -7.04999 0.209999
      vertex -7.26819 -1.81367 3.63666
    endloop
  endfacet
  facet normal -0.917864 1.07052e-05 0.396895
    outer loop
      vertex -7.26819 -1.81367 3.63666
      vertex -8.74998 -7.04999 0.209999
      vertex -7.3024 -2.71774 3.55757
    endloop
  endfacet
  facet normal -0.917855 -7.78186e-06 0.396915
    outer loop
      vertex -7.3024 -2.71774 3.55757
      vertex -8.74998 -7.04999 0.209999
      vertex -7.35022 -3.6185 3.44697
    endloop
  endfacet
  facet normal -0.917857 -2.38656e-06 0.396911
    outer loop
      vertex -7.35022 -3.6185 3.44697
      vertex -8.74998 -7.04999 0.209999
      vertex -7.41161 -4.51485 3.305
    endloop
  endfacet
  facet normal -0.917862 1.28584e-05 0.3969
    outer loop
      vertex -7.41161 -4.51485 3.305
      vertex -8.74998 -7.04999 0.209999
      vertex -7.4865 -5.4057 3.13184
    endloop
  endfacet
  facet normal -0.917859 -1.81303e-06 0.396907
    outer loop
      vertex -7.4865 -5.4057 3.13184
      vertex -8.74998 -7.04999 0.209999
      vertex -7.54543 -5.996 2.99556
    endloop
  endfacet
  facet normal -0.355275 -0.459022 -0.814297
    outer loop
      vertex -8.18474 -8.06836 0.2
      vertex -8.17676 -7.71974 0
      vertex -7.98474 -7.86836 0
    endloop
  endfacet
  facet normal -0.355291 -0.459019 -0.814291
    outer loop
      vertex -8.17676 -7.71974 0
      vertex -8.18474 -8.06836 0.2
      vertex -8.37675 -7.91974 0.2
    endloop
  endfacet
  facet normal -0.821414 -0.31162 0.477673
    outer loop
      vertex -7.53179 -6.32754 2.91762
      vertex -8.65274 -7.52321 0.209999
      vertex -7.49073 -6.51122 2.8684
    endloop
  endfacet
  facet normal 0 -0.917859 0.396906
    outer loop
      vertex -7.54999 -8.24998 0.209999
      vertex 6.61186 -7.17784 2.68936
      vertex -6.61186 -7.17784 2.68936
    endloop
  endfacet
  facet normal 0 -0.917859 0.396906
    outer loop
      vertex 6.61186 -7.17784 2.68936
      vertex -7.54999 -8.24998 0.209999
      vertex 7.54999 -8.24998 0.209999
    endloop
  endfacet
  facet normal 0.821414 0.31162 0.477673
    outer loop
      vertex 8.65274 7.52321 0.209999
      vertex 7.49073 6.51122 2.8684
      vertex 7.53179 6.32754 2.91762
    endloop
  endfacet
  facet normal -0.0916506 0.900896 0.424249
    outer loop
      vertex -7.54999 8.24998 0.209999
      vertex -6.69028 7.16852 2.69221
      vertex -6.61186 7.17784 2.68936
    endloop
  endfacet
  facet normal -0.0915975 0.900907 0.424236
    outer loop
      vertex -6.69028 7.16852 2.69221
      vertex -7.54999 8.24998 0.209999
      vertex -7.79155 8.22542 0.209999
    endloop
  endfacet
  facet normal 0.760601 0.422202 0.493185
    outer loop
      vertex 7.46491 6.57894 2.85026
      vertex 8.65274 7.52321 0.209999
      vertex 8.5349 7.7355 0.209999
    endloop
  endfacet
  facet normal 0.760649 0.422124 0.493179
    outer loop
      vertex 8.65274 7.52321 0.209999
      vertex 7.46491 6.57894 2.85026
      vertex 7.49073 6.51122 2.8684
    endloop
  endfacet
  facet normal 0.758788 0.651337 0
    outer loop
      vertex 8.5349 7.7355 0.209999
      vertex 8.37675 7.91974 0.2
      vertex 8.37675 7.91974 0.209999
    endloop
  endfacet
  facet normal 0.758788 0.651337 0
    outer loop
      vertex 8.37675 7.91974 0.2
      vertex 8.5349 7.7355 0.209999
      vertex 8.5349 7.7355 0.2
    endloop
  endfacet
  facet normal -0.783366 0.384262 0.488549
    outer loop
      vertex -8.67529 7.46675 0.209999
      vertex -7.49847 6.47291 2.87867
      vertex -8.56836 7.68474 0.209999
    endloop
  endfacet
  facet normal -0.783335 0.384317 0.488555
    outer loop
      vertex -7.49847 6.47291 2.87867
      vertex -8.67529 7.46675 0.209999
      vertex -7.52045 6.40496 2.89688
    endloop
  endfacet
  facet normal -0.711151 -0.490923 0.503248
    outer loop
      vertex -7.46491 -6.57894 2.85026
      vertex -8.5349 -7.7355 0.209999
      vertex -7.38589 -6.73676 2.80797
    endloop
  endfacet
  facet normal -0.561997 0.654639 0.505576
    outer loop
      vertex -8.2355 8.0349 0.209999
      vertex -7.30493 6.85102 2.77735
      vertex -7.25419 6.90594 2.76264
    endloop
  endfacet
  facet normal -0.561962 0.654669 0.505577
    outer loop
      vertex -7.30493 6.85102 2.77735
      vertex -8.2355 8.0349 0.209999
      vertex -8.41974 7.87675 0.209999
    endloop
  endfacet
  facet normal 0 0.707124 -0.707089
    outer loop
      vertex 7.34999 8.04999 0
      vertex -7.54999 8.24998 0.2
      vertex 7.54999 8.24998 0.2
    endloop
  endfacet
  facet normal 0 0.707124 -0.707089
    outer loop
      vertex -7.54999 8.24998 0.2
      vertex 7.34999 8.04999 0
      vertex -7.34999 8.04999 0
    endloop
  endfacet
  facet normal -0.654701 -0.561924 0.505577
    outer loop
      vertex -8.5349 -7.7355 0.209999
      vertex -7.34544 -6.79886 2.79133
      vertex -7.38589 -6.73676 2.80797
    endloop
  endfacet
  facet normal -0.654669 -0.561962 0.505576
    outer loop
      vertex -7.34544 -6.79886 2.79133
      vertex -8.5349 -7.7355 0.209999
      vertex -8.37675 -7.91974 0.209999
    endloop
  endfacet
  facet normal 0.490909 -0.711162 0.503246
    outer loop
      vertex 7.25419 -6.90594 2.76264
      vertex 7.12976 -7.01193 2.73424
      vertex 8.2355 -8.0349 0.209999
    endloop
  endfacet
  facet normal -0.612088 -0.790789 0
    outer loop
      vertex -8.37675 -7.91974 0.2
      vertex -8.18474 -8.06836 0.209999
      vertex -8.37675 -7.91974 0.209999
    endloop
  endfacet
  facet normal -0.612088 -0.790789 -0
    outer loop
      vertex -8.18474 -8.06836 0.209999
      vertex -8.37675 -7.91974 0.2
      vertex -8.18474 -8.06836 0.2
    endloop
  endfacet
  facet normal 0.528646 0.682986 0.504047
    outer loop
      vertex 8.18474 8.06836 0.209999
      vertex 7.23452 6.92345 2.75795
      vertex 8.37675 7.91974 0.209999
    endloop
  endfacet
  facet normal 0.528632 0.682997 0.504047
    outer loop
      vertex 7.23452 6.92345 2.75795
      vertex 8.18474 8.06836 0.209999
      vertex 7.18029 6.97577 2.74393
    endloop
  endfacet
  facet normal 0 -0.707124 -0.707089
    outer loop
      vertex -7.34999 -8.04999 0
      vertex 7.54999 -8.24998 0.2
      vertex -7.54999 -8.24998 0.2
    endloop
  endfacet
  facet normal 0 -0.707124 -0.707089
    outer loop
      vertex 7.54999 -8.24998 0.2
      vertex -7.34999 -8.04999 0
      vertex 7.34999 -8.04999 0
    endloop
  endfacet
  facet normal 0.711151 0.490923 0.503248
    outer loop
      vertex 8.5349 7.7355 0.209999
      vertex 7.38589 6.73676 2.80797
      vertex 7.46491 6.57894 2.85026
    endloop
  endfacet
  facet normal 0.0758908 0.997116 -0
    outer loop
      vertex 7.7317 8.23615 0.2
      vertex 7.54999 8.24998 0.209999
      vertex 7.7317 8.23615 0.209999
    endloop
  endfacet
  facet normal 0.0758908 0.997116 0
    outer loop
      vertex 7.54999 8.24998 0.209999
      vertex 7.7317 8.23615 0.2
      vertex 7.54999 8.24998 0.2
    endloop
  endfacet
  facet normal -0.404441 -0.770578 0.492581
    outer loop
      vertex -7.18029 -6.97577 2.74393
      vertex -8.18474 -8.06836 0.209999
      vertex -7.04456 -7.06173 2.7209
    endloop
  endfacet
  facet normal -0.485332 0.87433 0
    outer loop
      vertex -8.02321 8.15274 0.2
      vertex -8.2355 8.0349 0.209999
      vertex -8.02321 8.15274 0.209999
    endloop
  endfacet
  facet normal -0.485332 0.87433 0
    outer loop
      vertex -8.2355 8.0349 0.209999
      vertex -8.02321 8.15274 0.2
      vertex -8.2355 8.0349 0.2
    endloop
  endfacet
  facet normal -0.384263 -0.783368 0.488546
    outer loop
      vertex -7.96675 -8.17529 0.209999
      vertex -7.04456 -7.06173 2.7209
      vertex -8.18474 -8.06836 0.209999
    endloop
  endfacet
  facet normal -0.384154 -0.783429 0.488533
    outer loop
      vertex -7.04456 -7.06173 2.7209
      vertex -7.96675 -8.17529 0.209999
      vertex -6.97861 -7.10056 2.71049
    endloop
  endfacet
  facet normal -0.595035 -0.186684 -0.781718
    outer loop
      vertex -8.72542 -7.29155 0.2
      vertex -8.45274 -7.32321 0
      vertex -8.65274 -7.52321 0.2
    endloop
  endfacet
  facet normal -0.595035 -0.186684 -0.781718
    outer loop
      vertex -8.45274 -7.32321 0
      vertex -8.72542 -7.29155 0.2
      vertex -8.52542 -7.09155 0
    endloop
  endfacet
  facet normal -0.459022 0.355275 -0.814297
    outer loop
      vertex -8.56836 7.68474 0.2
      vertex -8.21974 7.67676 0
      vertex -8.36836 7.48474 0
    endloop
  endfacet
  facet normal -0.459019 0.355291 -0.814291
    outer loop
      vertex -8.21974 7.67676 0
      vertex -8.56836 7.68474 0.2
      vertex -8.41974 7.87675 0.2
    endloop
  endfacet
  facet normal 0.159001 0.614086 -0.773057
    outer loop
      vertex 7.76675 7.9753 0
      vertex 7.7317 8.23615 0.2
      vertex 7.96675 8.17529 0.2
    endloop
  endfacet
  facet normal 0.158982 0.614086 -0.773061
    outer loop
      vertex 7.7317 8.23615 0.2
      vertex 7.76675 7.9753 0
      vertex 7.53171 8.03615 0
    endloop
  endfacet
  facet normal -0.16131 -0.880223 0.446303
    outer loop
      vertex -7.7317 -8.23615 0.209999
      vertex -6.69883 -7.16657 2.6928
      vertex -6.9044 -7.12297 2.70449
    endloop
  endfacet
  facet normal -0.161426 -0.880186 0.446335
    outer loop
      vertex -6.69883 -7.16657 2.6928
      vertex -7.7317 -8.23615 0.209999
      vertex -6.67112 -7.17258 2.69097
    endloop
  endfacet
  facet normal -0.571179 -0.644645 0.508122
    outer loop
      vertex -7.34544 -6.79886 2.79133
      vertex -8.37675 -7.91974 0.209999
      vertex -7.23452 -6.92345 2.75795
    endloop
  endfacet
  facet normal 0.571179 0.644645 0.508122
    outer loop
      vertex 8.37675 7.91974 0.209999
      vertex 7.23452 6.92345 2.75795
      vertex 7.34544 6.79886 2.79133
    endloop
  endfacet
  facet normal -0.994871 -0.101151 0
    outer loop
      vertex -8.72542 -7.29155 0.2
      vertex -8.74998 -7.04999 0.209999
      vertex -8.74998 -7.04999 0.2
    endloop
  endfacet
  facet normal -0.994871 -0.101151 0
    outer loop
      vertex -8.74998 -7.04999 0.209999
      vertex -8.72542 -7.29155 0.2
      vertex -8.72542 -7.29155 0.209999
    endloop
  endfacet
  facet normal -0.707124 0 -0.707089
    outer loop
      vertex -8.54999 -6.84999 0
      vertex -8.74998 7.04999 0.2
      vertex -8.54999 6.84999 0
    endloop
  endfacet
  facet normal -0.707124 -0 -0.707089
    outer loop
      vertex -8.74998 7.04999 0.2
      vertex -8.54999 -6.84999 0
      vertex -8.74998 -7.04999 0.2
    endloop
  endfacet
  facet normal -0.518034 -0.287556 -0.805576
    outer loop
      vertex -8.65274 -7.52321 0.2
      vertex -8.3349 -7.53551 0
      vertex -8.5349 -7.7355 0.2
    endloop
  endfacet
  facet normal -0.518036 -0.287543 -0.805579
    outer loop
      vertex -8.3349 -7.53551 0
      vertex -8.65274 -7.52321 0.2
      vertex -8.45274 -7.32321 0
    endloop
  endfacet
  facet normal 0.905882 -0.0690688 0.417861
    outer loop
      vertex 7.54694 -6.04583 2.98405
      vertex 8.74998 -7.04999 0.209999
      vertex 7.54543 -5.996 2.99556
    endloop
  endfacet
  facet normal 0.905906 -0.0689488 0.417828
    outer loop
      vertex 8.74998 -7.04999 0.209999
      vertex 7.54694 -6.04583 2.98405
      vertex 8.73615 -7.2317 0.209999
    endloop
  endfacet
  facet normal -0.7706 0.404405 0.492577
    outer loop
      vertex -7.43757 6.64518 2.83251
      vertex -8.56836 7.68474 0.209999
      vertex -7.49847 6.47291 2.87867
    endloop
  endfacet
  facet normal 0 -1 0
    outer loop
      vertex -7.54999 -8.24998 0.2
      vertex 7.54999 -8.24998 0.209999
      vertex -7.54999 -8.24998 0.209999
    endloop
  endfacet
  facet normal 0 -1 -0
    outer loop
      vertex 7.54999 -8.24998 0.209999
      vertex -7.54999 -8.24998 0.2
      vertex 7.54999 -8.24998 0.2
    endloop
  endfacet
  facet normal -0.250658 -0.968076 0
    outer loop
      vertex -7.96675 -8.17529 0.2
      vertex -7.7317 -8.23615 0.209999
      vertex -7.96675 -8.17529 0.209999
    endloop
  endfacet
  facet normal -0.250658 -0.968076 -0
    outer loop
      vertex -7.7317 -8.23615 0.209999
      vertex -7.96675 -8.17529 0.2
      vertex -7.7317 -8.23615 0.2
    endloop
  endfacet
  facet normal 0.644642 -0.571181 0.508123
    outer loop
      vertex 7.40095 -6.70873 2.81548
      vertex 7.30493 -6.85102 2.77735
      vertex 8.41974 -7.87675 0.209999
    endloop
  endfacet
  facet normal -0.760649 -0.422124 0.493179
    outer loop
      vertex -8.65274 -7.52321 0.209999
      vertex -7.46491 -6.57894 2.85026
      vertex -7.49073 -6.51122 2.8684
    endloop
  endfacet
  facet normal -0.760601 -0.422202 0.493185
    outer loop
      vertex -7.46491 -6.57894 2.85026
      vertex -8.65274 -7.52321 0.209999
      vertex -8.5349 -7.7355 0.209999
    endloop
  endfacet
  facet normal -0.528646 -0.682986 0.504047
    outer loop
      vertex -8.18474 -8.06836 0.209999
      vertex -7.23452 -6.92345 2.75795
      vertex -8.37675 -7.91974 0.209999
    endloop
  endfacet
  facet normal -0.528632 -0.682997 0.504047
    outer loop
      vertex -7.23452 -6.92345 2.75795
      vertex -8.18474 -8.06836 0.209999
      vertex -7.18029 -6.97577 2.74393
    endloop
  endfacet
  facet normal 1 -0 0
    outer loop
      vertex 8.74998 -7.04999 0.209999
      vertex 8.74998 7.04999 0.2
      vertex 8.74998 7.04999 0.209999
    endloop
  endfacet
  facet normal 1 0 0
    outer loop
      vertex 8.74998 7.04999 0.2
      vertex 8.74998 -7.04999 0.209999
      vertex 8.74998 -7.04999 0.2
    endloop
  endfacet
  facet normal 0.707124 0 -0.707089
    outer loop
      vertex 8.74998 7.04999 0.2
      vertex 8.54999 -6.84999 0
      vertex 8.54999 6.84999 0
    endloop
  endfacet
  facet normal 0.707124 0 -0.707089
    outer loop
      vertex 8.54999 -6.84999 0
      vertex 8.74998 7.04999 0.2
      vertex 8.74998 -7.04999 0.2
    endloop
  endfacet
  facet normal -1 0 0
    outer loop
      vertex -8.74998 -7.04999 0.2
      vertex -8.74998 7.04999 0.209999
      vertex -8.74998 7.04999 0.2
    endloop
  endfacet
  facet normal -1 -0 0
    outer loop
      vertex -8.74998 7.04999 0.209999
      vertex -8.74998 -7.04999 0.2
      vertex -8.74998 -7.04999 0.209999
    endloop
  endfacet
  facet normal 0.404441 0.770578 0.492581
    outer loop
      vertex 8.18474 8.06836 0.209999
      vertex 7.04456 7.06173 2.7209
      vertex 7.18029 6.97577 2.74393
    endloop
  endfacet
  facet normal -0.682985 0.528646 0.504048
    outer loop
      vertex -8.56836 7.68474 0.209999
      vertex -7.40095 6.70873 2.81548
      vertex -8.41974 7.87675 0.209999
    endloop
  endfacet
  facet normal -0.68299 0.52864 0.504048
    outer loop
      vertex -7.40095 6.70873 2.81548
      vertex -8.56836 7.68474 0.209999
      vertex -7.43757 6.64518 2.83251
    endloop
  endfacet
  facet normal -0.860599 0.222829 0.457948
    outer loop
      vertex -8.73615 7.2317 0.209999
      vertex -7.52045 6.40496 2.89688
      vertex -8.67529 7.46675 0.209999
    endloop
  endfacet
  facet normal -0.860609 0.222799 0.457943
    outer loop
      vertex -7.52045 6.40496 2.89688
      vertex -8.73615 7.2317 0.209999
      vertex -7.52867 6.33432 2.9158
    endloop
  endfacet
  facet normal -0.87433 -0.485332 0
    outer loop
      vertex -8.5349 -7.7355 0.2
      vertex -8.65274 -7.52321 0.209999
      vertex -8.65274 -7.52321 0.2
    endloop
  endfacet
  facet normal -0.87433 -0.485332 0
    outer loop
      vertex -8.65274 -7.52321 0.209999
      vertex -8.5349 -7.7355 0.2
      vertex -8.5349 -7.7355 0.209999
    endloop
  endfacet
  facet normal 0 0 -1
    outer loop
      vertex 8.17529 -6.96675 0
      vertex 8.54999 -6.84999 0
      vertex 8.53615 -7.03171 0
    endloop
  endfacet
  facet normal 0 0 -1
    outer loop
      vertex 8.54999 -6.84999 0
      vertex 8.24998 -6.54999 0
      vertex 8.54999 6.84999 0
    endloop
  endfacet
  facet normal 0 0 -1
    outer loop
      vertex 8.17529 -6.96675 0
      vertex 8.53615 -7.03171 0
      vertex 8.4753 -7.26675 0
    endloop
  endfacet
  facet normal 0 0 -1
    outer loop
      vertex 8.54999 6.84999 0
      vertex 8.24998 -6.54999 0
      vertex 8.24998 6.54999 0
    endloop
  endfacet
  facet normal 0 0 -1
    outer loop
      vertex 8.06836 -7.18474 0
      vertex 8.4753 -7.26675 0
      vertex 8.36836 -7.48474 0
    endloop
  endfacet
  facet normal 0 0 -1
    outer loop
      vertex 8.22542 6.79155 0
      vertex 8.54999 6.84999 0
      vertex 8.24998 6.54999 0
    endloop
  endfacet
  facet normal -0 0 -1
    outer loop
      vertex 8.54999 6.84999 0
      vertex 8.22542 6.79155 0
      vertex 8.52542 7.09155 0
    endloop
  endfacet
  facet normal 0 0 -1
    outer loop
      vertex 8.54999 -6.84999 0
      vertex 8.23615 -6.7317 0
      vertex 8.24998 -6.54999 0
    endloop
  endfacet
  facet normal 0 0 -1
    outer loop
      vertex 7.91974 -7.37675 0
      vertex 8.36836 -7.48474 0
      vertex 8.21974 -7.67676 0
    endloop
  endfacet
  facet normal -0 0 -1
    outer loop
      vertex 8.54999 -6.84999 0
      vertex 8.17529 -6.96675 0
      vertex 8.23615 -6.7317 0
    endloop
  endfacet
  facet normal 0 0 -1
    outer loop
      vertex 8.4753 -7.26675 0
      vertex 8.06836 -7.18474 0
      vertex 8.17529 -6.96675 0
    endloop
  endfacet
  facet normal 0 0 -1
    outer loop
      vertex 7.91974 -7.37675 0
      vertex 8.21974 -7.67676 0
      vertex 8.03551 -7.8349 0
    endloop
  endfacet
  facet normal 0 0 -1
    outer loop
      vertex 8.36836 -7.48474 0
      vertex 7.91974 -7.37675 0
      vertex 8.06836 -7.18474 0
    endloop
  endfacet
  facet normal 0 0 -1
    outer loop
      vertex 7.7355 -7.5349 0
      vertex 8.03551 -7.8349 0
      vertex 7.82321 -7.95274 0
    endloop
  endfacet
  facet normal 0 0 -1
    outer loop
      vertex 8.03551 -7.8349 0
      vertex 7.7355 -7.5349 0
      vertex 7.91974 -7.37675 0
    endloop
  endfacet
  facet normal 0 0 -1
    outer loop
      vertex 7.52321 -7.65274 0
      vertex 7.82321 -7.95274 0
      vertex 7.59155 -8.02542 0
    endloop
  endfacet
  facet normal 0 0 -1
    outer loop
      vertex 7.82321 -7.95274 0
      vertex 7.52321 -7.65274 0
      vertex 7.7355 -7.5349 0
    endloop
  endfacet
  facet normal 0 0 -1
    outer loop
      vertex 7.29155 -7.72542 0
      vertex 7.59155 -8.02542 0
      vertex 7.34999 -8.04999 0
    endloop
  endfacet
  facet normal 0 0 -1
    outer loop
      vertex 7.59155 -8.02542 0
      vertex 7.29155 -7.72542 0
      vertex 7.52321 -7.65274 0
    endloop
  endfacet
  facet normal 0 0 -1
    outer loop
      vertex 7.34999 -8.04999 0
      vertex 7.04999 -7.74998 0
      vertex 7.29155 -7.72542 0
    endloop
  endfacet
  facet normal 0 0 -1
    outer loop
      vertex 7.34999 -8.04999 0
      vertex -7.04999 -7.74998 0
      vertex 7.04999 -7.74998 0
    endloop
  endfacet
  facet normal 0 0 -1
    outer loop
      vertex -7.34999 -8.04999 0
      vertex -7.04999 -7.74998 0
      vertex 7.34999 -8.04999 0
    endloop
  endfacet
  facet normal 0 0 -1
    outer loop
      vertex -7.34999 -8.04999 0
      vertex -7.2317 -7.73615 0
      vertex -7.04999 -7.74998 0
    endloop
  endfacet
  facet normal 0 0 -1
    outer loop
      vertex -7.34999 -8.04999 0
      vertex -7.46675 -7.67529 0
      vertex -7.2317 -7.73615 0
    endloop
  endfacet
  facet normal 0 0 -1
    outer loop
      vertex -7.53171 -8.03615 0
      vertex -7.46675 -7.67529 0
      vertex -7.34999 -8.04999 0
    endloop
  endfacet
  facet normal 0 0 -1
    outer loop
      vertex -7.76675 -7.9753 0
      vertex -7.46675 -7.67529 0
      vertex -7.53171 -8.03615 0
    endloop
  endfacet
  facet normal -0 0 -1
    outer loop
      vertex -7.46675 -7.67529 0
      vertex -7.76675 -7.9753 0
      vertex -7.68474 -7.56836 0
    endloop
  endfacet
  facet normal 0 0 -1
    outer loop
      vertex -7.98474 -7.86836 0
      vertex -7.68474 -7.56836 0
      vertex -7.76675 -7.9753 0
    endloop
  endfacet
  facet normal -0 0 -1
    outer loop
      vertex -7.68474 -7.56836 0
      vertex -7.98474 -7.86836 0
      vertex -7.87675 -7.41974 0
    endloop
  endfacet
  facet normal 0 0 -1
    outer loop
      vertex -8.17676 -7.71974 0
      vertex -7.87675 -7.41974 0
      vertex -7.98474 -7.86836 0
    endloop
  endfacet
  facet normal 0 0 -1
    outer loop
      vertex -8.3349 -7.53551 0
      vertex -7.87675 -7.41974 0
      vertex -8.17676 -7.71974 0
    endloop
  endfacet
  facet normal -0 0 -1
    outer loop
      vertex -7.87675 -7.41974 0
      vertex -8.3349 -7.53551 0
      vertex -8.0349 -7.2355 0
    endloop
  endfacet
  facet normal 0 0 -1
    outer loop
      vertex -8.45274 -7.32321 0
      vertex -8.0349 -7.2355 0
      vertex -8.3349 -7.53551 0
    endloop
  endfacet
  facet normal -0 0 -1
    outer loop
      vertex -8.0349 -7.2355 0
      vertex -8.45274 -7.32321 0
      vertex -8.15274 -7.02321 0
    endloop
  endfacet
  facet normal -0 0 -1
    outer loop
      vertex -8.15274 -7.02321 0
      vertex -8.52542 -7.09155 0
      vertex -8.22542 -6.79155 0
    endloop
  endfacet
  facet normal 0 0 -1
    outer loop
      vertex -8.52542 -7.09155 0
      vertex -8.15274 -7.02321 0
      vertex -8.45274 -7.32321 0
    endloop
  endfacet
  facet normal 0 0 -1
    outer loop
      vertex 8.15274 7.02321 0
      vertex 8.52542 7.09155 0
      vertex 8.22542 6.79155 0
    endloop
  endfacet
  facet normal -0 0 -1
    outer loop
      vertex 8.52542 7.09155 0
      vertex 8.15274 7.02321 0
      vertex 8.45274 7.32321 0
    endloop
  endfacet
  facet normal 0 0 -1
    outer loop
      vertex 8.0349 7.2355 0
      vertex 8.45274 7.32321 0
      vertex 8.15274 7.02321 0
    endloop
  endfacet
  facet normal -0 0 -1
    outer loop
      vertex 8.45274 7.32321 0
      vertex 8.0349 7.2355 0
      vertex 8.3349 7.53551 0
    endloop
  endfacet
  facet normal 0 0 -1
    outer loop
      vertex 7.87675 7.41974 0
      vertex 8.3349 7.53551 0
      vertex 8.0349 7.2355 0
    endloop
  endfacet
  facet normal -0 0 -1
    outer loop
      vertex 8.3349 7.53551 0
      vertex 7.87675 7.41974 0
      vertex 8.17676 7.71974 0
    endloop
  endfacet
  facet normal -0 0 -1
    outer loop
      vertex 8.17676 7.71974 0
      vertex 7.87675 7.41974 0
      vertex 7.98474 7.86836 0
    endloop
  endfacet
  facet normal 0 0 -1
    outer loop
      vertex 7.68474 7.56836 0
      vertex 7.98474 7.86836 0
      vertex 7.87675 7.41974 0
    endloop
  endfacet
  facet normal -0 0 -1
    outer loop
      vertex 7.98474 7.86836 0
      vertex 7.68474 7.56836 0
      vertex 7.76675 7.9753 0
    endloop
  endfacet
  facet normal 0 0 -1
    outer loop
      vertex 7.46675 7.67529 0
      vertex 7.76675 7.9753 0
      vertex 7.68474 7.56836 0
    endloop
  endfacet
  facet normal -0 0 -1
    outer loop
      vertex 7.76675 7.9753 0
      vertex 7.46675 7.67529 0
      vertex 7.53171 8.03615 0
    endloop
  endfacet
  facet normal 0 0 -1
    outer loop
      vertex 7.46675 7.67529 0
      vertex 7.34999 8.04999 0
      vertex 7.53171 8.03615 0
    endloop
  endfacet
  facet normal 0 0 -1
    outer loop
      vertex 7.2317 7.73615 0
      vertex 7.34999 8.04999 0
      vertex 7.46675 7.67529 0
    endloop
  endfacet
  facet normal 0 0 -1
    outer loop
      vertex 7.04999 7.74998 0
      vertex 7.34999 8.04999 0
      vertex 7.2317 7.73615 0
    endloop
  endfacet
  facet normal 0 0 -1
    outer loop
      vertex -7.04999 7.74998 0
      vertex 7.34999 8.04999 0
      vertex 7.04999 7.74998 0
    endloop
  endfacet
  facet normal 0 0 -1
    outer loop
      vertex -7.04999 7.74998 0
      vertex -7.34999 8.04999 0
      vertex 7.34999 8.04999 0
    endloop
  endfacet
  facet normal 0 0 -1
    outer loop
      vertex -7.29155 7.72542 0
      vertex -7.34999 8.04999 0
      vertex -7.04999 7.74998 0
    endloop
  endfacet
  facet normal 0 0 -1
    outer loop
      vertex -7.59155 8.02542 0
      vertex -7.29155 7.72542 0
      vertex -7.52321 7.65274 0
    endloop
  endfacet
  facet normal 0 0 -1
    outer loop
      vertex -7.29155 7.72542 0
      vertex -7.59155 8.02542 0
      vertex -7.34999 8.04999 0
    endloop
  endfacet
  facet normal 0 0 -1
    outer loop
      vertex -7.82321 7.95274 0
      vertex -7.52321 7.65274 0
      vertex -7.7355 7.5349 0
    endloop
  endfacet
  facet normal 0 0 -1
    outer loop
      vertex -7.52321 7.65274 0
      vertex -7.82321 7.95274 0
      vertex -7.59155 8.02542 0
    endloop
  endfacet
  facet normal 0 0 -1
    outer loop
      vertex -8.03551 7.8349 0
      vertex -7.7355 7.5349 0
      vertex -7.91974 7.37675 0
    endloop
  endfacet
  facet normal 0 0 -1
    outer loop
      vertex -7.7355 7.5349 0
      vertex -8.03551 7.8349 0
      vertex -7.82321 7.95274 0
    endloop
  endfacet
  facet normal 0 0 -1
    outer loop
      vertex -8.36836 7.48474 0
      vertex -7.91974 7.37675 0
      vertex -8.06836 7.18474 0
    endloop
  endfacet
  facet normal 0 0 -1
    outer loop
      vertex -8.4753 7.26675 0
      vertex -8.06836 7.18474 0
      vertex -8.17529 6.96675 0
    endloop
  endfacet
  facet normal 0 0 -1
    outer loop
      vertex -7.91974 7.37675 0
      vertex -8.21974 7.67676 0
      vertex -8.03551 7.8349 0
    endloop
  endfacet
  facet normal 0 0 -1
    outer loop
      vertex -8.54999 6.84999 0
      vertex -8.17529 6.96675 0
      vertex -8.23615 6.7317 0
    endloop
  endfacet
  facet normal 0 0 -1
    outer loop
      vertex -8.54999 6.84999 0
      vertex -8.23615 6.7317 0
      vertex -8.24998 6.54999 0
    endloop
  endfacet
  facet normal 0 0 -1
    outer loop
      vertex -7.91974 7.37675 0
      vertex -8.36836 7.48474 0
      vertex -8.21974 7.67676 0
    endloop
  endfacet
  facet normal -0 0 -1
    outer loop
      vertex -8.24998 -6.54999 0
      vertex -8.54999 -6.84999 0
      vertex -8.24998 6.54999 0
    endloop
  endfacet
  facet normal 0 0 -1
    outer loop
      vertex -8.54999 -6.84999 0
      vertex -8.22542 -6.79155 0
      vertex -8.52542 -7.09155 0
    endloop
  endfacet
  facet normal -0 0 -1
    outer loop
      vertex -8.24998 6.54999 0
      vertex -8.54999 -6.84999 0
      vertex -8.54999 6.84999 0
    endloop
  endfacet
  facet normal -0 0 -1
    outer loop
      vertex -8.22542 -6.79155 0
      vertex -8.54999 -6.84999 0
      vertex -8.24998 -6.54999 0
    endloop
  endfacet
  facet normal -0 0 -1
    outer loop
      vertex -8.17529 6.96675 0
      vertex -8.54999 6.84999 0
      vertex -8.53615 7.03171 0
    endloop
  endfacet
  facet normal 0 0 -1
    outer loop
      vertex -8.06836 7.18474 0
      vertex -8.4753 7.26675 0
      vertex -8.36836 7.48474 0
    endloop
  endfacet
  facet normal 0 0 -1
    outer loop
      vertex -8.17529 6.96675 0
      vertex -8.53615 7.03171 0
      vertex -8.4753 7.26675 0
    endloop
  endfacet
  facet normal 0.0681764 -0.670549 -0.738726
    outer loop
      vertex 7.54999 -8.24998 0.2
      vertex 7.59155 -8.02542 0
      vertex 7.79155 -8.22542 0.2
    endloop
  endfacet
  facet normal 0.0682043 -0.670551 -0.738722
    outer loop
      vertex 7.59155 -8.02542 0
      vertex 7.54999 -8.24998 0.2
      vertex 7.34999 -8.04999 0
    endloop
  endfacet
  facet normal -0.0682043 0.670551 -0.738722
    outer loop
      vertex -7.59155 8.02542 0
      vertex -7.54999 8.24998 0.2
      vertex -7.34999 8.04999 0
    endloop
  endfacet
  facet normal -0.0681764 0.670549 -0.738726
    outer loop
      vertex -7.54999 8.24998 0.2
      vertex -7.59155 8.02542 0
      vertex -7.79155 8.22542 0.2
    endloop
  endfacet
  facet normal 0.186684 -0.595035 -0.781718
    outer loop
      vertex 7.79155 -8.22542 0.2
      vertex 7.82321 -7.95274 0
      vertex 8.02321 -8.15274 0.2
    endloop
  endfacet
  facet normal 0.186684 -0.595035 -0.781718
    outer loop
      vertex 7.82321 -7.95274 0
      vertex 7.79155 -8.22542 0.2
      vertex 7.59155 -8.02542 0
    endloop
  endfacet
  facet normal -0.670549 -0.0681764 -0.738726
    outer loop
      vertex -8.74998 -7.04999 0.2
      vertex -8.52542 -7.09155 0
      vertex -8.72542 -7.29155 0.2
    endloop
  endfacet
  facet normal -0.670551 -0.0682043 -0.738722
    outer loop
      vertex -8.52542 -7.09155 0
      vertex -8.74998 -7.04999 0.2
      vertex -8.54999 -6.84999 0
    endloop
  endfacet
  facet normal 0.311583 -0.821433 0.477665
    outer loop
      vertex 7.06662 -7.05435 2.72287
      vertex 6.92127 -7.11966 2.70537
      vertex 8.02321 -8.15274 0.209999
    endloop
  endfacet
  facet normal 0.299349 -0.954144 0
    outer loop
      vertex 7.79155 -8.22542 0.2
      vertex 8.02321 -8.15274 0.209999
      vertex 7.79155 -8.22542 0.209999
    endloop
  endfacet
  facet normal 0.299349 -0.954144 0
    outer loop
      vertex 8.02321 -8.15274 0.209999
      vertex 7.79155 -8.22542 0.2
      vertex 8.02321 -8.15274 0.2
    endloop
  endfacet
  facet normal 0.968076 -0.250658 0
    outer loop
      vertex 8.67529 -7.46675 0.209999
      vertex 8.73615 -7.2317 0.2
      vertex 8.73615 -7.2317 0.209999
    endloop
  endfacet
  facet normal 0.968076 -0.250658 0
    outer loop
      vertex 8.73615 -7.2317 0.2
      vertex 8.67529 -7.46675 0.209999
      vertex 8.67529 -7.46675 0.2
    endloop
  endfacet
  facet normal 0.654669 0.561962 0.505576
    outer loop
      vertex 7.34544 6.79886 2.79133
      vertex 8.5349 7.7355 0.209999
      vertex 8.37675 7.91974 0.209999
    endloop
  endfacet
  facet normal 0.654701 0.561924 0.505577
    outer loop
      vertex 8.5349 7.7355 0.209999
      vertex 7.34544 6.79886 2.79133
      vertex 7.38589 6.73676 2.80797
    endloop
  endfacet
  facet normal -0.376779 0.438941 -0.815701
    outer loop
      vertex -8.21974 7.67676 0
      vertex -8.2355 8.0349 0.2
      vertex -8.03551 7.8349 0
    endloop
  endfacet
  facet normal -0.376782 0.43894 -0.8157
    outer loop
      vertex -8.2355 8.0349 0.2
      vertex -8.21974 7.67676 0
      vertex -8.41974 7.87675 0.2
    endloop
  endfacet
  facet normal 0.880217 -0.161332 0.446308
    outer loop
      vertex 8.73615 -7.2317 0.209999
      vertex 7.53077 -6.28997 2.92769
      vertex 7.52867 -6.33432 2.9158
    endloop
  endfacet
  facet normal 0.880217 -0.16133 0.446307
    outer loop
      vertex 7.53077 -6.28997 2.92769
      vertex 8.73615 -7.2317 0.209999
      vertex 7.54694 -6.04583 2.98405
    endloop
  endfacet
  facet normal 0.438941 0.376779 -0.815701
    outer loop
      vertex 8.17676 7.71974 0
      vertex 8.5349 7.7355 0.2
      vertex 8.3349 7.53551 0
    endloop
  endfacet
  facet normal 0.43894 0.376782 -0.8157
    outer loop
      vertex 8.5349 7.7355 0.2
      vertex 8.17676 7.71974 0
      vertex 8.37675 7.91974 0.2
    endloop
  endfacet
  facet normal 0.376782 -0.43894 -0.8157
    outer loop
      vertex 8.2355 -8.0349 0.2
      vertex 8.21974 -7.67676 0
      vertex 8.41974 -7.87675 0.2
    endloop
  endfacet
  facet normal 0.376779 -0.438941 -0.815701
    outer loop
      vertex 8.21974 -7.67676 0
      vertex 8.2355 -8.0349 0.2
      vertex 8.03551 -7.8349 0
    endloop
  endfacet
  facet normal -0.537423 0.263645 -0.801042
    outer loop
      vertex -8.67529 7.46675 0.2
      vertex -8.36836 7.48474 0
      vertex -8.4753 7.26675 0
    endloop
  endfacet
  facet normal -0.537426 0.263622 -0.801048
    outer loop
      vertex -8.36836 7.48474 0
      vertex -8.67529 7.46675 0.2
      vertex -8.56836 7.68474 0.2
    endloop
  endfacet
  facet normal 0.670551 0.0682043 -0.738722
    outer loop
      vertex 8.52542 7.09155 0
      vertex 8.74998 7.04999 0.2
      vertex 8.54999 6.84999 0
    endloop
  endfacet
  facet normal 0.670549 0.0681764 -0.738726
    outer loop
      vertex 8.74998 7.04999 0.2
      vertex 8.52542 7.09155 0
      vertex 8.72542 7.29155 0.2
    endloop
  endfacet
  facet normal -0.311583 0.821433 0.477665
    outer loop
      vertex -6.92127 7.11966 2.70537
      vertex -8.02321 8.15274 0.209999
      vertex -7.06662 7.05435 2.72287
    endloop
  endfacet
  facet normal 0.518036 0.287543 -0.805579
    outer loop
      vertex 8.3349 7.53551 0
      vertex 8.65274 7.52321 0.2
      vertex 8.45274 7.32321 0
    endloop
  endfacet
  facet normal 0.518034 0.287556 -0.805576
    outer loop
      vertex 8.65274 7.52321 0.2
      vertex 8.3349 7.53551 0
      vertex 8.5349 7.7355 0.2
    endloop
  endfacet
  facet normal -0.222829 -0.860598 0.457949
    outer loop
      vertex -7.7317 -8.23615 0.209999
      vertex -6.97861 -7.10056 2.71049
      vertex -7.96675 -8.17529 0.209999
    endloop
  endfacet
  facet normal -0.222855 -0.86059 0.457953
    outer loop
      vertex -6.97861 -7.10056 2.71049
      vertex -7.7317 -8.23615 0.209999
      vertex -6.9044 -7.12297 2.70449
    endloop
  endfacet
  facet normal -0.968076 0.250658 0
    outer loop
      vertex -8.73615 7.2317 0.2
      vertex -8.67529 7.46675 0.209999
      vertex -8.67529 7.46675 0.2
    endloop
  endfacet
  facet normal -0.968076 0.250658 0
    outer loop
      vertex -8.67529 7.46675 0.209999
      vertex -8.73615 7.2317 0.2
      vertex -8.73615 7.2317 0.209999
    endloop
  endfacet
  facet normal 0.384263 0.783368 0.488546
    outer loop
      vertex 7.96675 8.17529 0.209999
      vertex 7.04456 7.06173 2.7209
      vertex 8.18474 8.06836 0.209999
    endloop
  endfacet
  facet normal 0.384154 0.783429 0.488533
    outer loop
      vertex 7.04456 7.06173 2.7209
      vertex 7.96675 8.17529 0.209999
      vertex 6.97861 7.10056 2.71049
    endloop
  endfacet
  facet normal 0.250658 0.968076 -0
    outer loop
      vertex 7.96675 8.17529 0.2
      vertex 7.7317 8.23615 0.209999
      vertex 7.96675 8.17529 0.209999
    endloop
  endfacet
  facet normal 0.250658 0.968076 0
    outer loop
      vertex 7.7317 8.23615 0.209999
      vertex 7.96675 8.17529 0.2
      vertex 7.7317 8.23615 0.2
    endloop
  endfacet
  facet normal -0.644642 0.571181 0.508123
    outer loop
      vertex -7.30493 6.85102 2.77735
      vertex -8.41974 7.87675 0.209999
      vertex -7.40095 6.70873 2.81548
    endloop
  endfacet
  facet normal 0.614086 -0.159001 -0.773057
    outer loop
      vertex 8.4753 -7.26675 0
      vertex 8.73615 -7.2317 0.2
      vertex 8.67529 -7.46675 0.2
    endloop
  endfacet
  facet normal 0.614086 -0.158982 -0.773061
    outer loop
      vertex 8.73615 -7.2317 0.2
      vertex 8.4753 -7.26675 0
      vertex 8.53615 -7.03171 0
    endloop
  endfacet
  facet normal 0.051741 0.679816 -0.731555
    outer loop
      vertex 7.53171 8.03615 0
      vertex 7.54999 8.24998 0.2
      vertex 7.7317 8.23615 0.2
    endloop
  endfacet
  facet normal 0.0517754 0.679814 -0.731555
    outer loop
      vertex 7.54999 8.24998 0.2
      vertex 7.53171 8.03615 0
      vertex 7.34999 8.04999 0
    endloop
  endfacet
  facet normal 0 1 -0
    outer loop
      vertex 7.54999 8.24998 0.2
      vertex -7.54999 8.24998 0.209999
      vertex 7.54999 8.24998 0.209999
    endloop
  endfacet
  facet normal 0 1 0
    outer loop
      vertex -7.54999 8.24998 0.209999
      vertex 7.54999 8.24998 0.2
      vertex -7.54999 8.24998 0.2
    endloop
  endfacet
  facet normal 0.422195 -0.760605 0.493184
    outer loop
      vertex 8.02321 -8.15274 0.209999
      vertex 7.12976 -7.01193 2.73424
      vertex 7.06662 -7.05435 2.72287
    endloop
  endfacet
  facet normal 0.422202 -0.760601 0.493185
    outer loop
      vertex 7.12976 -7.01193 2.73424
      vertex 8.02321 -8.15274 0.209999
      vertex 8.2355 -8.0349 0.209999
    endloop
  endfacet
  facet normal 0.87433 0.485332 0
    outer loop
      vertex 8.65274 7.52321 0.209999
      vertex 8.5349 7.7355 0.2
      vertex 8.5349 7.7355 0.209999
    endloop
  endfacet
  facet normal 0.87433 0.485332 0
    outer loop
      vertex 8.5349 7.7355 0.2
      vertex 8.65274 7.52321 0.209999
      vertex 8.65274 7.52321 0.2
    endloop
  endfacet
  facet normal -0.905906 0.0689488 0.417828
    outer loop
      vertex -8.74998 7.04999 0.209999
      vertex -7.54694 6.04583 2.98405
      vertex -8.73615 7.2317 0.209999
    endloop
  endfacet
  facet normal -0.905882 0.0690688 0.417861
    outer loop
      vertex -7.54694 6.04583 2.98405
      vertex -8.74998 7.04999 0.209999
      vertex -7.54543 5.996 2.99556
    endloop
  endfacet
  facet normal -0.490909 0.711162 0.503246
    outer loop
      vertex -7.12976 7.01193 2.73424
      vertex -8.2355 8.0349 0.209999
      vertex -7.25419 6.90594 2.76264
    endloop
  endfacet
  facet normal -0.422195 0.760605 0.493184
    outer loop
      vertex -8.02321 8.15274 0.209999
      vertex -7.12976 7.01193 2.73424
      vertex -7.06662 7.05435 2.72287
    endloop
  endfacet
  facet normal -0.422202 0.760601 0.493185
    outer loop
      vertex -7.12976 7.01193 2.73424
      vertex -8.02321 8.15274 0.209999
      vertex -8.2355 8.0349 0.209999
    endloop
  endfacet
  facet normal -0.758788 -0.651337 0
    outer loop
      vertex -8.37675 -7.91974 0.2
      vertex -8.5349 -7.7355 0.209999
      vertex -8.5349 -7.7355 0.2
    endloop
  endfacet
  facet normal -0.758788 -0.651337 0
    outer loop
      vertex -8.5349 -7.7355 0.209999
      vertex -8.37675 -7.91974 0.2
      vertex -8.37675 -7.91974 0.209999
    endloop
  endfacet
  facet normal 0.101151 -0.994871 0
    outer loop
      vertex 7.54999 -8.24998 0.2
      vertex 7.79155 -8.22542 0.209999
      vertex 7.54999 -8.24998 0.209999
    endloop
  endfacet
  facet normal 0.101151 -0.994871 0
    outer loop
      vertex 7.79155 -8.22542 0.209999
      vertex 7.54999 -8.24998 0.2
      vertex 7.79155 -8.22542 0.2
    endloop
  endfacet
  facet normal -0.186684 0.595035 -0.781718
    outer loop
      vertex -7.82321 7.95274 0
      vertex -7.79155 8.22542 0.2
      vertex -7.59155 8.02542 0
    endloop
  endfacet
  facet normal -0.186684 0.595035 -0.781718
    outer loop
      vertex -7.79155 8.22542 0.2
      vertex -7.82321 7.95274 0
      vertex -8.02321 8.15274 0.2
    endloop
  endfacet
  facet normal -0.0758908 -0.997116 0
    outer loop
      vertex -7.7317 -8.23615 0.2
      vertex -7.54999 -8.24998 0.209999
      vertex -7.7317 -8.23615 0.209999
    endloop
  endfacet
  facet normal -0.0758908 -0.997116 -0
    outer loop
      vertex -7.54999 -8.24998 0.209999
      vertex -7.7317 -8.23615 0.2
      vertex -7.54999 -8.24998 0.2
    endloop
  endfacet
  facet normal 0.7706 -0.404405 0.492577
    outer loop
      vertex 7.49847 -6.47291 2.87867
      vertex 7.43757 -6.64518 2.83251
      vertex 8.56836 -7.68474 0.209999
    endloop
  endfacet
  facet normal 0.68299 -0.52864 0.504048
    outer loop
      vertex 7.40095 -6.70873 2.81548
      vertex 8.56836 -7.68474 0.209999
      vertex 7.43757 -6.64518 2.83251
    endloop
  endfacet
  facet normal 0.682985 -0.528646 0.504048
    outer loop
      vertex 8.56836 -7.68474 0.209999
      vertex 7.40095 -6.70873 2.81548
      vertex 8.41974 -7.87675 0.209999
    endloop
  endfacet
  facet normal 0.896299 0.108783 0.4299
    outer loop
      vertex 8.72542 7.29155 0.209999
      vertex 7.5438 6.25887 2.93487
      vertex 7.54589 6.06251 2.9802
    endloop
  endfacet
  facet normal 0.355291 0.459019 -0.814291
    outer loop
      vertex 8.17676 7.71974 0
      vertex 8.18474 8.06836 0.2
      vertex 8.37675 7.91974 0.2
    endloop
  endfacet
  facet normal 0.355275 0.459022 -0.814297
    outer loop
      vertex 8.18474 8.06836 0.2
      vertex 8.17676 7.71974 0
      vertex 7.98474 7.86836 0
    endloop
  endfacet
  facet normal 0.994871 0.101151 0
    outer loop
      vertex 8.74998 7.04999 0.209999
      vertex 8.72542 7.29155 0.2
      vertex 8.72542 7.29155 0.209999
    endloop
  endfacet
  facet normal 0.994871 0.101151 0
    outer loop
      vertex 8.72542 7.29155 0.2
      vertex 8.74998 7.04999 0.209999
      vertex 8.74998 7.04999 0.2
    endloop
  endfacet
  facet normal 0.612088 0.790789 -0
    outer loop
      vertex 8.37675 7.91974 0.2
      vertex 8.18474 8.06836 0.209999
      vertex 8.37675 7.91974 0.209999
    endloop
  endfacet
  facet normal 0.612088 0.790789 0
    outer loop
      vertex 8.18474 8.06836 0.209999
      vertex 8.37675 7.91974 0.2
      vertex 8.18474 8.06836 0.2
    endloop
  endfacet
  facet normal 0.222829 0.860598 0.457949
    outer loop
      vertex 7.7317 8.23615 0.209999
      vertex 6.97861 7.10056 2.71049
      vertex 7.96675 8.17529 0.209999
    endloop
  endfacet
  facet normal 0.222855 0.86059 0.457953
    outer loop
      vertex 6.97861 7.10056 2.71049
      vertex 7.7317 8.23615 0.209999
      vertex 6.9044 7.12297 2.70449
    endloop
  endfacet
  facet normal 0 0.917859 0.396906
    outer loop
      vertex 7.54999 8.24998 0.209999
      vertex -6.61186 7.17784 2.68936
      vertex 6.61186 7.17784 2.68936
    endloop
  endfacet
  facet normal 0 0.917859 0.396906
    outer loop
      vertex -6.61186 7.17784 2.68936
      vertex 7.54999 8.24998 0.209999
      vertex -7.54999 8.24998 0.209999
    endloop
  endfacet
  facet normal -0.299349 0.954144 0
    outer loop
      vertex -7.79155 8.22542 0.2
      vertex -8.02321 8.15274 0.209999
      vertex -7.79155 8.22542 0.209999
    endloop
  endfacet
  facet normal -0.299349 0.954144 0
    outer loop
      vertex -8.02321 8.15274 0.209999
      vertex -7.79155 8.22542 0.2
      vertex -8.02321 8.15274 0.2
    endloop
  endfacet
  facet normal -0.897803 0.440397 0
    outer loop
      vertex -8.67529 7.46675 0.2
      vertex -8.56836 7.68474 0.209999
      vertex -8.56836 7.68474 0.2
    endloop
  endfacet
  facet normal -0.897803 0.440397 0
    outer loop
      vertex -8.56836 7.68474 0.209999
      vertex -8.67529 7.46675 0.2
      vertex -8.67529 7.46675 0.209999
    endloop
  endfacet
  facet normal -0.614086 0.158982 -0.773061
    outer loop
      vertex -8.73615 7.2317 0.2
      vertex -8.4753 7.26675 0
      vertex -8.53615 7.03171 0
    endloop
  endfacet
  facet normal -0.614086 0.159001 -0.773057
    outer loop
      vertex -8.4753 7.26675 0
      vertex -8.73615 7.2317 0.2
      vertex -8.67529 7.46675 0.2
    endloop
  endfacet
  facet normal -0.790789 0.612088 0
    outer loop
      vertex -8.56836 7.68474 0.2
      vertex -8.41974 7.87675 0.209999
      vertex -8.41974 7.87675 0.2
    endloop
  endfacet
  facet normal -0.790789 0.612088 0
    outer loop
      vertex -8.41974 7.87675 0.209999
      vertex -8.56836 7.68474 0.2
      vertex -8.56836 7.68474 0.209999
    endloop
  endfacet
  facet normal -0.0517754 -0.679814 -0.731555
    outer loop
      vertex -7.54999 -8.24998 0.2
      vertex -7.53171 -8.03615 0
      vertex -7.34999 -8.04999 0
    endloop
  endfacet
  facet normal -0.051741 -0.679816 -0.731555
    outer loop
      vertex -7.53171 -8.03615 0
      vertex -7.54999 -8.24998 0.2
      vertex -7.7317 -8.23615 0.2
    endloop
  endfacet
  facet normal -0.158982 -0.614086 -0.773061
    outer loop
      vertex -7.7317 -8.23615 0.2
      vertex -7.76675 -7.9753 0
      vertex -7.53171 -8.03615 0
    endloop
  endfacet
  facet normal -0.159001 -0.614086 -0.773057
    outer loop
      vertex -7.76675 -7.9753 0
      vertex -7.7317 -8.23615 0.2
      vertex -7.96675 -8.17529 0.2
    endloop
  endfacet
  facet normal -0.0689488 -0.905906 0.417828
    outer loop
      vertex -7.54999 -8.24998 0.209999
      vertex -6.67112 -7.17258 2.69097
      vertex -7.7317 -8.23615 0.209999
    endloop
  endfacet
  facet normal -0.0690551 -0.905885 0.417857
    outer loop
      vertex -6.67112 -7.17258 2.69097
      vertex -7.54999 -8.24998 0.209999
      vertex -6.61186 -7.17784 2.68936
    endloop
  endfacet
  facet normal -0.263645 -0.537423 -0.801042
    outer loop
      vertex -7.96675 -8.17529 0.2
      vertex -7.98474 -7.86836 0
      vertex -7.76675 -7.9753 0
    endloop
  endfacet
  facet normal -0.263622 -0.537426 -0.801048
    outer loop
      vertex -7.98474 -7.86836 0
      vertex -7.96675 -8.17529 0.2
      vertex -8.18474 -8.06836 0.2
    endloop
  endfacet
  facet normal 0.897803 -0.440397 0
    outer loop
      vertex 8.56836 -7.68474 0.209999
      vertex 8.67529 -7.46675 0.2
      vertex 8.67529 -7.46675 0.209999
    endloop
  endfacet
  facet normal 0.897803 -0.440397 0
    outer loop
      vertex 8.67529 -7.46675 0.2
      vertex 8.56836 -7.68474 0.209999
      vertex 8.56836 -7.68474 0.2
    endloop
  endfacet
  facet normal 0.651337 -0.758788 0
    outer loop
      vertex 8.2355 -8.0349 0.2
      vertex 8.41974 -7.87675 0.209999
      vertex 8.2355 -8.0349 0.209999
    endloop
  endfacet
  facet normal 0.651337 -0.758788 0
    outer loop
      vertex 8.41974 -7.87675 0.209999
      vertex 8.2355 -8.0349 0.2
      vertex 8.41974 -7.87675 0.2
    endloop
  endfacet
  facet normal 0.537426 -0.263622 -0.801048
    outer loop
      vertex 8.36836 -7.48474 0
      vertex 8.67529 -7.46675 0.2
      vertex 8.56836 -7.68474 0.2
    endloop
  endfacet
  facet normal 0.537423 -0.263645 -0.801042
    outer loop
      vertex 8.67529 -7.46675 0.2
      vertex 8.36836 -7.48474 0
      vertex 8.4753 -7.26675 0
    endloop
  endfacet
  facet normal -0.109123 0.896205 0.430009
    outer loop
      vertex -7.79155 8.22542 0.209999
      vertex -6.70397 7.16657 2.6928
      vertex -6.69028 7.16852 2.69221
    endloop
  endfacet
  facet normal -0.10879 0.896297 0.429902
    outer loop
      vertex -6.70397 7.16657 2.6928
      vertex -7.79155 8.22542 0.209999
      vertex -6.84856 7.14643 2.6982
    endloop
  endfacet
  facet normal -0.264768 0.844044 0.466356
    outer loop
      vertex -7.79155 8.22542 0.209999
      vertex -6.92127 7.11966 2.70537
      vertex -6.84856 7.14643 2.6982
    endloop
  endfacet
  facet normal -0.264802 0.84403 0.466362
    outer loop
      vertex -6.92127 7.11966 2.70537
      vertex -7.79155 8.22542 0.209999
      vertex -8.02321 8.15274 0.209999
    endloop
  endfacet
  facet normal 0.84403 0.264802 0.466362
    outer loop
      vertex 7.53179 6.32754 2.91762
      vertex 8.72542 7.29155 0.209999
      vertex 8.65274 7.52321 0.209999
    endloop
  endfacet
  facet normal 0.843211 0.264971 0.467745
    outer loop
      vertex 7.5438 6.25887 2.93487
      vertex 7.53179 6.32754 2.91762
      vertex 7.53801 6.28997 2.92769
    endloop
  endfacet
  facet normal 0.844044 0.264768 0.466356
    outer loop
      vertex 7.53179 6.32754 2.91762
      vertex 7.5438 6.25887 2.93487
      vertex 8.72542 7.29155 0.209999
    endloop
  endfacet
  facet normal 0.0689488 0.905906 0.417828
    outer loop
      vertex 7.54999 8.24998 0.209999
      vertex 6.67112 7.17258 2.69097
      vertex 7.7317 8.23615 0.209999
    endloop
  endfacet
  facet normal 0.0690551 0.905885 0.417857
    outer loop
      vertex 6.67112 7.17258 2.69097
      vertex 7.54999 8.24998 0.209999
      vertex 6.61186 7.17784 2.68936
    endloop
  endfacet
  facet normal 0.16131 0.880223 0.446303
    outer loop
      vertex 7.7317 8.23615 0.209999
      vertex 6.69883 7.16657 2.6928
      vertex 6.9044 7.12297 2.70449
    endloop
  endfacet
  facet normal 0.161426 0.880186 0.446335
    outer loop
      vertex 6.69883 7.16657 2.6928
      vertex 7.7317 8.23615 0.209999
      vertex 6.67112 7.17258 2.69097
    endloop
  endfacet
  facet normal -0.101151 0.994871 0
    outer loop
      vertex -7.54999 8.24998 0.2
      vertex -7.79155 8.22542 0.209999
      vertex -7.54999 8.24998 0.209999
    endloop
  endfacet
  facet normal -0.101151 0.994871 0
    outer loop
      vertex -7.79155 8.22542 0.209999
      vertex -7.54999 8.24998 0.2
      vertex -7.79155 8.22542 0.2
    endloop
  endfacet
  facet normal -0.651337 0.758788 0
    outer loop
      vertex -8.2355 8.0349 0.2
      vertex -8.41974 7.87675 0.209999
      vertex -8.2355 8.0349 0.209999
    endloop
  endfacet
  facet normal -0.651337 0.758788 0
    outer loop
      vertex -8.41974 7.87675 0.209999
      vertex -8.2355 8.0349 0.2
      vertex -8.41974 7.87675 0.2
    endloop
  endfacet
  facet normal 0.790789 -0.612088 0
    outer loop
      vertex 8.41974 -7.87675 0.209999
      vertex 8.56836 -7.68474 0.2
      vertex 8.56836 -7.68474 0.209999
    endloop
  endfacet
  facet normal 0.790789 -0.612088 0
    outer loop
      vertex 8.56836 -7.68474 0.2
      vertex 8.41974 -7.87675 0.209999
      vertex 8.41974 -7.87675 0.2
    endloop
  endfacet
  facet normal 0.997116 -0.0758908 0
    outer loop
      vertex 8.73615 -7.2317 0.209999
      vertex 8.74998 -7.04999 0.2
      vertex 8.74998 -7.04999 0.209999
    endloop
  endfacet
  facet normal 0.997116 -0.0758908 0
    outer loop
      vertex 8.74998 -7.04999 0.2
      vertex 8.73615 -7.2317 0.209999
      vertex 8.73615 -7.2317 0.2
    endloop
  endfacet
  facet normal 0.900906 0.0915974 0.424237
    outer loop
      vertex 7.54589 6.06251 2.9802
      vertex 8.74998 7.04999 0.209999
      vertex 8.72542 7.29155 0.209999
    endloop
  endfacet
  facet normal 0.900872 0.0917532 0.424278
    outer loop
      vertex 8.74998 7.04999 0.209999
      vertex 7.54589 6.06251 2.9802
      vertex 7.54543 5.996 2.99556
    endloop
  endfacet
  facet normal -0.679814 0.0517754 -0.731555
    outer loop
      vertex -8.74998 7.04999 0.2
      vertex -8.53615 7.03171 0
      vertex -8.54999 6.84999 0
    endloop
  endfacet
  facet normal -0.679816 0.051741 -0.731555
    outer loop
      vertex -8.53615 7.03171 0
      vertex -8.74998 7.04999 0.2
      vertex -8.73615 7.2317 0.2
    endloop
  endfacet
  facet normal -0.997116 0.0758908 0
    outer loop
      vertex -8.74998 7.04999 0.2
      vertex -8.73615 7.2317 0.209999
      vertex -8.73615 7.2317 0.2
    endloop
  endfacet
  facet normal -0.997116 0.0758908 0
    outer loop
      vertex -8.73615 7.2317 0.209999
      vertex -8.74998 7.04999 0.2
      vertex -8.74998 7.04999 0.209999
    endloop
  endfacet
  facet normal -0.287543 0.518036 -0.805579
    outer loop
      vertex -8.03551 7.8349 0
      vertex -8.02321 8.15274 0.2
      vertex -7.82321 7.95274 0
    endloop
  endfacet
  facet normal -0.287556 0.518034 -0.805576
    outer loop
      vertex -8.02321 8.15274 0.2
      vertex -8.03551 7.8349 0
      vertex -8.2355 8.0349 0.2
    endloop
  endfacet
  facet normal 0.860609 -0.222799 0.457943
    outer loop
      vertex 7.52045 -6.40496 2.89688
      vertex 8.73615 -7.2317 0.209999
      vertex 7.52867 -6.33432 2.9158
    endloop
  endfacet
  facet normal 0.860599 -0.222829 0.457948
    outer loop
      vertex 8.73615 -7.2317 0.209999
      vertex 7.52045 -6.40496 2.89688
      vertex 8.67529 -7.46675 0.209999
    endloop
  endfacet
  facet normal 0.679816 -0.051741 -0.731555
    outer loop
      vertex 8.53615 -7.03171 0
      vertex 8.74998 -7.04999 0.2
      vertex 8.73615 -7.2317 0.2
    endloop
  endfacet
  facet normal 0.679814 -0.0517754 -0.731555
    outer loop
      vertex 8.74998 -7.04999 0.2
      vertex 8.53615 -7.03171 0
      vertex 8.54999 -6.84999 0
    endloop
  endfacet
  facet normal 0.954144 0.299349 0
    outer loop
      vertex 8.72542 7.29155 0.209999
      vertex 8.65274 7.52321 0.2
      vertex 8.65274 7.52321 0.209999
    endloop
  endfacet
  facet normal 0.954144 0.299349 0
    outer loop
      vertex 8.65274 7.52321 0.2
      vertex 8.72542 7.29155 0.209999
      vertex 8.72542 7.29155 0.2
    endloop
  endfacet
  facet normal 0 -0.05234 0.998629
    outer loop
      vertex -7.26819 -1.81367 3.63666
      vertex -5.55323 -0.907387 3.68416
      vertex -7.24765 -0.907387 3.68416
    endloop
  endfacet
  facet normal 0 -0.05234 0.998629
    outer loop
      vertex -5.55323 -0.907387 3.68416
      vertex -7.26819 -1.81367 3.63666
      vertex -5.01033 -1.81367 3.63666
    endloop
  endfacet
  facet normal 0 -0.05234 0.998629
    outer loop
      vertex 5.55323 -0.907387 3.68416
      vertex 7.26819 -1.81367 3.63666
      vertex 7.24765 -0.907387 3.68416
    endloop
  endfacet
  facet normal 0 -0.05234 0.998629
    outer loop
      vertex 7.26819 -1.81367 3.63666
      vertex 5.55323 -0.907387 3.68416
      vertex 5.01033 -1.81367 3.63666
    endloop
  endfacet
  facet normal -0 0.0871493 0.996195
    outer loop
      vertex -7.3024 2.71774 3.55757
      vertex -5.01033 1.81367 3.63666
      vertex -4.10626 2.71774 3.55757
    endloop
  endfacet
  facet normal 0 0.0871493 0.996195
    outer loop
      vertex -5.01033 1.81367 3.63666
      vertex -7.3024 2.71774 3.55757
      vertex -7.26819 1.81367 3.63666
    endloop
  endfacet
  facet normal 0 0.0871493 0.996195
    outer loop
      vertex 7.3024 2.71774 3.55757
      vertex 5.01033 1.81367 3.63666
      vertex 7.26819 1.81367 3.63666
    endloop
  endfacet
  facet normal 0 0.0871493 0.996195
    outer loop
      vertex 5.01033 1.81367 3.63666
      vertex 7.3024 2.71774 3.55757
      vertex 4.10626 2.71774 3.55757
    endloop
  endfacet
  facet normal 0 -0.0174541 0.999848
    outer loop
      vertex -7.24765 -0.907387 3.68416
      vertex -5.73426 0 3.7
      vertex -7.2408 0 3.7
    endloop
  endfacet
  facet normal 0 -0.0174541 0.999848
    outer loop
      vertex -5.73426 0 3.7
      vertex -7.24765 -0.907387 3.68416
      vertex -5.55323 -0.907387 3.68416
    endloop
  endfacet
  facet normal 0 -0.0174541 0.999848
    outer loop
      vertex 5.73426 0 3.7
      vertex 7.24765 -0.907387 3.68416
      vertex 7.2408 0 3.7
    endloop
  endfacet
  facet normal 0 -0.0174541 0.999848
    outer loop
      vertex 7.24765 -0.907387 3.68416
      vertex 5.73426 0 3.7
      vertex 5.55323 -0.907387 3.68416
    endloop
  endfacet
  facet normal 0 -0.190805 0.981628
    outer loop
      vertex -7.41161 -4.51485 3.305
      vertex 7.4865 -5.4057 3.13184
      vertex 7.41161 -4.51485 3.305
    endloop
  endfacet
  facet normal 0 -0.190805 0.981628
    outer loop
      vertex 7.4865 -5.4057 3.13184
      vertex -7.41161 -4.51485 3.305
      vertex -7.4865 -5.4057 3.13184
    endloop
  endfacet
  facet normal -0 0.05234 0.998629
    outer loop
      vertex -7.26819 1.81367 3.63666
      vertex -5.55323 0.907387 3.68416
      vertex -5.01033 1.81367 3.63666
    endloop
  endfacet
  facet normal 0 0.05234 0.998629
    outer loop
      vertex -5.55323 0.907387 3.68416
      vertex -7.26819 1.81367 3.63666
      vertex -7.24765 0.907387 3.68416
    endloop
  endfacet
  facet normal 0 0.05234 0.998629
    outer loop
      vertex 7.26819 1.81367 3.63666
      vertex 5.55323 0.907387 3.68416
      vertex 7.24765 0.907387 3.68416
    endloop
  endfacet
  facet normal 0 0.05234 0.998629
    outer loop
      vertex 5.55323 0.907387 3.68416
      vertex 7.26819 1.81367 3.63666
      vertex 5.01033 1.81367 3.63666
    endloop
  endfacet
  facet normal 0 0.190805 0.981628
    outer loop
      vertex 7.4865 5.4057 3.13184
      vertex -7.41161 4.51485 3.305
      vertex 7.41161 4.51485 3.305
    endloop
  endfacet
  facet normal 0 0.190805 0.981628
    outer loop
      vertex -7.41161 4.51485 3.305
      vertex 7.4865 5.4057 3.13184
      vertex -7.4865 5.4057 3.13184
    endloop
  endfacet
  facet normal -0.000228774 0.290323 0.956929
    outer loop
      vertex 6.61186 7.17784 2.68936
      vertex 6.69883 7.16657 2.6928
      vertex 6.67112 7.17258 2.69097
    endloop
  endfacet
  facet normal -0 0.291938 0.956437
    outer loop
      vertex -6.61186 7.17784 2.68936
      vertex 6.69883 7.16657 2.6928
      vertex 6.61186 7.17784 2.68936
    endloop
  endfacet
  facet normal 0.00222806 0.275235 0.961374
    outer loop
      vertex -6.70397 7.16657 2.6928
      vertex -6.61186 7.17784 2.68936
      vertex -6.69028 7.16852 2.69221
    endloop
  endfacet
  facet normal 0 0.291938 0.956437
    outer loop
      vertex -6.61186 7.17784 2.68936
      vertex -6.70397 7.16657 2.6928
      vertex 6.69883 7.16657 2.6928
    endloop
  endfacet
  facet normal -2.01171e-06 0.121863 0.992547
    outer loop
      vertex -7.35022 3.6185 3.44697
      vertex -4.10626 2.71774 3.55757
      vertex -3.83661 2.90988 3.53398
    endloop
  endfacet
  facet normal -0 0.121873 0.992546
    outer loop
      vertex -7.35022 3.6185 3.44697
      vertex -3.83661 2.90988 3.53398
      vertex -2.1764 3.6185 3.44697
    endloop
  endfacet
  facet normal 0 0.12187 0.992546
    outer loop
      vertex -4.10626 2.71774 3.55757
      vertex -7.35022 3.6185 3.44697
      vertex -7.3024 2.71774 3.55757
    endloop
  endfacet
  facet normal 0 0.12187 0.992546
    outer loop
      vertex 7.35022 3.6185 3.44697
      vertex 4.10626 2.71774 3.55757
      vertex 7.3024 2.71774 3.55757
    endloop
  endfacet
  facet normal 2.01171e-06 0.121863 0.992547
    outer loop
      vertex 7.35022 3.6185 3.44697
      vertex 3.83661 2.90988 3.53398
      vertex 4.10626 2.71774 3.55757
    endloop
  endfacet
  facet normal 0 0.121873 0.992546
    outer loop
      vertex 3.83661 2.90988 3.53398
      vertex 7.35022 3.6185 3.44697
      vertex 2.1764 3.6185 3.44697
    endloop
  endfacet
  facet normal 0 0.156437 0.987688
    outer loop
      vertex 7.41161 4.51485 3.305
      vertex 2.1764 3.6185 3.44697
      vertex 7.35022 3.6185 3.44697
    endloop
  endfacet
  facet normal -7.26095e-06 0.156478 0.987681
    outer loop
      vertex 7.41161 4.51485 3.305
      vertex 1.91947 3.70351 3.4335
      vertex 2.1764 3.6185 3.44697
    endloop
  endfacet
  facet normal 1.0897e-06 0.156423 0.98769
    outer loop
      vertex 7.41161 4.51485 3.305
      vertex 0 3.91505 3.4
      vertex 1.91947 3.70351 3.4335
    endloop
  endfacet
  facet normal 7.26095e-06 0.156478 0.987681
    outer loop
      vertex -7.41161 4.51485 3.305
      vertex -2.1764 3.6185 3.44697
      vertex -1.91947 3.70351 3.4335
    endloop
  endfacet
  facet normal -1.0897e-06 0.156423 0.98769
    outer loop
      vertex -7.41161 4.51485 3.305
      vertex -1.91947 3.70351 3.4335
      vertex 0 3.91505 3.4
    endloop
  endfacet
  facet normal -0 0.156436 0.987688
    outer loop
      vertex -7.41161 4.51485 3.305
      vertex 0 3.91505 3.4
      vertex 7.41161 4.51485 3.305
    endloop
  endfacet
  facet normal 0 0.156437 0.987688
    outer loop
      vertex -2.1764 3.6185 3.44697
      vertex -7.41161 4.51485 3.305
      vertex -7.35022 3.6185 3.44697
    endloop
  endfacet
  facet normal -0.00222806 -0.275235 0.961374
    outer loop
      vertex 6.70397 -7.16657 2.6928
      vertex 6.61186 -7.17784 2.68936
      vertex 6.69028 -7.16852 2.69221
    endloop
  endfacet
  facet normal 0 -0.291938 0.956437
    outer loop
      vertex 6.70397 -7.16657 2.6928
      vertex -6.61186 -7.17784 2.68936
      vertex 6.61186 -7.17784 2.68936
    endloop
  endfacet
  facet normal 0 -0.291938 0.956437
    outer loop
      vertex -6.69883 -7.16657 2.6928
      vertex -6.61186 -7.17784 2.68936
      vertex 6.70397 -7.16657 2.6928
    endloop
  endfacet
  facet normal 0.000228774 -0.290323 0.956929
    outer loop
      vertex -6.61186 -7.17784 2.68936
      vertex -6.69883 -7.16657 2.6928
      vertex -6.67112 -7.17258 2.69097
    endloop
  endfacet
  facet normal 0 -0.156437 0.987688
    outer loop
      vertex 2.1764 -3.6185 3.44697
      vertex 7.41161 -4.51485 3.305
      vertex 7.35022 -3.6185 3.44697
    endloop
  endfacet
  facet normal -7.26095e-06 -0.156478 0.987681
    outer loop
      vertex 1.91947 -3.70351 3.4335
      vertex 7.41161 -4.51485 3.305
      vertex 2.1764 -3.6185 3.44697
    endloop
  endfacet
  facet normal 1.0897e-06 -0.156423 0.98769
    outer loop
      vertex 0 -3.91505 3.4
      vertex 7.41161 -4.51485 3.305
      vertex 1.91947 -3.70351 3.4335
    endloop
  endfacet
  facet normal 0 -0.156437 0.987688
    outer loop
      vertex -7.41161 -4.51485 3.305
      vertex -2.1764 -3.6185 3.44697
      vertex -7.35022 -3.6185 3.44697
    endloop
  endfacet
  facet normal 7.26095e-06 -0.156478 0.987681
    outer loop
      vertex -2.1764 -3.6185 3.44697
      vertex -7.41161 -4.51485 3.305
      vertex -1.91947 -3.70351 3.4335
    endloop
  endfacet
  facet normal -1.0897e-06 -0.156423 0.98769
    outer loop
      vertex -1.91947 -3.70351 3.4335
      vertex -7.41161 -4.51485 3.305
      vertex 0 -3.91505 3.4
    endloop
  endfacet
  facet normal 0 -0.156436 0.987688
    outer loop
      vertex 0 -3.91505 3.4
      vertex -7.41161 -4.51485 3.305
      vertex 7.41161 -4.51485 3.305
    endloop
  endfacet
  facet normal 0 -0.12187 0.992546
    outer loop
      vertex -7.35022 -3.6185 3.44697
      vertex -4.10626 -2.71774 3.55757
      vertex -7.3024 -2.71774 3.55757
    endloop
  endfacet
  facet normal -2.01171e-06 -0.121863 0.992547
    outer loop
      vertex -4.10626 -2.71774 3.55757
      vertex -7.35022 -3.6185 3.44697
      vertex -3.83661 -2.90988 3.53398
    endloop
  endfacet
  facet normal 0 -0.121873 0.992546
    outer loop
      vertex -3.83661 -2.90988 3.53398
      vertex -7.35022 -3.6185 3.44697
      vertex -2.1764 -3.6185 3.44697
    endloop
  endfacet
  facet normal 0 -0.12187 0.992546
    outer loop
      vertex 4.10626 -2.71774 3.55757
      vertex 7.35022 -3.6185 3.44697
      vertex 7.3024 -2.71774 3.55757
    endloop
  endfacet
  facet normal 2.01171e-06 -0.121863 0.992547
    outer loop
      vertex 3.83661 -2.90988 3.53398
      vertex 7.35022 -3.6185 3.44697
      vertex 4.10626 -2.71774 3.55757
    endloop
  endfacet
  facet normal 0 -0.121873 0.992546
    outer loop
      vertex 7.35022 -3.6185 3.44697
      vertex 3.83661 -2.90988 3.53398
      vertex 2.1764 -3.6185 3.44697
    endloop
  endfacet
  facet normal 0 -0.0871493 0.996195
    outer loop
      vertex -7.3024 -2.71774 3.55757
      vertex -5.01033 -1.81367 3.63666
      vertex -7.26819 -1.81367 3.63666
    endloop
  endfacet
  facet normal 0 -0.0871493 0.996195
    outer loop
      vertex -5.01033 -1.81367 3.63666
      vertex -7.3024 -2.71774 3.55757
      vertex -4.10626 -2.71774 3.55757
    endloop
  endfacet
  facet normal 0 -0.0871493 0.996195
    outer loop
      vertex 5.01033 -1.81367 3.63666
      vertex 7.3024 -2.71774 3.55757
      vertex 7.26819 -1.81367 3.63666
    endloop
  endfacet
  facet normal 0 -0.0871493 0.996195
    outer loop
      vertex 7.3024 -2.71774 3.55757
      vertex 5.01033 -1.81367 3.63666
      vertex 4.10626 -2.71774 3.55757
    endloop
  endfacet
  facet normal 0.00103154 -0.258996 0.965878
    outer loop
      vertex 7.49847 -6.47291 2.87867
      vertex 7.52867 -6.33432 2.9158
      vertex 7.53077 -6.28997 2.92769
    endloop
  endfacet
  facet normal -0.000719438 -0.25864 0.965974
    outer loop
      vertex 7.52867 -6.33432 2.9158
      vertex 7.49847 -6.47291 2.87867
      vertex 7.52045 -6.40496 2.89688
    endloop
  endfacet
  facet normal 1.22095e-06 -0.258826 0.965924
    outer loop
      vertex 6.70397 -7.16657 2.6928
      vertex 7.49847 -6.47291 2.87867
      vertex 7.53077 -6.28997 2.92769
    endloop
  endfacet
  facet normal -0.000114922 -0.258783 0.965935
    outer loop
      vertex 7.49847 -6.47291 2.87867
      vertex 7.40095 -6.70873 2.81548
      vertex 7.43757 -6.64518 2.83251
    endloop
  endfacet
  facet normal 4.13114e-06 -0.258829 0.965923
    outer loop
      vertex 7.49847 -6.47291 2.87867
      vertex 6.70397 -7.16657 2.6928
      vertex 7.40095 -6.70873 2.81548
    endloop
  endfacet
  facet normal 0.00050302 -0.259158 0.965835
    outer loop
      vertex 7.40095 -6.70873 2.81548
      vertex 7.25419 -6.90594 2.76264
      vertex 7.30493 -6.85102 2.77735
    endloop
  endfacet
  facet normal -2.00339e-05 -0.258795 0.965932
    outer loop
      vertex 7.40095 -6.70873 2.81548
      vertex 6.70397 -7.16657 2.6928
      vertex 7.25419 -6.90594 2.76264
    endloop
  endfacet
  facet normal -1.67757e-05 -0.258801 0.965931
    outer loop
      vertex 7.25419 -6.90594 2.76264
      vertex 6.70397 -7.16657 2.6928
      vertex 7.12976 -7.01193 2.73424
    endloop
  endfacet
  facet normal 0.000106279 -0.259043 0.965866
    outer loop
      vertex 7.12976 -7.01193 2.73424
      vertex 6.92127 -7.11966 2.70537
      vertex 7.06662 -7.05435 2.72287
    endloop
  endfacet
  facet normal 8.90121e-06 -0.258867 0.965913
    outer loop
      vertex 7.12976 -7.01193 2.73424
      vertex 6.70397 -7.16657 2.6928
      vertex 6.92127 -7.11966 2.70537
    endloop
  endfacet
  facet normal -6.19028e-05 -0.258561 0.965995
    outer loop
      vertex 6.92127 -7.11966 2.70537
      vertex 6.70397 -7.16657 2.6928
      vertex 6.84856 -7.14643 2.6982
    endloop
  endfacet
  facet normal 0 -0.258825 0.965924
    outer loop
      vertex 7.53077 -6.28997 2.92769
      vertex -6.69883 -7.16657 2.6928
      vertex 6.70397 -7.16657 2.6928
    endloop
  endfacet
  facet normal 0 -0.258825 0.965924
    outer loop
      vertex -7.53801 -6.28997 2.92769
      vertex -6.69883 -7.16657 2.6928
      vertex 7.53077 -6.28997 2.92769
    endloop
  endfacet
  facet normal -9.42619e-05 -0.258909 0.965902
    outer loop
      vertex -7.53179 -6.32754 2.91762
      vertex -6.69883 -7.16657 2.6928
      vertex -7.53801 -6.28997 2.92769
    endloop
  endfacet
  facet normal 1.69327e-05 -0.258806 0.965929
    outer loop
      vertex -7.46491 -6.57894 2.85026
      vertex -6.69883 -7.16657 2.6928
      vertex -7.53179 -6.32754 2.91762
    endloop
  endfacet
  facet normal 4.57417e-05 -0.258771 0.965939
    outer loop
      vertex -6.69883 -7.16657 2.6928
      vertex -7.46491 -6.57894 2.85026
      vertex -6.9044 -7.12297 2.70449
    endloop
  endfacet
  facet normal -0.000211995 -0.259283 0.965801
    outer loop
      vertex -6.9044 -7.12297 2.70449
      vertex -7.04456 -7.06173 2.7209
      vertex -6.97861 -7.10056 2.71049
    endloop
  endfacet
  facet normal 1.33051e-05 -0.258802 0.96593
    outer loop
      vertex -6.9044 -7.12297 2.70449
      vertex -7.46491 -6.57894 2.85026
      vertex -7.04456 -7.06173 2.7209
    endloop
  endfacet
  facet normal -9.08975e-05 -0.258922 0.965898
    outer loop
      vertex -7.04456 -7.06173 2.7209
      vertex -7.23452 -6.92345 2.75795
      vertex -7.18029 -6.97577 2.74393
    endloop
  endfacet
  facet normal -1.52806e-05 -0.258826 0.965924
    outer loop
      vertex -7.04456 -7.06173 2.7209
      vertex -7.46491 -6.57894 2.85026
      vertex -7.23452 -6.92345 2.75795
    endloop
  endfacet
  facet normal -0.000146103 -0.258913 0.965901
    outer loop
      vertex -7.23452 -6.92345 2.75795
      vertex -7.38589 -6.73676 2.80797
      vertex -7.34544 -6.79886 2.79133
    endloop
  endfacet
  facet normal -0.000101877 -0.25888 0.96591
    outer loop
      vertex -7.23452 -6.92345 2.75795
      vertex -7.46491 -6.57894 2.85026
      vertex -7.38589 -6.73676 2.80797
    endloop
  endfacet
  facet normal -0.000602168 -0.25896 0.965888
    outer loop
      vertex -7.46491 -6.57894 2.85026
      vertex -7.53179 -6.32754 2.91762
      vertex -7.49073 -6.51122 2.8684
    endloop
  endfacet
  facet normal -0 0.0174541 0.999848
    outer loop
      vertex -7.24765 0.907387 3.68416
      vertex -5.73426 0 3.7
      vertex -5.55323 0.907387 3.68416
    endloop
  endfacet
  facet normal 0 0.0174541 0.999848
    outer loop
      vertex -5.73426 0 3.7
      vertex -7.24765 0.907387 3.68416
      vertex -7.2408 0 3.7
    endloop
  endfacet
  facet normal 0 0.0174541 0.999848
    outer loop
      vertex 7.24765 0.907387 3.68416
      vertex 5.73426 0 3.7
      vertex 7.2408 0 3.7
    endloop
  endfacet
  facet normal 0 0.0174541 0.999848
    outer loop
      vertex 5.73426 0 3.7
      vertex 7.24765 0.907387 3.68416
      vertex 5.55323 0.907387 3.68416
    endloop
  endfacet
  facet normal 0.0013545 -0.22502 0.974353
    outer loop
      vertex 7.54543 -5.996 2.99556
      vertex 7.53077 -6.28997 2.92769
      vertex 7.54694 -6.04583 2.98405
    endloop
  endfacet
  facet normal -5.36143e-05 -0.224954 0.974369
    outer loop
      vertex 7.4865 -5.4057 3.13184
      vertex 7.53077 -6.28997 2.92769
      vertex 7.54543 -5.996 2.99556
    endloop
  endfacet
  facet normal 0 -0.224951 0.97437
    outer loop
      vertex -7.4865 -5.4057 3.13184
      vertex 7.53077 -6.28997 2.92769
      vertex 7.4865 -5.4057 3.13184
    endloop
  endfacet
  facet normal 0 -0.224951 0.97437
    outer loop
      vertex -7.4865 -5.4057 3.13184
      vertex -7.53801 -6.28997 2.92769
      vertex 7.53077 -6.28997 2.92769
    endloop
  endfacet
  facet normal -0.000153385 -0.224943 0.974372
    outer loop
      vertex -7.54589 -6.06251 2.9802
      vertex -7.53801 -6.28997 2.92769
      vertex -7.4865 -5.4057 3.13184
    endloop
  endfacet
  facet normal 0.000808031 -0.225025 0.974353
    outer loop
      vertex -7.54589 -6.06251 2.9802
      vertex -7.4865 -5.4057 3.13184
      vertex -7.54543 -5.996 2.99556
    endloop
  endfacet
  facet normal 9.25356e-05 -0.224935 0.974374
    outer loop
      vertex -7.53801 -6.28997 2.92769
      vertex -7.54589 -6.06251 2.9802
      vertex -7.5438 -6.25887 2.93487
    endloop
  endfacet
  facet normal 0.000602168 0.25896 0.965888
    outer loop
      vertex 7.46491 6.57894 2.85026
      vertex 7.53179 6.32754 2.91762
      vertex 7.49073 6.51122 2.8684
    endloop
  endfacet
  facet normal -1.69327e-05 0.258806 0.965929
    outer loop
      vertex 6.69883 7.16657 2.6928
      vertex 7.53179 6.32754 2.91762
      vertex 7.46491 6.57894 2.85026
    endloop
  endfacet
  facet normal 6.94593e-06 0.258835 0.965922
    outer loop
      vertex 6.69883 7.16657 2.6928
      vertex 7.46491 6.57894 2.85026
      vertex 7.38589 6.73676 2.80797
    endloop
  endfacet
  facet normal 0.000146103 0.258913 0.965901
    outer loop
      vertex 7.23452 6.92345 2.75795
      vertex 7.38589 6.73676 2.80797
      vertex 7.34544 6.79886 2.79133
    endloop
  endfacet
  facet normal -3.04283e-05 0.258779 0.965936
    outer loop
      vertex 7.38589 6.73676 2.80797
      vertex 7.23452 6.92345 2.75795
      vertex 6.69883 7.16657 2.6928
    endloop
  endfacet
  facet normal 9.08975e-05 0.258922 0.965898
    outer loop
      vertex 7.04456 7.06173 2.7209
      vertex 7.23452 6.92345 2.75795
      vertex 7.18029 6.97577 2.74393
    endloop
  endfacet
  facet normal -2.90224e-05 0.258769 0.965939
    outer loop
      vertex 6.9044 7.12297 2.70449
      vertex 7.23452 6.92345 2.75795
      vertex 7.04456 7.06173 2.7209
    endloop
  endfacet
  facet normal 0.000211995 0.259283 0.965801
    outer loop
      vertex 6.9044 7.12297 2.70449
      vertex 7.04456 7.06173 2.7209
      vertex 6.97861 7.10056 2.71049
    endloop
  endfacet
  facet normal -5.56158e-05 0.258728 0.96595
    outer loop
      vertex 6.69883 7.16657 2.6928
      vertex 7.23452 6.92345 2.75795
      vertex 6.9044 7.12297 2.70449
    endloop
  endfacet
  facet normal 9.42619e-05 0.258909 0.965902
    outer loop
      vertex 7.53179 6.32754 2.91762
      vertex 6.69883 7.16657 2.6928
      vertex 7.53801 6.28997 2.92769
    endloop
  endfacet
  facet normal -0 0.258825 0.965924
    outer loop
      vertex -6.70397 7.16657 2.6928
      vertex 7.53801 6.28997 2.92769
      vertex 6.69883 7.16657 2.6928
    endloop
  endfacet
  facet normal 6.19028e-05 0.258561 0.965995
    outer loop
      vertex -6.92127 7.11966 2.70537
      vertex -6.70397 7.16657 2.6928
      vertex -6.84856 7.14643 2.6982
    endloop
  endfacet
  facet normal 1.87998e-06 0.258821 0.965925
    outer loop
      vertex -7.40095 6.70873 2.81548
      vertex -6.70397 7.16657 2.6928
      vertex -6.92127 7.11966 2.70537
    endloop
  endfacet
  facet normal -0.000106279 0.259043 0.965866
    outer loop
      vertex -7.12976 7.01193 2.73424
      vertex -6.92127 7.11966 2.70537
      vertex -7.06662 7.05435 2.72287
    endloop
  endfacet
  facet normal 3.97411e-05 0.258779 0.965936
    outer loop
      vertex -7.40095 6.70873 2.81548
      vertex -6.92127 7.11966 2.70537
      vertex -7.12976 7.01193 2.73424
    endloop
  endfacet
  facet normal 2.71381e-05 0.25879 0.965934
    outer loop
      vertex -7.40095 6.70873 2.81548
      vertex -7.12976 7.01193 2.73424
      vertex -7.25419 6.90594 2.76264
    endloop
  endfacet
  facet normal -0.00050302 0.259158 0.965835
    outer loop
      vertex -7.40095 6.70873 2.81548
      vertex -7.25419 6.90594 2.76264
      vertex -7.30493 6.85102 2.77735
    endloop
  endfacet
  facet normal -4.13114e-06 0.258829 0.965923
    outer loop
      vertex -6.70397 7.16657 2.6928
      vertex -7.40095 6.70873 2.81548
      vertex -7.49847 6.47291 2.87867
    endloop
  endfacet
  facet normal 0.000114922 0.258783 0.965935
    outer loop
      vertex -7.49847 6.47291 2.87867
      vertex -7.40095 6.70873 2.81548
      vertex -7.43757 6.64518 2.83251
    endloop
  endfacet
  facet normal -1.22095e-06 0.258826 0.965924
    outer loop
      vertex -6.70397 7.16657 2.6928
      vertex -7.49847 6.47291 2.87867
      vertex -7.53077 6.28997 2.92769
    endloop
  endfacet
  facet normal 0.000719438 0.25864 0.965974
    outer loop
      vertex -7.52867 6.33432 2.9158
      vertex -7.49847 6.47291 2.87867
      vertex -7.52045 6.40496 2.89688
    endloop
  endfacet
  facet normal -0.00103154 0.258996 0.965878
    outer loop
      vertex -7.49847 6.47291 2.87867
      vertex -7.52867 6.33432 2.9158
      vertex -7.53077 6.28997 2.92769
    endloop
  endfacet
  facet normal 0 0.258825 0.965924
    outer loop
      vertex -6.70397 7.16657 2.6928
      vertex -7.53077 6.28997 2.92769
      vertex 7.53801 6.28997 2.92769
    endloop
  endfacet
  facet normal -9.25356e-05 0.224935 0.974374
    outer loop
      vertex 7.53801 6.28997 2.92769
      vertex 7.54589 6.06251 2.9802
      vertex 7.5438 6.25887 2.93487
    endloop
  endfacet
  facet normal 0.00208515 0.225006 0.974355
    outer loop
      vertex 7.54589 6.06251 2.9802
      vertex 7.53801 6.28997 2.92769
      vertex 7.54543 5.996 2.99556
    endloop
  endfacet
  facet normal -6.41718e-05 0.224955 0.974369
    outer loop
      vertex 7.53801 6.28997 2.92769
      vertex 7.4865 5.4057 3.13184
      vertex 7.54543 5.996 2.99556
    endloop
  endfacet
  facet normal 0 0.224951 0.97437
    outer loop
      vertex 7.53801 6.28997 2.92769
      vertex -7.4865 5.4057 3.13184
      vertex 7.4865 5.4057 3.13184
    endloop
  endfacet
  facet normal -0 0.224951 0.97437
    outer loop
      vertex -7.53077 6.28997 2.92769
      vertex -7.4865 5.4057 3.13184
      vertex 7.53801 6.28997 2.92769
    endloop
  endfacet
  facet normal 5.36143e-05 0.224954 0.974369
    outer loop
      vertex -7.53077 6.28997 2.92769
      vertex -7.54543 5.996 2.99556
      vertex -7.4865 5.4057 3.13184
    endloop
  endfacet
  facet normal -0.0013545 0.22502 0.974353
    outer loop
      vertex -7.54543 5.996 2.99556
      vertex -7.53077 6.28997 2.92769
      vertex -7.54694 6.04583 2.98405
    endloop
  endfacet
  facet normal 0.0174501 0 0.999848
    outer loop
      vertex -1.91947 3.70351 3.4335
      vertex 0 -3.91505 3.4
      vertex 0 3.91505 3.4
    endloop
  endfacet
  facet normal 0.0174501 0 0.999848
    outer loop
      vertex 0 -3.91505 3.4
      vertex -1.91947 3.70351 3.4335
      vertex -1.91947 -3.70351 3.4335
    endloop
  endfacet
  facet normal -0.0523372 0 0.998629
    outer loop
      vertex 2.1764 3.6185 3.44697
      vertex 3.83661 -2.90988 3.53398
      vertex 3.83661 2.90988 3.53398
    endloop
  endfacet
  facet normal -0.0523372 0 0.998629
    outer loop
      vertex 2.1764 3.6185 3.44697
      vertex 2.1764 -3.6185 3.44697
      vertex 3.83661 -2.90988 3.53398
    endloop
  endfacet
  facet normal -0.0523548 0 0.998629
    outer loop
      vertex 1.91947 3.70351 3.4335
      vertex 2.1764 -3.6185 3.44697
      vertex 2.1764 3.6185 3.44697
    endloop
  endfacet
  facet normal -0.0523548 0 0.998629
    outer loop
      vertex 2.1764 -3.6185 3.44697
      vertex 1.91947 3.70351 3.4335
      vertex 1.91947 -3.70351 3.4335
    endloop
  endfacet
  facet normal 0.0871509 0 0.996195
    outer loop
      vertex -4.10626 2.71774 3.55757
      vertex -3.83661 -2.90988 3.53398
      vertex -3.83661 2.90988 3.53398
    endloop
  endfacet
  facet normal 0.0871509 0 0.996195
    outer loop
      vertex -4.10626 2.71774 3.55757
      vertex -4.10626 -2.71774 3.55757
      vertex -3.83661 -2.90988 3.53398
    endloop
  endfacet
  facet normal 0.0871493 0 0.996195
    outer loop
      vertex -5.01033 1.81367 3.63666
      vertex -4.10626 -2.71774 3.55757
      vertex -4.10626 2.71774 3.55757
    endloop
  endfacet
  facet normal 0.0871493 0 0.996195
    outer loop
      vertex -5.01033 1.81367 3.63666
      vertex -5.01033 -1.81367 3.63666
      vertex -4.10626 -2.71774 3.55757
    endloop
  endfacet
  facet normal 0.0871601 0 0.996194
    outer loop
      vertex -5.55323 0.907387 3.68416
      vertex -5.01033 -1.81367 3.63666
      vertex -5.01033 1.81367 3.63666
    endloop
  endfacet
  facet normal 0.0871601 0 0.996194
    outer loop
      vertex -5.55323 0.907387 3.68416
      vertex -5.55323 -0.907387 3.68416
      vertex -5.01033 -1.81367 3.63666
    endloop
  endfacet
  facet normal 0.0871663 -0 0.996194
    outer loop
      vertex -5.55323 -0.907387 3.68416
      vertex -5.55323 0.907387 3.68416
      vertex -5.73426 0 3.7
    endloop
  endfacet
  facet normal -0.0871663 0 0.996194
    outer loop
      vertex 5.55323 0.907387 3.68416
      vertex 5.55323 -0.907387 3.68416
      vertex 5.73426 0 3.7
    endloop
  endfacet
  facet normal -0.0871601 0 0.996194
    outer loop
      vertex 5.01033 1.81367 3.63666
      vertex 5.55323 -0.907387 3.68416
      vertex 5.55323 0.907387 3.68416
    endloop
  endfacet
  facet normal -0.0871601 0 0.996194
    outer loop
      vertex 5.01033 1.81367 3.63666
      vertex 5.01033 -1.81367 3.63666
      vertex 5.55323 -0.907387 3.68416
    endloop
  endfacet
  facet normal -0.0871493 0 0.996195
    outer loop
      vertex 4.10626 2.71774 3.55757
      vertex 5.01033 -1.81367 3.63666
      vertex 5.01033 1.81367 3.63666
    endloop
  endfacet
  facet normal -0.0871493 0 0.996195
    outer loop
      vertex 4.10626 2.71774 3.55757
      vertex 4.10626 -2.71774 3.55757
      vertex 5.01033 -1.81367 3.63666
    endloop
  endfacet
  facet normal -0.0871509 0 0.996195
    outer loop
      vertex 3.83661 2.90988 3.53398
      vertex 4.10626 -2.71774 3.55757
      vertex 4.10626 2.71774 3.55757
    endloop
  endfacet
  facet normal -0.0871509 0 0.996195
    outer loop
      vertex 4.10626 -2.71774 3.55757
      vertex 3.83661 2.90988 3.53398
      vertex 3.83661 -2.90988 3.53398
    endloop
  endfacet
  facet normal -0.0174501 0 0.999848
    outer loop
      vertex 0 3.91505 3.4
      vertex 1.91947 -3.70351 3.4335
      vertex 1.91947 3.70351 3.4335
    endloop
  endfacet
  facet normal -0.0174501 0 0.999848
    outer loop
      vertex 1.91947 -3.70351 3.4335
      vertex 0 3.91505 3.4
      vertex 0 -3.91505 3.4
    endloop
  endfacet
  facet normal 0.0523548 0 0.998629
    outer loop
      vertex -2.1764 3.6185 3.44697
      vertex -1.91947 -3.70351 3.4335
      vertex -1.91947 3.70351 3.4335
    endloop
  endfacet
  facet normal 0.0523548 0 0.998629
    outer loop
      vertex -2.1764 3.6185 3.44697
      vertex -2.1764 -3.6185 3.44697
      vertex -1.91947 -3.70351 3.4335
    endloop
  endfacet
  facet normal 0.0523372 0 0.998629
    outer loop
      vertex -3.83661 2.90988 3.53398
      vertex -2.1764 -3.6185 3.44697
      vertex -2.1764 3.6185 3.44697
    endloop
  endfacet
  facet normal 0.0523372 0 0.998629
    outer loop
      vertex -2.1764 -3.6185 3.44697
      vertex -3.83661 2.90988 3.53398
      vertex -3.83661 -2.90988 3.53398
    endloop
  endfacet
  facet normal -0.789385 0.204366 -0.578883
    outer loop
      vertex 8.23615 -6.7317 0
      vertex 6.9753 -5.76675 2.06
      vertex 7.03615 -5.53171 2.06
    endloop
  endfacet
  facet normal -0.789376 0.204388 -0.578888
    outer loop
      vertex 6.9753 -5.76675 2.06
      vertex 8.23615 -6.7317 0
      vertex 8.17529 -6.96675 0
    endloop
  endfacet
  facet normal 0.503303 -0.586338 -0.63474
    outer loop
      vertex -6.71974 6.17676 2.06
      vertex -7.7355 7.5349 0
      vertex -6.53551 6.3349 2.06
    endloop
  endfacet
  facet normal 0.503305 -0.586336 -0.634739
    outer loop
      vertex -7.7355 7.5349 0
      vertex -6.71974 6.17676 2.06
      vertex -7.91974 7.37675 0
    endloop
  endfacet
  facet normal -0.845521 0.0643958 -0.530045
    outer loop
      vertex 8.24998 -6.54999 0
      vertex 7.03615 -5.53171 2.06
      vertex 7.04999 -5.34999 2.06
    endloop
  endfacet
  facet normal -0.845533 0.0643538 -0.530031
    outer loop
      vertex 7.03615 -5.53171 2.06
      vertex 8.24998 -6.54999 0
      vertex 8.23615 -6.7317 0
    endloop
  endfacet
  facet normal 0.347358 0.708065 -0.614806
    outer loop
      vertex -7.46675 -7.67529 0
      vertex -6.48474 -6.36836 2.06
      vertex -6.26675 -6.4753 2.06
    endloop
  endfacet
  facet normal 0.347332 0.70808 -0.614803
    outer loop
      vertex -6.48474 -6.36836 2.06
      vertex -7.46675 -7.67529 0
      vertex -7.68474 -7.56836 0
    endloop
  endfacet
  facet normal -0.864085 0 -0.503346
    outer loop
      vertex 8.24998 6.54999 0
      vertex 7.04999 -5.34999 2.06
      vertex 7.04999 5.34999 2.06
    endloop
  endfacet
  facet normal -0.864085 0 -0.503346
    outer loop
      vertex 7.04999 -5.34999 2.06
      vertex 8.24998 6.54999 0
      vertex 8.24998 -6.54999 0
    endloop
  endfacet
  facet normal 0.77058 0.241758 -0.589712
    outer loop
      vertex -6.95274 -5.82321 2.06
      vertex -8.22542 -6.79155 0
      vertex -7.02542 -5.59155 2.06
    endloop
  endfacet
  facet normal 0.77058 0.241758 -0.589712
    outer loop
      vertex -8.22542 -6.79155 0
      vertex -6.95274 -5.82321 2.06
      vertex -8.15274 -7.02321 0
    endloop
  endfacet
  facet normal 0.586336 0.503305 -0.634739
    outer loop
      vertex -8.0349 -7.2355 0
      vertex -6.67676 -6.21974 2.06
      vertex -7.87675 -7.41974 0
    endloop
  endfacet
  facet normal 0.586338 0.503303 -0.63474
    outer loop
      vertex -6.67676 -6.21974 2.06
      vertex -8.0349 -7.2355 0
      vertex -6.8349 -6.03551 2.06
    endloop
  endfacet
  facet normal -0.380454 0.685392 -0.62088
    outer loop
      vertex 7.52321 -7.65274 0
      vertex 6.53551 -6.3349 2.06
      vertex 7.7355 -7.5349 0
    endloop
  endfacet
  facet normal -0.380441 0.685401 -0.620879
    outer loop
      vertex 6.53551 -6.3349 2.06
      vertex 7.52321 -7.65274 0
      vertex 6.32321 -6.45274 2.06
    endloop
  endfacet
  facet normal -0.838537 -0.0852562 -0.538132
    outer loop
      vertex 8.24998 6.54999 0
      vertex 7.02542 5.59155 2.06
      vertex 8.22542 6.79155 0
    endloop
  endfacet
  facet normal -0.838528 -0.0852899 -0.538142
    outer loop
      vertex 7.02542 5.59155 2.06
      vertex 8.24998 6.54999 0
      vertex 7.04999 5.34999 2.06
    endloop
  endfacet
  facet normal -0.204366 -0.789385 -0.578883
    outer loop
      vertex 7.2317 7.73615 0
      vertex 6.26675 6.4753 2.06
      vertex 6.03171 6.53615 2.06
    endloop
  endfacet
  facet normal -0.204388 -0.789376 -0.578888
    outer loop
      vertex 6.26675 6.4753 2.06
      vertex 7.2317 7.73615 0
      vertex 7.46675 7.67529 0
    endloop
  endfacet
  facet normal -0.685392 -0.380454 -0.62088
    outer loop
      vertex 8.15274 7.02321 0
      vertex 6.8349 6.03551 2.06
      vertex 8.0349 7.2355 0
    endloop
  endfacet
  facet normal -0.685401 -0.380441 -0.620879
    outer loop
      vertex 6.8349 6.03551 2.06
      vertex 8.15274 7.02321 0
      vertex 6.95274 5.82321 2.06
    endloop
  endfacet
  facet normal 0.612341 -0.473941 -0.632786
    outer loop
      vertex -8.06836 7.18474 0
      vertex -6.71974 6.17676 2.06
      vertex -6.86836 5.98474 2.06
    endloop
  endfacet
  facet normal 0.612329 -0.473957 -0.632786
    outer loop
      vertex -6.71974 6.17676 2.06
      vertex -8.06836 7.18474 0
      vertex -7.91974 7.37675 0
    endloop
  endfacet
  facet normal 0 0.864085 -0.503346
    outer loop
      vertex 7.04999 -7.74998 0
      vertex -5.84999 -6.54999 2.06
      vertex 5.84999 -6.54999 2.06
    endloop
  endfacet
  facet normal 0 0.864085 -0.503346
    outer loop
      vertex -5.84999 -6.54999 2.06
      vertex 7.04999 -7.74998 0
      vertex -7.04999 -7.74998 0
    endloop
  endfacet
  facet normal 0.864085 0 -0.503346
    outer loop
      vertex -7.04999 -5.34999 2.06
      vertex -8.24998 6.54999 0
      vertex -7.04999 5.34999 2.06
    endloop
  endfacet
  facet normal 0.864085 0 -0.503346
    outer loop
      vertex -8.24998 6.54999 0
      vertex -7.04999 -5.34999 2.06
      vertex -8.24998 -6.54999 0
    endloop
  endfacet
  facet normal 0.204366 0.789385 -0.578883
    outer loop
      vertex -7.2317 -7.73615 0
      vertex -6.26675 -6.4753 2.06
      vertex -6.03171 -6.53615 2.06
    endloop
  endfacet
  facet normal 0.204388 0.789376 -0.578888
    outer loop
      vertex -6.26675 -6.4753 2.06
      vertex -7.2317 -7.73615 0
      vertex -7.46675 -7.67529 0
    endloop
  endfacet
  facet normal 0.380454 -0.685392 -0.62088
    outer loop
      vertex -7.52321 7.65274 0
      vertex -6.53551 6.3349 2.06
      vertex -7.7355 7.5349 0
    endloop
  endfacet
  facet normal 0.380441 -0.685401 -0.620879
    outer loop
      vertex -6.53551 6.3349 2.06
      vertex -7.52321 7.65274 0
      vertex -6.32321 6.45274 2.06
    endloop
  endfacet
  facet normal 0.685401 0.380441 -0.620879
    outer loop
      vertex -6.8349 -6.03551 2.06
      vertex -8.15274 -7.02321 0
      vertex -6.95274 -5.82321 2.06
    endloop
  endfacet
  facet normal 0.685392 0.380454 -0.62088
    outer loop
      vertex -8.15274 -7.02321 0
      vertex -6.8349 -6.03551 2.06
      vertex -8.0349 -7.2355 0
    endloop
  endfacet
  facet normal 0.838528 0.0852899 -0.538142
    outer loop
      vertex -7.02542 -5.59155 2.06
      vertex -8.24998 -6.54999 0
      vertex -7.04999 -5.34999 2.06
    endloop
  endfacet
  facet normal 0.838537 0.0852562 -0.538132
    outer loop
      vertex -8.24998 -6.54999 0
      vertex -7.02542 -5.59155 2.06
      vertex -8.22542 -6.79155 0
    endloop
  endfacet
  facet normal -0.612329 0.473957 -0.632786
    outer loop
      vertex 6.71974 -6.17676 2.06
      vertex 8.06836 -7.18474 0
      vertex 7.91974 -7.37675 0
    endloop
  endfacet
  facet normal -0.612341 0.473941 -0.632786
    outer loop
      vertex 8.06836 -7.18474 0
      vertex 6.71974 -6.17676 2.06
      vertex 6.86836 -5.98474 2.06
    endloop
  endfacet
  facet normal -0.503305 0.586336 -0.634739
    outer loop
      vertex 7.7355 -7.5349 0
      vertex 6.71974 -6.17676 2.06
      vertex 7.91974 -7.37675 0
    endloop
  endfacet
  facet normal -0.503303 0.586338 -0.63474
    outer loop
      vertex 6.71974 -6.17676 2.06
      vertex 7.7355 -7.5349 0
      vertex 6.53551 -6.3349 2.06
    endloop
  endfacet
  facet normal -0.0852562 0.838537 -0.538132
    outer loop
      vertex 7.04999 -7.74998 0
      vertex 6.09155 -6.52542 2.06
      vertex 7.29155 -7.72542 0
    endloop
  endfacet
  facet normal -0.0852899 0.838528 -0.538142
    outer loop
      vertex 6.09155 -6.52542 2.06
      vertex 7.04999 -7.74998 0
      vertex 5.84999 -6.54999 2.06
    endloop
  endfacet
  facet normal -0.708065 0.347358 -0.614806
    outer loop
      vertex 8.17529 -6.96675 0
      vertex 6.86836 -5.98474 2.06
      vertex 6.9753 -5.76675 2.06
    endloop
  endfacet
  facet normal -0.70808 0.347332 -0.614803
    outer loop
      vertex 6.86836 -5.98474 2.06
      vertex 8.17529 -6.96675 0
      vertex 8.06836 -7.18474 0
    endloop
  endfacet
  facet normal 0.0852562 -0.838537 -0.538132
    outer loop
      vertex -7.04999 7.74998 0
      vertex -6.09155 6.52542 2.06
      vertex -7.29155 7.72542 0
    endloop
  endfacet
  facet normal 0.0852899 -0.838528 -0.538142
    outer loop
      vertex -6.09155 6.52542 2.06
      vertex -7.04999 7.74998 0
      vertex -5.84999 6.54999 2.06
    endloop
  endfacet
  facet normal -0.0643958 -0.845521 -0.530045
    outer loop
      vertex 7.04999 7.74998 0
      vertex 6.03171 6.53615 2.06
      vertex 5.84999 6.54999 2.06
    endloop
  endfacet
  facet normal -0.0643538 -0.845533 -0.530031
    outer loop
      vertex 6.03171 6.53615 2.06
      vertex 7.04999 7.74998 0
      vertex 7.2317 7.73615 0
    endloop
  endfacet
  facet normal 0.473941 0.612341 -0.632786
    outer loop
      vertex -7.68474 -7.56836 0
      vertex -6.67676 -6.21974 2.06
      vertex -6.48474 -6.36836 2.06
    endloop
  endfacet
  facet normal 0.473957 0.612329 -0.632786
    outer loop
      vertex -6.67676 -6.21974 2.06
      vertex -7.68474 -7.56836 0
      vertex -7.87675 -7.41974 0
    endloop
  endfacet
  facet normal 0.0643958 0.845521 -0.530045
    outer loop
      vertex -7.04999 -7.74998 0
      vertex -6.03171 -6.53615 2.06
      vertex -5.84999 -6.54999 2.06
    endloop
  endfacet
  facet normal 0.0643538 0.845533 -0.530031
    outer loop
      vertex -6.03171 -6.53615 2.06
      vertex -7.04999 -7.74998 0
      vertex -7.2317 -7.73615 0
    endloop
  endfacet
  facet normal 0.241758 -0.77058 -0.589712
    outer loop
      vertex -7.29155 7.72542 0
      vertex -6.32321 6.45274 2.06
      vertex -7.52321 7.65274 0
    endloop
  endfacet
  facet normal 0.241758 -0.77058 -0.589712
    outer loop
      vertex -6.32321 6.45274 2.06
      vertex -7.29155 7.72542 0
      vertex -6.09155 6.52542 2.06
    endloop
  endfacet
  facet normal 0.845533 -0.0643538 -0.530031
    outer loop
      vertex -7.03615 5.53171 2.06
      vertex -8.24998 6.54999 0
      vertex -8.23615 6.7317 0
    endloop
  endfacet
  facet normal 0.845521 -0.0643958 -0.530045
    outer loop
      vertex -8.24998 6.54999 0
      vertex -7.03615 5.53171 2.06
      vertex -7.04999 5.34999 2.06
    endloop
  endfacet
  facet normal -0.473957 -0.612329 -0.632786
    outer loop
      vertex 6.67676 6.21974 2.06
      vertex 7.68474 7.56836 0
      vertex 7.87675 7.41974 0
    endloop
  endfacet
  facet normal -0.473941 -0.612341 -0.632786
    outer loop
      vertex 7.68474 7.56836 0
      vertex 6.67676 6.21974 2.06
      vertex 6.48474 6.36836 2.06
    endloop
  endfacet
  facet normal -0.77058 -0.241758 -0.589712
    outer loop
      vertex 8.22542 6.79155 0
      vertex 6.95274 5.82321 2.06
      vertex 8.15274 7.02321 0
    endloop
  endfacet
  facet normal -0.77058 -0.241758 -0.589712
    outer loop
      vertex 6.95274 5.82321 2.06
      vertex 8.22542 6.79155 0
      vertex 7.02542 5.59155 2.06
    endloop
  endfacet
  facet normal 0.789376 -0.204388 -0.578888
    outer loop
      vertex -6.9753 5.76675 2.06
      vertex -8.23615 6.7317 0
      vertex -8.17529 6.96675 0
    endloop
  endfacet
  facet normal 0.789385 -0.204366 -0.578883
    outer loop
      vertex -8.23615 6.7317 0
      vertex -6.9753 5.76675 2.06
      vertex -7.03615 5.53171 2.06
    endloop
  endfacet
  facet normal -0.347358 -0.708065 -0.614806
    outer loop
      vertex 7.46675 7.67529 0
      vertex 6.48474 6.36836 2.06
      vertex 6.26675 6.4753 2.06
    endloop
  endfacet
  facet normal -0.347332 -0.70808 -0.614803
    outer loop
      vertex 6.48474 6.36836 2.06
      vertex 7.46675 7.67529 0
      vertex 7.68474 7.56836 0
    endloop
  endfacet
  facet normal -0.241758 0.77058 -0.589712
    outer loop
      vertex 7.29155 -7.72542 0
      vertex 6.32321 -6.45274 2.06
      vertex 7.52321 -7.65274 0
    endloop
  endfacet
  facet normal -0.241758 0.77058 -0.589712
    outer loop
      vertex 6.32321 -6.45274 2.06
      vertex 7.29155 -7.72542 0
      vertex 6.09155 -6.52542 2.06
    endloop
  endfacet
  facet normal -0.586338 -0.503303 -0.63474
    outer loop
      vertex 6.67676 6.21974 2.06
      vertex 8.0349 7.2355 0
      vertex 6.8349 6.03551 2.06
    endloop
  endfacet
  facet normal -0.586336 -0.503305 -0.634739
    outer loop
      vertex 8.0349 7.2355 0
      vertex 6.67676 6.21974 2.06
      vertex 7.87675 7.41974 0
    endloop
  endfacet
  facet normal 0.70808 -0.347332 -0.614803
    outer loop
      vertex -6.86836 5.98474 2.06
      vertex -8.17529 6.96675 0
      vertex -8.06836 7.18474 0
    endloop
  endfacet
  facet normal 0.708065 -0.347358 -0.614806
    outer loop
      vertex -8.17529 6.96675 0
      vertex -6.86836 5.98474 2.06
      vertex -6.9753 5.76675 2.06
    endloop
  endfacet
  facet normal 0 -0.864085 -0.503346
    outer loop
      vertex -7.04999 7.74998 0
      vertex 5.84999 6.54999 2.06
      vertex -5.84999 6.54999 2.06
    endloop
  endfacet
  facet normal 0 -0.864085 -0.503346
    outer loop
      vertex 5.84999 6.54999 2.06
      vertex -7.04999 7.74998 0
      vertex 7.04999 7.74998 0
    endloop
  endfacet
  facet normal 0 0 -1
    outer loop
      vertex 5.84999 -6.54999 2.06
      vertex 7.04999 -5.34999 2.06
      vertex 7.03615 -5.53171 2.06
    endloop
  endfacet
  facet normal 0 0 -1
    outer loop
      vertex 7.04999 -5.34999 2.06
      vertex 3.425 -1.375 2.06
      vertex 7.04999 5.34999 2.06
    endloop
  endfacet
  facet normal 0 0 -1
    outer loop
      vertex 5.84999 -6.54999 2.06
      vertex 7.03615 -5.53171 2.06
      vertex 6.9753 -5.76675 2.06
    endloop
  endfacet
  facet normal 0 0 -1
    outer loop
      vertex 3.425 1.375 2.06
      vertex 7.04999 5.34999 2.06
      vertex 3.425 -1.375 2.06
    endloop
  endfacet
  facet normal 0 0 -1
    outer loop
      vertex 5.84999 -6.54999 2.06
      vertex 6.9753 -5.76675 2.06
      vertex 6.86836 -5.98474 2.06
    endloop
  endfacet
  facet normal 0 0 -1
    outer loop
      vertex 3.32499 1.47501 2.06
      vertex 7.04999 5.34999 2.06
      vertex 3.425 1.375 2.06
    endloop
  endfacet
  facet normal 0 0 -1
    outer loop
      vertex 5.84999 -6.54999 2.06
      vertex 6.86836 -5.98474 2.06
      vertex 6.71974 -6.17676 2.06
    endloop
  endfacet
  facet normal 0 -0 -1
    outer loop
      vertex 5.84999 6.54999 2.06
      vertex 7.04999 5.34999 2.06
      vertex 3.32499 1.47501 2.06
    endloop
  endfacet
  facet normal 0 0 -1
    outer loop
      vertex 5.84999 -6.54999 2.06
      vertex 6.71974 -6.17676 2.06
      vertex 6.53551 -6.3349 2.06
    endloop
  endfacet
  facet normal 0 0 -1
    outer loop
      vertex 7.04999 5.34999 2.06
      vertex 5.84999 6.54999 2.06
      vertex 7.02542 5.59155 2.06
    endloop
  endfacet
  facet normal 0 0 -1
    outer loop
      vertex 5.84999 -6.54999 2.06
      vertex 6.53551 -6.3349 2.06
      vertex 6.32321 -6.45274 2.06
    endloop
  endfacet
  facet normal 0 0 -1
    outer loop
      vertex 7.02542 5.59155 2.06
      vertex 5.84999 6.54999 2.06
      vertex 6.95274 5.82321 2.06
    endloop
  endfacet
  facet normal 0 0 -1
    outer loop
      vertex 5.84999 -6.54999 2.06
      vertex 6.32321 -6.45274 2.06
      vertex 6.09155 -6.52542 2.06
    endloop
  endfacet
  facet normal 0 0 -1
    outer loop
      vertex 6.95274 5.82321 2.06
      vertex 5.84999 6.54999 2.06
      vertex 6.8349 6.03551 2.06
    endloop
  endfacet
  facet normal -0 0 -1
    outer loop
      vertex 7.04999 -5.34999 2.06
      vertex 5.84999 -6.54999 2.06
      vertex 3.32499 -1.47501 2.06
    endloop
  endfacet
  facet normal 0 0 -1
    outer loop
      vertex 6.8349 6.03551 2.06
      vertex 5.84999 6.54999 2.06
      vertex 6.67676 6.21974 2.06
    endloop
  endfacet
  facet normal 0 0 -1
    outer loop
      vertex 6.48474 6.36836 2.06
      vertex 5.84999 6.54999 2.06
      vertex 6.26675 6.4753 2.06
    endloop
  endfacet
  facet normal 0 0 -1
    outer loop
      vertex 7.04999 -5.34999 2.06
      vertex 3.32499 -1.47501 2.06
      vertex 3.425 -1.375 2.06
    endloop
  endfacet
  facet normal 0 0 -1
    outer loop
      vertex 5.84999 -6.54999 2.06
      vertex 2.37501 -1.47501 2.06
      vertex 3.32499 -1.47501 2.06
    endloop
  endfacet
  facet normal 0 0 -1
    outer loop
      vertex -2.37501 -1.47501 2.06
      vertex 2.37501 -1.47501 2.06
      vertex 5.84999 -6.54999 2.06
    endloop
  endfacet
  facet normal 0 0 -1
    outer loop
      vertex 2.275 -1.375 2.06
      vertex -2.275 -1.375 2.06
      vertex 2.275 1.375 2.06
    endloop
  endfacet
  facet normal 0 0 -1
    outer loop
      vertex 2.37501 -1.47501 2.06
      vertex -2.37501 -1.47501 2.06
      vertex 2.275 -1.375 2.06
    endloop
  endfacet
  facet normal -0 0 -1
    outer loop
      vertex 2.275 -1.375 2.06
      vertex -2.37501 -1.47501 2.06
      vertex -2.275 -1.375 2.06
    endloop
  endfacet
  facet normal 0 0 -1
    outer loop
      vertex -5.84999 -6.54999 2.06
      vertex -2.37501 -1.47501 2.06
      vertex 5.84999 -6.54999 2.06
    endloop
  endfacet
  facet normal -0 0 -1
    outer loop
      vertex -3.32499 -1.47501 2.06
      vertex -7.04999 -5.34999 2.06
      vertex -3.425 -1.375 2.06
    endloop
  endfacet
  facet normal 0 0 -1
    outer loop
      vertex -7.04999 -5.34999 2.06
      vertex -3.32499 -1.47501 2.06
      vertex -5.84999 -6.54999 2.06
    endloop
  endfacet
  facet normal -0 0 -1
    outer loop
      vertex -2.37501 -1.47501 2.06
      vertex -5.84999 -6.54999 2.06
      vertex -3.32499 -1.47501 2.06
    endloop
  endfacet
  facet normal 0 0 -1
    outer loop
      vertex 6.26675 6.4753 2.06
      vertex 5.84999 6.54999 2.06
      vertex 6.03171 6.53615 2.06
    endloop
  endfacet
  facet normal 0 0 -1
    outer loop
      vertex 6.67676 6.21974 2.06
      vertex 5.84999 6.54999 2.06
      vertex 6.48474 6.36836 2.06
    endloop
  endfacet
  facet normal 0 0 -1
    outer loop
      vertex 2.37501 1.47501 2.06
      vertex 5.84999 6.54999 2.06
      vertex 3.32499 1.47501 2.06
    endloop
  endfacet
  facet normal 0 0 -1
    outer loop
      vertex -2.37501 1.47501 2.06
      vertex 2.37501 1.47501 2.06
      vertex 2.275 1.375 2.06
    endloop
  endfacet
  facet normal 0 0 -1
    outer loop
      vertex -2.275 1.375 2.06
      vertex 2.275 1.375 2.06
      vertex -2.275 -1.375 2.06
    endloop
  endfacet
  facet normal 0 0 -1
    outer loop
      vertex -2.37501 1.47501 2.06
      vertex 2.275 1.375 2.06
      vertex -2.275 1.375 2.06
    endloop
  endfacet
  facet normal 0 0 -1
    outer loop
      vertex 2.37501 1.47501 2.06
      vertex -2.37501 1.47501 2.06
      vertex 5.84999 6.54999 2.06
    endloop
  endfacet
  facet normal 0 0 -1
    outer loop
      vertex -5.84999 6.54999 2.06
      vertex -2.37501 1.47501 2.06
      vertex -3.32499 1.47501 2.06
    endloop
  endfacet
  facet normal 0 0 -1
    outer loop
      vertex -2.37501 1.47501 2.06
      vertex -5.84999 6.54999 2.06
      vertex 5.84999 6.54999 2.06
    endloop
  endfacet
  facet normal 0 0 -1
    outer loop
      vertex -7.04999 5.34999 2.06
      vertex -3.32499 1.47501 2.06
      vertex -3.425 1.375 2.06
    endloop
  endfacet
  facet normal -0 0 -1
    outer loop
      vertex -3.425 -1.375 2.06
      vertex -7.04999 -5.34999 2.06
      vertex -3.425 1.375 2.06
    endloop
  endfacet
  facet normal 0 0 -1
    outer loop
      vertex -7.04999 -5.34999 2.06
      vertex -5.84999 -6.54999 2.06
      vertex -6.03171 -6.53615 2.06
    endloop
  endfacet
  facet normal 0 0 -1
    outer loop
      vertex -7.04999 5.34999 2.06
      vertex -3.425 1.375 2.06
      vertex -7.04999 -5.34999 2.06
    endloop
  endfacet
  facet normal 0 0 -1
    outer loop
      vertex -7.04999 -5.34999 2.06
      vertex -6.03171 -6.53615 2.06
      vertex -6.26675 -6.4753 2.06
    endloop
  endfacet
  facet normal 0 0 -1
    outer loop
      vertex -3.32499 1.47501 2.06
      vertex -7.04999 5.34999 2.06
      vertex -5.84999 6.54999 2.06
    endloop
  endfacet
  facet normal 0 0 -1
    outer loop
      vertex -7.04999 -5.34999 2.06
      vertex -6.26675 -6.4753 2.06
      vertex -6.48474 -6.36836 2.06
    endloop
  endfacet
  facet normal 0 0 -1
    outer loop
      vertex -5.84999 6.54999 2.06
      vertex -7.04999 5.34999 2.06
      vertex -6.09155 6.52542 2.06
    endloop
  endfacet
  facet normal 0 0 -1
    outer loop
      vertex -7.04999 -5.34999 2.06
      vertex -6.48474 -6.36836 2.06
      vertex -6.67676 -6.21974 2.06
    endloop
  endfacet
  facet normal 0 0 -1
    outer loop
      vertex -6.09155 6.52542 2.06
      vertex -7.04999 5.34999 2.06
      vertex -6.32321 6.45274 2.06
    endloop
  endfacet
  facet normal 0 0 -1
    outer loop
      vertex -7.04999 -5.34999 2.06
      vertex -6.67676 -6.21974 2.06
      vertex -6.8349 -6.03551 2.06
    endloop
  endfacet
  facet normal 0 0 -1
    outer loop
      vertex -6.32321 6.45274 2.06
      vertex -7.04999 5.34999 2.06
      vertex -6.53551 6.3349 2.06
    endloop
  endfacet
  facet normal 0 0 -1
    outer loop
      vertex -7.04999 -5.34999 2.06
      vertex -6.8349 -6.03551 2.06
      vertex -6.95274 -5.82321 2.06
    endloop
  endfacet
  facet normal 0 0 -1
    outer loop
      vertex -6.53551 6.3349 2.06
      vertex -7.04999 5.34999 2.06
      vertex -6.71974 6.17676 2.06
    endloop
  endfacet
  facet normal 0 0 -1
    outer loop
      vertex -7.04999 -5.34999 2.06
      vertex -6.95274 -5.82321 2.06
      vertex -7.02542 -5.59155 2.06
    endloop
  endfacet
  facet normal 0 0 -1
    outer loop
      vertex -6.71974 6.17676 2.06
      vertex -7.04999 5.34999 2.06
      vertex -6.86836 5.98474 2.06
    endloop
  endfacet
  facet normal 0 0 -1
    outer loop
      vertex -6.86836 5.98474 2.06
      vertex -7.04999 5.34999 2.06
      vertex -6.9753 5.76675 2.06
    endloop
  endfacet
  facet normal 0 0 -1
    outer loop
      vertex -6.9753 5.76675 2.06
      vertex -7.04999 5.34999 2.06
      vertex -7.03615 5.53171 2.06
    endloop
  endfacet
  facet normal 0.707095 0 -0.707119
    outer loop
      vertex -2.57501 -1.075 -1.75
      vertex -2.275 1.375 -1.45
      vertex -2.275 -1.375 -1.45
    endloop
  endfacet
  facet normal 0.707095 0 -0.707119
    outer loop
      vertex -2.275 1.375 -1.45
      vertex -2.57501 -1.075 -1.75
      vertex -2.57501 1.075 -1.75
    endloop
  endfacet
  facet normal 0.707107 -0.707107 0
    outer loop
      vertex -2.37501 -1.47501 2.06
      vertex -2.275 -1.375 -1.45
      vertex -2.275 -1.375 2.06
    endloop
  endfacet
  facet normal 0.707107 -0.707107 0
    outer loop
      vertex -2.275 -1.375 -1.45
      vertex -2.37501 -1.47501 2.06
      vertex -2.37501 -1.47501 -1.45
    endloop
  endfacet
  facet normal 0.707107 0.707107 0
    outer loop
      vertex -2.275 1.375 2.06
      vertex -2.37501 1.47501 -1.45
      vertex -2.37501 1.47501 2.06
    endloop
  endfacet
  facet normal 0.707107 0.707107 0
    outer loop
      vertex -2.37501 1.47501 -1.45
      vertex -2.275 1.375 2.06
      vertex -2.275 1.375 -1.45
    endloop
  endfacet
  facet normal 0 1 -0
    outer loop
      vertex -2.37501 1.47501 -1.45
      vertex -3.32499 1.47501 2.06
      vertex -2.37501 1.47501 2.06
    endloop
  endfacet
  facet normal 0 1 0
    outer loop
      vertex -3.32499 1.47501 2.06
      vertex -2.37501 1.47501 -1.45
      vertex -3.32499 1.47501 -1.45
    endloop
  endfacet
  facet normal -1 0 0
    outer loop
      vertex -3.425 -1.375 -1.45
      vertex -3.425 1.375 2.06
      vertex -3.425 1.375 -1.45
    endloop
  endfacet
  facet normal -1 -0 0
    outer loop
      vertex -3.425 1.375 2.06
      vertex -3.425 -1.375 -1.45
      vertex -3.425 -1.375 2.06
    endloop
  endfacet
  facet normal 1 -0 0
    outer loop
      vertex -2.275 -1.375 2.06
      vertex -2.275 1.375 -1.45
      vertex -2.275 1.375 2.06
    endloop
  endfacet
  facet normal 1 0 0
    outer loop
      vertex -2.275 1.375 -1.45
      vertex -2.275 -1.375 2.06
      vertex -2.275 -1.375 -1.45
    endloop
  endfacet
  facet normal -0.707107 0.707107 0
    outer loop
      vertex -3.425 1.375 -1.45
      vertex -3.32499 1.47501 2.06
      vertex -3.32499 1.47501 -1.45
    endloop
  endfacet
  facet normal -0.707107 0.707107 0
    outer loop
      vertex -3.32499 1.47501 2.06
      vertex -3.425 1.375 -1.45
      vertex -3.425 1.375 2.06
    endloop
  endfacet
  facet normal -0.707107 -0.707107 0
    outer loop
      vertex -3.32499 -1.47501 -1.45
      vertex -3.425 -1.375 2.06
      vertex -3.425 -1.375 -1.45
    endloop
  endfacet
  facet normal -0.707107 -0.707107 0
    outer loop
      vertex -3.425 -1.375 2.06
      vertex -3.32499 -1.47501 -1.45
      vertex -3.32499 -1.47501 2.06
    endloop
  endfacet
  facet normal 0 -1 0
    outer loop
      vertex -3.32499 -1.47501 -1.45
      vertex -2.37501 -1.47501 2.06
      vertex -3.32499 -1.47501 2.06
    endloop
  endfacet
  facet normal 0 -1 -0
    outer loop
      vertex -2.37501 -1.47501 2.06
      vertex -3.32499 -1.47501 -1.45
      vertex -2.37501 -1.47501 -1.45
    endloop
  endfacet
  facet normal 0.408244 -0.408244 -0.816501
    outer loop
      vertex -2.37501 -1.47501 -1.45
      vertex -2.57501 -1.075 -1.75
      vertex -2.275 -1.375 -1.45
    endloop
  endfacet
  facet normal 0.408244 -0.408244 -0.816501
    outer loop
      vertex -2.57501 -1.075 -1.75
      vertex -2.37501 -1.47501 -1.45
      vertex -2.67501 -1.175 -1.75
    endloop
  endfacet
  facet normal 0.408244 0.408244 -0.816501
    outer loop
      vertex -2.57501 1.075 -1.75
      vertex -2.37501 1.47501 -1.45
      vertex -2.275 1.375 -1.45
    endloop
  endfacet
  facet normal 0.408244 0.408244 -0.816501
    outer loop
      vertex -2.37501 1.47501 -1.45
      vertex -2.57501 1.075 -1.75
      vertex -2.67501 1.175 -1.75
    endloop
  endfacet
  facet normal 0 -0.707095 -0.707119
    outer loop
      vertex -2.37501 -1.47501 -1.45
      vertex -3.02499 -1.175 -1.75
      vertex -2.67501 -1.175 -1.75
    endloop
  endfacet
  facet normal 0 -0.707095 -0.707119
    outer loop
      vertex -3.02499 -1.175 -1.75
      vertex -2.37501 -1.47501 -1.45
      vertex -3.32499 -1.47501 -1.45
    endloop
  endfacet
  facet normal -0.408244 -0.408244 -0.816501
    outer loop
      vertex -3.32499 -1.47501 -1.45
      vertex -3.12499 -1.075 -1.75
      vertex -3.02499 -1.175 -1.75
    endloop
  endfacet
  facet normal -0.408244 -0.408244 -0.816501
    outer loop
      vertex -3.12499 -1.075 -1.75
      vertex -3.32499 -1.47501 -1.45
      vertex -3.425 -1.375 -1.45
    endloop
  endfacet
  facet normal -0.707095 0 -0.707119
    outer loop
      vertex -3.425 -1.375 -1.45
      vertex -3.12499 1.075 -1.75
      vertex -3.12499 -1.075 -1.75
    endloop
  endfacet
  facet normal -0.707095 0 -0.707119
    outer loop
      vertex -3.12499 1.075 -1.75
      vertex -3.425 -1.375 -1.45
      vertex -3.425 1.375 -1.45
    endloop
  endfacet
  facet normal 0 0.707095 -0.707119
    outer loop
      vertex -3.02499 1.175 -1.75
      vertex -2.37501 1.47501 -1.45
      vertex -2.67501 1.175 -1.75
    endloop
  endfacet
  facet normal 0 0.707095 -0.707119
    outer loop
      vertex -2.37501 1.47501 -1.45
      vertex -3.02499 1.175 -1.75
      vertex -3.32499 1.47501 -1.45
    endloop
  endfacet
  facet normal 0 0 -1
    outer loop
      vertex -3.12499 -1.075 -1.75
      vertex -2.57501 -1.075 -1.75
      vertex -2.67501 -1.175 -1.75
    endloop
  endfacet
  facet normal 0 0 -1
    outer loop
      vertex -2.57501 -1.075 -1.75
      vertex -3.12499 -1.075 -1.75
      vertex -2.57501 1.075 -1.75
    endloop
  endfacet
  facet normal 0 0 -1
    outer loop
      vertex -3.12499 -1.075 -1.75
      vertex -2.67501 -1.175 -1.75
      vertex -3.02499 -1.175 -1.75
    endloop
  endfacet
  facet normal 0 0 -1
    outer loop
      vertex -3.12499 1.075 -1.75
      vertex -2.57501 1.075 -1.75
      vertex -3.12499 -1.075 -1.75
    endloop
  endfacet
  facet normal 0 0 -1
    outer loop
      vertex -2.57501 1.075 -1.75
      vertex -3.12499 1.075 -1.75
      vertex -2.67501 1.175 -1.75
    endloop
  endfacet
  facet normal -0 0 -1
    outer loop
      vertex -2.67501 1.175 -1.75
      vertex -3.12499 1.075 -1.75
      vertex -3.02499 1.175 -1.75
    endloop
  endfacet
  facet normal -0.408244 0.408244 -0.816501
    outer loop
      vertex -3.12499 1.075 -1.75
      vertex -3.32499 1.47501 -1.45
      vertex -3.02499 1.175 -1.75
    endloop
  endfacet
  facet normal -0.408244 0.408244 -0.816501
    outer loop
      vertex -3.32499 1.47501 -1.45
      vertex -3.12499 1.075 -1.75
      vertex -3.425 1.375 -1.45
    endloop
  endfacet
  facet normal 0.707095 0 -0.707119
    outer loop
      vertex 3.12499 -1.075 -1.75
      vertex 3.425 1.375 -1.45
      vertex 3.425 -1.375 -1.45
    endloop
  endfacet
  facet normal 0.707095 0 -0.707119
    outer loop
      vertex 3.425 1.375 -1.45
      vertex 3.12499 -1.075 -1.75
      vertex 3.12499 1.075 -1.75
    endloop
  endfacet
  facet normal 0.707107 -0.707107 0
    outer loop
      vertex 3.32499 -1.47501 2.06
      vertex 3.425 -1.375 -1.45
      vertex 3.425 -1.375 2.06
    endloop
  endfacet
  facet normal 0.707107 -0.707107 0
    outer loop
      vertex 3.425 -1.375 -1.45
      vertex 3.32499 -1.47501 2.06
      vertex 3.32499 -1.47501 -1.45
    endloop
  endfacet
  facet normal 0.707107 0.707107 0
    outer loop
      vertex 3.425 1.375 2.06
      vertex 3.32499 1.47501 -1.45
      vertex 3.32499 1.47501 2.06
    endloop
  endfacet
  facet normal 0.707107 0.707107 0
    outer loop
      vertex 3.32499 1.47501 -1.45
      vertex 3.425 1.375 2.06
      vertex 3.425 1.375 -1.45
    endloop
  endfacet
  facet normal 0 1 -0
    outer loop
      vertex 3.32499 1.47501 -1.45
      vertex 2.37501 1.47501 2.06
      vertex 3.32499 1.47501 2.06
    endloop
  endfacet
  facet normal 0 1 0
    outer loop
      vertex 2.37501 1.47501 2.06
      vertex 3.32499 1.47501 -1.45
      vertex 2.37501 1.47501 -1.45
    endloop
  endfacet
  facet normal -1 0 0
    outer loop
      vertex 2.275 -1.375 -1.45
      vertex 2.275 1.375 2.06
      vertex 2.275 1.375 -1.45
    endloop
  endfacet
  facet normal -1 -0 0
    outer loop
      vertex 2.275 1.375 2.06
      vertex 2.275 -1.375 -1.45
      vertex 2.275 -1.375 2.06
    endloop
  endfacet
  facet normal 1 -0 0
    outer loop
      vertex 3.425 -1.375 2.06
      vertex 3.425 1.375 -1.45
      vertex 3.425 1.375 2.06
    endloop
  endfacet
  facet normal 1 0 0
    outer loop
      vertex 3.425 1.375 -1.45
      vertex 3.425 -1.375 2.06
      vertex 3.425 -1.375 -1.45
    endloop
  endfacet
  facet normal -0.707107 0.707107 0
    outer loop
      vertex 2.275 1.375 -1.45
      vertex 2.37501 1.47501 2.06
      vertex 2.37501 1.47501 -1.45
    endloop
  endfacet
  facet normal -0.707107 0.707107 0
    outer loop
      vertex 2.37501 1.47501 2.06
      vertex 2.275 1.375 -1.45
      vertex 2.275 1.375 2.06
    endloop
  endfacet
  facet normal -0.707107 -0.707107 0
    outer loop
      vertex 2.37501 -1.47501 -1.45
      vertex 2.275 -1.375 2.06
      vertex 2.275 -1.375 -1.45
    endloop
  endfacet
  facet normal -0.707107 -0.707107 0
    outer loop
      vertex 2.275 -1.375 2.06
      vertex 2.37501 -1.47501 -1.45
      vertex 2.37501 -1.47501 2.06
    endloop
  endfacet
  facet normal 0 -1 0
    outer loop
      vertex 2.37501 -1.47501 -1.45
      vertex 3.32499 -1.47501 2.06
      vertex 2.37501 -1.47501 2.06
    endloop
  endfacet
  facet normal 0 -1 -0
    outer loop
      vertex 3.32499 -1.47501 2.06
      vertex 2.37501 -1.47501 -1.45
      vertex 3.32499 -1.47501 -1.45
    endloop
  endfacet
  facet normal 0.408244 -0.408244 -0.816501
    outer loop
      vertex 3.32499 -1.47501 -1.45
      vertex 3.12499 -1.075 -1.75
      vertex 3.425 -1.375 -1.45
    endloop
  endfacet
  facet normal 0.408244 -0.408244 -0.816501
    outer loop
      vertex 3.12499 -1.075 -1.75
      vertex 3.32499 -1.47501 -1.45
      vertex 3.02499 -1.175 -1.75
    endloop
  endfacet
  facet normal 0.408244 0.408244 -0.816501
    outer loop
      vertex 3.12499 1.075 -1.75
      vertex 3.32499 1.47501 -1.45
      vertex 3.425 1.375 -1.45
    endloop
  endfacet
  facet normal 0.408244 0.408244 -0.816501
    outer loop
      vertex 3.32499 1.47501 -1.45
      vertex 3.12499 1.075 -1.75
      vertex 3.02499 1.175 -1.75
    endloop
  endfacet
  facet normal 0 -0.707095 -0.707119
    outer loop
      vertex 3.32499 -1.47501 -1.45
      vertex 2.67501 -1.175 -1.75
      vertex 3.02499 -1.175 -1.75
    endloop
  endfacet
  facet normal 0 -0.707095 -0.707119
    outer loop
      vertex 2.67501 -1.175 -1.75
      vertex 3.32499 -1.47501 -1.45
      vertex 2.37501 -1.47501 -1.45
    endloop
  endfacet
  facet normal -0.408244 -0.408244 -0.816501
    outer loop
      vertex 2.37501 -1.47501 -1.45
      vertex 2.57501 -1.075 -1.75
      vertex 2.67501 -1.175 -1.75
    endloop
  endfacet
  facet normal -0.408244 -0.408244 -0.816501
    outer loop
      vertex 2.57501 -1.075 -1.75
      vertex 2.37501 -1.47501 -1.45
      vertex 2.275 -1.375 -1.45
    endloop
  endfacet
  facet normal -0.707095 0 -0.707119
    outer loop
      vertex 2.275 -1.375 -1.45
      vertex 2.57501 1.075 -1.75
      vertex 2.57501 -1.075 -1.75
    endloop
  endfacet
  facet normal -0.707095 0 -0.707119
    outer loop
      vertex 2.57501 1.075 -1.75
      vertex 2.275 -1.375 -1.45
      vertex 2.275 1.375 -1.45
    endloop
  endfacet
  facet normal 0 0.707095 -0.707119
    outer loop
      vertex 2.67501 1.175 -1.75
      vertex 3.32499 1.47501 -1.45
      vertex 3.02499 1.175 -1.75
    endloop
  endfacet
  facet normal 0 0.707095 -0.707119
    outer loop
      vertex 3.32499 1.47501 -1.45
      vertex 2.67501 1.175 -1.75
      vertex 2.37501 1.47501 -1.45
    endloop
  endfacet
  facet normal 0 0 -1
    outer loop
      vertex 2.57501 -1.075 -1.75
      vertex 3.12499 -1.075 -1.75
      vertex 3.02499 -1.175 -1.75
    endloop
  endfacet
  facet normal 0 0 -1
    outer loop
      vertex 3.12499 -1.075 -1.75
      vertex 2.57501 -1.075 -1.75
      vertex 3.12499 1.075 -1.75
    endloop
  endfacet
  facet normal 0 0 -1
    outer loop
      vertex 2.57501 -1.075 -1.75
      vertex 3.02499 -1.175 -1.75
      vertex 2.67501 -1.175 -1.75
    endloop
  endfacet
  facet normal 0 0 -1
    outer loop
      vertex 2.57501 1.075 -1.75
      vertex 3.12499 1.075 -1.75
      vertex 2.57501 -1.075 -1.75
    endloop
  endfacet
  facet normal 0 0 -1
    outer loop
      vertex 3.12499 1.075 -1.75
      vertex 2.57501 1.075 -1.75
      vertex 3.02499 1.175 -1.75
    endloop
  endfacet
  facet normal -0 0 -1
    outer loop
      vertex 3.02499 1.175 -1.75
      vertex 2.57501 1.075 -1.75
      vertex 2.67501 1.175 -1.75
    endloop
  endfacet
  facet normal -0.408244 0.408244 -0.816501
    outer loop
      vertex 2.57501 1.075 -1.75
      vertex 2.37501 1.47501 -1.45
      vertex 2.67501 1.175 -1.75
    endloop
  endfacet
  facet normal -0.408244 0.408244 -0.816501
    outer loop
      vertex 2.37501 1.47501 -1.45
      vertex 2.57501 1.075 -1.75
      vertex 2.275 1.375 -1.45
    endloop
  endfacet
endsolid OpenSCAD_Model
