solid OpenSCAD_Model
  facet normal 0.541567 -0.642141 0.54255
    outer loop
      vertex 7.56357 -7.10617 1.97992
      vertex 7.49898 -7.22157 1.90781
      vertex 8.2355 -8.0349 0.209999
    endloop
  endfacet
  facet normal 0.614086 -0.159001 -0.773057
    outer loop
      vertex 8.4753 -7.26675 0
      vertex 8.73615 -7.2317 0.2
      vertex 8.67529 -7.46675 0.2
    endloop
  endfacet
  facet normal 0.614086 -0.158982 -0.773061
    outer loop
      vertex 8.73615 -7.2317 0.2
      vertex 8.4753 -7.26675 0
      vertex 8.53615 -7.03171 0
    endloop
  endfacet
  facet normal 0.652846 0.666232 0.360455
    outer loop
      vertex 8.37675 7.91974 0.209999
      vertex 6.96804 6.26275 5.82404
      vertex 7.11337 6.12034 5.82404
    endloop
  endfacet
  facet normal 0.76902 -0.377221 0.516055
    outer loop
      vertex 7.69511 -6.7422 2.20028
      vertex 8.67529 -7.46675 0.209999
      vertex 7.70721 -6.62482 2.26805
    endloop
  endfacet
  facet normal 0.769018 -0.377224 0.516055
    outer loop
      vertex 8.67529 -7.46675 0.209999
      vertex 7.69511 -6.7422 2.20028
      vertex 8.56836 -7.68474 0.209999
    endloop
  endfacet
  facet normal 0.159001 0.614086 -0.773057
    outer loop
      vertex 7.76675 7.9753 0
      vertex 7.7317 8.23615 0.2
      vertex 7.96675 8.17529 0.2
    endloop
  endfacet
  facet normal 0.158982 0.614086 -0.773061
    outer loop
      vertex 7.7317 8.23615 0.2
      vertex 7.76675 7.9753 0
      vertex 7.53171 8.03615 0
    endloop
  endfacet
  facet normal -0.790789 0.612088 0
    outer loop
      vertex -8.56836 7.68474 0.2
      vertex -8.41974 7.87675 0.209999
      vertex -8.41974 7.87675 0.2
    endloop
  endfacet
  facet normal -0.790789 0.612088 0
    outer loop
      vertex -8.41974 7.87675 0.209999
      vertex -8.56836 7.68474 0.2
      vertex -8.56836 7.68474 0.209999
    endloop
  endfacet
  facet normal 0.88198 -0.121982 0.455227
    outer loop
      vertex 8.73615 -7.2317 0.209999
      vertex 7.33831 2.43265 5.5079
      vertex 7.29604 1.53891 5.35031
    endloop
  endfacet
  facet normal 0.881994 -0.121967 0.455204
    outer loop
      vertex 8.73615 -7.2317 0.209999
      vertex 7.29604 1.53891 5.35031
      vertex 7.27067 0.651219 5.16162
    endloop
  endfacet
  facet normal 0.881979 -0.121985 0.455229
    outer loop
      vertex 8.73615 -7.2317 0.209999
      vertex 7.27067 0.651219 5.16162
      vertex 7.2622 -0.229347 4.94207
    endloop
  endfacet
  facet normal 0.881995 -0.121965 0.455204
    outer loop
      vertex 8.73615 -7.2317 0.209999
      vertex 7.2622 -0.229347 4.94207
      vertex 7.27067 -1.10172 4.69192
    endloop
  endfacet
  facet normal 0.881976 -0.12199 0.455232
    outer loop
      vertex 8.73615 -7.2317 0.209999
      vertex 7.27067 -1.10172 4.69192
      vertex 7.29604 -1.96482 4.41148
    endloop
  endfacet
  facet normal 0.881996 -0.121961 0.455203
    outer loop
      vertex 8.73615 -7.2317 0.209999
      vertex 7.29604 -1.96482 4.41148
      vertex 7.33831 -2.81762 4.10109
    endloop
  endfacet
  facet normal 0.881982 -0.121983 0.455222
    outer loop
      vertex 8.73615 -7.2317 0.209999
      vertex 7.33831 -2.81762 4.10109
      vertex 7.3974 -3.65906 3.76113
    endloop
  endfacet
  facet normal 0.881986 -0.121976 0.455217
    outer loop
      vertex 8.73615 -7.2317 0.209999
      vertex 7.3974 -3.65906 3.76113
      vertex 7.47326 -4.48813 3.392
    endloop
  endfacet
  facet normal 0.88199 -0.121967 0.455211
    outer loop
      vertex 8.73615 -7.2317 0.209999
      vertex 7.47326 -4.48813 3.392
      vertex 7.56579 -5.30381 2.99417
    endloop
  endfacet
  facet normal 0.881984 -0.121983 0.45522
    outer loop
      vertex 8.73615 -7.2317 0.209999
      vertex 7.56579 -5.30381 2.99417
      vertex 7.67487 -6.1051 2.56811
    endloop
  endfacet
  facet normal 0.882008 -0.121907 0.455194
    outer loop
      vertex 8.73615 -7.2317 0.209999
      vertex 7.67487 -6.1051 2.56811
      vertex 7.69917 -6.25724 2.48028
    endloop
  endfacet
  facet normal 0.881995 -0.121967 0.455203
    outer loop
      vertex 7.33831 2.43265 5.5079
      vertex 8.73615 -7.2317 0.209999
      vertex 7.39338 3.2702 5.62561
    endloop
  endfacet
  facet normal 0.907674 0.28477 0.308276
    outer loop
      vertex 7.26101 5.88773 5.81851
      vertex 8.72542 7.29155 0.209999
      vertex 8.65274 7.52321 0.209999
    endloop
  endfacet
  facet normal 0.907639 0.284865 0.308291
    outer loop
      vertex 8.72542 7.29155 0.209999
      vertex 7.26101 5.88773 5.81851
      vertex 7.27144 5.85571 5.81739
    endloop
  endfacet
  facet normal 0.547249 -0.637529 0.542287
    outer loop
      vertex 8.41974 -7.87675 0.209999
      vertex 7.56357 -7.10617 1.97992
      vertex 8.2355 -8.0349 0.209999
    endloop
  endfacet
  facet normal 0.547232 -0.637544 0.542286
    outer loop
      vertex 7.56357 -7.10617 1.97992
      vertex 8.41974 -7.87675 0.209999
      vertex 7.62109 -7.00077 2.04579
    endloop
  endfacet
  facet normal -0.514943 -0.665282 0.540587
    outer loop
      vertex -8.18474 -8.06836 0.209999
      vertex -7.57975 -7.0905 1.98971
      vertex -8.37675 -7.91974 0.209999
    endloop
  endfacet
  facet normal -0.514964 -0.665267 0.540585
    outer loop
      vertex -7.57975 -7.0905 1.98971
      vertex -8.18474 -8.06836 0.209999
      vertex -7.51576 -7.19112 1.92684
    endloop
  endfacet
  facet normal 0.790789 -0.612088 0
    outer loop
      vertex 8.41974 -7.87675 0.209999
      vertex 8.56836 -7.68474 0.2
      vertex 8.56836 -7.68474 0.209999
    endloop
  endfacet
  facet normal 0.790789 -0.612088 0
    outer loop
      vertex 8.56836 -7.68474 0.2
      vertex 8.41974 -7.87675 0.209999
      vertex 8.41974 -7.87675 0.2
    endloop
  endfacet
  facet normal 0.758788 0.651337 0
    outer loop
      vertex 8.5349 7.7355 0.209999
      vertex 8.37675 7.91974 0.2
      vertex 8.37675 7.91974 0.209999
    endloop
  endfacet
  facet normal 0.758788 0.651337 0
    outer loop
      vertex 8.37675 7.91974 0.2
      vertex 8.5349 7.7355 0.209999
      vertex 8.5349 7.7355 0.2
    endloop
  endfacet
  facet normal 0 0.953238 0.30222
    outer loop
      vertex 7.54999 8.24998 0.209999
      vertex -6.36917 6.47007 5.82404
      vertex 6.36917 6.47007 5.82404
    endloop
  endfacet
  facet normal 0 0.953238 0.30222
    outer loop
      vertex -6.36917 6.47007 5.82404
      vertex 7.54999 8.24998 0.209999
      vertex -7.54999 8.24998 0.209999
    endloop
  endfacet
  facet normal -0.459022 0.355275 -0.814297
    outer loop
      vertex -8.56836 7.68474 0.2
      vertex -8.21974 7.67676 0
      vertex -8.36836 7.48474 0
    endloop
  endfacet
  facet normal -0.459019 0.355291 -0.814291
    outer loop
      vertex -8.21974 7.67676 0
      vertex -8.56836 7.68474 0.2
      vertex -8.41974 7.87675 0.2
    endloop
  endfacet
  facet normal 0.287556 -0.518034 -0.805576
    outer loop
      vertex 8.02321 -8.15274 0.2
      vertex 8.03551 -7.8349 0
      vertex 8.2355 -8.0349 0.2
    endloop
  endfacet
  facet normal 0.287543 -0.518036 -0.805579
    outer loop
      vertex 8.03551 -7.8349 0
      vertex 8.02321 -8.15274 0.2
      vertex 7.82321 -7.95274 0
    endloop
  endfacet
  facet normal 0.664566 -0.517277 0.539237
    outer loop
      vertex 7.62109 -7.00077 2.04579
      vertex 7.65293 -6.88438 2.1182
      vertex 7.65087 -6.89104 2.11435
    endloop
  endfacet
  facet normal 0.66725 -0.516443 0.536716
    outer loop
      vertex 7.62109 -7.00077 2.04579
      vertex 8.56836 -7.68474 0.209999
      vertex 7.65293 -6.88438 2.1182
    endloop
  endfacet
  facet normal 0.667239 -0.516458 0.536715
    outer loop
      vertex 8.56836 -7.68474 0.209999
      vertex 7.62109 -7.00077 2.04579
      vertex 8.41974 -7.87675 0.209999
    endloop
  endfacet
  facet normal -0.638664 -0.548827 0.539349
    outer loop
      vertex -7.67133 -6.84545 2.14067
      vertex -7.63181 -6.9591 2.07182
      vertex -7.65438 -6.89104 2.11435
    endloop
  endfacet
  facet normal -0.639181 -0.548709 0.538857
    outer loop
      vertex -8.5349 -7.7355 0.209999
      vertex -7.63181 -6.9591 2.07182
      vertex -7.67133 -6.84545 2.14067
    endloop
  endfacet
  facet normal -0.639201 -0.548685 0.538857
    outer loop
      vertex -7.63181 -6.9591 2.07182
      vertex -8.5349 -7.7355 0.209999
      vertex -8.37675 -7.91974 0.209999
    endloop
  endfacet
  facet normal -0.263645 -0.537423 -0.801042
    outer loop
      vertex -7.96675 -8.17529 0.2
      vertex -7.98474 -7.86836 0
      vertex -7.76675 -7.9753 0
    endloop
  endfacet
  facet normal -0.263622 -0.537426 -0.801048
    outer loop
      vertex -7.98474 -7.86836 0
      vertex -7.96675 -8.17529 0.2
      vertex -8.18474 -8.06836 0.2
    endloop
  endfacet
  facet normal 0.186684 -0.595035 -0.781718
    outer loop
      vertex 7.79155 -8.22542 0.2
      vertex 7.82321 -7.95274 0
      vertex 8.02321 -8.15274 0.2
    endloop
  endfacet
  facet normal 0.186684 -0.595035 -0.781718
    outer loop
      vertex 7.82321 -7.95274 0
      vertex 7.79155 -8.22542 0.2
      vertex 7.59155 -8.02542 0
    endloop
  endfacet
  facet normal -0.607454 0.707746 0.360688
    outer loop
      vertex -8.2355 8.0349 0.209999
      vertex -7.05125 6.19025 5.82404
      vertex -7.02394 6.21369 5.82404
    endloop
  endfacet
  facet normal -0.607494 0.707712 0.360686
    outer loop
      vertex -7.05125 6.19025 5.82404
      vertex -8.2355 8.0349 0.209999
      vertex -8.41974 7.87675 0.209999
    endloop
  endfacet
  facet normal -0.612088 -0.790789 0
    outer loop
      vertex -8.37675 -7.91974 0.2
      vertex -8.18474 -8.06836 0.209999
      vertex -8.37675 -7.91974 0.209999
    endloop
  endfacet
  facet normal -0.612088 -0.790789 -0
    outer loop
      vertex -8.18474 -8.06836 0.209999
      vertex -8.37675 -7.91974 0.2
      vertex -8.18474 -8.06836 0.2
    endloop
  endfacet
  facet normal -0.453034 0.816469 0.357964
    outer loop
      vertex -8.02321 8.15274 0.209999
      vertex -6.86234 6.33551 5.82404
      vertex -6.8299 6.35351 5.82404
    endloop
  endfacet
  facet normal -0.453171 0.816392 0.357967
    outer loop
      vertex -6.86234 6.33551 5.82404
      vertex -8.02321 8.15274 0.209999
      vertex -8.2355 8.0349 0.209999
    endloop
  endfacet
  facet normal 0.401841 -0.745249 0.532098
    outer loop
      vertex 7.41593 -7.30535 1.85546
      vertex 7.33107 -7.38797 1.80383
      vertex 8.02321 -8.15274 0.209999
    endloop
  endfacet
  facet normal -0.734694 0.57926 0.353104
    outer loop
      vertex -8.41974 7.87675 0.209999
      vertex -7.16484 6.04618 5.82404
      vertex -7.05125 6.19025 5.82404
    endloop
  endfacet
  facet normal -0.734534 0.579447 0.35313
    outer loop
      vertex -7.16484 6.04618 5.82404
      vertex -8.41974 7.87675 0.209999
      vertex -7.17876 6.0289 5.82344
    endloop
  endfacet
  facet normal 0.612088 0.790789 -0
    outer loop
      vertex 8.37675 7.91974 0.2
      vertex 8.18474 8.06836 0.209999
      vertex 8.37675 7.91974 0.209999
    endloop
  endfacet
  facet normal 0.612088 0.790789 0
    outer loop
      vertex 8.18474 8.06836 0.209999
      vertex 8.37675 7.91974 0.2
      vertex 8.18474 8.06836 0.2
    endloop
  endfacet
  facet normal 0.537426 -0.263622 -0.801048
    outer loop
      vertex 8.36836 -7.48474 0
      vertex 8.67529 -7.46675 0.2
      vertex 8.56836 -7.68474 0.2
    endloop
  endfacet
  facet normal 0.537423 -0.263645 -0.801042
    outer loop
      vertex 8.67529 -7.46675 0.2
      vertex 8.36836 -7.48474 0
      vertex 8.4753 -7.26675 0
    endloop
  endfacet
  facet normal 0.672917 -0.509321 0.536447
    outer loop
      vertex 7.69511 -6.7422 2.20028
      vertex 7.65293 -6.88438 2.1182
      vertex 8.56836 -7.68474 0.209999
    endloop
  endfacet
  facet normal 0.411574 0.839044 0.355825
    outer loop
      vertex 7.96675 8.17529 0.209999
      vertex 6.76403 6.38443 5.82404
      vertex 8.18474 8.06836 0.209999
    endloop
  endfacet
  facet normal 0.41175 0.838954 0.355834
    outer loop
      vertex 6.76403 6.38443 5.82404
      vertex 7.96675 8.17529 0.209999
      vertex 6.73037 6.40095 5.82404
    endloop
  endfacet
  facet normal 0.958849 0.0974885 0.266656
    outer loop
      vertex 7.33426 5.65577 5.81041
      vertex 8.74998 7.04999 0.209999
      vertex 8.72542 7.29155 0.209999
    endloop
  endfacet
  facet normal 0.958825 0.0976376 0.266687
    outer loop
      vertex 8.74998 7.04999 0.209999
      vertex 7.33426 5.65577 5.81041
      vertex 7.33781 5.62394 5.8093
    endloop
  endfacet
  facet normal 0.965053 0.0524586 0.256751
    outer loop
      vertex 8.74998 7.04999 0.209999
      vertex 7.33781 5.62394 5.8093
      vertex 7.35143 5.40999 5.80182
    endloop
  endfacet
  facet normal 0 1 -0
    outer loop
      vertex 7.54999 8.24998 0.2
      vertex -7.54999 8.24998 0.209999
      vertex 7.54999 8.24998 0.209999
    endloop
  endfacet
  facet normal 0 1 0
    outer loop
      vertex -7.54999 8.24998 0.209999
      vertex 7.54999 8.24998 0.2
      vertex -7.54999 8.24998 0.2
    endloop
  endfacet
  facet normal -0.299349 0.954144 0
    outer loop
      vertex -7.79155 8.22542 0.2
      vertex -8.02321 8.15274 0.209999
      vertex -7.79155 8.22542 0.209999
    endloop
  endfacet
  facet normal -0.299349 0.954144 0
    outer loop
      vertex -8.02321 8.15274 0.209999
      vertex -7.79155 8.22542 0.2
      vertex -8.02321 8.15274 0.2
    endloop
  endfacet
  facet normal -0.158982 -0.614086 -0.773061
    outer loop
      vertex -7.7317 -8.23615 0.2
      vertex -7.76675 -7.9753 0
      vertex -7.53171 -8.03615 0
    endloop
  endfacet
  facet normal -0.159001 -0.614086 -0.773057
    outer loop
      vertex -7.76675 -7.9753 0
      vertex -7.7317 -8.23615 0.2
      vertex -7.96675 -8.17529 0.2
    endloop
  endfacet
  facet normal -0.60795 -0.579814 0.542414
    outer loop
      vertex -7.63181 -6.9591 2.07182
      vertex -8.37675 -7.91974 0.209999
      vertex -7.57975 -7.0905 1.98971
    endloop
  endfacet
  facet normal 0.823042 0.456862 0.337459
    outer loop
      vertex 7.24434 5.91701 5.81953
      vertex 8.65274 7.52321 0.209999
      vertex 8.5349 7.7355 0.209999
    endloop
  endfacet
  facet normal 0.823058 0.456836 0.337455
    outer loop
      vertex 8.65274 7.52321 0.209999
      vertex 7.24434 5.91701 5.81953
      vertex 7.26101 5.88773 5.81851
    endloop
  endfacet
  facet normal 0.968076 -0.250658 0
    outer loop
      vertex 8.67529 -7.46675 0.209999
      vertex 8.73615 -7.2317 0.2
      vertex 8.73615 -7.2317 0.209999
    endloop
  endfacet
  facet normal 0.968076 -0.250658 0
    outer loop
      vertex 8.73615 -7.2317 0.2
      vertex 8.67529 -7.46675 0.209999
      vertex 8.67529 -7.46675 0.2
    endloop
  endfacet
  facet normal 0.459019 -0.355291 -0.814291
    outer loop
      vertex 8.21974 -7.67676 0
      vertex 8.56836 -7.68474 0.2
      vertex 8.41974 -7.87675 0.2
    endloop
  endfacet
  facet normal 0.459022 -0.355275 -0.814297
    outer loop
      vertex 8.56836 -7.68474 0.2
      vertex 8.21974 -7.67676 0
      vertex 8.36836 -7.48474 0
    endloop
  endfacet
  facet normal 0.997116 -0.0758908 0
    outer loop
      vertex 8.73615 -7.2317 0.209999
      vertex 8.74998 -7.04999 0.2
      vertex 8.74998 -7.04999 0.209999
    endloop
  endfacet
  facet normal 0.997116 -0.0758908 0
    outer loop
      vertex 8.74998 -7.04999 0.2
      vertex 8.73615 -7.2317 0.209999
      vertex 8.73615 -7.2317 0.2
    endloop
  endfacet
  facet normal 0.848324 -0.219656 0.481765
    outer loop
      vertex 7.70704 -6.37136 2.41439
      vertex 8.73615 -7.2317 0.209999
      vertex 7.69917 -6.25724 2.48028
    endloop
  endfacet
  facet normal 0.848326 -0.219652 0.481764
    outer loop
      vertex 8.73615 -7.2317 0.209999
      vertex 7.70704 -6.37136 2.41439
      vertex 8.67529 -7.46675 0.209999
    endloop
  endfacet
  facet normal 0.815238 -0.28916 0.50177
    outer loop
      vertex 8.67529 -7.46675 0.209999
      vertex 7.70704 -6.37136 2.41439
      vertex 7.70721 -6.62482 2.26805
    endloop
  endfacet
  facet normal 0.87433 0.485332 0
    outer loop
      vertex 8.65274 7.52321 0.209999
      vertex 8.5349 7.7355 0.2
      vertex 8.5349 7.7355 0.209999
    endloop
  endfacet
  facet normal 0.87433 0.485332 0
    outer loop
      vertex 8.5349 7.7355 0.2
      vertex 8.65274 7.52321 0.209999
      vertex 8.65274 7.52321 0.2
    endloop
  endfacet
  facet normal 0.355291 0.459019 -0.814291
    outer loop
      vertex 8.17676 7.71974 0
      vertex 8.18474 8.06836 0.2
      vertex 8.37675 7.91974 0.2
    endloop
  endfacet
  facet normal 0.355275 0.459022 -0.814297
    outer loop
      vertex 8.18474 8.06836 0.2
      vertex 8.17676 7.71974 0
      vertex 7.98474 7.86836 0
    endloop
  endfacet
  facet normal 0.518036 0.287543 -0.805579
    outer loop
      vertex 8.3349 7.53551 0
      vertex 8.65274 7.52321 0.2
      vertex 8.45274 7.32321 0
    endloop
  endfacet
  facet normal 0.518034 0.287556 -0.805576
    outer loop
      vertex 8.65274 7.52321 0.2
      vertex 8.3349 7.53551 0
      vertex 8.5349 7.7355 0.2
    endloop
  endfacet
  facet normal 0.927467 -0.0707491 0.367151
    outer loop
      vertex 7.39338 3.2702 5.62561
      vertex 8.74998 -7.04999 0.209999
      vertex 7.39417 3.30832 5.63096
    endloop
  endfacet
  facet normal 0.927581 -0.0705984 0.366892
    outer loop
      vertex 8.74998 -7.04999 0.209999
      vertex 7.39338 3.2702 5.62561
      vertex 8.73615 -7.2317 0.209999
    endloop
  endfacet
  facet normal 1 -0 0
    outer loop
      vertex 8.74998 -7.04999 0.209999
      vertex 8.74998 7.04999 0.2
      vertex 8.74998 7.04999 0.209999
    endloop
  endfacet
  facet normal 1 0 0
    outer loop
      vertex 8.74998 7.04999 0.2
      vertex 8.74998 -7.04999 0.209999
      vertex 8.74998 -7.04999 0.2
    endloop
  endfacet
  facet normal 0.179639 0.925255 0.334115
    outer loop
      vertex 7.7317 8.23615 0.209999
      vertex 6.39761 6.4679 5.82404
      vertex 6.69408 6.41034 5.82404
    endloop
  endfacet
  facet normal 0.595035 0.186684 -0.781718
    outer loop
      vertex 8.45274 7.32321 0
      vertex 8.72542 7.29155 0.2
      vertex 8.52542 7.09155 0
    endloop
  endfacet
  facet normal 0.595035 0.186684 -0.781718
    outer loop
      vertex 8.72542 7.29155 0.2
      vertex 8.45274 7.32321 0
      vertex 8.65274 7.52321 0.2
    endloop
  endfacet
  facet normal -0.352234 0.866909 0.352704
    outer loop
      vertex -6.64354 6.42923 5.82404
      vertex -8.02321 8.15274 0.209999
      vertex -6.8299 6.35351 5.82404
    endloop
  endfacet
  facet normal -0.670549 -0.0681764 -0.738726
    outer loop
      vertex -8.74998 -7.04999 0.2
      vertex -8.52542 -7.09155 0
      vertex -8.72542 -7.29155 0.2
    endloop
  endfacet
  facet normal -0.670551 -0.0682043 -0.738722
    outer loop
      vertex -8.52542 -7.09155 0
      vertex -8.74998 -7.04999 0.2
      vertex -8.54999 -6.84999 0
    endloop
  endfacet
  facet normal -0.328309 -0.787405 0.521735
    outer loop
      vertex -7.35123 -7.36729 1.81676
      vertex -7.96675 -8.17529 0.209999
      vertex -7.25825 -7.43345 1.77542
    endloop
  endfacet
  facet normal -0.909982 -0.0924347 0.404214
    outer loop
      vertex -8.74998 -7.04999 0.209999
      vertex -7.39218 3.25755 5.62383
      vertex -7.39417 3.30832 5.63096
    endloop
  endfacet
  facet normal -0.909915 -0.0925133 0.404347
    outer loop
      vertex -7.39218 3.25755 5.62383
      vertex -8.74998 -7.04999 0.209999
      vertex -8.72542 -7.29155 0.209999
    endloop
  endfacet
  facet normal -0.956155 0.108561 0.271995
    outer loop
      vertex -7.31027 5.75033 5.81371
      vertex -8.73615 7.2317 0.209999
      vertex -7.3495 5.43262 5.80261
    endloop
  endfacet
  facet normal -0.355275 -0.459022 -0.814297
    outer loop
      vertex -8.18474 -8.06836 0.2
      vertex -8.17676 -7.71974 0
      vertex -7.98474 -7.86836 0
    endloop
  endfacet
  facet normal -0.355291 -0.459019 -0.814291
    outer loop
      vertex -8.17676 -7.71974 0
      vertex -8.18474 -8.06836 0.2
      vertex -8.37675 -7.91974 0.2
    endloop
  endfacet
  facet normal -0.0960046 0.94284 0.319117
    outer loop
      vertex -7.54999 8.24998 0.209999
      vertex -6.40698 6.46622 5.82404
      vertex -6.36917 6.47007 5.82404
    endloop
  endfacet
  facet normal -0.0958631 0.942862 0.319095
    outer loop
      vertex -6.40698 6.46622 5.82404
      vertex -7.54999 8.24998 0.209999
      vertex -7.79155 8.22542 0.209999
    endloop
  endfacet
  facet normal 0.651337 -0.758788 0
    outer loop
      vertex 8.2355 -8.0349 0.2
      vertex 8.41974 -7.87675 0.209999
      vertex 8.2355 -8.0349 0.209999
    endloop
  endfacet
  facet normal 0.651337 -0.758788 0
    outer loop
      vertex 8.41974 -7.87675 0.209999
      vertex 8.2355 -8.0349 0.2
      vertex 8.41974 -7.87675 0.2
    endloop
  endfacet
  facet normal 0.897803 -0.440397 0
    outer loop
      vertex 8.56836 -7.68474 0.209999
      vertex 8.67529 -7.46675 0.2
      vertex 8.67529 -7.46675 0.209999
    endloop
  endfacet
  facet normal 0.897803 -0.440397 0
    outer loop
      vertex 8.67529 -7.46675 0.2
      vertex 8.56836 -7.68474 0.209999
      vertex 8.56836 -7.68474 0.2
    endloop
  endfacet
  facet normal -0.847156 0.415553 0.331123
    outer loop
      vertex -8.67529 7.46675 0.209999
      vertex -7.20013 6.00187 5.82249
      vertex -8.56836 7.68474 0.209999
    endloop
  endfacet
  facet normal -0.847178 0.415511 0.331118
    outer loop
      vertex -7.20013 6.00187 5.82249
      vertex -8.67529 7.46675 0.209999
      vertex -7.21563 5.97112 5.82142
    endloop
  endfacet
  facet normal 0.911027 0.27553 0.306779
    outer loop
      vertex 8.72542 7.29155 0.209999
      vertex 7.27144 5.85571 5.81739
      vertex 7.33426 5.65577 5.81041
    endloop
  endfacet
  facet normal 0.707124 0 -0.707089
    outer loop
      vertex 8.74998 7.04999 0.2
      vertex 8.54999 -6.84999 0
      vertex 8.54999 6.84999 0
    endloop
  endfacet
  facet normal 0.707124 0 -0.707089
    outer loop
      vertex 8.54999 -6.84999 0
      vertex 8.74998 7.04999 0.2
      vertex 8.74998 -7.04999 0.2
    endloop
  endfacet
  facet normal -0.970117 2.30333e-05 0.242639
    outer loop
      vertex -8.74998 7.04999 0.209999
      vertex -7.3538 5.13921 5.79237
      vertex -7.35143 5.40999 5.80182
    endloop
  endfacet
  facet normal -0.970119 -4.35363e-06 0.24263
    outer loop
      vertex -8.74998 7.04999 0.209999
      vertex -7.36963 4.2339 5.72906
      vertex -7.3538 5.13921 5.79237
    endloop
  endfacet
  facet normal -0.970118 5.04919e-06 0.242635
    outer loop
      vertex -8.74998 7.04999 0.209999
      vertex -7.39336 3.33134 5.6342
      vertex -7.36963 4.2339 5.72906
    endloop
  endfacet
  facet normal -0.970121 -1.308e-05 0.242623
    outer loop
      vertex -8.74998 7.04999 0.209999
      vertex -7.39417 3.30832 5.63096
      vertex -7.39336 3.33134 5.6342
    endloop
  endfacet
  facet normal -0.970119 0 0.242632
    outer loop
      vertex -7.39417 3.30832 5.63096
      vertex -8.74998 7.04999 0.209999
      vertex -8.74998 -7.04999 0.209999
    endloop
  endfacet
  facet normal 0.072023 0.946298 0.31517
    outer loop
      vertex 7.54999 8.24998 0.209999
      vertex 6.39761 6.4679 5.82404
      vertex 7.7317 8.23615 0.209999
    endloop
  endfacet
  facet normal 0.0722017 0.946275 0.315199
    outer loop
      vertex 6.39761 6.4679 5.82404
      vertex 7.54999 8.24998 0.209999
      vertex 6.36917 6.47007 5.82404
    endloop
  endfacet
  facet normal 0.460269 0.811555 0.359903
    outer loop
      vertex 8.18474 8.06836 0.209999
      vertex 6.76403 6.38443 5.82404
      vertex 6.9391 6.28514 5.82404
    endloop
  endfacet
  facet normal -0.561017 0.744215 0.362498
    outer loop
      vertex -6.86234 6.33551 5.82404
      vertex -8.2355 8.0349 0.209999
      vertex -7.02394 6.21369 5.82404
    endloop
  endfacet
  facet normal -0.374262 -0.762978 0.52706
    outer loop
      vertex -7.96675 -8.17529 0.209999
      vertex -7.44018 -7.29051 1.86473
      vertex -8.18474 -8.06836 0.209999
    endloop
  endfacet
  facet normal -0.374321 -0.762947 0.527063
    outer loop
      vertex -7.44018 -7.29051 1.86473
      vertex -7.96675 -8.17529 0.209999
      vertex -7.35123 -7.36729 1.81676
    endloop
  endfacet
  facet normal 0.258061 -0.822559 0.506756
    outer loop
      vertex 7.79155 -8.22542 0.209999
      vertex 7.33107 -7.38797 1.80383
      vertex 7.22546 -7.44184 1.77017
    endloop
  endfacet
  facet normal 0.258065 -0.822557 0.506757
    outer loop
      vertex 7.33107 -7.38797 1.80383
      vertex 7.79155 -8.22542 0.209999
      vertex 8.02321 -8.15274 0.209999
    endloop
  endfacet
  facet normal -0.472334 -0.696634 0.540002
    outer loop
      vertex -7.51576 -7.19112 1.92684
      vertex -8.18474 -8.06836 0.209999
      vertex -7.44018 -7.29051 1.86473
    endloop
  endfacet
  facet normal 0.252536 -0.824809 0.505881
    outer loop
      vertex 7.22546 -7.44184 1.77017
      vertex 7.12585 -7.49129 1.73927
      vertex 7.79155 -8.22542 0.209999
    endloop
  endfacet
  facet normal -0.954144 -0.299349 0
    outer loop
      vertex -8.65274 -7.52321 0.2
      vertex -8.72542 -7.29155 0.209999
      vertex -8.72542 -7.29155 0.2
    endloop
  endfacet
  facet normal -0.954144 -0.299349 0
    outer loop
      vertex -8.72542 -7.29155 0.209999
      vertex -8.65274 -7.52321 0.2
      vertex -8.65274 -7.52321 0.209999
    endloop
  endfacet
  facet normal -0.120189 0.938487 0.323723
    outer loop
      vertex -6.40698 6.46622 5.82404
      vertex -7.79155 8.22542 0.209999
      vertex -6.6075 6.44054 5.82404
    endloop
  endfacet
  facet normal -0.281134 0.895851 0.344113
    outer loop
      vertex -7.79155 8.22542 0.209999
      vertex -6.64354 6.42923 5.82404
      vertex -6.6075 6.44054 5.82404
    endloop
  endfacet
  facet normal -0.281068 0.895875 0.344107
    outer loop
      vertex -6.64354 6.42923 5.82404
      vertex -7.79155 8.22542 0.209999
      vertex -8.02321 8.15274 0.209999
    endloop
  endfacet
  facet normal -0.287543 0.518036 -0.805579
    outer loop
      vertex -8.03551 7.8349 0
      vertex -8.02321 8.15274 0.2
      vertex -7.82321 7.95274 0
    endloop
  endfacet
  facet normal -0.287556 0.518034 -0.805576
    outer loop
      vertex -8.02321 8.15274 0.2
      vertex -8.03551 7.8349 0
      vertex -8.2355 8.0349 0.2
    endloop
  endfacet
  facet normal 0 0.707124 -0.707089
    outer loop
      vertex 7.34999 8.04999 0
      vertex -7.54999 8.24998 0.2
      vertex 7.54999 8.24998 0.2
    endloop
  endfacet
  facet normal 0 0.707124 -0.707089
    outer loop
      vertex -7.54999 8.24998 0.2
      vertex 7.34999 8.04999 0
      vertex -7.34999 8.04999 0
    endloop
  endfacet
  facet normal 0.994871 0.101151 0
    outer loop
      vertex 8.74998 7.04999 0.209999
      vertex 8.72542 7.29155 0.2
      vertex 8.72542 7.29155 0.209999
    endloop
  endfacet
  facet normal 0.994871 0.101151 0
    outer loop
      vertex 8.72542 7.29155 0.2
      vertex 8.74998 7.04999 0.209999
      vertex 8.74998 7.04999 0.2
    endloop
  endfacet
  facet normal 0.670551 0.0682043 -0.738722
    outer loop
      vertex 8.52542 7.09155 0
      vertex 8.74998 7.04999 0.2
      vertex 8.54999 6.84999 0
    endloop
  endfacet
  facet normal 0.670549 0.0681764 -0.738726
    outer loop
      vertex 8.74998 7.04999 0.2
      vertex 8.52542 7.09155 0
      vertex 8.72542 7.29155 0.2
    endloop
  endfacet
  facet normal -0.734062 -0.429238 0.52622
    outer loop
      vertex -7.69764 -6.69147 2.22957
      vertex -8.5349 -7.7355 0.209999
      vertex -7.67133 -6.84545 2.14067
    endloop
  endfacet
  facet normal -0.997116 0.0758908 0
    outer loop
      vertex -8.74998 7.04999 0.2
      vertex -8.73615 7.2317 0.209999
      vertex -8.73615 7.2317 0.2
    endloop
  endfacet
  facet normal -0.997116 0.0758908 0
    outer loop
      vertex -8.73615 7.2317 0.209999
      vertex -8.74998 7.04999 0.2
      vertex -8.74998 7.04999 0.209999
    endloop
  endfacet
  facet normal 0.051741 0.679816 -0.731555
    outer loop
      vertex 7.53171 8.03615 0
      vertex 7.54999 8.24998 0.2
      vertex 7.7317 8.23615 0.2
    endloop
  endfacet
  facet normal 0.0517754 0.679814 -0.731555
    outer loop
      vertex 7.54999 8.24998 0.2
      vertex 7.53171 8.03615 0
      vertex 7.34999 8.04999 0
    endloop
  endfacet
  facet normal 0.970117 2.30333e-05 0.242639
    outer loop
      vertex 7.3538 5.13921 5.79237
      vertex 8.74998 7.04999 0.209999
      vertex 7.35143 5.40999 5.80182
    endloop
  endfacet
  facet normal 0.970119 -4.35363e-06 0.24263
    outer loop
      vertex 7.36963 4.2339 5.72906
      vertex 8.74998 7.04999 0.209999
      vertex 7.3538 5.13921 5.79237
    endloop
  endfacet
  facet normal 0.970118 5.04919e-06 0.242635
    outer loop
      vertex 7.39336 3.33134 5.6342
      vertex 8.74998 7.04999 0.209999
      vertex 7.36963 4.2339 5.72906
    endloop
  endfacet
  facet normal 0.970121 -1.308e-05 0.242623
    outer loop
      vertex 7.39417 3.30832 5.63096
      vertex 8.74998 7.04999 0.209999
      vertex 7.39336 3.33134 5.6342
    endloop
  endfacet
  facet normal 0.970119 0 0.242632
    outer loop
      vertex 8.74998 7.04999 0.209999
      vertex 7.39417 3.30832 5.63096
      vertex 8.74998 -7.04999 0.209999
    endloop
  endfacet
  facet normal 0.376782 -0.43894 -0.8157
    outer loop
      vertex 8.2355 -8.0349 0.2
      vertex 8.21974 -7.67676 0
      vertex 8.41974 -7.87675 0.2
    endloop
  endfacet
  facet normal 0.376779 -0.438941 -0.815701
    outer loop
      vertex 8.21974 -7.67676 0
      vertex 8.2355 -8.0349 0.2
      vertex 8.03551 -7.8349 0
    endloop
  endfacet
  facet normal 0.263622 0.537426 -0.801048
    outer loop
      vertex 7.98474 7.86836 0
      vertex 7.96675 8.17529 0.2
      vertex 8.18474 8.06836 0.2
    endloop
  endfacet
  facet normal 0.263645 0.537423 -0.801042
    outer loop
      vertex 7.96675 8.17529 0.2
      vertex 7.98474 7.86836 0
      vertex 7.76675 7.9753 0
    endloop
  endfacet
  facet normal 0.570834 0.737491 0.360909
    outer loop
      vertex 8.18474 8.06836 0.209999
      vertex 6.96804 6.26275 5.82404
      vertex 8.37675 7.91974 0.209999
    endloop
  endfacet
  facet normal 0.570671 0.737616 0.360913
    outer loop
      vertex 6.96804 6.26275 5.82404
      vertex 8.18474 8.06836 0.209999
      vertex 6.9391 6.28514 5.82404
    endloop
  endfacet
  facet normal 0.0758908 0.997116 -0
    outer loop
      vertex 7.7317 8.23615 0.2
      vertex 7.54999 8.24998 0.209999
      vertex 7.7317 8.23615 0.209999
    endloop
  endfacet
  facet normal 0.0758908 0.997116 0
    outer loop
      vertex 7.54999 8.24998 0.209999
      vertex 7.7317 8.23615 0.2
      vertex 7.54999 8.24998 0.2
    endloop
  endfacet
  facet normal -0.440397 -0.897803 0
    outer loop
      vertex -8.18474 -8.06836 0.2
      vertex -7.96675 -8.17529 0.209999
      vertex -8.18474 -8.06836 0.209999
    endloop
  endfacet
  facet normal -0.440397 -0.897803 -0
    outer loop
      vertex -7.96675 -8.17529 0.209999
      vertex -8.18474 -8.06836 0.2
      vertex -7.96675 -8.17529 0.2
    endloop
  endfacet
  facet normal -0.614086 0.158982 -0.773061
    outer loop
      vertex -8.73615 7.2317 0.2
      vertex -8.4753 7.26675 0
      vertex -8.53615 7.03171 0
    endloop
  endfacet
  facet normal -0.614086 0.159001 -0.773057
    outer loop
      vertex -8.4753 7.26675 0
      vertex -8.73615 7.2317 0.2
      vertex -8.67529 7.46675 0.2
    endloop
  endfacet
  facet normal 0.250658 0.968076 -0
    outer loop
      vertex 7.96675 8.17529 0.2
      vertex 7.7317 8.23615 0.209999
      vertex 7.96675 8.17529 0.209999
    endloop
  endfacet
  facet normal 0.250658 0.968076 0
    outer loop
      vertex 7.7317 8.23615 0.209999
      vertex 7.96675 8.17529 0.2
      vertex 7.7317 8.23615 0.2
    endloop
  endfacet
  facet normal 0.440397 0.897803 -0
    outer loop
      vertex 8.18474 8.06836 0.2
      vertex 7.96675 8.17529 0.209999
      vertex 8.18474 8.06836 0.209999
    endloop
  endfacet
  facet normal 0.440397 0.897803 0
    outer loop
      vertex 7.96675 8.17529 0.209999
      vertex 8.18474 8.06836 0.2
      vertex 7.96675 8.17529 0.2
    endloop
  endfacet
  facet normal 0.410725 -0.739982 0.532664
    outer loop
      vertex 8.02321 -8.15274 0.209999
      vertex 7.49898 -7.22157 1.90781
      vertex 7.41593 -7.30535 1.85546
    endloop
  endfacet
  facet normal 0.410749 -0.739969 0.532665
    outer loop
      vertex 7.49898 -7.22157 1.90781
      vertex 8.02321 -8.15274 0.209999
      vertex 8.2355 -8.0349 0.209999
    endloop
  endfacet
  facet normal -0.0758908 -0.997116 0
    outer loop
      vertex -7.7317 -8.23615 0.2
      vertex -7.54999 -8.24998 0.209999
      vertex -7.7317 -8.23615 0.209999
    endloop
  endfacet
  facet normal -0.0758908 -0.997116 -0
    outer loop
      vertex -7.54999 -8.24998 0.209999
      vertex -7.7317 -8.23615 0.2
      vertex -7.54999 -8.24998 0.2
    endloop
  endfacet
  facet normal -0.679814 0.0517754 -0.731555
    outer loop
      vertex -8.74998 7.04999 0.2
      vertex -8.53615 7.03171 0
      vertex -8.54999 6.84999 0
    endloop
  endfacet
  facet normal -0.679816 0.051741 -0.731555
    outer loop
      vertex -8.53615 7.03171 0
      vertex -8.74998 7.04999 0.2
      vertex -8.73615 7.2317 0.2
    endloop
  endfacet
  facet normal -0.74012 0.572869 0.352199
    outer loop
      vertex -8.56836 7.68474 0.209999
      vertex -7.17876 6.0289 5.82344
      vertex -8.41974 7.87675 0.209999
    endloop
  endfacet
  facet normal -0.740172 0.572804 0.352193
    outer loop
      vertex -7.17876 6.0289 5.82344
      vertex -8.56836 7.68474 0.209999
      vertex -7.20013 6.00187 5.82249
    endloop
  endfacet
  facet normal 0.0681764 -0.670549 -0.738726
    outer loop
      vertex 7.54999 -8.24998 0.2
      vertex 7.59155 -8.02542 0
      vertex 7.79155 -8.22542 0.2
    endloop
  endfacet
  facet normal 0.0682043 -0.670551 -0.738722
    outer loop
      vertex 7.59155 -8.02542 0
      vertex 7.54999 -8.24998 0.2
      vertex 7.34999 -8.04999 0
    endloop
  endfacet
  facet normal -0.923985 0.239242 0.298355
    outer loop
      vertex -8.73615 7.2317 0.209999
      vertex -7.3017 5.78206 5.81482
      vertex -8.67529 7.46675 0.209999
    endloop
  endfacet
  facet normal -0.924019 0.239133 0.298335
    outer loop
      vertex -7.3017 5.78206 5.81482
      vertex -8.73615 7.2317 0.209999
      vertex -7.31027 5.75033 5.81371
    endloop
  endfacet
  facet normal -0.101151 0.994871 0
    outer loop
      vertex -7.54999 8.24998 0.2
      vertex -7.79155 8.22542 0.209999
      vertex -7.54999 8.24998 0.209999
    endloop
  endfacet
  facet normal -0.101151 0.994871 0
    outer loop
      vertex -7.79155 8.22542 0.209999
      vertex -7.54999 8.24998 0.2
      vertex -7.79155 8.22542 0.2
    endloop
  endfacet
  facet normal -0.186684 0.595035 -0.781718
    outer loop
      vertex -7.82321 7.95274 0
      vertex -7.79155 8.22542 0.2
      vertex -7.59155 8.02542 0
    endloop
  endfacet
  facet normal -0.186684 0.595035 -0.781718
    outer loop
      vertex -7.79155 8.22542 0.2
      vertex -7.82321 7.95274 0
      vertex -8.02321 8.15274 0.2
    endloop
  endfacet
  facet normal -0.0682043 0.670551 -0.738722
    outer loop
      vertex -7.59155 8.02542 0
      vertex -7.54999 8.24998 0.2
      vertex -7.34999 8.04999 0
    endloop
  endfacet
  facet normal -0.0681764 0.670549 -0.738726
    outer loop
      vertex -7.54999 8.24998 0.2
      vertex -7.59155 8.02542 0
      vertex -7.79155 8.22542 0.2
    endloop
  endfacet
  facet normal 0.679816 -0.051741 -0.731555
    outer loop
      vertex 8.53615 -7.03171 0
      vertex 8.74998 -7.04999 0.2
      vertex 8.73615 -7.2317 0.2
    endloop
  endfacet
  facet normal 0.679814 -0.0517754 -0.731555
    outer loop
      vertex 8.74998 -7.04999 0.2
      vertex 8.53615 -7.03171 0
      vertex 8.54999 -6.84999 0
    endloop
  endfacet
  facet normal 0.709415 0.608956 0.354828
    outer loop
      vertex 7.11337 6.12034 5.82404
      vertex 8.5349 7.7355 0.209999
      vertex 8.37675 7.91974 0.209999
    endloop
  endfacet
  facet normal 0.709385 0.60899 0.35483
    outer loop
      vertex 8.5349 7.7355 0.209999
      vertex 7.11337 6.12034 5.82404
      vertex 7.13636 6.09356 5.82404
    endloop
  endfacet
  facet normal 0.805493 0.48384 0.342169
    outer loop
      vertex 7.16482 6.04618 5.82404
      vertex 8.5349 7.7355 0.209999
      vertex 7.13636 6.09356 5.82404
    endloop
  endfacet
  facet normal 0.80545 0.483906 0.342178
    outer loop
      vertex 8.5349 7.7355 0.209999
      vertex 7.16482 6.04618 5.82404
      vertex 7.24434 5.91701 5.81953
    endloop
  endfacet
  facet normal 0.235753 0.910511 0.339691
    outer loop
      vertex 7.7317 8.23615 0.209999
      vertex 6.73037 6.40095 5.82404
      vertex 7.96675 8.17529 0.209999
    endloop
  endfacet
  facet normal 0.235605 0.910554 0.339678
    outer loop
      vertex 6.73037 6.40095 5.82404
      vertex 7.7317 8.23615 0.209999
      vertex 6.69408 6.41034 5.82404
    endloop
  endfacet
  facet normal 0.0897384 -0.882069 0.462494
    outer loop
      vertex 7.54999 -8.24998 0.209999
      vertex 7.12585 -7.49129 1.73927
      vertex 7.00315 -7.50985 1.72768
    endloop
  endfacet
  facet normal 0.0896833 -0.88208 0.462484
    outer loop
      vertex 7.12585 -7.49129 1.73927
      vertex 7.54999 -8.24998 0.209999
      vertex 7.79155 -8.22542 0.209999
    endloop
  endfacet
  facet normal 0 -0.707124 -0.707089
    outer loop
      vertex -7.34999 -8.04999 0
      vertex 7.54999 -8.24998 0.2
      vertex -7.54999 -8.24998 0.2
    endloop
  endfacet
  facet normal 0 -0.707124 -0.707089
    outer loop
      vertex 7.54999 -8.24998 0.2
      vertex -7.34999 -8.04999 0
      vertex 7.34999 -8.04999 0
    endloop
  endfacet
  facet normal 0 -0.901495 0.432791
    outer loop
      vertex -7.54999 -8.24998 0.209999
      vertex 6.89333 -7.52631 1.71739
      vertex -6.89333 -7.52631 1.71739
    endloop
  endfacet
  facet normal 0 -0.901495 0.432791
    outer loop
      vertex 6.89333 -7.52631 1.71739
      vertex -7.54999 -8.24998 0.209999
      vertex 7.54999 -8.24998 0.209999
    endloop
  endfacet
  facet normal -0.131091 -0.868634 0.477798
    outer loop
      vertex -7.14785 -7.47877 1.7471
      vertex -7.7317 -8.23615 0.209999
      vertex -6.9866 -7.51585 1.72393
    endloop
  endfacet
  facet normal 0.0889183 -0.882259 0.462291
    outer loop
      vertex 7.00315 -7.50985 1.72768
      vertex 6.89333 -7.52631 1.71739
      vertex 7.54999 -8.24998 0.209999
    endloop
  endfacet
  facet normal -0.067558 -0.887633 0.455569
    outer loop
      vertex -7.54999 -8.24998 0.209999
      vertex -6.9866 -7.51585 1.72393
      vertex -7.7317 -8.23615 0.209999
    endloop
  endfacet
  facet normal -0.0676001 -0.887624 0.45558
    outer loop
      vertex -6.9866 -7.51585 1.72393
      vertex -7.54999 -8.24998 0.209999
      vertex -6.89333 -7.52631 1.71739
    endloop
  endfacet
  facet normal -0.537423 0.263645 -0.801042
    outer loop
      vertex -8.67529 7.46675 0.2
      vertex -8.36836 7.48474 0
      vertex -8.4753 7.26675 0
    endloop
  endfacet
  facet normal -0.537426 0.263622 -0.801048
    outer loop
      vertex -8.36836 7.48474 0
      vertex -8.67529 7.46675 0.2
      vertex -8.56836 7.68474 0.2
    endloop
  endfacet
  facet normal -0.485332 0.87433 0
    outer loop
      vertex -8.02321 8.15274 0.2
      vertex -8.2355 8.0349 0.209999
      vertex -8.02321 8.15274 0.209999
    endloop
  endfacet
  facet normal -0.485332 0.87433 0
    outer loop
      vertex -8.2355 8.0349 0.209999
      vertex -8.02321 8.15274 0.2
      vertex -8.2355 8.0349 0.2
    endloop
  endfacet
  facet normal 0.299349 -0.954144 0
    outer loop
      vertex 7.79155 -8.22542 0.2
      vertex 8.02321 -8.15274 0.209999
      vertex 7.79155 -8.22542 0.209999
    endloop
  endfacet
  facet normal 0.299349 -0.954144 0
    outer loop
      vertex 8.02321 -8.15274 0.209999
      vertex 7.79155 -8.22542 0.2
      vertex 8.02321 -8.15274 0.2
    endloop
  endfacet
  facet normal -0.376779 0.438941 -0.815701
    outer loop
      vertex -8.21974 7.67676 0
      vertex -8.2355 8.0349 0.2
      vertex -8.03551 7.8349 0
    endloop
  endfacet
  facet normal -0.376782 0.43894 -0.8157
    outer loop
      vertex -8.2355 8.0349 0.2
      vertex -8.21974 7.67676 0
      vertex -8.41974 7.87675 0.2
    endloop
  endfacet
  facet normal -0.882293 -0.121826 0.454661
    outer loop
      vertex -8.72542 -7.29155 0.209999
      vertex -7.33802 2.43265 5.5079
      vertex -7.39218 3.25755 5.62383
    endloop
  endfacet
  facet normal -0.88229 -0.121829 0.454667
    outer loop
      vertex -7.33802 2.43265 5.5079
      vertex -8.72542 -7.29155 0.209999
      vertex -7.29582 1.53891 5.35031
    endloop
  endfacet
  facet normal -0.882288 -0.121832 0.454671
    outer loop
      vertex -7.29582 1.53891 5.35031
      vertex -8.72542 -7.29155 0.209999
      vertex -7.27048 0.651219 5.16162
    endloop
  endfacet
  facet normal -0.882291 -0.121827 0.454665
    outer loop
      vertex -7.27048 0.651219 5.16162
      vertex -8.72542 -7.29155 0.209999
      vertex -7.26203 -0.229347 4.94207
    endloop
  endfacet
  facet normal -0.882291 -0.121828 0.454665
    outer loop
      vertex -7.26203 -0.229347 4.94207
      vertex -8.72542 -7.29155 0.209999
      vertex -7.27048 -1.10172 4.69192
    endloop
  endfacet
  facet normal -0.882292 -0.121827 0.454664
    outer loop
      vertex -7.27048 -1.10172 4.69192
      vertex -8.72542 -7.29155 0.209999
      vertex -7.29582 -1.96482 4.41148
    endloop
  endfacet
  facet normal -0.882296 -0.12182 0.454657
    outer loop
      vertex -7.29582 -1.96482 4.41148
      vertex -8.72542 -7.29155 0.209999
      vertex -7.33802 -2.81762 4.10109
    endloop
  endfacet
  facet normal -0.882289 -0.121831 0.454668
    outer loop
      vertex -7.33802 -2.81762 4.10109
      vertex -8.72542 -7.29155 0.209999
      vertex -7.39702 -3.65906 3.76113
    endloop
  endfacet
  facet normal -0.882289 -0.121832 0.454668
    outer loop
      vertex -7.39702 -3.65906 3.76113
      vertex -8.72542 -7.29155 0.209999
      vertex -7.47276 -4.48813 3.392
    endloop
  endfacet
  facet normal -0.88229 -0.12183 0.454667
    outer loop
      vertex -7.47276 -4.48813 3.392
      vertex -8.72542 -7.29155 0.209999
      vertex -7.56514 -5.30381 2.99417
    endloop
  endfacet
  facet normal -0.882294 -0.121821 0.454662
    outer loop
      vertex -7.56514 -5.30381 2.99417
      vertex -8.72542 -7.29155 0.209999
      vertex -7.67406 -6.1051 2.56811
    endloop
  endfacet
  facet normal -0.882281 -0.12186 0.454676
    outer loop
      vertex -7.67406 -6.1051 2.56811
      vertex -8.72542 -7.29155 0.209999
      vertex -7.70276 -6.28516 2.46416
    endloop
  endfacet
  facet normal -0.968076 0.250658 0
    outer loop
      vertex -8.73615 7.2317 0.2
      vertex -8.67529 7.46675 0.209999
      vertex -8.67529 7.46675 0.2
    endloop
  endfacet
  facet normal -0.968076 0.250658 0
    outer loop
      vertex -8.67529 7.46675 0.209999
      vertex -8.73615 7.2317 0.2
      vertex -8.73615 7.2317 0.209999
    endloop
  endfacet
  facet normal -0.86443 0.382129 0.326708
    outer loop
      vertex -7.21563 5.97112 5.82142
      vertex -8.67529 7.46675 0.209999
      vertex -7.3017 5.78206 5.81482
    endloop
  endfacet
  facet normal -0.217559 -0.840242 0.49665
    outer loop
      vertex -7.7317 -8.23615 0.209999
      vertex -7.25825 -7.43345 1.77542
      vertex -7.96675 -8.17529 0.209999
    endloop
  endfacet
  facet normal -0.217529 -0.840252 0.496646
    outer loop
      vertex -7.25825 -7.43345 1.77542
      vertex -7.7317 -8.23615 0.209999
      vertex -7.14785 -7.47877 1.7471
    endloop
  endfacet
  facet normal -0.43894 -0.376782 -0.8157
    outer loop
      vertex -8.5349 -7.7355 0.2
      vertex -8.17676 -7.71974 0
      vertex -8.37675 -7.91974 0.2
    endloop
  endfacet
  facet normal -0.438941 -0.376779 -0.815701
    outer loop
      vertex -8.17676 -7.71974 0
      vertex -8.5349 -7.7355 0.2
      vertex -8.3349 -7.53551 0
    endloop
  endfacet
  facet normal 0 0 -1
    outer loop
      vertex 8.17529 -6.96675 0
      vertex 8.54999 -6.84999 0
      vertex 8.53615 -7.03171 0
    endloop
  endfacet
  facet normal 0 0 -1
    outer loop
      vertex 8.54999 -6.84999 0
      vertex 8.24998 -6.54999 0
      vertex 8.54999 6.84999 0
    endloop
  endfacet
  facet normal 0 0 -1
    outer loop
      vertex 8.17529 -6.96675 0
      vertex 8.53615 -7.03171 0
      vertex 8.4753 -7.26675 0
    endloop
  endfacet
  facet normal 0 0 -1
    outer loop
      vertex 8.54999 6.84999 0
      vertex 8.24998 -6.54999 0
      vertex 8.24998 6.54999 0
    endloop
  endfacet
  facet normal 0 0 -1
    outer loop
      vertex 8.06836 -7.18474 0
      vertex 8.4753 -7.26675 0
      vertex 8.36836 -7.48474 0
    endloop
  endfacet
  facet normal 0 0 -1
    outer loop
      vertex 8.22542 6.79155 0
      vertex 8.54999 6.84999 0
      vertex 8.24998 6.54999 0
    endloop
  endfacet
  facet normal -0 0 -1
    outer loop
      vertex 8.54999 6.84999 0
      vertex 8.22542 6.79155 0
      vertex 8.52542 7.09155 0
    endloop
  endfacet
  facet normal 0 0 -1
    outer loop
      vertex 8.54999 -6.84999 0
      vertex 8.23615 -6.7317 0
      vertex 8.24998 -6.54999 0
    endloop
  endfacet
  facet normal 0 0 -1
    outer loop
      vertex 7.91974 -7.37675 0
      vertex 8.36836 -7.48474 0
      vertex 8.21974 -7.67676 0
    endloop
  endfacet
  facet normal -0 0 -1
    outer loop
      vertex 8.54999 -6.84999 0
      vertex 8.17529 -6.96675 0
      vertex 8.23615 -6.7317 0
    endloop
  endfacet
  facet normal 0 0 -1
    outer loop
      vertex 8.4753 -7.26675 0
      vertex 8.06836 -7.18474 0
      vertex 8.17529 -6.96675 0
    endloop
  endfacet
  facet normal 0 0 -1
    outer loop
      vertex 7.91974 -7.37675 0
      vertex 8.21974 -7.67676 0
      vertex 8.03551 -7.8349 0
    endloop
  endfacet
  facet normal 0 0 -1
    outer loop
      vertex 8.36836 -7.48474 0
      vertex 7.91974 -7.37675 0
      vertex 8.06836 -7.18474 0
    endloop
  endfacet
  facet normal 0 0 -1
    outer loop
      vertex 7.7355 -7.5349 0
      vertex 8.03551 -7.8349 0
      vertex 7.82321 -7.95274 0
    endloop
  endfacet
  facet normal 0 0 -1
    outer loop
      vertex 8.03551 -7.8349 0
      vertex 7.7355 -7.5349 0
      vertex 7.91974 -7.37675 0
    endloop
  endfacet
  facet normal 0 0 -1
    outer loop
      vertex 7.52321 -7.65274 0
      vertex 7.82321 -7.95274 0
      vertex 7.59155 -8.02542 0
    endloop
  endfacet
  facet normal 0 0 -1
    outer loop
      vertex 7.82321 -7.95274 0
      vertex 7.52321 -7.65274 0
      vertex 7.7355 -7.5349 0
    endloop
  endfacet
  facet normal 0 0 -1
    outer loop
      vertex 7.29155 -7.72542 0
      vertex 7.59155 -8.02542 0
      vertex 7.34999 -8.04999 0
    endloop
  endfacet
  facet normal 0 0 -1
    outer loop
      vertex 7.59155 -8.02542 0
      vertex 7.29155 -7.72542 0
      vertex 7.52321 -7.65274 0
    endloop
  endfacet
  facet normal 0 0 -1
    outer loop
      vertex 7.34999 -8.04999 0
      vertex 7.04999 -7.74998 0
      vertex 7.29155 -7.72542 0
    endloop
  endfacet
  facet normal 0 0 -1
    outer loop
      vertex 7.34999 -8.04999 0
      vertex -7.04999 -7.74998 0
      vertex 7.04999 -7.74998 0
    endloop
  endfacet
  facet normal 0 0 -1
    outer loop
      vertex -7.34999 -8.04999 0
      vertex -7.04999 -7.74998 0
      vertex 7.34999 -8.04999 0
    endloop
  endfacet
  facet normal 0 0 -1
    outer loop
      vertex -7.34999 -8.04999 0
      vertex -7.2317 -7.73615 0
      vertex -7.04999 -7.74998 0
    endloop
  endfacet
  facet normal 0 0 -1
    outer loop
      vertex -7.34999 -8.04999 0
      vertex -7.46675 -7.67529 0
      vertex -7.2317 -7.73615 0
    endloop
  endfacet
  facet normal 0 0 -1
    outer loop
      vertex -7.53171 -8.03615 0
      vertex -7.46675 -7.67529 0
      vertex -7.34999 -8.04999 0
    endloop
  endfacet
  facet normal 0 0 -1
    outer loop
      vertex -7.76675 -7.9753 0
      vertex -7.46675 -7.67529 0
      vertex -7.53171 -8.03615 0
    endloop
  endfacet
  facet normal -0 0 -1
    outer loop
      vertex -7.46675 -7.67529 0
      vertex -7.76675 -7.9753 0
      vertex -7.68474 -7.56836 0
    endloop
  endfacet
  facet normal 0 0 -1
    outer loop
      vertex -7.98474 -7.86836 0
      vertex -7.68474 -7.56836 0
      vertex -7.76675 -7.9753 0
    endloop
  endfacet
  facet normal -0 0 -1
    outer loop
      vertex -7.68474 -7.56836 0
      vertex -7.98474 -7.86836 0
      vertex -7.87675 -7.41974 0
    endloop
  endfacet
  facet normal 0 0 -1
    outer loop
      vertex -8.17676 -7.71974 0
      vertex -7.87675 -7.41974 0
      vertex -7.98474 -7.86836 0
    endloop
  endfacet
  facet normal 0 0 -1
    outer loop
      vertex -8.3349 -7.53551 0
      vertex -7.87675 -7.41974 0
      vertex -8.17676 -7.71974 0
    endloop
  endfacet
  facet normal -0 0 -1
    outer loop
      vertex -7.87675 -7.41974 0
      vertex -8.3349 -7.53551 0
      vertex -8.0349 -7.2355 0
    endloop
  endfacet
  facet normal 0 0 -1
    outer loop
      vertex -8.45274 -7.32321 0
      vertex -8.0349 -7.2355 0
      vertex -8.3349 -7.53551 0
    endloop
  endfacet
  facet normal -0 0 -1
    outer loop
      vertex -8.0349 -7.2355 0
      vertex -8.45274 -7.32321 0
      vertex -8.15274 -7.02321 0
    endloop
  endfacet
  facet normal -0 0 -1
    outer loop
      vertex -8.15274 -7.02321 0
      vertex -8.52542 -7.09155 0
      vertex -8.22542 -6.79155 0
    endloop
  endfacet
  facet normal 0 0 -1
    outer loop
      vertex -8.52542 -7.09155 0
      vertex -8.15274 -7.02321 0
      vertex -8.45274 -7.32321 0
    endloop
  endfacet
  facet normal 0 0 -1
    outer loop
      vertex 8.15274 7.02321 0
      vertex 8.52542 7.09155 0
      vertex 8.22542 6.79155 0
    endloop
  endfacet
  facet normal -0 0 -1
    outer loop
      vertex 8.52542 7.09155 0
      vertex 8.15274 7.02321 0
      vertex 8.45274 7.32321 0
    endloop
  endfacet
  facet normal 0 0 -1
    outer loop
      vertex 8.0349 7.2355 0
      vertex 8.45274 7.32321 0
      vertex 8.15274 7.02321 0
    endloop
  endfacet
  facet normal -0 0 -1
    outer loop
      vertex 8.45274 7.32321 0
      vertex 8.0349 7.2355 0
      vertex 8.3349 7.53551 0
    endloop
  endfacet
  facet normal 0 0 -1
    outer loop
      vertex 7.87675 7.41974 0
      vertex 8.3349 7.53551 0
      vertex 8.0349 7.2355 0
    endloop
  endfacet
  facet normal -0 0 -1
    outer loop
      vertex 8.3349 7.53551 0
      vertex 7.87675 7.41974 0
      vertex 8.17676 7.71974 0
    endloop
  endfacet
  facet normal -0 0 -1
    outer loop
      vertex 8.17676 7.71974 0
      vertex 7.87675 7.41974 0
      vertex 7.98474 7.86836 0
    endloop
  endfacet
  facet normal 0 0 -1
    outer loop
      vertex 7.68474 7.56836 0
      vertex 7.98474 7.86836 0
      vertex 7.87675 7.41974 0
    endloop
  endfacet
  facet normal -0 0 -1
    outer loop
      vertex 7.98474 7.86836 0
      vertex 7.68474 7.56836 0
      vertex 7.76675 7.9753 0
    endloop
  endfacet
  facet normal 0 0 -1
    outer loop
      vertex 7.46675 7.67529 0
      vertex 7.76675 7.9753 0
      vertex 7.68474 7.56836 0
    endloop
  endfacet
  facet normal -0 0 -1
    outer loop
      vertex 7.76675 7.9753 0
      vertex 7.46675 7.67529 0
      vertex 7.53171 8.03615 0
    endloop
  endfacet
  facet normal 0 0 -1
    outer loop
      vertex 7.46675 7.67529 0
      vertex 7.34999 8.04999 0
      vertex 7.53171 8.03615 0
    endloop
  endfacet
  facet normal 0 0 -1
    outer loop
      vertex 7.2317 7.73615 0
      vertex 7.34999 8.04999 0
      vertex 7.46675 7.67529 0
    endloop
  endfacet
  facet normal 0 0 -1
    outer loop
      vertex 7.04999 7.74998 0
      vertex 7.34999 8.04999 0
      vertex 7.2317 7.73615 0
    endloop
  endfacet
  facet normal 0 0 -1
    outer loop
      vertex -7.04999 7.74998 0
      vertex 7.34999 8.04999 0
      vertex 7.04999 7.74998 0
    endloop
  endfacet
  facet normal 0 0 -1
    outer loop
      vertex -7.04999 7.74998 0
      vertex -7.34999 8.04999 0
      vertex 7.34999 8.04999 0
    endloop
  endfacet
  facet normal 0 0 -1
    outer loop
      vertex -7.29155 7.72542 0
      vertex -7.34999 8.04999 0
      vertex -7.04999 7.74998 0
    endloop
  endfacet
  facet normal 0 0 -1
    outer loop
      vertex -7.59155 8.02542 0
      vertex -7.29155 7.72542 0
      vertex -7.52321 7.65274 0
    endloop
  endfacet
  facet normal 0 0 -1
    outer loop
      vertex -7.29155 7.72542 0
      vertex -7.59155 8.02542 0
      vertex -7.34999 8.04999 0
    endloop
  endfacet
  facet normal 0 0 -1
    outer loop
      vertex -7.82321 7.95274 0
      vertex -7.52321 7.65274 0
      vertex -7.7355 7.5349 0
    endloop
  endfacet
  facet normal 0 0 -1
    outer loop
      vertex -7.52321 7.65274 0
      vertex -7.82321 7.95274 0
      vertex -7.59155 8.02542 0
    endloop
  endfacet
  facet normal 0 0 -1
    outer loop
      vertex -8.03551 7.8349 0
      vertex -7.7355 7.5349 0
      vertex -7.91974 7.37675 0
    endloop
  endfacet
  facet normal 0 0 -1
    outer loop
      vertex -7.7355 7.5349 0
      vertex -8.03551 7.8349 0
      vertex -7.82321 7.95274 0
    endloop
  endfacet
  facet normal 0 0 -1
    outer loop
      vertex -8.36836 7.48474 0
      vertex -7.91974 7.37675 0
      vertex -8.06836 7.18474 0
    endloop
  endfacet
  facet normal 0 0 -1
    outer loop
      vertex -8.4753 7.26675 0
      vertex -8.06836 7.18474 0
      vertex -8.17529 6.96675 0
    endloop
  endfacet
  facet normal 0 0 -1
    outer loop
      vertex -7.91974 7.37675 0
      vertex -8.21974 7.67676 0
      vertex -8.03551 7.8349 0
    endloop
  endfacet
  facet normal 0 0 -1
    outer loop
      vertex -8.54999 6.84999 0
      vertex -8.17529 6.96675 0
      vertex -8.23615 6.7317 0
    endloop
  endfacet
  facet normal 0 0 -1
    outer loop
      vertex -8.54999 6.84999 0
      vertex -8.23615 6.7317 0
      vertex -8.24998 6.54999 0
    endloop
  endfacet
  facet normal 0 0 -1
    outer loop
      vertex -7.91974 7.37675 0
      vertex -8.36836 7.48474 0
      vertex -8.21974 7.67676 0
    endloop
  endfacet
  facet normal -0 0 -1
    outer loop
      vertex -8.24998 -6.54999 0
      vertex -8.54999 -6.84999 0
      vertex -8.24998 6.54999 0
    endloop
  endfacet
  facet normal 0 0 -1
    outer loop
      vertex -8.54999 -6.84999 0
      vertex -8.22542 -6.79155 0
      vertex -8.52542 -7.09155 0
    endloop
  endfacet
  facet normal -0 0 -1
    outer loop
      vertex -8.24998 6.54999 0
      vertex -8.54999 -6.84999 0
      vertex -8.54999 6.84999 0
    endloop
  endfacet
  facet normal -0 0 -1
    outer loop
      vertex -8.22542 -6.79155 0
      vertex -8.54999 -6.84999 0
      vertex -8.24998 -6.54999 0
    endloop
  endfacet
  facet normal -0 0 -1
    outer loop
      vertex -8.17529 6.96675 0
      vertex -8.54999 6.84999 0
      vertex -8.53615 7.03171 0
    endloop
  endfacet
  facet normal 0 0 -1
    outer loop
      vertex -8.06836 7.18474 0
      vertex -8.4753 7.26675 0
      vertex -8.36836 7.48474 0
    endloop
  endfacet
  facet normal 0 0 -1
    outer loop
      vertex -8.17529 6.96675 0
      vertex -8.53615 7.03171 0
      vertex -8.4753 7.26675 0
    endloop
  endfacet
  facet normal -0.651337 0.758788 0
    outer loop
      vertex -8.2355 8.0349 0.2
      vertex -8.41974 7.87675 0.209999
      vertex -8.2355 8.0349 0.209999
    endloop
  endfacet
  facet normal -0.651337 0.758788 0
    outer loop
      vertex -8.41974 7.87675 0.209999
      vertex -8.2355 8.0349 0.2
      vertex -8.41974 7.87675 0.2
    endloop
  endfacet
  facet normal -0.758788 -0.651337 0
    outer loop
      vertex -8.37675 -7.91974 0.2
      vertex -8.5349 -7.7355 0.209999
      vertex -8.5349 -7.7355 0.2
    endloop
  endfacet
  facet normal -0.758788 -0.651337 0
    outer loop
      vertex -8.5349 -7.7355 0.209999
      vertex -8.37675 -7.91974 0.2
      vertex -8.37675 -7.91974 0.209999
    endloop
  endfacet
  facet normal -0.745286 -0.413731 0.522853
    outer loop
      vertex -8.65274 -7.52321 0.209999
      vertex -7.69764 -6.69147 2.22957
      vertex -7.71526 -6.57406 2.29736
    endloop
  endfacet
  facet normal -0.7453 -0.413708 0.522851
    outer loop
      vertex -7.69764 -6.69147 2.22957
      vertex -8.65274 -7.52321 0.209999
      vertex -8.5349 -7.7355 0.209999
    endloop
  endfacet
  facet normal -0.518034 -0.287556 -0.805576
    outer loop
      vertex -8.65274 -7.52321 0.2
      vertex -8.3349 -7.53551 0
      vertex -8.5349 -7.7355 0.2
    endloop
  endfacet
  facet normal -0.518036 -0.287543 -0.805579
    outer loop
      vertex -8.3349 -7.53551 0
      vertex -8.65274 -7.52321 0.2
      vertex -8.45274 -7.32321 0
    endloop
  endfacet
  facet normal -0.897803 0.440397 0
    outer loop
      vertex -8.67529 7.46675 0.2
      vertex -8.56836 7.68474 0.209999
      vertex -8.56836 7.68474 0.2
    endloop
  endfacet
  facet normal -0.897803 0.440397 0
    outer loop
      vertex -8.56836 7.68474 0.209999
      vertex -8.67529 7.46675 0.2
      vertex -8.67529 7.46675 0.209999
    endloop
  endfacet
  facet normal -0.707124 0 -0.707089
    outer loop
      vertex -8.54999 -6.84999 0
      vertex -8.74998 7.04999 0.2
      vertex -8.54999 6.84999 0
    endloop
  endfacet
  facet normal -0.707124 -0 -0.707089
    outer loop
      vertex -8.74998 7.04999 0.2
      vertex -8.54999 -6.84999 0
      vertex -8.74998 -7.04999 0.2
    endloop
  endfacet
  facet normal -0.962246 0.0732368 0.262142
    outer loop
      vertex -8.74998 7.04999 0.209999
      vertex -7.3495 5.43262 5.80261
      vertex -8.73615 7.2317 0.209999
    endloop
  endfacet
  facet normal -0.962292 0.0729207 0.262062
    outer loop
      vertex -7.3495 5.43262 5.80261
      vertex -8.74998 7.04999 0.209999
      vertex -7.35143 5.40999 5.80182
    endloop
  endfacet
  facet normal 0.954144 0.299349 0
    outer loop
      vertex 8.72542 7.29155 0.209999
      vertex 8.65274 7.52321 0.2
      vertex 8.65274 7.52321 0.209999
    endloop
  endfacet
  facet normal 0.954144 0.299349 0
    outer loop
      vertex 8.65274 7.52321 0.2
      vertex 8.72542 7.29155 0.209999
      vertex 8.72542 7.29155 0.2
    endloop
  endfacet
  facet normal 0.438941 0.376779 -0.815701
    outer loop
      vertex 8.17676 7.71974 0
      vertex 8.5349 7.7355 0.2
      vertex 8.3349 7.53551 0
    endloop
  endfacet
  facet normal 0.43894 0.376782 -0.8157
    outer loop
      vertex 8.5349 7.7355 0.2
      vertex 8.17676 7.71974 0
      vertex 8.37675 7.91974 0.2
    endloop
  endfacet
  facet normal 0.101151 -0.994871 0
    outer loop
      vertex 7.54999 -8.24998 0.2
      vertex 7.79155 -8.22542 0.209999
      vertex 7.54999 -8.24998 0.209999
    endloop
  endfacet
  facet normal 0.101151 -0.994871 0
    outer loop
      vertex 7.79155 -8.22542 0.209999
      vertex 7.54999 -8.24998 0.2
      vertex 7.79155 -8.22542 0.2
    endloop
  endfacet
  facet normal -0.250658 -0.968076 0
    outer loop
      vertex -7.96675 -8.17529 0.2
      vertex -7.7317 -8.23615 0.209999
      vertex -7.96675 -8.17529 0.209999
    endloop
  endfacet
  facet normal -0.250658 -0.968076 -0
    outer loop
      vertex -7.7317 -8.23615 0.209999
      vertex -7.96675 -8.17529 0.2
      vertex -7.7317 -8.23615 0.2
    endloop
  endfacet
  facet normal 0 -1 0
    outer loop
      vertex -7.54999 -8.24998 0.2
      vertex 7.54999 -8.24998 0.209999
      vertex -7.54999 -8.24998 0.209999
    endloop
  endfacet
  facet normal 0 -1 -0
    outer loop
      vertex 7.54999 -8.24998 0.209999
      vertex -7.54999 -8.24998 0.2
      vertex 7.54999 -8.24998 0.2
    endloop
  endfacet
  facet normal -0.0517754 -0.679814 -0.731555
    outer loop
      vertex -7.54999 -8.24998 0.2
      vertex -7.53171 -8.03615 0
      vertex -7.34999 -8.04999 0
    endloop
  endfacet
  facet normal -0.051741 -0.679816 -0.731555
    outer loop
      vertex -7.53171 -8.03615 0
      vertex -7.54999 -8.24998 0.2
      vertex -7.7317 -8.23615 0.2
    endloop
  endfacet
  facet normal -0.87433 -0.485332 0
    outer loop
      vertex -8.5349 -7.7355 0.2
      vertex -8.65274 -7.52321 0.209999
      vertex -8.65274 -7.52321 0.2
    endloop
  endfacet
  facet normal -0.87433 -0.485332 0
    outer loop
      vertex -8.65274 -7.52321 0.209999
      vertex -8.5349 -7.7355 0.2
      vertex -8.5349 -7.7355 0.209999
    endloop
  endfacet
  facet normal -0.830851 -0.260653 0.491677
    outer loop
      vertex -8.72542 -7.29155 0.209999
      vertex -7.71526 -6.57406 2.29736
      vertex -7.71203 -6.45833 2.36417
    endloop
  endfacet
  facet normal -0.830846 -0.260666 0.491679
    outer loop
      vertex -7.71526 -6.57406 2.29736
      vertex -8.72542 -7.29155 0.209999
      vertex -8.65274 -7.52321 0.209999
    endloop
  endfacet
  facet normal -0.840913 -0.236143 0.486931
    outer loop
      vertex -7.70276 -6.28516 2.46416
      vertex -8.72542 -7.29155 0.209999
      vertex -7.71203 -6.45833 2.36417
    endloop
  endfacet
  facet normal -1 0 0
    outer loop
      vertex -8.74998 -7.04999 0.2
      vertex -8.74998 7.04999 0.209999
      vertex -8.74998 7.04999 0.2
    endloop
  endfacet
  facet normal -1 -0 0
    outer loop
      vertex -8.74998 7.04999 0.209999
      vertex -8.74998 -7.04999 0.2
      vertex -8.74998 -7.04999 0.209999
    endloop
  endfacet
  facet normal 0.485332 -0.87433 0
    outer loop
      vertex 8.02321 -8.15274 0.2
      vertex 8.2355 -8.0349 0.209999
      vertex 8.02321 -8.15274 0.209999
    endloop
  endfacet
  facet normal 0.485332 -0.87433 0
    outer loop
      vertex 8.2355 -8.0349 0.209999
      vertex 8.02321 -8.15274 0.2
      vertex 8.2355 -8.0349 0.2
    endloop
  endfacet
  facet normal -0.994871 -0.101151 0
    outer loop
      vertex -8.72542 -7.29155 0.2
      vertex -8.74998 -7.04999 0.209999
      vertex -8.74998 -7.04999 0.2
    endloop
  endfacet
  facet normal -0.994871 -0.101151 0
    outer loop
      vertex -8.74998 -7.04999 0.209999
      vertex -8.72542 -7.29155 0.2
      vertex -8.72542 -7.29155 0.209999
    endloop
  endfacet
  facet normal -0.595035 -0.186684 -0.781718
    outer loop
      vertex -8.72542 -7.29155 0.2
      vertex -8.45274 -7.32321 0
      vertex -8.65274 -7.52321 0.2
    endloop
  endfacet
  facet normal -0.595035 -0.186684 -0.781718
    outer loop
      vertex -8.45274 -7.32321 0
      vertex -8.72542 -7.29155 0.2
      vertex -8.52542 -7.09155 0
    endloop
  endfacet
  facet normal 0 -0.374603 0.927185
    outer loop
      vertex -7.39702 -3.65906 3.76113
      vertex -4.10626 -2.81762 4.10109
      vertex -7.33802 -2.81762 4.10109
    endloop
  endfacet
  facet normal 2.0509e-06 -0.37461 0.927183
    outer loop
      vertex -4.10626 -2.81762 4.10109
      vertex -7.39702 -3.65906 3.76113
      vertex -3.83661 -2.99711 4.02857
    endloop
  endfacet
  facet normal -5.73631e-07 -0.374598 0.927187
    outer loop
      vertex -3.83661 -2.99711 4.02857
      vertex -7.39702 -3.65906 3.76113
      vertex -2.77052 -3.42217 3.85684
    endloop
  endfacet
  facet normal 0 -0.374607 0.927184
    outer loop
      vertex -2.77052 -3.42217 3.85684
      vertex -7.39702 -3.65906 3.76113
      vertex -2.1764 -3.65906 3.76113
    endloop
  endfacet
  facet normal 0 -0.374603 0.927185
    outer loop
      vertex 4.10626 -2.81762 4.10109
      vertex 7.3974 -3.65906 3.76113
      vertex 7.33831 -2.81762 4.10109
    endloop
  endfacet
  facet normal -2.05073e-06 -0.37461 0.927183
    outer loop
      vertex 3.83661 -2.99711 4.02857
      vertex 7.3974 -3.65906 3.76113
      vertex 4.10626 -2.81762 4.10109
    endloop
  endfacet
  facet normal 5.73589e-07 -0.374598 0.927187
    outer loop
      vertex 2.77052 -3.42217 3.85684
      vertex 7.3974 -3.65906 3.76113
      vertex 3.83661 -2.99711 4.02857
    endloop
  endfacet
  facet normal 0 -0.374607 0.927184
    outer loop
      vertex 7.3974 -3.65906 3.76113
      vertex 2.77052 -3.42217 3.85684
      vertex 2.1764 -3.65906 3.76113
    endloop
  endfacet
  facet normal -0.000739168 -0.500054 0.865994
    outer loop
      vertex 7.67487 -6.1051 2.56811
      vertex 7.70704 -6.37136 2.41439
      vertex 7.69917 -6.25724 2.48028
    endloop
  endfacet
  facet normal 0.000190083 -0.500012 0.866018
    outer loop
      vertex 7.70704 -6.37136 2.41439
      vertex 7.65293 -6.88438 2.1182
      vertex 7.70721 -6.62482 2.26805
    endloop
  endfacet
  facet normal -9.40783e-05 -0.499996 0.866028
    outer loop
      vertex 7.70704 -6.37136 2.41439
      vertex 7.67487 -6.1051 2.56811
      vertex 7.65087 -6.89104 2.11435
    endloop
  endfacet
  facet normal 0.000264893 -0.500024 0.866012
    outer loop
      vertex 7.70721 -6.62482 2.26805
      vertex 7.65293 -6.88438 2.1182
      vertex 7.69511 -6.7422 2.20028
    endloop
  endfacet
  facet normal -0.00311121 -0.499749 0.866165
    outer loop
      vertex 7.70704 -6.37136 2.41439
      vertex 7.65087 -6.89104 2.11435
      vertex 7.65293 -6.88438 2.1182
    endloop
  endfacet
  facet normal 0 -0.499998 0.866027
    outer loop
      vertex 7.67487 -6.1051 2.56811
      vertex -7.65438 -6.89104 2.11435
      vertex 7.65087 -6.89104 2.11435
    endloop
  endfacet
  facet normal 0 -0.499998 0.866027
    outer loop
      vertex -7.67406 -6.1051 2.56811
      vertex -7.65438 -6.89104 2.11435
      vertex 7.67487 -6.1051 2.56811
    endloop
  endfacet
  facet normal 0.000184573 -0.499994 0.866029
    outer loop
      vertex -7.70276 -6.28516 2.46416
      vertex -7.65438 -6.89104 2.11435
      vertex -7.67406 -6.1051 2.56811
    endloop
  endfacet
  facet normal -0.0001212 -0.500014 0.866017
    outer loop
      vertex -7.65438 -6.89104 2.11435
      vertex -7.69764 -6.69147 2.22957
      vertex -7.67133 -6.84545 2.14067
    endloop
  endfacet
  facet normal -0.000330668 -0.500025 0.866011
    outer loop
      vertex -7.71203 -6.45833 2.36417
      vertex -7.65438 -6.89104 2.11435
      vertex -7.70276 -6.28516 2.46416
    endloop
  endfacet
  facet normal 3.22699e-05 -0.499989 0.866032
    outer loop
      vertex -7.65438 -6.89104 2.11435
      vertex -7.71203 -6.45833 2.36417
      vertex -7.69764 -6.69147 2.22957
    endloop
  endfacet
  facet normal 0.000420631 -0.499971 0.866042
    outer loop
      vertex -7.69764 -6.69147 2.22957
      vertex -7.71203 -6.45833 2.36417
      vertex -7.71526 -6.57406 2.29736
    endloop
  endfacet
  facet normal 0 -0.469477 0.882945
    outer loop
      vertex -7.56514 -5.30381 2.99417
      vertex 7.67487 -6.1051 2.56811
      vertex 7.56579 -5.30381 2.99417
    endloop
  endfacet
  facet normal 0 -0.469477 0.882945
    outer loop
      vertex 7.67487 -6.1051 2.56811
      vertex -7.56514 -5.30381 2.99417
      vertex -7.67406 -6.1051 2.56811
    endloop
  endfacet
  facet normal 0 -0.241922 0.970296
    outer loop
      vertex -7.27048 0.651219 5.16162
      vertex -5.73425 -0.229347 4.94207
      vertex -5.55322 0.651219 5.16162
    endloop
  endfacet
  facet normal 0 -0.241922 0.970296
    outer loop
      vertex -5.73425 -0.229347 4.94207
      vertex -7.27048 0.651219 5.16162
      vertex -7.26203 -0.229347 4.94207
    endloop
  endfacet
  facet normal 0 -0.241922 0.970296
    outer loop
      vertex 7.27067 0.651219 5.16162
      vertex 5.73425 -0.229347 4.94207
      vertex 7.2622 -0.229347 4.94207
    endloop
  endfacet
  facet normal 0 -0.241922 0.970296
    outer loop
      vertex 5.73425 -0.229347 4.94207
      vertex 7.27067 0.651219 5.16162
      vertex 5.55322 0.651219 5.16162
    endloop
  endfacet
  facet normal 0 -0.309019 0.951056
    outer loop
      vertex -7.29582 -1.96482 4.41148
      vertex -5.55322 -1.10172 4.69192
      vertex -7.27048 -1.10172 4.69192
    endloop
  endfacet
  facet normal 0 -0.309019 0.951056
    outer loop
      vertex -5.55322 -1.10172 4.69192
      vertex -7.29582 -1.96482 4.41148
      vertex -5.01033 -1.96482 4.41148
    endloop
  endfacet
  facet normal 0 -0.309019 0.951056
    outer loop
      vertex 5.55322 -1.10172 4.69192
      vertex 7.29604 -1.96482 4.41148
      vertex 7.27067 -1.10172 4.69192
    endloop
  endfacet
  facet normal 0 -0.309019 0.951056
    outer loop
      vertex 7.29604 -1.96482 4.41148
      vertex 5.55322 -1.10172 4.69192
      vertex 5.01033 -1.96482 4.41148
    endloop
  endfacet
  facet normal 0 -0.0697615 0.997564
    outer loop
      vertex -7.3538 5.13921 5.79237
      vertex 7.36963 4.2339 5.72906
      vertex 7.3538 5.13921 5.79237
    endloop
  endfacet
  facet normal 0 -0.0697615 0.997564
    outer loop
      vertex 7.36963 4.2339 5.72906
      vertex -7.3538 5.13921 5.79237
      vertex -7.36963 4.2339 5.72906
    endloop
  endfacet
  facet normal 0 -0.342016 0.939694
    outer loop
      vertex -7.33802 -2.81762 4.10109
      vertex -5.01033 -1.96482 4.41148
      vertex -7.29582 -1.96482 4.41148
    endloop
  endfacet
  facet normal 0 -0.342016 0.939694
    outer loop
      vertex -5.01033 -1.96482 4.41148
      vertex -7.33802 -2.81762 4.10109
      vertex -4.10626 -2.81762 4.10109
    endloop
  endfacet
  facet normal 0 -0.342016 0.939694
    outer loop
      vertex 5.01033 -1.96482 4.41148
      vertex 7.33831 -2.81762 4.10109
      vertex 7.29604 -1.96482 4.41148
    endloop
  endfacet
  facet normal 0 -0.342016 0.939694
    outer loop
      vertex 7.33831 -2.81762 4.10109
      vertex 5.01033 -1.96482 4.41148
      vertex 4.10626 -2.81762 4.10109
    endloop
  endfacet
  facet normal 0 -0.104525 0.994522
    outer loop
      vertex 7.36963 4.2339 5.72906
      vertex 2.1764 3.33134 5.6342
      vertex 7.39336 3.33134 5.6342
    endloop
  endfacet
  facet normal 3.0511e-06 -0.104543 0.99452
    outer loop
      vertex 7.36963 4.2339 5.72906
      vertex 1.91947 3.41695 5.6432
      vertex 2.1764 3.33134 5.6342
    endloop
  endfacet
  facet normal -1.76347e-06 -0.104511 0.994524
    outer loop
      vertex 7.36963 4.2339 5.72906
      vertex 0 3.62995 5.66558
      vertex 1.91947 3.41695 5.6432
    endloop
  endfacet
  facet normal 0 -0.104532 0.994522
    outer loop
      vertex -7.36963 4.2339 5.72906
      vertex 0 3.62995 5.66558
      vertex 7.36963 4.2339 5.72906
    endloop
  endfacet
  facet normal 1.76347e-06 -0.104511 0.994524
    outer loop
      vertex -7.36963 4.2339 5.72906
      vertex -1.91947 3.41695 5.6432
      vertex 0 3.62995 5.66558
    endloop
  endfacet
  facet normal -3.0511e-06 -0.104543 0.99452
    outer loop
      vertex -7.36963 4.2339 5.72906
      vertex -2.1764 3.33134 5.6342
      vertex -1.91947 3.41695 5.6432
    endloop
  endfacet
  facet normal 0 -0.104525 0.994522
    outer loop
      vertex -2.1764 3.33134 5.6342
      vertex -7.36963 4.2339 5.72906
      vertex -7.39336 3.33134 5.6342
    endloop
  endfacet
  facet normal 0 0 1
    outer loop
      vertex 7.11337 6.12034 5.82404
      vertex 7.16482 6.04618 5.82404
      vertex 7.13636 6.09356 5.82404
    endloop
  endfacet
  facet normal 0 0 1
    outer loop
      vertex 6.96804 6.26275 5.82404
      vertex 7.16482 6.04618 5.82404
      vertex 7.11337 6.12034 5.82404
    endloop
  endfacet
  facet normal 0 0 1
    outer loop
      vertex 6.76403 6.38443 5.82404
      vertex 6.96804 6.26275 5.82404
      vertex 6.9391 6.28514 5.82404
    endloop
  endfacet
  facet normal 0 0 1
    outer loop
      vertex 6.96804 6.26275 5.82404
      vertex 6.76403 6.38443 5.82404
      vertex 7.16482 6.04618 5.82404
    endloop
  endfacet
  facet normal 0 0 1
    outer loop
      vertex 6.69408 6.41034 5.82404
      vertex 6.76403 6.38443 5.82404
      vertex 6.73037 6.40095 5.82404
    endloop
  endfacet
  facet normal 0 0 1
    outer loop
      vertex 6.76403 6.38443 5.82404
      vertex 6.69408 6.41034 5.82404
      vertex 7.16482 6.04618 5.82404
    endloop
  endfacet
  facet normal 0 0 1
    outer loop
      vertex 6.39761 6.4679 5.82404
      vertex 7.16482 6.04618 5.82404
      vertex 6.69408 6.41034 5.82404
    endloop
  endfacet
  facet normal 0 0 1
    outer loop
      vertex 6.36917 6.47007 5.82404
      vertex 7.16482 6.04618 5.82404
      vertex 6.39761 6.4679 5.82404
    endloop
  endfacet
  facet normal -0 0 1
    outer loop
      vertex -6.36917 6.47007 5.82404
      vertex 7.16482 6.04618 5.82404
      vertex 6.36917 6.47007 5.82404
    endloop
  endfacet
  facet normal 0 0 1
    outer loop
      vertex -7.16484 6.04618 5.82404
      vertex -6.36917 6.47007 5.82404
      vertex -6.40698 6.46622 5.82404
    endloop
  endfacet
  facet normal 0 0 1
    outer loop
      vertex -6.64354 6.42923 5.82404
      vertex -6.40698 6.46622 5.82404
      vertex -6.6075 6.44054 5.82404
    endloop
  endfacet
  facet normal 0 0 1
    outer loop
      vertex -6.40698 6.46622 5.82404
      vertex -6.64354 6.42923 5.82404
      vertex -7.16484 6.04618 5.82404
    endloop
  endfacet
  facet normal 0 0 1
    outer loop
      vertex -7.16484 6.04618 5.82404
      vertex -6.64354 6.42923 5.82404
      vertex -6.8299 6.35351 5.82404
    endloop
  endfacet
  facet normal 0 0 1
    outer loop
      vertex -7.02394 6.21369 5.82404
      vertex -6.8299 6.35351 5.82404
      vertex -6.86234 6.33551 5.82404
    endloop
  endfacet
  facet normal 0 0 1
    outer loop
      vertex -6.8299 6.35351 5.82404
      vertex -7.02394 6.21369 5.82404
      vertex -7.16484 6.04618 5.82404
    endloop
  endfacet
  facet normal 0 0 1
    outer loop
      vertex -7.16484 6.04618 5.82404
      vertex -7.02394 6.21369 5.82404
      vertex -7.05125 6.19025 5.82404
    endloop
  endfacet
  facet normal 0 0 1
    outer loop
      vertex -6.36917 6.47007 5.82404
      vertex -7.16484 6.04618 5.82404
      vertex 7.16482 6.04618 5.82404
    endloop
  endfacet
  facet normal 0 -0.173648 0.984808
    outer loop
      vertex -7.33802 2.43265 5.5079
      vertex -5.01033 1.53891 5.35031
      vertex -4.10626 2.43265 5.5079
    endloop
  endfacet
  facet normal 0 -0.173648 0.984808
    outer loop
      vertex -5.01033 1.53891 5.35031
      vertex -7.33802 2.43265 5.5079
      vertex -7.29582 1.53891 5.35031
    endloop
  endfacet
  facet normal 0 -0.173648 0.984808
    outer loop
      vertex 7.33831 2.43265 5.5079
      vertex 5.01033 1.53891 5.35031
      vertex 7.29604 1.53891 5.35031
    endloop
  endfacet
  facet normal 0 -0.173648 0.984808
    outer loop
      vertex 5.01033 1.53891 5.35031
      vertex 7.33831 2.43265 5.5079
      vertex 4.10626 2.43265 5.5079
    endloop
  endfacet
  facet normal 1.13661e-06 -0.139166 0.990269
    outer loop
      vertex -7.39336 3.33134 5.6342
      vertex -4.10626 2.43265 5.5079
      vertex -3.83661 2.62435 5.53484
    endloop
  endfacet
  facet normal -1.04129e-06 -0.139177 0.990268
    outer loop
      vertex -7.39336 3.33134 5.6342
      vertex -3.83661 2.62435 5.53484
      vertex -2.98266 2.988 5.58595
    endloop
  endfacet
  facet normal 0 -0.139164 0.990269
    outer loop
      vertex -7.39336 3.33134 5.6342
      vertex -2.98266 2.988 5.58595
      vertex -2.1764 3.33134 5.6342
    endloop
  endfacet
  facet normal 0 -0.139171 0.990268
    outer loop
      vertex -4.10626 2.43265 5.5079
      vertex -7.39218 3.25755 5.62383
      vertex -7.33802 2.43265 5.5079
    endloop
  endfacet
  facet normal 1.07312e-06 -0.139166 0.990269
    outer loop
      vertex -4.10626 2.43265 5.5079
      vertex -7.39336 3.33134 5.6342
      vertex -7.39218 3.25755 5.62383
    endloop
  endfacet
  facet normal -0.00412579 -0.13923 0.990251
    outer loop
      vertex -7.39218 3.25755 5.62383
      vertex -7.39336 3.33134 5.6342
      vertex -7.39417 3.30832 5.63096
    endloop
  endfacet
  facet normal 0.00710046 -0.139125 0.990249
    outer loop
      vertex 7.39336 3.33134 5.6342
      vertex 7.39338 3.2702 5.62561
      vertex 7.39417 3.30832 5.63096
    endloop
  endfacet
  facet normal -1.10112e-05 -0.139131 0.990274
    outer loop
      vertex 4.10626 2.43265 5.5079
      vertex 7.39338 3.2702 5.62561
      vertex 7.39336 3.33134 5.6342
    endloop
  endfacet
  facet normal 0 -0.139173 0.990268
    outer loop
      vertex 7.39338 3.2702 5.62561
      vertex 4.10626 2.43265 5.5079
      vertex 7.33831 2.43265 5.5079
    endloop
  endfacet
  facet normal -1.13661e-06 -0.139166 0.990269
    outer loop
      vertex 7.39336 3.33134 5.6342
      vertex 3.83661 2.62435 5.53484
      vertex 4.10626 2.43265 5.5079
    endloop
  endfacet
  facet normal 1.04129e-06 -0.139177 0.990268
    outer loop
      vertex 7.39336 3.33134 5.6342
      vertex 2.98266 2.988 5.58595
      vertex 3.83661 2.62435 5.53484
    endloop
  endfacet
  facet normal 0 -0.139164 0.990269
    outer loop
      vertex 2.98266 2.988 5.58595
      vertex 7.39336 3.33134 5.6342
      vertex 2.1764 3.33134 5.6342
    endloop
  endfacet
  facet normal 0 -0.438368 0.898796
    outer loop
      vertex -7.47276 -4.48813 3.392
      vertex 7.56579 -5.30381 2.99417
      vertex 7.47326 -4.48813 3.392
    endloop
  endfacet
  facet normal 0 -0.438368 0.898796
    outer loop
      vertex 7.56579 -5.30381 2.99417
      vertex -7.47276 -4.48813 3.392
      vertex -7.56514 -5.30381 2.99417
    endloop
  endfacet
  facet normal 0 -0.275638 0.961261
    outer loop
      vertex -7.27048 -1.10172 4.69192
      vertex -5.73425 -0.229347 4.94207
      vertex -7.26203 -0.229347 4.94207
    endloop
  endfacet
  facet normal 0 -0.275638 0.961261
    outer loop
      vertex -5.73425 -0.229347 4.94207
      vertex -7.27048 -1.10172 4.69192
      vertex -5.55322 -1.10172 4.69192
    endloop
  endfacet
  facet normal 0 -0.275638 0.961261
    outer loop
      vertex 5.73425 -0.229347 4.94207
      vertex 7.27067 -1.10172 4.69192
      vertex 7.2622 -0.229347 4.94207
    endloop
  endfacet
  facet normal 0 -0.275638 0.961261
    outer loop
      vertex 7.27067 -1.10172 4.69192
      vertex 5.73425 -0.229347 4.94207
      vertex 5.55322 -1.10172 4.69192
    endloop
  endfacet
  facet normal -0.000452043 -0.529793 0.848127
    outer loop
      vertex 7.65087 -6.89104 2.11435
      vertex 7.56357 -7.10617 1.97992
      vertex 7.62109 -7.00077 2.04579
    endloop
  endfacet
  facet normal 2.29717e-05 -0.529931 0.848041
    outer loop
      vertex 7.00315 -7.50985 1.72768
      vertex 7.56357 -7.10617 1.97992
      vertex 7.65087 -6.89104 2.11435
    endloop
  endfacet
  facet normal 3.77618e-05 -0.529935 0.848038
    outer loop
      vertex 7.56357 -7.10617 1.97992
      vertex 7.41593 -7.30535 1.85546
      vertex 7.49898 -7.22157 1.90781
    endloop
  endfacet
  facet normal 1.38491e-05 -0.529922 0.848046
    outer loop
      vertex 7.56357 -7.10617 1.97992
      vertex 7.00315 -7.50985 1.72768
      vertex 7.41593 -7.30535 1.85546
    endloop
  endfacet
  facet normal 6.50992e-05 -0.529992 0.848003
    outer loop
      vertex 7.41593 -7.30535 1.85546
      vertex 7.22546 -7.44184 1.77017
      vertex 7.33107 -7.38797 1.80383
    endloop
  endfacet
  facet normal 5.42672e-05 -0.529981 0.84801
    outer loop
      vertex 7.41593 -7.30535 1.85546
      vertex 7.00315 -7.50985 1.72768
      vertex 7.22546 -7.44184 1.77017
    endloop
  endfacet
  facet normal 7.60792e-05 -0.530032 0.847978
    outer loop
      vertex 7.22546 -7.44184 1.77017
      vertex 7.00315 -7.50985 1.72768
      vertex 7.12585 -7.49129 1.73927
    endloop
  endfacet
  facet normal -4.39117e-05 -0.529881 0.848072
    outer loop
      vertex 7.65087 -6.89104 2.11435
      vertex 6.89333 -7.52631 1.71739
      vertex 7.00315 -7.50985 1.72768
    endloop
  endfacet
  facet normal 0 -0.529919 0.848049
    outer loop
      vertex 7.65087 -6.89104 2.11435
      vertex -6.89333 -7.52631 1.71739
      vertex 6.89333 -7.52631 1.71739
    endloop
  endfacet
  facet normal 0 -0.529919 0.848049
    outer loop
      vertex -7.65438 -6.89104 2.11435
      vertex -6.89333 -7.52631 1.71739
      vertex 7.65087 -6.89104 2.11435
    endloop
  endfacet
  facet normal -2.11788e-05 -0.529937 0.848037
    outer loop
      vertex -7.63181 -6.9591 2.07182
      vertex -6.89333 -7.52631 1.71739
      vertex -7.65438 -6.89104 2.11435
    endloop
  endfacet
  facet normal 4.15898e-05 -0.529878 0.848074
    outer loop
      vertex -6.89333 -7.52631 1.71739
      vertex -7.63181 -6.9591 2.07182
      vertex -6.9866 -7.51585 1.72393
    endloop
  endfacet
  facet normal -1.76605e-06 -0.529914 0.848051
    outer loop
      vertex -7.51576 -7.19112 1.92684
      vertex -6.9866 -7.51585 1.72393
      vertex -7.63181 -6.9591 2.07182
    endloop
  endfacet
  facet normal 2.36481e-06 -0.529909 0.848054
    outer loop
      vertex -6.9866 -7.51585 1.72393
      vertex -7.51576 -7.19112 1.92684
      vertex -7.14785 -7.47877 1.7471
    endloop
  endfacet
  facet normal 3.35914e-05 -0.529873 0.848077
    outer loop
      vertex -7.14785 -7.47877 1.7471
      vertex -7.35123 -7.36729 1.81676
      vertex -7.25825 -7.43345 1.77542
    endloop
  endfacet
  facet normal 1.37628e-05 -0.529899 0.848061
    outer loop
      vertex -7.14785 -7.47877 1.7471
      vertex -7.51576 -7.19112 1.92684
      vertex -7.35123 -7.36729 1.81676
    endloop
  endfacet
  facet normal -0.000297976 -0.530108 0.84793
    outer loop
      vertex -7.35123 -7.36729 1.81676
      vertex -7.51576 -7.19112 1.92684
      vertex -7.44018 -7.29051 1.86473
    endloop
  endfacet
  facet normal -0.000211385 -0.52999 0.848004
    outer loop
      vertex -7.51576 -7.19112 1.92684
      vertex -7.63181 -6.9591 2.07182
      vertex -7.57975 -7.0905 1.98971
    endloop
  endfacet
  facet normal 0 -0.207917 0.978146
    outer loop
      vertex -7.29582 1.53891 5.35031
      vertex -5.55322 0.651219 5.16162
      vertex -5.01033 1.53891 5.35031
    endloop
  endfacet
  facet normal 0 -0.207917 0.978146
    outer loop
      vertex -5.55322 0.651219 5.16162
      vertex -7.29582 1.53891 5.35031
      vertex -7.27048 0.651219 5.16162
    endloop
  endfacet
  facet normal 0 -0.207917 0.978146
    outer loop
      vertex 7.29604 1.53891 5.35031
      vertex 5.55322 0.651219 5.16162
      vertex 7.27067 0.651219 5.16162
    endloop
  endfacet
  facet normal 0 -0.207917 0.978146
    outer loop
      vertex 5.55322 0.651219 5.16162
      vertex 7.29604 1.53891 5.35031
      vertex 5.01033 1.53891 5.35031
    endloop
  endfacet
  facet normal -0.000151288 -0.0349497 0.999389
    outer loop
      vertex 7.16482 6.04618 5.82404
      vertex 7.35143 5.40999 5.80182
      vertex 7.33781 5.62394 5.8093
    endloop
  endfacet
  facet normal 0.000185966 -0.0348309 0.999393
    outer loop
      vertex 7.27144 5.85571 5.81739
      vertex 7.33781 5.62394 5.8093
      vertex 7.33426 5.65577 5.81041
    endloop
  endfacet
  facet normal 3.04873e-05 -0.0348753 0.999392
    outer loop
      vertex 7.33781 5.62394 5.8093
      vertex 7.27144 5.85571 5.81739
      vertex 7.16482 6.04618 5.82404
    endloop
  endfacet
  facet normal -0.00058287 -0.0351464 0.999382
    outer loop
      vertex 7.24434 5.91701 5.81953
      vertex 7.27144 5.85571 5.81739
      vertex 7.26101 5.88773 5.81851
    endloop
  endfacet
  facet normal 2.85111e-05 -0.0348764 0.999392
    outer loop
      vertex 7.16482 6.04618 5.82404
      vertex 7.27144 5.85571 5.81739
      vertex 7.24434 5.91701 5.81953
    endloop
  endfacet
  facet normal 9.6552e-05 -0.0348771 0.999392
    outer loop
      vertex 7.35143 5.40999 5.80182
      vertex 7.16482 6.04618 5.82404
      vertex 7.3538 5.13921 5.79237
    endloop
  endfacet
  facet normal 0 -0.0348972 0.999391
    outer loop
      vertex -7.16484 6.04618 5.82404
      vertex 7.3538 5.13921 5.79237
      vertex 7.16482 6.04618 5.82404
    endloop
  endfacet
  facet normal 0.00142027 -0.035844 0.999356
    outer loop
      vertex -7.21563 5.97112 5.82142
      vertex -7.16484 6.04618 5.82404
      vertex -7.17876 6.0289 5.82344
    endloop
  endfacet
  facet normal -0.00121862 -0.0341621 0.999416
    outer loop
      vertex -7.21563 5.97112 5.82142
      vertex -7.17876 6.0289 5.82344
      vertex -7.20013 6.00187 5.82249
    endloop
  endfacet
  facet normal 5.90359e-05 -0.0349241 0.99939
    outer loop
      vertex -7.31027 5.75033 5.81371
      vertex -7.16484 6.04618 5.82404
      vertex -7.21563 5.97112 5.82142
    endloop
  endfacet
  facet normal 0.000394623 -0.0350677 0.999385
    outer loop
      vertex -7.31027 5.75033 5.81371
      vertex -7.21563 5.97112 5.82142
      vertex -7.3017 5.78206 5.81482
    endloop
  endfacet
  facet normal 5.75023e-05 -0.0349233 0.99939
    outer loop
      vertex -7.16484 6.04618 5.82404
      vertex -7.31027 5.75033 5.81371
      vertex -7.3495 5.43262 5.80261
    endloop
  endfacet
  facet normal -8.29299e-05 -0.0348811 0.999391
    outer loop
      vertex -7.35143 5.40999 5.80182
      vertex -7.16484 6.04618 5.82404
      vertex -7.3495 5.43262 5.80261
    endloop
  endfacet
  facet normal -9.65627e-05 -0.0348771 0.999392
    outer loop
      vertex -7.16484 6.04618 5.82404
      vertex -7.35143 5.40999 5.80182
      vertex -7.3538 5.13921 5.79237
    endloop
  endfacet
  facet normal 0 -0.0348972 0.999391
    outer loop
      vertex -7.16484 6.04618 5.82404
      vertex -7.3538 5.13921 5.79237
      vertex 7.3538 5.13921 5.79237
    endloop
  endfacet
  facet normal 0 -0.406741 0.913544
    outer loop
      vertex 2.1764 -3.65906 3.76113
      vertex 7.47326 -4.48813 3.392
      vertex 7.3974 -3.65906 3.76113
    endloop
  endfacet
  facet normal -1.52202e-06 -0.406749 0.91354
    outer loop
      vertex 1.91947 -3.73769 3.72612
      vertex 7.47326 -4.48813 3.392
      vertex 2.1764 -3.65906 3.76113
    endloop
  endfacet
  facet normal -1.5955e-06 -0.406749 0.91354
    outer loop
      vertex 0 -3.93335 3.639
      vertex 7.47326 -4.48813 3.392
      vertex 1.91947 -3.73769 3.72612
    endloop
  endfacet
  facet normal 0 -0.406741 0.913544
    outer loop
      vertex -7.47276 -4.48813 3.392
      vertex -2.1764 -3.65906 3.76113
      vertex -7.39702 -3.65906 3.76113
    endloop
  endfacet
  facet normal 1.52212e-06 -0.406749 0.91354
    outer loop
      vertex -2.1764 -3.65906 3.76113
      vertex -7.47276 -4.48813 3.392
      vertex -1.91947 -3.73769 3.72612
    endloop
  endfacet
  facet normal 1.59557e-06 -0.406749 0.91354
    outer loop
      vertex -1.91947 -3.73769 3.72612
      vertex -7.47276 -4.48813 3.392
      vertex 0 -3.93335 3.639
    endloop
  endfacet
  facet normal 0 -0.406731 0.913548
    outer loop
      vertex 0 -3.93335 3.639
      vertex -7.47276 -4.48813 3.392
      vertex 7.47326 -4.48813 3.392
    endloop
  endfacet
  facet normal -0.0523333 -0.258465 0.964602
    outer loop
      vertex 2.98266 2.988 5.58595
      vertex 3.83661 -2.99711 4.02857
      vertex 3.83661 2.62435 5.53484
    endloop
  endfacet
  facet normal -0.0523297 -0.258465 0.964602
    outer loop
      vertex 3.83661 -2.99711 4.02857
      vertex 2.98266 2.988 5.58595
      vertex 2.77052 -3.42217 3.85684
    endloop
  endfacet
  facet normal 0.0523322 -0.258464 0.964602
    outer loop
      vertex -2.1764 3.33134 5.6342
      vertex -1.91947 -3.73769 3.72612
      vertex -1.91947 3.41695 5.6432
    endloop
  endfacet
  facet normal 0.0523399 -0.258464 0.964602
    outer loop
      vertex -1.91947 -3.73769 3.72612
      vertex -2.1764 3.33134 5.6342
      vertex -2.1764 -3.65906 3.76113
    endloop
  endfacet
  facet normal 0.0523371 -0.258464 0.964602
    outer loop
      vertex -2.1764 3.33134 5.6342
      vertex -2.77052 -3.42217 3.85684
      vertex -2.1764 -3.65906 3.76113
    endloop
  endfacet
  facet normal 0.0523393 -0.258464 0.964602
    outer loop
      vertex -2.77052 -3.42217 3.85684
      vertex -2.1764 3.33134 5.6342
      vertex -2.98266 2.988 5.58595
    endloop
  endfacet
  facet normal 0.052333 -0.258464 0.964602
    outer loop
      vertex -3.83661 2.62435 5.53484
      vertex -2.77052 -3.42217 3.85684
      vertex -2.98266 2.988 5.58595
    endloop
  endfacet
  facet normal 0.0523295 -0.258465 0.964602
    outer loop
      vertex -2.77052 -3.42217 3.85684
      vertex -3.83661 2.62435 5.53484
      vertex -3.83661 -2.99711 4.02857
    endloop
  endfacet
  facet normal 0.0871645 -0.257835 0.962249
    outer loop
      vertex -4.10626 2.43265 5.5079
      vertex -3.83661 -2.99711 4.02857
      vertex -3.83661 2.62435 5.53484
    endloop
  endfacet
  facet normal 0.0871632 -0.257835 0.962249
    outer loop
      vertex -4.10626 2.43265 5.5079
      vertex -4.10626 -2.81762 4.10109
      vertex -3.83661 -2.99711 4.02857
    endloop
  endfacet
  facet normal 0.0871574 -0.257835 0.96225
    outer loop
      vertex -5.01033 1.53891 5.35031
      vertex -4.10626 -2.81762 4.10109
      vertex -4.10626 2.43265 5.5079
    endloop
  endfacet
  facet normal 0.0871502 -0.257836 0.96225
    outer loop
      vertex -4.10626 -2.81762 4.10109
      vertex -5.01033 1.53891 5.35031
      vertex -5.01033 -1.96482 4.41148
    endloop
  endfacet
  facet normal 0.0871486 -0.257836 0.96225
    outer loop
      vertex -5.55322 0.651219 5.16162
      vertex -5.01033 -1.96482 4.41148
      vertex -5.01033 1.53891 5.35031
    endloop
  endfacet
  facet normal 0.087156 -0.257835 0.96225
    outer loop
      vertex -5.01033 -1.96482 4.41148
      vertex -5.55322 0.651219 5.16162
      vertex -5.55322 -1.10172 4.69192
    endloop
  endfacet
  facet normal 0.0871604 -0.257835 0.96225
    outer loop
      vertex -5.55322 -1.10172 4.69192
      vertex -5.55322 0.651219 5.16162
      vertex -5.73425 -0.229347 4.94207
    endloop
  endfacet
  facet normal -0.0871604 -0.257835 0.96225
    outer loop
      vertex 5.55322 0.651219 5.16162
      vertex 5.55322 -1.10172 4.69192
      vertex 5.73425 -0.229347 4.94207
    endloop
  endfacet
  facet normal -0.0871486 -0.257836 0.96225
    outer loop
      vertex 5.01033 -1.96482 4.41148
      vertex 5.55322 0.651219 5.16162
      vertex 5.01033 1.53891 5.35031
    endloop
  endfacet
  facet normal -0.087156 -0.257835 0.96225
    outer loop
      vertex 5.55322 0.651219 5.16162
      vertex 5.01033 -1.96482 4.41148
      vertex 5.55322 -1.10172 4.69192
    endloop
  endfacet
  facet normal -0.0871502 -0.257836 0.96225
    outer loop
      vertex 5.01033 1.53891 5.35031
      vertex 4.10626 -2.81762 4.10109
      vertex 5.01033 -1.96482 4.41148
    endloop
  endfacet
  facet normal -0.0871574 -0.257835 0.96225
    outer loop
      vertex 4.10626 2.43265 5.5079
      vertex 4.10626 -2.81762 4.10109
      vertex 5.01033 1.53891 5.35031
    endloop
  endfacet
  facet normal -0.0871645 -0.257835 0.962249
    outer loop
      vertex 3.83661 -2.99711 4.02857
      vertex 4.10626 2.43265 5.5079
      vertex 3.83661 2.62435 5.53484
    endloop
  endfacet
  facet normal -0.0871632 -0.257835 0.962249
    outer loop
      vertex 4.10626 2.43265 5.5079
      vertex 3.83661 -2.99711 4.02857
      vertex 4.10626 -2.81762 4.10109
    endloop
  endfacet
  facet normal 0.0174558 -0.25878 0.965779
    outer loop
      vertex -1.91947 3.41695 5.6432
      vertex 0 -3.93335 3.639
      vertex 0 3.62995 5.66558
    endloop
  endfacet
  facet normal 0.0174558 -0.25878 0.965779
    outer loop
      vertex 0 -3.93335 3.639
      vertex -1.91947 3.41695 5.6432
      vertex -1.91947 -3.73769 3.72612
    endloop
  endfacet
  facet normal -0.0523393 -0.258464 0.964602
    outer loop
      vertex 2.1764 3.33134 5.6342
      vertex 2.77052 -3.42217 3.85684
      vertex 2.98266 2.988 5.58595
    endloop
  endfacet
  facet normal -0.0523371 -0.258464 0.964602
    outer loop
      vertex 2.1764 3.33134 5.6342
      vertex 2.1764 -3.65906 3.76113
      vertex 2.77052 -3.42217 3.85684
    endloop
  endfacet
  facet normal -0.0523322 -0.258464 0.964602
    outer loop
      vertex 1.91947 -3.73769 3.72612
      vertex 2.1764 3.33134 5.6342
      vertex 1.91947 3.41695 5.6432
    endloop
  endfacet
  facet normal -0.0523399 -0.258464 0.964602
    outer loop
      vertex 2.1764 3.33134 5.6342
      vertex 1.91947 -3.73769 3.72612
      vertex 2.1764 -3.65906 3.76113
    endloop
  endfacet
  facet normal -0.0174558 -0.25878 0.965779
    outer loop
      vertex 0 3.62995 5.66558
      vertex 1.91947 -3.73769 3.72612
      vertex 1.91947 3.41695 5.6432
    endloop
  endfacet
  facet normal -0.0174558 -0.25878 0.965779
    outer loop
      vertex 1.91947 -3.73769 3.72612
      vertex 0 3.62995 5.66558
      vertex 0 -3.93335 3.639
    endloop
  endfacet
  facet normal 0.612341 -0.473941 -0.632786
    outer loop
      vertex -8.06836 7.18474 0
      vertex -6.71974 6.17676 2.06
      vertex -6.86836 5.98474 2.06
    endloop
  endfacet
  facet normal 0.612329 -0.473957 -0.632786
    outer loop
      vertex -6.71974 6.17676 2.06
      vertex -8.06836 7.18474 0
      vertex -7.91974 7.37675 0
    endloop
  endfacet
  facet normal -0.612329 0.473957 -0.632786
    outer loop
      vertex 6.71974 -6.17676 2.06
      vertex 8.06836 -7.18474 0
      vertex 7.91974 -7.37675 0
    endloop
  endfacet
  facet normal -0.612341 0.473941 -0.632786
    outer loop
      vertex 8.06836 -7.18474 0
      vertex 6.71974 -6.17676 2.06
      vertex 6.86836 -5.98474 2.06
    endloop
  endfacet
  facet normal -0.77058 -0.241758 -0.589712
    outer loop
      vertex 8.22542 6.79155 0
      vertex 6.95274 5.82321 2.06
      vertex 8.15274 7.02321 0
    endloop
  endfacet
  facet normal -0.77058 -0.241758 -0.589712
    outer loop
      vertex 6.95274 5.82321 2.06
      vertex 8.22542 6.79155 0
      vertex 7.02542 5.59155 2.06
    endloop
  endfacet
  facet normal -0.864085 0 -0.503346
    outer loop
      vertex 8.24998 6.54999 0
      vertex 7.04999 -5.34999 2.06
      vertex 7.04999 5.34999 2.06
    endloop
  endfacet
  facet normal -0.864085 0 -0.503346
    outer loop
      vertex 7.04999 -5.34999 2.06
      vertex 8.24998 6.54999 0
      vertex 8.24998 -6.54999 0
    endloop
  endfacet
  facet normal 0.380454 -0.685392 -0.62088
    outer loop
      vertex -7.52321 7.65274 0
      vertex -6.53551 6.3349 2.06
      vertex -7.7355 7.5349 0
    endloop
  endfacet
  facet normal 0.380441 -0.685401 -0.620879
    outer loop
      vertex -6.53551 6.3349 2.06
      vertex -7.52321 7.65274 0
      vertex -6.32321 6.45274 2.06
    endloop
  endfacet
  facet normal 0 0.864085 -0.503346
    outer loop
      vertex 7.04999 -7.74998 0
      vertex -5.84999 -6.54999 2.06
      vertex 5.84999 -6.54999 2.06
    endloop
  endfacet
  facet normal 0 0.864085 -0.503346
    outer loop
      vertex -5.84999 -6.54999 2.06
      vertex 7.04999 -7.74998 0
      vertex -7.04999 -7.74998 0
    endloop
  endfacet
  facet normal -0.789385 0.204366 -0.578883
    outer loop
      vertex 8.23615 -6.7317 0
      vertex 6.9753 -5.76675 2.06
      vertex 7.03615 -5.53171 2.06
    endloop
  endfacet
  facet normal -0.789376 0.204388 -0.578888
    outer loop
      vertex 6.9753 -5.76675 2.06
      vertex 8.23615 -6.7317 0
      vertex 8.17529 -6.96675 0
    endloop
  endfacet
  facet normal 0.473941 0.612341 -0.632786
    outer loop
      vertex -7.68474 -7.56836 0
      vertex -6.67676 -6.21974 2.06
      vertex -6.48474 -6.36836 2.06
    endloop
  endfacet
  facet normal 0.473957 0.612329 -0.632786
    outer loop
      vertex -6.67676 -6.21974 2.06
      vertex -7.68474 -7.56836 0
      vertex -7.87675 -7.41974 0
    endloop
  endfacet
  facet normal 0.347358 0.708065 -0.614806
    outer loop
      vertex -7.46675 -7.67529 0
      vertex -6.48474 -6.36836 2.06
      vertex -6.26675 -6.4753 2.06
    endloop
  endfacet
  facet normal 0.347332 0.70808 -0.614803
    outer loop
      vertex -6.48474 -6.36836 2.06
      vertex -7.46675 -7.67529 0
      vertex -7.68474 -7.56836 0
    endloop
  endfacet
  facet normal 0.241758 -0.77058 -0.589712
    outer loop
      vertex -7.29155 7.72542 0
      vertex -6.32321 6.45274 2.06
      vertex -7.52321 7.65274 0
    endloop
  endfacet
  facet normal 0.241758 -0.77058 -0.589712
    outer loop
      vertex -6.32321 6.45274 2.06
      vertex -7.29155 7.72542 0
      vertex -6.09155 6.52542 2.06
    endloop
  endfacet
  facet normal -0.838537 -0.0852562 -0.538132
    outer loop
      vertex 8.24998 6.54999 0
      vertex 7.02542 5.59155 2.06
      vertex 8.22542 6.79155 0
    endloop
  endfacet
  facet normal -0.838528 -0.0852899 -0.538142
    outer loop
      vertex 7.02542 5.59155 2.06
      vertex 8.24998 6.54999 0
      vertex 7.04999 5.34999 2.06
    endloop
  endfacet
  facet normal 0.864085 0 -0.503346
    outer loop
      vertex -7.04999 -5.34999 2.06
      vertex -8.24998 6.54999 0
      vertex -7.04999 5.34999 2.06
    endloop
  endfacet
  facet normal 0.864085 0 -0.503346
    outer loop
      vertex -8.24998 6.54999 0
      vertex -7.04999 -5.34999 2.06
      vertex -8.24998 -6.54999 0
    endloop
  endfacet
  facet normal -0.0643958 -0.845521 -0.530045
    outer loop
      vertex 7.04999 7.74998 0
      vertex 6.03171 6.53615 2.06
      vertex 5.84999 6.54999 2.06
    endloop
  endfacet
  facet normal -0.0643538 -0.845533 -0.530031
    outer loop
      vertex 6.03171 6.53615 2.06
      vertex 7.04999 7.74998 0
      vertex 7.2317 7.73615 0
    endloop
  endfacet
  facet normal -0.241758 0.77058 -0.589712
    outer loop
      vertex 7.29155 -7.72542 0
      vertex 6.32321 -6.45274 2.06
      vertex 7.52321 -7.65274 0
    endloop
  endfacet
  facet normal -0.241758 0.77058 -0.589712
    outer loop
      vertex 6.32321 -6.45274 2.06
      vertex 7.29155 -7.72542 0
      vertex 6.09155 -6.52542 2.06
    endloop
  endfacet
  facet normal -0.473957 -0.612329 -0.632786
    outer loop
      vertex 6.67676 6.21974 2.06
      vertex 7.68474 7.56836 0
      vertex 7.87675 7.41974 0
    endloop
  endfacet
  facet normal -0.473941 -0.612341 -0.632786
    outer loop
      vertex 7.68474 7.56836 0
      vertex 6.67676 6.21974 2.06
      vertex 6.48474 6.36836 2.06
    endloop
  endfacet
  facet normal 0.838528 0.0852899 -0.538142
    outer loop
      vertex -7.02542 -5.59155 2.06
      vertex -8.24998 -6.54999 0
      vertex -7.04999 -5.34999 2.06
    endloop
  endfacet
  facet normal 0.838537 0.0852562 -0.538132
    outer loop
      vertex -8.24998 -6.54999 0
      vertex -7.02542 -5.59155 2.06
      vertex -8.22542 -6.79155 0
    endloop
  endfacet
  facet normal 0 -0.864085 -0.503346
    outer loop
      vertex -7.04999 7.74998 0
      vertex 5.84999 6.54999 2.06
      vertex -5.84999 6.54999 2.06
    endloop
  endfacet
  facet normal 0 -0.864085 -0.503346
    outer loop
      vertex 5.84999 6.54999 2.06
      vertex -7.04999 7.74998 0
      vertex 7.04999 7.74998 0
    endloop
  endfacet
  facet normal -0.708065 0.347358 -0.614806
    outer loop
      vertex 8.17529 -6.96675 0
      vertex 6.86836 -5.98474 2.06
      vertex 6.9753 -5.76675 2.06
    endloop
  endfacet
  facet normal -0.70808 0.347332 -0.614803
    outer loop
      vertex 6.86836 -5.98474 2.06
      vertex 8.17529 -6.96675 0
      vertex 8.06836 -7.18474 0
    endloop
  endfacet
  facet normal -0.0852562 0.838537 -0.538132
    outer loop
      vertex 7.04999 -7.74998 0
      vertex 6.09155 -6.52542 2.06
      vertex 7.29155 -7.72542 0
    endloop
  endfacet
  facet normal -0.0852899 0.838528 -0.538142
    outer loop
      vertex 6.09155 -6.52542 2.06
      vertex 7.04999 -7.74998 0
      vertex 5.84999 -6.54999 2.06
    endloop
  endfacet
  facet normal -0.503305 0.586336 -0.634739
    outer loop
      vertex 7.7355 -7.5349 0
      vertex 6.71974 -6.17676 2.06
      vertex 7.91974 -7.37675 0
    endloop
  endfacet
  facet normal -0.503303 0.586338 -0.63474
    outer loop
      vertex 6.71974 -6.17676 2.06
      vertex 7.7355 -7.5349 0
      vertex 6.53551 -6.3349 2.06
    endloop
  endfacet
  facet normal 0.586336 0.503305 -0.634739
    outer loop
      vertex -8.0349 -7.2355 0
      vertex -6.67676 -6.21974 2.06
      vertex -7.87675 -7.41974 0
    endloop
  endfacet
  facet normal 0.586338 0.503303 -0.63474
    outer loop
      vertex -6.67676 -6.21974 2.06
      vertex -8.0349 -7.2355 0
      vertex -6.8349 -6.03551 2.06
    endloop
  endfacet
  facet normal 0.789376 -0.204388 -0.578888
    outer loop
      vertex -6.9753 5.76675 2.06
      vertex -8.23615 6.7317 0
      vertex -8.17529 6.96675 0
    endloop
  endfacet
  facet normal 0.789385 -0.204366 -0.578883
    outer loop
      vertex -8.23615 6.7317 0
      vertex -6.9753 5.76675 2.06
      vertex -7.03615 5.53171 2.06
    endloop
  endfacet
  facet normal -0.380454 0.685392 -0.62088
    outer loop
      vertex 7.52321 -7.65274 0
      vertex 6.53551 -6.3349 2.06
      vertex 7.7355 -7.5349 0
    endloop
  endfacet
  facet normal -0.380441 0.685401 -0.620879
    outer loop
      vertex 6.53551 -6.3349 2.06
      vertex 7.52321 -7.65274 0
      vertex 6.32321 -6.45274 2.06
    endloop
  endfacet
  facet normal 0.685401 0.380441 -0.620879
    outer loop
      vertex -6.8349 -6.03551 2.06
      vertex -8.15274 -7.02321 0
      vertex -6.95274 -5.82321 2.06
    endloop
  endfacet
  facet normal 0.685392 0.380454 -0.62088
    outer loop
      vertex -8.15274 -7.02321 0
      vertex -6.8349 -6.03551 2.06
      vertex -8.0349 -7.2355 0
    endloop
  endfacet
  facet normal 0.204366 0.789385 -0.578883
    outer loop
      vertex -7.2317 -7.73615 0
      vertex -6.26675 -6.4753 2.06
      vertex -6.03171 -6.53615 2.06
    endloop
  endfacet
  facet normal 0.204388 0.789376 -0.578888
    outer loop
      vertex -6.26675 -6.4753 2.06
      vertex -7.2317 -7.73615 0
      vertex -7.46675 -7.67529 0
    endloop
  endfacet
  facet normal 0.0643958 0.845521 -0.530045
    outer loop
      vertex -7.04999 -7.74998 0
      vertex -6.03171 -6.53615 2.06
      vertex -5.84999 -6.54999 2.06
    endloop
  endfacet
  facet normal 0.0643538 0.845533 -0.530031
    outer loop
      vertex -6.03171 -6.53615 2.06
      vertex -7.04999 -7.74998 0
      vertex -7.2317 -7.73615 0
    endloop
  endfacet
  facet normal -0.845521 0.0643958 -0.530045
    outer loop
      vertex 8.24998 -6.54999 0
      vertex 7.03615 -5.53171 2.06
      vertex 7.04999 -5.34999 2.06
    endloop
  endfacet
  facet normal -0.845533 0.0643538 -0.530031
    outer loop
      vertex 7.03615 -5.53171 2.06
      vertex 8.24998 -6.54999 0
      vertex 8.23615 -6.7317 0
    endloop
  endfacet
  facet normal 0.0852562 -0.838537 -0.538132
    outer loop
      vertex -7.04999 7.74998 0
      vertex -6.09155 6.52542 2.06
      vertex -7.29155 7.72542 0
    endloop
  endfacet
  facet normal 0.0852899 -0.838528 -0.538142
    outer loop
      vertex -6.09155 6.52542 2.06
      vertex -7.04999 7.74998 0
      vertex -5.84999 6.54999 2.06
    endloop
  endfacet
  facet normal 0.503303 -0.586338 -0.63474
    outer loop
      vertex -6.71974 6.17676 2.06
      vertex -7.7355 7.5349 0
      vertex -6.53551 6.3349 2.06
    endloop
  endfacet
  facet normal 0.503305 -0.586336 -0.634739
    outer loop
      vertex -7.7355 7.5349 0
      vertex -6.71974 6.17676 2.06
      vertex -7.91974 7.37675 0
    endloop
  endfacet
  facet normal 0.845533 -0.0643538 -0.530031
    outer loop
      vertex -7.03615 5.53171 2.06
      vertex -8.24998 6.54999 0
      vertex -8.23615 6.7317 0
    endloop
  endfacet
  facet normal 0.845521 -0.0643958 -0.530045
    outer loop
      vertex -8.24998 6.54999 0
      vertex -7.03615 5.53171 2.06
      vertex -7.04999 5.34999 2.06
    endloop
  endfacet
  facet normal -0.204366 -0.789385 -0.578883
    outer loop
      vertex 7.2317 7.73615 0
      vertex 6.26675 6.4753 2.06
      vertex 6.03171 6.53615 2.06
    endloop
  endfacet
  facet normal -0.204388 -0.789376 -0.578888
    outer loop
      vertex 6.26675 6.4753 2.06
      vertex 7.2317 7.73615 0
      vertex 7.46675 7.67529 0
    endloop
  endfacet
  facet normal -0.586338 -0.503303 -0.63474
    outer loop
      vertex 6.67676 6.21974 2.06
      vertex 8.0349 7.2355 0
      vertex 6.8349 6.03551 2.06
    endloop
  endfacet
  facet normal -0.586336 -0.503305 -0.634739
    outer loop
      vertex 8.0349 7.2355 0
      vertex 6.67676 6.21974 2.06
      vertex 7.87675 7.41974 0
    endloop
  endfacet
  facet normal -0.685392 -0.380454 -0.62088
    outer loop
      vertex 8.15274 7.02321 0
      vertex 6.8349 6.03551 2.06
      vertex 8.0349 7.2355 0
    endloop
  endfacet
  facet normal -0.685401 -0.380441 -0.620879
    outer loop
      vertex 6.8349 6.03551 2.06
      vertex 8.15274 7.02321 0
      vertex 6.95274 5.82321 2.06
    endloop
  endfacet
  facet normal 0.77058 0.241758 -0.589712
    outer loop
      vertex -6.95274 -5.82321 2.06
      vertex -8.22542 -6.79155 0
      vertex -7.02542 -5.59155 2.06
    endloop
  endfacet
  facet normal 0.77058 0.241758 -0.589712
    outer loop
      vertex -8.22542 -6.79155 0
      vertex -6.95274 -5.82321 2.06
      vertex -8.15274 -7.02321 0
    endloop
  endfacet
  facet normal -0.347358 -0.708065 -0.614806
    outer loop
      vertex 7.46675 7.67529 0
      vertex 6.48474 6.36836 2.06
      vertex 6.26675 6.4753 2.06
    endloop
  endfacet
  facet normal -0.347332 -0.70808 -0.614803
    outer loop
      vertex 6.48474 6.36836 2.06
      vertex 7.46675 7.67529 0
      vertex 7.68474 7.56836 0
    endloop
  endfacet
  facet normal 0.70808 -0.347332 -0.614803
    outer loop
      vertex -6.86836 5.98474 2.06
      vertex -8.17529 6.96675 0
      vertex -8.06836 7.18474 0
    endloop
  endfacet
  facet normal 0.708065 -0.347358 -0.614806
    outer loop
      vertex -8.17529 6.96675 0
      vertex -6.86836 5.98474 2.06
      vertex -6.9753 5.76675 2.06
    endloop
  endfacet
  facet normal 0 0 -1
    outer loop
      vertex 5.84999 -6.54999 2.06
      vertex 7.04999 -5.34999 2.06
      vertex 7.03615 -5.53171 2.06
    endloop
  endfacet
  facet normal 0 0 -1
    outer loop
      vertex 7.04999 -5.34999 2.06
      vertex 3.425 -1.375 2.06
      vertex 7.04999 5.34999 2.06
    endloop
  endfacet
  facet normal 0 0 -1
    outer loop
      vertex 5.84999 -6.54999 2.06
      vertex 7.03615 -5.53171 2.06
      vertex 6.9753 -5.76675 2.06
    endloop
  endfacet
  facet normal 0 0 -1
    outer loop
      vertex 3.425 1.375 2.06
      vertex 7.04999 5.34999 2.06
      vertex 3.425 -1.375 2.06
    endloop
  endfacet
  facet normal 0 0 -1
    outer loop
      vertex 5.84999 -6.54999 2.06
      vertex 6.9753 -5.76675 2.06
      vertex 6.86836 -5.98474 2.06
    endloop
  endfacet
  facet normal 0 0 -1
    outer loop
      vertex 3.32499 1.47501 2.06
      vertex 7.04999 5.34999 2.06
      vertex 3.425 1.375 2.06
    endloop
  endfacet
  facet normal 0 0 -1
    outer loop
      vertex 5.84999 -6.54999 2.06
      vertex 6.86836 -5.98474 2.06
      vertex 6.71974 -6.17676 2.06
    endloop
  endfacet
  facet normal 0 -0 -1
    outer loop
      vertex 5.84999 6.54999 2.06
      vertex 7.04999 5.34999 2.06
      vertex 3.32499 1.47501 2.06
    endloop
  endfacet
  facet normal 0 0 -1
    outer loop
      vertex 5.84999 -6.54999 2.06
      vertex 6.71974 -6.17676 2.06
      vertex 6.53551 -6.3349 2.06
    endloop
  endfacet
  facet normal 0 0 -1
    outer loop
      vertex 7.04999 5.34999 2.06
      vertex 5.84999 6.54999 2.06
      vertex 7.02542 5.59155 2.06
    endloop
  endfacet
  facet normal 0 0 -1
    outer loop
      vertex 5.84999 -6.54999 2.06
      vertex 6.53551 -6.3349 2.06
      vertex 6.32321 -6.45274 2.06
    endloop
  endfacet
  facet normal 0 0 -1
    outer loop
      vertex 7.02542 5.59155 2.06
      vertex 5.84999 6.54999 2.06
      vertex 6.95274 5.82321 2.06
    endloop
  endfacet
  facet normal 0 0 -1
    outer loop
      vertex 5.84999 -6.54999 2.06
      vertex 6.32321 -6.45274 2.06
      vertex 6.09155 -6.52542 2.06
    endloop
  endfacet
  facet normal 0 0 -1
    outer loop
      vertex 6.95274 5.82321 2.06
      vertex 5.84999 6.54999 2.06
      vertex 6.8349 6.03551 2.06
    endloop
  endfacet
  facet normal -0 0 -1
    outer loop
      vertex 7.04999 -5.34999 2.06
      vertex 5.84999 -6.54999 2.06
      vertex 3.32499 -1.47501 2.06
    endloop
  endfacet
  facet normal 0 0 -1
    outer loop
      vertex 6.8349 6.03551 2.06
      vertex 5.84999 6.54999 2.06
      vertex 6.67676 6.21974 2.06
    endloop
  endfacet
  facet normal 0 0 -1
    outer loop
      vertex 6.48474 6.36836 2.06
      vertex 5.84999 6.54999 2.06
      vertex 6.26675 6.4753 2.06
    endloop
  endfacet
  facet normal 0 0 -1
    outer loop
      vertex 7.04999 -5.34999 2.06
      vertex 3.32499 -1.47501 2.06
      vertex 3.425 -1.375 2.06
    endloop
  endfacet
  facet normal 0 0 -1
    outer loop
      vertex 5.84999 -6.54999 2.06
      vertex 2.37501 -1.47501 2.06
      vertex 3.32499 -1.47501 2.06
    endloop
  endfacet
  facet normal 0 0 -1
    outer loop
      vertex -2.37501 -1.47501 2.06
      vertex 2.37501 -1.47501 2.06
      vertex 5.84999 -6.54999 2.06
    endloop
  endfacet
  facet normal 0 0 -1
    outer loop
      vertex 2.275 -1.375 2.06
      vertex -2.275 -1.375 2.06
      vertex 2.275 1.375 2.06
    endloop
  endfacet
  facet normal 0 0 -1
    outer loop
      vertex 2.37501 -1.47501 2.06
      vertex -2.37501 -1.47501 2.06
      vertex 2.275 -1.375 2.06
    endloop
  endfacet
  facet normal -0 0 -1
    outer loop
      vertex 2.275 -1.375 2.06
      vertex -2.37501 -1.47501 2.06
      vertex -2.275 -1.375 2.06
    endloop
  endfacet
  facet normal 0 0 -1
    outer loop
      vertex -5.84999 -6.54999 2.06
      vertex -2.37501 -1.47501 2.06
      vertex 5.84999 -6.54999 2.06
    endloop
  endfacet
  facet normal -0 0 -1
    outer loop
      vertex -3.32499 -1.47501 2.06
      vertex -7.04999 -5.34999 2.06
      vertex -3.425 -1.375 2.06
    endloop
  endfacet
  facet normal 0 0 -1
    outer loop
      vertex -7.04999 -5.34999 2.06
      vertex -3.32499 -1.47501 2.06
      vertex -5.84999 -6.54999 2.06
    endloop
  endfacet
  facet normal -0 0 -1
    outer loop
      vertex -2.37501 -1.47501 2.06
      vertex -5.84999 -6.54999 2.06
      vertex -3.32499 -1.47501 2.06
    endloop
  endfacet
  facet normal 0 0 -1
    outer loop
      vertex 6.26675 6.4753 2.06
      vertex 5.84999 6.54999 2.06
      vertex 6.03171 6.53615 2.06
    endloop
  endfacet
  facet normal 0 0 -1
    outer loop
      vertex 6.67676 6.21974 2.06
      vertex 5.84999 6.54999 2.06
      vertex 6.48474 6.36836 2.06
    endloop
  endfacet
  facet normal 0 0 -1
    outer loop
      vertex 2.37501 1.47501 2.06
      vertex 5.84999 6.54999 2.06
      vertex 3.32499 1.47501 2.06
    endloop
  endfacet
  facet normal 0 0 -1
    outer loop
      vertex -2.37501 1.47501 2.06
      vertex 2.37501 1.47501 2.06
      vertex 2.275 1.375 2.06
    endloop
  endfacet
  facet normal 0 0 -1
    outer loop
      vertex -2.275 1.375 2.06
      vertex 2.275 1.375 2.06
      vertex -2.275 -1.375 2.06
    endloop
  endfacet
  facet normal 0 0 -1
    outer loop
      vertex -2.37501 1.47501 2.06
      vertex 2.275 1.375 2.06
      vertex -2.275 1.375 2.06
    endloop
  endfacet
  facet normal 0 0 -1
    outer loop
      vertex 2.37501 1.47501 2.06
      vertex -2.37501 1.47501 2.06
      vertex 5.84999 6.54999 2.06
    endloop
  endfacet
  facet normal 0 0 -1
    outer loop
      vertex -5.84999 6.54999 2.06
      vertex -2.37501 1.47501 2.06
      vertex -3.32499 1.47501 2.06
    endloop
  endfacet
  facet normal 0 0 -1
    outer loop
      vertex -2.37501 1.47501 2.06
      vertex -5.84999 6.54999 2.06
      vertex 5.84999 6.54999 2.06
    endloop
  endfacet
  facet normal 0 0 -1
    outer loop
      vertex -7.04999 5.34999 2.06
      vertex -3.32499 1.47501 2.06
      vertex -3.425 1.375 2.06
    endloop
  endfacet
  facet normal -0 0 -1
    outer loop
      vertex -3.425 -1.375 2.06
      vertex -7.04999 -5.34999 2.06
      vertex -3.425 1.375 2.06
    endloop
  endfacet
  facet normal 0 0 -1
    outer loop
      vertex -7.04999 -5.34999 2.06
      vertex -5.84999 -6.54999 2.06
      vertex -6.03171 -6.53615 2.06
    endloop
  endfacet
  facet normal 0 0 -1
    outer loop
      vertex -7.04999 5.34999 2.06
      vertex -3.425 1.375 2.06
      vertex -7.04999 -5.34999 2.06
    endloop
  endfacet
  facet normal 0 0 -1
    outer loop
      vertex -7.04999 -5.34999 2.06
      vertex -6.03171 -6.53615 2.06
      vertex -6.26675 -6.4753 2.06
    endloop
  endfacet
  facet normal 0 0 -1
    outer loop
      vertex -3.32499 1.47501 2.06
      vertex -7.04999 5.34999 2.06
      vertex -5.84999 6.54999 2.06
    endloop
  endfacet
  facet normal 0 0 -1
    outer loop
      vertex -7.04999 -5.34999 2.06
      vertex -6.26675 -6.4753 2.06
      vertex -6.48474 -6.36836 2.06
    endloop
  endfacet
  facet normal 0 0 -1
    outer loop
      vertex -5.84999 6.54999 2.06
      vertex -7.04999 5.34999 2.06
      vertex -6.09155 6.52542 2.06
    endloop
  endfacet
  facet normal 0 0 -1
    outer loop
      vertex -7.04999 -5.34999 2.06
      vertex -6.48474 -6.36836 2.06
      vertex -6.67676 -6.21974 2.06
    endloop
  endfacet
  facet normal 0 0 -1
    outer loop
      vertex -6.09155 6.52542 2.06
      vertex -7.04999 5.34999 2.06
      vertex -6.32321 6.45274 2.06
    endloop
  endfacet
  facet normal 0 0 -1
    outer loop
      vertex -7.04999 -5.34999 2.06
      vertex -6.67676 -6.21974 2.06
      vertex -6.8349 -6.03551 2.06
    endloop
  endfacet
  facet normal 0 0 -1
    outer loop
      vertex -6.32321 6.45274 2.06
      vertex -7.04999 5.34999 2.06
      vertex -6.53551 6.3349 2.06
    endloop
  endfacet
  facet normal 0 0 -1
    outer loop
      vertex -7.04999 -5.34999 2.06
      vertex -6.8349 -6.03551 2.06
      vertex -6.95274 -5.82321 2.06
    endloop
  endfacet
  facet normal 0 0 -1
    outer loop
      vertex -6.53551 6.3349 2.06
      vertex -7.04999 5.34999 2.06
      vertex -6.71974 6.17676 2.06
    endloop
  endfacet
  facet normal 0 0 -1
    outer loop
      vertex -7.04999 -5.34999 2.06
      vertex -6.95274 -5.82321 2.06
      vertex -7.02542 -5.59155 2.06
    endloop
  endfacet
  facet normal 0 0 -1
    outer loop
      vertex -6.71974 6.17676 2.06
      vertex -7.04999 5.34999 2.06
      vertex -6.86836 5.98474 2.06
    endloop
  endfacet
  facet normal 0 0 -1
    outer loop
      vertex -6.86836 5.98474 2.06
      vertex -7.04999 5.34999 2.06
      vertex -6.9753 5.76675 2.06
    endloop
  endfacet
  facet normal 0 0 -1
    outer loop
      vertex -6.9753 5.76675 2.06
      vertex -7.04999 5.34999 2.06
      vertex -7.03615 5.53171 2.06
    endloop
  endfacet
  facet normal 0.707095 0 -0.707119
    outer loop
      vertex -2.57501 -1.075 -1.75
      vertex -2.275 1.375 -1.45
      vertex -2.275 -1.375 -1.45
    endloop
  endfacet
  facet normal 0.707095 0 -0.707119
    outer loop
      vertex -2.275 1.375 -1.45
      vertex -2.57501 -1.075 -1.75
      vertex -2.57501 1.075 -1.75
    endloop
  endfacet
  facet normal 0.707107 -0.707107 0
    outer loop
      vertex -2.37501 -1.47501 2.06
      vertex -2.275 -1.375 -1.45
      vertex -2.275 -1.375 2.06
    endloop
  endfacet
  facet normal 0.707107 -0.707107 0
    outer loop
      vertex -2.275 -1.375 -1.45
      vertex -2.37501 -1.47501 2.06
      vertex -2.37501 -1.47501 -1.45
    endloop
  endfacet
  facet normal 0.707107 0.707107 0
    outer loop
      vertex -2.275 1.375 2.06
      vertex -2.37501 1.47501 -1.45
      vertex -2.37501 1.47501 2.06
    endloop
  endfacet
  facet normal 0.707107 0.707107 0
    outer loop
      vertex -2.37501 1.47501 -1.45
      vertex -2.275 1.375 2.06
      vertex -2.275 1.375 -1.45
    endloop
  endfacet
  facet normal -1 0 0
    outer loop
      vertex -3.425 -1.375 -1.45
      vertex -3.425 1.375 2.06
      vertex -3.425 1.375 -1.45
    endloop
  endfacet
  facet normal -1 -0 0
    outer loop
      vertex -3.425 1.375 2.06
      vertex -3.425 -1.375 -1.45
      vertex -3.425 -1.375 2.06
    endloop
  endfacet
  facet normal 1 -0 0
    outer loop
      vertex -2.275 -1.375 2.06
      vertex -2.275 1.375 -1.45
      vertex -2.275 1.375 2.06
    endloop
  endfacet
  facet normal 1 0 0
    outer loop
      vertex -2.275 1.375 -1.45
      vertex -2.275 -1.375 2.06
      vertex -2.275 -1.375 -1.45
    endloop
  endfacet
  facet normal -0.707107 0.707107 0
    outer loop
      vertex -3.425 1.375 -1.45
      vertex -3.32499 1.47501 2.06
      vertex -3.32499 1.47501 -1.45
    endloop
  endfacet
  facet normal -0.707107 0.707107 0
    outer loop
      vertex -3.32499 1.47501 2.06
      vertex -3.425 1.375 -1.45
      vertex -3.425 1.375 2.06
    endloop
  endfacet
  facet normal -0.707107 -0.707107 0
    outer loop
      vertex -3.32499 -1.47501 -1.45
      vertex -3.425 -1.375 2.06
      vertex -3.425 -1.375 -1.45
    endloop
  endfacet
  facet normal -0.707107 -0.707107 0
    outer loop
      vertex -3.425 -1.375 2.06
      vertex -3.32499 -1.47501 -1.45
      vertex -3.32499 -1.47501 2.06
    endloop
  endfacet
  facet normal 0 -1 0
    outer loop
      vertex -3.32499 -1.47501 -1.45
      vertex -2.37501 -1.47501 2.06
      vertex -3.32499 -1.47501 2.06
    endloop
  endfacet
  facet normal 0 -1 -0
    outer loop
      vertex -2.37501 -1.47501 2.06
      vertex -3.32499 -1.47501 -1.45
      vertex -2.37501 -1.47501 -1.45
    endloop
  endfacet
  facet normal 0.408244 -0.408244 -0.816501
    outer loop
      vertex -2.37501 -1.47501 -1.45
      vertex -2.57501 -1.075 -1.75
      vertex -2.275 -1.375 -1.45
    endloop
  endfacet
  facet normal 0.408244 -0.408244 -0.816501
    outer loop
      vertex -2.57501 -1.075 -1.75
      vertex -2.37501 -1.47501 -1.45
      vertex -2.67501 -1.175 -1.75
    endloop
  endfacet
  facet normal 0 1 -0
    outer loop
      vertex -2.37501 1.47501 -1.45
      vertex -3.32499 1.47501 2.06
      vertex -2.37501 1.47501 2.06
    endloop
  endfacet
  facet normal 0 1 0
    outer loop
      vertex -3.32499 1.47501 2.06
      vertex -2.37501 1.47501 -1.45
      vertex -3.32499 1.47501 -1.45
    endloop
  endfacet
  facet normal -0.408244 0.408244 -0.816501
    outer loop
      vertex -3.12499 1.075 -1.75
      vertex -3.32499 1.47501 -1.45
      vertex -3.02499 1.175 -1.75
    endloop
  endfacet
  facet normal -0.408244 0.408244 -0.816501
    outer loop
      vertex -3.32499 1.47501 -1.45
      vertex -3.12499 1.075 -1.75
      vertex -3.425 1.375 -1.45
    endloop
  endfacet
  facet normal 0 -0.707095 -0.707119
    outer loop
      vertex -2.37501 -1.47501 -1.45
      vertex -3.02499 -1.175 -1.75
      vertex -2.67501 -1.175 -1.75
    endloop
  endfacet
  facet normal 0 -0.707095 -0.707119
    outer loop
      vertex -3.02499 -1.175 -1.75
      vertex -2.37501 -1.47501 -1.45
      vertex -3.32499 -1.47501 -1.45
    endloop
  endfacet
  facet normal -0.408244 -0.408244 -0.816501
    outer loop
      vertex -3.32499 -1.47501 -1.45
      vertex -3.12499 -1.075 -1.75
      vertex -3.02499 -1.175 -1.75
    endloop
  endfacet
  facet normal -0.408244 -0.408244 -0.816501
    outer loop
      vertex -3.12499 -1.075 -1.75
      vertex -3.32499 -1.47501 -1.45
      vertex -3.425 -1.375 -1.45
    endloop
  endfacet
  facet normal -0.707095 0 -0.707119
    outer loop
      vertex -3.425 -1.375 -1.45
      vertex -3.12499 1.075 -1.75
      vertex -3.12499 -1.075 -1.75
    endloop
  endfacet
  facet normal -0.707095 0 -0.707119
    outer loop
      vertex -3.12499 1.075 -1.75
      vertex -3.425 -1.375 -1.45
      vertex -3.425 1.375 -1.45
    endloop
  endfacet
  facet normal 0 0.707095 -0.707119
    outer loop
      vertex -3.02499 1.175 -1.75
      vertex -2.37501 1.47501 -1.45
      vertex -2.67501 1.175 -1.75
    endloop
  endfacet
  facet normal 0 0.707095 -0.707119
    outer loop
      vertex -2.37501 1.47501 -1.45
      vertex -3.02499 1.175 -1.75
      vertex -3.32499 1.47501 -1.45
    endloop
  endfacet
  facet normal 0.408244 0.408244 -0.816501
    outer loop
      vertex -2.57501 1.075 -1.75
      vertex -2.37501 1.47501 -1.45
      vertex -2.275 1.375 -1.45
    endloop
  endfacet
  facet normal 0.408244 0.408244 -0.816501
    outer loop
      vertex -2.37501 1.47501 -1.45
      vertex -2.57501 1.075 -1.75
      vertex -2.67501 1.175 -1.75
    endloop
  endfacet
  facet normal 0 0 -1
    outer loop
      vertex -3.12499 -1.075 -1.75
      vertex -2.57501 -1.075 -1.75
      vertex -2.67501 -1.175 -1.75
    endloop
  endfacet
  facet normal 0 0 -1
    outer loop
      vertex -2.57501 -1.075 -1.75
      vertex -3.12499 -1.075 -1.75
      vertex -2.57501 1.075 -1.75
    endloop
  endfacet
  facet normal 0 0 -1
    outer loop
      vertex -3.12499 -1.075 -1.75
      vertex -2.67501 -1.175 -1.75
      vertex -3.02499 -1.175 -1.75
    endloop
  endfacet
  facet normal 0 0 -1
    outer loop
      vertex -3.12499 1.075 -1.75
      vertex -2.57501 1.075 -1.75
      vertex -3.12499 -1.075 -1.75
    endloop
  endfacet
  facet normal 0 0 -1
    outer loop
      vertex -2.57501 1.075 -1.75
      vertex -3.12499 1.075 -1.75
      vertex -2.67501 1.175 -1.75
    endloop
  endfacet
  facet normal -0 0 -1
    outer loop
      vertex -2.67501 1.175 -1.75
      vertex -3.12499 1.075 -1.75
      vertex -3.02499 1.175 -1.75
    endloop
  endfacet
  facet normal 0.707095 0 -0.707119
    outer loop
      vertex 3.12499 -1.075 -1.75
      vertex 3.425 1.375 -1.45
      vertex 3.425 -1.375 -1.45
    endloop
  endfacet
  facet normal 0.707095 0 -0.707119
    outer loop
      vertex 3.425 1.375 -1.45
      vertex 3.12499 -1.075 -1.75
      vertex 3.12499 1.075 -1.75
    endloop
  endfacet
  facet normal 0.707107 -0.707107 0
    outer loop
      vertex 3.32499 -1.47501 2.06
      vertex 3.425 -1.375 -1.45
      vertex 3.425 -1.375 2.06
    endloop
  endfacet
  facet normal 0.707107 -0.707107 0
    outer loop
      vertex 3.425 -1.375 -1.45
      vertex 3.32499 -1.47501 2.06
      vertex 3.32499 -1.47501 -1.45
    endloop
  endfacet
  facet normal 0.707107 0.707107 0
    outer loop
      vertex 3.425 1.375 2.06
      vertex 3.32499 1.47501 -1.45
      vertex 3.32499 1.47501 2.06
    endloop
  endfacet
  facet normal 0.707107 0.707107 0
    outer loop
      vertex 3.32499 1.47501 -1.45
      vertex 3.425 1.375 2.06
      vertex 3.425 1.375 -1.45
    endloop
  endfacet
  facet normal -1 0 0
    outer loop
      vertex 2.275 -1.375 -1.45
      vertex 2.275 1.375 2.06
      vertex 2.275 1.375 -1.45
    endloop
  endfacet
  facet normal -1 -0 0
    outer loop
      vertex 2.275 1.375 2.06
      vertex 2.275 -1.375 -1.45
      vertex 2.275 -1.375 2.06
    endloop
  endfacet
  facet normal 1 -0 0
    outer loop
      vertex 3.425 -1.375 2.06
      vertex 3.425 1.375 -1.45
      vertex 3.425 1.375 2.06
    endloop
  endfacet
  facet normal 1 0 0
    outer loop
      vertex 3.425 1.375 -1.45
      vertex 3.425 -1.375 2.06
      vertex 3.425 -1.375 -1.45
    endloop
  endfacet
  facet normal -0.707107 0.707107 0
    outer loop
      vertex 2.275 1.375 -1.45
      vertex 2.37501 1.47501 2.06
      vertex 2.37501 1.47501 -1.45
    endloop
  endfacet
  facet normal -0.707107 0.707107 0
    outer loop
      vertex 2.37501 1.47501 2.06
      vertex 2.275 1.375 -1.45
      vertex 2.275 1.375 2.06
    endloop
  endfacet
  facet normal -0.707107 -0.707107 0
    outer loop
      vertex 2.37501 -1.47501 -1.45
      vertex 2.275 -1.375 2.06
      vertex 2.275 -1.375 -1.45
    endloop
  endfacet
  facet normal -0.707107 -0.707107 0
    outer loop
      vertex 2.275 -1.375 2.06
      vertex 2.37501 -1.47501 -1.45
      vertex 2.37501 -1.47501 2.06
    endloop
  endfacet
  facet normal 0 -1 0
    outer loop
      vertex 2.37501 -1.47501 -1.45
      vertex 3.32499 -1.47501 2.06
      vertex 2.37501 -1.47501 2.06
    endloop
  endfacet
  facet normal 0 -1 -0
    outer loop
      vertex 3.32499 -1.47501 2.06
      vertex 2.37501 -1.47501 -1.45
      vertex 3.32499 -1.47501 -1.45
    endloop
  endfacet
  facet normal 0.408244 -0.408244 -0.816501
    outer loop
      vertex 3.32499 -1.47501 -1.45
      vertex 3.12499 -1.075 -1.75
      vertex 3.425 -1.375 -1.45
    endloop
  endfacet
  facet normal 0.408244 -0.408244 -0.816501
    outer loop
      vertex 3.12499 -1.075 -1.75
      vertex 3.32499 -1.47501 -1.45
      vertex 3.02499 -1.175 -1.75
    endloop
  endfacet
  facet normal 0 1 -0
    outer loop
      vertex 3.32499 1.47501 -1.45
      vertex 2.37501 1.47501 2.06
      vertex 3.32499 1.47501 2.06
    endloop
  endfacet
  facet normal 0 1 0
    outer loop
      vertex 2.37501 1.47501 2.06
      vertex 3.32499 1.47501 -1.45
      vertex 2.37501 1.47501 -1.45
    endloop
  endfacet
  facet normal -0.408244 0.408244 -0.816501
    outer loop
      vertex 2.57501 1.075 -1.75
      vertex 2.37501 1.47501 -1.45
      vertex 2.67501 1.175 -1.75
    endloop
  endfacet
  facet normal -0.408244 0.408244 -0.816501
    outer loop
      vertex 2.37501 1.47501 -1.45
      vertex 2.57501 1.075 -1.75
      vertex 2.275 1.375 -1.45
    endloop
  endfacet
  facet normal 0 -0.707095 -0.707119
    outer loop
      vertex 3.32499 -1.47501 -1.45
      vertex 2.67501 -1.175 -1.75
      vertex 3.02499 -1.175 -1.75
    endloop
  endfacet
  facet normal 0 -0.707095 -0.707119
    outer loop
      vertex 2.67501 -1.175 -1.75
      vertex 3.32499 -1.47501 -1.45
      vertex 2.37501 -1.47501 -1.45
    endloop
  endfacet
  facet normal -0.408244 -0.408244 -0.816501
    outer loop
      vertex 2.37501 -1.47501 -1.45
      vertex 2.57501 -1.075 -1.75
      vertex 2.67501 -1.175 -1.75
    endloop
  endfacet
  facet normal -0.408244 -0.408244 -0.816501
    outer loop
      vertex 2.57501 -1.075 -1.75
      vertex 2.37501 -1.47501 -1.45
      vertex 2.275 -1.375 -1.45
    endloop
  endfacet
  facet normal -0.707095 0 -0.707119
    outer loop
      vertex 2.275 -1.375 -1.45
      vertex 2.57501 1.075 -1.75
      vertex 2.57501 -1.075 -1.75
    endloop
  endfacet
  facet normal -0.707095 0 -0.707119
    outer loop
      vertex 2.57501 1.075 -1.75
      vertex 2.275 -1.375 -1.45
      vertex 2.275 1.375 -1.45
    endloop
  endfacet
  facet normal 0 0.707095 -0.707119
    outer loop
      vertex 2.67501 1.175 -1.75
      vertex 3.32499 1.47501 -1.45
      vertex 3.02499 1.175 -1.75
    endloop
  endfacet
  facet normal 0 0.707095 -0.707119
    outer loop
      vertex 3.32499 1.47501 -1.45
      vertex 2.67501 1.175 -1.75
      vertex 2.37501 1.47501 -1.45
    endloop
  endfacet
  facet normal 0.408244 0.408244 -0.816501
    outer loop
      vertex 3.12499 1.075 -1.75
      vertex 3.32499 1.47501 -1.45
      vertex 3.425 1.375 -1.45
    endloop
  endfacet
  facet normal 0.408244 0.408244 -0.816501
    outer loop
      vertex 3.32499 1.47501 -1.45
      vertex 3.12499 1.075 -1.75
      vertex 3.02499 1.175 -1.75
    endloop
  endfacet
  facet normal 0 0 -1
    outer loop
      vertex 2.57501 -1.075 -1.75
      vertex 3.12499 -1.075 -1.75
      vertex 3.02499 -1.175 -1.75
    endloop
  endfacet
  facet normal 0 0 -1
    outer loop
      vertex 3.12499 -1.075 -1.75
      vertex 2.57501 -1.075 -1.75
      vertex 3.12499 1.075 -1.75
    endloop
  endfacet
  facet normal 0 0 -1
    outer loop
      vertex 2.57501 -1.075 -1.75
      vertex 3.02499 -1.175 -1.75
      vertex 2.67501 -1.175 -1.75
    endloop
  endfacet
  facet normal 0 0 -1
    outer loop
      vertex 2.57501 1.075 -1.75
      vertex 3.12499 1.075 -1.75
      vertex 2.57501 -1.075 -1.75
    endloop
  endfacet
  facet normal 0 0 -1
    outer loop
      vertex 3.12499 1.075 -1.75
      vertex 2.57501 1.075 -1.75
      vertex 3.02499 1.175 -1.75
    endloop
  endfacet
  facet normal -0 0 -1
    outer loop
      vertex 3.02499 1.175 -1.75
      vertex 2.57501 1.075 -1.75
      vertex 2.67501 1.175 -1.75
    endloop
  endfacet
endsolid OpenSCAD_Model
