solid OpenSCAD_Model
  facet normal -0.954144 -0.299349 0
    outer loop
      vertex -8.90274 -8.27321 0.2
      vertex -8.97542 -8.04155 0.209999
      vertex -8.97542 -8.04155 0.2
    endloop
  endfacet
  facet normal -0.954144 -0.299349 0
    outer loop
      vertex -8.97542 -8.04155 0.209999
      vertex -8.90274 -8.27321 0.2
      vertex -8.90274 -8.27321 0.209999
    endloop
  endfacet
  facet normal -0.844053 -0.264745 0.466353
    outer loop
      vertex -8.97542 -8.04155 0.209999
      vertex -7.82605 -7.12476 2.8107
      vertex -7.84074 -7.0499 2.82661
    endloop
  endfacet
  facet normal -0.844029 -0.264802 0.466363
    outer loop
      vertex -7.82605 -7.12476 2.8107
      vertex -8.97542 -8.04155 0.209999
      vertex -8.90274 -8.27321 0.209999
    endloop
  endfacet
  facet normal -0.896284 -0.108839 0.429917
    outer loop
      vertex -7.84438 -6.86303 2.86633
      vertex -8.97542 -8.04155 0.209999
      vertex -7.84074 -7.0499 2.82661
    endloop
  endfacet
  facet normal -0.880222 0.161317 0.446303
    outer loop
      vertex -7.42609 6.42602 3.84913
      vertex -7.33501 6.75459 3.91
      vertex -8.98615 7.9817 0.209999
    endloop
  endfacet
  facet normal -0.88006 0.161207 0.446661
    outer loop
      vertex -7.33501 6.75459 3.91
      vertex -7.42609 6.42602 3.84913
      vertex -7.3469 6.68968 3.91
    endloop
  endfacet
  facet normal 0.905884 -0.0690546 0.417858
    outer loop
      vertex 7.84571 -6.84446 2.87028
      vertex 8.99998 -7.79999 0.209999
      vertex 7.8445 -6.78893 2.88208
    endloop
  endfacet
  facet normal 0.905906 -0.0689487 0.417829
    outer loop
      vertex 8.99998 -7.79999 0.209999
      vertex 7.84571 -6.84446 2.87028
      vertex 8.98615 -7.9817 0.209999
    endloop
  endfacet
  facet normal -0.440397 -0.897803 0
    outer loop
      vertex -8.43474 -8.81836 0.2
      vertex -8.21675 -8.92529 0.209999
      vertex -8.43474 -8.81836 0.209999
    endloop
  endfacet
  facet normal -0.440397 -0.897803 -0
    outer loop
      vertex -8.21675 -8.92529 0.209999
      vertex -8.43474 -8.81836 0.2
      vertex -8.21675 -8.92529 0.2
    endloop
  endfacet
  facet normal -0.900899 -0.0916325 0.424245
    outer loop
      vertex -8.99998 -7.79999 0.209999
      vertex -7.84438 -6.86303 2.86633
      vertex -7.8445 -6.78893 2.88208
    endloop
  endfacet
  facet normal -0.900907 -0.0915974 0.424236
    outer loop
      vertex -7.84438 -6.86303 2.86633
      vertex -8.99998 -7.79999 0.209999
      vertex -8.97542 -8.04155 0.209999
    endloop
  endfacet
  facet normal -0.571159 -0.644663 0.508122
    outer loop
      vertex -7.62659 -7.58272 2.71336
      vertex -8.62675 -8.66974 0.209999
      vertex -7.51575 -7.70069 2.68828
    endloop
  endfacet
  facet normal -0.614086 0.158982 -0.773061
    outer loop
      vertex -8.98615 7.9817 0.2
      vertex -8.7253 8.01675 0
      vertex -8.78615 7.78171 0
    endloop
  endfacet
  facet normal -0.614086 0.159001 -0.773057
    outer loop
      vertex -8.7253 8.01675 0
      vertex -8.98615 7.9817 0.2
      vertex -8.92529 8.21675 0.2
    endloop
  endfacet
  facet normal -0.161315 -0.880221 0.446305
    outer loop
      vertex -7.17376 -7.89901 2.64613
      vertex -7.9817 -8.98615 0.209999
      vertex -6.94456 -7.94609 2.63612
    endloop
  endfacet
  facet normal -0.760636 -0.422146 0.493179
    outer loop
      vertex -8.90274 -8.27321 0.209999
      vertex -7.75199 -7.36901 2.75878
      vertex -7.78197 -7.29714 2.77406
    endloop
  endfacet
  facet normal -0.760602 -0.422202 0.493184
    outer loop
      vertex -7.75199 -7.36901 2.75878
      vertex -8.90274 -8.27321 0.209999
      vertex -8.7849 -8.4855 0.209999
    endloop
  endfacet
  facet normal 0.561954 -0.654676 0.505575
    outer loop
      vertex 8.4855 -8.7849 0.209999
      vertex 7.58715 -7.63066 2.70317
      vertex 7.53171 -7.6876 2.69106
    endloop
  endfacet
  facet normal 0.561963 -0.654669 0.505575
    outer loop
      vertex 7.58715 -7.63066 2.70317
      vertex 8.4855 -8.7849 0.209999
      vertex 8.66974 -8.62675 0.209999
    endloop
  endfacet
  facet normal 0.821499 0.311582 0.477552
    outer loop
      vertex 7.37531 6.64397 3.89945
      vertex 7.28545 6.86472 3.91
      vertex 7.35184 6.68968 3.91
    endloop
  endfacet
  facet normal 0.821447 0.311556 0.477659
    outer loop
      vertex 7.28545 6.86472 3.91
      vertex 7.37531 6.64397 3.89945
      vertex 8.90274 8.27321 0.209999
    endloop
  endfacet
  facet normal 0.355291 0.459019 -0.814291
    outer loop
      vertex 8.42676 8.46974 0
      vertex 8.43474 8.81836 0.2
      vertex 8.62675 8.66974 0.2
    endloop
  endfacet
  facet normal 0.355275 0.459022 -0.814297
    outer loop
      vertex 8.43474 8.81836 0.2
      vertex 8.42676 8.46974 0
      vertex 8.23474 8.61836 0
    endloop
  endfacet
  facet normal 0.0916277 -0.9009 0.424245
    outer loop
      vertex 7.79999 -8.99998 0.209999
      vertex 6.96479 -7.94203 2.63698
      vertex 6.88242 -7.95134 2.635
    endloop
  endfacet
  facet normal 0.0915974 -0.900907 0.424237
    outer loop
      vertex 6.96479 -7.94203 2.63698
      vertex 7.79999 -8.99998 0.209999
      vertex 8.04155 -8.97542 0.209999
    endloop
  endfacet
  facet normal 0.311571 -0.821439 0.477663
    outer loop
      vertex 7.34039 -7.83163 2.66045
      vertex 7.19693 -7.89372 2.64725
      vertex 8.27321 -8.90274 0.209999
    endloop
  endfacet
  facet normal -0.707124 0 -0.707089
    outer loop
      vertex -8.79999 -7.59999 0
      vertex -8.99998 7.79999 0.2
      vertex -8.79999 7.59999 0
    endloop
  endfacet
  facet normal -0.707124 -0 -0.707089
    outer loop
      vertex -8.99998 7.79999 0.2
      vertex -8.79999 -7.59999 0
      vertex -8.99998 -7.79999 0.2
    endloop
  endfacet
  facet normal -0.518034 -0.287556 -0.805576
    outer loop
      vertex -8.90274 -8.27321 0.2
      vertex -8.5849 -8.28551 0
      vertex -8.7849 -8.4855 0.2
    endloop
  endfacet
  facet normal -0.518036 -0.287543 -0.805579
    outer loop
      vertex -8.5849 -8.28551 0
      vertex -8.90274 -8.27321 0.2
      vertex -8.70274 -8.07321 0
    endloop
  endfacet
  facet normal -0.917858 6.16633e-07 0.396909
    outer loop
      vertex -8.99998 7.79999 0.209999
      vertex -7.44515 6.23735 3.80557
      vertex -7.42659 6.42327 3.84849
    endloop
  endfacet
  facet normal -0.917858 5.26788e-07 0.396909
    outer loop
      vertex -8.99998 7.79999 0.209999
      vertex -7.53155 5.20944 3.60577
      vertex -7.44515 6.23735 3.80557
    endloop
  endfacet
  facet normal -0.917857 3.00774e-06 0.39691
    outer loop
      vertex -8.99998 7.79999 0.209999
      vertex -7.60239 4.17519 3.44196
      vertex -7.53155 5.20944 3.60577
    endloop
  endfacet
  facet normal -0.917861 -5.00223e-06 0.396903
    outer loop
      vertex -8.99998 7.79999 0.209999
      vertex -7.65757 3.13585 3.31434
      vertex -7.60239 4.17519 3.44196
    endloop
  endfacet
  facet normal -0.917855 5.01083e-06 0.396916
    outer loop
      vertex -8.99998 7.79999 0.209999
      vertex -7.69704 2.09269 3.22308
      vertex -7.65757 3.13585 3.31434
    endloop
  endfacet
  facet normal -0.917859 -1.09225e-06 0.396906
    outer loop
      vertex -8.99998 7.79999 0.209999
      vertex -7.72074 1.04698 3.16827
      vertex -7.69704 2.09269 3.22308
    endloop
  endfacet
  facet normal -0.917859 -3.91553e-07 0.396907
    outer loop
      vertex -8.99998 7.79999 0.209999
      vertex -7.72864 0 3.15
      vertex -7.72074 1.04698 3.16827
    endloop
  endfacet
  facet normal -0.917858 0 0.396908
    outer loop
      vertex -8.99998 -7.79999 0.209999
      vertex -7.72864 0 3.15
      vertex -8.99998 7.79999 0.209999
    endloop
  endfacet
  facet normal -0.917859 3.91553e-07 0.396907
    outer loop
      vertex -7.72864 0 3.15
      vertex -8.99998 -7.79999 0.209999
      vertex -7.72074 -1.04698 3.16827
    endloop
  endfacet
  facet normal -0.917859 1.09225e-06 0.396906
    outer loop
      vertex -7.72074 -1.04698 3.16827
      vertex -8.99998 -7.79999 0.209999
      vertex -7.69704 -2.09269 3.22308
    endloop
  endfacet
  facet normal -0.917855 -5.01083e-06 0.396916
    outer loop
      vertex -7.69704 -2.09269 3.22308
      vertex -8.99998 -7.79999 0.209999
      vertex -7.65757 -3.13585 3.31434
    endloop
  endfacet
  facet normal -0.917859 2.61948e-06 0.396906
    outer loop
      vertex -7.65757 -3.13585 3.31434
      vertex -8.99998 -7.79999 0.209999
      vertex -7.60307 -4.16234 3.44038
    endloop
  endfacet
  facet normal -0.917859 2.27998e-06 0.396906
    outer loop
      vertex -7.60307 -4.16234 3.44038
      vertex -8.99998 -7.79999 0.209999
      vertex -7.8445 -6.78893 2.88208
    endloop
  endfacet
  facet normal -0.355275 -0.459022 -0.814297
    outer loop
      vertex -8.43474 -8.81836 0.2
      vertex -8.42676 -8.46974 0
      vertex -8.23474 -8.61836 0
    endloop
  endfacet
  facet normal -0.355291 -0.459019 -0.814291
    outer loop
      vertex -8.42676 -8.46974 0
      vertex -8.43474 -8.81836 0.2
      vertex -8.62675 -8.66974 0.2
    endloop
  endfacet
  facet normal -0.821433 -0.311582 0.477665
    outer loop
      vertex -7.82605 -7.12476 2.8107
      vertex -8.90274 -8.27321 0.209999
      vertex -7.78197 -7.29714 2.77406
    endloop
  endfacet
  facet normal 0 -0.917858 0.396908
    outer loop
      vertex -7.79999 -8.99998 0.209999
      vertex 6.88242 -7.95134 2.635
      vertex -6.88242 -7.95134 2.635
    endloop
  endfacet
  facet normal 0 -0.917858 0.396908
    outer loop
      vertex 6.88242 -7.95134 2.635
      vertex -7.79999 -8.99998 0.209999
      vertex 7.79999 -8.99998 0.209999
    endloop
  endfacet
  facet normal -0.595035 -0.186684 -0.781718
    outer loop
      vertex -8.97542 -8.04155 0.2
      vertex -8.70274 -8.07321 0
      vertex -8.90274 -8.27321 0.2
    endloop
  endfacet
  facet normal -0.595035 -0.186684 -0.781718
    outer loop
      vertex -8.70274 -8.07321 0
      vertex -8.97542 -8.04155 0.2
      vertex -8.77542 -7.84155 0
    endloop
  endfacet
  facet normal 0.108808 -0.896292 0.429909
    outer loop
      vertex 7.12007 -7.92104 2.64144
      vertex 6.96479 -7.94203 2.63698
      vertex 8.04155 -8.97542 0.209999
    endloop
  endfacet
  facet normal 0.528646 0.682986 0.504048
    outer loop
      vertex 8.43474 8.81836 0.209999
      vertex 6.96806 7.22298 3.91
      vertex 8.62675 8.66974 0.209999
    endloop
  endfacet
  facet normal 0.490872 -0.71119 0.503243
    outer loop
      vertex 7.53171 -7.6876 2.69106
      vertex 7.40803 -7.78808 2.6697
      vertex 8.4855 -8.7849 0.209999
    endloop
  endfacet
  facet normal -0.711153 -0.490921 0.503247
    outer loop
      vertex -7.75199 -7.36901 2.75878
      vertex -8.7849 -8.4855 0.209999
      vertex -7.67164 -7.51783 2.72715
    endloop
  endfacet
  facet normal 0.917858 6.16633e-07 0.396909
    outer loop
      vertex 7.44515 6.23735 3.80557
      vertex 8.99998 7.79999 0.209999
      vertex 7.42659 6.42327 3.84849
    endloop
  endfacet
  facet normal 0.917858 5.26788e-07 0.396909
    outer loop
      vertex 7.53155 5.20944 3.60577
      vertex 8.99998 7.79999 0.209999
      vertex 7.44515 6.23735 3.80557
    endloop
  endfacet
  facet normal 0.917857 3.00774e-06 0.39691
    outer loop
      vertex 7.60239 4.17519 3.44196
      vertex 8.99998 7.79999 0.209999
      vertex 7.53155 5.20944 3.60577
    endloop
  endfacet
  facet normal 0.917861 -5.00223e-06 0.396903
    outer loop
      vertex 7.65757 3.13585 3.31434
      vertex 8.99998 7.79999 0.209999
      vertex 7.60239 4.17519 3.44196
    endloop
  endfacet
  facet normal 0.917855 5.01083e-06 0.396916
    outer loop
      vertex 7.69704 2.09269 3.22308
      vertex 8.99998 7.79999 0.209999
      vertex 7.65757 3.13585 3.31434
    endloop
  endfacet
  facet normal 0.917859 -1.09225e-06 0.396906
    outer loop
      vertex 7.72074 1.04698 3.16827
      vertex 8.99998 7.79999 0.209999
      vertex 7.69704 2.09269 3.22308
    endloop
  endfacet
  facet normal 0.917859 -3.91553e-07 0.396907
    outer loop
      vertex 7.72864 0 3.15
      vertex 8.99998 7.79999 0.209999
      vertex 7.72074 1.04698 3.16827
    endloop
  endfacet
  facet normal 0.917859 3.91553e-07 0.396907
    outer loop
      vertex 8.99998 -7.79999 0.209999
      vertex 7.72864 0 3.15
      vertex 7.72074 -1.04698 3.16827
    endloop
  endfacet
  facet normal 0.917859 1.09225e-06 0.396906
    outer loop
      vertex 8.99998 -7.79999 0.209999
      vertex 7.72074 -1.04698 3.16827
      vertex 7.69704 -2.09269 3.22308
    endloop
  endfacet
  facet normal 0.917855 -5.01083e-06 0.396916
    outer loop
      vertex 8.99998 -7.79999 0.209999
      vertex 7.69704 -2.09269 3.22308
      vertex 7.65757 -3.13585 3.31434
    endloop
  endfacet
  facet normal 0.917859 2.61948e-06 0.396906
    outer loop
      vertex 8.99998 -7.79999 0.209999
      vertex 7.65757 -3.13585 3.31434
      vertex 7.60307 -4.16234 3.44038
    endloop
  endfacet
  facet normal 0.917859 2.27998e-06 0.396906
    outer loop
      vertex 8.99998 -7.79999 0.209999
      vertex 7.60307 -4.16234 3.44038
      vertex 7.8445 -6.78893 2.88208
    endloop
  endfacet
  facet normal 0.917858 0 0.396908
    outer loop
      vertex 7.72864 0 3.15
      vertex 8.99998 -7.79999 0.209999
      vertex 8.99998 7.79999 0.209999
    endloop
  endfacet
  facet normal 0 0.917858 0.396909
    outer loop
      vertex 7.79999 8.99998 0.209999
      vertex 5.81996 7.39999 3.91
      vertex 6.39999 7.39999 3.91
    endloop
  endfacet
  facet normal 9.55235e-05 0.917839 0.396952
    outer loop
      vertex 5.81996 7.39999 3.91
      vertex 7.79999 8.99998 0.209999
      vertex 5.74907 7.40376 3.9013
    endloop
  endfacet
  facet normal 1.68965e-06 0.917857 0.396911
    outer loop
      vertex 1.91947 7.51956 3.6335
      vertex 7.79999 8.99998 0.209999
      vertex 0 7.53405 3.6
    endloop
  endfacet
  facet normal -1.90283e-07 0.917858 0.396908
    outer loop
      vertex 3.83661 7.47611 3.73398
      vertex 7.79999 8.99998 0.209999
      vertex 1.91947 7.51956 3.6335
    endloop
  endfacet
  facet normal -1.72385e-06 0.917859 0.396907
    outer loop
      vertex 5.74907 7.40376 3.9013
      vertex 7.79999 8.99998 0.209999
      vertex 3.83661 7.47611 3.73398
    endloop
  endfacet
  facet normal -9.55235e-05 0.917839 0.396952
    outer loop
      vertex -7.79999 8.99998 0.209999
      vertex -5.81996 7.39999 3.91
      vertex -5.74907 7.40376 3.9013
    endloop
  endfacet
  facet normal 1.72385e-06 0.917859 0.396907
    outer loop
      vertex -7.79999 8.99998 0.209999
      vertex -5.74907 7.40376 3.9013
      vertex -3.83661 7.47611 3.73398
    endloop
  endfacet
  facet normal -0 0.917859 0.396907
    outer loop
      vertex -7.79999 8.99998 0.209999
      vertex 0 7.53405 3.6
      vertex 7.79999 8.99998 0.209999
    endloop
  endfacet
  facet normal -1.68965e-06 0.917857 0.396911
    outer loop
      vertex 0 7.53405 3.6
      vertex -7.79999 8.99998 0.209999
      vertex -1.91947 7.51956 3.6335
    endloop
  endfacet
  facet normal 1.90283e-07 0.917858 0.396908
    outer loop
      vertex -1.91947 7.51956 3.6335
      vertex -7.79999 8.99998 0.209999
      vertex -3.83661 7.47611 3.73398
    endloop
  endfacet
  facet normal 0 0.917858 0.396909
    outer loop
      vertex -5.81996 7.39999 3.91
      vertex -7.79999 8.99998 0.209999
      vertex -6.39999 7.39999 3.91
    endloop
  endfacet
  facet normal 0.968076 -0.250658 0
    outer loop
      vertex 8.92529 -8.21675 0.209999
      vertex 8.98615 -7.9817 0.2
      vertex 8.98615 -7.9817 0.209999
    endloop
  endfacet
  facet normal 0.968076 -0.250658 0
    outer loop
      vertex 8.98615 -7.9817 0.2
      vertex 8.92529 -8.21675 0.209999
      vertex 8.92529 -8.21675 0.2
    endloop
  endfacet
  facet normal -0.537423 0.263645 -0.801042
    outer loop
      vertex -8.92529 8.21675 0.2
      vertex -8.61836 8.23474 0
      vertex -8.7253 8.01675 0
    endloop
  endfacet
  facet normal -0.537426 0.263622 -0.801048
    outer loop
      vertex -8.61836 8.23474 0
      vertex -8.92529 8.21675 0.2
      vertex -8.81836 8.43474 0.2
    endloop
  endfacet
  facet normal -0.654677 -0.561953 0.505576
    outer loop
      vertex -8.7849 -8.4855 0.209999
      vertex -7.62659 -7.58272 2.71336
      vertex -7.67164 -7.51783 2.72715
    endloop
  endfacet
  facet normal -0.654669 -0.561962 0.505576
    outer loop
      vertex -7.62659 -7.58272 2.71336
      vertex -8.7849 -8.4855 0.209999
      vertex -8.62675 -8.66974 0.209999
    endloop
  endfacet
  facet normal 0.422249 -0.760572 0.49319
    outer loop
      vertex 8.27321 -8.90274 0.209999
      vertex 7.40803 -7.78808 2.6697
      vertex 7.34039 -7.83163 2.66045
    endloop
  endfacet
  facet normal 0.422201 -0.7606 0.493186
    outer loop
      vertex 7.40803 -7.78808 2.6697
      vertex 8.27321 -8.90274 0.209999
      vertex 8.4855 -8.7849 0.209999
    endloop
  endfacet
  facet normal -0.612088 -0.790789 0
    outer loop
      vertex -8.62675 -8.66974 0.2
      vertex -8.43474 -8.81836 0.209999
      vertex -8.62675 -8.66974 0.209999
    endloop
  endfacet
  facet normal -0.612088 -0.790789 -0
    outer loop
      vertex -8.43474 -8.81836 0.209999
      vertex -8.62675 -8.66974 0.2
      vertex -8.43474 -8.81836 0.2
    endloop
  endfacet
  facet normal 0.376782 -0.43894 -0.8157
    outer loop
      vertex 8.4855 -8.7849 0.2
      vertex 8.46974 -8.42676 0
      vertex 8.66974 -8.62675 0.2
    endloop
  endfacet
  facet normal 0.376779 -0.438941 -0.815701
    outer loop
      vertex 8.46974 -8.42676 0
      vertex 8.4855 -8.7849 0.2
      vertex 8.28551 -8.5849 0
    endloop
  endfacet
  facet normal -0.422202 0.760602 0.493184
    outer loop
      vertex -8.27321 8.90274 0.209999
      vertex -8.4855 8.7849 0.209999
      vertex -6.86472 7.28545 3.91
    endloop
  endfacet
  facet normal 0.404412 0.770596 0.492577
    outer loop
      vertex 8.43474 8.81836 0.209999
      vertex 6.75459 7.33501 3.91
      vertex 6.96806 7.22298 3.91
    endloop
  endfacet
  facet normal 0 -0.707124 -0.707089
    outer loop
      vertex -7.59999 -8.79999 0
      vertex 7.79999 -8.99998 0.2
      vertex -7.79999 -8.99998 0.2
    endloop
  endfacet
  facet normal 0 -0.707124 -0.707089
    outer loop
      vertex 7.79999 -8.99998 0.2
      vertex -7.59999 -8.79999 0
      vertex 7.59999 -8.79999 0
    endloop
  endfacet
  facet normal 0.250658 0.968076 -0
    outer loop
      vertex 8.21675 8.92529 0.2
      vertex 7.9817 8.98615 0.209999
      vertex 8.21675 8.92529 0.209999
    endloop
  endfacet
  facet normal 0.250658 0.968076 0
    outer loop
      vertex 7.9817 8.98615 0.209999
      vertex 8.21675 8.92529 0.2
      vertex 7.9817 8.98615 0.2
    endloop
  endfacet
  facet normal -0.311547 0.821451 0.477658
    outer loop
      vertex -6.63931 7.37094 3.91
      vertex -8.27321 8.90274 0.209999
      vertex -6.86472 7.28545 3.91
    endloop
  endfacet
  facet normal 0.485332 -0.87433 0
    outer loop
      vertex 8.27321 -8.90274 0.2
      vertex 8.4855 -8.7849 0.209999
      vertex 8.27321 -8.90274 0.209999
    endloop
  endfacet
  facet normal 0.485332 -0.87433 0
    outer loop
      vertex 8.4855 -8.7849 0.209999
      vertex 8.27321 -8.90274 0.2
      vertex 8.4855 -8.7849 0.2
    endloop
  endfacet
  facet normal 0.264764 -0.844045 0.466357
    outer loop
      vertex 8.04155 -8.97542 0.209999
      vertex 7.19693 -7.89372 2.64725
      vertex 7.12007 -7.92104 2.64144
    endloop
  endfacet
  facet normal 0.264802 -0.844029 0.466363
    outer loop
      vertex 7.19693 -7.89372 2.64725
      vertex 8.04155 -8.97542 0.209999
      vertex 8.27321 -8.90274 0.209999
    endloop
  endfacet
  facet normal -0.968076 0.250658 0
    outer loop
      vertex -8.98615 7.9817 0.2
      vertex -8.92529 8.21675 0.209999
      vertex -8.92529 8.21675 0.2
    endloop
  endfacet
  facet normal -0.968076 0.250658 0
    outer loop
      vertex -8.92529 8.21675 0.209999
      vertex -8.98615 7.9817 0.2
      vertex -8.98615 7.9817 0.209999
    endloop
  endfacet
  facet normal -0.22283 -0.8606 0.457947
    outer loop
      vertex -7.9817 -8.98615 0.209999
      vertex -7.25213 -7.87614 2.65099
      vertex -8.21675 -8.92529 0.209999
    endloop
  endfacet
  facet normal -0.222751 -0.860626 0.457935
    outer loop
      vertex -7.25213 -7.87614 2.65099
      vertex -7.9817 -8.98615 0.209999
      vertex -7.17376 -7.89901 2.64613
    endloop
  endfacet
  facet normal -0.783367 0.384263 0.488547
    outer loop
      vertex -8.81836 8.43474 0.209999
      vertex -8.92529 8.21675 0.209999
      vertex -7.33501 6.75459 3.91
    endloop
  endfacet
  facet normal -0.994871 -0.101151 0
    outer loop
      vertex -8.97542 -8.04155 0.2
      vertex -8.99998 -7.79999 0.209999
      vertex -8.99998 -7.79999 0.2
    endloop
  endfacet
  facet normal -0.994871 -0.101151 0
    outer loop
      vertex -8.99998 -7.79999 0.209999
      vertex -8.97542 -8.04155 0.2
      vertex -8.97542 -8.04155 0.209999
    endloop
  endfacet
  facet normal 0.287556 -0.518034 -0.805576
    outer loop
      vertex 8.27321 -8.90274 0.2
      vertex 8.28551 -8.5849 0
      vertex 8.4855 -8.7849 0.2
    endloop
  endfacet
  facet normal 0.287543 -0.518036 -0.805579
    outer loop
      vertex 8.28551 -8.5849 0
      vertex 8.27321 -8.90274 0.2
      vertex 8.07321 -8.70274 0
    endloop
  endfacet
  facet normal -0.43894 -0.376782 -0.8157
    outer loop
      vertex -8.7849 -8.4855 0.2
      vertex -8.42676 -8.46974 0
      vertex -8.62675 -8.66974 0.2
    endloop
  endfacet
  facet normal -0.438941 -0.376779 -0.815701
    outer loop
      vertex -8.42676 -8.46974 0
      vertex -8.7849 -8.4855 0.2
      vertex -8.5849 -8.28551 0
    endloop
  endfacet
  facet normal -0.287543 0.518036 -0.805579
    outer loop
      vertex -8.28551 8.5849 0
      vertex -8.27321 8.90274 0.2
      vertex -8.07321 8.70274 0
    endloop
  endfacet
  facet normal -0.287556 0.518034 -0.805576
    outer loop
      vertex -8.27321 8.90274 0.2
      vertex -8.28551 8.5849 0
      vertex -8.4855 8.7849 0.2
    endloop
  endfacet
  facet normal 0 -1 0
    outer loop
      vertex -7.79999 -8.99998 0.2
      vertex 7.79999 -8.99998 0.209999
      vertex -7.79999 -8.99998 0.209999
    endloop
  endfacet
  facet normal 0 -1 -0
    outer loop
      vertex 7.79999 -8.99998 0.209999
      vertex -7.79999 -8.99998 0.2
      vertex 7.79999 -8.99998 0.2
    endloop
  endfacet
  facet normal 0.896302 0.108773 0.429897
    outer loop
      vertex 8.97542 8.04155 0.209999
      vertex 7.37558 6.64336 3.89931
      vertex 7.42582 6.42691 3.84933
    endloop
  endfacet
  facet normal -0.790789 0.612088 0
    outer loop
      vertex -8.81836 8.43474 0.2
      vertex -8.66974 8.62675 0.209999
      vertex -8.66974 8.62675 0.2
    endloop
  endfacet
  facet normal -0.790789 0.612088 0
    outer loop
      vertex -8.66974 8.62675 0.209999
      vertex -8.81836 8.43474 0.2
      vertex -8.81836 8.43474 0.209999
    endloop
  endfacet
  facet normal -0.250658 -0.968076 0
    outer loop
      vertex -8.21675 -8.92529 0.2
      vertex -7.9817 -8.98615 0.209999
      vertex -8.21675 -8.92529 0.209999
    endloop
  endfacet
  facet normal -0.250658 -0.968076 -0
    outer loop
      vertex -7.9817 -8.98615 0.209999
      vertex -8.21675 -8.92529 0.2
      vertex -7.9817 -8.98615 0.2
    endloop
  endfacet
  facet normal -0.384262 -0.783366 0.488549
    outer loop
      vertex -8.21675 -8.92529 0.209999
      vertex -7.32246 -7.83636 2.65944
      vertex -8.43474 -8.81836 0.209999
    endloop
  endfacet
  facet normal -0.384357 -0.783313 0.48856
    outer loop
      vertex -7.32246 -7.83636 2.65944
      vertex -8.21675 -8.92529 0.209999
      vertex -7.25213 -7.87614 2.65099
    endloop
  endfacet
  facet normal 0.459019 -0.355291 -0.814291
    outer loop
      vertex 8.46974 -8.42676 0
      vertex 8.81836 -8.43474 0.2
      vertex 8.66974 -8.62675 0.2
    endloop
  endfacet
  facet normal 0.459022 -0.355275 -0.814297
    outer loop
      vertex 8.81836 -8.43474 0.2
      vertex 8.46974 -8.42676 0
      vertex 8.61836 -8.23474 0
    endloop
  endfacet
  facet normal -0.528646 -0.682985 0.504048
    outer loop
      vertex -8.43474 -8.81836 0.209999
      vertex -7.51575 -7.70069 2.68828
      vertex -8.62675 -8.66974 0.209999
    endloop
  endfacet
  facet normal -0.528622 -0.683004 0.504048
    outer loop
      vertex -7.51575 -7.70069 2.68828
      vertex -8.43474 -8.81836 0.209999
      vertex -7.4569 -7.75471 2.6768
    endloop
  endfacet
  facet normal 0.760602 0.422202 0.493184
    outer loop
      vertex 8.7849 8.4855 0.209999
      vertex 7.28545 6.86472 3.91
      vertex 8.90274 8.27321 0.209999
    endloop
  endfacet
  facet normal 0.644656 -0.571167 0.508121
    outer loop
      vertex 7.6837 -7.49628 2.73173
      vertex 7.58715 -7.63066 2.70317
      vertex 8.66974 -8.62675 0.209999
    endloop
  endfacet
  facet normal 0.707124 0 -0.707089
    outer loop
      vertex 8.99998 7.79999 0.2
      vertex 8.79999 -7.59999 0
      vertex 8.79999 7.59999 0
    endloop
  endfacet
  facet normal 0.707124 0 -0.707089
    outer loop
      vertex 8.79999 -7.59999 0
      vertex 8.99998 7.79999 0.2
      vertex 8.99998 -7.79999 0.2
    endloop
  endfacet
  facet normal -1 0 0
    outer loop
      vertex -8.99998 -7.79999 0.2
      vertex -8.99998 7.79999 0.209999
      vertex -8.99998 7.79999 0.2
    endloop
  endfacet
  facet normal -1 -0 0
    outer loop
      vertex -8.99998 7.79999 0.209999
      vertex -8.99998 -7.79999 0.2
      vertex -8.99998 -7.79999 0.209999
    endloop
  endfacet
  facet normal -0.0682043 0.670551 -0.738722
    outer loop
      vertex -7.84155 8.77542 0
      vertex -7.79999 8.99998 0.2
      vertex -7.59999 8.79999 0
    endloop
  endfacet
  facet normal -0.0681764 0.670549 -0.738726
    outer loop
      vertex -7.79999 8.99998 0.2
      vertex -7.84155 8.77542 0
      vertex -8.04155 8.97542 0.2
    endloop
  endfacet
  facet normal -0.186684 0.595035 -0.781718
    outer loop
      vertex -8.07321 8.70274 0
      vertex -8.04155 8.97542 0.2
      vertex -7.84155 8.77542 0
    endloop
  endfacet
  facet normal -0.186684 0.595035 -0.781718
    outer loop
      vertex -8.04155 8.97542 0.2
      vertex -8.07321 8.70274 0
      vertex -8.27321 8.90274 0.2
    endloop
  endfacet
  facet normal -0.561962 0.654669 0.505576
    outer loop
      vertex -8.4855 8.7849 0.209999
      vertex -8.66974 8.62675 0.209999
      vertex -7.06311 7.1485 3.91
    endloop
  endfacet
  facet normal 0.571166 0.644656 0.508122
    outer loop
      vertex 8.62675 8.66974 0.209999
      vertex 6.96806 7.22298 3.91
      vertex 7.1485 7.06311 3.91
    endloop
  endfacet
  facet normal 0.994871 0.101151 0
    outer loop
      vertex 8.99998 7.79999 0.209999
      vertex 8.97542 8.04155 0.2
      vertex 8.97542 8.04155 0.209999
    endloop
  endfacet
  facet normal 0.994871 0.101151 0
    outer loop
      vertex 8.97542 8.04155 0.2
      vertex 8.99998 7.79999 0.209999
      vertex 8.99998 7.79999 0.2
    endloop
  endfacet
  facet normal -0.376779 0.438941 -0.815701
    outer loop
      vertex -8.46974 8.42676 0
      vertex -8.4855 8.7849 0.2
      vertex -8.28551 8.5849 0
    endloop
  endfacet
  facet normal -0.376782 0.43894 -0.8157
    outer loop
      vertex -8.4855 8.7849 0.2
      vertex -8.46974 8.42676 0
      vertex -8.66974 8.62675 0.2
    endloop
  endfacet
  facet normal -0.87433 -0.485332 0
    outer loop
      vertex -8.7849 -8.4855 0.2
      vertex -8.90274 -8.27321 0.209999
      vertex -8.90274 -8.27321 0.2
    endloop
  endfacet
  facet normal -0.87433 -0.485332 0
    outer loop
      vertex -8.90274 -8.27321 0.209999
      vertex -8.7849 -8.4855 0.2
      vertex -8.7849 -8.4855 0.209999
    endloop
  endfacet
  facet normal 0.263622 0.537426 -0.801048
    outer loop
      vertex 8.23474 8.61836 0
      vertex 8.21675 8.92529 0.2
      vertex 8.43474 8.81836 0.2
    endloop
  endfacet
  facet normal 0.263645 0.537423 -0.801042
    outer loop
      vertex 8.21675 8.92529 0.2
      vertex 8.23474 8.61836 0
      vertex 8.01675 8.7253 0
    endloop
  endfacet
  facet normal 0.186684 -0.595035 -0.781718
    outer loop
      vertex 8.04155 -8.97542 0.2
      vertex 8.07321 -8.70274 0
      vertex 8.27321 -8.90274 0.2
    endloop
  endfacet
  facet normal 0.186684 -0.595035 -0.781718
    outer loop
      vertex 8.07321 -8.70274 0
      vertex 8.04155 -8.97542 0.2
      vertex 7.84155 -8.77542 0
    endloop
  endfacet
  facet normal -0.670549 -0.0681764 -0.738726
    outer loop
      vertex -8.99998 -7.79999 0.2
      vertex -8.77542 -7.84155 0
      vertex -8.97542 -8.04155 0.2
    endloop
  endfacet
  facet normal -0.670551 -0.0682043 -0.738722
    outer loop
      vertex -8.77542 -7.84155 0
      vertex -8.99998 -7.79999 0.2
      vertex -8.79999 -7.59999 0
    endloop
  endfacet
  facet normal 0.790789 -0.612088 0
    outer loop
      vertex 8.66974 -8.62675 0.209999
      vertex 8.81836 -8.43474 0.2
      vertex 8.81836 -8.43474 0.209999
    endloop
  endfacet
  facet normal 0.790789 -0.612088 0
    outer loop
      vertex 8.81836 -8.43474 0.2
      vertex 8.66974 -8.62675 0.209999
      vertex 8.66974 -8.62675 0.2
    endloop
  endfacet
  facet normal 0 0 1
    outer loop
      vertex 5.81996 6.68968 3.91
      vertex 7.28545 6.86472 3.91
      vertex 7.1485 7.06311 3.91
    endloop
  endfacet
  facet normal 0 0 1
    outer loop
      vertex 5.81996 6.68968 3.91
      vertex 7.1485 7.06311 3.91
      vertex 6.96806 7.22298 3.91
    endloop
  endfacet
  facet normal 0 0 1
    outer loop
      vertex 5.81996 6.68968 3.91
      vertex 6.96806 7.22298 3.91
      vertex 6.75459 7.33501 3.91
    endloop
  endfacet
  facet normal 0 0 1
    outer loop
      vertex 5.81996 6.68968 3.91
      vertex 6.75459 7.33501 3.91
      vertex 6.39999 7.39999 3.91
    endloop
  endfacet
  facet normal 0 0 1
    outer loop
      vertex 5.81996 6.68968 3.91
      vertex 6.39999 7.39999 3.91
      vertex 5.81996 7.39999 3.91
    endloop
  endfacet
  facet normal 0 0 1
    outer loop
      vertex 7.28545 6.86472 3.91
      vertex 5.81996 6.68968 3.91
      vertex 7.35184 6.68968 3.91
    endloop
  endfacet
  facet normal -0 0 1
    outer loop
      vertex -6.39999 7.39999 3.91
      vertex -5.81996 6.68968 3.91
      vertex -5.81996 7.39999 3.91
    endloop
  endfacet
  facet normal -0 0 1
    outer loop
      vertex -6.63931 7.37094 3.91
      vertex -5.81996 6.68968 3.91
      vertex -6.39999 7.39999 3.91
    endloop
  endfacet
  facet normal -0 0 1
    outer loop
      vertex -6.86472 7.28545 3.91
      vertex -5.81996 6.68968 3.91
      vertex -6.63931 7.37094 3.91
    endloop
  endfacet
  facet normal -0 0 1
    outer loop
      vertex -7.06311 7.1485 3.91
      vertex -5.81996 6.68968 3.91
      vertex -6.86472 7.28545 3.91
    endloop
  endfacet
  facet normal -0 0 1
    outer loop
      vertex -7.22298 6.96806 3.91
      vertex -5.81996 6.68968 3.91
      vertex -7.06311 7.1485 3.91
    endloop
  endfacet
  facet normal 0 0 1
    outer loop
      vertex -7.3469 6.68968 3.91
      vertex -7.22298 6.96806 3.91
      vertex -7.33501 6.75459 3.91
    endloop
  endfacet
  facet normal 0 0 1
    outer loop
      vertex -7.22298 6.96806 3.91
      vertex -7.3469 6.68968 3.91
      vertex -5.81996 6.68968 3.91
    endloop
  endfacet
  facet normal -0.0915974 0.900907 0.424237
    outer loop
      vertex -7.79999 8.99998 0.209999
      vertex -8.04155 8.97542 0.209999
      vertex -6.39999 7.39999 3.91
    endloop
  endfacet
  facet normal 0.299349 -0.954144 0
    outer loop
      vertex 8.04155 -8.97542 0.2
      vertex 8.27321 -8.90274 0.209999
      vertex 8.04155 -8.97542 0.209999
    endloop
  endfacet
  facet normal 0.299349 -0.954144 0
    outer loop
      vertex 8.27321 -8.90274 0.209999
      vertex 8.04155 -8.97542 0.2
      vertex 8.27321 -8.90274 0.2
    endloop
  endfacet
  facet normal 0.595035 0.186684 -0.781718
    outer loop
      vertex 8.70274 8.07321 0
      vertex 8.97542 8.04155 0.2
      vertex 8.77542 7.84155 0
    endloop
  endfacet
  facet normal 0.595035 0.186684 -0.781718
    outer loop
      vertex 8.97542 8.04155 0.2
      vertex 8.70274 8.07321 0
      vertex 8.90274 8.27321 0.2
    endloop
  endfacet
  facet normal -0.490917 0.711157 0.503246
    outer loop
      vertex -6.86472 7.28545 3.91
      vertex -8.4855 8.7849 0.209999
      vertex -7.06311 7.1485 3.91
    endloop
  endfacet
  facet normal -0.644656 0.571166 0.508122
    outer loop
      vertex -7.06311 7.1485 3.91
      vertex -8.66974 8.62675 0.209999
      vertex -7.22298 6.96806 3.91
    endloop
  endfacet
  facet normal -0.404405 -0.770599 0.492578
    outer loop
      vertex -7.4569 -7.75471 2.6768
      vertex -8.43474 -8.81836 0.209999
      vertex -7.32246 -7.83636 2.65944
    endloop
  endfacet
  facet normal 1 -0 0
    outer loop
      vertex 8.99998 -7.79999 0.209999
      vertex 8.99998 7.79999 0.2
      vertex 8.99998 7.79999 0.209999
    endloop
  endfacet
  facet normal 1 0 0
    outer loop
      vertex 8.99998 7.79999 0.2
      vertex 8.99998 -7.79999 0.209999
      vertex 8.99998 -7.79999 0.2
    endloop
  endfacet
  facet normal 0.954144 0.299349 0
    outer loop
      vertex 8.97542 8.04155 0.209999
      vertex 8.90274 8.27321 0.2
      vertex 8.90274 8.27321 0.209999
    endloop
  endfacet
  facet normal 0.954144 0.299349 0
    outer loop
      vertex 8.90274 8.27321 0.2
      vertex 8.97542 8.04155 0.209999
      vertex 8.97542 8.04155 0.2
    endloop
  endfacet
  facet normal -0.679814 0.0517754 -0.731555
    outer loop
      vertex -8.99998 7.79999 0.2
      vertex -8.78615 7.78171 0
      vertex -8.79999 7.59999 0
    endloop
  endfacet
  facet normal -0.679816 0.051741 -0.731555
    outer loop
      vertex -8.78615 7.78171 0
      vertex -8.99998 7.79999 0.2
      vertex -8.98615 7.9817 0.2
    endloop
  endfacet
  facet normal 0 0.707124 -0.707089
    outer loop
      vertex 7.59999 8.79999 0
      vertex -7.79999 8.99998 0.2
      vertex 7.79999 8.99998 0.2
    endloop
  endfacet
  facet normal 0 0.707124 -0.707089
    outer loop
      vertex -7.79999 8.99998 0.2
      vertex 7.59999 8.79999 0
      vertex -7.59999 8.79999 0
    endloop
  endfacet
  facet normal 0.0689487 0.905906 0.417829
    outer loop
      vertex 7.79999 8.99998 0.209999
      vertex 6.39999 7.39999 3.91
      vertex 7.9817 8.98615 0.209999
    endloop
  endfacet
  facet normal 0.438941 0.376779 -0.815701
    outer loop
      vertex 8.42676 8.46974 0
      vertex 8.7849 8.4855 0.2
      vertex 8.5849 8.28551 0
    endloop
  endfacet
  facet normal 0.43894 0.376782 -0.8157
    outer loop
      vertex 8.7849 8.4855 0.2
      vertex 8.42676 8.46974 0
      vertex 8.62675 8.66974 0.2
    endloop
  endfacet
  facet normal 0.670551 0.0682043 -0.738722
    outer loop
      vertex 8.77542 7.84155 0
      vertex 8.99998 7.79999 0.2
      vertex 8.79999 7.59999 0
    endloop
  endfacet
  facet normal 0.670549 0.0681764 -0.738726
    outer loop
      vertex 8.99998 7.79999 0.2
      vertex 8.77542 7.84155 0
      vertex 8.97542 8.04155 0.2
    endloop
  endfacet
  facet normal 0.0681764 -0.670549 -0.738726
    outer loop
      vertex 7.79999 -8.99998 0.2
      vertex 7.84155 -8.77542 0
      vertex 8.04155 -8.97542 0.2
    endloop
  endfacet
  facet normal 0.0682043 -0.670551 -0.738722
    outer loop
      vertex 7.84155 -8.77542 0
      vertex 7.79999 -8.99998 0.2
      vertex 7.59999 -8.79999 0
    endloop
  endfacet
  facet normal 0.159001 0.614086 -0.773057
    outer loop
      vertex 8.01675 8.7253 0
      vertex 7.9817 8.98615 0.2
      vertex 8.21675 8.92529 0.2
    endloop
  endfacet
  facet normal 0.158982 0.614086 -0.773061
    outer loop
      vertex 7.9817 8.98615 0.2
      vertex 8.01675 8.7253 0
      vertex 7.78171 8.78615 0
    endloop
  endfacet
  facet normal -0.758788 -0.651337 0
    outer loop
      vertex -8.62675 -8.66974 0.2
      vertex -8.7849 -8.4855 0.209999
      vertex -8.7849 -8.4855 0.2
    endloop
  endfacet
  facet normal -0.758788 -0.651337 0
    outer loop
      vertex -8.7849 -8.4855 0.209999
      vertex -8.62675 -8.66974 0.2
      vertex -8.62675 -8.66974 0.209999
    endloop
  endfacet
  facet normal 0.222829 0.860599 0.457947
    outer loop
      vertex 7.9817 8.98615 0.209999
      vertex 6.75459 7.33501 3.91
      vertex 8.21675 8.92529 0.209999
    endloop
  endfacet
  facet normal 0.101151 -0.994871 0
    outer loop
      vertex 7.79999 -8.99998 0.2
      vertex 8.04155 -8.97542 0.209999
      vertex 7.79999 -8.99998 0.209999
    endloop
  endfacet
  facet normal 0.101151 -0.994871 0
    outer loop
      vertex 8.04155 -8.97542 0.209999
      vertex 7.79999 -8.99998 0.2
      vertex 8.04155 -8.97542 0.2
    endloop
  endfacet
  facet normal -0.459022 0.355275 -0.814297
    outer loop
      vertex -8.81836 8.43474 0.2
      vertex -8.46974 8.42676 0
      vertex -8.61836 8.23474 0
    endloop
  endfacet
  facet normal -0.459019 0.355291 -0.814291
    outer loop
      vertex -8.46974 8.42676 0
      vertex -8.81836 8.43474 0.2
      vertex -8.66974 8.62675 0.2
    endloop
  endfacet
  facet normal -0.0758908 -0.997116 0
    outer loop
      vertex -7.9817 -8.98615 0.2
      vertex -7.79999 -8.99998 0.209999
      vertex -7.9817 -8.98615 0.209999
    endloop
  endfacet
  facet normal -0.0758908 -0.997116 -0
    outer loop
      vertex -7.79999 -8.99998 0.209999
      vertex -7.9817 -8.98615 0.2
      vertex -7.79999 -8.99998 0.2
    endloop
  endfacet
  facet normal -0.299349 0.954144 0
    outer loop
      vertex -8.04155 8.97542 0.2
      vertex -8.27321 8.90274 0.209999
      vertex -8.04155 8.97542 0.209999
    endloop
  endfacet
  facet normal -0.299349 0.954144 0
    outer loop
      vertex -8.27321 8.90274 0.209999
      vertex -8.04155 8.97542 0.2
      vertex -8.27321 8.90274 0.2
    endloop
  endfacet
  facet normal 0.880219 -0.161322 0.446306
    outer loop
      vertex 7.84571 -6.84446 2.87028
      vertex 7.825 -7.11875 2.81198
      vertex 8.98615 -7.9817 0.209999
    endloop
  endfacet
  facet normal 0.651337 -0.758788 0
    outer loop
      vertex 8.4855 -8.7849 0.2
      vertex 8.66974 -8.62675 0.209999
      vertex 8.4855 -8.7849 0.209999
    endloop
  endfacet
  facet normal 0.651337 -0.758788 0
    outer loop
      vertex 8.66974 -8.62675 0.209999
      vertex 8.4855 -8.7849 0.2
      vertex 8.66974 -8.62675 0.2
    endloop
  endfacet
  facet normal 0.844029 0.264802 0.466363
    outer loop
      vertex 7.37531 6.64397 3.89945
      vertex 8.97542 8.04155 0.209999
      vertex 8.90274 8.27321 0.209999
    endloop
  endfacet
  facet normal 0.843429 0.266223 0.46664
    outer loop
      vertex 8.97542 8.04155 0.209999
      vertex 7.37531 6.64397 3.89945
      vertex 7.37558 6.64336 3.89931
    endloop
  endfacet
  facet normal 0.1613 0.880226 0.4463
    outer loop
      vertex 7.9817 8.98615 0.209999
      vertex 6.39999 7.39999 3.91
      vertex 6.75459 7.33501 3.91
    endloop
  endfacet
  facet normal 0.384263 0.783367 0.488547
    outer loop
      vertex 8.21675 8.92529 0.209999
      vertex 6.75459 7.33501 3.91
      vertex 8.43474 8.81836 0.209999
    endloop
  endfacet
  facet normal 0.997116 -0.0758908 0
    outer loop
      vertex 8.98615 -7.9817 0.209999
      vertex 8.99998 -7.79999 0.2
      vertex 8.99998 -7.79999 0.209999
    endloop
  endfacet
  facet normal 0.997116 -0.0758908 0
    outer loop
      vertex 8.99998 -7.79999 0.2
      vertex 8.98615 -7.9817 0.209999
      vertex 8.98615 -7.9817 0.2
    endloop
  endfacet
  facet normal -0.0517754 -0.679814 -0.731555
    outer loop
      vertex -7.79999 -8.99998 0.2
      vertex -7.78171 -8.78615 0
      vertex -7.59999 -8.79999 0
    endloop
  endfacet
  facet normal -0.051741 -0.679816 -0.731555
    outer loop
      vertex -7.78171 -8.78615 0
      vertex -7.79999 -8.99998 0.2
      vertex -7.9817 -8.98615 0.2
    endloop
  endfacet
  facet normal -0.158982 -0.614086 -0.773061
    outer loop
      vertex -7.9817 -8.98615 0.2
      vertex -8.01675 -8.7253 0
      vertex -7.78171 -8.78615 0
    endloop
  endfacet
  facet normal -0.159001 -0.614086 -0.773057
    outer loop
      vertex -8.01675 -8.7253 0
      vertex -7.9817 -8.98615 0.2
      vertex -8.21675 -8.92529 0.2
    endloop
  endfacet
  facet normal -0.0689487 -0.905905 0.41783
    outer loop
      vertex -7.79999 -8.99998 0.209999
      vertex -6.94456 -7.94609 2.63612
      vertex -7.9817 -8.98615 0.209999
    endloop
  endfacet
  facet normal -0.0690048 -0.905894 0.417845
    outer loop
      vertex -6.94456 -7.94609 2.63612
      vertex -7.79999 -8.99998 0.209999
      vertex -6.88242 -7.95134 2.635
    endloop
  endfacet
  facet normal -0.263645 -0.537423 -0.801042
    outer loop
      vertex -8.21675 -8.92529 0.2
      vertex -8.23474 -8.61836 0
      vertex -8.01675 -8.7253 0
    endloop
  endfacet
  facet normal -0.263622 -0.537426 -0.801048
    outer loop
      vertex -8.23474 -8.61836 0
      vertex -8.21675 -8.92529 0.2
      vertex -8.43474 -8.81836 0.2
    endloop
  endfacet
  facet normal 0.518036 0.287543 -0.805579
    outer loop
      vertex 8.5849 8.28551 0
      vertex 8.90274 8.27321 0.2
      vertex 8.70274 8.07321 0
    endloop
  endfacet
  facet normal 0.518034 0.287556 -0.805576
    outer loop
      vertex 8.90274 8.27321 0.2
      vertex 8.5849 8.28551 0
      vertex 8.7849 8.4855 0.2
    endloop
  endfacet
  facet normal 0.537426 -0.263622 -0.801048
    outer loop
      vertex 8.61836 -8.23474 0
      vertex 8.92529 -8.21675 0.2
      vertex 8.81836 -8.43474 0.2
    endloop
  endfacet
  facet normal 0.537423 -0.263645 -0.801042
    outer loop
      vertex 8.92529 -8.21675 0.2
      vertex 8.61836 -8.23474 0
      vertex 8.7253 -8.01675 0
    endloop
  endfacet
  facet normal -0.651337 0.758788 0
    outer loop
      vertex -8.4855 8.7849 0.2
      vertex -8.66974 8.62675 0.209999
      vertex -8.4855 8.7849 0.209999
    endloop
  endfacet
  facet normal -0.651337 0.758788 0
    outer loop
      vertex -8.66974 8.62675 0.209999
      vertex -8.4855 8.7849 0.2
      vertex -8.66974 8.62675 0.2
    endloop
  endfacet
  facet normal -0.264802 0.844029 0.466363
    outer loop
      vertex -8.04155 8.97542 0.209999
      vertex -8.27321 8.90274 0.209999
      vertex -6.63931 7.37094 3.91
    endloop
  endfacet
  facet normal -0.108797 0.896295 0.429905
    outer loop
      vertex -6.39999 7.39999 3.91
      vertex -8.04155 8.97542 0.209999
      vertex -6.63931 7.37094 3.91
    endloop
  endfacet
  facet normal -0.897803 0.440397 0
    outer loop
      vertex -8.92529 8.21675 0.2
      vertex -8.81836 8.43474 0.209999
      vertex -8.81836 8.43474 0.2
    endloop
  endfacet
  facet normal -0.897803 0.440397 0
    outer loop
      vertex -8.81836 8.43474 0.209999
      vertex -8.92529 8.21675 0.2
      vertex -8.92529 8.21675 0.209999
    endloop
  endfacet
  facet normal -0.997116 0.0758908 0
    outer loop
      vertex -8.99998 7.79999 0.2
      vertex -8.98615 7.9817 0.209999
      vertex -8.98615 7.9817 0.2
    endloop
  endfacet
  facet normal -0.997116 0.0758908 0
    outer loop
      vertex -8.98615 7.9817 0.209999
      vertex -8.99998 7.79999 0.2
      vertex -8.99998 7.79999 0.209999
    endloop
  endfacet
  facet normal 0.900906 0.0915974 0.424238
    outer loop
      vertex 7.42582 6.42691 3.84933
      vertex 8.99998 7.79999 0.209999
      vertex 8.97542 8.04155 0.209999
    endloop
  endfacet
  facet normal 0.900681 0.0925659 0.424506
    outer loop
      vertex 8.99998 7.79999 0.209999
      vertex 7.42582 6.42691 3.84933
      vertex 7.42659 6.42327 3.84849
    endloop
  endfacet
  facet normal -0.485332 0.87433 0
    outer loop
      vertex -8.27321 8.90274 0.2
      vertex -8.4855 8.7849 0.209999
      vertex -8.27321 8.90274 0.209999
    endloop
  endfacet
  facet normal -0.485332 0.87433 0
    outer loop
      vertex -8.4855 8.7849 0.209999
      vertex -8.27321 8.90274 0.2
      vertex -8.4855 8.7849 0.2
    endloop
  endfacet
  facet normal 0.612088 0.790789 -0
    outer loop
      vertex 8.62675 8.66974 0.2
      vertex 8.43474 8.81836 0.209999
      vertex 8.62675 8.66974 0.209999
    endloop
  endfacet
  facet normal 0.612088 0.790789 0
    outer loop
      vertex 8.43474 8.81836 0.209999
      vertex 8.62675 8.66974 0.2
      vertex 8.43474 8.81836 0.2
    endloop
  endfacet
  facet normal 0.440397 0.897803 -0
    outer loop
      vertex 8.43474 8.81836 0.2
      vertex 8.21675 8.92529 0.209999
      vertex 8.43474 8.81836 0.209999
    endloop
  endfacet
  facet normal 0.440397 0.897803 0
    outer loop
      vertex 8.21675 8.92529 0.209999
      vertex 8.43474 8.81836 0.2
      vertex 8.21675 8.92529 0.2
    endloop
  endfacet
  facet normal 0.758788 0.651337 0
    outer loop
      vertex 8.7849 8.4855 0.209999
      vertex 8.62675 8.66974 0.2
      vertex 8.62675 8.66974 0.209999
    endloop
  endfacet
  facet normal 0.758788 0.651337 0
    outer loop
      vertex 8.62675 8.66974 0.2
      vertex 8.7849 8.4855 0.209999
      vertex 8.7849 8.4855 0.2
    endloop
  endfacet
  facet normal 0.87433 0.485332 0
    outer loop
      vertex 8.90274 8.27321 0.209999
      vertex 8.7849 8.4855 0.2
      vertex 8.7849 8.4855 0.209999
    endloop
  endfacet
  facet normal 0.87433 0.485332 0
    outer loop
      vertex 8.7849 8.4855 0.2
      vertex 8.90274 8.27321 0.209999
      vertex 8.90274 8.27321 0.2
    endloop
  endfacet
  facet normal 0.897803 -0.440397 0
    outer loop
      vertex 8.81836 -8.43474 0.209999
      vertex 8.92529 -8.21675 0.2
      vertex 8.92529 -8.21675 0.209999
    endloop
  endfacet
  facet normal 0.897803 -0.440397 0
    outer loop
      vertex 8.92529 -8.21675 0.2
      vertex 8.81836 -8.43474 0.209999
      vertex 8.81836 -8.43474 0.2
    endloop
  endfacet
  facet normal 0.614086 -0.159001 -0.773057
    outer loop
      vertex 8.7253 -8.01675 0
      vertex 8.98615 -7.9817 0.2
      vertex 8.92529 -8.21675 0.2
    endloop
  endfacet
  facet normal 0.614086 -0.158982 -0.773061
    outer loop
      vertex 8.98615 -7.9817 0.2
      vertex 8.7253 -8.01675 0
      vertex 8.78615 -7.78171 0
    endloop
  endfacet
  facet normal 0.860606 -0.222808 0.457945
    outer loop
      vertex 7.8139 -7.1949 2.79579
      vertex 8.98615 -7.9817 0.209999
      vertex 7.825 -7.11875 2.81198
    endloop
  endfacet
  facet normal 0.860599 -0.222829 0.457948
    outer loop
      vertex 8.98615 -7.9817 0.209999
      vertex 7.8139 -7.1949 2.79579
      vertex 8.92529 -8.21675 0.209999
    endloop
  endfacet
  facet normal 0.679816 -0.051741 -0.731555
    outer loop
      vertex 8.78615 -7.78171 0
      vertex 8.99998 -7.79999 0.2
      vertex 8.98615 -7.9817 0.2
    endloop
  endfacet
  facet normal 0.679814 -0.0517754 -0.731555
    outer loop
      vertex 8.99998 -7.79999 0.2
      vertex 8.78615 -7.78171 0
      vertex 8.79999 -7.59999 0
    endloop
  endfacet
  facet normal 0 1 -0
    outer loop
      vertex 7.79999 8.99998 0.2
      vertex -7.79999 8.99998 0.209999
      vertex 7.79999 8.99998 0.209999
    endloop
  endfacet
  facet normal 0 1 0
    outer loop
      vertex -7.79999 8.99998 0.209999
      vertex 7.79999 8.99998 0.2
      vertex -7.79999 8.99998 0.2
    endloop
  endfacet
  facet normal 0.051741 0.679816 -0.731555
    outer loop
      vertex 7.78171 8.78615 0
      vertex 7.79999 8.99998 0.2
      vertex 7.9817 8.98615 0.2
    endloop
  endfacet
  facet normal 0.0517754 0.679814 -0.731555
    outer loop
      vertex 7.79999 8.99998 0.2
      vertex 7.78171 8.78615 0
      vertex 7.59999 8.79999 0
    endloop
  endfacet
  facet normal -0.770596 0.404412 0.492577
    outer loop
      vertex -7.22298 6.96806 3.91
      vertex -8.81836 8.43474 0.209999
      vertex -7.33501 6.75459 3.91
    endloop
  endfacet
  facet normal -0.682986 0.528646 0.504048
    outer loop
      vertex -8.66974 8.62675 0.209999
      vertex -8.81836 8.43474 0.209999
      vertex -7.22298 6.96806 3.91
    endloop
  endfacet
  facet normal -0.905906 0.0689488 0.417828
    outer loop
      vertex -8.99998 7.79999 0.209999
      vertex -7.42609 6.42602 3.84913
      vertex -8.98615 7.9817 0.209999
    endloop
  endfacet
  facet normal -0.906184 0.0676105 0.417443
    outer loop
      vertex -7.42609 6.42602 3.84913
      vertex -8.99998 7.79999 0.209999
      vertex -7.42659 6.42327 3.84849
    endloop
  endfacet
  facet normal 0.0758908 0.997116 -0
    outer loop
      vertex 7.9817 8.98615 0.2
      vertex 7.79999 8.99998 0.209999
      vertex 7.9817 8.98615 0.209999
    endloop
  endfacet
  facet normal 0.0758908 0.997116 0
    outer loop
      vertex 7.79999 8.99998 0.209999
      vertex 7.9817 8.98615 0.2
      vertex 7.79999 8.99998 0.2
    endloop
  endfacet
  facet normal 0 0 -1
    outer loop
      vertex 8.42529 -7.71675 0
      vertex 8.79999 -7.59999 0
      vertex 8.78615 -7.78171 0
    endloop
  endfacet
  facet normal 0 0 -1
    outer loop
      vertex 8.79999 -7.59999 0
      vertex 8.49998 -7.29999 0
      vertex 8.79999 7.59999 0
    endloop
  endfacet
  facet normal 0 0 -1
    outer loop
      vertex 8.42529 -7.71675 0
      vertex 8.78615 -7.78171 0
      vertex 8.7253 -8.01675 0
    endloop
  endfacet
  facet normal 0 0 -1
    outer loop
      vertex 8.79999 7.59999 0
      vertex 8.49998 -7.29999 0
      vertex 8.49998 7.29999 0
    endloop
  endfacet
  facet normal 0 0 -1
    outer loop
      vertex 8.31836 -7.93474 0
      vertex 8.7253 -8.01675 0
      vertex 8.61836 -8.23474 0
    endloop
  endfacet
  facet normal 0 0 -1
    outer loop
      vertex 8.47542 7.54155 0
      vertex 8.79999 7.59999 0
      vertex 8.49998 7.29999 0
    endloop
  endfacet
  facet normal -0 0 -1
    outer loop
      vertex 8.79999 7.59999 0
      vertex 8.47542 7.54155 0
      vertex 8.77542 7.84155 0
    endloop
  endfacet
  facet normal 0 0 -1
    outer loop
      vertex 8.79999 -7.59999 0
      vertex 8.48615 -7.4817 0
      vertex 8.49998 -7.29999 0
    endloop
  endfacet
  facet normal 0 0 -1
    outer loop
      vertex 8.16974 -8.12675 0
      vertex 8.61836 -8.23474 0
      vertex 8.46974 -8.42676 0
    endloop
  endfacet
  facet normal -0 0 -1
    outer loop
      vertex 8.79999 -7.59999 0
      vertex 8.42529 -7.71675 0
      vertex 8.48615 -7.4817 0
    endloop
  endfacet
  facet normal 0 0 -1
    outer loop
      vertex 8.7253 -8.01675 0
      vertex 8.31836 -7.93474 0
      vertex 8.42529 -7.71675 0
    endloop
  endfacet
  facet normal 0 0 -1
    outer loop
      vertex 8.16974 -8.12675 0
      vertex 8.46974 -8.42676 0
      vertex 8.28551 -8.5849 0
    endloop
  endfacet
  facet normal 0 0 -1
    outer loop
      vertex 8.61836 -8.23474 0
      vertex 8.16974 -8.12675 0
      vertex 8.31836 -7.93474 0
    endloop
  endfacet
  facet normal 0 0 -1
    outer loop
      vertex 7.9855 -8.2849 0
      vertex 8.28551 -8.5849 0
      vertex 8.07321 -8.70274 0
    endloop
  endfacet
  facet normal 0 0 -1
    outer loop
      vertex 8.28551 -8.5849 0
      vertex 7.9855 -8.2849 0
      vertex 8.16974 -8.12675 0
    endloop
  endfacet
  facet normal 0 0 -1
    outer loop
      vertex 7.77321 -8.40274 0
      vertex 8.07321 -8.70274 0
      vertex 7.84155 -8.77542 0
    endloop
  endfacet
  facet normal 0 0 -1
    outer loop
      vertex 8.07321 -8.70274 0
      vertex 7.77321 -8.40274 0
      vertex 7.9855 -8.2849 0
    endloop
  endfacet
  facet normal 0 0 -1
    outer loop
      vertex 7.54155 -8.47542 0
      vertex 7.84155 -8.77542 0
      vertex 7.59999 -8.79999 0
    endloop
  endfacet
  facet normal 0 0 -1
    outer loop
      vertex 7.84155 -8.77542 0
      vertex 7.54155 -8.47542 0
      vertex 7.77321 -8.40274 0
    endloop
  endfacet
  facet normal 0 0 -1
    outer loop
      vertex 7.59999 -8.79999 0
      vertex 7.29999 -8.49998 0
      vertex 7.54155 -8.47542 0
    endloop
  endfacet
  facet normal 0 0 -1
    outer loop
      vertex 7.59999 -8.79999 0
      vertex -7.29999 -8.49998 0
      vertex 7.29999 -8.49998 0
    endloop
  endfacet
  facet normal 0 0 -1
    outer loop
      vertex -7.59999 -8.79999 0
      vertex -7.29999 -8.49998 0
      vertex 7.59999 -8.79999 0
    endloop
  endfacet
  facet normal 0 0 -1
    outer loop
      vertex -7.59999 -8.79999 0
      vertex -7.4817 -8.48615 0
      vertex -7.29999 -8.49998 0
    endloop
  endfacet
  facet normal 0 0 -1
    outer loop
      vertex -7.59999 -8.79999 0
      vertex -7.71675 -8.42529 0
      vertex -7.4817 -8.48615 0
    endloop
  endfacet
  facet normal 0 0 -1
    outer loop
      vertex -7.78171 -8.78615 0
      vertex -7.71675 -8.42529 0
      vertex -7.59999 -8.79999 0
    endloop
  endfacet
  facet normal 0 0 -1
    outer loop
      vertex -8.01675 -8.7253 0
      vertex -7.71675 -8.42529 0
      vertex -7.78171 -8.78615 0
    endloop
  endfacet
  facet normal -0 0 -1
    outer loop
      vertex -7.71675 -8.42529 0
      vertex -8.01675 -8.7253 0
      vertex -7.93474 -8.31836 0
    endloop
  endfacet
  facet normal 0 0 -1
    outer loop
      vertex -8.23474 -8.61836 0
      vertex -7.93474 -8.31836 0
      vertex -8.01675 -8.7253 0
    endloop
  endfacet
  facet normal -0 0 -1
    outer loop
      vertex -7.93474 -8.31836 0
      vertex -8.23474 -8.61836 0
      vertex -8.12675 -8.16974 0
    endloop
  endfacet
  facet normal 0 0 -1
    outer loop
      vertex -8.42676 -8.46974 0
      vertex -8.12675 -8.16974 0
      vertex -8.23474 -8.61836 0
    endloop
  endfacet
  facet normal 0 0 -1
    outer loop
      vertex -8.5849 -8.28551 0
      vertex -8.12675 -8.16974 0
      vertex -8.42676 -8.46974 0
    endloop
  endfacet
  facet normal -0 0 -1
    outer loop
      vertex -8.12675 -8.16974 0
      vertex -8.5849 -8.28551 0
      vertex -8.2849 -7.9855 0
    endloop
  endfacet
  facet normal 0 0 -1
    outer loop
      vertex -8.70274 -8.07321 0
      vertex -8.2849 -7.9855 0
      vertex -8.5849 -8.28551 0
    endloop
  endfacet
  facet normal -0 0 -1
    outer loop
      vertex -8.2849 -7.9855 0
      vertex -8.70274 -8.07321 0
      vertex -8.40274 -7.77321 0
    endloop
  endfacet
  facet normal -0 0 -1
    outer loop
      vertex -8.40274 -7.77321 0
      vertex -8.77542 -7.84155 0
      vertex -8.47542 -7.54155 0
    endloop
  endfacet
  facet normal 0 0 -1
    outer loop
      vertex -8.77542 -7.84155 0
      vertex -8.40274 -7.77321 0
      vertex -8.70274 -8.07321 0
    endloop
  endfacet
  facet normal 0 0 -1
    outer loop
      vertex 8.40274 7.77321 0
      vertex 8.77542 7.84155 0
      vertex 8.47542 7.54155 0
    endloop
  endfacet
  facet normal -0 0 -1
    outer loop
      vertex 8.77542 7.84155 0
      vertex 8.40274 7.77321 0
      vertex 8.70274 8.07321 0
    endloop
  endfacet
  facet normal 0 0 -1
    outer loop
      vertex 8.2849 7.9855 0
      vertex 8.70274 8.07321 0
      vertex 8.40274 7.77321 0
    endloop
  endfacet
  facet normal -0 0 -1
    outer loop
      vertex 8.70274 8.07321 0
      vertex 8.2849 7.9855 0
      vertex 8.5849 8.28551 0
    endloop
  endfacet
  facet normal 0 0 -1
    outer loop
      vertex 8.12675 8.16974 0
      vertex 8.5849 8.28551 0
      vertex 8.2849 7.9855 0
    endloop
  endfacet
  facet normal -0 0 -1
    outer loop
      vertex 8.5849 8.28551 0
      vertex 8.12675 8.16974 0
      vertex 8.42676 8.46974 0
    endloop
  endfacet
  facet normal -0 0 -1
    outer loop
      vertex 8.42676 8.46974 0
      vertex 8.12675 8.16974 0
      vertex 8.23474 8.61836 0
    endloop
  endfacet
  facet normal 0 0 -1
    outer loop
      vertex 7.93474 8.31836 0
      vertex 8.23474 8.61836 0
      vertex 8.12675 8.16974 0
    endloop
  endfacet
  facet normal -0 0 -1
    outer loop
      vertex 8.23474 8.61836 0
      vertex 7.93474 8.31836 0
      vertex 8.01675 8.7253 0
    endloop
  endfacet
  facet normal 0 0 -1
    outer loop
      vertex 7.71675 8.42529 0
      vertex 8.01675 8.7253 0
      vertex 7.93474 8.31836 0
    endloop
  endfacet
  facet normal -0 0 -1
    outer loop
      vertex 8.01675 8.7253 0
      vertex 7.71675 8.42529 0
      vertex 7.78171 8.78615 0
    endloop
  endfacet
  facet normal 0 0 -1
    outer loop
      vertex 7.71675 8.42529 0
      vertex 7.59999 8.79999 0
      vertex 7.78171 8.78615 0
    endloop
  endfacet
  facet normal 0 0 -1
    outer loop
      vertex 7.4817 8.48615 0
      vertex 7.59999 8.79999 0
      vertex 7.71675 8.42529 0
    endloop
  endfacet
  facet normal 0 0 -1
    outer loop
      vertex 7.29999 8.49998 0
      vertex 7.59999 8.79999 0
      vertex 7.4817 8.48615 0
    endloop
  endfacet
  facet normal 0 0 -1
    outer loop
      vertex -7.29999 8.49998 0
      vertex 7.59999 8.79999 0
      vertex 7.29999 8.49998 0
    endloop
  endfacet
  facet normal 0 0 -1
    outer loop
      vertex -7.29999 8.49998 0
      vertex -7.59999 8.79999 0
      vertex 7.59999 8.79999 0
    endloop
  endfacet
  facet normal 0 0 -1
    outer loop
      vertex -7.54155 8.47542 0
      vertex -7.59999 8.79999 0
      vertex -7.29999 8.49998 0
    endloop
  endfacet
  facet normal 0 0 -1
    outer loop
      vertex -7.84155 8.77542 0
      vertex -7.54155 8.47542 0
      vertex -7.77321 8.40274 0
    endloop
  endfacet
  facet normal 0 0 -1
    outer loop
      vertex -7.54155 8.47542 0
      vertex -7.84155 8.77542 0
      vertex -7.59999 8.79999 0
    endloop
  endfacet
  facet normal 0 0 -1
    outer loop
      vertex -8.07321 8.70274 0
      vertex -7.77321 8.40274 0
      vertex -7.9855 8.2849 0
    endloop
  endfacet
  facet normal 0 0 -1
    outer loop
      vertex -7.77321 8.40274 0
      vertex -8.07321 8.70274 0
      vertex -7.84155 8.77542 0
    endloop
  endfacet
  facet normal 0 0 -1
    outer loop
      vertex -8.28551 8.5849 0
      vertex -7.9855 8.2849 0
      vertex -8.16974 8.12675 0
    endloop
  endfacet
  facet normal 0 0 -1
    outer loop
      vertex -7.9855 8.2849 0
      vertex -8.28551 8.5849 0
      vertex -8.07321 8.70274 0
    endloop
  endfacet
  facet normal 0 0 -1
    outer loop
      vertex -8.61836 8.23474 0
      vertex -8.16974 8.12675 0
      vertex -8.31836 7.93474 0
    endloop
  endfacet
  facet normal 0 0 -1
    outer loop
      vertex -8.7253 8.01675 0
      vertex -8.31836 7.93474 0
      vertex -8.42529 7.71675 0
    endloop
  endfacet
  facet normal 0 0 -1
    outer loop
      vertex -8.16974 8.12675 0
      vertex -8.46974 8.42676 0
      vertex -8.28551 8.5849 0
    endloop
  endfacet
  facet normal 0 0 -1
    outer loop
      vertex -8.79999 7.59999 0
      vertex -8.42529 7.71675 0
      vertex -8.48615 7.4817 0
    endloop
  endfacet
  facet normal 0 0 -1
    outer loop
      vertex -8.79999 7.59999 0
      vertex -8.48615 7.4817 0
      vertex -8.49998 7.29999 0
    endloop
  endfacet
  facet normal 0 0 -1
    outer loop
      vertex -8.16974 8.12675 0
      vertex -8.61836 8.23474 0
      vertex -8.46974 8.42676 0
    endloop
  endfacet
  facet normal -0 0 -1
    outer loop
      vertex -8.49998 -7.29999 0
      vertex -8.79999 -7.59999 0
      vertex -8.49998 7.29999 0
    endloop
  endfacet
  facet normal 0 0 -1
    outer loop
      vertex -8.79999 -7.59999 0
      vertex -8.47542 -7.54155 0
      vertex -8.77542 -7.84155 0
    endloop
  endfacet
  facet normal -0 0 -1
    outer loop
      vertex -8.49998 7.29999 0
      vertex -8.79999 -7.59999 0
      vertex -8.79999 7.59999 0
    endloop
  endfacet
  facet normal -0 0 -1
    outer loop
      vertex -8.47542 -7.54155 0
      vertex -8.79999 -7.59999 0
      vertex -8.49998 -7.29999 0
    endloop
  endfacet
  facet normal -0 0 -1
    outer loop
      vertex -8.42529 7.71675 0
      vertex -8.79999 7.59999 0
      vertex -8.78615 7.78171 0
    endloop
  endfacet
  facet normal 0 0 -1
    outer loop
      vertex -8.31836 7.93474 0
      vertex -8.7253 8.01675 0
      vertex -8.61836 8.23474 0
    endloop
  endfacet
  facet normal 0 0 -1
    outer loop
      vertex -8.42529 7.71675 0
      vertex -8.78615 7.78171 0
      vertex -8.7253 8.01675 0
    endloop
  endfacet
  facet normal 0.654669 0.561962 0.505576
    outer loop
      vertex 8.62675 8.66974 0.209999
      vertex 7.1485 7.06311 3.91
      vertex 8.7849 8.4855 0.209999
    endloop
  endfacet
  facet normal 0.711157 0.490917 0.503246
    outer loop
      vertex 8.7849 8.4855 0.209999
      vertex 7.1485 7.06311 3.91
      vertex 7.28545 6.86472 3.91
    endloop
  endfacet
  facet normal 0.78338 -0.384239 0.488545
    outer loop
      vertex 7.78789 -7.26756 2.78035
      vertex 8.92529 -8.21675 0.209999
      vertex 7.8139 -7.1949 2.79579
    endloop
  endfacet
  facet normal 0.783367 -0.384263 0.488548
    outer loop
      vertex 8.92529 -8.21675 0.209999
      vertex 7.78789 -7.26756 2.78035
      vertex 8.81836 -8.43474 0.209999
    endloop
  endfacet
  facet normal 0.770592 -0.404418 0.492579
    outer loop
      vertex 7.78789 -7.26756 2.78035
      vertex 7.72491 -7.4295 2.74592
      vertex 8.81836 -8.43474 0.209999
    endloop
  endfacet
  facet normal 0.683024 -0.528599 0.504046
    outer loop
      vertex 7.6837 -7.49628 2.73173
      vertex 8.81836 -8.43474 0.209999
      vertex 7.72491 -7.4295 2.74592
    endloop
  endfacet
  facet normal 0.682986 -0.528646 0.504047
    outer loop
      vertex 8.81836 -8.43474 0.209999
      vertex 7.6837 -7.49628 2.73173
      vertex 8.66974 -8.62675 0.209999
    endloop
  endfacet
  facet normal -0.101151 0.994871 0
    outer loop
      vertex -7.79999 8.99998 0.2
      vertex -8.04155 8.97542 0.209999
      vertex -7.79999 8.99998 0.209999
    endloop
  endfacet
  facet normal -0.101151 0.994871 0
    outer loop
      vertex -8.04155 8.97542 0.209999
      vertex -7.79999 8.99998 0.2
      vertex -8.04155 8.97542 0.2
    endloop
  endfacet
  facet normal -0.860599 0.222829 0.457947
    outer loop
      vertex -8.92529 8.21675 0.209999
      vertex -8.98615 7.9817 0.209999
      vertex -7.33501 6.75459 3.91
    endloop
  endfacet
  facet normal 0 -0.0871513 0.996195
    outer loop
      vertex -7.65757 3.13585 3.31434
      vertex 7.69704 2.09269 3.22308
      vertex 7.65757 3.13585 3.31434
    endloop
  endfacet
  facet normal 0 -0.0871513 0.996195
    outer loop
      vertex 7.69704 2.09269 3.22308
      vertex -7.65757 3.13585 3.31434
      vertex -7.69704 2.09269 3.22308
    endloop
  endfacet
  facet normal 0 -0.0174475 0.999848
    outer loop
      vertex -7.72074 1.04698 3.16827
      vertex 7.72864 0 3.15
      vertex 7.72074 1.04698 3.16827
    endloop
  endfacet
  facet normal 0 -0.0174475 0.999848
    outer loop
      vertex 7.72864 0 3.15
      vertex -7.72074 1.04698 3.16827
      vertex -7.72864 0 3.15
    endloop
  endfacet
  facet normal 0 0.0523423 0.998629
    outer loop
      vertex 7.72074 -1.04698 3.16827
      vertex -7.69704 -2.09269 3.22308
      vertex 7.69704 -2.09269 3.22308
    endloop
  endfacet
  facet normal 0 0.0523423 0.998629
    outer loop
      vertex -7.69704 -2.09269 3.22308
      vertex 7.72074 -1.04698 3.16827
      vertex -7.72074 -1.04698 3.16827
    endloop
  endfacet
  facet normal 0 -0.190804 0.981628
    outer loop
      vertex -7.53155 5.20944 3.60577
      vertex -4.65494 6.23735 3.80557
      vertex -7.44515 6.23735 3.80557
    endloop
  endfacet
  facet normal -2.19859e-06 -0.190798 0.981629
    outer loop
      vertex -4.65494 6.23735 3.80557
      vertex -7.53155 5.20944 3.60577
      vertex -3.83661 5.86902 3.73398
    endloop
  endfacet
  facet normal 0 -0.190756 0.981638
    outer loop
      vertex -1.91947 5.35214 3.6335
      vertex -7.53155 5.20944 3.60577
      vertex -0.330438 5.20944 3.60577
    endloop
  endfacet
  facet normal 1.67408e-06 -0.190819 0.981625
    outer loop
      vertex -3.83661 5.86902 3.73398
      vertex -7.53155 5.20944 3.60577
      vertex -1.91947 5.35214 3.6335
    endloop
  endfacet
  facet normal 0 -0.190804 0.981628
    outer loop
      vertex 4.65494 6.23735 3.80557
      vertex 7.53155 5.20944 3.60577
      vertex 7.44515 6.23735 3.80557
    endloop
  endfacet
  facet normal 2.19859e-06 -0.190798 0.981629
    outer loop
      vertex 3.83661 5.86902 3.73398
      vertex 7.53155 5.20944 3.60577
      vertex 4.65494 6.23735 3.80557
    endloop
  endfacet
  facet normal -1.67408e-06 -0.190819 0.981625
    outer loop
      vertex 1.91947 5.35214 3.6335
      vertex 7.53155 5.20944 3.60577
      vertex 3.83661 5.86902 3.73398
    endloop
  endfacet
  facet normal 0 -0.190756 0.981638
    outer loop
      vertex 7.53155 5.20944 3.60577
      vertex 1.91947 5.35214 3.6335
      vertex 0.330438 5.20944 3.60577
    endloop
  endfacet
  facet normal 0 0.121872 0.992546
    outer loop
      vertex 7.65757 -3.13585 3.31434
      vertex -7.60307 -4.16234 3.44038
      vertex 7.60307 -4.16234 3.44038
    endloop
  endfacet
  facet normal 0 0.121872 0.992546
    outer loop
      vertex -7.60307 -4.16234 3.44038
      vertex 7.65757 -3.13585 3.31434
      vertex -7.65757 -3.13585 3.31434
    endloop
  endfacet
  facet normal 0 -0.0523423 0.998629
    outer loop
      vertex -7.69704 2.09269 3.22308
      vertex 7.72074 1.04698 3.16827
      vertex 7.69704 2.09269 3.22308
    endloop
  endfacet
  facet normal 0 -0.0523423 0.998629
    outer loop
      vertex 7.72074 1.04698 3.16827
      vertex -7.69704 2.09269 3.22308
      vertex -7.72074 1.04698 3.16827
    endloop
  endfacet
  facet normal 0 -0.121874 0.992546
    outer loop
      vertex -7.60239 4.17519 3.44196
      vertex 7.65757 3.13585 3.31434
      vertex 7.60239 4.17519 3.44196
    endloop
  endfacet
  facet normal 0 -0.121874 0.992546
    outer loop
      vertex 7.65757 3.13585 3.31434
      vertex -7.60239 4.17519 3.44196
      vertex -7.65757 3.13585 3.31434
    endloop
  endfacet
  facet normal 0 0.0174475 0.999848
    outer loop
      vertex 7.72864 0 3.15
      vertex -7.72074 -1.04698 3.16827
      vertex 7.72074 -1.04698 3.16827
    endloop
  endfacet
  facet normal 0 0.0174475 0.999848
    outer loop
      vertex -7.72074 -1.04698 3.16827
      vertex 7.72864 0 3.15
      vertex -7.72864 0 3.15
    endloop
  endfacet
  facet normal 0 0.0871513 0.996195
    outer loop
      vertex 7.69704 -2.09269 3.22308
      vertex -7.65757 -3.13585 3.31434
      vertex 7.65757 -3.13585 3.31434
    endloop
  endfacet
  facet normal 0 0.0871513 0.996195
    outer loop
      vertex -7.65757 -3.13585 3.31434
      vertex 7.69704 -2.09269 3.22308
      vertex -7.69704 -2.09269 3.22308
    endloop
  endfacet
  facet normal 0 -0.224949 0.974371
    outer loop
      vertex -7.42609 6.42602 3.84913
      vertex -5.81996 6.68968 3.91
      vertex -7.3469 6.68968 3.91
    endloop
  endfacet
  facet normal 0.000306824 -0.226723 0.973959
    outer loop
      vertex -7.42659 6.42327 3.84849
      vertex -5.81996 6.68968 3.91
      vertex -7.42609 6.42602 3.84913
    endloop
  endfacet
  facet normal -5.38002e-06 -0.224936 0.974374
    outer loop
      vertex -7.44515 6.23735 3.80557
      vertex -5.81996 6.68968 3.91
      vertex -7.42659 6.42327 3.84849
    endloop
  endfacet
  facet normal -1.81649e-05 -0.224892 0.974384
    outer loop
      vertex -5.81996 6.68968 3.91
      vertex -7.44515 6.23735 3.80557
      vertex -5.74907 6.65198 3.9013
    endloop
  endfacet
  facet normal 0 -0.224962 0.974367
    outer loop
      vertex -5.74907 6.65198 3.9013
      vertex -7.44515 6.23735 3.80557
      vertex -4.65494 6.23735 3.80557
    endloop
  endfacet
  facet normal -0.000721746 -0.225004 0.974357
    outer loop
      vertex 7.42582 6.42691 3.84933
      vertex 7.44515 6.23735 3.80557
      vertex 7.42659 6.42327 3.84849
    endloop
  endfacet
  facet normal -0.000423886 -0.225081 0.97434
    outer loop
      vertex 7.35184 6.68968 3.91
      vertex 7.42582 6.42691 3.84933
      vertex 7.37558 6.64336 3.89931
    endloop
  endfacet
  facet normal 0.0178434 -0.216147 0.976198
    outer loop
      vertex 7.35184 6.68968 3.91
      vertex 7.37558 6.64336 3.89931
      vertex 7.37531 6.64397 3.89945
    endloop
  endfacet
  facet normal 0 -0.224968 0.974366
    outer loop
      vertex 5.81996 6.68968 3.91
      vertex 7.42582 6.42691 3.84933
      vertex 7.35184 6.68968 3.91
    endloop
  endfacet
  facet normal 5.82683e-06 -0.224934 0.974374
    outer loop
      vertex 7.42582 6.42691 3.84933
      vertex 5.81996 6.68968 3.91
      vertex 7.44515 6.23735 3.80557
    endloop
  endfacet
  facet normal 1.81649e-05 -0.224892 0.974384
    outer loop
      vertex 5.74907 6.65198 3.9013
      vertex 7.44515 6.23735 3.80557
      vertex 5.81996 6.68968 3.91
    endloop
  endfacet
  facet normal 0 -0.224962 0.974367
    outer loop
      vertex 7.44515 6.23735 3.80557
      vertex 5.74907 6.65198 3.9013
      vertex 4.65494 6.23735 3.80557
    endloop
  endfacet
  facet normal 0 -0.156435 0.987688
    outer loop
      vertex 0.330438 5.20944 3.60577
      vertex 7.60239 4.17519 3.44196
      vertex 7.53155 5.20944 3.60577
    endloop
  endfacet
  facet normal -5.37444e-06 -0.156472 0.987682
    outer loop
      vertex 0 5.17303 3.6
      vertex 7.60239 4.17519 3.44196
      vertex 0.330438 5.20944 3.60577
    endloop
  endfacet
  facet normal 5.37444e-06 -0.156472 0.987682
    outer loop
      vertex -7.60239 4.17519 3.44196
      vertex 0 5.17303 3.6
      vertex -0.330438 5.20944 3.60577
    endloop
  endfacet
  facet normal 0 -0.156435 0.987688
    outer loop
      vertex -7.60239 4.17519 3.44196
      vertex -0.330438 5.20944 3.60577
      vertex -7.53155 5.20944 3.60577
    endloop
  endfacet
  facet normal 0 -0.156432 0.987689
    outer loop
      vertex 0 5.17303 3.6
      vertex -7.60239 4.17519 3.44196
      vertex 7.60239 4.17519 3.44196
    endloop
  endfacet
  facet normal 0.017459 0 0.999848
    outer loop
      vertex 0 7.53405 3.6
      vertex -0.330438 5.20944 3.60577
      vertex 0 5.17303 3.6
    endloop
  endfacet
  facet normal 0.0174501 1.27165e-06 0.999848
    outer loop
      vertex -1.91947 7.51956 3.6335
      vertex -0.330438 5.20944 3.60577
      vertex 0 7.53405 3.6
    endloop
  endfacet
  facet normal 0.0174482 0 0.999848
    outer loop
      vertex -0.330438 5.20944 3.60577
      vertex -1.91947 7.51956 3.6335
      vertex -1.91947 5.35214 3.6335
    endloop
  endfacet
  facet normal -0.121811 0 0.992553
    outer loop
      vertex 5.74907 7.40376 3.9013
      vertex 5.81996 6.68968 3.91
      vertex 5.81996 7.39999 3.91
    endloop
  endfacet
  facet normal -0.121811 0 0.992553
    outer loop
      vertex 5.81996 6.68968 3.91
      vertex 5.74907 7.40376 3.9013
      vertex 5.74907 6.65198 3.9013
    endloop
  endfacet
  facet normal 0.0523396 -0 0.998629
    outer loop
      vertex -3.83661 5.86902 3.73398
      vertex -1.91947 7.51956 3.6335
      vertex -3.83661 7.47611 3.73398
    endloop
  endfacet
  facet normal 0.0523396 0 0.998629
    outer loop
      vertex -1.91947 7.51956 3.6335
      vertex -3.83661 5.86902 3.73398
      vertex -1.91947 5.35214 3.6335
    endloop
  endfacet
  facet normal -0.0523396 0 0.998629
    outer loop
      vertex 1.91947 7.51956 3.6335
      vertex 3.83661 5.86902 3.73398
      vertex 3.83661 7.47611 3.73398
    endloop
  endfacet
  facet normal -0.0523396 0 0.998629
    outer loop
      vertex 3.83661 5.86902 3.73398
      vertex 1.91947 7.51956 3.6335
      vertex 1.91947 5.35214 3.6335
    endloop
  endfacet
  facet normal -0.0174482 0 0.999848
    outer loop
      vertex 1.91947 7.51956 3.6335
      vertex 0.330438 5.20944 3.60577
      vertex 1.91947 5.35214 3.6335
    endloop
  endfacet
  facet normal -0.0174501 1.27165e-06 0.999848
    outer loop
      vertex 0 7.53405 3.6
      vertex 0.330438 5.20944 3.60577
      vertex 1.91947 7.51956 3.6335
    endloop
  endfacet
  facet normal -0.017459 0 0.999848
    outer loop
      vertex 0.330438 5.20944 3.60577
      vertex 0 7.53405 3.6
      vertex 0 5.17303 3.6
    endloop
  endfacet
  facet normal -0.0871612 0 0.996194
    outer loop
      vertex 5.74907 7.40376 3.9013
      vertex 4.65494 6.23735 3.80557
      vertex 5.74907 6.65198 3.9013
    endloop
  endfacet
  facet normal -0.0871566 -4.29733e-06 0.996195
    outer loop
      vertex 3.83661 7.47611 3.73398
      vertex 4.65494 6.23735 3.80557
      vertex 5.74907 7.40376 3.9013
    endloop
  endfacet
  facet normal -0.0871502 0 0.996195
    outer loop
      vertex 4.65494 6.23735 3.80557
      vertex 3.83661 7.47611 3.73398
      vertex 3.83661 5.86902 3.73398
    endloop
  endfacet
  facet normal 0.0871502 0 0.996195
    outer loop
      vertex -3.83661 7.47611 3.73398
      vertex -4.65494 6.23735 3.80557
      vertex -3.83661 5.86902 3.73398
    endloop
  endfacet
  facet normal 0.0871566 -4.29733e-06 0.996195
    outer loop
      vertex -5.74907 7.40376 3.9013
      vertex -4.65494 6.23735 3.80557
      vertex -3.83661 7.47611 3.73398
    endloop
  endfacet
  facet normal 0.0871612 0 0.996194
    outer loop
      vertex -4.65494 6.23735 3.80557
      vertex -5.74907 7.40376 3.9013
      vertex -5.74907 6.65198 3.9013
    endloop
  endfacet
  facet normal 0.121811 -0 0.992553
    outer loop
      vertex -5.81996 6.68968 3.91
      vertex -5.74907 7.40376 3.9013
      vertex -5.81996 7.39999 3.91
    endloop
  endfacet
  facet normal 0.121811 0 0.992553
    outer loop
      vertex -5.74907 7.40376 3.9013
      vertex -5.81996 6.68968 3.91
      vertex -5.74907 6.65198 3.9013
    endloop
  endfacet
  facet normal -6.98313e-05 -0.207858 0.978159
    outer loop
      vertex 6.88242 -7.95134 2.635
      vertex 7.84571 -6.84446 2.87028
      vertex 7.8445 -6.78893 2.88208
    endloop
  endfacet
  facet normal -1.55954e-05 -0.207903 0.978149
    outer loop
      vertex 7.84571 -6.84446 2.87028
      vertex 6.88242 -7.95134 2.635
      vertex 7.825 -7.11875 2.81198
    endloop
  endfacet
  facet normal 0.000507665 -0.208029 0.978122
    outer loop
      vertex 7.825 -7.11875 2.81198
      vertex 7.78789 -7.26756 2.78035
      vertex 7.8139 -7.1949 2.79579
    endloop
  endfacet
  facet normal -1.40877e-05 -0.207905 0.978149
    outer loop
      vertex 7.825 -7.11875 2.81198
      vertex 6.96479 -7.94203 2.63698
      vertex 7.78789 -7.26756 2.78035
    endloop
  endfacet
  facet normal 0.000517953 -0.208154 0.978096
    outer loop
      vertex 7.78789 -7.26756 2.78035
      vertex 7.6837 -7.49628 2.73173
      vertex 7.72491 -7.4295 2.74592
    endloop
  endfacet
  facet normal -1.51696e-06 -0.207912 0.978147
    outer loop
      vertex 6.88242 -7.95134 2.635
      vertex 7.8445 -6.78893 2.88208
      vertex 7.60307 -4.16234 3.44038
    endloop
  endfacet
  facet normal -1.38107e-05 -0.207905 0.978149
    outer loop
      vertex 7.825 -7.11875 2.81198
      vertex 6.88242 -7.95134 2.635
      vertex 6.96479 -7.94203 2.63698
    endloop
  endfacet
  facet normal 9.4924e-06 -0.207932 0.978143
    outer loop
      vertex 7.78789 -7.26756 2.78035
      vertex 6.96479 -7.94203 2.63698
      vertex 7.6837 -7.49628 2.73173
    endloop
  endfacet
  facet normal 1.51713e-05 -0.207941 0.978141
    outer loop
      vertex 7.53171 -7.6876 2.69106
      vertex 7.6837 -7.49628 2.73173
      vertex 6.96479 -7.94203 2.63698
    endloop
  endfacet
  facet normal -0.000568863 -0.207497 0.978235
    outer loop
      vertex 7.6837 -7.49628 2.73173
      vertex 7.53171 -7.6876 2.69106
      vertex 7.58715 -7.63066 2.70317
    endloop
  endfacet
  facet normal 2.55658e-05 -0.207963 0.978137
    outer loop
      vertex 7.53171 -7.6876 2.69106
      vertex 6.96479 -7.94203 2.63698
      vertex 7.40803 -7.78808 2.6697
    endloop
  endfacet
  facet normal -2.48075e-05 -0.207825 0.978166
    outer loop
      vertex 7.19693 -7.89372 2.64725
      vertex 7.40803 -7.78808 2.6697
      vertex 6.96479 -7.94203 2.63698
    endloop
  endfacet
  facet normal 3.89536e-05 -0.208118 0.978104
    outer loop
      vertex 7.19693 -7.89372 2.64725
      vertex 6.96479 -7.94203 2.63698
      vertex 7.12007 -7.92104 2.64144
    endloop
  endfacet
  facet normal -0.000251979 -0.20739 0.978258
    outer loop
      vertex 7.40803 -7.78808 2.6697
      vertex 7.19693 -7.89372 2.64725
      vertex 7.34039 -7.83163 2.66045
    endloop
  endfacet
  facet normal 0 -0.207912 0.978147
    outer loop
      vertex 7.60307 -4.16234 3.44038
      vertex -6.88242 -7.95134 2.635
      vertex 6.88242 -7.95134 2.635
    endloop
  endfacet
  facet normal 0 -0.207912 0.978147
    outer loop
      vertex -7.60307 -4.16234 3.44038
      vertex -6.88242 -7.95134 2.635
      vertex 7.60307 -4.16234 3.44038
    endloop
  endfacet
  facet normal 1.51696e-06 -0.207912 0.978147
    outer loop
      vertex -7.8445 -6.78893 2.88208
      vertex -6.88242 -7.95134 2.635
      vertex -7.60307 -4.16234 3.44038
    endloop
  endfacet
  facet normal 9.21775e-06 -0.207906 0.978149
    outer loop
      vertex -7.84438 -6.86303 2.86633
      vertex -6.88242 -7.95134 2.635
      vertex -7.8445 -6.78893 2.88208
    endloop
  endfacet
  facet normal 1.39897e-05 -0.207902 0.97815
    outer loop
      vertex -7.82605 -7.12476 2.8107
      vertex -6.88242 -7.95134 2.635
      vertex -7.84438 -6.86303 2.86633
    endloop
  endfacet
  facet normal 7.04932e-05 -0.20784 0.978163
    outer loop
      vertex -6.88242 -7.95134 2.635
      vertex -7.82605 -7.12476 2.8107
      vertex -6.94456 -7.94609 2.63612
    endloop
  endfacet
  facet normal -1.44914e-05 -0.207928 0.978144
    outer loop
      vertex -7.75199 -7.36901 2.75878
      vertex -6.94456 -7.94609 2.63612
      vertex -7.82605 -7.12476 2.8107
    endloop
  endfacet
  facet normal 5.14016e-05 -0.207695 0.978194
    outer loop
      vertex -7.17376 -7.89901 2.64613
      vertex -7.32246 -7.83636 2.65944
      vertex -7.25213 -7.87614 2.65099
    endloop
  endfacet
  facet normal 1.80369e-05 -0.207884 0.978153
    outer loop
      vertex -6.94456 -7.94609 2.63612
      vertex -7.75199 -7.36901 2.75878
      vertex -7.17376 -7.89901 2.64613
    endloop
  endfacet
  facet normal 0.000177221 -0.207687 0.978195
    outer loop
      vertex -7.32246 -7.83636 2.65944
      vertex -7.51575 -7.70069 2.68828
      vertex -7.4569 -7.75471 2.6768
    endloop
  endfacet
  facet normal -7.40177e-05 -0.20798 0.978133
    outer loop
      vertex -7.17376 -7.89901 2.64613
      vertex -7.75199 -7.36901 2.75878
      vertex -7.32246 -7.83636 2.65944
    endloop
  endfacet
  facet normal 0.000330728 -0.207652 0.978203
    outer loop
      vertex -7.51575 -7.70069 2.68828
      vertex -7.67164 -7.51783 2.72715
      vertex -7.62659 -7.58272 2.71336
    endloop
  endfacet
  facet normal 2.79535e-05 -0.20789 0.978152
    outer loop
      vertex -7.32246 -7.83636 2.65944
      vertex -7.75199 -7.36901 2.75878
      vertex -7.51575 -7.70069 2.68828
    endloop
  endfacet
  facet normal 8.87235e-05 -0.207849 0.978161
    outer loop
      vertex -7.51575 -7.70069 2.68828
      vertex -7.75199 -7.36901 2.75878
      vertex -7.67164 -7.51783 2.72715
    endloop
  endfacet
  facet normal -0.000133512 -0.207912 0.978148
    outer loop
      vertex -7.82605 -7.12476 2.8107
      vertex -7.84438 -6.86303 2.86633
      vertex -7.84074 -7.0499 2.82661
    endloop
  endfacet
  facet normal 0.00031772 -0.207831 0.978165
    outer loop
      vertex -7.75199 -7.36901 2.75878
      vertex -7.82605 -7.12476 2.8107
      vertex -7.78197 -7.29714 2.77406
    endloop
  endfacet
  facet normal -0.701419 0.344097 -0.624186
    outer loop
      vertex 8.42529 -7.71675 0
      vertex 7.11836 -6.73474 2.01
      vertex 7.2253 -6.51675 2.01
    endloop
  endfacet
  facet normal -0.701434 0.344072 -0.624183
    outer loop
      vertex 7.11836 -6.73474 2.01
      vertex 8.42529 -7.71675 0
      vertex 8.31836 -7.93474 0
    endloop
  endfacet
  facet normal 0.606258 -0.469233 -0.642084
    outer loop
      vertex -8.31836 7.93474 0
      vertex -6.96974 6.92676 2.01
      vertex -7.11836 6.73474 2.01
    endloop
  endfacet
  facet normal 0.606246 -0.469248 -0.642084
    outer loop
      vertex -6.96974 6.92676 2.01
      vertex -8.31836 7.93474 0
      vertex -8.16974 8.12675 0
    endloop
  endfacet
  facet normal -0.839601 0.063945 -0.539426
    outer loop
      vertex 8.49998 -7.29999 0
      vertex 7.28615 -6.28171 2.01
      vertex 7.29999 -6.09999 2.01
    endloop
  endfacet
  facet normal -0.839613 0.0639032 -0.539413
    outer loop
      vertex 7.28615 -6.28171 2.01
      vertex 8.49998 -7.29999 0
      vertex 8.48615 -7.4817 0
    endloop
  endfacet
  facet normal 0.063945 0.839601 -0.539426
    outer loop
      vertex -7.29999 -8.49998 0
      vertex -6.28171 -7.28615 2.01
      vertex -6.09999 -7.29999 2.01
    endloop
  endfacet
  facet normal 0.0639032 0.839613 -0.539413
    outer loop
      vertex -6.28171 -7.28615 2.01
      vertex -7.29999 -8.49998 0
      vertex -7.4817 -8.48615 0
    endloop
  endfacet
  facet normal -0.344097 -0.701419 -0.624186
    outer loop
      vertex 7.71675 8.42529 0
      vertex 6.73474 7.11836 2.01
      vertex 6.51675 7.2253 2.01
    endloop
  endfacet
  facet normal -0.344072 -0.701434 -0.624183
    outer loop
      vertex 6.73474 7.11836 2.01
      vertex 7.71675 8.42529 0
      vertex 7.93474 8.31836 0
    endloop
  endfacet
  facet normal 0.202662 0.782806 -0.588339
    outer loop
      vertex -7.4817 -8.48615 0
      vertex -6.51675 -7.2253 2.01
      vertex -6.28171 -7.28615 2.01
    endloop
  endfacet
  facet normal 0.202685 0.782797 -0.588343
    outer loop
      vertex -6.51675 -7.2253 2.01
      vertex -7.4817 -8.48615 0
      vertex -7.71675 -8.42529 0
    endloop
  endfacet
  facet normal 0.239668 -0.763918 -0.599156
    outer loop
      vertex -7.54155 8.47542 0
      vertex -6.57321 7.20274 2.01
      vertex -7.77321 8.40274 0
    endloop
  endfacet
  facet normal 0.239668 -0.763918 -0.599156
    outer loop
      vertex -6.57321 7.20274 2.01
      vertex -7.54155 8.47542 0
      vertex -6.34155 7.27542 2.01
    endloop
  endfacet
  facet normal -0.858623 0 -0.512607
    outer loop
      vertex 8.49998 7.29999 0
      vertex 7.29999 -6.09999 2.01
      vertex 7.29999 6.09999 2.01
    endloop
  endfacet
  facet normal -0.858623 0 -0.512607
    outer loop
      vertex 7.29999 -6.09999 2.01
      vertex 8.49998 7.29999 0
      vertex 8.49998 -7.29999 0
    endloop
  endfacet
  facet normal -0.376814 0.678834 -0.630235
    outer loop
      vertex 7.77321 -8.40274 0
      vertex 6.78551 -7.0849 2.01
      vertex 7.9855 -8.2849 0
    endloop
  endfacet
  facet normal -0.3768 0.678842 -0.630234
    outer loop
      vertex 6.78551 -7.0849 2.01
      vertex 7.77321 -8.40274 0
      vertex 6.57321 -7.20274 2.01
    endloop
  endfacet
  facet normal -0.678834 -0.376814 -0.630235
    outer loop
      vertex 8.40274 7.77321 0
      vertex 7.0849 6.78551 2.01
      vertex 8.2849 7.9855 0
    endloop
  endfacet
  facet normal -0.678842 -0.3768 -0.630234
    outer loop
      vertex 7.0849 6.78551 2.01
      vertex 8.40274 7.77321 0
      vertex 7.20274 6.57321 2.01
    endloop
  endfacet
  facet normal 0.498272 -0.580477 -0.644027
    outer loop
      vertex -6.96974 6.92676 2.01
      vertex -7.9855 8.2849 0
      vertex -6.78551 7.0849 2.01
    endloop
  endfacet
  facet normal 0.498275 -0.580475 -0.644027
    outer loop
      vertex -7.9855 8.2849 0
      vertex -6.96974 6.92676 2.01
      vertex -8.16974 8.12675 0
    endloop
  endfacet
  facet normal 0 -0.858623 -0.512607
    outer loop
      vertex -7.29999 8.49998 0
      vertex 6.09999 7.29999 2.01
      vertex -6.09999 7.29999 2.01
    endloop
  endfacet
  facet normal 0 -0.858623 -0.512607
    outer loop
      vertex 6.09999 7.29999 2.01
      vertex -7.29999 8.49998 0
      vertex 7.29999 8.49998 0
    endloop
  endfacet
  facet normal 0.344097 0.701419 -0.624186
    outer loop
      vertex -7.71675 -8.42529 0
      vertex -6.73474 -7.11836 2.01
      vertex -6.51675 -7.2253 2.01
    endloop
  endfacet
  facet normal 0.344072 0.701434 -0.624183
    outer loop
      vertex -6.73474 -7.11836 2.01
      vertex -7.71675 -8.42529 0
      vertex -7.93474 -8.31836 0
    endloop
  endfacet
  facet normal 0.858623 0 -0.512607
    outer loop
      vertex -7.29999 -6.09999 2.01
      vertex -8.49998 7.29999 0
      vertex -7.29999 6.09999 2.01
    endloop
  endfacet
  facet normal 0.858623 0 -0.512607
    outer loop
      vertex -8.49998 7.29999 0
      vertex -7.29999 -6.09999 2.01
      vertex -8.49998 -7.29999 0
    endloop
  endfacet
  facet normal 0.580475 0.498275 -0.644027
    outer loop
      vertex -8.2849 -7.9855 0
      vertex -6.92676 -6.96974 2.01
      vertex -8.12675 -8.16974 0
    endloop
  endfacet
  facet normal 0.580477 0.498272 -0.644027
    outer loop
      vertex -6.92676 -6.96974 2.01
      vertex -8.2849 -7.9855 0
      vertex -7.0849 -6.78551 2.01
    endloop
  endfacet
  facet normal 0.376814 -0.678834 -0.630235
    outer loop
      vertex -7.77321 8.40274 0
      vertex -6.78551 7.0849 2.01
      vertex -7.9855 8.2849 0
    endloop
  endfacet
  facet normal 0.3768 -0.678842 -0.630234
    outer loop
      vertex -6.78551 7.0849 2.01
      vertex -7.77321 8.40274 0
      vertex -6.57321 7.20274 2.01
    endloop
  endfacet
  facet normal 0.469233 0.606258 -0.642084
    outer loop
      vertex -7.93474 -8.31836 0
      vertex -6.92676 -6.96974 2.01
      vertex -6.73474 -7.11836 2.01
    endloop
  endfacet
  facet normal 0.469248 0.606246 -0.642084
    outer loop
      vertex -6.92676 -6.96974 2.01
      vertex -7.93474 -8.31836 0
      vertex -8.12675 -8.16974 0
    endloop
  endfacet
  facet normal 0.763918 0.239668 -0.599156
    outer loop
      vertex -7.20274 -6.57321 2.01
      vertex -8.47542 -7.54155 0
      vertex -7.27542 -6.34155 2.01
    endloop
  endfacet
  facet normal 0.763918 0.239668 -0.599156
    outer loop
      vertex -8.47542 -7.54155 0
      vertex -7.20274 -6.57321 2.01
      vertex -8.40274 -7.77321 0
    endloop
  endfacet
  facet normal -0.498275 0.580475 -0.644027
    outer loop
      vertex 7.9855 -8.2849 0
      vertex 6.96974 -6.92676 2.01
      vertex 8.16974 -8.12675 0
    endloop
  endfacet
  facet normal -0.498272 0.580477 -0.644027
    outer loop
      vertex 6.96974 -6.92676 2.01
      vertex 7.9855 -8.2849 0
      vertex 6.78551 -7.0849 2.01
    endloop
  endfacet
  facet normal -0.0846411 0.832488 -0.54754
    outer loop
      vertex 7.29999 -8.49998 0
      vertex 6.34155 -7.27542 2.01
      vertex 7.54155 -8.47542 0
    endloop
  endfacet
  facet normal -0.0846746 0.832478 -0.54755
    outer loop
      vertex 6.34155 -7.27542 2.01
      vertex 7.29999 -8.49998 0
      vertex 6.09999 -7.29999 2.01
    endloop
  endfacet
  facet normal 0.0846411 -0.832488 -0.54754
    outer loop
      vertex -7.29999 8.49998 0
      vertex -6.34155 7.27542 2.01
      vertex -7.54155 8.47542 0
    endloop
  endfacet
  facet normal 0.0846746 -0.832478 -0.54755
    outer loop
      vertex -6.34155 7.27542 2.01
      vertex -7.29999 8.49998 0
      vertex -6.09999 7.29999 2.01
    endloop
  endfacet
  facet normal -0.763918 -0.239668 -0.599156
    outer loop
      vertex 8.47542 7.54155 0
      vertex 7.20274 6.57321 2.01
      vertex 8.40274 7.77321 0
    endloop
  endfacet
  facet normal -0.763918 -0.239668 -0.599156
    outer loop
      vertex 7.20274 6.57321 2.01
      vertex 8.47542 7.54155 0
      vertex 7.27542 6.34155 2.01
    endloop
  endfacet
  facet normal -0.782806 0.202662 -0.588339
    outer loop
      vertex 8.48615 -7.4817 0
      vertex 7.2253 -6.51675 2.01
      vertex 7.28615 -6.28171 2.01
    endloop
  endfacet
  facet normal -0.782797 0.202685 -0.588343
    outer loop
      vertex 7.2253 -6.51675 2.01
      vertex 8.48615 -7.4817 0
      vertex 8.42529 -7.71675 0
    endloop
  endfacet
  facet normal 0 0.858623 -0.512607
    outer loop
      vertex 7.29999 -8.49998 0
      vertex -6.09999 -7.29999 2.01
      vertex 6.09999 -7.29999 2.01
    endloop
  endfacet
  facet normal 0 0.858623 -0.512607
    outer loop
      vertex -6.09999 -7.29999 2.01
      vertex 7.29999 -8.49998 0
      vertex -7.29999 -8.49998 0
    endloop
  endfacet
  facet normal -0.063945 -0.839601 -0.539426
    outer loop
      vertex 7.29999 8.49998 0
      vertex 6.28171 7.28615 2.01
      vertex 6.09999 7.29999 2.01
    endloop
  endfacet
  facet normal -0.0639032 -0.839613 -0.539413
    outer loop
      vertex 6.28171 7.28615 2.01
      vertex 7.29999 8.49998 0
      vertex 7.4817 8.48615 0
    endloop
  endfacet
  facet normal -0.606246 0.469248 -0.642084
    outer loop
      vertex 6.96974 -6.92676 2.01
      vertex 8.31836 -7.93474 0
      vertex 8.16974 -8.12675 0
    endloop
  endfacet
  facet normal -0.606258 0.469233 -0.642084
    outer loop
      vertex 8.31836 -7.93474 0
      vertex 6.96974 -6.92676 2.01
      vertex 7.11836 -6.73474 2.01
    endloop
  endfacet
  facet normal -0.580477 -0.498272 -0.644027
    outer loop
      vertex 6.92676 6.96974 2.01
      vertex 8.2849 7.9855 0
      vertex 7.0849 6.78551 2.01
    endloop
  endfacet
  facet normal -0.580475 -0.498275 -0.644027
    outer loop
      vertex 8.2849 7.9855 0
      vertex 6.92676 6.96974 2.01
      vertex 8.12675 8.16974 0
    endloop
  endfacet
  facet normal -0.469248 -0.606246 -0.642084
    outer loop
      vertex 6.92676 6.96974 2.01
      vertex 7.93474 8.31836 0
      vertex 8.12675 8.16974 0
    endloop
  endfacet
  facet normal -0.469233 -0.606258 -0.642084
    outer loop
      vertex 7.93474 8.31836 0
      vertex 6.92676 6.96974 2.01
      vertex 6.73474 7.11836 2.01
    endloop
  endfacet
  facet normal 0.678842 0.3768 -0.630234
    outer loop
      vertex -7.0849 -6.78551 2.01
      vertex -8.40274 -7.77321 0
      vertex -7.20274 -6.57321 2.01
    endloop
  endfacet
  facet normal 0.678834 0.376814 -0.630235
    outer loop
      vertex -8.40274 -7.77321 0
      vertex -7.0849 -6.78551 2.01
      vertex -8.2849 -7.9855 0
    endloop
  endfacet
  facet normal -0.832488 -0.0846411 -0.54754
    outer loop
      vertex 8.49998 7.29999 0
      vertex 7.27542 6.34155 2.01
      vertex 8.47542 7.54155 0
    endloop
  endfacet
  facet normal -0.832478 -0.0846746 -0.54755
    outer loop
      vertex 7.27542 6.34155 2.01
      vertex 8.49998 7.29999 0
      vertex 7.29999 6.09999 2.01
    endloop
  endfacet
  facet normal 0.701434 -0.344072 -0.624183
    outer loop
      vertex -7.11836 6.73474 2.01
      vertex -8.42529 7.71675 0
      vertex -8.31836 7.93474 0
    endloop
  endfacet
  facet normal 0.701419 -0.344097 -0.624186
    outer loop
      vertex -8.42529 7.71675 0
      vertex -7.11836 6.73474 2.01
      vertex -7.2253 6.51675 2.01
    endloop
  endfacet
  facet normal -0.239668 0.763918 -0.599156
    outer loop
      vertex 7.54155 -8.47542 0
      vertex 6.57321 -7.20274 2.01
      vertex 7.77321 -8.40274 0
    endloop
  endfacet
  facet normal -0.239668 0.763918 -0.599156
    outer loop
      vertex 6.57321 -7.20274 2.01
      vertex 7.54155 -8.47542 0
      vertex 6.34155 -7.27542 2.01
    endloop
  endfacet
  facet normal 0.832478 0.0846746 -0.54755
    outer loop
      vertex -7.27542 -6.34155 2.01
      vertex -8.49998 -7.29999 0
      vertex -7.29999 -6.09999 2.01
    endloop
  endfacet
  facet normal 0.832488 0.0846411 -0.54754
    outer loop
      vertex -8.49998 -7.29999 0
      vertex -7.27542 -6.34155 2.01
      vertex -8.47542 -7.54155 0
    endloop
  endfacet
  facet normal 0 0 -1
    outer loop
      vertex -2.04999 -0.649994 2.01
      vertex -0.599991 0.649994 2.01
      vertex -0.599991 -0.649994 2.01
    endloop
  endfacet
  facet normal -0 0 -1
    outer loop
      vertex -0.599991 0.649994 2.01
      vertex -2.04999 -0.649994 2.01
      vertex -2.04999 0.649994 2.01
    endloop
  endfacet
  facet normal 0 0 -1
    outer loop
      vertex -0.599991 -0.649994 2.01
      vertex 0.599991 -0.649994 2.01
      vertex 0.599991 -2.04999 2.01
    endloop
  endfacet
  facet normal 0 0 -1
    outer loop
      vertex 0.599991 -0.649994 2.01
      vertex -0.599991 -0.649994 2.01
      vertex 0.599991 0.649994 2.01
    endloop
  endfacet
  facet normal 0 0 -1
    outer loop
      vertex -0.599991 -0.649994 2.01
      vertex 0.599991 -2.04999 2.01
      vertex -0.599991 -2.04999 2.01
    endloop
  endfacet
  facet normal 0 0 -1
    outer loop
      vertex -0.599991 0.649994 2.01
      vertex 0.599991 0.649994 2.01
      vertex -0.599991 -0.649994 2.01
    endloop
  endfacet
  facet normal 0 0 -1
    outer loop
      vertex 0.599991 0.649994 2.01
      vertex -0.599991 0.649994 2.01
      vertex 0.599991 2.04999 2.01
    endloop
  endfacet
  facet normal -0 0 -1
    outer loop
      vertex 0.599991 2.04999 2.01
      vertex -0.599991 0.649994 2.01
      vertex -0.599991 2.04999 2.01
    endloop
  endfacet
  facet normal 0 0 -1
    outer loop
      vertex 0.599991 -0.649994 2.01
      vertex 2.04999 0.649994 2.01
      vertex 2.04999 -0.649994 2.01
    endloop
  endfacet
  facet normal -0 0 -1
    outer loop
      vertex 2.04999 0.649994 2.01
      vertex 0.599991 -0.649994 2.01
      vertex 0.599991 0.649994 2.01
    endloop
  endfacet
  facet normal 0 0 -1
    outer loop
      vertex 6.09999 -7.29999 2.01
      vertex 7.29999 -6.09999 2.01
      vertex 7.28615 -6.28171 2.01
    endloop
  endfacet
  facet normal 0 0 -1
    outer loop
      vertex 7.29999 -6.09999 2.01
      vertex 2.75 0 2.01
      vertex 7.29999 6.09999 2.01
    endloop
  endfacet
  facet normal 0 0 -1
    outer loop
      vertex 6.09999 -7.29999 2.01
      vertex 7.28615 -6.28171 2.01
      vertex 7.2253 -6.51675 2.01
    endloop
  endfacet
  facet normal 0 0 -1
    outer loop
      vertex 2.73893 0.246508 2.01
      vertex 7.29999 6.09999 2.01
      vertex 2.75 0 2.01
    endloop
  endfacet
  facet normal 0 0 -1
    outer loop
      vertex 6.09999 -7.29999 2.01
      vertex 7.2253 -6.51675 2.01
      vertex 7.11836 -6.73474 2.01
    endloop
  endfacet
  facet normal 0 0 -1
    outer loop
      vertex 2.70581 0.491031 2.01
      vertex 7.29999 6.09999 2.01
      vertex 2.73893 0.246508 2.01
    endloop
  endfacet
  facet normal 0 0 -1
    outer loop
      vertex 6.09999 -7.29999 2.01
      vertex 7.11836 -6.73474 2.01
      vertex 6.96974 -6.92676 2.01
    endloop
  endfacet
  facet normal 0 0 -1
    outer loop
      vertex 2.6509 0.731601 2.01
      vertex 7.29999 6.09999 2.01
      vertex 2.70581 0.491031 2.01
    endloop
  endfacet
  facet normal 0 0 -1
    outer loop
      vertex 6.09999 -7.29999 2.01
      vertex 6.96974 -6.92676 2.01
      vertex 6.78551 -7.0849 2.01
    endloop
  endfacet
  facet normal 0 0 -1
    outer loop
      vertex 2.57465 0.96628 2.01
      vertex 7.29999 6.09999 2.01
      vertex 2.6509 0.731601 2.01
    endloop
  endfacet
  facet normal 0 0 -1
    outer loop
      vertex 6.09999 -7.29999 2.01
      vertex 6.78551 -7.0849 2.01
      vertex 6.57321 -7.20274 2.01
    endloop
  endfacet
  facet normal 0 0 -1
    outer loop
      vertex 2.47766 1.19318 2.01
      vertex 7.29999 6.09999 2.01
      vertex 2.57465 0.96628 2.01
    endloop
  endfacet
  facet normal 0 0 -1
    outer loop
      vertex 6.09999 -7.29999 2.01
      vertex 6.57321 -7.20274 2.01
      vertex 6.34155 -7.27542 2.01
    endloop
  endfacet
  facet normal 0 0 -1
    outer loop
      vertex 2.36073 1.41047 2.01
      vertex 7.29999 6.09999 2.01
      vertex 2.47766 1.19318 2.01
    endloop
  endfacet
  facet normal 0 0 -1
    outer loop
      vertex 1.90042 -1.98769 2.01
      vertex 7.29999 -6.09999 2.01
      vertex 6.09999 -7.29999 2.01
    endloop
  endfacet
  facet normal 0 0 -1
    outer loop
      vertex 2.2248 1.61641 2.01
      vertex 7.29999 6.09999 2.01
      vertex 2.36073 1.41047 2.01
    endloop
  endfacet
  facet normal 0 0 -1
    outer loop
      vertex 2.07095 1.80933 2.01
      vertex 7.29999 6.09999 2.01
      vertex 2.2248 1.61641 2.01
    endloop
  endfacet
  facet normal 0 0 -1
    outer loop
      vertex 7.29999 -6.09999 2.01
      vertex 2.73893 -0.246508 2.01
      vertex 2.75 0 2.01
    endloop
  endfacet
  facet normal 0 0 -1
    outer loop
      vertex 7.29999 -6.09999 2.01
      vertex 2.70581 -0.491031 2.01
      vertex 2.73893 -0.246508 2.01
    endloop
  endfacet
  facet normal 0 0 -1
    outer loop
      vertex 7.29999 -6.09999 2.01
      vertex 2.6509 -0.731601 2.01
      vertex 2.70581 -0.491031 2.01
    endloop
  endfacet
  facet normal 0 0 -1
    outer loop
      vertex 7.29999 -6.09999 2.01
      vertex 2.57465 -0.96628 2.01
      vertex 2.6509 -0.731601 2.01
    endloop
  endfacet
  facet normal 0 0 -1
    outer loop
      vertex 7.29999 -6.09999 2.01
      vertex 2.47766 -1.19318 2.01
      vertex 2.57465 -0.96628 2.01
    endloop
  endfacet
  facet normal 0 0 -1
    outer loop
      vertex 7.29999 -6.09999 2.01
      vertex 2.36073 -1.41047 2.01
      vertex 2.47766 -1.19318 2.01
    endloop
  endfacet
  facet normal 0 0 -1
    outer loop
      vertex 7.29999 -6.09999 2.01
      vertex 2.2248 -1.61641 2.01
      vertex 2.36073 -1.41047 2.01
    endloop
  endfacet
  facet normal 0 0 -1
    outer loop
      vertex 7.29999 -6.09999 2.01
      vertex 2.07095 -1.80933 2.01
      vertex 2.2248 -1.61641 2.01
    endloop
  endfacet
  facet normal 0 0 -1
    outer loop
      vertex 7.29999 -6.09999 2.01
      vertex 1.90042 -1.98769 2.01
      vertex 2.07095 -1.80933 2.01
    endloop
  endfacet
  facet normal 0 0 -1
    outer loop
      vertex 6.09999 -7.29999 2.01
      vertex 1.7146 -2.15004 2.01
      vertex 1.90042 -1.98769 2.01
    endloop
  endfacet
  facet normal 0 0 -1
    outer loop
      vertex 6.09999 -7.29999 2.01
      vertex 1.51497 -2.29508 2.01
      vertex 1.7146 -2.15004 2.01
    endloop
  endfacet
  facet normal 0 0 -1
    outer loop
      vertex 6.09999 -7.29999 2.01
      vertex 1.30314 -2.42164 2.01
      vertex 1.51497 -2.29508 2.01
    endloop
  endfacet
  facet normal 0 0 -1
    outer loop
      vertex 6.09999 -7.29999 2.01
      vertex 1.08082 -2.5287 2.01
      vertex 1.30314 -2.42164 2.01
    endloop
  endfacet
  facet normal 0 0 -1
    outer loop
      vertex 6.09999 -7.29999 2.01
      vertex 0.849796 -2.61541 2.01
      vertex 1.08082 -2.5287 2.01
    endloop
  endfacet
  facet normal 0 0 -1
    outer loop
      vertex 6.09999 -7.29999 2.01
      vertex 0.611932 -2.68105 2.01
      vertex 0.849796 -2.61541 2.01
    endloop
  endfacet
  facet normal 0 0 -1
    outer loop
      vertex 6.09999 -7.29999 2.01
      vertex 0.369141 -2.72511 2.01
      vertex 0.611932 -2.68105 2.01
    endloop
  endfacet
  facet normal 0 0 -1
    outer loop
      vertex 6.09999 -7.29999 2.01
      vertex 0.123378 -2.74723 2.01
      vertex 0.369141 -2.72511 2.01
    endloop
  endfacet
  facet normal 0 0 -1
    outer loop
      vertex 6.09999 -7.29999 2.01
      vertex -0.123378 -2.74723 2.01
      vertex 0.123378 -2.74723 2.01
    endloop
  endfacet
  facet normal 0 0 -1
    outer loop
      vertex -6.09999 -7.29999 2.01
      vertex -0.123378 -2.74723 2.01
      vertex 6.09999 -7.29999 2.01
    endloop
  endfacet
  facet normal -0 0 -1
    outer loop
      vertex -0.123378 -2.74723 2.01
      vertex -6.09999 -7.29999 2.01
      vertex -0.369141 -2.72511 2.01
    endloop
  endfacet
  facet normal -0 0 -1
    outer loop
      vertex -0.369141 -2.72511 2.01
      vertex -6.09999 -7.29999 2.01
      vertex -0.611932 -2.68105 2.01
    endloop
  endfacet
  facet normal -0 0 -1
    outer loop
      vertex -0.611932 -2.68105 2.01
      vertex -6.09999 -7.29999 2.01
      vertex -0.849796 -2.61541 2.01
    endloop
  endfacet
  facet normal -0 0 -1
    outer loop
      vertex -0.849796 -2.61541 2.01
      vertex -6.09999 -7.29999 2.01
      vertex -1.08082 -2.5287 2.01
    endloop
  endfacet
  facet normal -0 0 -1
    outer loop
      vertex -1.08082 -2.5287 2.01
      vertex -6.09999 -7.29999 2.01
      vertex -1.30314 -2.42164 2.01
    endloop
  endfacet
  facet normal -0 0 -1
    outer loop
      vertex -2.70581 -0.491031 2.01
      vertex -7.29999 -6.09999 2.01
      vertex -2.73893 -0.246508 2.01
    endloop
  endfacet
  facet normal -0 0 -1
    outer loop
      vertex -2.6509 -0.731601 2.01
      vertex -7.29999 -6.09999 2.01
      vertex -2.70581 -0.491031 2.01
    endloop
  endfacet
  facet normal -0 0 -1
    outer loop
      vertex -2.57465 -0.96628 2.01
      vertex -7.29999 -6.09999 2.01
      vertex -2.6509 -0.731601 2.01
    endloop
  endfacet
  facet normal -0 0 -1
    outer loop
      vertex -2.47766 -1.19318 2.01
      vertex -7.29999 -6.09999 2.01
      vertex -2.57465 -0.96628 2.01
    endloop
  endfacet
  facet normal -0 0 -1
    outer loop
      vertex -2.36073 -1.41047 2.01
      vertex -7.29999 -6.09999 2.01
      vertex -2.47766 -1.19318 2.01
    endloop
  endfacet
  facet normal -0 0 -1
    outer loop
      vertex -2.2248 -1.61641 2.01
      vertex -7.29999 -6.09999 2.01
      vertex -2.36073 -1.41047 2.01
    endloop
  endfacet
  facet normal -0 0 -1
    outer loop
      vertex -2.07095 -1.80933 2.01
      vertex -7.29999 -6.09999 2.01
      vertex -2.2248 -1.61641 2.01
    endloop
  endfacet
  facet normal -0 0 -1
    outer loop
      vertex -1.90042 -1.98769 2.01
      vertex -7.29999 -6.09999 2.01
      vertex -2.07095 -1.80933 2.01
    endloop
  endfacet
  facet normal 0 0 -1
    outer loop
      vertex -7.29999 -6.09999 2.01
      vertex -1.90042 -1.98769 2.01
      vertex -6.09999 -7.29999 2.01
    endloop
  endfacet
  facet normal -0 0 -1
    outer loop
      vertex -1.7146 -2.15004 2.01
      vertex -6.09999 -7.29999 2.01
      vertex -1.90042 -1.98769 2.01
    endloop
  endfacet
  facet normal -0 0 -1
    outer loop
      vertex -1.51497 -2.29508 2.01
      vertex -6.09999 -7.29999 2.01
      vertex -1.7146 -2.15004 2.01
    endloop
  endfacet
  facet normal -0 0 -1
    outer loop
      vertex -1.30314 -2.42164 2.01
      vertex -6.09999 -7.29999 2.01
      vertex -1.51497 -2.29508 2.01
    endloop
  endfacet
  facet normal 0 0 -1
    outer loop
      vertex 1.90042 1.98769 2.01
      vertex 7.29999 6.09999 2.01
      vertex 2.07095 1.80933 2.01
    endloop
  endfacet
  facet normal 0 0 -1
    outer loop
      vertex 7.29999 6.09999 2.01
      vertex 6.09999 7.29999 2.01
      vertex 7.27542 6.34155 2.01
    endloop
  endfacet
  facet normal 0 0 -1
    outer loop
      vertex 7.20274 6.57321 2.01
      vertex 6.09999 7.29999 2.01
      vertex 7.0849 6.78551 2.01
    endloop
  endfacet
  facet normal 0 0 -1
    outer loop
      vertex 7.0849 6.78551 2.01
      vertex 6.09999 7.29999 2.01
      vertex 6.92676 6.96974 2.01
    endloop
  endfacet
  facet normal 0 0 -1
    outer loop
      vertex 6.73474 7.11836 2.01
      vertex 6.09999 7.29999 2.01
      vertex 6.51675 7.2253 2.01
    endloop
  endfacet
  facet normal 0 0 -1
    outer loop
      vertex 6.51675 7.2253 2.01
      vertex 6.09999 7.29999 2.01
      vertex 6.28171 7.28615 2.01
    endloop
  endfacet
  facet normal 0 0 -1
    outer loop
      vertex 6.92676 6.96974 2.01
      vertex 6.09999 7.29999 2.01
      vertex 6.73474 7.11836 2.01
    endloop
  endfacet
  facet normal 0 0 -1
    outer loop
      vertex 7.27542 6.34155 2.01
      vertex 6.09999 7.29999 2.01
      vertex 7.20274 6.57321 2.01
    endloop
  endfacet
  facet normal -0 0 -1
    outer loop
      vertex 7.29999 6.09999 2.01
      vertex 1.90042 1.98769 2.01
      vertex 6.09999 7.29999 2.01
    endloop
  endfacet
  facet normal 0 0 -1
    outer loop
      vertex 1.7146 2.15004 2.01
      vertex 6.09999 7.29999 2.01
      vertex 1.90042 1.98769 2.01
    endloop
  endfacet
  facet normal 0 0 -1
    outer loop
      vertex 1.51497 2.29508 2.01
      vertex 6.09999 7.29999 2.01
      vertex 1.7146 2.15004 2.01
    endloop
  endfacet
  facet normal 0 0 -1
    outer loop
      vertex 1.30314 2.42164 2.01
      vertex 6.09999 7.29999 2.01
      vertex 1.51497 2.29508 2.01
    endloop
  endfacet
  facet normal 0 0 -1
    outer loop
      vertex 1.08082 2.5287 2.01
      vertex 6.09999 7.29999 2.01
      vertex 1.30314 2.42164 2.01
    endloop
  endfacet
  facet normal 0 0 -1
    outer loop
      vertex 0.849796 2.61541 2.01
      vertex 6.09999 7.29999 2.01
      vertex 1.08082 2.5287 2.01
    endloop
  endfacet
  facet normal 0 0 -1
    outer loop
      vertex 0.611932 2.68105 2.01
      vertex 6.09999 7.29999 2.01
      vertex 0.849796 2.61541 2.01
    endloop
  endfacet
  facet normal 0 0 -1
    outer loop
      vertex 0.369141 2.72511 2.01
      vertex 6.09999 7.29999 2.01
      vertex 0.611932 2.68105 2.01
    endloop
  endfacet
  facet normal 0 0 -1
    outer loop
      vertex 0.123378 2.74723 2.01
      vertex 6.09999 7.29999 2.01
      vertex 0.369141 2.72511 2.01
    endloop
  endfacet
  facet normal 0 0 -1
    outer loop
      vertex -0.123378 2.74723 2.01
      vertex 6.09999 7.29999 2.01
      vertex 0.123378 2.74723 2.01
    endloop
  endfacet
  facet normal 0 0 -1
    outer loop
      vertex -6.09999 7.29999 2.01
      vertex -0.123378 2.74723 2.01
      vertex -0.369141 2.72511 2.01
    endloop
  endfacet
  facet normal 0 0 -1
    outer loop
      vertex -6.09999 7.29999 2.01
      vertex -0.369141 2.72511 2.01
      vertex -0.611932 2.68105 2.01
    endloop
  endfacet
  facet normal 0 0 -1
    outer loop
      vertex -6.09999 7.29999 2.01
      vertex -0.611932 2.68105 2.01
      vertex -0.849796 2.61541 2.01
    endloop
  endfacet
  facet normal 0 0 -1
    outer loop
      vertex -6.09999 7.29999 2.01
      vertex -0.849796 2.61541 2.01
      vertex -1.08082 2.5287 2.01
    endloop
  endfacet
  facet normal 0 0 -1
    outer loop
      vertex -6.09999 7.29999 2.01
      vertex -1.08082 2.5287 2.01
      vertex -1.30314 2.42164 2.01
    endloop
  endfacet
  facet normal 0 0 -1
    outer loop
      vertex -6.09999 7.29999 2.01
      vertex -1.30314 2.42164 2.01
      vertex -1.51497 2.29508 2.01
    endloop
  endfacet
  facet normal -0 0 -1
    outer loop
      vertex -2.73893 -0.246508 2.01
      vertex -7.29999 -6.09999 2.01
      vertex -2.75 0 2.01
    endloop
  endfacet
  facet normal 0 0 -1
    outer loop
      vertex -7.29999 6.09999 2.01
      vertex -2.75 0 2.01
      vertex -7.29999 -6.09999 2.01
    endloop
  endfacet
  facet normal 0 0 -1
    outer loop
      vertex -2.75 0 2.01
      vertex -7.29999 6.09999 2.01
      vertex -2.73893 0.246508 2.01
    endloop
  endfacet
  facet normal 0 0 -1
    outer loop
      vertex -2.73893 0.246508 2.01
      vertex -7.29999 6.09999 2.01
      vertex -2.70581 0.491031 2.01
    endloop
  endfacet
  facet normal 0 0 -1
    outer loop
      vertex -0.123378 2.74723 2.01
      vertex -6.09999 7.29999 2.01
      vertex 6.09999 7.29999 2.01
    endloop
  endfacet
  facet normal 0 0 -1
    outer loop
      vertex -1.7146 2.15004 2.01
      vertex -6.09999 7.29999 2.01
      vertex -1.51497 2.29508 2.01
    endloop
  endfacet
  facet normal 0 0 -1
    outer loop
      vertex -1.90042 1.98769 2.01
      vertex -6.09999 7.29999 2.01
      vertex -1.7146 2.15004 2.01
    endloop
  endfacet
  facet normal 0 0 -1
    outer loop
      vertex -7.29999 6.09999 2.01
      vertex -1.90042 1.98769 2.01
      vertex -2.07095 1.80933 2.01
    endloop
  endfacet
  facet normal 0 0 -1
    outer loop
      vertex -7.29999 6.09999 2.01
      vertex -2.07095 1.80933 2.01
      vertex -2.2248 1.61641 2.01
    endloop
  endfacet
  facet normal 0 0 -1
    outer loop
      vertex -7.29999 6.09999 2.01
      vertex -2.2248 1.61641 2.01
      vertex -2.36073 1.41047 2.01
    endloop
  endfacet
  facet normal 0 0 -1
    outer loop
      vertex -7.29999 6.09999 2.01
      vertex -2.36073 1.41047 2.01
      vertex -2.47766 1.19318 2.01
    endloop
  endfacet
  facet normal 0 0 -1
    outer loop
      vertex -7.29999 6.09999 2.01
      vertex -2.47766 1.19318 2.01
      vertex -2.57465 0.96628 2.01
    endloop
  endfacet
  facet normal 0 0 -1
    outer loop
      vertex -2.70581 0.491031 2.01
      vertex -7.29999 6.09999 2.01
      vertex -2.6509 0.731601 2.01
    endloop
  endfacet
  facet normal 0 0 -1
    outer loop
      vertex -7.29999 -6.09999 2.01
      vertex -6.09999 -7.29999 2.01
      vertex -6.28171 -7.28615 2.01
    endloop
  endfacet
  facet normal 0 0 -1
    outer loop
      vertex -2.6509 0.731601 2.01
      vertex -7.29999 6.09999 2.01
      vertex -2.57465 0.96628 2.01
    endloop
  endfacet
  facet normal 0 0 -1
    outer loop
      vertex -7.29999 -6.09999 2.01
      vertex -6.28171 -7.28615 2.01
      vertex -6.51675 -7.2253 2.01
    endloop
  endfacet
  facet normal 0 0 -1
    outer loop
      vertex -1.90042 1.98769 2.01
      vertex -7.29999 6.09999 2.01
      vertex -6.09999 7.29999 2.01
    endloop
  endfacet
  facet normal 0 0 -1
    outer loop
      vertex -7.29999 -6.09999 2.01
      vertex -6.51675 -7.2253 2.01
      vertex -6.73474 -7.11836 2.01
    endloop
  endfacet
  facet normal 0 0 -1
    outer loop
      vertex -6.09999 7.29999 2.01
      vertex -7.29999 6.09999 2.01
      vertex -6.34155 7.27542 2.01
    endloop
  endfacet
  facet normal 0 0 -1
    outer loop
      vertex -7.29999 -6.09999 2.01
      vertex -6.73474 -7.11836 2.01
      vertex -6.92676 -6.96974 2.01
    endloop
  endfacet
  facet normal 0 0 -1
    outer loop
      vertex -6.34155 7.27542 2.01
      vertex -7.29999 6.09999 2.01
      vertex -6.57321 7.20274 2.01
    endloop
  endfacet
  facet normal 0 0 -1
    outer loop
      vertex -7.29999 -6.09999 2.01
      vertex -6.92676 -6.96974 2.01
      vertex -7.0849 -6.78551 2.01
    endloop
  endfacet
  facet normal 0 0 -1
    outer loop
      vertex -6.57321 7.20274 2.01
      vertex -7.29999 6.09999 2.01
      vertex -6.78551 7.0849 2.01
    endloop
  endfacet
  facet normal 0 0 -1
    outer loop
      vertex -7.29999 -6.09999 2.01
      vertex -7.0849 -6.78551 2.01
      vertex -7.20274 -6.57321 2.01
    endloop
  endfacet
  facet normal 0 0 -1
    outer loop
      vertex -6.78551 7.0849 2.01
      vertex -7.29999 6.09999 2.01
      vertex -6.96974 6.92676 2.01
    endloop
  endfacet
  facet normal 0 0 -1
    outer loop
      vertex -7.29999 -6.09999 2.01
      vertex -7.20274 -6.57321 2.01
      vertex -7.27542 -6.34155 2.01
    endloop
  endfacet
  facet normal 0 0 -1
    outer loop
      vertex -6.96974 6.92676 2.01
      vertex -7.29999 6.09999 2.01
      vertex -7.11836 6.73474 2.01
    endloop
  endfacet
  facet normal 0 0 -1
    outer loop
      vertex -7.11836 6.73474 2.01
      vertex -7.29999 6.09999 2.01
      vertex -7.2253 6.51675 2.01
    endloop
  endfacet
  facet normal 0 0 -1
    outer loop
      vertex -7.2253 6.51675 2.01
      vertex -7.29999 6.09999 2.01
      vertex -7.28615 6.28171 2.01
    endloop
  endfacet
  facet normal -0.202662 -0.782806 -0.588339
    outer loop
      vertex 7.4817 8.48615 0
      vertex 6.51675 7.2253 2.01
      vertex 6.28171 7.28615 2.01
    endloop
  endfacet
  facet normal -0.202685 -0.782797 -0.588343
    outer loop
      vertex 6.51675 7.2253 2.01
      vertex 7.4817 8.48615 0
      vertex 7.71675 8.42529 0
    endloop
  endfacet
  facet normal 0.782797 -0.202685 -0.588343
    outer loop
      vertex -7.2253 6.51675 2.01
      vertex -8.48615 7.4817 0
      vertex -8.42529 7.71675 0
    endloop
  endfacet
  facet normal 0.782806 -0.202662 -0.588339
    outer loop
      vertex -8.48615 7.4817 0
      vertex -7.2253 6.51675 2.01
      vertex -7.28615 6.28171 2.01
    endloop
  endfacet
  facet normal 0.839613 -0.0639032 -0.539413
    outer loop
      vertex -7.28615 6.28171 2.01
      vertex -8.49998 7.29999 0
      vertex -8.48615 7.4817 0
    endloop
  endfacet
  facet normal 0.839601 -0.063945 -0.539426
    outer loop
      vertex -8.49998 7.29999 0
      vertex -7.28615 6.28171 2.01
      vertex -7.29999 6.09999 2.01
    endloop
  endfacet
  facet normal 0.266013 0.963969 -0
    outer loop
      vertex 0.849796 2.61541 -1.3
      vertex 0.611932 2.68105 2.01
      vertex 0.849796 2.61541 2.01
    endloop
  endfacet
  facet normal 0.266013 0.963969 0
    outer loop
      vertex 0.611932 2.68105 2.01
      vertex 0.849796 2.61541 -1.3
      vertex 0.611932 2.68105 -1.3
    endloop
  endfacet
  facet normal 0.834592 0.550869 0
    outer loop
      vertex 2.36073 1.41047 2.01
      vertex 2.2248 1.61641 -1.3
      vertex 2.2248 1.61641 2.01
    endloop
  endfacet
  facet normal 0.834592 0.550869 0
    outer loop
      vertex 2.2248 1.61641 -1.3
      vertex 2.36073 1.41047 2.01
      vertex 2.36073 1.41047 -1.3
    endloop
  endfacet
  facet normal 0.990951 0.134222 0
    outer loop
      vertex 2.73893 0.246508 2.01
      vertex 2.70581 0.491031 -1.3
      vertex 2.70581 0.491031 2.01
    endloop
  endfacet
  facet normal 0.990951 0.134222 0
    outer loop
      vertex 2.70581 0.491031 -1.3
      vertex 2.73893 0.246508 2.01
      vertex 2.73893 0.246508 -1.3
    endloop
  endfacet
  facet normal 0.998993 0.0448621 0
    outer loop
      vertex 2.75 0 2.01
      vertex 2.73893 0.246508 -1.3
      vertex 2.73893 0.246508 2.01
    endloop
  endfacet
  facet normal 0.998993 0.0448621 0
    outer loop
      vertex 2.73893 0.246508 -1.3
      vertex 2.75 0 2.01
      vertex 2.75 0 -1.3
    endloop
  endfacet
  facet normal 0.974927 0.222527 0
    outer loop
      vertex 2.70581 0.491031 2.01
      vertex 2.6509 0.731601 -1.3
      vertex 2.6509 0.731601 2.01
    endloop
  endfacet
  facet normal 0.974927 0.222527 0
    outer loop
      vertex 2.6509 0.731601 -1.3
      vertex 2.70581 0.491031 2.01
      vertex 2.70581 0.491031 -1.3
    endloop
  endfacet
  facet normal 0.919516 0.393053 0
    outer loop
      vertex 2.57465 0.96628 2.01
      vertex 2.47766 1.19318 -1.3
      vertex 2.47766 1.19318 2.01
    endloop
  endfacet
  facet normal 0.919516 0.393053 0
    outer loop
      vertex 2.47766 1.19318 -1.3
      vertex 2.57465 0.96628 2.01
      vertex 2.57465 0.96628 -1.3
    endloop
  endfacet
  facet normal 0.990951 -0.134222 0
    outer loop
      vertex 2.70581 -0.491031 2.01
      vertex 2.73893 -0.246508 -1.3
      vertex 2.73893 -0.246508 2.01
    endloop
  endfacet
  facet normal 0.990951 -0.134222 0
    outer loop
      vertex 2.73893 -0.246508 -1.3
      vertex 2.70581 -0.491031 2.01
      vertex 2.70581 -0.491031 -1.3
    endloop
  endfacet
  facet normal 0.919516 -0.393053 0
    outer loop
      vertex 2.47766 -1.19318 2.01
      vertex 2.57465 -0.96628 -1.3
      vertex 2.57465 -0.96628 2.01
    endloop
  endfacet
  facet normal 0.919516 -0.393053 0
    outer loop
      vertex 2.57465 -0.96628 -1.3
      vertex 2.47766 -1.19318 2.01
      vertex 2.47766 -1.19318 -1.3
    endloop
  endfacet
  facet normal 0.998993 -0.0448621 0
    outer loop
      vertex 2.73893 -0.246508 2.01
      vertex 2.75 0 -1.3
      vertex 2.75 0 2.01
    endloop
  endfacet
  facet normal 0.998993 -0.0448621 0
    outer loop
      vertex 2.75 0 -1.3
      vertex 2.73893 -0.246508 2.01
      vertex 2.73893 -0.246508 -1.3
    endloop
  endfacet
  facet normal 0.178557 0.98393 -0
    outer loop
      vertex 0.611932 2.68105 -1.3
      vertex 0.369141 2.72511 2.01
      vertex 0.611932 2.68105 2.01
    endloop
  endfacet
  facet normal 0.178557 0.98393 0
    outer loop
      vertex 0.369141 2.72511 2.01
      vertex 0.611932 2.68105 -1.3
      vertex 0.369141 2.72511 -1.3
    endloop
  endfacet
  facet normal 0.781829 -0.623493 0
    outer loop
      vertex 2.07095 -1.80933 2.01
      vertex 2.2248 -1.61641 -1.3
      vertex 2.2248 -1.61641 2.01
    endloop
  endfacet
  facet normal 0.781829 -0.623493 0
    outer loop
      vertex 2.2248 -1.61641 -1.3
      vertex 2.07095 -1.80933 2.01
      vertex 2.07095 -1.80933 -1.3
    endloop
  endfacet
  facet normal 0.951059 0.30901 0
    outer loop
      vertex 2.6509 0.731601 2.01
      vertex 2.57465 0.96628 -1.3
      vertex 2.57465 0.96628 2.01
    endloop
  endfacet
  facet normal 0.951059 0.30901 0
    outer loop
      vertex 2.57465 0.96628 -1.3
      vertex 2.6509 0.731601 2.01
      vertex 2.6509 0.731601 -1.3
    endloop
  endfacet
  facet normal 0.974927 -0.222527 0
    outer loop
      vertex 2.6509 -0.731601 2.01
      vertex 2.70581 -0.491031 -1.3
      vertex 2.70581 -0.491031 2.01
    endloop
  endfacet
  facet normal 0.974927 -0.222527 0
    outer loop
      vertex 2.70581 -0.491031 -1.3
      vertex 2.6509 -0.731601 2.01
      vertex 2.6509 -0.731601 -1.3
    endloop
  endfacet
  facet normal -0.781829 -0.623493 0
    outer loop
      vertex -2.07095 -1.80933 -1.3
      vertex -2.2248 -1.61641 2.01
      vertex -2.2248 -1.61641 -1.3
    endloop
  endfacet
  facet normal -0.781829 -0.623493 0
    outer loop
      vertex -2.2248 -1.61641 2.01
      vertex -2.07095 -1.80933 -1.3
      vertex -2.07095 -1.80933 2.01
    endloop
  endfacet
  facet normal -0.998993 -0.0448621 0
    outer loop
      vertex -2.73893 -0.246508 -1.3
      vertex -2.75 0 2.01
      vertex -2.75 0 -1.3
    endloop
  endfacet
  facet normal -0.998993 -0.0448621 0
    outer loop
      vertex -2.75 0 2.01
      vertex -2.73893 -0.246508 -1.3
      vertex -2.73893 -0.246508 2.01
    endloop
  endfacet
  facet normal 0.178557 -0.98393 0
    outer loop
      vertex 0.369141 -2.72511 -1.3
      vertex 0.611932 -2.68105 2.01
      vertex 0.369141 -2.72511 2.01
    endloop
  endfacet
  facet normal 0.178557 -0.98393 0
    outer loop
      vertex 0.611932 -2.68105 2.01
      vertex 0.369141 -2.72511 -1.3
      vertex 0.611932 -2.68105 -1.3
    endloop
  endfacet
  facet normal -0.351393 -0.936228 0
    outer loop
      vertex -1.08082 -2.5287 -1.3
      vertex -0.849796 -2.61541 2.01
      vertex -1.08082 -2.5287 2.01
    endloop
  endfacet
  facet normal -0.351393 -0.936228 -0
    outer loop
      vertex -0.849796 -2.61541 2.01
      vertex -1.08082 -2.5287 -1.3
      vertex -0.849796 -2.61541 -1.3
    endloop
  endfacet
  facet normal -0.722794 0.691063 0
    outer loop
      vertex -2.07095 1.80933 -1.3
      vertex -1.90042 1.98769 2.01
      vertex -1.90042 1.98769 -1.3
    endloop
  endfacet
  facet normal -0.722794 0.691063 0
    outer loop
      vertex -1.90042 1.98769 2.01
      vertex -2.07095 1.80933 -1.3
      vertex -2.07095 1.80933 2.01
    endloop
  endfacet
  facet normal 0.880593 -0.473873 0
    outer loop
      vertex 2.36073 -1.41047 2.01
      vertex 2.47766 -1.19318 -1.3
      vertex 2.47766 -1.19318 2.01
    endloop
  endfacet
  facet normal 0.880593 -0.473873 0
    outer loop
      vertex 2.47766 -1.19318 -1.3
      vertex 2.36073 -1.41047 2.01
      vertex 2.36073 -1.41047 -1.3
    endloop
  endfacet
  facet normal 0.781829 0.623493 0
    outer loop
      vertex 2.2248 1.61641 2.01
      vertex 2.07095 1.80933 -1.3
      vertex 2.07095 1.80933 2.01
    endloop
  endfacet
  facet normal 0.781829 0.623493 0
    outer loop
      vertex 2.07095 1.80933 -1.3
      vertex 2.2248 1.61641 2.01
      vertex 2.2248 1.61641 -1.3
    endloop
  endfacet
  facet normal -0.722794 -0.691063 0
    outer loop
      vertex -1.90042 -1.98769 -1.3
      vertex -2.07095 -1.80933 2.01
      vertex -2.07095 -1.80933 -1.3
    endloop
  endfacet
  facet normal -0.722794 -0.691063 0
    outer loop
      vertex -2.07095 -1.80933 2.01
      vertex -1.90042 -1.98769 -1.3
      vertex -1.90042 -1.98769 2.01
    endloop
  endfacet
  facet normal -0.587786 0.809016 0
    outer loop
      vertex -1.51497 2.29508 -1.3
      vertex -1.7146 2.15004 2.01
      vertex -1.51497 2.29508 2.01
    endloop
  endfacet
  facet normal -0.587786 0.809016 0
    outer loop
      vertex -1.7146 2.15004 2.01
      vertex -1.51497 2.29508 -1.3
      vertex -1.7146 2.15004 -1.3
    endloop
  endfacet
  facet normal -0.974927 0.222527 0
    outer loop
      vertex -2.70581 0.491031 -1.3
      vertex -2.6509 0.731601 2.01
      vertex -2.6509 0.731601 -1.3
    endloop
  endfacet
  facet normal -0.974927 0.222527 0
    outer loop
      vertex -2.6509 0.731601 2.01
      vertex -2.70581 0.491031 -1.3
      vertex -2.70581 0.491031 2.01
    endloop
  endfacet
  facet normal -0.880593 0.473873 0
    outer loop
      vertex -2.47766 1.19318 -1.3
      vertex -2.36073 1.41047 2.01
      vertex -2.36073 1.41047 -1.3
    endloop
  endfacet
  facet normal -0.880593 0.473873 0
    outer loop
      vertex -2.36073 1.41047 2.01
      vertex -2.47766 1.19318 -1.3
      vertex -2.47766 1.19318 2.01
    endloop
  endfacet
  facet normal -0.834592 0.550869 0
    outer loop
      vertex -2.36073 1.41047 -1.3
      vertex -2.2248 1.61641 2.01
      vertex -2.2248 1.61641 -1.3
    endloop
  endfacet
  facet normal -0.834592 0.550869 0
    outer loop
      vertex -2.2248 1.61641 2.01
      vertex -2.36073 1.41047 -1.3
      vertex -2.36073 1.41047 2.01
    endloop
  endfacet
  facet normal 0.433872 -0.900975 0
    outer loop
      vertex 1.08082 -2.5287 -1.3
      vertex 1.30314 -2.42164 2.01
      vertex 1.08082 -2.5287 2.01
    endloop
  endfacet
  facet normal 0.433872 -0.900975 0
    outer loop
      vertex 1.30314 -2.42164 2.01
      vertex 1.08082 -2.5287 -1.3
      vertex 1.30314 -2.42164 -1.3
    endloop
  endfacet
  facet normal 0.512892 -0.858453 0
    outer loop
      vertex 1.30314 -2.42164 -1.3
      vertex 1.51497 -2.29508 2.01
      vertex 1.30314 -2.42164 2.01
    endloop
  endfacet
  facet normal 0.512892 -0.858453 0
    outer loop
      vertex 1.51497 -2.29508 2.01
      vertex 1.30314 -2.42164 -1.3
      vertex 1.51497 -2.29508 -1.3
    endloop
  endfacet
  facet normal -0.919516 -0.393053 0
    outer loop
      vertex -2.47766 -1.19318 -1.3
      vertex -2.57465 -0.96628 2.01
      vertex -2.57465 -0.96628 -1.3
    endloop
  endfacet
  facet normal -0.919516 -0.393053 0
    outer loop
      vertex -2.57465 -0.96628 2.01
      vertex -2.47766 -1.19318 -1.3
      vertex -2.47766 -1.19318 2.01
    endloop
  endfacet
  facet normal -0.951059 0.30901 0
    outer loop
      vertex -2.6509 0.731601 -1.3
      vertex -2.57465 0.96628 2.01
      vertex -2.57465 0.96628 -1.3
    endloop
  endfacet
  facet normal -0.951059 0.30901 0
    outer loop
      vertex -2.57465 0.96628 2.01
      vertex -2.6509 0.731601 -1.3
      vertex -2.6509 0.731601 2.01
    endloop
  endfacet
  facet normal 0.433872 0.900975 -0
    outer loop
      vertex 1.30314 2.42164 -1.3
      vertex 1.08082 2.5287 2.01
      vertex 1.30314 2.42164 2.01
    endloop
  endfacet
  facet normal 0.433872 0.900975 0
    outer loop
      vertex 1.08082 2.5287 2.01
      vertex 1.30314 2.42164 -1.3
      vertex 1.08082 2.5287 -1.3
    endloop
  endfacet
  facet normal 0.722794 0.691063 0
    outer loop
      vertex 2.07095 1.80933 2.01
      vertex 1.90042 1.98769 -1.3
      vertex 1.90042 1.98769 2.01
    endloop
  endfacet
  facet normal 0.722794 0.691063 0
    outer loop
      vertex 1.90042 1.98769 -1.3
      vertex 2.07095 1.80933 2.01
      vertex 2.07095 1.80933 -1.3
    endloop
  endfacet
  facet normal 0 0 -1
    outer loop
      vertex 2.39999 -1 -1.3
      vertex 2.75 0 -1.3
      vertex 2.73893 -0.246508 -1.3
    endloop
  endfacet
  facet normal 0 0 -1
    outer loop
      vertex 2.39999 -1 -1.3
      vertex 2.73893 -0.246508 -1.3
      vertex 2.70581 -0.491031 -1.3
    endloop
  endfacet
  facet normal 0 0 -1
    outer loop
      vertex 2.39999 1 -1.3
      vertex 2.75 0 -1.3
      vertex 2.39999 -1 -1.3
    endloop
  endfacet
  facet normal 0 0 -1
    outer loop
      vertex 2.39999 -1 -1.3
      vertex 2.70581 -0.491031 -1.3
      vertex 2.6509 -0.731601 -1.3
    endloop
  endfacet
  facet normal 0 0 -1
    outer loop
      vertex 2.75 0 -1.3
      vertex 2.39999 1 -1.3
      vertex 2.73893 0.246508 -1.3
    endloop
  endfacet
  facet normal 0 0 -1
    outer loop
      vertex 2.39999 -1 -1.3
      vertex 2.6509 -0.731601 -1.3
      vertex 2.57465 -0.96628 -1.3
    endloop
  endfacet
  facet normal 0 0 -1
    outer loop
      vertex 2.73893 0.246508 -1.3
      vertex 2.39999 1 -1.3
      vertex 2.70581 0.491031 -1.3
    endloop
  endfacet
  facet normal 0 0 -1
    outer loop
      vertex 2.39999 -1 -1.3
      vertex 2.57465 -0.96628 -1.3
      vertex 2.47766 -1.19318 -1.3
    endloop
  endfacet
  facet normal 0 0 -1
    outer loop
      vertex 2.70581 0.491031 -1.3
      vertex 2.39999 1 -1.3
      vertex 2.6509 0.731601 -1.3
    endloop
  endfacet
  facet normal 0 0 -1
    outer loop
      vertex 2.6509 0.731601 -1.3
      vertex 2.39999 1 -1.3
      vertex 2.57465 0.96628 -1.3
    endloop
  endfacet
  facet normal 0 0 -1
    outer loop
      vertex 2.36073 -1.41047 -1.3
      vertex 2.39999 -1 -1.3
      vertex 2.47766 -1.19318 -1.3
    endloop
  endfacet
  facet normal 0 0 -1
    outer loop
      vertex 2.2248 -1.61641 -1.3
      vertex 2.39999 -1 -1.3
      vertex 2.36073 -1.41047 -1.3
    endloop
  endfacet
  facet normal 0 0 -1
    outer loop
      vertex 2.07095 -1.80933 -1.3
      vertex 2.39999 -1 -1.3
      vertex 2.2248 -1.61641 -1.3
    endloop
  endfacet
  facet normal 0 0 -1
    outer loop
      vertex 1.90042 -1.98769 -1.3
      vertex 2.39999 -1 -1.3
      vertex 2.07095 -1.80933 -1.3
    endloop
  endfacet
  facet normal 0 0 -1
    outer loop
      vertex 0.949997 -2.39999 -1.3
      vertex 1.90042 -1.98769 -1.3
      vertex 1.7146 -2.15004 -1.3
    endloop
  endfacet
  facet normal 0 0 -1
    outer loop
      vertex 0.949997 -2.39999 -1.3
      vertex 1.7146 -2.15004 -1.3
      vertex 1.51497 -2.29508 -1.3
    endloop
  endfacet
  facet normal 0 0 -1
    outer loop
      vertex 0.949997 -2.39999 -1.3
      vertex 1.51497 -2.29508 -1.3
      vertex 1.30314 -2.42164 -1.3
    endloop
  endfacet
  facet normal 0 0 -1
    outer loop
      vertex 0.949997 -2.39999 -1.3
      vertex 1.30314 -2.42164 -1.3
      vertex 1.08082 -2.5287 -1.3
    endloop
  endfacet
  facet normal -0 0 -1
    outer loop
      vertex 1.90042 -1.98769 -1.3
      vertex 0.949997 -2.39999 -1.3
      vertex 2.39999 -1 -1.3
    endloop
  endfacet
  facet normal 0 0 -1
    outer loop
      vertex 0.849796 -2.61541 -1.3
      vertex 0.949997 -2.39999 -1.3
      vertex 1.08082 -2.5287 -1.3
    endloop
  endfacet
  facet normal 0 0 -1
    outer loop
      vertex 0.611932 -2.68105 -1.3
      vertex 0.949997 -2.39999 -1.3
      vertex 0.849796 -2.61541 -1.3
    endloop
  endfacet
  facet normal 0 0 -1
    outer loop
      vertex 0.369141 -2.72511 -1.3
      vertex 0.949997 -2.39999 -1.3
      vertex 0.611932 -2.68105 -1.3
    endloop
  endfacet
  facet normal 0 0 -1
    outer loop
      vertex 0.123378 -2.74723 -1.3
      vertex 0.949997 -2.39999 -1.3
      vertex 0.369141 -2.72511 -1.3
    endloop
  endfacet
  facet normal 0 0 -1
    outer loop
      vertex -0.123378 -2.74723 -1.3
      vertex 0.949997 -2.39999 -1.3
      vertex 0.123378 -2.74723 -1.3
    endloop
  endfacet
  facet normal 0 0 -1
    outer loop
      vertex -0.949997 -2.39999 -1.3
      vertex -0.123378 -2.74723 -1.3
      vertex -0.369141 -2.72511 -1.3
    endloop
  endfacet
  facet normal 0 0 -1
    outer loop
      vertex -0.949997 -2.39999 -1.3
      vertex -0.369141 -2.72511 -1.3
      vertex -0.611932 -2.68105 -1.3
    endloop
  endfacet
  facet normal 0 0 -1
    outer loop
      vertex -0.949997 -2.39999 -1.3
      vertex -0.611932 -2.68105 -1.3
      vertex -0.849796 -2.61541 -1.3
    endloop
  endfacet
  facet normal 0 0 -1
    outer loop
      vertex -0.123378 -2.74723 -1.3
      vertex -0.949997 -2.39999 -1.3
      vertex 0.949997 -2.39999 -1.3
    endloop
  endfacet
  facet normal 0 0 -1
    outer loop
      vertex -1.08082 -2.5287 -1.3
      vertex -0.949997 -2.39999 -1.3
      vertex -0.849796 -2.61541 -1.3
    endloop
  endfacet
  facet normal 0 0 -1
    outer loop
      vertex -1.30314 -2.42164 -1.3
      vertex -0.949997 -2.39999 -1.3
      vertex -1.08082 -2.5287 -1.3
    endloop
  endfacet
  facet normal 0 0 -1
    outer loop
      vertex -1.51497 -2.29508 -1.3
      vertex -0.949997 -2.39999 -1.3
      vertex -1.30314 -2.42164 -1.3
    endloop
  endfacet
  facet normal 0 0 -1
    outer loop
      vertex -1.7146 -2.15004 -1.3
      vertex -0.949997 -2.39999 -1.3
      vertex -1.51497 -2.29508 -1.3
    endloop
  endfacet
  facet normal 0 0 -1
    outer loop
      vertex -1.90042 -1.98769 -1.3
      vertex -0.949997 -2.39999 -1.3
      vertex -1.7146 -2.15004 -1.3
    endloop
  endfacet
  facet normal 0 0 -1
    outer loop
      vertex -2.39999 -1 -1.3
      vertex -1.90042 -1.98769 -1.3
      vertex -2.07095 -1.80933 -1.3
    endloop
  endfacet
  facet normal 0 0 -1
    outer loop
      vertex -2.39999 -1 -1.3
      vertex -2.07095 -1.80933 -1.3
      vertex -2.2248 -1.61641 -1.3
    endloop
  endfacet
  facet normal 0 0 -1
    outer loop
      vertex -2.39999 -1 -1.3
      vertex -2.2248 -1.61641 -1.3
      vertex -2.36073 -1.41047 -1.3
    endloop
  endfacet
  facet normal 0 0 -1
    outer loop
      vertex -1.90042 -1.98769 -1.3
      vertex -2.39999 -1 -1.3
      vertex -0.949997 -2.39999 -1.3
    endloop
  endfacet
  facet normal 0 0 -1
    outer loop
      vertex -2.57465 -0.96628 -1.3
      vertex -2.39999 -1 -1.3
      vertex -2.47766 -1.19318 -1.3
    endloop
  endfacet
  facet normal 0 0 -1
    outer loop
      vertex -2.47766 -1.19318 -1.3
      vertex -2.39999 -1 -1.3
      vertex -2.36073 -1.41047 -1.3
    endloop
  endfacet
  facet normal 0 0 -1
    outer loop
      vertex 2.57465 0.96628 -1.3
      vertex 2.39999 1 -1.3
      vertex 2.47766 1.19318 -1.3
    endloop
  endfacet
  facet normal 0 0 -1
    outer loop
      vertex 2.39999 1 -1.3
      vertex 2.36073 1.41047 -1.3
      vertex 2.47766 1.19318 -1.3
    endloop
  endfacet
  facet normal 0 0 -1
    outer loop
      vertex 2.39999 1 -1.3
      vertex 2.2248 1.61641 -1.3
      vertex 2.36073 1.41047 -1.3
    endloop
  endfacet
  facet normal 0 0 -1
    outer loop
      vertex 2.39999 1 -1.3
      vertex 2.07095 1.80933 -1.3
      vertex 2.2248 1.61641 -1.3
    endloop
  endfacet
  facet normal 0 0 -1
    outer loop
      vertex 2.39999 1 -1.3
      vertex 1.90042 1.98769 -1.3
      vertex 2.07095 1.80933 -1.3
    endloop
  endfacet
  facet normal 0 0 -1
    outer loop
      vertex 0.949997 2.39999 -1.3
      vertex 1.90042 1.98769 -1.3
      vertex 2.39999 1 -1.3
    endloop
  endfacet
  facet normal 0 0 -1
    outer loop
      vertex 1.90042 1.98769 -1.3
      vertex 0.949997 2.39999 -1.3
      vertex 1.7146 2.15004 -1.3
    endloop
  endfacet
  facet normal 0 0 -1
    outer loop
      vertex 1.7146 2.15004 -1.3
      vertex 0.949997 2.39999 -1.3
      vertex 1.51497 2.29508 -1.3
    endloop
  endfacet
  facet normal 0 0 -1
    outer loop
      vertex 1.51497 2.29508 -1.3
      vertex 0.949997 2.39999 -1.3
      vertex 1.30314 2.42164 -1.3
    endloop
  endfacet
  facet normal -0 0 -1
    outer loop
      vertex 1.30314 2.42164 -1.3
      vertex 0.949997 2.39999 -1.3
      vertex 1.08082 2.5287 -1.3
    endloop
  endfacet
  facet normal 0 0 -1
    outer loop
      vertex 0.949997 2.39999 -1.3
      vertex 0.849796 2.61541 -1.3
      vertex 1.08082 2.5287 -1.3
    endloop
  endfacet
  facet normal 0 0 -1
    outer loop
      vertex 0.949997 2.39999 -1.3
      vertex 0.611932 2.68105 -1.3
      vertex 0.849796 2.61541 -1.3
    endloop
  endfacet
  facet normal 0 0 -1
    outer loop
      vertex 0.949997 2.39999 -1.3
      vertex 0.369141 2.72511 -1.3
      vertex 0.611932 2.68105 -1.3
    endloop
  endfacet
  facet normal 0 0 -1
    outer loop
      vertex 0.949997 2.39999 -1.3
      vertex 0.123378 2.74723 -1.3
      vertex 0.369141 2.72511 -1.3
    endloop
  endfacet
  facet normal 0 0 -1
    outer loop
      vertex 0.949997 2.39999 -1.3
      vertex -0.123378 2.74723 -1.3
      vertex 0.123378 2.74723 -1.3
    endloop
  endfacet
  facet normal 0 0 -1
    outer loop
      vertex -0.949997 2.39999 -1.3
      vertex -0.123378 2.74723 -1.3
      vertex 0.949997 2.39999 -1.3
    endloop
  endfacet
  facet normal 0 0 -1
    outer loop
      vertex -0.123378 2.74723 -1.3
      vertex -0.949997 2.39999 -1.3
      vertex -0.369141 2.72511 -1.3
    endloop
  endfacet
  facet normal 0 0 -1
    outer loop
      vertex -0.369141 2.72511 -1.3
      vertex -0.949997 2.39999 -1.3
      vertex -0.611932 2.68105 -1.3
    endloop
  endfacet
  facet normal 0 0 -1
    outer loop
      vertex -0.611932 2.68105 -1.3
      vertex -0.949997 2.39999 -1.3
      vertex -0.849796 2.61541 -1.3
    endloop
  endfacet
  facet normal 0 0 -1
    outer loop
      vertex -0.949997 2.39999 -1.3
      vertex -1.08082 2.5287 -1.3
      vertex -0.849796 2.61541 -1.3
    endloop
  endfacet
  facet normal 0 0 -1
    outer loop
      vertex -0.949997 2.39999 -1.3
      vertex -1.30314 2.42164 -1.3
      vertex -1.08082 2.5287 -1.3
    endloop
  endfacet
  facet normal -0 0 -1
    outer loop
      vertex -0.949997 2.39999 -1.3
      vertex -1.51497 2.29508 -1.3
      vertex -1.30314 2.42164 -1.3
    endloop
  endfacet
  facet normal 0 0 -1
    outer loop
      vertex -0.949997 2.39999 -1.3
      vertex -1.7146 2.15004 -1.3
      vertex -1.51497 2.29508 -1.3
    endloop
  endfacet
  facet normal 0 0 -1
    outer loop
      vertex -0.949997 2.39999 -1.3
      vertex -1.90042 1.98769 -1.3
      vertex -1.7146 2.15004 -1.3
    endloop
  endfacet
  facet normal 0 0 -1
    outer loop
      vertex -2.39999 1 -1.3
      vertex -1.90042 1.98769 -1.3
      vertex -0.949997 2.39999 -1.3
    endloop
  endfacet
  facet normal 0 0 -1
    outer loop
      vertex -1.90042 1.98769 -1.3
      vertex -2.39999 1 -1.3
      vertex -2.07095 1.80933 -1.3
    endloop
  endfacet
  facet normal 0 0 -1
    outer loop
      vertex -2.07095 1.80933 -1.3
      vertex -2.39999 1 -1.3
      vertex -2.2248 1.61641 -1.3
    endloop
  endfacet
  facet normal 0 0 -1
    outer loop
      vertex -2.2248 1.61641 -1.3
      vertex -2.39999 1 -1.3
      vertex -2.36073 1.41047 -1.3
    endloop
  endfacet
  facet normal 0 0 -1
    outer loop
      vertex -2.39999 1 -1.3
      vertex -2.47766 1.19318 -1.3
      vertex -2.36073 1.41047 -1.3
    endloop
  endfacet
  facet normal 0 0 -1
    outer loop
      vertex -2.6509 -0.731601 -1.3
      vertex -2.39999 -1 -1.3
      vertex -2.57465 -0.96628 -1.3
    endloop
  endfacet
  facet normal 0 0 -1
    outer loop
      vertex -2.70581 -0.491031 -1.3
      vertex -2.39999 -1 -1.3
      vertex -2.6509 -0.731601 -1.3
    endloop
  endfacet
  facet normal -0 0 -1
    outer loop
      vertex -2.39999 1 -1.3
      vertex -2.57465 0.96628 -1.3
      vertex -2.47766 1.19318 -1.3
    endloop
  endfacet
  facet normal 0 0 -1
    outer loop
      vertex -2.73893 -0.246508 -1.3
      vertex -2.39999 -1 -1.3
      vertex -2.70581 -0.491031 -1.3
    endloop
  endfacet
  facet normal 0 0 -1
    outer loop
      vertex -2.39999 1 -1.3
      vertex -2.6509 0.731601 -1.3
      vertex -2.57465 0.96628 -1.3
    endloop
  endfacet
  facet normal 0 0 -1
    outer loop
      vertex -2.75 0 -1.3
      vertex -2.39999 -1 -1.3
      vertex -2.73893 -0.246508 -1.3
    endloop
  endfacet
  facet normal 0 0 -1
    outer loop
      vertex -2.39999 1 -1.3
      vertex -2.70581 0.491031 -1.3
      vertex -2.6509 0.731601 -1.3
    endloop
  endfacet
  facet normal 0 0 -1
    outer loop
      vertex -2.39999 -1 -1.3
      vertex -2.75 0 -1.3
      vertex -2.39999 1 -1.3
    endloop
  endfacet
  facet normal 0 0 -1
    outer loop
      vertex -2.39999 1 -1.3
      vertex -2.73893 0.246508 -1.3
      vertex -2.70581 0.491031 -1.3
    endloop
  endfacet
  facet normal 0 0 -1
    outer loop
      vertex -2.39999 1 -1.3
      vertex -2.75 0 -1.3
      vertex -2.73893 0.246508 -1.3
    endloop
  endfacet
  facet normal -0.351393 0.936228 0
    outer loop
      vertex -0.849796 2.61541 -1.3
      vertex -1.08082 2.5287 2.01
      vertex -0.849796 2.61541 2.01
    endloop
  endfacet
  facet normal -0.351393 0.936228 0
    outer loop
      vertex -1.08082 2.5287 2.01
      vertex -0.849796 2.61541 -1.3
      vertex -1.08082 2.5287 -1.3
    endloop
  endfacet
  facet normal -0.974927 -0.222527 0
    outer loop
      vertex -2.6509 -0.731601 -1.3
      vertex -2.70581 -0.491031 2.01
      vertex -2.70581 -0.491031 -1.3
    endloop
  endfacet
  facet normal -0.974927 -0.222527 0
    outer loop
      vertex -2.70581 -0.491031 2.01
      vertex -2.6509 -0.731601 -1.3
      vertex -2.6509 -0.731601 2.01
    endloop
  endfacet
  facet normal 0.722794 -0.691063 0
    outer loop
      vertex 1.90042 -1.98769 2.01
      vertex 2.07095 -1.80933 -1.3
      vertex 2.07095 -1.80933 2.01
    endloop
  endfacet
  facet normal 0.722794 -0.691063 0
    outer loop
      vertex 2.07095 -1.80933 -1.3
      vertex 1.90042 -1.98769 2.01
      vertex 1.90042 -1.98769 -1.3
    endloop
  endfacet
  facet normal 0.951059 -0.30901 0
    outer loop
      vertex 2.57465 -0.96628 2.01
      vertex 2.6509 -0.731601 -1.3
      vertex 2.6509 -0.731601 2.01
    endloop
  endfacet
  facet normal 0.951059 -0.30901 0
    outer loop
      vertex 2.6509 -0.731601 -1.3
      vertex 2.57465 -0.96628 2.01
      vertex 2.57465 -0.96628 -1.3
    endloop
  endfacet
  facet normal -0.587786 -0.809016 0
    outer loop
      vertex -1.7146 -2.15004 -1.3
      vertex -1.51497 -2.29508 2.01
      vertex -1.7146 -2.15004 2.01
    endloop
  endfacet
  facet normal -0.587786 -0.809016 -0
    outer loop
      vertex -1.51497 -2.29508 2.01
      vertex -1.7146 -2.15004 -1.3
      vertex -1.51497 -2.29508 -1.3
    endloop
  endfacet
  facet normal -0.657948 0.753064 0
    outer loop
      vertex -1.7146 2.15004 -1.3
      vertex -1.90042 1.98769 2.01
      vertex -1.7146 2.15004 2.01
    endloop
  endfacet
  facet normal -0.657948 0.753064 0
    outer loop
      vertex -1.90042 1.98769 2.01
      vertex -1.7146 2.15004 -1.3
      vertex -1.90042 1.98769 -1.3
    endloop
  endfacet
  facet normal 0.587786 -0.809016 0
    outer loop
      vertex 1.51497 -2.29508 -1.3
      vertex 1.7146 -2.15004 2.01
      vertex 1.51497 -2.29508 2.01
    endloop
  endfacet
  facet normal 0.587786 -0.809016 0
    outer loop
      vertex 1.7146 -2.15004 2.01
      vertex 1.51497 -2.29508 -1.3
      vertex 1.7146 -2.15004 -1.3
    endloop
  endfacet
  facet normal -0.990951 -0.134222 0
    outer loop
      vertex -2.70581 -0.491031 -1.3
      vertex -2.73893 -0.246508 2.01
      vertex -2.73893 -0.246508 -1.3
    endloop
  endfacet
  facet normal -0.990951 -0.134222 0
    outer loop
      vertex -2.73893 -0.246508 2.01
      vertex -2.70581 -0.491031 -1.3
      vertex -2.70581 -0.491031 2.01
    endloop
  endfacet
  facet normal 0.834592 -0.550869 0
    outer loop
      vertex 2.2248 -1.61641 2.01
      vertex 2.36073 -1.41047 -1.3
      vertex 2.36073 -1.41047 2.01
    endloop
  endfacet
  facet normal 0.834592 -0.550869 0
    outer loop
      vertex 2.36073 -1.41047 -1.3
      vertex 2.2248 -1.61641 2.01
      vertex 2.2248 -1.61641 -1.3
    endloop
  endfacet
  facet normal 0.587786 0.809016 -0
    outer loop
      vertex 1.7146 2.15004 -1.3
      vertex 1.51497 2.29508 2.01
      vertex 1.7146 2.15004 2.01
    endloop
  endfacet
  facet normal 0.587786 0.809016 0
    outer loop
      vertex 1.51497 2.29508 2.01
      vertex 1.7146 2.15004 -1.3
      vertex 1.51497 2.29508 -1.3
    endloop
  endfacet
  facet normal -0.512892 0.858453 0
    outer loop
      vertex -1.30314 2.42164 -1.3
      vertex -1.51497 2.29508 2.01
      vertex -1.30314 2.42164 2.01
    endloop
  endfacet
  facet normal -0.512892 0.858453 0
    outer loop
      vertex -1.51497 2.29508 2.01
      vertex -1.30314 2.42164 -1.3
      vertex -1.51497 2.29508 -1.3
    endloop
  endfacet
  facet normal 0.657948 -0.753064 0
    outer loop
      vertex 1.7146 -2.15004 -1.3
      vertex 1.90042 -1.98769 2.01
      vertex 1.7146 -2.15004 2.01
    endloop
  endfacet
  facet normal 0.657948 -0.753064 0
    outer loop
      vertex 1.90042 -1.98769 2.01
      vertex 1.7146 -2.15004 -1.3
      vertex 1.90042 -1.98769 -1.3
    endloop
  endfacet
  facet normal 0.512892 0.858453 -0
    outer loop
      vertex 1.51497 2.29508 -1.3
      vertex 1.30314 2.42164 2.01
      vertex 1.51497 2.29508 2.01
    endloop
  endfacet
  facet normal 0.512892 0.858453 0
    outer loop
      vertex 1.30314 2.42164 2.01
      vertex 1.51497 2.29508 -1.3
      vertex 1.30314 2.42164 -1.3
    endloop
  endfacet
  facet normal 0.351393 0.936228 -0
    outer loop
      vertex 1.08082 2.5287 -1.3
      vertex 0.849796 2.61541 2.01
      vertex 1.08082 2.5287 2.01
    endloop
  endfacet
  facet normal 0.351393 0.936228 0
    outer loop
      vertex 0.849796 2.61541 2.01
      vertex 1.08082 2.5287 -1.3
      vertex 0.849796 2.61541 -1.3
    endloop
  endfacet
  facet normal -0.433872 0.900975 0
    outer loop
      vertex -1.08082 2.5287 -1.3
      vertex -1.30314 2.42164 2.01
      vertex -1.08082 2.5287 2.01
    endloop
  endfacet
  facet normal -0.433872 0.900975 0
    outer loop
      vertex -1.30314 2.42164 2.01
      vertex -1.08082 2.5287 -1.3
      vertex -1.30314 2.42164 -1.3
    endloop
  endfacet
  facet normal 0.351393 -0.936228 0
    outer loop
      vertex 0.849796 -2.61541 -1.3
      vertex 1.08082 -2.5287 2.01
      vertex 0.849796 -2.61541 2.01
    endloop
  endfacet
  facet normal 0.351393 -0.936228 0
    outer loop
      vertex 1.08082 -2.5287 2.01
      vertex 0.849796 -2.61541 -1.3
      vertex 1.08082 -2.5287 -1.3
    endloop
  endfacet
  facet normal 0.266013 -0.963969 0
    outer loop
      vertex 0.611932 -2.68105 -1.3
      vertex 0.849796 -2.61541 2.01
      vertex 0.611932 -2.68105 2.01
    endloop
  endfacet
  facet normal 0.266013 -0.963969 0
    outer loop
      vertex 0.849796 -2.61541 2.01
      vertex 0.611932 -2.68105 -1.3
      vertex 0.849796 -2.61541 -1.3
    endloop
  endfacet
  facet normal 0.089643 0.995974 -0
    outer loop
      vertex 0.369141 2.72511 -1.3
      vertex 0.123378 2.74723 2.01
      vertex 0.369141 2.72511 2.01
    endloop
  endfacet
  facet normal 0.089643 0.995974 0
    outer loop
      vertex 0.123378 2.74723 2.01
      vertex 0.369141 2.72511 -1.3
      vertex 0.123378 2.74723 -1.3
    endloop
  endfacet
  facet normal 0.880593 0.473873 0
    outer loop
      vertex 2.47766 1.19318 2.01
      vertex 2.36073 1.41047 -1.3
      vertex 2.36073 1.41047 2.01
    endloop
  endfacet
  facet normal 0.880593 0.473873 0
    outer loop
      vertex 2.36073 1.41047 -1.3
      vertex 2.47766 1.19318 2.01
      vertex 2.47766 1.19318 -1.3
    endloop
  endfacet
  facet normal -0.178557 -0.98393 0
    outer loop
      vertex -0.611932 -2.68105 -1.3
      vertex -0.369141 -2.72511 2.01
      vertex -0.611932 -2.68105 2.01
    endloop
  endfacet
  facet normal -0.178557 -0.98393 -0
    outer loop
      vertex -0.369141 -2.72511 2.01
      vertex -0.611932 -2.68105 -1.3
      vertex -0.369141 -2.72511 -1.3
    endloop
  endfacet
  facet normal -0.178557 0.98393 0
    outer loop
      vertex -0.369141 2.72511 -1.3
      vertex -0.611932 2.68105 2.01
      vertex -0.369141 2.72511 2.01
    endloop
  endfacet
  facet normal -0.178557 0.98393 0
    outer loop
      vertex -0.611932 2.68105 2.01
      vertex -0.369141 2.72511 -1.3
      vertex -0.611932 2.68105 -1.3
    endloop
  endfacet
  facet normal -0.089643 0.995974 0
    outer loop
      vertex -0.123378 2.74723 -1.3
      vertex -0.369141 2.72511 2.01
      vertex -0.123378 2.74723 2.01
    endloop
  endfacet
  facet normal -0.089643 0.995974 0
    outer loop
      vertex -0.369141 2.72511 2.01
      vertex -0.123378 2.74723 -1.3
      vertex -0.369141 2.72511 -1.3
    endloop
  endfacet
  facet normal -0.266013 0.963969 0
    outer loop
      vertex -0.611932 2.68105 -1.3
      vertex -0.849796 2.61541 2.01
      vertex -0.611932 2.68105 2.01
    endloop
  endfacet
  facet normal -0.266013 0.963969 0
    outer loop
      vertex -0.849796 2.61541 2.01
      vertex -0.611932 2.68105 -1.3
      vertex -0.849796 2.61541 -1.3
    endloop
  endfacet
  facet normal -0.433872 -0.900975 0
    outer loop
      vertex -1.30314 -2.42164 -1.3
      vertex -1.08082 -2.5287 2.01
      vertex -1.30314 -2.42164 2.01
    endloop
  endfacet
  facet normal -0.433872 -0.900975 -0
    outer loop
      vertex -1.08082 -2.5287 2.01
      vertex -1.30314 -2.42164 -1.3
      vertex -1.08082 -2.5287 -1.3
    endloop
  endfacet
  facet normal 0.089643 -0.995974 0
    outer loop
      vertex 0.123378 -2.74723 -1.3
      vertex 0.369141 -2.72511 2.01
      vertex 0.123378 -2.74723 2.01
    endloop
  endfacet
  facet normal 0.089643 -0.995974 0
    outer loop
      vertex 0.369141 -2.72511 2.01
      vertex 0.123378 -2.74723 -1.3
      vertex 0.369141 -2.72511 -1.3
    endloop
  endfacet
  facet normal -0.089643 -0.995974 0
    outer loop
      vertex -0.369141 -2.72511 -1.3
      vertex -0.123378 -2.74723 2.01
      vertex -0.369141 -2.72511 2.01
    endloop
  endfacet
  facet normal -0.089643 -0.995974 -0
    outer loop
      vertex -0.123378 -2.74723 2.01
      vertex -0.369141 -2.72511 -1.3
      vertex -0.123378 -2.74723 -1.3
    endloop
  endfacet
  facet normal 0 -1 0
    outer loop
      vertex -0.123378 -2.74723 -1.3
      vertex 0.123378 -2.74723 2.01
      vertex -0.123378 -2.74723 2.01
    endloop
  endfacet
  facet normal 0 -1 -0
    outer loop
      vertex 0.123378 -2.74723 2.01
      vertex -0.123378 -2.74723 -1.3
      vertex 0.123378 -2.74723 -1.3
    endloop
  endfacet
  facet normal -0.990951 0.134222 0
    outer loop
      vertex -2.73893 0.246508 -1.3
      vertex -2.70581 0.491031 2.01
      vertex -2.70581 0.491031 -1.3
    endloop
  endfacet
  facet normal -0.990951 0.134222 0
    outer loop
      vertex -2.70581 0.491031 2.01
      vertex -2.73893 0.246508 -1.3
      vertex -2.73893 0.246508 2.01
    endloop
  endfacet
  facet normal 0.657948 0.753064 -0
    outer loop
      vertex 1.90042 1.98769 -1.3
      vertex 1.7146 2.15004 2.01
      vertex 1.90042 1.98769 2.01
    endloop
  endfacet
  facet normal 0.657948 0.753064 0
    outer loop
      vertex 1.7146 2.15004 2.01
      vertex 1.90042 1.98769 -1.3
      vertex 1.7146 2.15004 -1.3
    endloop
  endfacet
  facet normal -0.919516 0.393053 0
    outer loop
      vertex -2.57465 0.96628 -1.3
      vertex -2.47766 1.19318 2.01
      vertex -2.47766 1.19318 -1.3
    endloop
  endfacet
  facet normal -0.919516 0.393053 0
    outer loop
      vertex -2.47766 1.19318 2.01
      vertex -2.57465 0.96628 -1.3
      vertex -2.57465 0.96628 2.01
    endloop
  endfacet
  facet normal 0 1 -0
    outer loop
      vertex 0.123378 2.74723 -1.3
      vertex -0.123378 2.74723 2.01
      vertex 0.123378 2.74723 2.01
    endloop
  endfacet
  facet normal 0 1 0
    outer loop
      vertex -0.123378 2.74723 2.01
      vertex 0.123378 2.74723 -1.3
      vertex -0.123378 2.74723 -1.3
    endloop
  endfacet
  facet normal -0.781829 0.623493 0
    outer loop
      vertex -2.2248 1.61641 -1.3
      vertex -2.07095 1.80933 2.01
      vertex -2.07095 1.80933 -1.3
    endloop
  endfacet
  facet normal -0.781829 0.623493 0
    outer loop
      vertex -2.07095 1.80933 2.01
      vertex -2.2248 1.61641 -1.3
      vertex -2.2248 1.61641 2.01
    endloop
  endfacet
  facet normal -0.998993 0.0448621 0
    outer loop
      vertex -2.75 0 -1.3
      vertex -2.73893 0.246508 2.01
      vertex -2.73893 0.246508 -1.3
    endloop
  endfacet
  facet normal -0.998993 0.0448621 0
    outer loop
      vertex -2.73893 0.246508 2.01
      vertex -2.75 0 -1.3
      vertex -2.75 0 2.01
    endloop
  endfacet
  facet normal -0.880593 -0.473873 0
    outer loop
      vertex -2.36073 -1.41047 -1.3
      vertex -2.47766 -1.19318 2.01
      vertex -2.47766 -1.19318 -1.3
    endloop
  endfacet
  facet normal -0.880593 -0.473873 0
    outer loop
      vertex -2.47766 -1.19318 2.01
      vertex -2.36073 -1.41047 -1.3
      vertex -2.36073 -1.41047 2.01
    endloop
  endfacet
  facet normal -0.834592 -0.550869 0
    outer loop
      vertex -2.2248 -1.61641 -1.3
      vertex -2.36073 -1.41047 2.01
      vertex -2.36073 -1.41047 -1.3
    endloop
  endfacet
  facet normal -0.834592 -0.550869 0
    outer loop
      vertex -2.36073 -1.41047 2.01
      vertex -2.2248 -1.61641 -1.3
      vertex -2.2248 -1.61641 2.01
    endloop
  endfacet
  facet normal -0.266013 -0.963969 0
    outer loop
      vertex -0.849796 -2.61541 -1.3
      vertex -0.611932 -2.68105 2.01
      vertex -0.849796 -2.61541 2.01
    endloop
  endfacet
  facet normal -0.266013 -0.963969 -0
    outer loop
      vertex -0.611932 -2.68105 2.01
      vertex -0.849796 -2.61541 -1.3
      vertex -0.611932 -2.68105 -1.3
    endloop
  endfacet
  facet normal -0.951059 -0.30901 0
    outer loop
      vertex -2.57465 -0.96628 -1.3
      vertex -2.6509 -0.731601 2.01
      vertex -2.6509 -0.731601 -1.3
    endloop
  endfacet
  facet normal -0.951059 -0.30901 0
    outer loop
      vertex -2.6509 -0.731601 2.01
      vertex -2.57465 -0.96628 -1.3
      vertex -2.57465 -0.96628 2.01
    endloop
  endfacet
  facet normal -0.512892 -0.858453 0
    outer loop
      vertex -1.51497 -2.29508 -1.3
      vertex -1.30314 -2.42164 2.01
      vertex -1.51497 -2.29508 2.01
    endloop
  endfacet
  facet normal -0.512892 -0.858453 -0
    outer loop
      vertex -1.30314 -2.42164 2.01
      vertex -1.51497 -2.29508 -1.3
      vertex -1.30314 -2.42164 -1.3
    endloop
  endfacet
  facet normal -0.657948 -0.753064 0
    outer loop
      vertex -1.90042 -1.98769 -1.3
      vertex -1.7146 -2.15004 2.01
      vertex -1.90042 -1.98769 2.01
    endloop
  endfacet
  facet normal -0.657948 -0.753064 -0
    outer loop
      vertex -1.7146 -2.15004 2.01
      vertex -1.90042 -1.98769 -1.3
      vertex -1.7146 -2.15004 -1.3
    endloop
  endfacet
  facet normal 0 1 -0
    outer loop
      vertex 2.04999 -0.649994 -0.79
      vertex 0.599991 -0.649994 2.01
      vertex 2.04999 -0.649994 2.01
    endloop
  endfacet
  facet normal 0 1 0
    outer loop
      vertex 0.599991 -0.649994 2.01
      vertex 2.04999 -0.649994 -0.79
      vertex 0.599991 -0.649994 -0.79
    endloop
  endfacet
  facet normal -1 0 0
    outer loop
      vertex 2.04999 -0.649994 -0.79
      vertex 2.04999 0.649994 2.01
      vertex 2.04999 0.649994 -0.79
    endloop
  endfacet
  facet normal -1 -0 0
    outer loop
      vertex 2.04999 0.649994 2.01
      vertex 2.04999 -0.649994 -0.79
      vertex 2.04999 -0.649994 2.01
    endloop
  endfacet
  facet normal 0 -1 0
    outer loop
      vertex 0.599991 0.649994 -0.79
      vertex 2.04999 0.649994 2.01
      vertex 0.599991 0.649994 2.01
    endloop
  endfacet
  facet normal 0 -1 -0
    outer loop
      vertex 2.04999 0.649994 2.01
      vertex 0.599991 0.649994 -0.79
      vertex 2.04999 0.649994 -0.79
    endloop
  endfacet
  facet normal -1 0 0
    outer loop
      vertex 0.599991 0.649994 -0.79
      vertex 0.599991 2.04999 2.01
      vertex 0.599991 2.04999 -0.79
    endloop
  endfacet
  facet normal -1 -0 0
    outer loop
      vertex 0.599991 2.04999 2.01
      vertex 0.599991 0.649994 -0.79
      vertex 0.599991 0.649994 2.01
    endloop
  endfacet
  facet normal 0 -1 0
    outer loop
      vertex -0.599991 2.04999 -0.79
      vertex 0.599991 2.04999 2.01
      vertex -0.599991 2.04999 2.01
    endloop
  endfacet
  facet normal 0 -1 -0
    outer loop
      vertex 0.599991 2.04999 2.01
      vertex -0.599991 2.04999 -0.79
      vertex 0.599991 2.04999 -0.79
    endloop
  endfacet
  facet normal 1 -0 0
    outer loop
      vertex -0.599991 0.649994 2.01
      vertex -0.599991 2.04999 -0.79
      vertex -0.599991 2.04999 2.01
    endloop
  endfacet
  facet normal 1 0 0
    outer loop
      vertex -0.599991 2.04999 -0.79
      vertex -0.599991 0.649994 2.01
      vertex -0.599991 0.649994 -0.79
    endloop
  endfacet
  facet normal 0 -1 0
    outer loop
      vertex -2.04999 0.649994 -0.79
      vertex -0.599991 0.649994 2.01
      vertex -2.04999 0.649994 2.01
    endloop
  endfacet
  facet normal 0 -1 -0
    outer loop
      vertex -0.599991 0.649994 2.01
      vertex -2.04999 0.649994 -0.79
      vertex -0.599991 0.649994 -0.79
    endloop
  endfacet
  facet normal 1 -0 0
    outer loop
      vertex -2.04999 -0.649994 2.01
      vertex -2.04999 0.649994 -0.79
      vertex -2.04999 0.649994 2.01
    endloop
  endfacet
  facet normal 1 0 0
    outer loop
      vertex -2.04999 0.649994 -0.79
      vertex -2.04999 -0.649994 2.01
      vertex -2.04999 -0.649994 -0.79
    endloop
  endfacet
  facet normal 0 1 -0
    outer loop
      vertex -0.599991 -0.649994 -0.79
      vertex -2.04999 -0.649994 2.01
      vertex -0.599991 -0.649994 2.01
    endloop
  endfacet
  facet normal 0 1 0
    outer loop
      vertex -2.04999 -0.649994 2.01
      vertex -0.599991 -0.649994 -0.79
      vertex -2.04999 -0.649994 -0.79
    endloop
  endfacet
  facet normal 1 -0 0
    outer loop
      vertex -0.599991 -2.04999 2.01
      vertex -0.599991 -0.649994 -0.79
      vertex -0.599991 -0.649994 2.01
    endloop
  endfacet
  facet normal 1 0 0
    outer loop
      vertex -0.599991 -0.649994 -0.79
      vertex -0.599991 -2.04999 2.01
      vertex -0.599991 -2.04999 -0.79
    endloop
  endfacet
  facet normal 0 1 -0
    outer loop
      vertex 0.599991 -2.04999 -0.79
      vertex -0.599991 -2.04999 2.01
      vertex 0.599991 -2.04999 2.01
    endloop
  endfacet
  facet normal 0 1 0
    outer loop
      vertex -0.599991 -2.04999 2.01
      vertex 0.599991 -2.04999 -0.79
      vertex -0.599991 -2.04999 -0.79
    endloop
  endfacet
  facet normal -1 0 0
    outer loop
      vertex 0.599991 -2.04999 -0.79
      vertex 0.599991 -0.649994 2.01
      vertex 0.599991 -0.649994 -0.79
    endloop
  endfacet
  facet normal -1 -0 0
    outer loop
      vertex 0.599991 -0.649994 2.01
      vertex 0.599991 -2.04999 -0.79
      vertex 0.599991 -2.04999 2.01
    endloop
  endfacet
  facet normal 0.824513 0 -0.565842
    outer loop
      vertex -2.04999 -0.649994 -0.79
      vertex -2.39999 1 -1.3
      vertex -2.04999 0.649994 -0.79
    endloop
  endfacet
  facet normal 0.824513 0 -0.565842
    outer loop
      vertex -2.39999 1 -1.3
      vertex -2.04999 -0.649994 -0.79
      vertex -2.39999 -1 -1.3
    endloop
  endfacet
  facet normal -0.824513 0 -0.565842
    outer loop
      vertex 2.39999 1 -1.3
      vertex 2.04999 -0.649994 -0.79
      vertex 2.04999 0.649994 -0.79
    endloop
  endfacet
  facet normal -0.824513 0 -0.565842
    outer loop
      vertex 2.04999 -0.649994 -0.79
      vertex 2.39999 1 -1.3
      vertex 2.39999 -1 -1.3
    endloop
  endfacet
  facet normal 0 -0.824513 -0.565842
    outer loop
      vertex -0.949997 2.39999 -1.3
      vertex 0.599991 2.04999 -0.79
      vertex -0.599991 2.04999 -0.79
    endloop
  endfacet
  facet normal 0 -0.824513 -0.565842
    outer loop
      vertex 0.599991 2.04999 -0.79
      vertex -0.949997 2.39999 -1.3
      vertex 0.949997 2.39999 -1.3
    endloop
  endfacet
  facet normal 0.498475 -0.516278 -0.696405
    outer loop
      vertex -2.04999 0.649994 -0.79
      vertex -0.949997 2.39999 -1.3
      vertex -0.599991 2.04999 -0.79
    endloop
  endfacet
  facet normal 0.498474 -0.516278 -0.696405
    outer loop
      vertex -0.949997 2.39999 -1.3
      vertex -2.04999 0.649994 -0.79
      vertex -2.39999 1 -1.3
    endloop
  endfacet
  facet normal -0.498474 -0.516278 -0.696405
    outer loop
      vertex 2.04999 0.649994 -0.79
      vertex 0.949997 2.39999 -1.3
      vertex 2.39999 1 -1.3
    endloop
  endfacet
  facet normal -0.498475 -0.516278 -0.696405
    outer loop
      vertex 0.949997 2.39999 -1.3
      vertex 2.04999 0.649994 -0.79
      vertex 0.599991 2.04999 -0.79
    endloop
  endfacet
  facet normal 0.498475 0.516278 -0.696405
    outer loop
      vertex -0.949997 -2.39999 -1.3
      vertex -2.04999 -0.649994 -0.79
      vertex -0.599991 -2.04999 -0.79
    endloop
  endfacet
  facet normal 0.498474 0.516278 -0.696405
    outer loop
      vertex -2.04999 -0.649994 -0.79
      vertex -0.949997 -2.39999 -1.3
      vertex -2.39999 -1 -1.3
    endloop
  endfacet
  facet normal -0.498474 0.516278 -0.696405
    outer loop
      vertex 0.949997 -2.39999 -1.3
      vertex 2.04999 -0.649994 -0.79
      vertex 2.39999 -1 -1.3
    endloop
  endfacet
  facet normal -0.498475 0.516278 -0.696405
    outer loop
      vertex 2.04999 -0.649994 -0.79
      vertex 0.949997 -2.39999 -1.3
      vertex 0.599991 -2.04999 -0.79
    endloop
  endfacet
  facet normal 0 0.824513 -0.565842
    outer loop
      vertex 0.949997 -2.39999 -1.3
      vertex -0.599991 -2.04999 -0.79
      vertex 0.599991 -2.04999 -0.79
    endloop
  endfacet
  facet normal 0 0.824513 -0.565842
    outer loop
      vertex -0.599991 -2.04999 -0.79
      vertex 0.949997 -2.39999 -1.3
      vertex -0.949997 -2.39999 -1.3
    endloop
  endfacet
  facet normal -0 -0 -1
    outer loop
      vertex -0.599991 -0.649994 -0.79
      vertex -0.599991 -2.04999 -0.79
      vertex -2.04999 -0.649994 -0.79
    endloop
  endfacet
  facet normal 0 -0 -1
    outer loop
      vertex -0.599991 2.04999 -0.79
      vertex -0.599991 0.649994 -0.79
      vertex -2.04999 0.649994 -0.79
    endloop
  endfacet
  facet normal 0 0 -1
    outer loop
      vertex 0.599991 2.04999 -0.79
      vertex 2.04999 0.649994 -0.79
      vertex 0.599991 0.649994 -0.79
    endloop
  endfacet
  facet normal 0 0 -1
    outer loop
      vertex 0.599991 -0.649994 -0.79
      vertex 2.04999 -0.649994 -0.79
      vertex 0.599991 -2.04999 -0.79
    endloop
  endfacet
endsolid OpenSCAD_Model
