solid OpenSCAD_Model
  facet normal 0.329043 0.794346 0.510632
    outer loop
      vertex 7.68712 13.6695 0.41
      vertex 5.96257 11.5554 4.81
      vertex 7.96257 13.5554 0.41
    endloop
  endfacet
  facet normal 0.329043 0.794346 0.510632
    outer loop
      vertex 5.96257 11.5554 4.81
      vertex 7.68712 13.6695 0.41
      vertex 5.68712 11.6695 4.81
    endloop
  endfacet
  facet normal -0.538472 0.459922 -0.70606
    outer loop
      vertex -8.16064 12.9231 0
      vertex -8.63713 12.9793 0.4
      vertex -8.4435 13.206 0.4
    endloop
  endfacet
  facet normal -0.604644 0.370339 0.705163
    outer loop
      vertex -6.63713 10.9793 4.81
      vertex -6.23741 10.5866 5.35898
      vertex -6.20464 10.6346 5.36187
    endloop
  endfacet
  facet normal -0.60438 0.370677 0.705212
    outer loop
      vertex -6.23741 10.5866 5.35898
      vertex -6.63713 10.9793 4.81
      vertex -6.28074 10.5232 5.35517
    endloop
  endfacet
  facet normal -0.604553 0.370485 0.705165
    outer loop
      vertex -6.28074 10.5232 5.35517
      vertex -6.63713 10.9793 4.81
      vertex -6.79291 10.7251 4.81
    endloop
  endfacet
  facet normal -0.543871 0.446391 -0.710591
    outer loop
      vertex -8.3472 12.6958 0
      vertex -8.63713 12.9793 0.4
      vertex -8.16064 12.9231 0
    endloop
  endfacet
  facet normal 0.852699 0.204689 0.480631
    outer loop
      vertex 6.907 10.4496 4.81
      vertex 8.97659 12.1597 0.41
      vertex 8.907 12.4496 0.41
    endloop
  endfacet
  facet normal 0.852699 0.204689 0.480631
    outer loop
      vertex 8.97659 12.1597 0.41
      vertex 6.907 10.4496 4.81
      vertex 6.97659 10.1597 4.81
    endloop
  endfacet
  facet normal 0.203601 0.670859 -0.713088
    outer loop
      vertex 7.67401 13.2483 0
      vertex 7.39262 13.3337 0
      vertex 7.68712 13.6695 0.4
    endloop
  endfacet
  facet normal -0.76039 0.649467 0
    outer loop
      vertex -8.63713 12.9793 0.4
      vertex -8.4435 13.206 0.41
      vertex -8.4435 13.206 0.4
    endloop
  endfacet
  facet normal -0.76039 0.649467 0
    outer loop
      vertex -8.4435 13.206 0.41
      vertex -8.63713 12.9793 0.4
      vertex -8.63713 12.9793 0.41
    endloop
  endfacet
  facet normal 0.0869025 0.699663 0.709168
    outer loop
      vertex 5.39722 11.7391 4.81
      vertex 5.21124 11.128 5.4357
      vertex 5.35022 11.1206 5.42597
    endloop
  endfacet
  facet normal 0.794345 -0.329051 0.510629
    outer loop
      vertex 8.15387 -12.086 1.81589
      vertex 8.907 -12.4496 0.41
      vertex 8.22834 -11.771 1.90303
    endloop
  endfacet
  facet normal 0.79438 -0.328969 0.510627
    outer loop
      vertex 8.907 -12.4496 0.41
      vertex 8.15387 -12.086 1.81589
      vertex 8.79291 -12.7251 0.41
    endloop
  endfacet
  facet normal 0.204912 -0.852614 0.480687
    outer loop
      vertex 7.39722 -13.7391 0.41
      vertex 7.00997 -13.1595 1.60314
      vertex 6.85401 -13.1959 1.60506
    endloop
  endfacet
  facet normal 0.204539 -0.852738 0.480626
    outer loop
      vertex 7.00997 -13.1595 1.60314
      vertex 7.39722 -13.7391 0.41
      vertex 7.14642 -13.1288 1.59954
    endloop
  endfacet
  facet normal 0.204716 -0.852689 0.480638
    outer loop
      vertex 7.14642 -13.1288 1.59954
      vertex 7.39722 -13.7391 0.41
      vertex 7.68712 -13.6695 0.41
    endloop
  endfacet
  facet normal 0.330446 0.61831 -0.713091
    outer loop
      vertex 7.93335 13.1097 0
      vertex 7.67401 13.2483 0
      vertex 7.96257 13.5554 0.4
    endloop
  endfacet
  facet normal -0.707116 0 -0.707098
    outer loop
      vertex -8.59999 -11.8625 0
      vertex -8.99998 11.8625 0.4
      vertex -8.59999 11.8625 0
    endloop
  endfacet
  facet normal -0.707116 -0 -0.707098
    outer loop
      vertex -8.99998 11.8625 0.4
      vertex -8.59999 -11.8625 0
      vertex -8.99998 -11.8625 0.4
    endloop
  endfacet
  facet normal 0.458817 0.537309 0.707663
    outer loop
      vertex 6.21678 11.3996 4.81
      vertex 5.95695 10.8687 5.38156
      vertex 6.4435 11.206 4.81
    endloop
  endfacet
  facet normal 0.459052 0.537155 0.707627
    outer loop
      vertex 6.21678 11.3996 4.81
      vertex 5.8908 10.9185 5.38667
      vertex 5.95695 10.8687 5.38156
    endloop
  endfacet
  facet normal 0.459244 0.537009 0.707613
    outer loop
      vertex 5.8908 10.9185 5.38667
      vertex 6.21678 11.3996 4.81
      vertex 5.85492 10.9456 5.38939
    endloop
  endfacet
  facet normal 0.446495 -0.543858 -0.710536
    outer loop
      vertex 8.21678 -13.3996 0.4
      vertex 7.93335 -13.1097 0
      vertex 8.16064 -12.9231 0
    endloop
  endfacet
  facet normal 0.706015 0.0555624 0.706014
    outer loop
      vertex 6.46424 10.0038 5.33462
      vertex 6.99998 9.86249 4.81
      vertex 6.97659 10.1597 4.81
    endloop
  endfacet
  facet normal 0.705999 0.0561211 0.705986
    outer loop
      vertex 6.99998 9.86249 4.81
      vertex 6.47821 9.86878 5.33128
      vertex 6.47888 9.86249 5.33111
    endloop
  endfacet
  facet normal 0.706017 0.0555843 0.70601
    outer loop
      vertex 6.99998 9.86249 4.81
      vertex 6.46424 10.0038 5.33462
      vertex 6.47821 9.86878 5.33128
    endloop
  endfacet
  facet normal 0.371684 0.606456 -0.702895
    outer loop
      vertex 8.21678 13.3996 0.4
      vertex 7.93335 13.1097 0
      vertex 7.96257 13.5554 0.4
    endloop
  endfacet
  facet normal -0.706023 -0.0555649 -0.706006
    outer loop
      vertex -8.97659 -12.1597 0.4
      vertex -8.99998 -11.8625 0.4
      vertex -8.59999 -11.8625 0
    endloop
  endfacet
  facet normal -0.606426 0.371633 -0.702948
    outer loop
      vertex -8.3472 12.6958 0
      vertex -8.79291 12.7251 0.4
      vertex -8.63713 12.9793 0.4
    endloop
  endfacet
  facet normal -0.895652 -0.0704581 0.439139
    outer loop
      vertex -8.99998 -11.8625 0.41
      vertex -8.24153 -11.2651 2.05276
      vertex -8.23168 -11.0942 2.10027
    endloop
  endfacet
  facet normal -0.895626 -0.0705828 0.439172
    outer loop
      vertex -8.24153 -11.2651 2.05276
      vertex -8.99998 -11.8625 0.41
      vertex -8.24423 -11.3121 2.0397
    endloop
  endfacet
  facet normal -0.895587 -0.0707783 0.43922
    outer loop
      vertex -8.24423 -11.3121 2.0397
      vertex -8.99998 -11.8625 0.41
      vertex -8.24572 -11.3329 2.03331
    endloop
  endfacet
  facet normal -0.895654 -0.0704374 0.439139
    outer loop
      vertex -8.24572 -11.3329 2.03331
      vertex -8.99998 -11.8625 0.41
      vertex -8.25327 -11.4364 2.00131
    endloop
  endfacet
  facet normal -0.895645 -0.0704883 0.439149
    outer loop
      vertex -8.25327 -11.4364 2.00131
      vertex -8.99998 -11.8625 0.41
      vertex -8.97659 -12.1597 0.41
    endloop
  endfacet
  facet normal -0.443105 0.722989 0.530043
    outer loop
      vertex -7.96257 13.5554 0.41
      vertex -6.21678 11.3996 4.81
      vertex -5.96257 11.5554 4.81
    endloop
  endfacet
  facet normal -0.443105 0.722989 0.530043
    outer loop
      vertex -6.21678 11.3996 4.81
      vertex -7.96257 13.5554 0.41
      vertex -8.21678 13.3996 0.41
    endloop
  endfacet
  facet normal 0.895644 0.0704883 0.439151
    outer loop
      vertex 6.97659 10.1597 4.81
      vertex 8.99998 11.8625 0.41
      vertex 8.97659 12.1597 0.41
    endloop
  endfacet
  facet normal 0.895644 0.0704859 0.43915
    outer loop
      vertex 8.99998 11.8625 0.41
      vertex 6.97659 10.1597 4.81
      vertex 6.99998 9.86249 4.81
    endloop
  endfacet
  facet normal 6.57987e-05 -0.91047 0.413575
    outer loop
      vertex -7.09999 -13.7625 0.41
      vertex 0 -13.0601 1.95518
      vertex -0.711669 -13.0623 1.95045
    endloop
  endfacet
  facet normal -0.00012266 -0.910176 0.414222
    outer loop
      vertex -7.09999 -13.7625 0.41
      vertex -0.711669 -13.0623 1.95045
      vertex -0.850379 -13.0627 1.94953
    endloop
  endfacet
  facet normal 0 -0.910356 0.413825
    outer loop
      vertex 7.09999 -13.7625 0.41
      vertex 0 -13.0601 1.95518
      vertex -7.09999 -13.7625 0.41
    endloop
  endfacet
  facet normal -6.24151e-05 -0.910268 0.41402
    outer loop
      vertex -7.09999 -13.7625 0.41
      vertex -0.850379 -13.0627 1.94953
      vertex -0.995025 -13.064 1.94665
    endloop
  endfacet
  facet normal -6.57987e-05 -0.91047 0.413575
    outer loop
      vertex 0 -13.0601 1.95518
      vertex 7.09999 -13.7625 0.41
      vertex 0.711669 -13.0623 1.95045
    endloop
  endfacet
  facet normal -6.6339e-06 -0.910351 0.413836
    outer loop
      vertex -7.09999 -13.7625 0.41
      vertex -0.995025 -13.064 1.94665
      vertex -1.70336 -13.0704 1.93256
    endloop
  endfacet
  facet normal 0.00012266 -0.910176 0.414222
    outer loop
      vertex 0.711669 -13.0623 1.95045
      vertex 7.09999 -13.7625 0.41
      vertex 0.850379 -13.0627 1.94953
    endloop
  endfacet
  facet normal 1.36694e-05 -0.910379 0.413776
    outer loop
      vertex -7.09999 -13.7625 0.41
      vertex -1.70336 -13.0704 1.93256
      vertex -2.35998 -13.0803 1.9108
    endloop
  endfacet
  facet normal 6.24151e-05 -0.910268 0.41402
    outer loop
      vertex 0.850379 -13.0627 1.94953
      vertex 7.09999 -13.7625 0.41
      vertex 0.995025 -13.064 1.94665
    endloop
  endfacet
  facet normal -0.000183753 -0.910144 0.414293
    outer loop
      vertex -7.09999 -13.7625 0.41
      vertex -2.35998 -13.0803 1.9108
      vertex -2.56159 -13.0833 1.90412
    endloop
  endfacet
  facet normal 6.6339e-06 -0.910351 0.413836
    outer loop
      vertex 0.995025 -13.064 1.94665
      vertex 7.09999 -13.7625 0.41
      vertex 1.70336 -13.0704 1.93256
    endloop
  endfacet
  facet normal -6.4927e-05 -0.91028 0.413994
    outer loop
      vertex -7.09999 -13.7625 0.41
      vertex -2.56159 -13.0833 1.90412
      vertex -2.79036 -13.0881 1.89353
    endloop
  endfacet
  facet normal -1.36694e-05 -0.910379 0.413776
    outer loop
      vertex 1.70336 -13.0704 1.93256
      vertex 7.09999 -13.7625 0.41
      vertex 2.35998 -13.0803 1.9108
    endloop
  endfacet
  facet normal 0.000147796 -0.910512 0.413482
    outer loop
      vertex -7.09999 -13.7625 0.41
      vertex -2.79036 -13.0881 1.89353
      vertex -3.42776 -13.1016 1.86403
    endloop
  endfacet
  facet normal 0.000183753 -0.910144 0.414293
    outer loop
      vertex 2.35998 -13.0803 1.9108
      vertex 7.09999 -13.7625 0.41
      vertex 2.56159 -13.0833 1.90412
    endloop
  endfacet
  facet normal -0.000126644 -0.910251 0.414056
    outer loop
      vertex -7.09999 -13.7625 0.41
      vertex -3.42776 -13.1016 1.86403
      vertex -3.73285 -13.1098 1.84591
    endloop
  endfacet
  facet normal 6.4927e-05 -0.91028 0.413994
    outer loop
      vertex 2.56159 -13.0833 1.90412
      vertex 7.09999 -13.7625 0.41
      vertex 2.79036 -13.0881 1.89353
    endloop
  endfacet
  facet normal -5.94409e-05 -0.910311 0.413926
    outer loop
      vertex -7.09999 -13.7625 0.41
      vertex -3.73285 -13.1098 1.84591
      vertex -4.30468 -13.1252 1.81196
    endloop
  endfacet
  facet normal -0.000147796 -0.910512 0.413482
    outer loop
      vertex 2.79036 -13.0881 1.89353
      vertex 7.09999 -13.7625 0.41
      vertex 3.42776 -13.1016 1.86403
    endloop
  endfacet
  facet normal -4.34843e-05 -0.910323 0.413899
    outer loop
      vertex -7.09999 -13.7625 0.41
      vertex -4.30468 -13.1252 1.81196
      vertex -4.77655 -13.1407 1.77782
    endloop
  endfacet
  facet normal 0.000126644 -0.910251 0.414056
    outer loop
      vertex 3.42776 -13.1016 1.86403
      vertex 7.09999 -13.7625 0.41
      vertex 3.73285 -13.1098 1.84591
    endloop
  endfacet
  facet normal 6.41146e-05 -0.910392 0.413748
    outer loop
      vertex -7.09999 -13.7625 0.41
      vertex -4.77655 -13.1407 1.77782
      vertex -5.19526 -13.1545 1.74752
    endloop
  endfacet
  facet normal 5.94409e-05 -0.910311 0.413926
    outer loop
      vertex 3.73285 -13.1098 1.84591
      vertex 7.09999 -13.7625 0.41
      vertex 4.30468 -13.1252 1.81196
    endloop
  endfacet
  facet normal 5.84712e-05 -0.910389 0.413754
    outer loop
      vertex -7.09999 -13.7625 0.41
      vertex -5.19526 -13.1545 1.74752
      vertex -5.73683 -13.1755 1.70139
    endloop
  endfacet
  facet normal 4.34843e-05 -0.910323 0.413899
    outer loop
      vertex 4.30468 -13.1252 1.81196
      vertex 7.09999 -13.7625 0.41
      vertex 4.77655 -13.1407 1.77782
    endloop
  endfacet
  facet normal 8.67207e-05 -0.9104 0.41373
    outer loop
      vertex -7.09999 -13.7625 0.41
      vertex -5.73683 -13.1755 1.70139
      vertex -6.10261 -13.1897 1.67022
    endloop
  endfacet
  facet normal -6.41146e-05 -0.910392 0.413748
    outer loop
      vertex 4.77655 -13.1407 1.77782
      vertex 7.09999 -13.7625 0.41
      vertex 5.19526 -13.1545 1.74752
    endloop
  endfacet
  facet normal -0.000287989 -0.910288 0.413975
    outer loop
      vertex -7.09999 -13.7625 0.41
      vertex -6.10261 -13.1897 1.67022
      vertex -6.38092 -13.202 1.64298
    endloop
  endfacet
  facet normal -5.84712e-05 -0.910389 0.413754
    outer loop
      vertex 5.19526 -13.1545 1.74752
      vertex 7.09999 -13.7625 0.41
      vertex 5.73683 -13.1755 1.70139
    endloop
  endfacet
  facet normal 0.000101561 -0.910374 0.413787
    outer loop
      vertex -7.09999 -13.7625 0.41
      vertex -6.38092 -13.202 1.64298
      vertex -6.54693 -13.2094 1.62674
    endloop
  endfacet
  facet normal -8.67207e-05 -0.9104 0.41373
    outer loop
      vertex 5.73683 -13.1755 1.70139
      vertex 7.09999 -13.7625 0.41
      vertex 6.10261 -13.1897 1.67022
    endloop
  endfacet
  facet normal 0.000287989 -0.910288 0.413975
    outer loop
      vertex 6.10261 -13.1897 1.67022
      vertex 7.09999 -13.7625 0.41
      vertex 6.38092 -13.202 1.64298
    endloop
  endfacet
  facet normal -0.000101561 -0.910374 0.413787
    outer loop
      vertex 6.38092 -13.202 1.64298
      vertex 7.09999 -13.7625 0.41
      vertex 6.54693 -13.2094 1.62674
    endloop
  endfacet
  facet normal 0.640209 0.546818 0.539558
    outer loop
      vertex 6.4435 11.206 4.81
      vertex 8.63713 12.9793 0.41
      vertex 8.4435 13.206 0.41
    endloop
  endfacet
  facet normal 0.640209 0.546818 0.539558
    outer loop
      vertex 8.63713 12.9793 0.41
      vertex 6.4435 11.206 4.81
      vertex 6.63713 10.9793 4.81
    endloop
  endfacet
  facet normal -0.706023 0.0555649 -0.706006
    outer loop
      vertex -8.59999 11.8625 0
      vertex -8.99998 11.8625 0.4
      vertex -8.97659 12.1597 0.4
    endloop
  endfacet
  facet normal 0.0555804 0.70599 0.706037
    outer loop
      vertex 5.09999 11.7625 4.81
      vertex 5.21124 11.128 5.4357
      vertex 5.39722 11.7391 4.81
    endloop
  endfacet
  facet normal 0.0554681 0.705985 0.706052
    outer loop
      vertex 5.21124 11.128 5.4357
      vertex 5.09999 11.7625 4.81
      vertex 5.09999 11.129 5.44344
    endloop
  endfacet
  facet normal -0.0689204 -0.700284 -0.71053
    outer loop
      vertex -7.09999 -13.3625 0
      vertex -7.39722 -13.7391 0.4
      vertex -7.39262 -13.3337 0
    endloop
  endfacet
  facet normal -0.522547 0.85261 0
    outer loop
      vertex -7.96257 13.5554 0.4
      vertex -8.21678 13.3996 0.41
      vertex -7.96257 13.5554 0.41
    endloop
  endfacet
  facet normal -0.522547 0.85261 0
    outer loop
      vertex -8.21678 13.3996 0.41
      vertex -7.96257 13.5554 0.4
      vertex -8.21678 13.3996 0.4
    endloop
  endfacet
  facet normal -0.330446 -0.61831 -0.713091
    outer loop
      vertex -7.67401 -13.2483 0
      vertex -7.96257 -13.5554 0.4
      vertex -7.93335 -13.1097 0
    endloop
  endfacet
  facet normal 0.618212 0.334642 0.711216
    outer loop
      vertex 6.79291 10.7251 4.81
      vertex 6.25501 10.5555 5.35736
      vertex 6.33857 10.4172 5.3498
    endloop
  endfacet
  facet normal -0.852631 0.522513 0
    outer loop
      vertex -8.79291 12.7251 0.4
      vertex -8.63713 12.9793 0.41
      vertex -8.63713 12.9793 0.4
    endloop
  endfacet
  facet normal -0.852631 0.522513 0
    outer loop
      vertex -8.63713 12.9793 0.41
      vertex -8.79291 12.7251 0.4
      vertex -8.79291 12.7251 0.41
    endloop
  endfacet
  facet normal -0.517668 0.476163 0.710837
    outer loop
      vertex -6.01738 10.823 5.37688
      vertex -6.4435 11.206 4.81
      vertex -6.11352 10.7299 5.36923
    endloop
  endfacet
  facet normal -0.517067 0.476824 0.710831
    outer loop
      vertex -6.4435 11.206 4.81
      vertex -6.01738 10.823 5.37688
      vertex -5.99377 10.8458 5.37876
    endloop
  endfacet
  facet normal 0 1 -0
    outer loop
      vertex 7.09999 13.7625 0.4
      vertex -7.09999 13.7625 0.41
      vertex 7.09999 13.7625 0.41
    endloop
  endfacet
  facet normal 0 1 0
    outer loop
      vertex -7.09999 13.7625 0.41
      vertex 7.09999 13.7625 0.4
      vertex -7.09999 13.7625 0.4
    endloop
  endfacet
  facet normal -0.546743 0.640276 0.539554
    outer loop
      vertex -8.21678 13.3996 0.41
      vertex -6.4435 11.206 4.81
      vertex -6.21678 11.3996 4.81
    endloop
  endfacet
  facet normal -0.546743 0.640276 0.539554
    outer loop
      vertex -6.4435 11.206 4.81
      vertex -8.21678 13.3996 0.41
      vertex -8.4435 13.206 0.41
    endloop
  endfacet
  facet normal 0.910366 -0 0.413803
    outer loop
      vertex 6.99998 2.43176 4.81
      vertex 8.99998 11.8625 0.41
      vertex 6.99998 9.86249 4.81
    endloop
  endfacet
  facet normal 0.91036 8.27456e-06 0.413818
    outer loop
      vertex 7.00419 2.35159 4.80074
      vertex 8.99998 11.8625 0.41
      vertex 6.99998 2.43176 4.81
    endloop
  endfacet
  facet normal 0.910362 5.89956e-06 0.413813
    outer loop
      vertex 7.02783 1.90144 4.74874
      vertex 8.99998 11.8625 0.41
      vertex 7.00419 2.35159 4.80074
    endloop
  endfacet
  facet normal 0.910369 -2.59367e-06 0.413797
    outer loop
      vertex 7.04087 1.65877 4.72005
      vertex 8.99998 11.8625 0.41
      vertex 7.02783 1.90144 4.74874
    endloop
  endfacet
  facet normal 0.910371 -4.34776e-06 0.413794
    outer loop
      vertex 7.07233 1.07346 4.65083
      vertex 8.99998 11.8625 0.41
      vertex 7.04087 1.65877 4.72005
    endloop
  endfacet
  facet normal 0.910307 6.21321e-05 0.413934
    outer loop
      vertex 7.07513 1.02251 4.64468
      vertex 8.99998 11.8625 0.41
      vertex 7.07233 1.07346 4.65083
    endloop
  endfacet
  facet normal 0.910383 -1.63204e-05 0.413768
    outer loop
      vertex 7.08359 0.868446 4.62606
      vertex 8.99998 11.8625 0.41
      vertex 7.07513 1.02251 4.64468
    endloop
  endfacet
  facet normal 0.910362 4.88094e-06 0.413813
    outer loop
      vertex 7.11578 0.372015 4.55525
      vertex 8.99998 11.8625 0.41
      vertex 7.08359 0.868446 4.62606
    endloop
  endfacet
  facet normal 0.910354 1.2235e-05 0.41383
    outer loop
      vertex 7.13163 0.127594 4.52039
      vertex 8.99998 11.8625 0.41
      vertex 7.11578 0.372015 4.55525
    endloop
  endfacet
  facet normal 0.910371 -3.76606e-06 0.413792
    outer loop
      vertex 7.18028 -0.608361 4.41335
      vertex 8.99998 11.8625 0.41
      vertex 7.13163 0.127594 4.52039
    endloop
  endfacet
  facet normal 0.910363 3.37482e-06 0.413811
    outer loop
      vertex 7.2033 -0.956579 4.36271
      vertex 8.99998 11.8625 0.41
      vertex 7.18028 -0.608361 4.41335
    endloop
  endfacet
  facet normal 0.910394 -2.21096e-05 0.413742
    outer loop
      vertex 7.21175 -1.08219 4.34411
      vertex 8.99998 11.8625 0.41
      vertex 7.2033 -0.956579 4.36271
    endloop
  endfacet
  facet normal 0.910353 1.0624e-05 0.413832
    outer loop
      vertex 7.22945 -1.34513 4.30518
      vertex 8.99998 11.8625 0.41
      vertex 7.21175 -1.08219 4.34411
    endloop
  endfacet
  facet normal 0.910366 1.16352e-06 0.413805
    outer loop
      vertex 7.27011 -1.86746 4.21573
      vertex 8.99998 11.8625 0.41
      vertex 7.22945 -1.34513 4.30518
    endloop
  endfacet
  facet normal 0.910363 3.00126e-06 0.41381
    outer loop
      vertex 7.29838 -2.23065 4.15354
      vertex 8.99998 11.8625 0.41
      vertex 7.27011 -1.86746 4.21573
    endloop
  endfacet
  facet normal 0.91037 -1.80068e-06 0.413795
    outer loop
      vertex 7.39563 -3.46052 3.93958
      vertex 8.99998 11.8625 0.41
      vertex 7.29838 -2.23065 4.15354
    endloop
  endfacet
  facet normal 0.910354 7.80352e-06 0.41383
    outer loop
      vertex 7.42173 -3.75018 3.88217
      vertex 8.99998 11.8625 0.41
      vertex 7.39563 -3.46052 3.93958
    endloop
  endfacet
  facet normal 0.910375 -4.7011e-06 0.413783
    outer loop
      vertex 7.49389 -4.54019 3.7234
      vertex 8.99998 11.8625 0.41
      vertex 7.42173 -3.75018 3.88217
    endloop
  endfacet
  facet normal 0.91038 1.55372e-05 0.413774
    outer loop
      vertex 8.99998 -11.8625 0.41
      vertex 7.49389 -4.54019 3.7234
      vertex 7.58194 -5.50401 3.52971
    endloop
  endfacet
  facet normal 0.910359 -1.12793e-05 0.41382
    outer loop
      vertex 8.99998 -11.8625 0.41
      vertex 7.58194 -5.50401 3.52971
      vertex 7.59458 -5.62687 3.5019
    endloop
  endfacet
  facet normal 0.910357 -1.32221e-05 0.413823
    outer loop
      vertex 8.99998 -11.8625 0.41
      vertex 7.59458 -5.62687 3.5019
      vertex 7.69489 -6.59062 3.2812
    endloop
  endfacet
  facet normal 0.910372 8.08446e-06 0.41379
    outer loop
      vertex 8.99998 -11.8625 0.41
      vertex 7.69489 -6.59062 3.2812
      vertex 7.78814 -7.48645 3.07606
    endloop
  endfacet
  facet normal 0.910369 3.32487e-06 0.413797
    outer loop
      vertex 8.99998 -11.8625 0.41
      vertex 7.78814 -7.48645 3.07606
      vertex 7.8542 -8.05532 2.93073
    endloop
  endfacet
  facet normal 0.910369 2.66258e-06 0.413798
    outer loop
      vertex 8.99998 -11.8625 0.41
      vertex 7.8542 -8.05532 2.93073
      vertex 7.94826 -8.8573 2.7238
    endloop
  endfacet
  facet normal 0.91036 -1.44364e-05 0.413816
    outer loop
      vertex 8.99998 -11.8625 0.41
      vertex 7.94826 -8.8573 2.7238
      vertex 8.01399 -9.41776 2.57918
    endloop
  endfacet
  facet normal 0.910368 3.07308e-06 0.4138
    outer loop
      vertex 8.99998 -11.8625 0.41
      vertex 8.01399 -9.41776 2.57918
      vertex 8.23168 -11.0942 2.10027
    endloop
  endfacet
  facet normal 0.910367 0 0.413803
    outer loop
      vertex 7.49389 -4.54019 3.7234
      vertex 8.99998 -11.8625 0.41
      vertex 8.99998 11.8625 0.41
    endloop
  endfacet
  facet normal -0.707114 2.92416e-07 0.7071
    outer loop
      vertex -6.99998 9.86249 4.81
      vertex -6.48395 9.62722 5.32604
      vertex -6.47888 9.86249 5.33111
    endloop
  endfacet
  facet normal -0.707114 2.92166e-07 0.7071
    outer loop
      vertex -6.99998 9.86249 4.81
      vertex -6.48422 9.61468 5.32577
      vertex -6.48395 9.62722 5.32604
    endloop
  endfacet
  facet normal -0.707114 3.24935e-07 0.7071
    outer loop
      vertex -6.99998 9.86249 4.81
      vertex -6.49037 9.35815 5.31962
      vertex -6.48422 9.61468 5.32577
    endloop
  endfacet
  facet normal -0.707984 -0.00176126 0.706227
    outer loop
      vertex -6.99998 9.86249 4.81
      vertex -6.49046 9.35423 5.31952
      vertex -6.49037 9.35815 5.31962
    endloop
  endfacet
  facet normal -0.706166 0.00188322 0.708044
    outer loop
      vertex -6.99998 9.86249 4.81
      vertex -6.49056 9.35057 5.31943
      vertex -6.49046 9.35423 5.31952
    endloop
  endfacet
  facet normal -0.707148 -6.75314e-05 0.707066
    outer loop
      vertex -6.99998 9.86249 4.81
      vertex -6.49323 9.2491 5.31675
      vertex -6.49056 9.35057 5.31943
    endloop
  endfacet
  facet normal -0.707107 3.63185e-15 0.707107
    outer loop
      vertex -6.99998 9.86249 4.81
      vertex -6.49913 9.08562 5.31085
      vertex -6.49323 9.2491 5.31675
    endloop
  endfacet
  facet normal -0.707107 1.48942e-16 0.707107
    outer loop
      vertex -6.99998 9.86249 4.81
      vertex -6.50888 8.83765 5.3011
      vertex -6.49913 9.08562 5.31085
    endloop
  endfacet
  facet normal -0.706879 0.000218095 0.707334
    outer loop
      vertex -6.99998 9.86249 4.81
      vertex -6.51006 8.80768 5.29993
      vertex -6.50888 8.83765 5.3011
    endloop
  endfacet
  facet normal -0.707312 -0.000183778 0.706902
    outer loop
      vertex -6.99998 9.86249 4.81
      vertex -6.51155 8.77254 5.29843
      vertex -6.51006 8.80768 5.29993
    endloop
  endfacet
  facet normal -0.707107 0 0.707107
    outer loop
      vertex -6.99998 9.86249 4.81
      vertex -6.52229 8.51951 5.28769
      vertex -6.51155 8.77254 5.29843
    endloop
  endfacet
  facet normal -0.707107 0 0.707107
    outer loop
      vertex -6.99998 9.86249 4.81
      vertex -6.52513 8.4571 5.28485
      vertex -6.52229 8.51951 5.28769
    endloop
  endfacet
  facet normal -0.707107 2.30135e-15 0.707107
    outer loop
      vertex -6.99998 9.86249 4.81
      vertex -6.53594 8.2197 5.27404
      vertex -6.52513 8.4571 5.28485
    endloop
  endfacet
  facet normal -0.707107 0 0.707107
    outer loop
      vertex -6.99998 9.86249 4.81
      vertex -6.54591 8.01427 5.26407
      vertex -6.53594 8.2197 5.27404
    endloop
  endfacet
  facet normal -0.706995 5.48623e-05 0.707218
    outer loop
      vertex -6.99998 9.86249 4.81
      vertex -6.55114 7.90665 5.25885
      vertex -6.54591 8.01427 5.26407
    endloop
  endfacet
  facet normal -0.707113 6.62487e-07 0.7071
    outer loop
      vertex -6.99998 9.86249 4.81
      vertex -6.56075 7.72 5.24924
      vertex -6.55114 7.90665 5.25885
    endloop
  endfacet
  facet normal -0.707211 -3.92881e-05 0.707003
    outer loop
      vertex -6.99998 9.86249 4.81
      vertex -6.56803 7.57854 5.24195
      vertex -6.56075 7.72 5.24924
    endloop
  endfacet
  facet normal -0.707019 3.33133e-05 0.707195
    outer loop
      vertex -6.99998 9.86249 4.81
      vertex -6.57699 7.41363 5.233
      vertex -6.56803 7.57854 5.24195
    endloop
  endfacet
  facet normal -0.707113 6.9093e-07 0.7071
    outer loop
      vertex -6.99998 9.86249 4.81
      vertex -6.58679 7.23326 5.2232
      vertex -6.57699 7.41363 5.233
    endloop
  endfacet
  facet normal -0.707231 -3.64276e-05 0.706982
    outer loop
      vertex -6.99998 9.86249 4.81
      vertex -6.59476 7.09364 5.21522
      vertex -6.58679 7.23326 5.2232
    endloop
  endfacet
  facet normal -0.707107 -2.01108e-15 0.707107
    outer loop
      vertex -6.99998 9.86249 4.81
      vertex -6.60762 6.86843 5.20236
      vertex -6.59476 7.09364 5.21522
    endloop
  endfacet
  facet normal -0.707107 4.05285e-15 0.707107
    outer loop
      vertex -6.99998 9.86249 4.81
      vertex -6.61421 6.75827 5.19577
      vertex -6.60762 6.86843 5.20236
    endloop
  endfacet
  facet normal -0.707037 1.72328e-05 0.707176
    outer loop
      vertex -6.99998 9.86249 4.81
      vertex -6.63078 6.48124 5.17921
      vertex -6.61421 6.75827 5.19577
    endloop
  endfacet
  facet normal -0.707169 -1.1454e-05 0.707045
    outer loop
      vertex -6.99998 9.86249 4.81
      vertex -6.65376 6.11283 5.15622
      vertex -6.63078 6.48124 5.17921
    endloop
  endfacet
  facet normal -0.707107 0 0.707107
    outer loop
      vertex -6.99998 9.86249 4.81
      vertex -6.65653 6.0684 5.15345
      vertex -6.65376 6.11283 5.15622
    endloop
  endfacet
  facet normal -0.70646 0.000117027 0.707753
    outer loop
      vertex -6.99998 9.86249 4.81
      vertex -6.65882 6.03322 5.15117
      vertex -6.65653 6.0684 5.15345
    endloop
  endfacet
  facet normal -0.707113 7.7816e-07 0.707101
    outer loop
      vertex -6.99998 9.86249 4.81
      vertex -6.67783 5.74026 5.13216
      vertex -6.65882 6.03322 5.15117
    endloop
  endfacet
  facet normal -0.707339 -3.45911e-05 0.706874
    outer loop
      vertex -6.99998 9.86249 4.81
      vertex -6.68585 5.64362 5.12413
      vertex -6.67783 5.74026 5.13216
    endloop
  endfacet
  facet normal -0.707107 -1.50435e-14 0.707107
    outer loop
      vertex -6.99998 9.86249 4.81
      vertex -6.68748 5.62398 5.1225
      vertex -6.68585 5.64362 5.12413
    endloop
  endfacet
  facet normal -0.707048 8.61955e-06 0.707165
    outer loop
      vertex -6.99998 9.86249 4.81
      vertex -6.72006 5.24545 5.08993
      vertex -6.68748 5.62398 5.1225
    endloop
  endfacet
  facet normal -0.707112 8.98398e-07 0.707102
    outer loop
      vertex -6.99998 9.86249 4.81
      vertex -6.72933 5.1377 5.08066
      vertex -6.72006 5.24545 5.08993
    endloop
  endfacet
  facet normal -0.707112 9.10307e-07 0.707102
    outer loop
      vertex -6.99998 9.86249 4.81
      vertex -6.74451 4.96703 5.06548
      vertex -6.72933 5.1377 5.08066
    endloop
  endfacet
  facet normal -0.707112 9.10299e-07 0.707102
    outer loop
      vertex -6.99998 9.86249 4.81
      vertex -6.77636 4.60893 5.03363
      vertex -6.74451 4.96703 5.06548
    endloop
  endfacet
  facet normal -0.707221 -8.38864e-06 0.706992
    outer loop
      vertex -6.99998 9.86249 4.81
      vertex -6.79844 4.36808 5.01154
      vertex -6.77636 4.60893 5.03363
    endloop
  endfacet
  facet normal -0.707025 5.97912e-06 0.707188
    outer loop
      vertex -6.99998 9.86249 4.81
      vertex -6.82943 4.03017 4.98056
      vertex -6.79844 4.36808 5.01154
    endloop
  endfacet
  facet normal -0.707112 9.25449e-07 0.707102
    outer loop
      vertex -6.99998 9.86249 4.81
      vertex -6.88412 3.4503 4.92587
      vertex -6.82943 4.03017 4.98056
    endloop
  endfacet
  facet normal -0.707652 -1.86235e-05 0.706561
    outer loop
      vertex -6.99998 9.86249 4.81
      vertex -6.8896 3.39214 4.92038
      vertex -6.88412 3.4503 4.92587
    endloop
  endfacet
  facet normal -0.707107 0 0.707107
    outer loop
      vertex -6.95421 2.8122 4.85577
      vertex -6.8896 3.39214 4.92038
      vertex -6.99998 9.86249 4.81
    endloop
  endfacet
  facet normal -0.707107 2.50103e-14 0.707107
    outer loop
      vertex -6.8896 3.39214 4.92038
      vertex -6.95421 2.8122 4.85577
      vertex -6.90815 3.20049 4.90183
    endloop
  endfacet
  facet normal -0.707107 2.21984e-16 0.707107
    outer loop
      vertex -6.99998 9.86249 4.81
      vertex -6.97158 2.66578 4.8384
      vertex -6.95421 2.8122 4.85577
    endloop
  endfacet
  facet normal -0.707107 0 0.707107
    outer loop
      vertex -6.97158 2.66578 4.8384
      vertex -6.99998 9.86249 4.81
      vertex -6.99998 2.43176 4.81
    endloop
  endfacet
  facet normal -0.33478 0.618162 0.711195
    outer loop
      vertex -5.62238 11.0534 5.40647
      vertex -5.96257 11.5554 4.81
      vertex -5.78141 10.9807 5.3948
    endloop
  endfacet
  facet normal 0.700263 0.0689733 -0.710545
    outer loop
      vertex 8.59999 11.8625 0
      vertex 8.57117 12.1551 0
      vertex 8.97659 12.1597 0.4
    endloop
  endfacet
  facet normal -0.670885 0.203507 -0.71309
    outer loop
      vertex -8.57117 12.1551 0
      vertex -8.907 12.4496 0.4
      vertex -8.48581 12.4365 0
    endloop
  endfacet
  facet normal -0.723549 -0.442301 0.52995
    outer loop
      vertex -8.79291 -12.7251 0.41
      vertex -8.14294 -12.1118 1.80928
      vertex -8.15387 -12.086 1.81589
    endloop
  endfacet
  facet normal -0.722976 -0.443123 0.530044
    outer loop
      vertex -8.14294 -12.1118 1.80928
      vertex -8.79291 -12.7251 0.41
      vertex -8.03166 -12.3738 1.74203
    endloop
  endfacet
  facet normal -0.723004 -0.443075 0.530047
    outer loop
      vertex -8.03166 -12.3738 1.74203
      vertex -8.79291 -12.7251 0.41
      vertex -8.63713 -12.9793 0.41
    endloop
  endfacet
  facet normal 0.0689204 -0.700284 -0.71053
    outer loop
      vertex 7.39722 -13.7391 0.4
      vertex 7.09999 -13.3625 0
      vertex 7.39262 -13.3337 0
    endloop
  endfacet
  facet normal 0.606426 -0.371633 -0.702948
    outer loop
      vertex 8.63713 -12.9793 0.4
      vertex 8.3472 -12.6958 0
      vertex 8.79291 -12.7251 0.4
    endloop
  endfacet
  facet normal 0.76039 -0.649467 0
    outer loop
      vertex 8.4435 -13.206 0.41
      vertex 8.63713 -12.9793 0.4
      vertex 8.63713 -12.9793 0.41
    endloop
  endfacet
  facet normal 0.76039 -0.649467 0
    outer loop
      vertex 8.63713 -12.9793 0.4
      vertex 8.4435 -13.206 0.41
      vertex 8.4435 -13.206 0.4
    endloop
  endfacet
  facet normal -0.92391 -0.382609 0
    outer loop
      vertex -8.79291 -12.7251 0.4
      vertex -8.907 -12.4496 0.41
      vertex -8.907 -12.4496 0.4
    endloop
  endfacet
  facet normal -0.92391 -0.382609 0
    outer loop
      vertex -8.907 -12.4496 0.41
      vertex -8.79291 -12.7251 0.4
      vertex -8.79291 -12.7251 0.41
    endloop
  endfacet
  facet normal 0.852631 -0.522513 0
    outer loop
      vertex 8.63713 -12.9793 0.41
      vertex 8.79291 -12.7251 0.4
      vertex 8.79291 -12.7251 0.41
    endloop
  endfacet
  facet normal 0.852631 -0.522513 0
    outer loop
      vertex 8.79291 -12.7251 0.4
      vertex 8.63713 -12.9793 0.41
      vertex 8.63713 -12.9793 0.4
    endloop
  endfacet
  facet normal -0.459857 -0.538526 -0.70606
    outer loop
      vertex -8.21678 -13.3996 0.4
      vertex -8.4435 -13.206 0.4
      vertex -8.16064 -12.9231 0
    endloop
  endfacet
  facet normal -0.0784841 0.996915 0
    outer loop
      vertex -7.09999 13.7625 0.4
      vertex -7.39722 13.7391 0.41
      vertex -7.09999 13.7625 0.41
    endloop
  endfacet
  facet normal -0.0784841 0.996915 0
    outer loop
      vertex -7.39722 13.7391 0.41
      vertex -7.09999 13.7625 0.4
      vertex -7.39722 13.7391 0.4
    endloop
  endfacet
  facet normal 0 0.707107 -0.707107
    outer loop
      vertex 7.09999 13.3625 0
      vertex -7.09999 13.7625 0.4
      vertex 7.09999 13.7625 0.4
    endloop
  endfacet
  facet normal 0 0.707107 -0.707107
    outer loop
      vertex -7.09999 13.7625 0.4
      vertex 7.09999 13.3625 0
      vertex -7.09999 13.3625 0
    endloop
  endfacet
  facet normal 0.618256 0.330492 -0.713116
    outer loop
      vertex 8.48581 12.4365 0
      vertex 8.3472 12.6958 0
      vertex 8.79291 12.7251 0.4
    endloop
  endfacet
  facet normal -0.446495 0.543858 -0.710536
    outer loop
      vertex -8.16064 12.9231 0
      vertex -8.21678 13.3996 0.4
      vertex -7.93335 13.1097 0
    endloop
  endfacet
  facet normal 0.706023 0.0555649 -0.706006
    outer loop
      vertex 8.99998 11.8625 0.4
      vertex 8.59999 11.8625 0
      vertex 8.97659 12.1597 0.4
    endloop
  endfacet
  facet normal -0.658095 0.27253 -0.701882
    outer loop
      vertex -8.48581 12.4365 0
      vertex -8.907 12.4496 0.4
      vertex -8.79291 12.7251 0.4
    endloop
  endfacet
  facet normal -0.794386 0.328971 0.510617
    outer loop
      vertex -8.907 12.4496 0.41
      vertex -6.79291 10.7251 4.81
      vertex -8.79291 12.7251 0.41
    endloop
  endfacet
  facet normal -0.794386 0.328971 0.510617
    outer loop
      vertex -6.79291 10.7251 4.81
      vertex -8.907 12.4496 0.41
      vertex -6.907 10.4496 4.81
    endloop
  endfacet
  facet normal -0.618256 0.330492 -0.713116
    outer loop
      vertex -8.48581 12.4365 0
      vertex -8.79291 12.7251 0.4
      vertex -8.3472 12.6958 0
    endloop
  endfacet
  facet normal -0.910366 0 0.413803
    outer loop
      vertex -8.99998 11.8625 0.41
      vertex -6.99998 2.43176 4.81
      vertex -6.99998 9.86249 4.81
    endloop
  endfacet
  facet normal -0.91036 8.27456e-06 0.413818
    outer loop
      vertex -8.99998 11.8625 0.41
      vertex -7.00419 2.35159 4.80074
      vertex -6.99998 2.43176 4.81
    endloop
  endfacet
  facet normal -0.910362 5.89956e-06 0.413813
    outer loop
      vertex -8.99998 11.8625 0.41
      vertex -7.02783 1.90144 4.74874
      vertex -7.00419 2.35159 4.80074
    endloop
  endfacet
  facet normal -0.910369 -2.59367e-06 0.413797
    outer loop
      vertex -8.99998 11.8625 0.41
      vertex -7.04087 1.65877 4.72005
      vertex -7.02783 1.90144 4.74874
    endloop
  endfacet
  facet normal -0.910371 -4.34776e-06 0.413794
    outer loop
      vertex -8.99998 11.8625 0.41
      vertex -7.07233 1.07346 4.65083
      vertex -7.04087 1.65877 4.72005
    endloop
  endfacet
  facet normal -0.910307 6.21321e-05 0.413934
    outer loop
      vertex -8.99998 11.8625 0.41
      vertex -7.07513 1.02251 4.64468
      vertex -7.07233 1.07346 4.65083
    endloop
  endfacet
  facet normal -0.910383 -1.63204e-05 0.413768
    outer loop
      vertex -8.99998 11.8625 0.41
      vertex -7.08359 0.868446 4.62606
      vertex -7.07513 1.02251 4.64468
    endloop
  endfacet
  facet normal -0.910362 4.88094e-06 0.413813
    outer loop
      vertex -8.99998 11.8625 0.41
      vertex -7.11578 0.372015 4.55525
      vertex -7.08359 0.868446 4.62606
    endloop
  endfacet
  facet normal -0.910354 1.2235e-05 0.41383
    outer loop
      vertex -8.99998 11.8625 0.41
      vertex -7.13163 0.127594 4.52039
      vertex -7.11578 0.372015 4.55525
    endloop
  endfacet
  facet normal -0.910371 -3.76606e-06 0.413792
    outer loop
      vertex -8.99998 11.8625 0.41
      vertex -7.18028 -0.608361 4.41335
      vertex -7.13163 0.127594 4.52039
    endloop
  endfacet
  facet normal -0.910363 3.37482e-06 0.413811
    outer loop
      vertex -8.99998 11.8625 0.41
      vertex -7.2033 -0.956579 4.36271
      vertex -7.18028 -0.608361 4.41335
    endloop
  endfacet
  facet normal -0.910394 -2.21096e-05 0.413742
    outer loop
      vertex -8.99998 11.8625 0.41
      vertex -7.21175 -1.08219 4.34411
      vertex -7.2033 -0.956579 4.36271
    endloop
  endfacet
  facet normal -0.910353 1.0624e-05 0.413832
    outer loop
      vertex -8.99998 11.8625 0.41
      vertex -7.22945 -1.34513 4.30518
      vertex -7.21175 -1.08219 4.34411
    endloop
  endfacet
  facet normal -0.910366 1.16352e-06 0.413805
    outer loop
      vertex -8.99998 11.8625 0.41
      vertex -7.27011 -1.86746 4.21573
      vertex -7.22945 -1.34513 4.30518
    endloop
  endfacet
  facet normal -0.910363 3.00126e-06 0.41381
    outer loop
      vertex -8.99998 11.8625 0.41
      vertex -7.29838 -2.23065 4.15354
      vertex -7.27011 -1.86746 4.21573
    endloop
  endfacet
  facet normal -0.91037 -1.80068e-06 0.413795
    outer loop
      vertex -8.99998 11.8625 0.41
      vertex -7.39563 -3.46052 3.93958
      vertex -7.29838 -2.23065 4.15354
    endloop
  endfacet
  facet normal -0.910354 7.80352e-06 0.41383
    outer loop
      vertex -8.99998 11.8625 0.41
      vertex -7.42173 -3.75018 3.88217
      vertex -7.39563 -3.46052 3.93958
    endloop
  endfacet
  facet normal -0.910375 -4.7011e-06 0.413783
    outer loop
      vertex -8.99998 11.8625 0.41
      vertex -7.49389 -4.54019 3.7234
      vertex -7.42173 -3.75018 3.88217
    endloop
  endfacet
  facet normal -0.910367 0 0.413803
    outer loop
      vertex -8.99998 -11.8625 0.41
      vertex -7.49389 -4.54019 3.7234
      vertex -8.99998 11.8625 0.41
    endloop
  endfacet
  facet normal -0.91038 1.55372e-05 0.413774
    outer loop
      vertex -7.49389 -4.54019 3.7234
      vertex -8.99998 -11.8625 0.41
      vertex -7.58194 -5.50401 3.52971
    endloop
  endfacet
  facet normal -0.910359 -1.12793e-05 0.41382
    outer loop
      vertex -7.58194 -5.50401 3.52971
      vertex -8.99998 -11.8625 0.41
      vertex -7.59458 -5.62687 3.5019
    endloop
  endfacet
  facet normal -0.910357 -1.32221e-05 0.413823
    outer loop
      vertex -7.59458 -5.62687 3.5019
      vertex -8.99998 -11.8625 0.41
      vertex -7.69489 -6.59062 3.2812
    endloop
  endfacet
  facet normal -0.910372 8.08446e-06 0.41379
    outer loop
      vertex -7.69489 -6.59062 3.2812
      vertex -8.99998 -11.8625 0.41
      vertex -7.78814 -7.48645 3.07606
    endloop
  endfacet
  facet normal -0.910369 3.32487e-06 0.413797
    outer loop
      vertex -7.78814 -7.48645 3.07606
      vertex -8.99998 -11.8625 0.41
      vertex -7.8542 -8.05532 2.93073
    endloop
  endfacet
  facet normal -0.910369 2.66258e-06 0.413798
    outer loop
      vertex -7.8542 -8.05532 2.93073
      vertex -8.99998 -11.8625 0.41
      vertex -7.94826 -8.8573 2.7238
    endloop
  endfacet
  facet normal -0.91036 -1.44364e-05 0.413816
    outer loop
      vertex -7.94826 -8.8573 2.7238
      vertex -8.99998 -11.8625 0.41
      vertex -8.01399 -9.41776 2.57918
    endloop
  endfacet
  facet normal -0.910368 3.07308e-06 0.4138
    outer loop
      vertex -8.01399 -9.41776 2.57918
      vertex -8.99998 -11.8625 0.41
      vertex -8.23168 -11.0942 2.10027
    endloop
  endfacet
  facet normal -0.0554681 0.705985 0.706052
    outer loop
      vertex -5.09999 11.7625 4.81
      vertex -5.21124 11.128 5.4357
      vertex -5.09999 11.129 5.44344
    endloop
  endfacet
  facet normal -0.0555804 0.70599 0.706037
    outer loop
      vertex -5.21124 11.128 5.4357
      vertex -5.09999 11.7625 4.81
      vertex -5.39722 11.7391 4.81
    endloop
  endfacet
  facet normal -0.166052 0.691644 -0.702891
    outer loop
      vertex -7.39262 13.3337 0
      vertex -7.68712 13.6695 0.4
      vertex -7.39722 13.7391 0.4
    endloop
  endfacet
  facet normal 0.546924 -0.640133 0.539541
    outer loop
      vertex 8.21678 -13.3996 0.41
      vertex 7.79602 -12.6977 1.66928
      vertex 7.65832 -12.8412 1.63861
    endloop
  endfacet
  facet normal 0.54694 -0.64012 0.539539
    outer loop
      vertex 7.79602 -12.6977 1.66928
      vertex 8.21678 -13.3996 0.41
      vertex 7.86474 -12.6272 1.68326
    endloop
  endfacet
  facet normal 0.546735 -0.640268 0.539572
    outer loop
      vertex 7.86474 -12.6272 1.68326
      vertex 8.21678 -13.3996 0.41
      vertex 8.4435 -13.206 0.41
    endloop
  endfacet
  facet normal 0.204716 0.852689 0.480638
    outer loop
      vertex 7.39722 13.7391 0.41
      vertex 5.68712 11.6695 4.81
      vertex 7.68712 13.6695 0.41
    endloop
  endfacet
  facet normal 0.204716 0.852689 0.480638
    outer loop
      vertex 5.68712 11.6695 4.81
      vertex 7.39722 13.7391 0.41
      vertex 5.39722 11.7391 4.81
    endloop
  endfacet
  facet normal -0.460183 0.53918 0.705349
    outer loop
      vertex -6.21678 11.3996 4.81
      vertex -5.89872 10.9174 5.38611
      vertex -5.89155 10.9228 5.38666
    endloop
  endfacet
  facet normal -0.460512 0.538932 0.705323
    outer loop
      vertex -5.89872 10.9174 5.38611
      vertex -6.21678 11.3996 4.81
      vertex -5.99377 10.8458 5.37876
    endloop
  endfacet
  facet normal -0.460308 0.539055 0.705362
    outer loop
      vertex -5.99377 10.8458 5.37876
      vertex -6.21678 11.3996 4.81
      vertex -6.4435 11.206 4.81
    endloop
  endfacet
  facet normal 0.649376 0.760468 -0
    outer loop
      vertex 8.4435 13.206 0.4
      vertex 8.21678 13.3996 0.41
      vertex 8.4435 13.206 0.41
    endloop
  endfacet
  facet normal 0.649376 0.760468 0
    outer loop
      vertex 8.21678 13.3996 0.41
      vertex 8.4435 13.206 0.4
      vertex 8.21678 13.3996 0.4
    endloop
  endfacet
  facet normal 0 0.910366 0.413803
    outer loop
      vertex 7.09999 13.7625 0.41
      vertex -5.09999 11.7625 4.81
      vertex 5.09999 11.7625 4.81
    endloop
  endfacet
  facet normal 0 0.910366 0.413803
    outer loop
      vertex -5.09999 11.7625 4.81
      vertex 7.09999 13.7625 0.41
      vertex -7.09999 13.7625 0.41
    endloop
  endfacet
  facet normal 0.654661 0.271108 0.705634
    outer loop
      vertex 6.35307 10.3859 5.34839
      vertex 6.907 10.4496 4.81
      vertex 6.79291 10.7251 4.81
    endloop
  endfacet
  facet normal 0.654641 0.271189 0.705622
    outer loop
      vertex 6.907 10.4496 4.81
      vertex 6.35307 10.3859 5.34839
      vertex 6.39665 10.2922 5.34397
    endloop
  endfacet
  facet normal 0.654487 0.271408 0.70568
    outer loop
      vertex 6.35307 10.3859 5.34839
      vertex 6.79291 10.7251 4.81
      vertex 6.33857 10.4172 5.3498
    endloop
  endfacet
  facet normal 0.670885 0.203507 -0.71309
    outer loop
      vertex 8.57117 12.1551 0
      vertex 8.48581 12.4365 0
      vertex 8.907 12.4496 0.4
    endloop
  endfacet
  facet normal 0.895626 -0.0705828 0.439172
    outer loop
      vertex 8.99998 -11.8625 0.41
      vertex 8.24153 -11.2651 2.05276
      vertex 8.24423 -11.3121 2.0397
    endloop
  endfacet
  facet normal 0.895587 -0.0707783 0.43922
    outer loop
      vertex 8.99998 -11.8625 0.41
      vertex 8.24423 -11.3121 2.0397
      vertex 8.24572 -11.3329 2.03331
    endloop
  endfacet
  facet normal 0.895654 -0.0704374 0.439139
    outer loop
      vertex 8.99998 -11.8625 0.41
      vertex 8.24572 -11.3329 2.03331
      vertex 8.25327 -11.4364 2.00131
    endloop
  endfacet
  facet normal 0.895652 -0.0704581 0.439139
    outer loop
      vertex 8.24153 -11.2651 2.05276
      vertex 8.99998 -11.8625 0.41
      vertex 8.23168 -11.0942 2.10027
    endloop
  endfacet
  facet normal 0.895645 -0.0704883 0.439149
    outer loop
      vertex 8.99998 -11.8625 0.41
      vertex 8.25327 -11.4364 2.00131
      vertex 8.97659 -12.1597 0.41
    endloop
  endfacet
  facet normal 0.329069 -0.794332 0.510637
    outer loop
      vertex 7.68712 -13.6695 0.41
      vertex 7.41709 -13.0099 1.61007
      vertex 7.14642 -13.1288 1.59954
    endloop
  endfacet
  facet normal 0.329042 -0.794343 0.510637
    outer loop
      vertex 7.41709 -13.0099 1.61007
      vertex 7.68712 -13.6695 0.41
      vertex 7.96257 -13.5554 0.41
    endloop
  endfacet
  facet normal 0 -1 0
    outer loop
      vertex -7.09999 -13.7625 0.4
      vertex 7.09999 -13.7625 0.41
      vertex -7.09999 -13.7625 0.41
    endloop
  endfacet
  facet normal 0 -1 -0
    outer loop
      vertex 7.09999 -13.7625 0.41
      vertex -7.09999 -13.7625 0.4
      vertex 7.09999 -13.7625 0.4
    endloop
  endfacet
  facet normal -0.700263 -0.0689733 -0.710545
    outer loop
      vertex -8.57117 -12.1551 0
      vertex -8.97659 -12.1597 0.4
      vertex -8.59999 -11.8625 0
    endloop
  endfacet
  facet normal -0.204539 -0.852738 0.480626
    outer loop
      vertex -7.39722 -13.7391 0.41
      vertex -7.00997 -13.1595 1.60314
      vertex -7.14642 -13.1288 1.59954
    endloop
  endfacet
  facet normal -0.204716 -0.852689 0.480638
    outer loop
      vertex -7.39722 -13.7391 0.41
      vertex -7.14642 -13.1288 1.59954
      vertex -7.68712 -13.6695 0.41
    endloop
  endfacet
  facet normal -0.204912 -0.852614 0.480687
    outer loop
      vertex -7.00997 -13.1595 1.60314
      vertex -7.39722 -13.7391 0.41
      vertex -6.85401 -13.1959 1.60506
    endloop
  endfacet
  facet normal 0.203601 -0.670859 -0.713088
    outer loop
      vertex 7.68712 -13.6695 0.4
      vertex 7.39262 -13.3337 0
      vertex 7.67401 -13.2483 0
    endloop
  endfacet
  facet normal 0.371684 -0.606456 -0.702895
    outer loop
      vertex 7.96257 -13.5554 0.4
      vertex 7.93335 -13.1097 0
      vertex 8.21678 -13.3996 0.4
    endloop
  endfacet
  facet normal 0.330446 -0.61831 -0.713091
    outer loop
      vertex 7.96257 -13.5554 0.4
      vertex 7.67401 -13.2483 0
      vertex 7.93335 -13.1097 0
    endloop
  endfacet
  facet normal 0.700263 -0.0689733 -0.710545
    outer loop
      vertex 8.97659 -12.1597 0.4
      vertex 8.57117 -12.1551 0
      vertex 8.59999 -11.8625 0
    endloop
  endfacet
  facet normal 0.693212 0.115712 0.711385
    outer loop
      vertex 6.97659 10.1597 4.81
      vertex 6.44573 10.0968 5.33753
      vertex 6.46424 10.0038 5.33462
    endloop
  endfacet
  facet normal 0.693248 0.115456 0.711391
    outer loop
      vertex 6.97659 10.1597 4.81
      vertex 6.44001 10.1256 5.33843
      vertex 6.44573 10.0968 5.33753
    endloop
  endfacet
  facet normal 0.693223 0.11568 0.711379
    outer loop
      vertex 6.97659 10.1597 4.81
      vertex 6.43388 10.1568 5.33933
      vertex 6.44001 10.1256 5.33843
    endloop
  endfacet
  facet normal 0.69501 0.0920655 0.713082
    outer loop
      vertex 6.43388 10.1568 5.33933
      vertex 6.97659 10.1597 4.81
      vertex 6.43383 10.1571 5.33934
    endloop
  endfacet
  facet normal -0.652147 0.270067 0.708356
    outer loop
      vertex -6.907 10.4496 4.81
      vertex -6.35115 10.3796 5.34843
      vertex -6.79291 10.7251 4.81
    endloop
  endfacet
  facet normal -0.652152 0.270046 0.708359
    outer loop
      vertex -6.35115 10.3796 5.34843
      vertex -6.907 10.4496 4.81
      vertex -6.40933 10.2546 5.34252
    endloop
  endfacet
  facet normal -0.446495 -0.543858 -0.710536
    outer loop
      vertex -7.93335 -13.1097 0
      vertex -8.21678 -13.3996 0.4
      vertex -8.16064 -12.9231 0
    endloop
  endfacet
  facet normal 0.446495 0.543858 -0.710536
    outer loop
      vertex 8.16064 12.9231 0
      vertex 7.93335 13.1097 0
      vertex 8.21678 13.3996 0.4
    endloop
  endfacet
  facet normal -0.689563 0.165538 0.705053
    outer loop
      vertex -6.907 10.4496 4.81
      vertex -6.43648 10.1559 5.33914
      vertex -6.40933 10.2546 5.34252
    endloop
  endfacet
  facet normal -0.689567 0.165529 0.705052
    outer loop
      vertex -6.97659 10.1597 4.81
      vertex -6.43648 10.1559 5.33914
      vertex -6.907 10.4496 4.81
    endloop
  endfacet
  facet normal -0.689541 0.165746 0.705026
    outer loop
      vertex -6.43648 10.1559 5.33914
      vertex -6.97659 10.1597 4.81
      vertex -6.44518 10.1243 5.33806
    endloop
  endfacet
  facet normal -0.689784 0.164139 0.705164
    outer loop
      vertex -6.44518 10.1243 5.33806
      vertex -6.97659 10.1597 4.81
      vertex -6.44653 10.1194 5.33788
    endloop
  endfacet
  facet normal -0.369541 0.602959 0.707022
    outer loop
      vertex -6.21678 11.3996 4.81
      vertex -5.78141 10.9807 5.3948
      vertex -5.96257 11.5554 4.81
    endloop
  endfacet
  facet normal -0.369317 0.603139 0.706985
    outer loop
      vertex -5.78141 10.9807 5.3948
      vertex -6.21678 11.3996 4.81
      vertex -5.89155 10.9228 5.38666
    endloop
  endfacet
  facet normal -0.330446 0.61831 -0.713091
    outer loop
      vertex -7.93335 13.1097 0
      vertex -7.96257 13.5554 0.4
      vertex -7.67401 13.2483 0
    endloop
  endfacet
  facet normal -0.27071 0.654762 0.705693
    outer loop
      vertex -5.68712 11.6695 4.81
      vertex -5.62238 11.0534 5.40647
      vertex -5.5088 11.0915 5.41469
    endloop
  endfacet
  facet normal -0.271175 0.654645 0.705623
    outer loop
      vertex -5.62238 11.0534 5.40647
      vertex -5.68712 11.6695 4.81
      vertex -5.96257 11.5554 4.81
    endloop
  endfacet
  facet normal -0.0689204 0.700284 -0.71053
    outer loop
      vertex -7.39262 13.3337 0
      vertex -7.39722 13.7391 0.4
      vertex -7.09999 13.3625 0
    endloop
  endfacet
  facet normal -0.329043 0.794346 0.510632
    outer loop
      vertex -7.68712 13.6695 0.41
      vertex -5.96257 11.5554 4.81
      vertex -5.68712 11.6695 4.81
    endloop
  endfacet
  facet normal -0.329043 0.794346 0.510632
    outer loop
      vertex -5.96257 11.5554 4.81
      vertex -7.68712 13.6695 0.41
      vertex -7.96257 13.5554 0.41
    endloop
  endfacet
  facet normal -1.37998e-07 0.707112 0.707102
    outer loop
      vertex 5.09999 11.7625 4.81
      vertex 0.630519 10.9783 5.59421
      vertex 0.644727 10.9785 5.59401
    endloop
  endfacet
  facet normal 0 0.707111 0.707102
    outer loop
      vertex 0.630519 10.9783 5.59421
      vertex 5.09999 11.7625 4.81
      vertex -0.630519 10.9783 5.59421
    endloop
  endfacet
  facet normal 0.0125074 0.670625 0.741692
    outer loop
      vertex 5.09999 11.7625 4.81
      vertex 0.644727 10.9785 5.59401
      vertex 0.64532 10.9785 5.594
    endloop
  endfacet
  facet normal -0 0.707111 0.707102
    outer loop
      vertex -5.09999 11.7625 4.81
      vertex -0.630519 10.9783 5.59421
      vertex 5.09999 11.7625 4.81
    endloop
  endfacet
  facet normal 0.0114182 0.673877 0.738755
    outer loop
      vertex 5.09999 11.7625 4.81
      vertex 0.64532 10.9785 5.594
      vertex 0.645967 10.9785 5.59399
    endloop
  endfacet
  facet normal 1.37998e-07 0.707112 0.707102
    outer loop
      vertex -0.630519 10.9783 5.59421
      vertex -5.09999 11.7625 4.81
      vertex -0.644727 10.9785 5.59401
    endloop
  endfacet
  facet normal -0.000168476 0.707581 0.706633
    outer loop
      vertex 5.09999 11.7625 4.81
      vertex 0.645967 10.9785 5.59399
      vertex 0.691849 10.9792 5.5933
    endloop
  endfacet
  facet normal -0.0125074 0.670625 0.741692
    outer loop
      vertex -0.644727 10.9785 5.59401
      vertex -5.09999 11.7625 4.81
      vertex -0.64532 10.9785 5.594
    endloop
  endfacet
  facet normal -0.000174285 0.707597 0.706616
    outer loop
      vertex 5.09999 11.7625 4.81
      vertex 0.691849 10.9792 5.5933
      vertex 0.736332 10.9799 5.59261
    endloop
  endfacet
  facet normal -0.0114182 0.673877 0.738755
    outer loop
      vertex -0.64532 10.9785 5.594
      vertex -5.09999 11.7625 4.81
      vertex -0.645967 10.9785 5.59399
    endloop
  endfacet
  facet normal -0.00317923 0.715916 0.69818
    outer loop
      vertex 5.09999 11.7625 4.81
      vertex 0.736332 10.9799 5.59261
      vertex 0.741282 10.98 5.59253
    endloop
  endfacet
  facet normal 0.000168476 0.707581 0.706633
    outer loop
      vertex -0.645967 10.9785 5.59399
      vertex -5.09999 11.7625 4.81
      vertex -0.691849 10.9792 5.5933
    endloop
  endfacet
  facet normal 0.0122059 0.672257 0.740218
    outer loop
      vertex 5.09999 11.7625 4.81
      vertex 0.741282 10.98 5.59253
      vertex 0.74674 10.98 5.59244
    endloop
  endfacet
  facet normal 0.000174285 0.707597 0.706616
    outer loop
      vertex -0.691849 10.9792 5.5933
      vertex -5.09999 11.7625 4.81
      vertex -0.736332 10.9799 5.59261
    endloop
  endfacet
  facet normal -0.000493284 0.70845 0.70576
    outer loop
      vertex 5.09999 11.7625 4.81
      vertex 0.74674 10.98 5.59244
      vertex 0.794025 10.9808 5.59167
    endloop
  endfacet
  facet normal 0.00317923 0.715916 0.69818
    outer loop
      vertex -0.736332 10.9799 5.59261
      vertex -5.09999 11.7625 4.81
      vertex -0.741282 10.98 5.59253
    endloop
  endfacet
  facet normal -0.00558001 0.722284 0.691574
    outer loop
      vertex 5.09999 11.7625 4.81
      vertex 0.794025 10.9808 5.59167
      vertex 0.802562 10.981 5.59153
    endloop
  endfacet
  facet normal -0.0122059 0.672257 0.740218
    outer loop
      vertex -0.741282 10.98 5.59253
      vertex -5.09999 11.7625 4.81
      vertex -0.74674 10.98 5.59244
    endloop
  endfacet
  facet normal 0.00016177 0.706675 0.707538
    outer loop
      vertex 5.09999 11.7625 4.81
      vertex 0.802562 10.981 5.59153
      vertex 0.850564 10.9818 5.59072
    endloop
  endfacet
  facet normal 0.000493284 0.70845 0.70576
    outer loop
      vertex -0.74674 10.98 5.59244
      vertex -5.09999 11.7625 4.81
      vertex -0.794025 10.9808 5.59167
    endloop
  endfacet
  facet normal -0.000169178 0.707576 0.706637
    outer loop
      vertex 5.09999 11.7625 4.81
      vertex 0.850564 10.9818 5.59072
      vertex 0.896773 10.9826 5.58993
    endloop
  endfacet
  facet normal 0.00558001 0.722284 0.691574
    outer loop
      vertex -0.794025 10.9808 5.59167
      vertex -5.09999 11.7625 4.81
      vertex -0.802562 10.981 5.59153
    endloop
  endfacet
  facet normal 0.00315122 0.698575 0.71553
    outer loop
      vertex 5.09999 11.7625 4.81
      vertex 0.896773 10.9826 5.58993
      vertex 0.911473 10.9828 5.58967
    endloop
  endfacet
  facet normal -0.00016177 0.706675 0.707538
    outer loop
      vertex -0.802562 10.981 5.59153
      vertex -5.09999 11.7625 4.81
      vertex -0.850564 10.9818 5.59072
    endloop
  endfacet
  facet normal -0.000471081 0.708357 0.705854
    outer loop
      vertex 5.09999 11.7625 4.81
      vertex 0.911473 10.9828 5.58967
      vertex 0.928051 10.9831 5.58938
    endloop
  endfacet
  facet normal 0.000169178 0.707576 0.706637
    outer loop
      vertex -0.850564 10.9818 5.59072
      vertex -5.09999 11.7625 4.81
      vertex -0.896773 10.9826 5.58993
    endloop
  endfacet
  facet normal -0.000158172 0.707521 0.706692
    outer loop
      vertex 5.09999 11.7625 4.81
      vertex 0.928051 10.9831 5.58938
      vertex 0.977444 10.984 5.58849
    endloop
  endfacet
  facet normal -0.00315122 0.698575 0.71553
    outer loop
      vertex -0.896773 10.9826 5.58993
      vertex -5.09999 11.7625 4.81
      vertex -0.911473 10.9828 5.58967
    endloop
  endfacet
  facet normal -0.000663512 0.708857 0.705352
    outer loop
      vertex 5.09999 11.7625 4.81
      vertex 0.977444 10.984 5.58849
      vertex 1.02472 10.9849 5.58763
    endloop
  endfacet
  facet normal 0.000471081 0.708357 0.705854
    outer loop
      vertex -0.911473 10.9828 5.58967
      vertex -5.09999 11.7625 4.81
      vertex -0.928051 10.9831 5.58938
    endloop
  endfacet
  facet normal 0.00158045 0.702966 0.711222
    outer loop
      vertex 5.09999 11.7625 4.81
      vertex 1.02472 10.9849 5.58763
      vertex 1.04931 10.9853 5.58718
    endloop
  endfacet
  facet normal 0.000158172 0.707521 0.706692
    outer loop
      vertex -0.928051 10.9831 5.58938
      vertex -5.09999 11.7625 4.81
      vertex -0.977444 10.984 5.58849
    endloop
  endfacet
  facet normal 0.00110825 0.704203 0.709998
    outer loop
      vertex 5.09999 11.7625 4.81
      vertex 1.04931 10.9853 5.58718
      vertex 1.07755 10.9858 5.58664
    endloop
  endfacet
  facet normal 0.000663512 0.708857 0.705352
    outer loop
      vertex -0.977444 10.984 5.58849
      vertex -5.09999 11.7625 4.81
      vertex -1.02472 10.9849 5.58763
    endloop
  endfacet
  facet normal -0.00077586 0.709086 0.705122
    outer loop
      vertex 5.09999 11.7625 4.81
      vertex 1.07755 10.9858 5.58664
      vertex 1.1281 10.9868 5.58569
    endloop
  endfacet
  facet normal -0.00158045 0.702966 0.711222
    outer loop
      vertex -1.02472 10.9849 5.58763
      vertex -5.09999 11.7625 4.81
      vertex -1.04931 10.9853 5.58718
    endloop
  endfacet
  facet normal 0.000489146 0.705849 0.708362
    outer loop
      vertex 5.09999 11.7625 4.81
      vertex 1.1281 10.9868 5.58569
      vertex 1.17617 10.9877 5.58476
    endloop
  endfacet
  facet normal -0.00110825 0.704203 0.709998
    outer loop
      vertex -1.04931 10.9853 5.58718
      vertex -5.09999 11.7625 4.81
      vertex -1.07755 10.9858 5.58664
    endloop
  endfacet
  facet normal -0.00100977 0.709641 0.704563
    outer loop
      vertex 5.09999 11.7625 4.81
      vertex 1.17617 10.9877 5.58476
      vertex 1.21508 10.9885 5.58401
    endloop
  endfacet
  facet normal 0.00077586 0.709086 0.705122
    outer loop
      vertex -1.07755 10.9858 5.58664
      vertex -5.09999 11.7625 4.81
      vertex -1.1281 10.9868 5.58569
    endloop
  endfacet
  facet normal -1.99698e-07 0.707112 0.707102
    outer loop
      vertex 5.09999 11.7625 4.81
      vertex 1.21508 10.9885 5.58401
      vertex 1.26077 10.9894 5.58311
    endloop
  endfacet
  facet normal -0.000489146 0.705849 0.708362
    outer loop
      vertex -1.1281 10.9868 5.58569
      vertex -5.09999 11.7625 4.81
      vertex -1.17617 10.9877 5.58476
    endloop
  endfacet
  facet normal -1.98341e-07 0.707112 0.707102
    outer loop
      vertex 5.09999 11.7625 4.81
      vertex 1.26077 10.9894 5.58311
      vertex 1.31185 10.9904 5.58211
    endloop
  endfacet
  facet normal 0.00100977 0.709641 0.704563
    outer loop
      vertex -1.17617 10.9877 5.58476
      vertex -5.09999 11.7625 4.81
      vertex -1.21508 10.9885 5.58401
    endloop
  endfacet
  facet normal 0.000949088 0.704779 0.709426
    outer loop
      vertex 5.09999 11.7625 4.81
      vertex 1.31185 10.9904 5.58211
      vertex 1.36956 10.9915 5.58094
    endloop
  endfacet
  facet normal 1.99698e-07 0.707112 0.707102
    outer loop
      vertex -1.21508 10.9885 5.58401
      vertex -5.09999 11.7625 4.81
      vertex -1.26077 10.9894 5.58311
    endloop
  endfacet
  facet normal -0.0012357 0.710062 0.704138
    outer loop
      vertex 5.09999 11.7625 4.81
      vertex 1.36956 10.9915 5.58094
      vertex 1.42042 10.9926 5.57992
    endloop
  endfacet
  facet normal 1.98341e-07 0.707112 0.707102
    outer loop
      vertex -1.26077 10.9894 5.58311
      vertex -5.09999 11.7625 4.81
      vertex -1.31185 10.9904 5.58211
    endloop
  endfacet
  facet normal 0.0013076 0.703984 0.710215
    outer loop
      vertex 5.09999 11.7625 4.81
      vertex 1.42042 10.9926 5.57992
      vertex 1.46816 10.9935 5.57894
    endloop
  endfacet
  facet normal -0.000949088 0.704779 0.709426
    outer loop
      vertex -1.31185 10.9904 5.58211
      vertex -5.09999 11.7625 4.81
      vertex -1.36956 10.9915 5.58094
    endloop
  endfacet
  facet normal -0.000520019 0.708306 0.705905
    outer loop
      vertex 5.09999 11.7625 4.81
      vertex 1.46816 10.9935 5.57894
      vertex 1.54342 10.9951 5.57739
    endloop
  endfacet
  facet normal 0.0012357 0.710062 0.704138
    outer loop
      vertex -1.36956 10.9915 5.58094
      vertex -5.09999 11.7625 4.81
      vertex -1.42042 10.9926 5.57992
    endloop
  endfacet
  facet normal 0.000254491 0.706512 0.707701
    outer loop
      vertex 5.09999 11.7625 4.81
      vertex 1.54342 10.9951 5.57739
      vertex 1.63572 10.997 5.57546
    endloop
  endfacet
  facet normal -0.0013076 0.703984 0.710215
    outer loop
      vertex -1.42042 10.9926 5.57992
      vertex -5.09999 11.7625 4.81
      vertex -1.46816 10.9935 5.57894
    endloop
  endfacet
  facet normal 0.000161544 0.706723 0.707491
    outer loop
      vertex 5.09999 11.7625 4.81
      vertex 1.63572 10.997 5.57546
      vertex 1.68427 10.998 5.57445
    endloop
  endfacet
  facet normal 0.000520019 0.708306 0.705905
    outer loop
      vertex -1.46816 10.9935 5.57894
      vertex -5.09999 11.7625 4.81
      vertex -1.54342 10.9951 5.57739
    endloop
  endfacet
  facet normal 1.08645e-06 0.707081 0.707132
    outer loop
      vertex 5.09999 11.7625 4.81
      vertex 1.68427 10.998 5.57445
      vertex 1.80186 11.0005 5.57195
    endloop
  endfacet
  facet normal -0.000254491 0.706512 0.707701
    outer loop
      vertex -1.54342 10.9951 5.57739
      vertex -5.09999 11.7625 4.81
      vertex -1.63572 10.997 5.57546
    endloop
  endfacet
  facet normal -0.000510225 0.708187 0.706025
    outer loop
      vertex 5.09999 11.7625 4.81
      vertex 1.80186 11.0005 5.57195
      vertex 1.84761 11.0015 5.57098
    endloop
  endfacet
  facet normal -0.000161544 0.706723 0.707491
    outer loop
      vertex -1.63572 10.997 5.57546
      vertex -5.09999 11.7625 4.81
      vertex -1.68427 10.998 5.57445
    endloop
  endfacet
  facet normal 0.000185197 0.706702 0.707512
    outer loop
      vertex 5.09999 11.7625 4.81
      vertex 1.84761 11.0015 5.57098
      vertex 1.88975 11.0024 5.57007
    endloop
  endfacet
  facet normal -1.08645e-06 0.707081 0.707132
    outer loop
      vertex -1.68427 10.998 5.57445
      vertex -5.09999 11.7625 4.81
      vertex -1.80186 11.0005 5.57195
    endloop
  endfacet
  facet normal 0.000156121 0.706763 0.70745
    outer loop
      vertex 5.09999 11.7625 4.81
      vertex 1.88975 11.0024 5.57007
      vertex 2.03978 11.0056 5.56684
    endloop
  endfacet
  facet normal 0.000510225 0.708187 0.706025
    outer loop
      vertex -1.80186 11.0005 5.57195
      vertex -5.09999 11.7625 4.81
      vertex -1.84761 11.0015 5.57098
    endloop
  endfacet
  facet normal -0.00166269 0.710431 0.703765
    outer loop
      vertex 5.09999 11.7625 4.81
      vertex 2.03978 11.0056 5.56684
      vertex 2.07725 11.0065 5.56602
    endloop
  endfacet
  facet normal -0.000185197 0.706702 0.707512
    outer loop
      vertex -1.84761 11.0015 5.57098
      vertex -5.09999 11.7625 4.81
      vertex -1.88975 11.0024 5.57007
    endloop
  endfacet
  facet normal 3.97981e-05 0.707037 0.707177
    outer loop
      vertex 5.09999 11.7625 4.81
      vertex 2.07725 11.0065 5.56602
      vertex 2.26976 11.0107 5.56181
    endloop
  endfacet
  facet normal -0.000156121 0.706763 0.70745
    outer loop
      vertex -1.88975 11.0024 5.57007
      vertex -5.09999 11.7625 4.81
      vertex -2.03978 11.0056 5.56684
    endloop
  endfacet
  facet normal 0.000177455 0.706777 0.707436
    outer loop
      vertex 5.09999 11.7625 4.81
      vertex 2.26976 11.0107 5.56181
      vertex 2.53011 11.0164 5.55605
    endloop
  endfacet
  facet normal 0.00166269 0.710431 0.703765
    outer loop
      vertex -2.03978 11.0056 5.56684
      vertex -5.09999 11.7625 4.81
      vertex -2.07725 11.0065 5.56602
    endloop
  endfacet
  facet normal -0.00186708 0.71029 0.703906
    outer loop
      vertex 5.09999 11.7625 4.81
      vertex 2.53011 11.0164 5.55605
      vertex 2.55067 11.0169 5.5556
    endloop
  endfacet
  facet normal -3.97981e-05 0.707037 0.707177
    outer loop
      vertex -2.07725 11.0065 5.56602
      vertex -5.09999 11.7625 4.81
      vertex -2.26976 11.0107 5.56181
    endloop
  endfacet
  facet normal 0.000416306 0.706395 0.707818
    outer loop
      vertex 5.09999 11.7625 4.81
      vertex 2.55067 11.0169 5.5556
      vertex 2.56904 11.0173 5.55519
    endloop
  endfacet
  facet normal -0.000177455 0.706777 0.707436
    outer loop
      vertex -2.26976 11.0107 5.56181
      vertex -5.09999 11.7625 4.81
      vertex -2.53011 11.0164 5.55605
    endloop
  endfacet
  facet normal -7.04409e-05 0.707222 0.706992
    outer loop
      vertex 5.09999 11.7625 4.81
      vertex 2.56904 11.0173 5.55519
      vertex 2.89395 11.0246 5.54792
    endloop
  endfacet
  facet normal 0.00186708 0.71029 0.703906
    outer loop
      vertex -2.53011 11.0164 5.55605
      vertex -5.09999 11.7625 4.81
      vertex -2.55067 11.0169 5.5556
    endloop
  endfacet
  facet normal 0.00911694 0.693328 0.720565
    outer loop
      vertex 5.09999 11.7625 4.81
      vertex 2.89395 11.0246 5.54792
      vertex 2.90008 11.0248 5.54765
    endloop
  endfacet
  facet normal -0.000416306 0.706395 0.707818
    outer loop
      vertex -2.55067 11.0169 5.5556
      vertex -5.09999 11.7625 4.81
      vertex -2.56904 11.0173 5.55519
    endloop
  endfacet
  facet normal -0.00922862 0.72068 0.693206
    outer loop
      vertex 5.09999 11.7625 4.81
      vertex 2.90008 11.0248 5.54765
      vertex 2.90188 11.0249 5.54757
    endloop
  endfacet
  facet normal 7.04409e-05 0.707222 0.706992
    outer loop
      vertex -2.56904 11.0173 5.55519
      vertex -5.09999 11.7625 4.81
      vertex -2.89395 11.0246 5.54792
    endloop
  endfacet
  facet normal -0.0127632 0.725798 0.68779
    outer loop
      vertex 5.09999 11.7625 4.81
      vertex 2.90188 11.0249 5.54757
      vertex 2.90517 11.0251 5.54742
    endloop
  endfacet
  facet normal -0.00911694 0.693328 0.720565
    outer loop
      vertex -2.89395 11.0246 5.54792
      vertex -5.09999 11.7625 4.81
      vertex -2.90008 11.0248 5.54765
    endloop
  endfacet
  facet normal 9.79537e-05 0.706971 0.707243
    outer loop
      vertex 5.09999 11.7625 4.81
      vertex 2.90517 11.0251 5.54742
      vertex 3.31762 11.0436 5.52887
    endloop
  endfacet
  facet normal 0.00922862 0.72068 0.693206
    outer loop
      vertex -2.90008 11.0248 5.54765
      vertex -5.09999 11.7625 4.81
      vertex -2.90188 11.0249 5.54757
    endloop
  endfacet
  facet normal 0.000112935 0.706952 0.707262
    outer loop
      vertex 5.09999 11.7625 4.81
      vertex 3.31762 11.0436 5.52887
      vertex 3.53208 11.0533 5.51914
    endloop
  endfacet
  facet normal 0.0127632 0.725798 0.68779
    outer loop
      vertex -2.90188 11.0249 5.54757
      vertex -5.09999 11.7625 4.81
      vertex -2.90517 11.0251 5.54742
    endloop
  endfacet
  facet normal -9.23088e-05 0.707179 0.707035
    outer loop
      vertex 5.09999 11.7625 4.81
      vertex 3.53208 11.0533 5.51914
      vertex 3.8619 11.0683 5.50418
    endloop
  endfacet
  facet normal -9.79537e-05 0.706971 0.707243
    outer loop
      vertex -2.90517 11.0251 5.54742
      vertex -5.09999 11.7625 4.81
      vertex -3.31762 11.0436 5.52887
    endloop
  endfacet
  facet normal -4.86333e-05 0.70714 0.707074
    outer loop
      vertex 5.09999 11.7625 4.81
      vertex 3.8619 11.0683 5.50418
      vertex 4.48221 11.0967 5.47582
    endloop
  endfacet
  facet normal -0.000112935 0.706952 0.707262
    outer loop
      vertex -3.31762 11.0436 5.52887
      vertex -5.09999 11.7625 4.81
      vertex -3.53208 11.0533 5.51914
    endloop
  endfacet
  facet normal 0.000176004 0.707036 0.707178
    outer loop
      vertex 5.09999 11.7625 4.81
      vertex 4.48221 11.0967 5.47582
      vertex 4.60735 11.1024 5.47009
    endloop
  endfacet
  facet normal 9.23088e-05 0.707179 0.707035
    outer loop
      vertex -3.53208 11.0533 5.51914
      vertex -5.09999 11.7625 4.81
      vertex -3.8619 11.0683 5.50418
    endloop
  endfacet
  facet normal 0.000313523 0.706984 0.707229
    outer loop
      vertex 5.09999 11.7625 4.81
      vertex 4.60735 11.1024 5.47009
      vertex 4.67752 11.1056 5.46686
    endloop
  endfacet
  facet normal 4.86333e-05 0.70714 0.707074
    outer loop
      vertex -3.8619 11.0683 5.50418
      vertex -5.09999 11.7625 4.81
      vertex -4.48221 11.0967 5.47582
    endloop
  endfacet
  facet normal -0.000114936 0.707122 0.707091
    outer loop
      vertex 5.09999 11.7625 4.81
      vertex 4.67752 11.1056 5.46686
      vertex 4.92669 11.1171 5.4554
    endloop
  endfacet
  facet normal -0.000176004 0.707036 0.707178
    outer loop
      vertex -4.48221 11.0967 5.47582
      vertex -5.09999 11.7625 4.81
      vertex -4.60735 11.1024 5.47009
    endloop
  endfacet
  facet normal 0.000249425 0.707073 0.70714
    outer loop
      vertex 5.09999 11.7625 4.81
      vertex 4.92669 11.1171 5.4554
      vertex 5.09999 11.129 5.44344
    endloop
  endfacet
  facet normal -0.000313523 0.706984 0.707229
    outer loop
      vertex -4.60735 11.1024 5.47009
      vertex -5.09999 11.7625 4.81
      vertex -4.67752 11.1056 5.46686
    endloop
  endfacet
  facet normal 0.000114936 0.707122 0.707091
    outer loop
      vertex -4.67752 11.1056 5.46686
      vertex -5.09999 11.7625 4.81
      vertex -4.92669 11.1171 5.4554
    endloop
  endfacet
  facet normal -0.000249425 0.707073 0.70714
    outer loop
      vertex -4.92669 11.1171 5.4554
      vertex -5.09999 11.7625 4.81
      vertex -5.09999 11.129 5.44344
    endloop
  endfacet
  facet normal 0.707114 2.92416e-07 0.7071
    outer loop
      vertex 6.48395 9.62722 5.32604
      vertex 6.99998 9.86249 4.81
      vertex 6.47888 9.86249 5.33111
    endloop
  endfacet
  facet normal 0.707114 2.92166e-07 0.7071
    outer loop
      vertex 6.48422 9.61468 5.32577
      vertex 6.99998 9.86249 4.81
      vertex 6.48395 9.62722 5.32604
    endloop
  endfacet
  facet normal 0.707114 3.24935e-07 0.7071
    outer loop
      vertex 6.49037 9.35815 5.31962
      vertex 6.99998 9.86249 4.81
      vertex 6.48422 9.61468 5.32577
    endloop
  endfacet
  facet normal 0.707984 -0.00176126 0.706227
    outer loop
      vertex 6.49046 9.35423 5.31952
      vertex 6.99998 9.86249 4.81
      vertex 6.49037 9.35815 5.31962
    endloop
  endfacet
  facet normal 0.706166 0.00188322 0.708044
    outer loop
      vertex 6.49056 9.35057 5.31943
      vertex 6.99998 9.86249 4.81
      vertex 6.49046 9.35423 5.31952
    endloop
  endfacet
  facet normal 0.707148 -6.75314e-05 0.707066
    outer loop
      vertex 6.49323 9.2491 5.31675
      vertex 6.99998 9.86249 4.81
      vertex 6.49056 9.35057 5.31943
    endloop
  endfacet
  facet normal 0.707107 3.6815e-15 0.707107
    outer loop
      vertex 6.49913 9.08562 5.31085
      vertex 6.99998 9.86249 4.81
      vertex 6.49323 9.2491 5.31675
    endloop
  endfacet
  facet normal 0.707107 4.65444e-17 0.707107
    outer loop
      vertex 6.50888 8.83765 5.3011
      vertex 6.99998 9.86249 4.81
      vertex 6.49913 9.08562 5.31085
    endloop
  endfacet
  facet normal 0.706879 0.000218095 0.707334
    outer loop
      vertex 6.51006 8.80768 5.29993
      vertex 6.99998 9.86249 4.81
      vertex 6.50888 8.83765 5.3011
    endloop
  endfacet
  facet normal 0.707312 -0.000183778 0.706902
    outer loop
      vertex 6.51155 8.77254 5.29843
      vertex 6.99998 9.86249 4.81
      vertex 6.51006 8.80768 5.29993
    endloop
  endfacet
  facet normal 0.707107 0 0.707107
    outer loop
      vertex 6.52229 8.51951 5.28769
      vertex 6.99998 9.86249 4.81
      vertex 6.51155 8.77254 5.29843
    endloop
  endfacet
  facet normal 0.707107 0 0.707107
    outer loop
      vertex 6.52513 8.4571 5.28485
      vertex 6.99998 9.86249 4.81
      vertex 6.52229 8.51951 5.28769
    endloop
  endfacet
  facet normal 0.707107 2.33012e-15 0.707107
    outer loop
      vertex 6.53594 8.2197 5.27404
      vertex 6.99998 9.86249 4.81
      vertex 6.52513 8.4571 5.28485
    endloop
  endfacet
  facet normal 0.707107 5.49044e-17 0.707107
    outer loop
      vertex 6.54591 8.01427 5.26407
      vertex 6.99998 9.86249 4.81
      vertex 6.53594 8.2197 5.27404
    endloop
  endfacet
  facet normal 0.706995 5.48623e-05 0.707218
    outer loop
      vertex 6.55114 7.90665 5.25885
      vertex 6.99998 9.86249 4.81
      vertex 6.54591 8.01427 5.26407
    endloop
  endfacet
  facet normal 0.707113 6.62487e-07 0.7071
    outer loop
      vertex 6.56075 7.72 5.24924
      vertex 6.99998 9.86249 4.81
      vertex 6.55114 7.90665 5.25885
    endloop
  endfacet
  facet normal 0.707211 -3.92881e-05 0.707003
    outer loop
      vertex 6.56803 7.57854 5.24195
      vertex 6.99998 9.86249 4.81
      vertex 6.56075 7.72 5.24924
    endloop
  endfacet
  facet normal 0.707019 3.33133e-05 0.707195
    outer loop
      vertex 6.57699 7.41363 5.233
      vertex 6.99998 9.86249 4.81
      vertex 6.56803 7.57854 5.24195
    endloop
  endfacet
  facet normal 0.707113 6.9093e-07 0.7071
    outer loop
      vertex 6.58679 7.23326 5.2232
      vertex 6.99998 9.86249 4.81
      vertex 6.57699 7.41363 5.233
    endloop
  endfacet
  facet normal 0.707231 -3.64276e-05 0.706982
    outer loop
      vertex 6.59476 7.09364 5.21522
      vertex 6.99998 9.86249 4.81
      vertex 6.58679 7.23326 5.2232
    endloop
  endfacet
  facet normal 0.707107 -1.9434e-15 0.707107
    outer loop
      vertex 6.60762 6.86843 5.20236
      vertex 6.99998 9.86249 4.81
      vertex 6.59476 7.09364 5.21522
    endloop
  endfacet
  facet normal 0.707107 3.91646e-15 0.707107
    outer loop
      vertex 6.61421 6.75827 5.19577
      vertex 6.99998 9.86249 4.81
      vertex 6.60762 6.86843 5.20236
    endloop
  endfacet
  facet normal 0.707037 1.72328e-05 0.707176
    outer loop
      vertex 6.63078 6.48124 5.17921
      vertex 6.99998 9.86249 4.81
      vertex 6.61421 6.75827 5.19577
    endloop
  endfacet
  facet normal 0.707169 -1.1454e-05 0.707045
    outer loop
      vertex 6.65376 6.11283 5.15622
      vertex 6.99998 9.86249 4.81
      vertex 6.63078 6.48124 5.17921
    endloop
  endfacet
  facet normal 0.707107 6.84264e-17 0.707107
    outer loop
      vertex 6.65653 6.0684 5.15345
      vertex 6.99998 9.86249 4.81
      vertex 6.65376 6.11283 5.15622
    endloop
  endfacet
  facet normal 0.70646 0.000117027 0.707753
    outer loop
      vertex 6.65882 6.03322 5.15117
      vertex 6.99998 9.86249 4.81
      vertex 6.65653 6.0684 5.15345
    endloop
  endfacet
  facet normal 0.707113 7.7816e-07 0.707101
    outer loop
      vertex 6.67783 5.74026 5.13216
      vertex 6.99998 9.86249 4.81
      vertex 6.65882 6.03322 5.15117
    endloop
  endfacet
  facet normal 0.707339 -3.45911e-05 0.706874
    outer loop
      vertex 6.68585 5.64362 5.12413
      vertex 6.99998 9.86249 4.81
      vertex 6.67783 5.74026 5.13216
    endloop
  endfacet
  facet normal 0.707107 -1.50435e-14 0.707107
    outer loop
      vertex 6.68748 5.62398 5.1225
      vertex 6.99998 9.86249 4.81
      vertex 6.68585 5.64362 5.12413
    endloop
  endfacet
  facet normal 0.707048 8.61955e-06 0.707165
    outer loop
      vertex 6.72006 5.24545 5.08993
      vertex 6.99998 9.86249 4.81
      vertex 6.68748 5.62398 5.1225
    endloop
  endfacet
  facet normal 0.707112 8.98398e-07 0.707102
    outer loop
      vertex 6.72933 5.1377 5.08066
      vertex 6.99998 9.86249 4.81
      vertex 6.72006 5.24545 5.08993
    endloop
  endfacet
  facet normal 0.707112 9.10307e-07 0.707102
    outer loop
      vertex 6.74451 4.96703 5.06548
      vertex 6.99998 9.86249 4.81
      vertex 6.72933 5.1377 5.08066
    endloop
  endfacet
  facet normal 0.707112 9.10299e-07 0.707102
    outer loop
      vertex 6.77636 4.60893 5.03363
      vertex 6.99998 9.86249 4.81
      vertex 6.74451 4.96703 5.06548
    endloop
  endfacet
  facet normal 0.707221 -8.38864e-06 0.706992
    outer loop
      vertex 6.79844 4.36808 5.01154
      vertex 6.99998 9.86249 4.81
      vertex 6.77636 4.60893 5.03363
    endloop
  endfacet
  facet normal 0.707025 5.97912e-06 0.707188
    outer loop
      vertex 6.82943 4.03017 4.98056
      vertex 6.99998 9.86249 4.81
      vertex 6.79844 4.36808 5.01154
    endloop
  endfacet
  facet normal 0.707112 9.25449e-07 0.707102
    outer loop
      vertex 6.88412 3.4503 4.92587
      vertex 6.99998 9.86249 4.81
      vertex 6.82943 4.03017 4.98056
    endloop
  endfacet
  facet normal 0.707652 -1.86235e-05 0.706561
    outer loop
      vertex 6.8896 3.39214 4.92038
      vertex 6.99998 9.86249 4.81
      vertex 6.88412 3.4503 4.92587
    endloop
  endfacet
  facet normal 0.707107 2.51047e-14 0.707107
    outer loop
      vertex 6.95421 2.8122 4.85577
      vertex 6.8896 3.39214 4.92038
      vertex 6.90815 3.20049 4.90183
    endloop
  endfacet
  facet normal 0.707107 0 0.707107
    outer loop
      vertex 6.8896 3.39214 4.92038
      vertex 6.95421 2.8122 4.85577
      vertex 6.99998 9.86249 4.81
    endloop
  endfacet
  facet normal 0.707107 2.22577e-16 0.707107
    outer loop
      vertex 6.97158 2.66578 4.8384
      vertex 6.99998 9.86249 4.81
      vertex 6.95421 2.8122 4.85577
    endloop
  endfacet
  facet normal 0.707107 0 0.707107
    outer loop
      vertex 6.99998 9.86249 4.81
      vertex 6.97158 2.66578 4.8384
      vertex 6.99998 2.43176 4.81
    endloop
  endfacet
  facet normal 0.522547 0.85261 -0
    outer loop
      vertex 8.21678 13.3996 0.4
      vertex 7.96257 13.5554 0.41
      vertex 8.21678 13.3996 0.41
    endloop
  endfacet
  facet normal 0.522547 0.85261 0
    outer loop
      vertex 7.96257 13.5554 0.41
      vertex 8.21678 13.3996 0.4
      vertex 7.96257 13.5554 0.4
    endloop
  endfacet
  facet normal 0.165548 0.689546 0.705067
    outer loop
      vertex 5.39722 11.7391 4.81
      vertex 5.46452 11.1014 5.41786
      vertex 5.68712 11.6695 4.81
    endloop
  endfacet
  facet normal 0.16585 0.689528 0.705015
    outer loop
      vertex 5.46452 11.1014 5.41786
      vertex 5.39722 11.7391 4.81
      vertex 5.35022 11.1206 5.42597
    endloop
  endfacet
  facet normal 0.166052 0.691644 -0.702891
    outer loop
      vertex 7.68712 13.6695 0.4
      vertex 7.39262 13.3337 0
      vertex 7.39722 13.7391 0.4
    endloop
  endfacet
  facet normal 0.723008 0.443077 0.530039
    outer loop
      vertex 6.63713 10.9793 4.81
      vertex 8.79291 12.7251 0.41
      vertex 8.63713 12.9793 0.41
    endloop
  endfacet
  facet normal 0.723008 0.443077 0.530039
    outer loop
      vertex 8.79291 12.7251 0.41
      vertex 6.63713 10.9793 4.81
      vertex 6.79291 10.7251 4.81
    endloop
  endfacet
  facet normal 0.972377 -0.233417 0
    outer loop
      vertex 8.907 -12.4496 0.41
      vertex 8.97659 -12.1597 0.4
      vertex 8.97659 -12.1597 0.41
    endloop
  endfacet
  facet normal 0.972377 -0.233417 0
    outer loop
      vertex 8.97659 -12.1597 0.4
      vertex 8.907 -12.4496 0.41
      vertex 8.907 -12.4496 0.4
    endloop
  endfacet
  facet normal 0.92391 -0.382609 0
    outer loop
      vertex 8.79291 -12.7251 0.41
      vertex 8.907 -12.4496 0.4
      vertex 8.907 -12.4496 0.41
    endloop
  endfacet
  facet normal 0.92391 -0.382609 0
    outer loop
      vertex 8.907 -12.4496 0.4
      vertex 8.79291 -12.7251 0.41
      vertex 8.79291 -12.7251 0.4
    endloop
  endfacet
  facet normal 0.0784841 -0.996915 0
    outer loop
      vertex 7.09999 -13.7625 0.4
      vertex 7.39722 -13.7391 0.41
      vertex 7.09999 -13.7625 0.41
    endloop
  endfacet
  facet normal 0.0784841 -0.996915 0
    outer loop
      vertex 7.39722 -13.7391 0.41
      vertex 7.09999 -13.7625 0.4
      vertex 7.39722 -13.7391 0.4
    endloop
  endfacet
  facet normal 0.0703786 -0.89566 0.439135
    outer loop
      vertex 7.09999 -13.7625 0.41
      vertex 6.85401 -13.1959 1.60506
      vertex 6.54693 -13.2094 1.62674
    endloop
  endfacet
  facet normal 0.070511 -0.895641 0.439153
    outer loop
      vertex 6.85401 -13.1959 1.60506
      vertex 7.09999 -13.7625 0.41
      vertex 7.39722 -13.7391 0.41
    endloop
  endfacet
  facet normal 0.0555823 -0.706014 -0.706014
    outer loop
      vertex 7.39722 -13.7391 0.4
      vertex 7.09999 -13.7625 0.4
      vertex 7.09999 -13.3625 0
    endloop
  endfacet
  facet normal -0.852695 -0.204705 0.480632
    outer loop
      vertex -8.97659 -12.1597 0.41
      vertex -8.22834 -11.771 1.90303
      vertex -8.25327 -11.4364 2.00131
    endloop
  endfacet
  facet normal -0.8527 -0.204689 0.48063
    outer loop
      vertex -8.22834 -11.771 1.90303
      vertex -8.97659 -12.1597 0.41
      vertex -8.907 -12.4496 0.41
    endloop
  endfacet
  facet normal -0.996917 -0.0784586 0
    outer loop
      vertex -8.97659 -12.1597 0.4
      vertex -8.99998 -11.8625 0.41
      vertex -8.99998 -11.8625 0.4
    endloop
  endfacet
  facet normal -0.996917 -0.0784586 0
    outer loop
      vertex -8.99998 -11.8625 0.41
      vertex -8.97659 -12.1597 0.4
      vertex -8.97659 -12.1597 0.41
    endloop
  endfacet
  facet normal 0 -0.707107 -0.707107
    outer loop
      vertex -7.09999 -13.3625 0
      vertex 7.09999 -13.7625 0.4
      vertex -7.09999 -13.7625 0.4
    endloop
  endfacet
  facet normal 0 -0.707107 -0.707107
    outer loop
      vertex 7.09999 -13.7625 0.4
      vertex -7.09999 -13.3625 0
      vertex 7.09999 -13.3625 0
    endloop
  endfacet
  facet normal -0.070511 -0.895641 0.439153
    outer loop
      vertex -7.09999 -13.7625 0.41
      vertex -6.85401 -13.1959 1.60506
      vertex -7.39722 -13.7391 0.41
    endloop
  endfacet
  facet normal -0.0703786 -0.89566 0.439135
    outer loop
      vertex -6.85401 -13.1959 1.60506
      vertex -7.09999 -13.7625 0.41
      vertex -6.54693 -13.2094 1.62674
    endloop
  endfacet
  facet normal -0.54694 -0.64012 0.539539
    outer loop
      vertex -8.21678 -13.3996 0.41
      vertex -7.79602 -12.6977 1.66928
      vertex -7.86474 -12.6272 1.68326
    endloop
  endfacet
  facet normal -0.546735 -0.640268 0.539572
    outer loop
      vertex -8.21678 -13.3996 0.41
      vertex -7.86474 -12.6272 1.68326
      vertex -8.4435 -13.206 0.41
    endloop
  endfacet
  facet normal -0.546924 -0.640133 0.539541
    outer loop
      vertex -7.79602 -12.6977 1.66928
      vertex -8.21678 -13.3996 0.41
      vertex -7.65832 -12.8412 1.63861
    endloop
  endfacet
  facet normal 0.270126 0.652115 0.708363
    outer loop
      vertex 5.68712 11.6695 4.81
      vertex 5.5778 11.0634 5.40966
      vertex 5.96257 11.5554 4.81
    endloop
  endfacet
  facet normal 0.270039 0.65214 0.708373
    outer loop
      vertex 5.5778 11.0634 5.40966
      vertex 5.68712 11.6695 4.81
      vertex 5.46452 11.1014 5.41786
    endloop
  endfacet
  facet normal -0.371684 -0.606456 -0.702895
    outer loop
      vertex -7.96257 -13.5554 0.4
      vertex -8.21678 -13.3996 0.4
      vertex -7.93335 -13.1097 0
    endloop
  endfacet
  facet normal -0.166052 -0.691644 -0.702891
    outer loop
      vertex -7.39722 -13.7391 0.4
      vertex -7.68712 -13.6695 0.4
      vertex -7.39262 -13.3337 0
    endloop
  endfacet
  facet normal 0.606426 0.371633 -0.702948
    outer loop
      vertex 8.79291 12.7251 0.4
      vertex 8.3472 12.6958 0
      vertex 8.63713 12.9793 0.4
    endloop
  endfacet
  facet normal 0.69163 0.166025 -0.702911
    outer loop
      vertex 8.97659 12.1597 0.4
      vertex 8.57117 12.1551 0
      vertex 8.907 12.4496 0.4
    endloop
  endfacet
  facet normal 0.722976 -0.443123 0.530044
    outer loop
      vertex 8.79291 -12.7251 0.41
      vertex 8.14294 -12.1118 1.80928
      vertex 8.03166 -12.3738 1.74203
    endloop
  endfacet
  facet normal 0.723549 -0.442301 0.52995
    outer loop
      vertex 8.14294 -12.1118 1.80928
      vertex 8.79291 -12.7251 0.41
      vertex 8.15387 -12.086 1.81589
    endloop
  endfacet
  facet normal 0.723004 -0.443075 0.530047
    outer loop
      vertex 8.79291 -12.7251 0.41
      vertex 8.03166 -12.3738 1.74203
      vertex 8.63713 -12.9793 0.41
    endloop
  endfacet
  facet normal 0.0689204 0.700284 -0.71053
    outer loop
      vertex 7.39262 13.3337 0
      vertex 7.09999 13.3625 0
      vertex 7.39722 13.7391 0.4
    endloop
  endfacet
  facet normal 0.0555823 0.706014 -0.706014
    outer loop
      vertex 7.39722 13.7391 0.4
      vertex 7.09999 13.3625 0
      vertex 7.09999 13.7625 0.4
    endloop
  endfacet
  facet normal 1 -0 0
    outer loop
      vertex 8.99998 -11.8625 0.41
      vertex 8.99998 11.8625 0.4
      vertex 8.99998 11.8625 0.41
    endloop
  endfacet
  facet normal 1 0 0
    outer loop
      vertex 8.99998 11.8625 0.4
      vertex 8.99998 -11.8625 0.41
      vertex 8.99998 -11.8625 0.4
    endloop
  endfacet
  facet normal -0.69163 0.166025 -0.702911
    outer loop
      vertex -8.57117 12.1551 0
      vertex -8.97659 12.1597 0.4
      vertex -8.907 12.4496 0.4
    endloop
  endfacet
  facet normal -0.700263 0.0689733 -0.710545
    outer loop
      vertex -8.59999 11.8625 0
      vertex -8.97659 12.1597 0.4
      vertex -8.57117 12.1551 0
    endloop
  endfacet
  facet normal -0.640209 0.546818 0.539558
    outer loop
      vertex -8.63713 12.9793 0.41
      vertex -6.4435 11.206 4.81
      vertex -8.4435 13.206 0.41
    endloop
  endfacet
  facet normal -0.640209 0.546818 0.539558
    outer loop
      vertex -6.4435 11.206 4.81
      vertex -8.63713 12.9793 0.41
      vertex -6.63713 10.9793 4.81
    endloop
  endfacet
  facet normal -0.723008 0.443077 0.530039
    outer loop
      vertex -8.79291 12.7251 0.41
      vertex -6.63713 10.9793 4.81
      vertex -8.63713 12.9793 0.41
    endloop
  endfacet
  facet normal -0.723008 0.443077 0.530039
    outer loop
      vertex -6.63713 10.9793 4.81
      vertex -8.79291 12.7251 0.41
      vertex -6.79291 10.7251 4.81
    endloop
  endfacet
  facet normal -0.606426 -0.371633 -0.702948
    outer loop
      vertex -8.63713 -12.9793 0.4
      vertex -8.79291 -12.7251 0.4
      vertex -8.3472 -12.6958 0
    endloop
  endfacet
  facet normal -0.165219 0.688174 0.706483
    outer loop
      vertex -5.68712 11.6695 4.81
      vertex -5.39416 11.1107 5.42283
      vertex -5.39722 11.7391 4.81
    endloop
  endfacet
  facet normal -0.16541 0.688102 0.706509
    outer loop
      vertex -5.39416 11.1107 5.42283
      vertex -5.68712 11.6695 4.81
      vertex -5.5088 11.0915 5.41469
    endloop
  endfacet
  facet normal -0.115615 0.693211 0.711401
    outer loop
      vertex -5.21124 11.128 5.4357
      vertex -5.39722 11.7391 4.81
      vertex -5.39416 11.1107 5.42283
    endloop
  endfacet
  facet normal -0.382697 0.923874 0
    outer loop
      vertex -7.68712 13.6695 0.4
      vertex -7.96257 13.5554 0.41
      vertex -7.68712 13.6695 0.41
    endloop
  endfacet
  facet normal -0.382697 0.923874 0
    outer loop
      vertex -7.96257 13.5554 0.41
      vertex -7.68712 13.6695 0.4
      vertex -7.96257 13.5554 0.4
    endloop
  endfacet
  facet normal -0.233449 0.972369 0
    outer loop
      vertex -7.39722 13.7391 0.4
      vertex -7.68712 13.6695 0.41
      vertex -7.39722 13.7391 0.41
    endloop
  endfacet
  facet normal -0.233449 0.972369 0
    outer loop
      vertex -7.68712 13.6695 0.41
      vertex -7.39722 13.7391 0.4
      vertex -7.68712 13.6695 0.4
    endloop
  endfacet
  facet normal -0.371684 0.606456 -0.702895
    outer loop
      vertex -7.93335 13.1097 0
      vertex -8.21678 13.3996 0.4
      vertex -7.96257 13.5554 0.4
    endloop
  endfacet
  facet normal 0.972377 0.233417 0
    outer loop
      vertex 8.97659 12.1597 0.41
      vertex 8.907 12.4496 0.4
      vertex 8.907 12.4496 0.41
    endloop
  endfacet
  facet normal 0.972377 0.233417 0
    outer loop
      vertex 8.907 12.4496 0.4
      vertex 8.97659 12.1597 0.41
      vertex 8.97659 12.1597 0.4
    endloop
  endfacet
  facet normal 0.688202 0.165202 0.706461
    outer loop
      vertex 6.907 10.4496 4.81
      vertex 6.43383 10.1571 5.33934
      vertex 6.97659 10.1597 4.81
    endloop
  endfacet
  facet normal 0.688208 0.165186 0.706458
    outer loop
      vertex 6.43383 10.1571 5.33934
      vertex 6.907 10.4496 4.81
      vertex 6.39665 10.2922 5.34397
    endloop
  endfacet
  facet normal 0.370523 0.604562 0.705136
    outer loop
      vertex 5.96257 11.5554 4.81
      vertex 5.85492 10.9456 5.38939
      vertex 6.21678 11.3996 4.81
    endloop
  endfacet
  facet normal 0.370162 0.604697 0.705211
    outer loop
      vertex 5.85492 10.9456 5.38939
      vertex 5.96257 11.5554 4.81
      vertex 5.74499 11.0034 5.39753
    endloop
  endfacet
  facet normal 0.459857 0.538526 -0.70606
    outer loop
      vertex 8.4435 13.206 0.4
      vertex 8.16064 12.9231 0
      vertex 8.21678 13.3996 0.4
    endloop
  endfacet
  facet normal 0.602963 0.36951 0.707035
    outer loop
      vertex 6.63713 10.9793 4.81
      vertex 6.25501 10.5555 5.35736
      vertex 6.79291 10.7251 4.81
    endloop
  endfacet
  facet normal 0.603285 0.369124 0.706961
    outer loop
      vertex 6.63713 10.9793 4.81
      vertex 6.23351 10.587 5.35926
      vertex 6.25501 10.5555 5.35736
    endloop
  endfacet
  facet normal 0.602951 0.369553 0.707022
    outer loop
      vertex 6.63713 10.9793 4.81
      vertex 6.19066 10.6497 5.36303
      vertex 6.23351 10.587 5.35926
    endloop
  endfacet
  facet normal 0.602652 0.369997 0.707045
    outer loop
      vertex 6.19066 10.6497 5.36303
      vertex 6.63713 10.9793 4.81
      vertex 6.179 10.6668 5.36402
    endloop
  endfacet
  facet normal 0.852631 0.522513 0
    outer loop
      vertex 8.79291 12.7251 0.41
      vertex 8.63713 12.9793 0.4
      vertex 8.63713 12.9793 0.41
    endloop
  endfacet
  facet normal 0.852631 0.522513 0
    outer loop
      vertex 8.63713 12.9793 0.4
      vertex 8.79291 12.7251 0.41
      vertex 8.79291 12.7251 0.4
    endloop
  endfacet
  facet normal -0.644607 0.282754 0.710304
    outer loop
      vertex -6.79291 10.7251 4.81
      vertex -6.34747 10.3871 5.34879
      vertex -6.28074 10.5232 5.35517
    endloop
  endfacet
  facet normal -0.644863 0.282321 0.710244
    outer loop
      vertex -6.34747 10.3871 5.34879
      vertex -6.79291 10.7251 4.81
      vertex -6.35115 10.3796 5.34843
    endloop
  endfacet
  facet normal -0.706015 0.0555624 0.706014
    outer loop
      vertex -6.99998 9.86249 4.81
      vertex -6.46424 10.0038 5.33462
      vertex -6.97659 10.1597 4.81
    endloop
  endfacet
  facet normal -0.706017 0.0555843 0.70601
    outer loop
      vertex -6.46424 10.0038 5.33462
      vertex -6.99998 9.86249 4.81
      vertex -6.47821 9.86878 5.33128
    endloop
  endfacet
  facet normal -0.705999 0.0561211 0.705986
    outer loop
      vertex -6.47821 9.86878 5.33128
      vertex -6.99998 9.86249 4.81
      vertex -6.47888 9.86249 5.33111
    endloop
  endfacet
  facet normal 0.852695 -0.204705 0.480632
    outer loop
      vertex 8.22834 -11.771 1.90303
      vertex 8.97659 -12.1597 0.41
      vertex 8.25327 -11.4364 2.00131
    endloop
  endfacet
  facet normal 0.8527 -0.204689 0.48063
    outer loop
      vertex 8.97659 -12.1597 0.41
      vertex 8.22834 -11.771 1.90303
      vertex 8.907 -12.4496 0.41
    endloop
  endfacet
  facet normal 0.443122 -0.722974 0.530049
    outer loop
      vertex 7.96257 -13.5554 0.41
      vertex 7.59361 -12.8864 1.63095
      vertex 7.41709 -13.0099 1.61007
    endloop
  endfacet
  facet normal 0.442507 -0.723339 0.530064
    outer loop
      vertex 7.59361 -12.8864 1.63095
      vertex 7.96257 -13.5554 0.41
      vertex 7.65832 -12.8412 1.63861
    endloop
  endfacet
  facet normal 0.443113 -0.723002 0.530018
    outer loop
      vertex 7.65832 -12.8412 1.63861
      vertex 7.96257 -13.5554 0.41
      vertex 8.21678 -13.3996 0.41
    endloop
  endfacet
  facet normal 0.64018 -0.54684 0.539569
    outer loop
      vertex 7.86474 -12.6272 1.68326
      vertex 8.63713 -12.9793 0.41
      vertex 8.03166 -12.3738 1.74203
    endloop
  endfacet
  facet normal 0.640201 -0.546811 0.539574
    outer loop
      vertex 8.63713 -12.9793 0.41
      vertex 7.86474 -12.6272 1.68326
      vertex 8.4435 -13.206 0.41
    endloop
  endfacet
  facet normal 0.233449 -0.972369 0
    outer loop
      vertex 7.39722 -13.7391 0.4
      vertex 7.68712 -13.6695 0.41
      vertex 7.39722 -13.7391 0.41
    endloop
  endfacet
  facet normal 0.233449 -0.972369 0
    outer loop
      vertex 7.68712 -13.6695 0.41
      vertex 7.39722 -13.7391 0.4
      vertex 7.68712 -13.6695 0.4
    endloop
  endfacet
  facet normal 0.543871 -0.446391 -0.710591
    outer loop
      vertex 8.63713 -12.9793 0.4
      vertex 8.16064 -12.9231 0
      vertex 8.3472 -12.6958 0
    endloop
  endfacet
  facet normal 0.76039 0.649467 0
    outer loop
      vertex 8.63713 12.9793 0.41
      vertex 8.4435 13.206 0.4
      vertex 8.4435 13.206 0.41
    endloop
  endfacet
  facet normal 0.76039 0.649467 0
    outer loop
      vertex 8.4435 13.206 0.4
      vertex 8.63713 12.9793 0.41
      vertex 8.63713 12.9793 0.4
    endloop
  endfacet
  facet normal -0.76039 -0.649467 0
    outer loop
      vertex -8.4435 -13.206 0.4
      vertex -8.63713 -12.9793 0.41
      vertex -8.63713 -12.9793 0.4
    endloop
  endfacet
  facet normal -0.76039 -0.649467 0
    outer loop
      vertex -8.63713 -12.9793 0.41
      vertex -8.4435 -13.206 0.4
      vertex -8.4435 -13.206 0.41
    endloop
  endfacet
  facet normal -0.794345 -0.329051 0.510629
    outer loop
      vertex -8.907 -12.4496 0.41
      vertex -8.15387 -12.086 1.81589
      vertex -8.22834 -11.771 1.90303
    endloop
  endfacet
  facet normal -0.79438 -0.328969 0.510627
    outer loop
      vertex -8.15387 -12.086 1.81589
      vertex -8.907 -12.4496 0.41
      vertex -8.79291 -12.7251 0.41
    endloop
  endfacet
  facet normal -1 0 0
    outer loop
      vertex -8.99998 -11.8625 0.4
      vertex -8.99998 11.8625 0.41
      vertex -8.99998 11.8625 0.4
    endloop
  endfacet
  facet normal -1 -0 0
    outer loop
      vertex -8.99998 11.8625 0.41
      vertex -8.99998 -11.8625 0.4
      vertex -8.99998 -11.8625 0.41
    endloop
  endfacet
  facet normal 0.538472 0.459922 -0.70606
    outer loop
      vertex 8.63713 12.9793 0.4
      vertex 8.16064 12.9231 0
      vertex 8.4435 13.206 0.4
    endloop
  endfacet
  facet normal 0.670885 -0.203507 -0.71309
    outer loop
      vertex 8.907 -12.4496 0.4
      vertex 8.48581 -12.4365 0
      vertex 8.57117 -12.1551 0
    endloop
  endfacet
  facet normal 0.0784841 0.996915 -0
    outer loop
      vertex 7.39722 13.7391 0.4
      vertex 7.09999 13.7625 0.41
      vertex 7.39722 13.7391 0.41
    endloop
  endfacet
  facet normal 0.0784841 0.996915 0
    outer loop
      vertex 7.09999 13.7625 0.41
      vertex 7.39722 13.7391 0.4
      vertex 7.09999 13.7625 0.4
    endloop
  endfacet
  facet normal 0.996917 0.0784586 0
    outer loop
      vertex 8.99998 11.8625 0.41
      vertex 8.97659 12.1597 0.4
      vertex 8.97659 12.1597 0.41
    endloop
  endfacet
  facet normal 0.996917 0.0784586 0
    outer loop
      vertex 8.97659 12.1597 0.4
      vertex 8.99998 11.8625 0.41
      vertex 8.99998 11.8625 0.4
    endloop
  endfacet
  facet normal 0.707116 0 -0.707098
    outer loop
      vertex 8.99998 -11.8625 0.4
      vertex 8.59999 11.8625 0
      vertex 8.99998 11.8625 0.4
    endloop
  endfacet
  facet normal 0.707116 0 -0.707098
    outer loop
      vertex 8.59999 11.8625 0
      vertex 8.99998 -11.8625 0.4
      vertex 8.59999 -11.8625 0
    endloop
  endfacet
  facet normal -0.699633 0.0871088 0.709173
    outer loop
      vertex -6.97659 10.1597 4.81
      vertex -6.4501 10.0961 5.33722
      vertex -6.44653 10.1194 5.33788
    endloop
  endfacet
  facet normal -0.699622 0.0872026 0.709172
    outer loop
      vertex -6.4501 10.0961 5.33722
      vertex -6.97659 10.1597 4.81
      vertex -6.46424 10.0038 5.33462
    endloop
  endfacet
  facet normal -0.996917 0.0784586 0
    outer loop
      vertex -8.99998 11.8625 0.4
      vertex -8.97659 12.1597 0.41
      vertex -8.97659 12.1597 0.4
    endloop
  endfacet
  facet normal -0.996917 0.0784586 0
    outer loop
      vertex -8.97659 12.1597 0.41
      vertex -8.99998 11.8625 0.4
      vertex -8.99998 11.8625 0.41
    endloop
  endfacet
  facet normal -0.537137 0.459045 0.707645
    outer loop
      vertex -6.63713 10.9793 4.81
      vertex -6.19009 10.6498 5.36307
      vertex -6.11352 10.7299 5.36923
    endloop
  endfacet
  facet normal -0.537247 0.458875 0.707672
    outer loop
      vertex -6.63713 10.9793 4.81
      vertex -6.11352 10.7299 5.36923
      vertex -6.4435 11.206 4.81
    endloop
  endfacet
  facet normal -0.537474 0.458621 0.707664
    outer loop
      vertex -6.19009 10.6498 5.36307
      vertex -6.63713 10.9793 4.81
      vertex -6.20464 10.6346 5.36187
    endloop
  endfacet
  facet normal -0.459857 0.538526 -0.70606
    outer loop
      vertex -8.16064 12.9231 0
      vertex -8.4435 13.206 0.4
      vertex -8.21678 13.3996 0.4
    endloop
  endfacet
  facet normal -0.649376 0.760468 0
    outer loop
      vertex -8.21678 13.3996 0.4
      vertex -8.4435 13.206 0.41
      vertex -8.21678 13.3996 0.41
    endloop
  endfacet
  facet normal -0.649376 0.760468 0
    outer loop
      vertex -8.4435 13.206 0.41
      vertex -8.21678 13.3996 0.4
      vertex -8.4435 13.206 0.4
    endloop
  endfacet
  facet normal -0.204716 0.852689 0.480638
    outer loop
      vertex -7.39722 13.7391 0.41
      vertex -5.68712 11.6695 4.81
      vertex -5.39722 11.7391 4.81
    endloop
  endfacet
  facet normal -0.204716 0.852689 0.480638
    outer loop
      vertex -5.68712 11.6695 4.81
      vertex -7.39722 13.7391 0.41
      vertex -7.68712 13.6695 0.41
    endloop
  endfacet
  facet normal -0.203601 0.670859 -0.713088
    outer loop
      vertex -7.67401 13.2483 0
      vertex -7.68712 13.6695 0.4
      vertex -7.39262 13.3337 0
    endloop
  endfacet
  facet normal -0.0705108 0.895638 0.439159
    outer loop
      vertex -7.09999 13.7625 0.41
      vertex -5.39722 11.7391 4.81
      vertex -5.09999 11.7625 4.81
    endloop
  endfacet
  facet normal -0.0705108 0.895638 0.439159
    outer loop
      vertex -5.39722 11.7391 4.81
      vertex -7.09999 13.7625 0.41
      vertex -7.39722 13.7391 0.41
    endloop
  endfacet
  facet normal 0.443105 0.722989 0.530043
    outer loop
      vertex 7.96257 13.5554 0.41
      vertex 6.21678 11.3996 4.81
      vertex 8.21678 13.3996 0.41
    endloop
  endfacet
  facet normal 0.443105 0.722989 0.530043
    outer loop
      vertex 6.21678 11.3996 4.81
      vertex 7.96257 13.5554 0.41
      vertex 5.96257 11.5554 4.81
    endloop
  endfacet
  facet normal 0.92391 0.382609 0
    outer loop
      vertex 8.907 12.4496 0.41
      vertex 8.79291 12.7251 0.4
      vertex 8.79291 12.7251 0.41
    endloop
  endfacet
  facet normal 0.92391 0.382609 0
    outer loop
      vertex 8.79291 12.7251 0.4
      vertex 8.907 12.4496 0.41
      vertex 8.907 12.4496 0.4
    endloop
  endfacet
  facet normal 0.282847 0.64455 0.710319
    outer loop
      vertex 5.96257 11.5554 4.81
      vertex 5.5778 11.0634 5.40966
      vertex 5.74499 11.0034 5.39753
    endloop
  endfacet
  facet normal 0.794386 0.328971 0.510617
    outer loop
      vertex 6.79291 10.7251 4.81
      vertex 8.907 12.4496 0.41
      vertex 8.79291 12.7251 0.41
    endloop
  endfacet
  facet normal 0.794386 0.328971 0.510617
    outer loop
      vertex 8.907 12.4496 0.41
      vertex 6.79291 10.7251 4.81
      vertex 6.907 10.4496 4.81
    endloop
  endfacet
  facet normal 0.658095 0.27253 -0.701882
    outer loop
      vertex 8.907 12.4496 0.4
      vertex 8.48581 12.4365 0
      vertex 8.79291 12.7251 0.4
    endloop
  endfacet
  facet normal 0.658095 -0.27253 -0.701882
    outer loop
      vertex 8.79291 -12.7251 0.4
      vertex 8.48581 -12.4365 0
      vertex 8.907 -12.4496 0.4
    endloop
  endfacet
  facet normal 0.69163 -0.166025 -0.702911
    outer loop
      vertex 8.907 -12.4496 0.4
      vertex 8.57117 -12.1551 0
      vertex 8.97659 -12.1597 0.4
    endloop
  endfacet
  facet normal 0.649376 -0.760468 0
    outer loop
      vertex 8.21678 -13.3996 0.4
      vertex 8.4435 -13.206 0.41
      vertex 8.21678 -13.3996 0.41
    endloop
  endfacet
  facet normal 0.649376 -0.760468 0
    outer loop
      vertex 8.4435 -13.206 0.41
      vertex 8.21678 -13.3996 0.4
      vertex 8.4435 -13.206 0.4
    endloop
  endfacet
  facet normal 0.166052 -0.691644 -0.702891
    outer loop
      vertex 7.39722 -13.7391 0.4
      vertex 7.39262 -13.3337 0
      vertex 7.68712 -13.6695 0.4
    endloop
  endfacet
  facet normal 0.459857 -0.538526 -0.70606
    outer loop
      vertex 8.21678 -13.3996 0.4
      vertex 8.16064 -12.9231 0
      vertex 8.4435 -13.206 0.4
    endloop
  endfacet
  facet normal 0.538472 -0.459922 -0.70606
    outer loop
      vertex 8.4435 -13.206 0.4
      vertex 8.16064 -12.9231 0
      vertex 8.63713 -12.9793 0.4
    endloop
  endfacet
  facet normal -0.233449 -0.972369 0
    outer loop
      vertex -7.68712 -13.6695 0.4
      vertex -7.39722 -13.7391 0.41
      vertex -7.68712 -13.6695 0.41
    endloop
  endfacet
  facet normal -0.233449 -0.972369 -0
    outer loop
      vertex -7.39722 -13.7391 0.41
      vertex -7.68712 -13.6695 0.4
      vertex -7.39722 -13.7391 0.4
    endloop
  endfacet
  facet normal -0.649376 -0.760468 0
    outer loop
      vertex -8.4435 -13.206 0.4
      vertex -8.21678 -13.3996 0.41
      vertex -8.4435 -13.206 0.41
    endloop
  endfacet
  facet normal -0.649376 -0.760468 -0
    outer loop
      vertex -8.21678 -13.3996 0.41
      vertex -8.4435 -13.206 0.4
      vertex -8.21678 -13.3996 0.4
    endloop
  endfacet
  facet normal -0.658095 -0.27253 -0.701882
    outer loop
      vertex -8.79291 -12.7251 0.4
      vertex -8.907 -12.4496 0.4
      vertex -8.48581 -12.4365 0
    endloop
  endfacet
  facet normal -0.0555823 -0.706014 -0.706014
    outer loop
      vertex -7.09999 -13.7625 0.4
      vertex -7.39722 -13.7391 0.4
      vertex -7.09999 -13.3625 0
    endloop
  endfacet
  facet normal -0.272593 -0.65807 -0.701881
    outer loop
      vertex -7.68712 -13.6695 0.4
      vertex -7.96257 -13.5554 0.4
      vertex -7.67401 -13.2483 0
    endloop
  endfacet
  facet normal 0 0 -1
    outer loop
      vertex 8.407 -11.9496 0
      vertex 8.59999 -11.8625 0
      vertex 8.57117 -12.1551 0
    endloop
  endfacet
  facet normal 0 0 -1
    outer loop
      vertex 8.59999 -11.8625 0
      vertex 8.49998 -11.3625 0
      vertex 8.59999 11.8625 0
    endloop
  endfacet
  facet normal 0 0 -1
    outer loop
      vertex 8.49998 11.3625 0
      vertex 8.59999 11.8625 0
      vertex 8.49998 -11.3625 0
    endloop
  endfacet
  facet normal 0 0 -1
    outer loop
      vertex 8.29291 -12.2251 0
      vertex 8.57117 -12.1551 0
      vertex 8.48581 -12.4365 0
    endloop
  endfacet
  facet normal 0 0 -1
    outer loop
      vertex 8.59999 -11.8625 0
      vertex 8.47659 -11.6597 0
      vertex 8.49998 -11.3625 0
    endloop
  endfacet
  facet normal -0 0 -1
    outer loop
      vertex 8.59999 -11.8625 0
      vertex 8.407 -11.9496 0
      vertex 8.47659 -11.6597 0
    endloop
  endfacet
  facet normal 0 0 -1
    outer loop
      vertex 8.13713 -12.4793 0
      vertex 8.48581 -12.4365 0
      vertex 8.3472 -12.6958 0
    endloop
  endfacet
  facet normal -0 0 -1
    outer loop
      vertex 8.57117 -12.1551 0
      vertex 8.29291 -12.2251 0
      vertex 8.407 -11.9496 0
    endloop
  endfacet
  facet normal 0 0 -1
    outer loop
      vertex 7.9435 -12.706 0
      vertex 8.3472 -12.6958 0
      vertex 8.16064 -12.9231 0
    endloop
  endfacet
  facet normal -0 0 -1
    outer loop
      vertex 8.48581 -12.4365 0
      vertex 8.13713 -12.4793 0
      vertex 8.29291 -12.2251 0
    endloop
  endfacet
  facet normal -0 0 -1
    outer loop
      vertex 8.3472 -12.6958 0
      vertex 7.9435 -12.706 0
      vertex 8.13713 -12.4793 0
    endloop
  endfacet
  facet normal 0 0 -1
    outer loop
      vertex 7.93335 -13.1097 0
      vertex 7.9435 -12.706 0
      vertex 8.16064 -12.9231 0
    endloop
  endfacet
  facet normal 0 0 -1
    outer loop
      vertex 7.93335 -13.1097 0
      vertex 7.71678 -12.8996 0
      vertex 7.9435 -12.706 0
    endloop
  endfacet
  facet normal 0 0 -1
    outer loop
      vertex 7.67401 -13.2483 0
      vertex 7.71678 -12.8996 0
      vertex 7.93335 -13.1097 0
    endloop
  endfacet
  facet normal 0 0 -1
    outer loop
      vertex 7.67401 -13.2483 0
      vertex 7.46257 -13.0554 0
      vertex 7.71678 -12.8996 0
    endloop
  endfacet
  facet normal 0 0 -1
    outer loop
      vertex 7.39262 -13.3337 0
      vertex 7.46257 -13.0554 0
      vertex 7.67401 -13.2483 0
    endloop
  endfacet
  facet normal 0 0 -1
    outer loop
      vertex 7.39262 -13.3337 0
      vertex 7.18712 -13.1695 0
      vertex 7.46257 -13.0554 0
    endloop
  endfacet
  facet normal 0 0 -1
    outer loop
      vertex 7.09999 -13.3625 0
      vertex 7.18712 -13.1695 0
      vertex 7.39262 -13.3337 0
    endloop
  endfacet
  facet normal 0 0 -1
    outer loop
      vertex 7.09999 -13.3625 0
      vertex 6.89722 -13.2391 0
      vertex 7.18712 -13.1695 0
    endloop
  endfacet
  facet normal 0 0 -1
    outer loop
      vertex 7.09999 -13.3625 0
      vertex 6.59999 -13.2625 0
      vertex 6.89722 -13.2391 0
    endloop
  endfacet
  facet normal 0 0 -1
    outer loop
      vertex 7.09999 -13.3625 0
      vertex -6.59999 -13.2625 0
      vertex 6.59999 -13.2625 0
    endloop
  endfacet
  facet normal 0 0 -1
    outer loop
      vertex -7.09999 -13.3625 0
      vertex -6.59999 -13.2625 0
      vertex 7.09999 -13.3625 0
    endloop
  endfacet
  facet normal 0 0 -1
    outer loop
      vertex -7.09999 -13.3625 0
      vertex -6.89722 -13.2391 0
      vertex -6.59999 -13.2625 0
    endloop
  endfacet
  facet normal 0 0 -1
    outer loop
      vertex -7.09999 -13.3625 0
      vertex -7.18712 -13.1695 0
      vertex -6.89722 -13.2391 0
    endloop
  endfacet
  facet normal 0 0 -1
    outer loop
      vertex -7.39262 -13.3337 0
      vertex -7.18712 -13.1695 0
      vertex -7.09999 -13.3625 0
    endloop
  endfacet
  facet normal 0 0 -1
    outer loop
      vertex -7.39262 -13.3337 0
      vertex -7.46257 -13.0554 0
      vertex -7.18712 -13.1695 0
    endloop
  endfacet
  facet normal 0 0 -1
    outer loop
      vertex -7.67401 -13.2483 0
      vertex -7.46257 -13.0554 0
      vertex -7.39262 -13.3337 0
    endloop
  endfacet
  facet normal 0 0 -1
    outer loop
      vertex -7.67401 -13.2483 0
      vertex -7.71678 -12.8996 0
      vertex -7.46257 -13.0554 0
    endloop
  endfacet
  facet normal 0 0 -1
    outer loop
      vertex -7.93335 -13.1097 0
      vertex -7.71678 -12.8996 0
      vertex -7.67401 -13.2483 0
    endloop
  endfacet
  facet normal 0 0 -1
    outer loop
      vertex -7.93335 -13.1097 0
      vertex -7.9435 -12.706 0
      vertex -7.71678 -12.8996 0
    endloop
  endfacet
  facet normal 0 0 -1
    outer loop
      vertex -8.16064 -12.9231 0
      vertex -7.9435 -12.706 0
      vertex -7.93335 -13.1097 0
    endloop
  endfacet
  facet normal 0 0 -1
    outer loop
      vertex -8.3472 -12.6958 0
      vertex -7.9435 -12.706 0
      vertex -8.16064 -12.9231 0
    endloop
  endfacet
  facet normal 0 0 -1
    outer loop
      vertex -7.9435 -12.706 0
      vertex -8.3472 -12.6958 0
      vertex -8.13713 -12.4793 0
    endloop
  endfacet
  facet normal 0 0 -1
    outer loop
      vertex -8.48581 -12.4365 0
      vertex -8.13713 -12.4793 0
      vertex -8.3472 -12.6958 0
    endloop
  endfacet
  facet normal 0 0 -1
    outer loop
      vertex -8.13713 -12.4793 0
      vertex -8.48581 -12.4365 0
      vertex -8.29291 -12.2251 0
    endloop
  endfacet
  facet normal 0 0 -1
    outer loop
      vertex -8.57117 -12.1551 0
      vertex -8.29291 -12.2251 0
      vertex -8.48581 -12.4365 0
    endloop
  endfacet
  facet normal 0 0 -1
    outer loop
      vertex -8.29291 -12.2251 0
      vertex -8.57117 -12.1551 0
      vertex -8.407 -11.9496 0
    endloop
  endfacet
  facet normal 0 0 -1
    outer loop
      vertex -8.59999 -11.8625 0
      vertex -8.407 -11.9496 0
      vertex -8.57117 -12.1551 0
    endloop
  endfacet
  facet normal -0 0 -1
    outer loop
      vertex -8.47659 -11.6597 0
      vertex -8.59999 -11.8625 0
      vertex -8.49998 -11.3625 0
    endloop
  endfacet
  facet normal 0 0 -1
    outer loop
      vertex -8.407 -11.9496 0
      vertex -8.59999 -11.8625 0
      vertex -8.47659 -11.6597 0
    endloop
  endfacet
  facet normal 0 0 -1
    outer loop
      vertex 8.47659 11.6597 0
      vertex 8.59999 11.8625 0
      vertex 8.49998 11.3625 0
    endloop
  endfacet
  facet normal 0 0 -1
    outer loop
      vertex 8.407 11.9496 0
      vertex 8.59999 11.8625 0
      vertex 8.47659 11.6597 0
    endloop
  endfacet
  facet normal 0 0 -1
    outer loop
      vertex 8.59999 11.8625 0
      vertex 8.407 11.9496 0
      vertex 8.57117 12.1551 0
    endloop
  endfacet
  facet normal 0 0 -1
    outer loop
      vertex 8.29291 12.2251 0
      vertex 8.57117 12.1551 0
      vertex 8.407 11.9496 0
    endloop
  endfacet
  facet normal 0 0 -1
    outer loop
      vertex 8.57117 12.1551 0
      vertex 8.29291 12.2251 0
      vertex 8.48581 12.4365 0
    endloop
  endfacet
  facet normal 0 0 -1
    outer loop
      vertex 8.13713 12.4793 0
      vertex 8.48581 12.4365 0
      vertex 8.29291 12.2251 0
    endloop
  endfacet
  facet normal 0 0 -1
    outer loop
      vertex 8.48581 12.4365 0
      vertex 8.13713 12.4793 0
      vertex 8.3472 12.6958 0
    endloop
  endfacet
  facet normal 0 0 -1
    outer loop
      vertex 7.9435 12.706 0
      vertex 8.3472 12.6958 0
      vertex 8.13713 12.4793 0
    endloop
  endfacet
  facet normal 0 0 -1
    outer loop
      vertex 8.3472 12.6958 0
      vertex 7.9435 12.706 0
      vertex 8.16064 12.9231 0
    endloop
  endfacet
  facet normal 0 0 -1
    outer loop
      vertex 7.9435 12.706 0
      vertex 7.93335 13.1097 0
      vertex 8.16064 12.9231 0
    endloop
  endfacet
  facet normal 0 0 -1
    outer loop
      vertex 7.71678 12.8996 0
      vertex 7.93335 13.1097 0
      vertex 7.9435 12.706 0
    endloop
  endfacet
  facet normal 0 0 -1
    outer loop
      vertex 7.71678 12.8996 0
      vertex 7.67401 13.2483 0
      vertex 7.93335 13.1097 0
    endloop
  endfacet
  facet normal 0 0 -1
    outer loop
      vertex 7.46257 13.0554 0
      vertex 7.67401 13.2483 0
      vertex 7.71678 12.8996 0
    endloop
  endfacet
  facet normal 0 0 -1
    outer loop
      vertex 7.46257 13.0554 0
      vertex 7.39262 13.3337 0
      vertex 7.67401 13.2483 0
    endloop
  endfacet
  facet normal 0 0 -1
    outer loop
      vertex 7.18712 13.1695 0
      vertex 7.39262 13.3337 0
      vertex 7.46257 13.0554 0
    endloop
  endfacet
  facet normal 0 0 -1
    outer loop
      vertex 7.18712 13.1695 0
      vertex 7.09999 13.3625 0
      vertex 7.39262 13.3337 0
    endloop
  endfacet
  facet normal 0 0 -1
    outer loop
      vertex 6.89722 13.2391 0
      vertex 7.09999 13.3625 0
      vertex 7.18712 13.1695 0
    endloop
  endfacet
  facet normal 0 0 -1
    outer loop
      vertex 6.59999 13.2625 0
      vertex 7.09999 13.3625 0
      vertex 6.89722 13.2391 0
    endloop
  endfacet
  facet normal 0 0 -1
    outer loop
      vertex -6.59999 13.2625 0
      vertex 7.09999 13.3625 0
      vertex 6.59999 13.2625 0
    endloop
  endfacet
  facet normal 0 0 -1
    outer loop
      vertex -6.59999 13.2625 0
      vertex -7.09999 13.3625 0
      vertex 7.09999 13.3625 0
    endloop
  endfacet
  facet normal 0 0 -1
    outer loop
      vertex -6.89722 13.2391 0
      vertex -7.09999 13.3625 0
      vertex -6.59999 13.2625 0
    endloop
  endfacet
  facet normal 0 0 -1
    outer loop
      vertex -7.18712 13.1695 0
      vertex -7.09999 13.3625 0
      vertex -6.89722 13.2391 0
    endloop
  endfacet
  facet normal 0 0 -1
    outer loop
      vertex -7.18712 13.1695 0
      vertex -7.39262 13.3337 0
      vertex -7.09999 13.3625 0
    endloop
  endfacet
  facet normal 0 0 -1
    outer loop
      vertex -7.46257 13.0554 0
      vertex -7.39262 13.3337 0
      vertex -7.18712 13.1695 0
    endloop
  endfacet
  facet normal 0 0 -1
    outer loop
      vertex -7.46257 13.0554 0
      vertex -7.67401 13.2483 0
      vertex -7.39262 13.3337 0
    endloop
  endfacet
  facet normal 0 0 -1
    outer loop
      vertex -7.71678 12.8996 0
      vertex -7.67401 13.2483 0
      vertex -7.46257 13.0554 0
    endloop
  endfacet
  facet normal 0 0 -1
    outer loop
      vertex -7.71678 12.8996 0
      vertex -7.93335 13.1097 0
      vertex -7.67401 13.2483 0
    endloop
  endfacet
  facet normal 0 0 -1
    outer loop
      vertex -7.9435 12.706 0
      vertex -7.93335 13.1097 0
      vertex -7.71678 12.8996 0
    endloop
  endfacet
  facet normal 0 0 -1
    outer loop
      vertex -8.3472 12.6958 0
      vertex -7.9435 12.706 0
      vertex -8.13713 12.4793 0
    endloop
  endfacet
  facet normal 0 0 -1
    outer loop
      vertex -7.9435 12.706 0
      vertex -8.16064 12.9231 0
      vertex -7.93335 13.1097 0
    endloop
  endfacet
  facet normal 0 0 -1
    outer loop
      vertex -8.48581 12.4365 0
      vertex -8.13713 12.4793 0
      vertex -8.29291 12.2251 0
    endloop
  endfacet
  facet normal -0 0 -1
    outer loop
      vertex -7.9435 12.706 0
      vertex -8.3472 12.6958 0
      vertex -8.16064 12.9231 0
    endloop
  endfacet
  facet normal 0 0 -1
    outer loop
      vertex -8.57117 12.1551 0
      vertex -8.29291 12.2251 0
      vertex -8.407 11.9496 0
    endloop
  endfacet
  facet normal 0 0 -1
    outer loop
      vertex -8.59999 11.8625 0
      vertex -8.407 11.9496 0
      vertex -8.47659 11.6597 0
    endloop
  endfacet
  facet normal -0 0 -1
    outer loop
      vertex -8.13713 12.4793 0
      vertex -8.48581 12.4365 0
      vertex -8.3472 12.6958 0
    endloop
  endfacet
  facet normal 0 0 -1
    outer loop
      vertex -8.59999 11.8625 0
      vertex -8.47659 11.6597 0
      vertex -8.49998 11.3625 0
    endloop
  endfacet
  facet normal -0 0 -1
    outer loop
      vertex -8.29291 12.2251 0
      vertex -8.57117 12.1551 0
      vertex -8.48581 12.4365 0
    endloop
  endfacet
  facet normal -0 0 -1
    outer loop
      vertex -8.49998 -11.3625 0
      vertex -8.59999 -11.8625 0
      vertex -8.49998 11.3625 0
    endloop
  endfacet
  facet normal 0 0 -1
    outer loop
      vertex -8.59999 11.8625 0
      vertex -8.49998 11.3625 0
      vertex -8.59999 -11.8625 0
    endloop
  endfacet
  facet normal -0 0 -1
    outer loop
      vertex -8.407 11.9496 0
      vertex -8.59999 11.8625 0
      vertex -8.57117 12.1551 0
    endloop
  endfacet
  facet normal 0.543871 0.446391 -0.710591
    outer loop
      vertex 8.3472 12.6958 0
      vertex 8.16064 12.9231 0
      vertex 8.63713 12.9793 0.4
    endloop
  endfacet
  facet normal 0.618256 -0.330492 -0.713116
    outer loop
      vertex 8.79291 -12.7251 0.4
      vertex 8.3472 -12.6958 0
      vertex 8.48581 -12.4365 0
    endloop
  endfacet
  facet normal 0.546743 0.640276 0.539554
    outer loop
      vertex 8.21678 13.3996 0.41
      vertex 6.4435 11.206 4.81
      vertex 8.4435 13.206 0.41
    endloop
  endfacet
  facet normal 0.546743 0.640276 0.539554
    outer loop
      vertex 6.4435 11.206 4.81
      vertex 8.21678 13.3996 0.41
      vertex 6.21678 11.3996 4.81
    endloop
  endfacet
  facet normal 0.0705108 0.895638 0.439159
    outer loop
      vertex 7.09999 13.7625 0.41
      vertex 5.39722 11.7391 4.81
      vertex 7.39722 13.7391 0.41
    endloop
  endfacet
  facet normal 0.0705108 0.895638 0.439159
    outer loop
      vertex 5.39722 11.7391 4.81
      vertex 7.09999 13.7625 0.41
      vertex 5.09999 11.7625 4.81
    endloop
  endfacet
  facet normal 0.233449 0.972369 -0
    outer loop
      vertex 7.68712 13.6695 0.4
      vertex 7.39722 13.7391 0.41
      vertex 7.68712 13.6695 0.41
    endloop
  endfacet
  facet normal 0.233449 0.972369 0
    outer loop
      vertex 7.39722 13.7391 0.41
      vertex 7.68712 13.6695 0.4
      vertex 7.39722 13.7391 0.4
    endloop
  endfacet
  facet normal -0.972377 0.233417 0
    outer loop
      vertex -8.97659 12.1597 0.4
      vertex -8.907 12.4496 0.41
      vertex -8.907 12.4496 0.4
    endloop
  endfacet
  facet normal -0.972377 0.233417 0
    outer loop
      vertex -8.907 12.4496 0.41
      vertex -8.97659 12.1597 0.4
      vertex -8.97659 12.1597 0.41
    endloop
  endfacet
  facet normal -0.272593 0.65807 -0.701881
    outer loop
      vertex -7.67401 13.2483 0
      vertex -7.96257 13.5554 0.4
      vertex -7.68712 13.6695 0.4
    endloop
  endfacet
  facet normal -0.0555823 0.706014 -0.706014
    outer loop
      vertex -7.09999 13.3625 0
      vertex -7.39722 13.7391 0.4
      vertex -7.09999 13.7625 0.4
    endloop
  endfacet
  facet normal 0.476472 0.517352 0.710859
    outer loop
      vertex 6.4435 11.206 4.81
      vertex 6.01294 10.8232 5.37719
      vertex 6.08801 10.7621 5.37134
    endloop
  endfacet
  facet normal 0.476162 0.517669 0.710837
    outer loop
      vertex 6.01294 10.8232 5.37719
      vertex 6.4435 11.206 4.81
      vertex 5.95695 10.8687 5.38156
    endloop
  endfacet
  facet normal 0.538986 0.460361 0.705381
    outer loop
      vertex 6.08801 10.7621 5.37134
      vertex 6.63713 10.9793 4.81
      vertex 6.4435 11.206 4.81
    endloop
  endfacet
  facet normal 0.53896 0.460405 0.705372
    outer loop
      vertex 6.63713 10.9793 4.81
      vertex 6.08801 10.7621 5.37134
      vertex 6.179 10.6668 5.36402
    endloop
  endfacet
  facet normal 0.706023 -0.0555649 -0.706006
    outer loop
      vertex 8.97659 -12.1597 0.4
      vertex 8.59999 -11.8625 0
      vertex 8.99998 -11.8625 0.4
    endloop
  endfacet
  facet normal 0.996917 -0.0784586 0
    outer loop
      vertex 8.97659 -12.1597 0.41
      vertex 8.99998 -11.8625 0.4
      vertex 8.99998 -11.8625 0.41
    endloop
  endfacet
  facet normal 0.996917 -0.0784586 0
    outer loop
      vertex 8.99998 -11.8625 0.4
      vertex 8.97659 -12.1597 0.41
      vertex 8.97659 -12.1597 0.4
    endloop
  endfacet
  facet normal 0.522547 -0.85261 0
    outer loop
      vertex 7.96257 -13.5554 0.4
      vertex 8.21678 -13.3996 0.41
      vertex 7.96257 -13.5554 0.41
    endloop
  endfacet
  facet normal 0.522547 -0.85261 0
    outer loop
      vertex 8.21678 -13.3996 0.41
      vertex 7.96257 -13.5554 0.4
      vertex 8.21678 -13.3996 0.4
    endloop
  endfacet
  facet normal 0.272593 -0.65807 -0.701881
    outer loop
      vertex 7.68712 -13.6695 0.4
      vertex 7.67401 -13.2483 0
      vertex 7.96257 -13.5554 0.4
    endloop
  endfacet
  facet normal 0.382697 -0.923874 0
    outer loop
      vertex 7.68712 -13.6695 0.4
      vertex 7.96257 -13.5554 0.41
      vertex 7.68712 -13.6695 0.41
    endloop
  endfacet
  facet normal 0.382697 -0.923874 0
    outer loop
      vertex 7.96257 -13.5554 0.41
      vertex 7.68712 -13.6695 0.4
      vertex 7.96257 -13.5554 0.4
    endloop
  endfacet
  facet normal -0.382697 -0.923874 0
    outer loop
      vertex -7.96257 -13.5554 0.4
      vertex -7.68712 -13.6695 0.41
      vertex -7.96257 -13.5554 0.41
    endloop
  endfacet
  facet normal -0.382697 -0.923874 -0
    outer loop
      vertex -7.68712 -13.6695 0.41
      vertex -7.96257 -13.5554 0.4
      vertex -7.68712 -13.6695 0.4
    endloop
  endfacet
  facet normal -0.852631 -0.522513 0
    outer loop
      vertex -8.63713 -12.9793 0.4
      vertex -8.79291 -12.7251 0.41
      vertex -8.79291 -12.7251 0.4
    endloop
  endfacet
  facet normal -0.852631 -0.522513 0
    outer loop
      vertex -8.79291 -12.7251 0.41
      vertex -8.63713 -12.9793 0.4
      vertex -8.63713 -12.9793 0.41
    endloop
  endfacet
  facet normal -0.670885 -0.203507 -0.71309
    outer loop
      vertex -8.48581 -12.4365 0
      vertex -8.907 -12.4496 0.4
      vertex -8.57117 -12.1551 0
    endloop
  endfacet
  facet normal -0.618256 -0.330492 -0.713116
    outer loop
      vertex -8.3472 -12.6958 0
      vertex -8.79291 -12.7251 0.4
      vertex -8.48581 -12.4365 0
    endloop
  endfacet
  facet normal -0.0784841 -0.996915 0
    outer loop
      vertex -7.39722 -13.7391 0.4
      vertex -7.09999 -13.7625 0.41
      vertex -7.39722 -13.7391 0.41
    endloop
  endfacet
  facet normal -0.0784841 -0.996915 -0
    outer loop
      vertex -7.09999 -13.7625 0.41
      vertex -7.39722 -13.7391 0.4
      vertex -7.09999 -13.7625 0.4
    endloop
  endfacet
  facet normal -0.203601 -0.670859 -0.713088
    outer loop
      vertex -7.39262 -13.3337 0
      vertex -7.68712 -13.6695 0.4
      vertex -7.67401 -13.2483 0
    endloop
  endfacet
  facet normal 0.382697 0.923874 -0
    outer loop
      vertex 7.96257 13.5554 0.4
      vertex 7.68712 13.6695 0.41
      vertex 7.96257 13.5554 0.41
    endloop
  endfacet
  facet normal 0.382697 0.923874 0
    outer loop
      vertex 7.68712 13.6695 0.41
      vertex 7.96257 13.5554 0.4
      vertex 7.68712 13.6695 0.4
    endloop
  endfacet
  facet normal 0.272593 0.65807 -0.701881
    outer loop
      vertex 7.96257 13.5554 0.4
      vertex 7.67401 13.2483 0
      vertex 7.68712 13.6695 0.4
    endloop
  endfacet
  facet normal -0.92391 0.382609 0
    outer loop
      vertex -8.907 12.4496 0.4
      vertex -8.79291 12.7251 0.41
      vertex -8.79291 12.7251 0.4
    endloop
  endfacet
  facet normal -0.92391 0.382609 0
    outer loop
      vertex -8.79291 12.7251 0.41
      vertex -8.907 12.4496 0.4
      vertex -8.907 12.4496 0.41
    endloop
  endfacet
  facet normal -0.852699 0.204689 0.480631
    outer loop
      vertex -8.97659 12.1597 0.41
      vertex -6.907 10.4496 4.81
      vertex -8.907 12.4496 0.41
    endloop
  endfacet
  facet normal -0.852699 0.204689 0.480631
    outer loop
      vertex -6.907 10.4496 4.81
      vertex -8.97659 12.1597 0.41
      vertex -6.97659 10.1597 4.81
    endloop
  endfacet
  facet normal -0.895644 0.0704883 0.439151
    outer loop
      vertex -8.99998 11.8625 0.41
      vertex -6.97659 10.1597 4.81
      vertex -8.97659 12.1597 0.41
    endloop
  endfacet
  facet normal -0.895644 0.0704859 0.43915
    outer loop
      vertex -6.97659 10.1597 4.81
      vertex -8.99998 11.8625 0.41
      vertex -6.99998 9.86249 4.81
    endloop
  endfacet
  facet normal -0.329042 -0.794343 0.510637
    outer loop
      vertex -7.68712 -13.6695 0.41
      vertex -7.41709 -13.0099 1.61007
      vertex -7.96257 -13.5554 0.41
    endloop
  endfacet
  facet normal -0.329069 -0.794332 0.510637
    outer loop
      vertex -7.41709 -13.0099 1.61007
      vertex -7.68712 -13.6695 0.41
      vertex -7.14642 -13.1288 1.59954
    endloop
  endfacet
  facet normal -0.442507 -0.723339 0.530064
    outer loop
      vertex -7.96257 -13.5554 0.41
      vertex -7.59361 -12.8864 1.63095
      vertex -7.65832 -12.8412 1.63861
    endloop
  endfacet
  facet normal -0.443113 -0.723002 0.530018
    outer loop
      vertex -7.96257 -13.5554 0.41
      vertex -7.65832 -12.8412 1.63861
      vertex -8.21678 -13.3996 0.41
    endloop
  endfacet
  facet normal -0.443122 -0.722974 0.530049
    outer loop
      vertex -7.59361 -12.8864 1.63095
      vertex -7.96257 -13.5554 0.41
      vertex -7.41709 -13.0099 1.61007
    endloop
  endfacet
  facet normal -0.64018 -0.54684 0.539569
    outer loop
      vertex -8.63713 -12.9793 0.41
      vertex -7.86474 -12.6272 1.68326
      vertex -8.03166 -12.3738 1.74203
    endloop
  endfacet
  facet normal -0.640201 -0.546811 0.539574
    outer loop
      vertex -7.86474 -12.6272 1.68326
      vertex -8.63713 -12.9793 0.41
      vertex -8.4435 -13.206 0.41
    endloop
  endfacet
  facet normal -0.972377 -0.233417 0
    outer loop
      vertex -8.907 -12.4496 0.4
      vertex -8.97659 -12.1597 0.41
      vertex -8.97659 -12.1597 0.4
    endloop
  endfacet
  facet normal -0.972377 -0.233417 0
    outer loop
      vertex -8.97659 -12.1597 0.41
      vertex -8.907 -12.4496 0.4
      vertex -8.907 -12.4496 0.41
    endloop
  endfacet
  facet normal -0.69163 -0.166025 -0.702911
    outer loop
      vertex -8.907 -12.4496 0.4
      vertex -8.97659 -12.1597 0.4
      vertex -8.57117 -12.1551 0
    endloop
  endfacet
  facet normal -0.522547 -0.85261 0
    outer loop
      vertex -8.21678 -13.3996 0.4
      vertex -7.96257 -13.5554 0.41
      vertex -8.21678 -13.3996 0.41
    endloop
  endfacet
  facet normal -0.522547 -0.85261 -0
    outer loop
      vertex -7.96257 -13.5554 0.41
      vertex -8.21678 -13.3996 0.4
      vertex -7.96257 -13.5554 0.4
    endloop
  endfacet
  facet normal -0.538472 -0.459922 -0.70606
    outer loop
      vertex -8.4435 -13.206 0.4
      vertex -8.63713 -12.9793 0.4
      vertex -8.16064 -12.9231 0
    endloop
  endfacet
  facet normal -0.543871 -0.446391 -0.710591
    outer loop
      vertex -8.16064 -12.9231 0
      vertex -8.63713 -12.9793 0.4
      vertex -8.3472 -12.6958 0
    endloop
  endfacet
  facet normal -0.0854254 -0.0781049 0.993278
    outer loop
      vertex -6.72006 5.24545 5.08993
      vertex -6.72933 5.1377 5.08066
      vertex -6.41418 5.44795 5.13216
    endloop
  endfacet
  facet normal -0.0636355 -0.0669349 0.995726
    outer loop
      vertex -4.82548 6.66841 5.31675
      vertex -6.1941 5.2236 5.13216
      vertex -5.96648 5.0072 5.13216
    endloop
  endfacet
  facet normal 0.0272821 -0.0875309 0.995788
    outer loop
      vertex 2.75543 3.11726 5.13216
      vertex 2.1466 5.02747 5.31675
      vertex 2.45779 3.02449 5.13216
    endloop
  endfacet
  facet normal -0.0136187 -0.0436891 0.998952
    outer loop
      vertex -0.921844 8.87019 5.54792
      vertex -1.36933 6.89421 5.4554
      vertex -0.822267 8.83915 5.54792
    endloop
  endfacet
  facet normal 0.0105837 -0.0203377 0.999737
    outer loop
      vertex 0.467024 10.8671 5.59421
      vertex 0.436086 10.851 5.59421
      vertex 1.30773 9.02913 5.54792
    endloop
  endfacet
  facet normal 0.038079 -0.057518 0.997618
    outer loop
      vertex 2.778 7.56386 5.4554
      vertex 2.63257 7.46758 5.4554
      vertex 3.88446 5.89157 5.31675
    endloop
  endfacet
  facet normal -0.0535184 -0.0749741 0.995748
    outer loop
      vertex -4.08308 6.03335 5.31675
      vertex -5.24114 4.40842 5.13216
      vertex -3.88446 5.89157 5.31675
    endloop
  endfacet
  facet normal -0.00907788 -0.0210258 0.999738
    outer loop
      vertex -0.404616 10.836 5.59421
      vertex -1.11751 8.94279 5.54792
      vertex -0.372653 10.8222 5.59421
    endloop
  endfacet
  facet normal -0.0737764 -0.27003 0.960021
    outer loop
      vertex -6.1389 -10.0627 2.57918
      vertex -6.63989 -11.8438 2.0397
      vertex -5.82771 -12.0657 2.0397
    endloop
  endfacet
  facet normal -0.00858752 -0.160726 0.986962
    outer loop
      vertex -0.447488 -1.30107 4.62606
      vertex -0.894432 -1.27719 4.62606
      vertex -0.514861 -3.26788 4.30518
    endloop
  endfacet
  facet normal -0.0424641 -0.155458 0.986929
    outer loop
      vertex -3.53428 -0.802662 4.62606
      vertex -3.569 -2.8303 4.30518
      vertex -3.10197 -0.92075 4.62606
    endloop
  endfacet
  facet normal 0.0591052 -0.298323 0.952633
    outer loop
      vertex 5.00843 -12.2585 2.0397
      vertex 4.77655 -13.1407 1.77782
      vertex 5.19526 -13.1545 1.74752
    endloop
  endfacet
  facet normal -0.00406003 -0.0455121 0.998956
    outer loop
      vertex -0.208094 8.72875 5.54792
      vertex -0.519284 6.72577 5.4554
      vertex -0.346541 6.71036 5.4554
    endloop
  endfacet
  facet normal -0.00243708 -0.0456235 0.998956
    outer loop
      vertex -0.208094 8.72875 5.54792
      vertex -0.346541 6.71036 5.4554
      vertex -0.173376 6.70111 5.4554
    endloop
  endfacet
  facet normal -0.00202848 -0.0227475 0.999739
    outer loop
      vertex -0.0693922 10.7508 5.59421
      vertex -0.311824 8.738 5.54792
      vertex -0.208094 8.72875 5.54792
    endloop
  endfacet
  facet normal -0.0329319 -0.0323045 0.998935
    outer loop
      vertex -2.1459 9.64994 5.54792
      vertex -3.45098 8.11942 5.4554
      vertex -2.07227 9.57488 5.54792
    endloop
  endfacet
  facet normal 0.0407401 -0.252331 0.966783
    outer loop
      vertex 3.54711 -8.7453 3.07606
      vertex 2.84289 -8.859 3.07606
      vertex 3.09962 -10.7213 2.57918
    endloop
  endfacet
  facet normal -0.0143021 -0.160333 0.986959
    outer loop
      vertex -0.894432 -1.27719 4.62606
      vertex -1.54208 -3.19465 4.30518
      vertex -1.02909 -3.24041 4.30518
    endloop
  endfacet
  facet normal 0.0854254 -0.0781049 0.993278
    outer loop
      vertex 6.72006 5.24545 5.08993
      vertex 6.41418 5.44795 5.13216
      vertex 6.72933 5.1377 5.08066
    endloop
  endfacet
  facet normal 0.0847867 -0.241535 0.966681
    outer loop
      vertex 7.61736 -9.57297 2.57918
      vertex 6.31228 -8.04246 3.07606
      vertex 6.88233 -9.83099 2.57918
    endloop
  endfacet
  facet normal 0.0136389 -0.255137 0.966809
    outer loop
      vertex 1.55359 -10.8869 2.57918
      vertex 0.712891 -9.04898 3.07606
      vertex 0.777269 -10.9284 2.57918
    endloop
  endfacet
  facet normal 0.0287728 -0.229854 0.9728
    outer loop
      vertex 2.58269 -6.97161 3.52971
      vertex 1.93977 -7.05209 3.52971
      vertex 2.1352 -8.94759 3.07606
    endloop
  endfacet
  facet normal 0.0637247 -0.12268 0.990398
    outer loop
      vertex 5.10602 1.97274 4.90183
      vertex 4.76777 1.79704 4.90183
      vertex 6.01966 0.221023 4.62606
    endloop
  endfacet
  facet normal 0.0636082 -0.0960793 0.993339
    outer loop
      vertex 6.08184 2.57047 4.90183
      vertex 4.98619 4.22643 5.13216
      vertex 5.76346 2.35969 4.90183
    endloop
  endfacet
  facet normal -0.0422103 -0.0193062 0.998922
    outer loop
      vertex -2.72524 10.5255 5.54792
      vertex -4.4651 9.54238 5.4554
      vertex -2.68124 10.4293 5.54792
    endloop
  endfacet
  facet normal -0.0177555 -0.0147621 0.999733
    outer loop
      vertex -0.928051 10.9831 5.58938
      vertex -2.28522 9.80768 5.54792
      vertex -0.911473 10.9828 5.58967
    endloop
  endfacet
  facet normal -0.0180936 -0.0143718 0.999733
    outer loop
      vertex -2.28522 9.80768 5.54792
      vertex -0.928051 10.9831 5.58938
      vertex -2.35075 9.89018 5.54792
    endloop
  endfacet
  facet normal -0.0109379 -0.0677396 0.997643
    outer loop
      vertex -0.691395 6.74731 5.4554
      vertex -1.20626 4.78846 5.31675
      vertex -0.966773 4.74979 5.31675
    endloop
  endfacet
  facet normal 0.0591324 -0.298329 0.952629
    outer loop
      vertex 4.18305 -12.4221 2.0397
      vertex 4.77655 -13.1407 1.77782
      vertex 5.00843 -12.2585 2.0397
    endloop
  endfacet
  facet normal 0.0591233 -0.298336 0.952628
    outer loop
      vertex 4.77655 -13.1407 1.77782
      vertex 4.18305 -12.4221 2.0397
      vertex 4.30468 -13.1252 1.81196
    endloop
  endfacet
  facet normal 0.0313032 -0.157987 0.986945
    outer loop
      vertex 2.66589 -1.02339 4.62606
      vertex 2.22655 -1.11044 4.62606
      vertex 2.56178 -3.04856 4.30518
    endloop
  endfacet
  facet normal -0.0484315 -0.300159 0.952659
    outer loop
      vertex -4.18305 -12.4221 2.0397
      vertex -3.73285 -13.1098 1.84591
      vertex -3.35257 -12.5561 2.0397
    endloop
  endfacet
  facet normal -0.0484752 -0.300185 0.952648
    outer loop
      vertex -3.73285 -13.1098 1.84591
      vertex -4.18305 -12.4221 2.0397
      vertex -4.30468 -13.1252 1.81196
    endloop
  endfacet
  facet normal 0.0329332 -0.0323035 0.998935
    outer loop
      vertex 3.57359 8.24442 5.4554
      vertex 2.1459 9.64994 5.54792
      vertex 3.45098 8.11942 5.4554
    endloop
  endfacet
  facet normal 0.0198071 -0.0120154 0.999732
    outer loop
      vertex 1.31185 10.9904 5.58211
      vertex 1.26077 10.9894 5.58311
      vertex 2.58348 10.2419 5.54792
    endloop
  endfacet
  facet normal -0.0611753 -0.174277 0.982795
    outer loop
      vertex -5.04572 -2.37005 4.30518
      vertex -5.69983 -4.20216 3.93958
      vertex -4.55883 -2.54096 4.30518
    endloop
  endfacet
  facet normal 0.00286252 -0.160922 0.986963
    outer loop
      vertex 0.447488 -1.30107 4.62606
      vertex 0 -1.30903 4.62606
      vertex 0.514861 -3.26788 4.30518
    endloop
  endfacet
  facet normal -0.0997864 -0.209891 0.972619
    outer loop
      vertex -7.58194 -5.50401 3.52971
      vertex -7.59458 -5.62687 3.5019
      vertex -7.54797 -5.52016 3.52971
    endloop
  endfacet
  facet normal 0.0531058 -0.225636 0.972763
    outer loop
      vertex 4.48944 -6.59377 3.52971
      vertex 4.24701 -8.60661 3.07606
      vertex 4.94173 -8.4431 3.07606
    endloop
  endfacet
  facet normal 0.0802299 -0.293508 0.952584
    outer loop
      vertex 6.63989 -11.8438 2.0397
      vertex 6.85401 -13.1959 1.60506
      vertex 7.00997 -13.1595 1.60314
    endloop
  endfacet
  facet normal 0.0801569 -0.29352 0.952586
    outer loop
      vertex 6.63989 -11.8438 2.0397
      vertex 6.54693 -13.2094 1.62674
      vertex 6.85401 -13.1959 1.60506
    endloop
  endfacet
  facet normal 0.0801039 -0.293518 0.952591
    outer loop
      vertex 6.54693 -13.2094 1.62674
      vertex 6.63989 -11.8438 2.0397
      vertex 6.38092 -13.202 1.64298
    endloop
  endfacet
  facet normal 0.0933219 -0.238478 0.966654
    outer loop
      vertex 6.98644 -7.80581 3.07606
      vertex 7.8542 -8.05532 2.93073
      vertex 7.65208 -7.54533 3.07606
    endloop
  endfacet
  facet normal 0.0933232 -0.238475 0.966654
    outer loop
      vertex 7.8542 -8.05532 2.93073
      vertex 6.98644 -7.80581 3.07606
      vertex 7.94826 -8.8573 2.7238
    endloop
  endfacet
  facet normal 0.0340616 -0.031157 0.998934
    outer loop
      vertex 2.21691 9.72757 5.54792
      vertex 2.1459 9.64994 5.54792
      vertex 3.69185 8.3737 5.4554
    endloop
  endfacet
  facet normal 0.012679 -0.01915 0.999736
    outer loop
      vertex 1.66816 9.24127 5.54792
      vertex 0.556277 10.9217 5.59421
      vertex 1.58083 9.18345 5.54792
    endloop
  endfacet
  facet normal 0.0162407 -0.303527 0.952684
    outer loop
      vertex 0.995025 -13.064 1.94665
      vertex 0.840702 -12.7802 2.0397
      vertex 0.850379 -13.0627 1.94953
    endloop
  endfacet
  facet normal 0.101752 -0.235129 0.966624
    outer loop
      vertex 7.78814 -7.48645 3.07606
      vertex 7.65208 -7.54533 3.07606
      vertex 7.8542 -8.05532 2.93073
    endloop
  endfacet
  facet normal -0.109105 -0.284763 0.952369
    outer loop
      vertex -8.24423 -11.3121 2.0397
      vertex -8.24572 -11.3329 2.03331
      vertex -8.23901 -11.3141 2.0397
    endloop
  endfacet
  facet normal -0.0178066 -0.0898485 0.995796
    outer loop
      vertex -1.44427 4.83563 5.31675
      vertex -1.8539 2.87099 5.13216
      vertex -1.20626 4.78846 5.31675
    endloop
  endfacet
  facet normal -0.0450463 -0.227319 0.972778
    outer loop
      vertex -3.22246 -6.86831 3.52971
      vertex -3.8583 -6.74231 3.52971
      vertex -3.54711 -8.7453 3.07606
    endloop
  endfacet
  facet normal -0.102121 -0.260964 0.959932
    outer loop
      vertex -8.23168 -11.0942 2.10027
      vertex -7.61736 -9.57297 2.57918
      vertex -8.01399 -9.41776 2.57918
    endloop
  endfacet
  facet normal -0.102016 -0.261006 0.959932
    outer loop
      vertex -8.23168 -11.0942 2.10027
      vertex -8.23901 -11.3141 2.0397
      vertex -7.61736 -9.57297 2.57918
    endloop
  endfacet
  facet normal -0.100948 -0.261068 0.960028
    outer loop
      vertex -8.23901 -11.3141 2.0397
      vertex -8.23168 -11.0942 2.10027
      vertex -8.24153 -11.2651 2.05276
    endloop
  endfacet
  facet normal -0.000407876 -0.0228301 0.999739
    outer loop
      vertex 0 10.7484 5.59421
      vertex -0.10411 8.7232 5.54792
      vertex 0 8.72134 5.54792
    endloop
  endfacet
  facet normal -0.0262748 -0.111632 0.993402
    outer loop
      vertex -1.8539 2.87099 5.13216
      vertex -2.63117 1.00426 4.90183
      vertex -2.26127 0.917197 4.90183
    endloop
  endfacet
  facet normal -0.0587182 -0.0711291 0.995737
    outer loop
      vertex -4.46516 6.33766 5.31675
      vertex -5.73159 4.79904 5.13216
      vertex -4.27672 6.1821 5.31675
    endloop
  endfacet
  facet normal -0.0548471 -0.126744 0.990418
    outer loop
      vertex -4.42371 1.63348 4.90183
      vertex -4.80328 -0.357212 4.62606
      vertex -4.07426 1.48226 4.90183
    endloop
  endfacet
  facet normal 0.0364606 -0.0842522 0.995777
    outer loop
      vertex 3.62677 3.45824 5.13216
      vertex 2.60222 5.19653 5.31675
      vertex 3.34028 3.33426 5.13216
    endloop
  endfacet
  facet normal -0.0759331 -0.194043 0.97805
    outer loop
      vertex -5.69983 -4.20216 3.93958
      vertex -6.95172 -5.77817 3.52971
      vertex -6.347 -6.01481 3.52971
    endloop
  endfacet
  facet normal -0.0363294 -0.133003 0.99045
    outer loop
      vertex -2.99786 1.10442 4.90183
      vertex -3.53428 -0.802662 4.62606
      vertex -2.63117 1.00426 4.90183
    endloop
  endfacet
  facet normal -0.0496939 -0.250781 0.966768
    outer loop
      vertex -4.24701 -8.60661 3.07606
      vertex -4.63054 -10.4461 2.57918
      vertex -3.54711 -8.7453 3.07606
    endloop
  endfacet
  facet normal -0.089555 -0.18836 0.978008
    outer loop
      vertex -7.49389 -4.54019 3.7234
      vertex -7.54797 -5.52016 3.52971
      vertex -6.77834 -3.75794 3.93958
    endloop
  endfacet
  facet normal -0.0895502 -0.18836 0.978009
    outer loop
      vertex -7.54797 -5.52016 3.52971
      vertex -7.49389 -4.54019 3.7234
      vertex -7.58194 -5.50401 3.52971
    endloop
  endfacet
  facet normal 0.0587173 -0.0711301 0.995737
    outer loop
      vertex 5.73159 4.79904 5.13216
      vertex 4.27672 6.1821 5.31675
      vertex 5.48971 4.59937 5.13216
    endloop
  endfacet
  facet normal 0.0587954 -0.150246 0.986899
    outer loop
      vertex 4.80328 -0.357212 4.62606
      vertex 4.38545 -0.52072 4.62606
      vertex 5.04572 -2.37005 4.30518
    endloop
  endfacet
  facet normal 0.0358547 -0.18094 0.98284
    outer loop
      vertex 3.06726 -2.94839 4.30518
      vertex 2.89388 -4.96863 3.93958
      vertex 3.46489 -4.85548 3.93958
    endloop
  endfacet
  facet normal 0.0178066 -0.0898485 0.995796
    outer loop
      vertex 1.44427 4.83563 5.31675
      vertex 1.20626 4.78846 5.31675
      vertex 1.8539 2.87099 5.13216
    endloop
  endfacet
  facet normal -0.0180942 -0.0662473 0.997639
    outer loop
      vertex -1.36933 6.89421 5.4554
      vertex -1.91473 4.9552 5.31675
      vertex -1.68052 4.89123 5.31675
    endloop
  endfacet
  facet normal -0.00734705 -0.137509 0.990473
    outer loop
      vertex -0.37957 0.681661 4.90183
      vertex -0.894432 -1.27719 4.62606
      vertex -0.447488 -1.30107 4.62606
    endloop
  endfacet
  facet normal 0.0347478 -0.277503 0.960096
    outer loop
      vertex 3.09962 -10.7213 2.57918
      vertex 2.51801 -12.6606 2.0397
      vertex 3.35257 -12.5561 2.0397
    endloop
  endfacet
  facet normal -0.0833177 -0.267338 0.959994
    outer loop
      vertex -6.1389 -10.0627 2.57918
      vertex -7.44398 -11.5932 2.0397
      vertex -6.63989 -11.8438 2.0397
    endloop
  endfacet
  facet normal -0.064104 -0.272402 0.960046
    outer loop
      vertex -4.63054 -10.4461 2.57918
      vertex -5.82771 -12.0657 2.0397
      vertex -5.00843 -12.2585 2.0397
    endloop
  endfacet
  facet normal 0.0479693 -0.153907 0.98692
    outer loop
      vertex 3.96228 -0.669264 4.62606
      vertex 3.53428 -0.802662 4.62606
      vertex 4.55883 -2.54096 4.30518
    endloop
  endfacet
  facet normal 0.0927879 -0.264311 0.959964
    outer loop
      vertex 7.61736 -9.57297 2.57918
      vertex 7.44398 -11.5932 2.0397
      vertex 8.23901 -11.3141 2.0397
    endloop
  endfacet
  facet normal 0.0737561 -0.270028 0.960023
    outer loop
      vertex 6.1389 -10.0627 2.57918
      vertex 5.38801 -10.2678 2.57918
      vertex 5.82771 -12.0657 2.0397
    endloop
  endfacet
  facet normal 0.0214303 -0.00891616 0.999731
    outer loop
      vertex 1.80186 11.0005 5.57195
      vertex 2.72524 10.5255 5.54792
      vertex 2.76593 10.6233 5.54792
    endloop
  endfacet
  facet normal 0.0214436 -0.0088904 0.999731
    outer loop
      vertex 2.72524 10.5255 5.54792
      vertex 1.80186 11.0005 5.57195
      vertex 1.68427 10.998 5.57445
    endloop
  endfacet
  facet normal -0.0185202 -0.013831 0.999733
    outer loop
      vertex -1.04931 10.9853 5.58718
      vertex -2.35075 9.89018 5.54792
      vertex -1.02472 10.9849 5.58763
    endloop
  endfacet
  facet normal -0.0185924 -0.0137452 0.999733
    outer loop
      vertex -2.35075 9.89018 5.54792
      vertex -1.04931 10.9853 5.58718
      vertex -2.41342 9.97495 5.54792
    endloop
  endfacet
  facet normal -0.0381509 -0.0262032 0.998928
    outer loop
      vertex -2.47314 10.0619 5.54792
      vertex -4.0191 8.78568 5.4554
      vertex -2.41342 9.97495 5.54792
    endloop
  endfacet
  facet normal 0.0225787 -0.039958 0.998946
    outer loop
      vertex 1.49157 9.12878 5.54792
      vertex 1.4005 9.07732 5.54792
      vertex 2.48394 7.37654 5.4554
    endloop
  endfacet
  facet normal -0.00118377 -0.0228037 0.999739
    outer loop
      vertex -0.0693922 10.7508 5.59421
      vertex -0.10411 8.7232 5.54792
      vertex -0.0347176 10.749 5.59421
    endloop
  endfacet
  facet normal 0.0152972 -0.0172113 0.999735
    outer loop
      vertex 0.691849 10.9792 5.5933
      vertex 0.645967 10.9785 5.59399
      vertex 1.99612 9.50248 5.54792
    endloop
  endfacet
  facet normal -0.0020385 -0.0227463 0.999739
    outer loop
      vertex -0.103983 10.7539 5.59421
      vertex -0.311824 8.738 5.54792
      vertex -0.0693922 10.7508 5.59421
    endloop
  endfacet
  facet normal 0.0317429 -0.253574 0.966795
    outer loop
      vertex 2.84289 -8.859 3.07606
      vertex 2.1352 -8.94759 3.07606
      vertex 3.09962 -10.7213 2.57918
    endloop
  endfacet
  facet normal 0.0410409 -0.131677 0.990443
    outer loop
      vertex 3.96228 -0.669264 4.62606
      vertex 3.3609 1.21757 4.90183
      vertex 3.53428 -0.802662 4.62606
    endloop
  endfacet
  facet normal -0.0422099 -0.0193068 0.998922
    outer loop
      vertex -2.72524 10.5255 5.54792
      vertex -4.53838 9.70259 5.4554
      vertex -4.4651 9.54238 5.4554
    endloop
  endfacet
  facet normal -0.0764382 -0.115475 0.990365
    outer loop
      vertex -7.07513 1.02251 4.64468
      vertex -6.79474 0.677213 4.62606
      vertex -5.76346 2.35969 4.90183
    endloop
  endfacet
  facet normal -0.0764635 -0.115495 0.990361
    outer loop
      vertex -6.79474 0.677213 4.62606
      vertex -7.07513 1.02251 4.64468
      vertex -7.08359 0.868446 4.62606
    endloop
  endfacet
  facet normal -0.0445365 -0.013361 0.998918
    outer loop
      vertex -2.86759 10.9242 5.54792
      vertex -4.72473 10.1975 5.4554
      vertex -2.83714 10.8227 5.54792
    endloop
  endfacet
  facet normal -0.037193 -0.0274966 0.99893
    outer loop
      vertex -2.41342 9.97495 5.54792
      vertex -4.0191 8.78568 5.4554
      vertex -2.35075 9.89018 5.54792
    endloop
  endfacet
  facet normal -0.0459975 -0.00716364 0.998916
    outer loop
      vertex -4.48221 11.0967 5.47582
      vertex -4.8924 10.8831 5.4554
      vertex -3.8619 11.0683 5.50418
    endloop
  endfacet
  facet normal -0.0460054 -0.00714849 0.998916
    outer loop
      vertex -4.8924 10.8831 5.4554
      vertex -4.48221 11.0967 5.47582
      vertex -4.91953 11.0577 5.4554
    endloop
  endfacet
  facet normal -0.0511329 -0.0467714 0.997596
    outer loop
      vertex -3.69185 8.3737 5.4554
      vertex -5.16229 7.02397 5.31675
      vertex -4.99693 6.84319 5.31675
    endloop
  endfacet
  facet normal 0.0457002 -0.130191 0.990435
    outer loop
      vertex 3.71985 1.34357 4.90183
      vertex 3.3609 1.21757 4.90183
      vertex 3.96228 -0.669264 4.62606
    endloop
  endfacet
  facet normal 0.0164608 -0.0161472 0.999734
    outer loop
      vertex 0.74674 10.98 5.59244
      vertex 2.07227 9.57488 5.54792
      vertex 2.1459 9.64994 5.54792
    endloop
  endfacet
  facet normal 0.0164852 -0.0161243 0.999734
    outer loop
      vertex 2.07227 9.57488 5.54792
      vertex 0.74674 10.98 5.59244
      vertex 0.741282 10.98 5.59253
    endloop
  endfacet
  facet normal -0.0883268 -0.106998 0.990328
    outer loop
      vertex -6.90815 3.20049 4.90183
      vertex -6.95421 2.8122 4.85577
      vertex -6.696 3.02536 4.90183
    endloop
  endfacet
  facet normal -0.0250553 -0.0640284 0.997633
    outer loop
      vertex -1.861 7.0668 5.4554
      vertex -2.60222 5.19653 5.31675
      vertex -1.69911 7.00345 5.4554
    endloop
  endfacet
  facet normal 0.00609496 -0.0683233 0.997645
    outer loop
      vertex 0.519284 6.72577 5.4554
      vertex 0.346541 6.71036 5.4554
      vertex 0.484567 4.69813 5.31675
    endloop
  endfacet
  facet normal -0.0586353 -0.0373501 0.997581
    outer loop
      vertex -4.213 9.07874 5.4554
      vertex -5.75895 7.80251 5.31675
      vertex -4.11856 8.93048 5.4554
    endloop
  endfacet
  facet normal -0.0794096 -0.167041 0.982747
    outer loop
      vertex -6.46715 -1.75495 4.30518
      vertex -6.77834 -3.75794 3.93958
      vertex -6.00046 -1.97681 4.30518
    endloop
  endfacet
  facet normal -0.0659749 -0.0647179 0.99572
    outer loop
      vertex -4.99693 6.84319 5.31675
      vertex -6.41418 5.44795 5.13216
      vertex -4.82548 6.66841 5.31675
    endloop
  endfacet
  facet normal -0.0494367 -0.0484948 0.997599
    outer loop
      vertex -3.45098 8.11942 5.4554
      vertex -4.99693 6.84319 5.31675
      vertex -4.82548 6.66841 5.31675
    endloop
  endfacet
  facet normal -0.0883196 -0.107006 0.990328
    outer loop
      vertex -6.95421 2.8122 4.85577
      vertex -6.97158 2.66578 4.8384
      vertex -6.696 3.02536 4.90183
    endloop
  endfacet
  facet normal -0.0315785 -0.134166 0.990456
    outer loop
      vertex -2.63117 1.00426 4.90183
      vertex -2.66589 -1.02339 4.62606
      vertex -2.26127 0.917197 4.90183
    endloop
  endfacet
  facet normal -0.0256666 -0.158963 0.986951
    outer loop
      vertex -2.22655 -1.11044 4.62606
      vertex -2.56178 -3.04856 4.30518
      vertex -2.05318 -3.13068 4.30518
    endloop
  endfacet
  facet normal -0.0486332 -0.178043 0.98282
    outer loop
      vertex -3.569 -2.8303 4.30518
      vertex -4.59355 -4.5686 3.93958
      vertex -4.03167 -4.72208 3.93958
    endloop
  endfacet
  facet normal 0.0341486 -0.109561 0.993393
    outer loop
      vertex 2.75543 3.11726 5.13216
      vertex 2.45779 3.02449 5.13216
      vertex 3.3609 1.21757 4.90183
    endloop
  endfacet
  facet normal 0.0016308 -0.0915175 0.995802
    outer loop
      vertex 0.242431 4.68519 5.31675
      vertex 0 4.68087 5.31675
      vertex 0.31119 2.67789 5.13216
    endloop
  endfacet
  facet normal 0.0315786 -0.134166 0.990456
    outer loop
      vertex 3.10197 -0.92075 4.62606
      vertex 2.63117 1.00426 4.90183
      vertex 2.66589 -1.02339 4.62606
    endloop
  endfacet
  facet normal 0.0682362 -0.0624197 0.995715
    outer loop
      vertex 6.62645 5.68 5.13216
      vertex 5.16229 7.02397 5.31675
      vertex 6.41418 5.44795 5.13216
    endloop
  endfacet
  facet normal 0.0182691 -0.113159 0.993409
    outer loop
      vertex 1.54838 2.81045 5.13216
      vertex 1.24097 2.76082 5.13216
      vertex 1.51366 0.78281 4.90183
    endloop
  endfacet
  facet normal -0.0163796 -0.183629 0.982859
    outer loop
      vertex -1.54208 -3.19465 4.30518
      vertex -1.74199 -5.13366 3.93958
      vertex -1.1625 -5.18535 3.93958
    endloop
  endfacet
  facet normal 0.0534155 -0.152169 0.98691
    outer loop
      vertex 4.38545 -0.52072 4.62606
      vertex 3.96228 -0.669264 4.62606
      vertex 4.55883 -2.54096 4.30518
    endloop
  endfacet
  facet normal 0.0852985 -0.164219 0.982729
    outer loop
      vertex 6.92597 -1.51663 4.30518
      vertex 6.46715 -1.75495 4.30518
      vertex 7.30554 -3.50732 3.93958
    endloop
  endfacet
  facet normal 0.0315785 -0.134166 0.990456
    outer loop
      vertex 2.63117 1.00426 4.90183
      vertex 2.26127 0.917197 4.90183
      vertex 2.66589 -1.02339 4.62606
    endloop
  endfacet
  facet normal 0.0024498 -0.137677 0.990474
    outer loop
      vertex 0 0.674907 4.90183
      vertex 0 -1.30903 4.62606
      vertex 0.37957 0.681661 4.90183
    endloop
  endfacet
  facet normal 0.00813135 -0.0911832 0.995801
    outer loop
      vertex 0.726112 4.71967 5.31675
      vertex 0.484567 4.69813 5.31675
      vertex 0.932055 2.72215 5.13216
    endloop
  endfacet
  facet normal -0.00609279 -0.0683232 0.997645
    outer loop
      vertex -0.519284 6.72577 5.4554
      vertex -0.726112 4.71967 5.31675
      vertex -0.484567 4.69813 5.31675
    endloop
  endfacet
  facet normal 0.0143021 -0.160333 0.986959
    outer loop
      vertex 1.54208 -3.19465 4.30518
      vertex 0.894432 -1.27719 4.62606
      vertex 1.02909 -3.24041 4.30518
    endloop
  endfacet
  facet normal -0.031308 -0.157987 0.986945
    outer loop
      vertex -2.66589 -1.02339 4.62606
      vertex -3.06726 -2.94839 4.30518
      vertex -2.56178 -3.04856 4.30518
    endloop
  endfacet
  facet normal 0.0229012 -0.182956 0.982854
    outer loop
      vertex 2.05318 -3.13068 4.30518
      vertex 1.74199 -5.13366 3.93958
      vertex 2.31935 -5.06139 3.93958
    endloop
  endfacet
  facet normal -0.0591052 -0.298323 0.952633
    outer loop
      vertex -5.00843 -12.2585 2.0397
      vertex -5.19526 -13.1545 1.74752
      vertex -4.77655 -13.1407 1.77782
    endloop
  endfacet
  facet normal -0.0696806 -0.296099 0.952612
    outer loop
      vertex -5.82771 -12.0657 2.0397
      vertex -5.73683 -13.1755 1.70139
      vertex -5.00843 -12.2585 2.0397
    endloop
  endfacet
  facet normal -0.0696821 -0.296099 0.952612
    outer loop
      vertex -5.73683 -13.1755 1.70139
      vertex -5.82771 -12.0657 2.0397
      vertex -6.10261 -13.1897 1.67022
    endloop
  endfacet
  facet normal -0.018471 -0.207076 0.97815
    outer loop
      vertex -1.74199 -5.13366 3.93958
      vertex -1.93977 -7.05209 3.52971
      vertex -1.1625 -5.18535 3.93958
    endloop
  endfacet
  facet normal -0.0347478 -0.277503 0.960096
    outer loop
      vertex -3.09962 -10.7213 2.57918
      vertex -3.35257 -12.5561 2.0397
      vertex -2.51801 -12.6606 2.0397
    endloop
  endfacet
  facet normal -0.0248162 -0.278528 0.960107
    outer loop
      vertex -2.32802 -10.8179 2.57918
      vertex -2.51801 -12.6606 2.0397
      vertex -1.55359 -10.8869 2.57918
    endloop
  endfacet
  facet normal 0.0696821 -0.296099 0.952612
    outer loop
      vertex 5.82771 -12.0657 2.0397
      vertex 5.73683 -13.1755 1.70139
      vertex 6.10261 -13.1897 1.67022
    endloop
  endfacet
  facet normal 0.0696806 -0.296099 0.952612
    outer loop
      vertex 5.73683 -13.1755 1.70139
      vertex 5.82771 -12.0657 2.0397
      vertex 5.00843 -12.2585 2.0397
    endloop
  endfacet
  facet normal 0.084786 -0.241535 0.966681
    outer loop
      vertex 6.98644 -7.80581 3.07606
      vertex 6.31228 -8.04246 3.07606
      vertex 7.61736 -9.57297 2.57918
    endloop
  endfacet
  facet normal 0.100854 -0.287287 0.95252
    outer loop
      vertex 7.44398 -11.5932 2.0397
      vertex 8.14294 -12.1118 1.80928
      vertex 8.23901 -11.3141 2.0397
    endloop
  endfacet
  facet normal 0.10083 -0.287316 0.952514
    outer loop
      vertex 8.14294 -12.1118 1.80928
      vertex 7.44398 -11.5932 2.0397
      vertex 8.03166 -12.3738 1.74203
    endloop
  endfacet
  facet normal 0.100819 -0.287324 0.952513
    outer loop
      vertex 8.03166 -12.3738 1.74203
      vertex 7.44398 -11.5932 2.0397
      vertex 7.86474 -12.6272 1.68326
    endloop
  endfacet
  facet normal 0.100942 -0.287275 0.952515
    outer loop
      vertex 7.86474 -12.6272 1.68326
      vertex 7.44398 -11.5932 2.0397
      vertex 7.79602 -12.6977 1.66928
    endloop
  endfacet
  facet normal 0.0893537 -0.289429 0.95302
    outer loop
      vertex 7.79602 -12.6977 1.66928
      vertex 7.59361 -12.8864 1.63095
      vertex 7.65832 -12.8412 1.63861
    endloop
  endfacet
  facet normal 0.0905368 -0.290603 0.952551
    outer loop
      vertex 7.44398 -11.5932 2.0397
      vertex 7.59361 -12.8864 1.63095
      vertex 7.79602 -12.6977 1.66928
    endloop
  endfacet
  facet normal 0.0905672 -0.290599 0.952549
    outer loop
      vertex 7.59361 -12.8864 1.63095
      vertex 7.44398 -11.5932 2.0397
      vertex 6.63989 -11.8438 2.0397
    endloop
  endfacet
  facet normal 0.0801976 -0.293533 0.952579
    outer loop
      vertex 5.82771 -12.0657 2.0397
      vertex 6.38092 -13.202 1.64298
      vertex 6.63989 -11.8438 2.0397
    endloop
  endfacet
  facet normal 0.0802641 -0.293502 0.952583
    outer loop
      vertex 6.38092 -13.202 1.64298
      vertex 5.82771 -12.0657 2.0397
      vertex 6.10261 -13.1897 1.67022
    endloop
  endfacet
  facet normal 0.0674015 -0.246763 0.966729
    outer loop
      vertex 6.1389 -10.0627 2.57918
      vertex 4.94173 -8.4431 3.07606
      vertex 5.38801 -10.2678 2.57918
    endloop
  endfacet
  facet normal 0.0543942 -0.274425 0.960069
    outer loop
      vertex 5.00843 -12.2585 2.0397
      vertex 3.86744 -10.5973 2.57918
      vertex 4.18305 -12.4221 2.0397
    endloop
  endfacet
  facet normal 0.00411849 -0.231548 0.972815
    outer loop
      vertex 0 -7.15572 3.52971
      vertex 0 -9.06166 3.07606
      vertex 0.712891 -9.04898 3.07606
    endloop
  endfacet
  facet normal -0.0905148 -0.290605 0.952552
    outer loop
      vertex -6.63989 -11.8438 2.0397
      vertex -7.14642 -13.1288 1.59954
      vertex -7.00997 -13.1595 1.60314
    endloop
  endfacet
  facet normal -0.090587 -0.290577 0.952554
    outer loop
      vertex -6.63989 -11.8438 2.0397
      vertex -7.41709 -13.0099 1.61007
      vertex -7.14642 -13.1288 1.59954
    endloop
  endfacet
  facet normal -0.0906123 -0.290561 0.952556
    outer loop
      vertex -7.41709 -13.0099 1.61007
      vertex -6.63989 -11.8438 2.0397
      vertex -7.59361 -12.8864 1.63095
    endloop
  endfacet
  facet normal 0.0445958 -0.276142 0.960082
    outer loop
      vertex 3.86744 -10.5973 2.57918
      vertex 3.09962 -10.7213 2.57918
      vertex 3.35257 -12.5561 2.0397
    endloop
  endfacet
  facet normal 0.0445546 -0.276132 0.960086
    outer loop
      vertex 3.86744 -10.5973 2.57918
      vertex 3.35257 -12.5561 2.0397
      vertex 4.18305 -12.4221 2.0397
    endloop
  endfacet
  facet normal -0.00525961 -0.0222442 0.999739
    outer loop
      vertex -0.240661 10.7785 5.59421
      vertex -0.620232 8.7878 5.54792
      vertex -0.206827 10.7705 5.59421
    endloop
  endfacet
  facet normal 0.0075639 -0.0215946 0.999738
    outer loop
      vertex 0.340237 10.8095 5.59421
      vertex 0.307405 10.798 5.59421
      vertex 0.921844 8.87019 5.54792
    endloop
  endfacet
  facet normal 0.00282791 -0.0226654 0.999739
    outer loop
      vertex 0.138447 10.7582 5.59421
      vertex 0.103983 10.7539 5.59421
      vertex 0.415174 8.75094 5.54792
    endloop
  endfacet
  facet normal -0.0661043 -0.0223181 0.997563
    outer loop
      vertex -6.49037 9.35815 5.31962
      vertex -4.66828 10.0303 5.4554
      vertex -4.72473 10.1975 5.4554
    endloop
  endfacet
  facet normal -0.0655046 -0.0239442 0.997565
    outer loop
      vertex -4.66828 10.0303 5.4554
      vertex -6.49037 9.35815 5.31962
      vertex -6.49046 9.35423 5.31952
    endloop
  endfacet
  facet normal 0.0305536 -0.0344803 0.998938
    outer loop
      vertex 1.99612 9.50248 5.54792
      vertex 1.91753 9.43284 5.54792
      vertex 3.32416 7.99886 5.4554
    endloop
  endfacet
  facet normal 0.00368169 -0.0225477 0.999739
    outer loop
      vertex 0.172743 10.7638 5.59421
      vertex 0.138447 10.7582 5.59421
      vertex 0.415174 8.75094 5.54792
    endloop
  endfacet
  facet normal 0.0287735 -0.229854 0.9728
    outer loop
      vertex 2.58269 -6.97161 3.52971
      vertex 2.1352 -8.94759 3.07606
      vertex 2.84289 -8.859 3.07606
    endloop
  endfacet
  facet normal 0.0922333 -0.213133 0.97266
    outer loop
      vertex 7.69489 -6.59062 3.2812
      vertex 7.65208 -7.54533 3.07606
      vertex 7.78814 -7.48645 3.07606
    endloop
  endfacet
  facet normal 0.0922473 -0.213133 0.972659
    outer loop
      vertex 7.65208 -7.54533 3.07606
      vertex 7.69489 -6.59062 3.2812
      vertex 6.95172 -5.77817 3.52971
    endloop
  endfacet
  facet normal 0.0833177 -0.267338 0.959994
    outer loop
      vertex 7.44398 -11.5932 2.0397
      vertex 6.1389 -10.0627 2.57918
      vertex 6.63989 -11.8438 2.0397
    endloop
  endfacet
  facet normal 0.0768556 -0.218941 0.972706
    outer loop
      vertex 6.347 -6.01481 3.52971
      vertex 5.73455 -6.2298 3.52971
      vertex 6.31228 -8.04246 3.07606
    endloop
  endfacet
  facet normal 0.0476666 -0.202533 0.978115
    outer loop
      vertex 4.03167 -4.72208 3.93958
      vertex 3.8583 -6.74231 3.52971
      vertex 4.48944 -6.59377 3.52971
    endloop
  endfacet
  facet normal 0.0503037 -0.128546 0.990427
    outer loop
      vertex 4.80328 -0.357212 4.62606
      vertex 3.71985 1.34357 4.90183
      vertex 4.38545 -0.52072 4.62606
    endloop
  endfacet
  facet normal -0.0675287 -0.0177441 0.99756
    outer loop
      vertex -6.44518 10.1243 5.33806
      vertex -4.77543 10.3665 5.4554
      vertex -4.82031 10.5373 5.4554
    endloop
  endfacet
  facet normal -0.0685853 -0.0177464 0.997487
    outer loop
      vertex -6.4501 10.0961 5.33722
      vertex -6.44518 10.1243 5.33806
      vertex -6.44653 10.1194 5.33788
    endloop
  endfacet
  facet normal -0.0675005 -0.0179378 0.997558
    outer loop
      vertex -6.44518 10.1243 5.33806
      vertex -6.4501 10.0961 5.33722
      vertex -4.77543 10.3665 5.4554
    endloop
  endfacet
  facet normal -0.0460447 -0.00670831 0.998917
    outer loop
      vertex -4.60735 11.1024 5.47009
      vertex -4.91953 11.0577 5.4554
      vertex -4.48221 11.0967 5.47582
    endloop
  endfacet
  facet normal -0.0434794 -0.0163695 0.99892
    outer loop
      vertex -2.80324 10.7224 5.54792
      vertex -4.66828 10.0303 5.4554
      vertex -2.76593 10.6233 5.54792
    endloop
  endfacet
  facet normal -0.0694189 -0.00836767 0.997553
    outer loop
      vertex -5.09999 11.129 5.44344
      vertex -4.91953 11.0577 5.4554
      vertex -4.92669 11.1171 5.4554
    endloop
  endfacet
  facet normal -0.0693301 -0.00814153 0.997561
    outer loop
      vertex -5.21124 11.128 5.4357
      vertex -4.91953 11.0577 5.4554
      vertex -5.09999 11.129 5.44344
    endloop
  endfacet
  facet normal -0.0693921 -0.00840032 0.997554
    outer loop
      vertex -5.39416 11.1107 5.42283
      vertex -4.91953 11.0577 5.4554
      vertex -5.21124 11.128 5.4357
    endloop
  endfacet
  facet normal -0.0694713 -0.00811871 0.997551
    outer loop
      vertex -5.62238 11.0534 5.40647
      vertex -5.39416 11.1107 5.42283
      vertex -5.5088 11.0915 5.41469
    endloop
  endfacet
  facet normal -0.0693947 -0.00842436 0.997554
    outer loop
      vertex -5.39416 11.1107 5.42283
      vertex -5.62238 11.0534 5.40647
      vertex -4.91953 11.0577 5.4554
    endloop
  endfacet
  facet normal -0.0693954 -0.00832899 0.997554
    outer loop
      vertex -5.78141 10.9807 5.3948
      vertex -4.91953 11.0577 5.4554
      vertex -5.62238 11.0534 5.40647
    endloop
  endfacet
  facet normal -0.0672705 -0.0122932 0.997659
    outer loop
      vertex -5.89872 10.9174 5.38611
      vertex -5.78141 10.9807 5.3948
      vertex -5.89155 10.9228 5.38666
    endloop
  endfacet
  facet normal -0.0693941 -0.00834327 0.997554
    outer loop
      vertex -5.78141 10.9807 5.3948
      vertex -5.89872 10.9174 5.38611
      vertex -4.91953 11.0577 5.4554
    endloop
  endfacet
  facet normal -0.0633625 -0.028982 0.99757
    outer loop
      vertex -4.53838 9.70259 5.4554
      vertex -6.34599 8.88214 5.31675
      vertex -4.4651 9.54238 5.4554
    endloop
  endfacet
  facet normal -0.0683572 -0.0143422 0.997558
    outer loop
      vertex -6.35115 10.3796 5.34843
      vertex -4.85932 10.7095 5.4554
      vertex -6.34747 10.3871 5.34879
    endloop
  endfacet
  facet normal -0.0683051 -0.0153721 0.997546
    outer loop
      vertex -6.43648 10.1559 5.33914
      vertex -6.35115 10.3796 5.34843
      vertex -6.40933 10.2546 5.34252
    endloop
  endfacet
  facet normal -0.0681131 -0.0154458 0.997558
    outer loop
      vertex -6.35115 10.3796 5.34843
      vertex -6.43648 10.1559 5.33914
      vertex -4.85932 10.7095 5.4554
    endloop
  endfacet
  facet normal -0.0799417 -0.0471974 0.995682
    outer loop
      vertex -6.56075 7.72 5.24924
      vertex -6.56803 7.57854 5.24195
      vertex -5.89101 8.00981 5.31675
    endloop
  endfacet
  facet normal -0.0796464 -0.083776 0.993297
    outer loop
      vertex -6.77636 4.60893 5.03363
      vertex -5.96648 5.0072 5.13216
      vertex -6.1941 5.2236 5.13216
    endloop
  endfacet
  facet normal -0.0796338 -0.0838015 0.993295
    outer loop
      vertex -5.96648 5.0072 5.13216
      vertex -6.77636 4.60893 5.03363
      vertex -6.79844 4.36808 5.01154
    endloop
  endfacet
  facet normal -0.00983767 -0.0206951 0.999737
    outer loop
      vertex -0.404616 10.836 5.59421
      vertex -1.30773 9.02913 5.54792
      vertex -1.21336 8.98427 5.54792
    endloop
  endfacet
  facet normal -0.0443794 -0.0116518 0.998947
    outer loop
      vertex -2.90008 11.0248 5.54765
      vertex -2.86759 10.9242 5.54792
      vertex -2.89395 11.0246 5.54792
    endloop
  endfacet
  facet normal -0.0449794 -0.0118457 0.998918
    outer loop
      vertex -2.86759 10.9242 5.54792
      vertex -2.90008 11.0248 5.54765
      vertex -4.77543 10.3665 5.4554
    endloop
  endfacet
  facet normal -0.0816019 -0.0443698 0.995677
    outer loop
      vertex -6.53594 8.2197 5.27404
      vertex -6.01589 8.22169 5.31675
      vertex -6.13344 8.43788 5.31675
    endloop
  endfacet
  facet normal -0.0816019 -0.0443622 0.995677
    outer loop
      vertex -6.01589 8.22169 5.31675
      vertex -6.53594 8.2197 5.27404
      vertex -6.54591 8.01427 5.26407
    endloop
  endfacet
  facet normal 0.0220613 -0.00740306 0.999729
    outer loop
      vertex 2.55067 11.0169 5.5556
      vertex 2.53011 11.0164 5.55605
      vertex 2.86759 10.9242 5.54792
    endloop
  endfacet
  facet normal -0.0882734 -0.0751084 0.993261
    outer loop
      vertex -6.68585 5.64362 5.12413
      vertex -6.68748 5.62398 5.1225
      vertex -6.62645 5.68 5.13216
    endloop
  endfacet
  facet normal -0.0725125 -0.0575985 0.995703
    outer loop
      vertex -6.65376 6.11283 5.15622
      vertex -5.32137 7.21052 5.31675
      vertex -5.47396 7.40262 5.31675
    endloop
  endfacet
  facet normal -0.0725489 -0.0575543 0.995703
    outer loop
      vertex -5.32137 7.21052 5.31675
      vertex -6.65376 6.11283 5.15622
      vertex -6.65653 6.0684 5.15345
    endloop
  endfacet
  facet normal -0.0530228 -0.102078 0.993362
    outer loop
      vertex -4.18617 3.73638 5.13216
      vertex -4.76777 1.79704 4.90183
      vertex -3.90885 3.59233 5.13216
    endloop
  endfacet
  facet normal -0.0394361 -0.0829528 0.995773
    outer loop
      vertex -3.04517 5.39758 5.31675
      vertex -3.62677 3.45824 5.13216
      vertex -2.82542 5.29311 5.31675
    endloop
  endfacet
  facet normal -0.076424 -0.0524905 0.995693
    outer loop
      vertex -6.58679 7.23326 5.2232
      vertex -5.61988 7.60003 5.31675
      vertex -5.75895 7.80251 5.31675
    endloop
  endfacet
  facet normal -0.0764022 -0.0525476 0.995691
    outer loop
      vertex -5.61988 7.60003 5.31675
      vertex -6.58679 7.23326 5.2232
      vertex -6.59476 7.09364 5.21522
    endloop
  endfacet
  facet normal 0.0104755 -0.0445154 0.998954
    outer loop
      vertex 1.20184 6.84846 5.4554
      vertex 0.620232 8.7878 5.54792
      vertex 1.03288 6.8087 5.4554
    endloop
  endfacet
  facet normal 0.00366019 -0.0684903 0.997645
    outer loop
      vertex 0.346541 6.71036 5.4554
      vertex 0.242431 4.68519 5.31675
      vertex 0.484567 4.69813 5.31675
    endloop
  endfacet
  facet normal 0.00243708 -0.0456235 0.998956
    outer loop
      vertex 0.208094 8.72875 5.54792
      vertex 0.173376 6.70111 5.4554
      vertex 0.346541 6.71036 5.4554
    endloop
  endfacet
  facet normal -0.00888672 -0.0448467 0.998954
    outer loop
      vertex -0.620232 8.7878 5.54792
      vertex -1.03288 6.8087 5.4554
      vertex -0.862662 6.77497 5.4554
    endloop
  endfacet
  facet normal -0.031739 -0.0611089 0.997626
    outer loop
      vertex -2.33228 7.29083 5.4554
      vertex -3.04517 5.39758 5.31675
      vertex -2.17777 7.21058 5.4554
    endloop
  endfacet
  facet normal -0.0360086 -0.0587869 0.997621
    outer loop
      vertex -2.63257 7.46758 5.4554
      vertex -3.47328 5.62963 5.31675
      vertex -2.48394 7.37654 5.4554
    endloop
  endfacet
  facet normal -0.0224456 -0.0060893 0.99973
    outer loop
      vertex -2.56904 11.0173 5.55519
      vertex -2.86759 10.9242 5.54792
      vertex -2.55067 11.0169 5.5556
    endloop
  endfacet
  facet normal -0.0225787 -0.039958 0.998946
    outer loop
      vertex -1.49157 9.12878 5.54792
      vertex -2.48394 7.37654 5.4554
      vertex -1.4005 9.07732 5.54792
    endloop
  endfacet
  facet normal -0.00680652 -0.0218354 0.999738
    outer loop
      vertex -0.2742 10.7877 5.59421
      vertex -0.921844 8.87019 5.54792
      vertex -0.822267 8.83915 5.54792
    endloop
  endfacet
  facet normal 0.0166902 -0.0426516 0.998951
    outer loop
      vertex 1.861 7.0668 5.4554
      vertex 1.11751 8.94279 5.54792
      vertex 1.69911 7.00345 5.4554
    endloop
  endfacet
  facet normal -0.0119879 -0.0195727 0.999737
    outer loop
      vertex -0.527157 10.9025 5.59421
      vertex -1.58083 9.18345 5.54792
      vertex -1.49157 9.12878 5.54792
    endloop
  endfacet
  facet normal -0.042875 -0.0178383 0.998921
    outer loop
      vertex -2.76593 10.6233 5.54792
      vertex -4.60614 9.86531 5.4554
      vertex -2.72524 10.5255 5.54792
    endloop
  endfacet
  facet normal 0.0371946 -0.0274942 0.99893
    outer loop
      vertex 4.0191 8.78568 5.4554
      vertex 2.35075 9.89018 5.54792
      vertex 3.91474 8.6445 5.4554
    endloop
  endfacet
  facet normal 0.0796464 -0.083776 0.993297
    outer loop
      vertex 5.96648 5.0072 5.13216
      vertex 6.77636 4.60893 5.03363
      vertex 6.1941 5.2236 5.13216
    endloop
  endfacet
  facet normal 0.0796338 -0.0838015 0.993295
    outer loop
      vertex 6.77636 4.60893 5.03363
      vertex 5.96648 5.0072 5.13216
      vertex 6.79844 4.36808 5.01154
    endloop
  endfacet
  facet normal -0.0893683 -0.134947 0.986814
    outer loop
      vertex -7.11578 0.372015 4.55525
      vertex -7.13163 0.127594 4.52039
      vertex -6.79474 0.677213 4.62606
    endloop
  endfacet
  facet normal -0.0535184 -0.0749741 0.995748
    outer loop
      vertex -3.88446 5.89157 5.31675
      vertex -5.24114 4.40842 5.13216
      vertex -4.98619 4.22643 5.13216
    endloop
  endfacet
  facet normal -0.0593204 -0.124789 0.990408
    outer loop
      vertex -4.42371 1.63348 4.90183
      vertex -5.62089 0.0138855 4.62606
      vertex -5.21526 -0.178937 4.62606
    endloop
  endfacet
  facet normal -0.069334 -0.145854 0.986874
    outer loop
      vertex -5.62089 0.0138855 4.62606
      vertex -6.00046 -1.97681 4.30518
      vertex -5.21526 -0.178937 4.62606
    endloop
  endfacet
  facet normal -0.0764466 -0.115471 0.990365
    outer loop
      vertex -7.07233 1.07346 4.65083
      vertex -5.76346 2.35969 4.90183
      vertex -6.08184 2.57047 4.90183
    endloop
  endfacet
  facet normal -0.0765812 -0.115336 0.99037
    outer loop
      vertex -5.76346 2.35969 4.90183
      vertex -7.07233 1.07346 4.65083
      vertex -7.07513 1.02251 4.64468
    endloop
  endfacet
  facet normal -0.0293943 -0.18206 0.982848
    outer loop
      vertex -2.05318 -3.13068 4.30518
      vertex -2.89388 -4.96863 3.93958
      vertex -2.31935 -5.06139 3.93958
    endloop
  endfacet
  facet normal -0.0163802 -0.183629 0.982859
    outer loop
      vertex -1.02909 -3.24041 4.30518
      vertex -1.54208 -3.19465 4.30518
      vertex -1.1625 -5.18535 3.93958
    endloop
  endfacet
  facet normal -0.0479687 -0.153907 0.98692
    outer loop
      vertex -3.53428 -0.802662 4.62606
      vertex -4.55883 -2.54096 4.30518
      vertex -4.06639 -2.69444 4.30518
    endloop
  endfacet
  facet normal -0.0549378 -0.176268 0.982808
    outer loop
      vertex -4.55883 -2.54096 4.30518
      vertex -4.59355 -4.5686 3.93958
      vertex -4.06639 -2.69444 4.30518
    endloop
  endfacet
  facet normal -0.0673388 -0.172073 0.98278
    outer loop
      vertex -5.52645 -2.18192 4.30518
      vertex -6.24289 -3.98964 3.93958
      vertex -5.69983 -4.20216 3.93958
    endloop
  endfacet
  facet normal -0.0734159 -0.169661 0.982764
    outer loop
      vertex -5.52645 -2.18192 4.30518
      vertex -6.77834 -3.75794 3.93958
      vertex -6.24289 -3.98964 3.93958
    endloop
  endfacet
  facet normal 0.0302291 -0.110665 0.993398
    outer loop
      vertex 2.45779 3.02449 5.13216
      vertex 2.15716 2.94237 5.13216
      vertex 2.63117 1.00426 4.90183
    endloop
  endfacet
  facet normal 0.0157258 -0.0668265 0.997641
    outer loop
      vertex 1.20184 6.84846 5.4554
      vertex 1.03288 6.8087 5.4554
      vertex 1.44427 4.83563 5.31675
    endloop
  endfacet
  facet normal 0.0136182 -0.0436893 0.998952
    outer loop
      vertex 1.53516 6.9459 5.4554
      vertex 0.921844 8.87019 5.54792
      vertex 1.36933 6.89421 5.4554
    endloop
  endfacet
  facet normal 0.00611432 -0.114413 0.993414
    outer loop
      vertex 0.622002 2.6945 5.13216
      vertex 0.31119 2.67789 5.13216
      vertex 0.37957 0.681661 4.90183
    endloop
  endfacet
  facet normal 0.0493593 -0.103831 0.993369
    outer loop
      vertex 4.76777 1.79704 4.90183
      vertex 3.62677 3.45824 5.13216
      vertex 4.42371 1.63348 4.90183
    endloop
  endfacet
  facet normal 0.0272819 -0.0875309 0.995788
    outer loop
      vertex 2.1466 5.02747 5.31675
      vertex 1.91473 4.9552 5.31675
      vertex 2.45779 3.02449 5.13216
    endloop
  endfacet
  facet normal 0.0636355 -0.0669349 0.995726
    outer loop
      vertex 6.1941 5.2236 5.13216
      vertex 4.82548 6.66841 5.31675
      vertex 5.96648 5.0072 5.13216
    endloop
  endfacet
  facet normal 0.0825747 -0.0810021 0.993288
    outer loop
      vertex 6.72933 5.1377 5.08066
      vertex 6.41418 5.44795 5.13216
      vertex 6.74451 4.96703 5.06548
    endloop
  endfacet
  facet normal 0.0690492 -0.0106407 0.997557
    outer loop
      vertex 4.8924 10.8831 5.4554
      vertex 5.95695 10.8687 5.38156
      vertex 5.8908 10.9185 5.38667
    endloop
  endfacet
  facet normal 0.0690523 -0.0107296 0.997555
    outer loop
      vertex 4.8924 10.8831 5.4554
      vertex 5.8908 10.9185 5.38667
      vertex 4.91953 11.0577 5.4554
    endloop
  endfacet
  facet normal 0.0690463 -0.0108442 0.997555
    outer loop
      vertex 5.95695 10.8687 5.38156
      vertex 4.8924 10.8831 5.4554
      vertex 6.01294 10.8232 5.37719
    endloop
  endfacet
  facet normal 0.0494382 -0.0484929 0.997599
    outer loop
      vertex 3.57359 8.24442 5.4554
      vertex 3.45098 8.11942 5.4554
      vertex 4.99693 6.84319 5.31675
    endloop
  endfacet
  facet normal 0.039433 -0.0829537 0.995773
    outer loop
      vertex 3.90885 3.59233 5.13216
      vertex 3.04517 5.39758 5.31675
      vertex 3.62677 3.45824 5.13216
    endloop
  endfacet
  facet normal 0.0480581 -0.0784539 0.995759
    outer loop
      vertex 4.72516 4.05362 5.13216
      vertex 3.47328 5.62963 5.31675
      vertex 4.45838 3.8902 5.13216
    endloop
  endfacet
  facet normal 0.00734685 -0.137509 0.990473
    outer loop
      vertex 0.758678 0.701916 4.90183
      vertex 0.37957 0.681661 4.90183
      vertex 0.894432 -1.27719 4.62606
    endloop
  endfacet
  facet normal -0.00286252 -0.160922 0.986963
    outer loop
      vertex -0.447488 -1.30107 4.62606
      vertex -0.514861 -3.26788 4.30518
      vertex 0 -1.30903 4.62606
    endloop
  endfacet
  facet normal 0.0171062 -0.136671 0.990469
    outer loop
      vertex 1.51366 0.78281 4.90183
      vertex 1.34029 -1.23742 4.62606
      vertex 1.78451 -1.18182 4.62606
    endloop
  endfacet
  facet normal -0.0317429 -0.253574 0.966795
    outer loop
      vertex -2.84289 -8.859 3.07606
      vertex -3.09962 -10.7213 2.57918
      vertex -2.1352 -8.94759 3.07606
    endloop
  endfacet
  facet normal 0.03691 -0.156817 0.986938
    outer loop
      vertex 3.10197 -0.92075 4.62606
      vertex 2.66589 -1.02339 4.62606
      vertex 3.569 -2.8303 4.30518
    endloop
  endfacet
  facet normal 0.0450449 -0.227319 0.972778
    outer loop
      vertex 3.8583 -6.74231 3.52971
      vertex 3.54711 -8.7453 3.07606
      vertex 4.24701 -8.60661 3.07606
    endloop
  endfacet
  facet normal 0.0341475 -0.109562 0.993393
    outer loop
      vertex 3.3609 1.21757 4.90183
      vertex 2.45779 3.02449 5.13216
      vertex 2.99786 1.10442 4.90183
    endloop
  endfacet
  facet normal 0.0302277 -0.110665 0.993398
    outer loop
      vertex 2.99786 1.10442 4.90183
      vertex 2.45779 3.02449 5.13216
      vertex 2.63117 1.00426 4.90183
    endloop
  endfacet
  facet normal 0.0222862 -0.112465 0.993406
    outer loop
      vertex 2.26127 0.917197 4.90183
      vertex 1.8539 2.87099 5.13216
      vertex 1.88862 0.843352 4.90183
    endloop
  endfacet
  facet normal 0.0163796 -0.183629 0.982859
    outer loop
      vertex 1.54208 -3.19465 4.30518
      vertex 1.1625 -5.18535 3.93958
      vertex 1.74199 -5.13366 3.93958
    endloop
  endfacet
  facet normal -0.0209918 -0.0891845 0.995794
    outer loop
      vertex -1.68052 4.89123 5.31675
      vertex -2.15716 2.94237 5.13216
      vertex -1.8539 2.87099 5.13216
    endloop
  endfacet
  facet normal -0.0122345 -0.137174 0.990471
    outer loop
      vertex -0.758678 0.701916 4.90183
      vertex -1.13686 0.735646 4.90183
      vertex -0.894432 -1.27719 4.62606
    endloop
  endfacet
  facet normal 0.06805 -0.120423 0.990388
    outer loop
      vertex 6.4111 0.442222 4.62606
      vertex 5.43806 2.16036 4.90183
      vertex 6.01966 0.221023 4.62606
    endloop
  endfacet
  facet normal 0.0734159 -0.169661 0.982764
    outer loop
      vertex 6.77834 -3.75794 3.93958
      vertex 5.52645 -2.18192 4.30518
      vertex 6.24289 -3.98964 3.93958
    endloop
  endfacet
  facet normal -0.0331496 -0.205306 0.978136
    outer loop
      vertex -2.89388 -4.96863 3.93958
      vertex -3.22246 -6.86831 3.52971
      vertex -2.58269 -6.97161 3.52971
    endloop
  endfacet
  facet normal -0.0696594 -0.296115 0.952609
    outer loop
      vertex -5.00843 -12.2585 2.0397
      vertex -5.73683 -13.1755 1.70139
      vertex -5.19526 -13.1545 1.74752
    endloop
  endfacet
  facet normal -0.0768556 -0.218941 0.972706
    outer loop
      vertex -5.73455 -6.2298 3.52971
      vertex -6.347 -6.01481 3.52971
      vertex -6.31228 -8.04246 3.07606
    endloop
  endfacet
  facet normal -0.0476666 -0.202533 0.978115
    outer loop
      vertex -4.03167 -4.72208 3.93958
      vertex -4.48944 -6.59377 3.52971
      vertex -3.8583 -6.74231 3.52971
    endloop
  endfacet
  facet normal -0.0690179 -0.221445 0.972728
    outer loop
      vertex -5.11511 -6.42286 3.52971
      vertex -6.31228 -8.04246 3.07606
      vertex -5.63044 -8.25497 3.07606
    endloop
  endfacet
  facet normal -0.00539267 -0.303858 0.952702
    outer loop
      vertex 0 -12.7951 2.0397
      vertex -0.711669 -13.0623 1.95045
      vertex 0 -13.0601 1.95518
    endloop
  endfacet
  facet normal -0.00538566 -0.303875 0.952697
    outer loop
      vertex -0.711669 -13.0623 1.95045
      vertex 0 -12.7951 2.0397
      vertex -0.840702 -12.7802 2.0397
    endloop
  endfacet
  facet normal 0.00496308 -0.27954 0.960121
    outer loop
      vertex 0.777269 -10.9284 2.57918
      vertex 0 -10.9422 2.57918
      vertex 0.840702 -12.7802 2.0397
    endloop
  endfacet
  facet normal 0.0142338 -0.113716 0.993411
    outer loop
      vertex 1.51366 0.78281 4.90183
      vertex 0.932055 2.72215 5.13216
      vertex 1.13686 0.735646 4.90183
    endloop
  endfacet
  facet normal 0.0531037 -0.225635 0.972763
    outer loop
      vertex 4.48944 -6.59377 3.52971
      vertex 3.8583 -6.74231 3.52971
      vertex 4.24701 -8.60661 3.07606
    endloop
  endfacet
  facet normal 0.0496899 -0.250783 0.966767
    outer loop
      vertex 4.63054 -10.4461 2.57918
      vertex 3.54711 -8.7453 3.07606
      vertex 3.86744 -10.5973 2.57918
    endloop
  endfacet
  facet normal 0.0895401 -0.188355 0.978011
    outer loop
      vertex 6.77834 -3.75794 3.93958
      vertex 7.42173 -3.75018 3.88217
      vertex 7.30554 -3.50732 3.93958
    endloop
  endfacet
  facet normal 0.08954 -0.188374 0.978007
    outer loop
      vertex 7.42173 -3.75018 3.88217
      vertex 6.77834 -3.75794 3.93958
      vertex 7.49389 -4.54019 3.7234
    endloop
  endfacet
  facet normal 0.103014 -0.286945 0.952392
    outer loop
      vertex 8.23901 -11.3141 2.0397
      vertex 8.25327 -11.4364 2.00131
      vertex 8.24572 -11.3329 2.03331
    endloop
  endfacet
  facet normal 0.100568 -0.28728 0.952552
    outer loop
      vertex 8.23901 -11.3141 2.0397
      vertex 8.22834 -11.771 1.90303
      vertex 8.25327 -11.4364 2.00131
    endloop
  endfacet
  facet normal 0.100758 -0.287279 0.952533
    outer loop
      vertex 8.14294 -12.1118 1.80928
      vertex 8.22834 -11.771 1.90303
      vertex 8.23901 -11.3141 2.0397
    endloop
  endfacet
  facet normal 0.103896 -0.287919 0.952002
    outer loop
      vertex 8.22834 -11.771 1.90303
      vertex 8.14294 -12.1118 1.80928
      vertex 8.15387 -12.086 1.81589
    endloop
  endfacet
  facet normal 0.0906123 -0.290561 0.952556
    outer loop
      vertex 6.63989 -11.8438 2.0397
      vertex 7.41709 -13.0099 1.61007
      vertex 7.59361 -12.8864 1.63095
    endloop
  endfacet
  facet normal 0.090587 -0.290577 0.952554
    outer loop
      vertex 7.41709 -13.0099 1.61007
      vertex 6.63989 -11.8438 2.0397
      vertex 7.14642 -13.1288 1.59954
    endloop
  endfacet
  facet normal 0.0905148 -0.290605 0.952552
    outer loop
      vertex 7.14642 -13.1288 1.59954
      vertex 6.63989 -11.8438 2.0397
      vertex 7.00997 -13.1595 1.60314
    endloop
  endfacet
  facet normal 0.0737764 -0.27003 0.960021
    outer loop
      vertex 6.1389 -10.0627 2.57918
      vertex 5.82771 -12.0657 2.0397
      vertex 6.63989 -11.8438 2.0397
    endloop
  endfacet
  facet normal 0.0543766 -0.274436 0.960067
    outer loop
      vertex 4.63054 -10.4461 2.57918
      vertex 3.86744 -10.5973 2.57918
      vertex 5.00843 -12.2585 2.0397
    endloop
  endfacet
  facet normal 0.0696594 -0.296115 0.952609
    outer loop
      vertex 5.73683 -13.1755 1.70139
      vertex 5.00843 -12.2585 2.0397
      vertex 5.19526 -13.1545 1.74752
    endloop
  endfacet
  facet normal 0.0407508 -0.252333 0.966782
    outer loop
      vertex 3.54711 -8.7453 3.07606
      vertex 3.09962 -10.7213 2.57918
      vertex 3.86744 -10.5973 2.57918
    endloop
  endfacet
  facet normal 0.064104 -0.272402 0.960046
    outer loop
      vertex 5.82771 -12.0657 2.0397
      vertex 4.63054 -10.4461 2.57918
      vertex 5.00843 -12.2585 2.0397
    endloop
  endfacet
  facet normal 0.00327899 -0.184304 0.982864
    outer loop
      vertex 0.514861 -3.26788 4.30518
      vertex 0 -3.27704 4.30518
      vertex 0.581606 -5.21638 3.93958
    endloop
  endfacet
  facet normal 0.018471 -0.207076 0.97815
    outer loop
      vertex 1.74199 -5.13366 3.93958
      vertex 1.1625 -5.18535 3.93958
      vertex 1.93977 -7.05209 3.52971
    endloop
  endfacet
  facet normal 0.0484752 -0.300185 0.952648
    outer loop
      vertex 4.18305 -12.4221 2.0397
      vertex 3.73285 -13.1098 1.84591
      vertex 4.30468 -13.1252 1.81196
    endloop
  endfacet
  facet normal 0.0484315 -0.300159 0.952659
    outer loop
      vertex 3.73285 -13.1098 1.84591
      vertex 4.18305 -12.4221 2.0397
      vertex 3.35257 -12.5561 2.0397
    endloop
  endfacet
  facet normal 0.0377042 -0.301602 0.952688
    outer loop
      vertex 3.35257 -12.5561 2.0397
      vertex 2.79036 -13.0881 1.89353
      vertex 3.42776 -13.1016 1.86403
    endloop
  endfacet
  facet normal 0.0377736 -0.301669 0.952664
    outer loop
      vertex 2.79036 -13.0881 1.89353
      vertex 3.35257 -12.5561 2.0397
      vertex 2.51801 -12.6606 2.0397
    endloop
  endfacet
  facet normal 0.0637249 -0.12268 0.990398
    outer loop
      vertex 6.01966 0.221023 4.62606
      vertex 4.76777 1.79704 4.90183
      vertex 5.62089 0.0138855 4.62606
    endloop
  endfacet
  facet normal -0.0198071 -0.0120154 0.999732
    outer loop
      vertex -1.31185 10.9904 5.58211
      vertex -2.58348 10.2419 5.54792
      vertex -1.26077 10.9894 5.58311
    endloop
  endfacet
  facet normal 0.0511329 -0.0467714 0.997596
    outer loop
      vertex 5.16229 7.02397 5.31675
      vertex 3.69185 8.3737 5.4554
      vertex 4.99693 6.84319 5.31675
    endloop
  endfacet
  facet normal -0.00985909 -0.0206844 0.999737
    outer loop
      vertex -0.436086 10.851 5.59421
      vertex -1.30773 9.02913 5.54792
      vertex -0.404616 10.836 5.59421
    endloop
  endfacet
  facet normal -0.0190479 -0.0131254 0.999732
    outer loop
      vertex -1.1281 10.9868 5.58569
      vertex -2.47314 10.0619 5.54792
      vertex -1.07755 10.9858 5.58664
    endloop
  endfacet
  facet normal -0.00544239 -0.303898 0.952689
    outer loop
      vertex -0.840702 -12.7802 2.0397
      vertex -0.850379 -13.0627 1.94953
      vertex -0.711669 -13.0623 1.95045
    endloop
  endfacet
  facet normal -0.0162407 -0.303527 0.952684
    outer loop
      vertex -0.840702 -12.7802 2.0397
      vertex -0.995025 -13.064 1.94665
      vertex -0.850379 -13.0627 1.94953
    endloop
  endfacet
  facet normal 0.00538566 -0.303875 0.952697
    outer loop
      vertex 0 -12.7951 2.0397
      vertex 0.711669 -13.0623 1.95045
      vertex 0.840702 -12.7802 2.0397
    endloop
  endfacet
  facet normal 0.00539267 -0.303858 0.952702
    outer loop
      vertex 0.711669 -13.0623 1.95045
      vertex 0 -12.7951 2.0397
      vertex 0 -13.0601 1.95518
    endloop
  endfacet
  facet normal 0.0377702 -0.301671 0.952664
    outer loop
      vertex 2.79036 -13.0881 1.89353
      vertex 2.51801 -12.6606 2.0397
      vertex 2.56159 -13.0833 1.90412
    endloop
  endfacet
  facet normal 0.0761404 -0.244297 0.966707
    outer loop
      vertex 6.31228 -8.04246 3.07606
      vertex 5.63044 -8.25497 3.07606
      vertex 6.1389 -10.0627 2.57918
    endloop
  endfacet
  facet normal 0.0690174 -0.221445 0.972727
    outer loop
      vertex 5.73455 -6.2298 3.52971
      vertex 5.11511 -6.42286 3.52971
      vertex 6.31228 -8.04246 3.07606
    endloop
  endfacet
  facet normal 0.0933254 -0.238488 0.966651
    outer loop
      vertex 7.94826 -8.8573 2.7238
      vertex 7.61736 -9.57297 2.57918
      vertex 8.01399 -9.41776 2.57918
    endloop
  endfacet
  facet normal 0.0933138 -0.238483 0.966653
    outer loop
      vertex 7.61736 -9.57297 2.57918
      vertex 7.94826 -8.8573 2.7238
      vertex 6.98644 -7.80581 3.07606
    endloop
  endfacet
  facet normal 0.100948 -0.261068 0.960028
    outer loop
      vertex 8.23168 -11.0942 2.10027
      vertex 8.23901 -11.3141 2.0397
      vertex 8.24153 -11.2651 2.05276
    endloop
  endfacet
  facet normal 0.102121 -0.260964 0.959932
    outer loop
      vertex 7.61736 -9.57297 2.57918
      vertex 8.23168 -11.0942 2.10027
      vertex 8.01399 -9.41776 2.57918
    endloop
  endfacet
  facet normal 0.102016 -0.261006 0.959932
    outer loop
      vertex 8.23168 -11.0942 2.10027
      vertex 7.61736 -9.57297 2.57918
      vertex 8.23901 -11.3141 2.0397
    endloop
  endfacet
  facet normal 0.0476692 -0.202533 0.978114
    outer loop
      vertex 4.03167 -4.72208 3.93958
      vertex 3.46489 -4.85548 3.93958
      vertex 3.8583 -6.74231 3.52971
    endloop
  endfacet
  facet normal 0.019994 -0.159746 0.986956
    outer loop
      vertex 2.05318 -3.13068 4.30518
      vertex 1.34029 -1.23742 4.62606
      vertex 1.54208 -3.19465 4.30518
    endloop
  endfacet
  facet normal 0.0619527 -0.198772 0.978086
    outer loop
      vertex 5.14983 -4.39522 3.93958
      vertex 4.59355 -4.5686 3.93958
      vertex 5.73455 -6.2298 3.52971
    endloop
  endfacet
  facet normal 0.0895502 -0.18836 0.978009
    outer loop
      vertex 7.49389 -4.54019 3.7234
      vertex 7.54797 -5.52016 3.52971
      vertex 7.58194 -5.50401 3.52971
    endloop
  endfacet
  facet normal 0.089555 -0.18836 0.978008
    outer loop
      vertex 7.54797 -5.52016 3.52971
      vertex 7.49389 -4.54019 3.7234
      vertex 6.77834 -3.75794 3.93958
    endloop
  endfacet
  facet normal -0.101752 -0.235129 0.966624
    outer loop
      vertex -7.78814 -7.48645 3.07606
      vertex -7.8542 -8.05532 2.93073
      vertex -7.65208 -7.54533 3.07606
    endloop
  endfacet
  facet normal -0.096191 -0.185168 0.977988
    outer loop
      vertex -7.39563 -3.46052 3.93958
      vertex -7.42173 -3.75018 3.88217
      vertex -7.30554 -3.50732 3.93958
    endloop
  endfacet
  facet normal -0.045708 -0.00877462 0.998916
    outer loop
      vertex -3.8619 11.0683 5.50418
      vertex -4.8924 10.8831 5.4554
      vertex -3.53208 11.0533 5.51914
    endloop
  endfacet
  facet normal 0.018199 -0.0420534 0.99895
    outer loop
      vertex 1.21336 8.98427 5.54792
      vertex 1.11751 8.94279 5.54792
      vertex 2.02062 7.13587 5.4554
    endloop
  endfacet
  facet normal 0.0250553 -0.0640284 0.997633
    outer loop
      vertex 1.861 7.0668 5.4554
      vertex 1.69911 7.00345 5.4554
      vertex 2.60222 5.19653 5.31675
    endloop
  endfacet
  facet normal -0.0450442 -0.0116612 0.998917
    outer loop
      vertex -2.90188 11.0249 5.54757
      vertex -4.77543 10.3665 5.4554
      vertex -2.90008 11.0248 5.54765
    endloop
  endfacet
  facet normal -0.0449879 -0.0118212 0.998918
    outer loop
      vertex -4.77543 10.3665 5.4554
      vertex -2.90188 11.0249 5.54757
      vertex -4.82031 10.5373 5.4554
    endloop
  endfacet
  facet normal -0.0870798 -0.0327908 0.995662
    outer loop
      vertex -6.49323 9.2491 5.31675
      vertex -6.49913 9.08562 5.31085
      vertex -6.44073 9.10968 5.31675
    endloop
  endfacet
  facet normal -0.0859687 -0.035485 0.995666
    outer loop
      vertex -6.50888 8.83765 5.3011
      vertex -6.51006 8.80768 5.29993
      vertex -6.34599 8.88214 5.31675
    endloop
  endfacet
  facet normal -0.0858611 -0.0357497 0.995666
    outer loop
      vertex -6.49913 9.08562 5.31085
      vertex -6.34599 8.88214 5.31675
      vertex -6.44073 9.10968 5.31675
    endloop
  endfacet
  facet normal -0.0858901 -0.0357716 0.995662
    outer loop
      vertex -6.34599 8.88214 5.31675
      vertex -6.49913 9.08562 5.31085
      vertex -6.50888 8.83765 5.3011
    endloop
  endfacet
  facet normal -0.0445365 -0.013361 0.998918
    outer loop
      vertex -2.86759 10.9242 5.54792
      vertex -4.77543 10.3665 5.4554
      vertex -4.72473 10.1975 5.4554
    endloop
  endfacet
  facet normal -0.0652601 -0.0245979 0.997565
    outer loop
      vertex -6.49056 9.35057 5.31943
      vertex -6.44073 9.10968 5.31675
      vertex -4.60614 9.86531 5.4554
    endloop
  endfacet
  facet normal -0.0653982 -0.0246263 0.997555
    outer loop
      vertex -6.44073 9.10968 5.31675
      vertex -6.49056 9.35057 5.31943
      vertex -6.49323 9.2491 5.31675
    endloop
  endfacet
  facet normal -0.0643552 -0.0267953 0.997567
    outer loop
      vertex -4.60614 9.86531 5.4554
      vertex -6.44073 9.10968 5.31675
      vertex -6.34599 8.88214 5.31675
    endloop
  endfacet
  facet normal -0.0399222 -0.0235278 0.998926
    outer loop
      vertex -2.58348 10.2419 5.54792
      vertex -4.213 9.07874 5.4554
      vertex -2.52985 10.1509 5.54792
    endloop
  endfacet
  facet normal 0.00985909 -0.0206844 0.999737
    outer loop
      vertex 0.436086 10.851 5.59421
      vertex 0.404616 10.836 5.59421
      vertex 1.30773 9.02913 5.54792
    endloop
  endfacet
  facet normal -0.0782523 -0.0498504 0.995686
    outer loop
      vertex -6.56803 7.57854 5.24195
      vertex -5.75895 7.80251 5.31675
      vertex -5.89101 8.00981 5.31675
    endloop
  endfacet
  facet normal -0.0782704 -0.0497854 0.995688
    outer loop
      vertex -5.75895 7.80251 5.31675
      vertex -6.56803 7.57854 5.24195
      vertex -6.57699 7.41363 5.233
    endloop
  endfacet
  facet normal -0.0219613 -0.136001 0.990465
    outer loop
      vertex -1.51366 0.78281 4.90183
      vertex -2.22655 -1.11044 4.62606
      vertex -1.78451 -1.18182 4.62606
    endloop
  endfacet
  facet normal -0.0113703 -0.0908492 0.9958
    outer loop
      vertex -0.726112 4.71967 5.31675
      vertex -0.966773 4.74979 5.31675
      vertex -0.932055 2.72215 5.13216
    endloop
  endfacet
  facet normal -0.0601528 -0.0981982 0.993347
    outer loop
      vertex -4.72516 4.05362 5.13216
      vertex -5.43806 2.16036 4.90183
      vertex -4.45838 3.8902 5.13216
    endloop
  endfacet
  facet normal -0.0423615 -0.0815521 0.995768
    outer loop
      vertex -3.26121 5.5098 5.31675
      vertex -4.18617 3.73638 5.13216
      vertex -3.04517 5.39758 5.31675
    endloop
  endfacet
  facet normal -0.030379 -0.0865435 0.995785
    outer loop
      vertex -2.1466 5.02747 5.31675
      vertex -3.04971 3.22056 5.13216
      vertex -2.75543 3.11726 5.13216
    endloop
  endfacet
  facet normal -0.0493593 -0.103831 0.993369
    outer loop
      vertex -3.62677 3.45824 5.13216
      vertex -4.76777 1.79704 4.90183
      vertex -4.42371 1.63348 4.90183
    endloop
  endfacet
  facet normal -0.0622917 -0.031136 0.997572
    outer loop
      vertex -4.4651 9.54238 5.4554
      vertex -6.13344 8.43788 5.31675
      vertex -4.38637 9.38487 5.4554
    endloop
  endfacet
  facet normal 0.0280305 -0.0364848 0.998941
    outer loop
      vertex 1.83661 9.36604 5.54792
      vertex 1.75345 9.30215 5.54792
      vertex 2.92004 7.66525 5.4554
    endloop
  endfacet
  facet normal 0.0439994 -0.0532977 0.997609
    outer loop
      vertex 3.19329 7.88289 5.4554
      vertex 3.05853 7.77164 5.4554
      vertex 4.27672 6.1821 5.31675
    endloop
  endfacet
  facet normal -0.0056751 -0.0453457 0.998955
    outer loop
      vertex -0.311824 8.738 5.54792
      vertex -0.691395 6.74731 5.4554
      vertex -0.519284 6.72577 5.4554
    endloop
  endfacet
  facet normal -0.0180954 -0.0662471 0.997639
    outer loop
      vertex -1.36933 6.89421 5.4554
      vertex -1.68052 4.89123 5.31675
      vertex -1.20184 6.84846 5.4554
    endloop
  endfacet
  facet normal -0.01094 -0.067739 0.997643
    outer loop
      vertex -0.862662 6.77497 5.4554
      vertex -1.20626 4.78846 5.31675
      vertex -0.691395 6.74731 5.4554
    endloop
  endfacet
  facet normal -0.0182716 -0.0141401 0.999733
    outer loop
      vertex -0.977444 10.984 5.58849
      vertex -2.35075 9.89018 5.54792
      vertex -0.928051 10.9831 5.58938
    endloop
  endfacet
  facet normal -0.0166902 -0.0426516 0.998951
    outer loop
      vertex -1.11751 8.94279 5.54792
      vertex -1.861 7.0668 5.4554
      vertex -1.69911 7.00345 5.4554
    endloop
  endfacet
  facet normal -0.00523671 -0.0222486 0.999739
    outer loop
      vertex -0.240661 10.7785 5.59421
      vertex -0.721688 8.81168 5.54792
      vertex -0.620232 8.7878 5.54792
    endloop
  endfacet
  facet normal -0.0184511 -0.0139147 0.999733
    outer loop
      vertex -1.02472 10.9849 5.58763
      vertex -2.35075 9.89018 5.54792
      vertex -0.977444 10.984 5.58849
    endloop
  endfacet
  facet normal -0.0401022 -0.0561792 0.997615
    outer loop
      vertex -2.92004 7.66525 5.4554
      vertex -4.08308 6.03335 5.31675
      vertex -3.88446 5.89157 5.31675
    endloop
  endfacet
  facet normal -0.0105682 -0.0203448 0.999737
    outer loop
      vertex -0.467024 10.8671 5.59421
      vertex -1.4005 9.07732 5.54792
      vertex -1.30773 9.02913 5.54792
    endloop
  endfacet
  facet normal 0.0044406 -0.0224144 0.999739
    outer loop
      vertex 0.620232 8.7878 5.54792
      vertex 0.172743 10.7638 5.59421
      vertex 0.518018 8.76755 5.54792
    endloop
  endfacet
  facet normal 0.0253674 -0.0383143 0.998944
    outer loop
      vertex 1.66816 9.24127 5.54792
      vertex 1.58083 9.18345 5.54792
      vertex 2.63257 7.46758 5.4554
    endloop
  endfacet
  facet normal -0.0204757 -0.0108795 0.999731
    outer loop
      vertex -1.36956 10.9915 5.58094
      vertex -2.58348 10.2419 5.54792
      vertex -1.31185 10.9904 5.58211
    endloop
  endfacet
  facet normal -0.0203617 -0.0110641 0.999731
    outer loop
      vertex -2.58348 10.2419 5.54792
      vertex -1.36956 10.9915 5.58094
      vertex -2.63396 10.3348 5.54792
    endloop
  endfacet
  facet normal 0.0390567 -0.0248866 0.998927
    outer loop
      vertex 2.52985 10.1509 5.54792
      vertex 2.47314 10.0619 5.54792
      vertex 4.213 9.07874 5.4554
    endloop
  endfacet
  facet normal 0.0622917 -0.031136 0.997572
    outer loop
      vertex 4.4651 9.54238 5.4554
      vertex 4.38637 9.38487 5.4554
      vertex 6.13344 8.43788 5.31675
    endloop
  endfacet
  facet normal -0.0305542 -0.0344798 0.998938
    outer loop
      vertex -1.91753 9.43284 5.54792
      vertex -3.32416 7.99886 5.4554
      vertex -3.19329 7.88289 5.4554
    endloop
  endfacet
  facet normal 0.045708 -0.00877462 0.998916
    outer loop
      vertex 3.8619 11.0683 5.50418
      vertex 3.53208 11.0533 5.51914
      vertex 4.8924 10.8831 5.4554
    endloop
  endfacet
  facet normal 0.0558351 -0.0412732 0.997587
    outer loop
      vertex 4.0191 8.78568 5.4554
      vertex 3.91474 8.6445 5.4554
      vertex 5.61988 7.60003 5.31675
    endloop
  endfacet
  facet normal -0.0844092 -0.0389225 0.995671
    outer loop
      vertex -6.51006 8.80768 5.29993
      vertex -6.51155 8.77254 5.29843
      vertex -6.34599 8.88214 5.31675
    endloop
  endfacet
  facet normal -0.0766169 -0.0864553 0.993305
    outer loop
      vertex -6.88412 3.4503 4.92587
      vertex -5.73159 4.79904 5.13216
      vertex -5.96648 5.0072 5.13216
    endloop
  endfacet
  facet normal -0.0765005 -0.0865548 0.993306
    outer loop
      vertex -5.73159 4.79904 5.13216
      vertex -6.88412 3.4503 4.92587
      vertex -6.8896 3.39214 4.92038
    endloop
  endfacet
  facet normal -0.059322 -0.124788 0.990408
    outer loop
      vertex -4.76777 1.79704 4.90183
      vertex -5.62089 0.0138855 4.62606
      vertex -4.42371 1.63348 4.90183
    endloop
  endfacet
  facet normal -0.0637249 -0.12268 0.990398
    outer loop
      vertex -4.76777 1.79704 4.90183
      vertex -6.01966 0.221023 4.62606
      vertex -5.62089 0.0138855 4.62606
    endloop
  endfacet
  facet normal -0.0508183 -0.0767612 0.995754
    outer loop
      vertex -3.88446 5.89157 5.31675
      vertex -4.98619 4.22643 5.13216
      vertex -4.72516 4.05362 5.13216
    endloop
  endfacet
  facet normal -0.0805057 -0.112783 0.990353
    outer loop
      vertex -7.02783 1.90144 4.74874
      vertex -6.08184 2.57047 4.90183
      vertex -6.39282 2.79245 4.90183
    endloop
  endfacet
  facet normal -0.0805232 -0.112759 0.990354
    outer loop
      vertex -6.08184 2.57047 4.90183
      vertex -7.02783 1.90144 4.74874
      vertex -7.04087 1.65877 4.72005
    endloop
  endfacet
  facet normal -0.0702852 -0.0914905 0.993322
    outer loop
      vertex -5.24114 4.40842 5.13216
      vertex -6.696 3.02536 4.90183
      vertex -6.39282 2.79245 4.90183
    endloop
  endfacet
  facet normal -0.0636082 -0.0960793 0.993339
    outer loop
      vertex -4.98619 4.22643 5.13216
      vertex -6.08184 2.57047 4.90183
      vertex -5.76346 2.35969 4.90183
    endloop
  endfacet
  facet normal -0.0228991 -0.182956 0.982854
    outer loop
      vertex -1.54208 -3.19465 4.30518
      vertex -2.05318 -3.13068 4.30518
      vertex -1.74199 -5.13366 3.93958
    endloop
  endfacet
  facet normal -0.0256691 -0.158963 0.986951
    outer loop
      vertex -1.78451 -1.18182 4.62606
      vertex -2.22655 -1.11044 4.62606
      vertex -2.05318 -3.13068 4.30518
    endloop
  endfacet
  facet normal -0.0689848 -0.196528 0.978068
    outer loop
      vertex -5.69983 -4.20216 3.93958
      vertex -6.347 -6.01481 3.52971
      vertex -5.14983 -4.39522 3.93958
    endloop
  endfacet
  facet normal -0.0611745 -0.174277 0.982795
    outer loop
      vertex -4.55883 -2.54096 4.30518
      vertex -5.69983 -4.20216 3.93958
      vertex -5.14983 -4.39522 3.93958
    endloop
  endfacet
  facet normal -0.042271 -0.179601 0.982831
    outer loop
      vertex -3.569 -2.8303 4.30518
      vertex -4.03167 -4.72208 3.93958
      vertex -3.06726 -2.94839 4.30518
    endloop
  endfacet
  facet normal -0.0358566 -0.18094 0.98284
    outer loop
      vertex -2.56178 -3.04856 4.30518
      vertex -3.06726 -2.94839 4.30518
      vertex -2.89388 -4.96863 3.93958
    endloop
  endfacet
  facet normal -0.0456357 -0.105458 0.993376
    outer loop
      vertex -3.34028 3.33426 5.13216
      vertex -4.42371 1.63348 4.90183
      vertex -4.07426 1.48226 4.90183
    endloop
  endfacet
  facet normal -0.0457006 -0.130191 0.990435
    outer loop
      vertex -3.71985 1.34357 4.90183
      vertex -4.38545 -0.52072 4.62606
      vertex -3.96228 -0.669264 4.62606
    endloop
  endfacet
  facet normal -0.0566188 -0.100201 0.993355
    outer loop
      vertex -4.18617 3.73638 5.13216
      vertex -5.43806 2.16036 4.90183
      vertex -5.10602 1.97274 4.90183
    endloop
  endfacet
  facet normal -0.0744823 -0.143389 0.98686
    outer loop
      vertex -6.01966 0.221023 4.62606
      vertex -6.46715 -1.75495 4.30518
      vertex -5.62089 0.0138855 4.62606
    endloop
  endfacet
  facet normal -0.00611432 -0.114413 0.993414
    outer loop
      vertex -0.31119 2.67789 5.13216
      vertex -0.622002 2.6945 5.13216
      vertex -0.37957 0.681661 4.90183
    endloop
  endfacet
  facet normal -0.00203833 -0.114553 0.993415
    outer loop
      vertex -0.31119 2.67789 5.13216
      vertex -0.37957 0.681661 4.90183
      vertex 0 0.674907 4.90183
    endloop
  endfacet
  facet normal 0.00244903 -0.137677 0.990474
    outer loop
      vertex 0.37957 0.681661 4.90183
      vertex 0 -1.30903 4.62606
      vertex 0.447488 -1.30107 4.62606
    endloop
  endfacet
  facet normal 0.00734705 -0.137509 0.990473
    outer loop
      vertex 0.894432 -1.27719 4.62606
      vertex 0.37957 0.681661 4.90183
      vertex 0.447488 -1.30107 4.62606
    endloop
  endfacet
  facet normal 0.0219593 -0.136002 0.990465
    outer loop
      vertex 1.88862 0.843352 4.90183
      vertex 1.51366 0.78281 4.90183
      vertex 2.22655 -1.11044 4.62606
    endloop
  endfacet
  facet normal 0.017804 -0.0898494 0.995796
    outer loop
      vertex 1.8539 2.87099 5.13216
      vertex 1.20626 4.78846 5.31675
      vertex 1.54838 2.81045 5.13216
    endloop
  endfacet
  facet normal 0.00567748 -0.0453452 0.998955
    outer loop
      vertex 0.415174 8.75094 5.54792
      vertex 0.311824 8.738 5.54792
      vertex 0.691395 6.74731 5.4554
    endloop
  endfacet
  facet normal 0.0101783 -0.114134 0.993413
    outer loop
      vertex 0.932055 2.72215 5.13216
      vertex 0.622002 2.6945 5.13216
      vertex 0.758678 0.701916 4.90183
    endloop
  endfacet
  facet normal 0.0209891 -0.0891847 0.995794
    outer loop
      vertex 1.68052 4.89123 5.31675
      vertex 1.44427 4.83563 5.31675
      vertex 1.8539 2.87099 5.13216
    endloop
  endfacet
  facet normal 0.0338942 -0.0599846 0.997624
    outer loop
      vertex 3.47328 5.62963 5.31675
      vertex 2.48394 7.37654 5.4554
      vertex 3.26121 5.5098 5.31675
    endloop
  endfacet
  facet normal 0.012054 -0.0441293 0.998953
    outer loop
      vertex 1.36933 6.89421 5.4554
      vertex 0.822267 8.83915 5.54792
      vertex 1.20184 6.84846 5.4554
    endloop
  endfacet
  facet normal 0.0380249 -0.108325 0.993388
    outer loop
      vertex 3.04971 3.22056 5.13216
      vertex 2.75543 3.11726 5.13216
      vertex 3.3609 1.21757 4.90183
    endloop
  endfacet
  facet normal 0.0418552 -0.106957 0.993382
    outer loop
      vertex 4.07426 1.48226 4.90183
      vertex 3.34028 3.33426 5.13216
      vertex 3.71985 1.34357 4.90183
    endloop
  endfacet
  facet normal 0.059322 -0.124788 0.990408
    outer loop
      vertex 4.76777 1.79704 4.90183
      vertex 4.42371 1.63348 4.90183
      vertex 5.62089 0.0138855 4.62606
    endloop
  endfacet
  facet normal 0.0734945 -0.0890302 0.993314
    outer loop
      vertex 6.8896 3.39214 4.92038
      vertex 6.696 3.02536 4.90183
      vertex 6.90815 3.20049 4.90183
    endloop
  endfacet
  facet normal 0.0734945 -0.0890302 0.993314
    outer loop
      vertex 6.696 3.02536 4.90183
      vertex 6.8896 3.39214 4.92038
      vertex 5.73159 4.79904 5.13216
    endloop
  endfacet
  facet normal 0.0669872 -0.0938425 0.993331
    outer loop
      vertex 5.24114 4.40842 5.13216
      vertex 4.98619 4.22643 5.13216
      vertex 6.08184 2.57047 4.90183
    endloop
  endfacet
  facet normal 0.0883196 -0.107006 0.990328
    outer loop
      vertex 6.95421 2.8122 4.85577
      vertex 6.696 3.02536 4.90183
      vertex 6.97158 2.66578 4.8384
    endloop
  endfacet
  facet normal 0.0782409 -0.0498474 0.995688
    outer loop
      vertex 6.57699 7.41363 5.233
      vertex 5.75895 7.80251 5.31675
      vertex 6.58679 7.23326 5.2232
    endloop
  endfacet
  facet normal 0.0340611 -0.0311577 0.998934
    outer loop
      vertex 3.69185 8.3737 5.4554
      vertex 2.1459 9.64994 5.54792
      vertex 3.57359 8.24442 5.4554
    endloop
  endfacet
  facet normal 0.0766169 -0.0864553 0.993305
    outer loop
      vertex 5.73159 4.79904 5.13216
      vertex 6.88412 3.4503 4.92587
      vertex 5.96648 5.0072 5.13216
    endloop
  endfacet
  facet normal 0.0765005 -0.0865548 0.993306
    outer loop
      vertex 6.88412 3.4503 4.92587
      vertex 5.73159 4.79904 5.13216
      vertex 6.8896 3.39214 4.92038
    endloop
  endfacet
  facet normal -0.00244903 -0.137677 0.990474
    outer loop
      vertex -0.37957 0.681661 4.90183
      vertex -0.447488 -1.30107 4.62606
      vertex 0 -1.30903 4.62606
    endloop
  endfacet
  facet normal -0.0024498 -0.137677 0.990474
    outer loop
      vertex 0 0.674907 4.90183
      vertex -0.37957 0.681661 4.90183
      vertex 0 -1.30903 4.62606
    endloop
  endfacet
  facet normal -0.00983308 -0.184079 0.982862
    outer loop
      vertex -0.514861 -3.26788 4.30518
      vertex -1.1625 -5.18535 3.93958
      vertex -0.581606 -5.21638 3.93958
    endloop
  endfacet
  facet normal -0.002863 -0.160922 0.986963
    outer loop
      vertex 0 -1.30903 4.62606
      vertex -0.514861 -3.26788 4.30518
      vertex 0 -3.27704 4.30518
    endloop
  endfacet
  facet normal 0.002863 -0.160922 0.986963
    outer loop
      vertex 0 -1.30903 4.62606
      vertex 0 -3.27704 4.30518
      vertex 0.514861 -3.26788 4.30518
    endloop
  endfacet
  facet normal 0.0101796 -0.114134 0.993413
    outer loop
      vertex 0.932055 2.72215 5.13216
      vertex 0.758678 0.701916 4.90183
      vertex 1.13686 0.735646 4.90183
    endloop
  endfacet
  facet normal 0.0410404 -0.131677 0.990443
    outer loop
      vertex 3.3609 1.21757 4.90183
      vertex 2.99786 1.10442 4.90183
      vertex 3.53428 -0.802662 4.62606
    endloop
  endfacet
  facet normal 0.0363294 -0.133003 0.99045
    outer loop
      vertex 2.99786 1.10442 4.90183
      vertex 2.63117 1.00426 4.90183
      vertex 3.53428 -0.802662 4.62606
    endloop
  endfacet
  facet normal -0.0302277 -0.110665 0.993398
    outer loop
      vertex -2.45779 3.02449 5.13216
      vertex -2.99786 1.10442 4.90183
      vertex -2.63117 1.00426 4.90183
    endloop
  endfacet
  facet normal -0.0503036 -0.128546 0.990427
    outer loop
      vertex -4.07426 1.48226 4.90183
      vertex -4.80328 -0.357212 4.62606
      vertex -3.71985 1.34357 4.90183
    endloop
  endfacet
  facet normal -0.0199943 -0.159746 0.986956
    outer loop
      vertex -1.78451 -1.18182 4.62606
      vertex -2.05318 -3.13068 4.30518
      vertex -1.34029 -1.23742 4.62606
    endloop
  endfacet
  facet normal -0.0267818 -0.135167 0.990461
    outer loop
      vertex -1.88862 0.843352 4.90183
      vertex -2.66589 -1.02339 4.62606
      vertex -2.22655 -1.11044 4.62606
    endloop
  endfacet
  facet normal -0.0833221 -0.267335 0.959995
    outer loop
      vertex -6.88233 -9.83099 2.57918
      vertex -7.44398 -11.5932 2.0397
      vertex -6.1389 -10.0627 2.57918
    endloop
  endfacet
  facet normal -0.0591233 -0.298336 0.952628
    outer loop
      vertex -4.18305 -12.4221 2.0397
      vertex -4.77655 -13.1407 1.77782
      vertex -4.30468 -13.1252 1.81196
    endloop
  endfacet
  facet normal -0.0591324 -0.298329 0.952629
    outer loop
      vertex -4.77655 -13.1407 1.77782
      vertex -4.18305 -12.4221 2.0397
      vertex -5.00843 -12.2585 2.0397
    endloop
  endfacet
  facet normal -0.040433 -0.204044 0.978126
    outer loop
      vertex -2.89388 -4.96863 3.93958
      vertex -3.46489 -4.85548 3.93958
      vertex -3.22246 -6.86831 3.52971
    endloop
  endfacet
  facet normal -0.0674057 -0.24676 0.96673
    outer loop
      vertex -5.63044 -8.25497 3.07606
      vertex -6.1389 -10.0627 2.57918
      vertex -4.94173 -8.4431 3.07606
    endloop
  endfacet
  facet normal -0.0543766 -0.274436 0.960067
    outer loop
      vertex -4.63054 -10.4461 2.57918
      vertex -5.00843 -12.2585 2.0397
      vertex -3.86744 -10.5973 2.57918
    endloop
  endfacet
  facet normal -0.0226763 -0.25451 0.966804
    outer loop
      vertex -2.1352 -8.94759 3.07606
      vertex -2.32802 -10.8179 2.57918
      vertex -1.55359 -10.8869 2.57918
    endloop
  endfacet
  facet normal -0.00453543 -0.255453 0.966811
    outer loop
      vertex 0 -9.06166 3.07606
      vertex -0.777269 -10.9284 2.57918
      vertex 0 -10.9422 2.57918
    endloop
  endfacet
  facet normal -0.0611001 -0.223676 0.972746
    outer loop
      vertex -4.48944 -6.59377 3.52971
      vertex -5.11511 -6.42286 3.52971
      vertex -4.94173 -8.4431 3.07606
    endloop
  endfacet
  facet normal 0.013631 -0.255141 0.966808
    outer loop
      vertex 1.42491 -9.01094 3.07606
      vertex 0.712891 -9.04898 3.07606
      vertex 1.55359 -10.8869 2.57918
    endloop
  endfacet
  facet normal -0.0136389 -0.255137 0.966809
    outer loop
      vertex -0.712891 -9.04898 3.07606
      vertex -1.55359 -10.8869 2.57918
      vertex -0.777269 -10.9284 2.57918
    endloop
  endfacet
  facet normal -0.0110886 -0.207584 0.978154
    outer loop
      vertex -0.581606 -5.21638 3.93958
      vertex -1.1625 -5.18535 3.93958
      vertex -0.647643 -7.1442 3.52971
    endloop
  endfacet
  facet normal 0.00369859 -0.207838 0.978156
    outer loop
      vertex 0 -5.22673 3.93958
      vertex 0 -7.15572 3.52971
      vertex 0.581606 -5.21638 3.93958
    endloop
  endfacet
  facet normal -0.0293958 -0.182059 0.982848
    outer loop
      vertex -2.56178 -3.04856 4.30518
      vertex -2.89388 -4.96863 3.93958
      vertex -2.05318 -3.13068 4.30518
    endloop
  endfacet
  facet normal -0.0450449 -0.227319 0.972778
    outer loop
      vertex -3.8583 -6.74231 3.52971
      vertex -4.24701 -8.60661 3.07606
      vertex -3.54711 -8.7453 3.07606
    endloop
  endfacet
  facet normal 0.0641181 -0.272392 0.960048
    outer loop
      vertex 5.38801 -10.2678 2.57918
      vertex 4.63054 -10.4461 2.57918
      vertex 5.82771 -12.0657 2.0397
    endloop
  endfacet
  facet normal 0.0585936 -0.248923 0.966749
    outer loop
      vertex 4.94173 -8.4431 3.07606
      vertex 4.63054 -10.4461 2.57918
      vertex 5.38801 -10.2678 2.57918
    endloop
  endfacet
  facet normal 0.100018 -0.261048 0.96013
    outer loop
      vertex 8.24153 -11.2651 2.05276
      vertex 8.23901 -11.3141 2.0397
      vertex 8.24423 -11.3121 2.0397
    endloop
  endfacet
  facet normal 0.0761417 -0.244297 0.966706
    outer loop
      vertex 6.31228 -8.04246 3.07606
      vertex 6.1389 -10.0627 2.57918
      vertex 6.88233 -9.83099 2.57918
    endloop
  endfacet
  facet normal 0.0674057 -0.24676 0.96673
    outer loop
      vertex 5.63044 -8.25497 3.07606
      vertex 4.94173 -8.4431 3.07606
      vertex 6.1389 -10.0627 2.57918
    endloop
  endfacet
  facet normal 0.0496939 -0.250781 0.966768
    outer loop
      vertex 4.24701 -8.60661 3.07606
      vertex 3.54711 -8.7453 3.07606
      vertex 4.63054 -10.4461 2.57918
    endloop
  endfacet
  facet normal 0.0585865 -0.248922 0.96675
    outer loop
      vertex 4.94173 -8.4431 3.07606
      vertex 4.24701 -8.60661 3.07606
      vertex 4.63054 -10.4461 2.57918
    endloop
  endfacet
  facet normal 0.0369292 -0.228727 0.97279
    outer loop
      vertex 3.54711 -8.7453 3.07606
      vertex 2.58269 -6.97161 3.52971
      vertex 2.84289 -8.859 3.07606
    endloop
  endfacet
  facet normal 0.0331474 -0.205306 0.978136
    outer loop
      vertex 2.89388 -4.96863 3.93958
      vertex 2.31935 -5.06139 3.93958
      vertex 2.58269 -6.97161 3.52971
    endloop
  endfacet
  facet normal 0.0270001 -0.302759 0.952685
    outer loop
      vertex 1.68038 -12.7353 2.0397
      vertex 2.35998 -13.0803 1.9108
      vertex 2.51801 -12.6606 2.0397
    endloop
  endfacet
  facet normal 0.027007 -0.302747 0.952688
    outer loop
      vertex 2.35998 -13.0803 1.9108
      vertex 1.68038 -12.7353 2.0397
      vertex 1.70336 -13.0704 1.93256
    endloop
  endfacet
  facet normal 0.0317459 -0.253573 0.966795
    outer loop
      vertex 3.09962 -10.7213 2.57918
      vertex 2.1352 -8.94759 3.07606
      vertex 2.32802 -10.8179 2.57918
    endloop
  endfacet
  facet normal -0.0143174 -0.0173606 0.999747
    outer loop
      vertex -0.644727 10.9785 5.59401
      vertex -0.612452 10.9634 5.59421
      vertex -0.630519 10.9783 5.59421
    endloop
  endfacet
  facet normal -0.0145372 -0.0178306 0.999735
    outer loop
      vertex -0.612452 10.9634 5.59421
      vertex -0.644727 10.9785 5.59401
      vertex -1.83661 9.36604 5.54792
    endloop
  endfacet
  facet normal -0.00835048 -0.0213141 0.999738
    outer loop
      vertex -0.372653 10.8222 5.59421
      vertex -1.11751 8.94279 5.54792
      vertex -0.340237 10.8095 5.59421
    endloop
  endfacet
  facet normal -0.0220613 -0.00740306 0.999729
    outer loop
      vertex -2.55067 11.0169 5.5556
      vertex -2.86759 10.9242 5.54792
      vertex -2.53011 11.0164 5.55605
    endloop
  endfacet
  facet normal 0.0207186 -0.0104113 0.999731
    outer loop
      vertex 1.46816 10.9935 5.57894
      vertex 1.42042 10.9926 5.57992
      vertex 2.63396 10.3348 5.54792
    endloop
  endfacet
  facet normal -0.00364237 -0.0225524 0.999739
    outer loop
      vertex -0.172743 10.7638 5.59421
      vertex -0.518018 8.76755 5.54792
      vertex -0.415174 8.75094 5.54792
    endloop
  endfacet
  facet normal 0.0293093 -0.0355046 0.99894
    outer loop
      vertex 1.91753 9.43284 5.54792
      vertex 1.83661 9.36604 5.54792
      vertex 3.19329 7.88289 5.4554
    endloop
  endfacet
  facet normal -0.0126411 -0.0191723 0.999736
    outer loop
      vertex -0.556277 10.9217 5.59421
      vertex -1.58083 9.18345 5.54792
      vertex -0.527157 10.9025 5.59421
    endloop
  endfacet
  facet normal -0.0149296 -0.279199 0.960117
    outer loop
      vertex -1.55359 -10.8869 2.57918
      vertex -1.68038 -12.7353 2.0397
      vertex -0.840702 -12.7802 2.0397
    endloop
  endfacet
  facet normal -0.0248382 -0.278517 0.96011
    outer loop
      vertex -1.55359 -10.8869 2.57918
      vertex -2.51801 -12.6606 2.0397
      vertex -1.68038 -12.7353 2.0397
    endloop
  endfacet
  facet normal -0.0270599 -0.302779 0.952677
    outer loop
      vertex -2.51801 -12.6606 2.0397
      vertex -2.56159 -13.0833 1.90412
      vertex -2.35998 -13.0803 1.9108
    endloop
  endfacet
  facet normal -0.0222641 -0.00667036 0.99973
    outer loop
      vertex -2.53011 11.0164 5.55605
      vertex -2.83714 10.8227 5.54792
      vertex -2.26976 11.0107 5.56181
    endloop
  endfacet
  facet normal -0.0222594 -0.00667783 0.99973
    outer loop
      vertex -2.83714 10.8227 5.54792
      vertex -2.53011 11.0164 5.55605
      vertex -2.86759 10.9242 5.54792
    endloop
  endfacet
  facet normal 0.0689871 -0.196526 0.978069
    outer loop
      vertex 6.347 -6.01481 3.52971
      vertex 5.14983 -4.39522 3.93958
      vertex 5.73455 -6.2298 3.52971
    endloop
  endfacet
  facet normal 0.0611001 -0.223676 0.972746
    outer loop
      vertex 5.11511 -6.42286 3.52971
      vertex 4.48944 -6.59377 3.52971
      vertex 4.94173 -8.4431 3.07606
    endloop
  endfacet
  facet normal 0.0587977 -0.150246 0.986899
    outer loop
      vertex 5.52645 -2.18192 4.30518
      vertex 4.80328 -0.357212 4.62606
      vertex 5.04572 -2.37005 4.30518
    endloop
  endfacet
  facet normal 0.0267848 -0.135166 0.990461
    outer loop
      vertex 2.26127 0.917197 4.90183
      vertex 1.88862 0.843352 4.90183
      vertex 2.66589 -1.02339 4.62606
    endloop
  endfacet
  facet normal 0.0219613 -0.136001 0.990465
    outer loop
      vertex 2.22655 -1.11044 4.62606
      vertex 1.51366 0.78281 4.90183
      vertex 1.78451 -1.18182 4.62606
    endloop
  endfacet
  facet normal 0.0199943 -0.159746 0.986956
    outer loop
      vertex 1.78451 -1.18182 4.62606
      vertex 1.34029 -1.23742 4.62606
      vertex 2.05318 -3.13068 4.30518
    endloop
  endfacet
  facet normal 0.0548443 -0.200775 0.978101
    outer loop
      vertex 5.11511 -6.42286 3.52971
      vertex 4.03167 -4.72208 3.93958
      vertex 4.48944 -6.59377 3.52971
    endloop
  endfacet
  facet normal 0.0910957 -0.1612 0.982709
    outer loop
      vertex 7.22945 -1.34513 4.30518
      vertex 6.92597 -1.51663 4.30518
      vertex 7.27011 -1.86746 4.21573
    endloop
  endfacet
  facet normal 0.0768549 -0.218941 0.972707
    outer loop
      vertex 6.347 -6.01481 3.52971
      vertex 6.31228 -8.04246 3.07606
      vertex 6.98644 -7.80581 3.07606
    endloop
  endfacet
  facet normal -0.0585936 -0.248923 0.966749
    outer loop
      vertex -4.94173 -8.4431 3.07606
      vertex -5.38801 -10.2678 2.57918
      vertex -4.63054 -10.4461 2.57918
    endloop
  endfacet
  facet normal -0.100018 -0.261048 0.96013
    outer loop
      vertex -8.24153 -11.2651 2.05276
      vertex -8.24423 -11.3121 2.0397
      vertex -8.23901 -11.3141 2.0397
    endloop
  endfacet
  facet normal -0.0690522 -0.0107296 0.997555
    outer loop
      vertex -5.89872 10.9174 5.38611
      vertex -4.8924 10.8831 5.4554
      vertex -4.91953 11.0577 5.4554
    endloop
  endfacet
  facet normal -0.0690035 -0.0107998 0.997558
    outer loop
      vertex -6.01738 10.823 5.37688
      vertex -5.89872 10.9174 5.38611
      vertex -5.99377 10.8458 5.37876
    endloop
  endfacet
  facet normal -0.0690525 -0.010738 0.997555
    outer loop
      vertex -5.89872 10.9174 5.38611
      vertex -6.01738 10.823 5.37688
      vertex -4.8924 10.8831 5.4554
    endloop
  endfacet
  facet normal -0.0462285 -0.00542405 0.998916
    outer loop
      vertex -4.67752 11.1056 5.46686
      vertex -4.91953 11.0577 5.4554
      vertex -4.60735 11.1024 5.47009
    endloop
  endfacet
  facet normal -0.0461999 -0.00556888 0.998917
    outer loop
      vertex -4.67752 11.1056 5.46686
      vertex -4.92669 11.1171 5.4554
      vertex -4.91953 11.0577 5.4554
    endloop
  endfacet
  facet normal -0.0682692 -0.0132913 0.997578
    outer loop
      vertex -6.34747 10.3871 5.34879
      vertex -6.23741 10.5866 5.35898
      vertex -6.28074 10.5232 5.35517
    endloop
  endfacet
  facet normal -0.0686278 -0.0130923 0.997556
    outer loop
      vertex -6.23741 10.5866 5.35898
      vertex -6.34747 10.3871 5.34879
      vertex -4.85932 10.7095 5.4554
    endloop
  endfacet
  facet normal -0.0457148 -0.00871556 0.998917
    outer loop
      vertex -3.53208 11.0533 5.51914
      vertex -4.85932 10.7095 5.4554
      vertex -3.31762 11.0436 5.52887
    endloop
  endfacet
  facet normal -0.0457159 -0.0087113 0.998916
    outer loop
      vertex -4.85932 10.7095 5.4554
      vertex -3.53208 11.0533 5.51914
      vertex -4.8924 10.8831 5.4554
    endloop
  endfacet
  facet normal -0.0453855 -0.0102352 0.998917
    outer loop
      vertex -3.31762 11.0436 5.52887
      vertex -4.85932 10.7095 5.4554
      vertex -2.90517 11.0251 5.54742
    endloop
  endfacet
  facet normal -0.0428701 -0.017852 0.998921
    outer loop
      vertex -2.72524 10.5255 5.54792
      vertex -4.60614 9.86531 5.4554
      vertex -4.53838 9.70259 5.4554
    endloop
  endfacet
  facet normal -0.0643536 -0.0267982 0.997567
    outer loop
      vertex -4.60614 9.86531 5.4554
      vertex -6.34599 8.88214 5.31675
      vertex -4.53838 9.70259 5.4554
    endloop
  endfacet
  facet normal -0.0440313 -0.014882 0.998919
    outer loop
      vertex -2.83714 10.8227 5.54792
      vertex -4.66828 10.0303 5.4554
      vertex -2.80324 10.7224 5.54792
    endloop
  endfacet
  facet normal -0.0220248 -0.0074106 0.99973
    outer loop
      vertex -2.26976 11.0107 5.56181
      vertex -2.80324 10.7224 5.54792
      vertex -2.07725 11.0065 5.56602
    endloop
  endfacet
  facet normal -0.0220095 -0.0074389 0.99973
    outer loop
      vertex -2.80324 10.7224 5.54792
      vertex -2.26976 11.0107 5.56181
      vertex -2.83714 10.8227 5.54792
    endloop
  endfacet
  facet normal -0.0414887 -0.0207575 0.998923
    outer loop
      vertex -2.68124 10.4293 5.54792
      vertex -4.4651 9.54238 5.4554
      vertex -2.63396 10.3348 5.54792
    endloop
  endfacet
  facet normal -0.0599266 -0.0353224 0.997578
    outer loop
      vertex -4.30231 9.23026 5.4554
      vertex -6.01589 8.22169 5.31675
      vertex -4.213 9.07874 5.4554
    endloop
  endfacet
  facet normal -0.0611486 -0.0332459 0.997575
    outer loop
      vertex -4.38637 9.38487 5.4554
      vertex -6.01589 8.22169 5.31675
      vertex -4.30231 9.23026 5.4554
    endloop
  endfacet
  facet normal -0.0704167 -0.0600477 0.995709
    outer loop
      vertex -6.65653 6.0684 5.15345
      vertex -5.16229 7.02397 5.31675
      vertex -5.32137 7.21052 5.31675
    endloop
  endfacet
  facet normal -0.0704835 -0.0599435 0.99571
    outer loop
      vertex -5.16229 7.02397 5.31675
      vertex -6.65653 6.0684 5.15345
      vertex -6.65882 6.03322 5.15117
    endloop
  endfacet
  facet normal -0.0825747 -0.0810021 0.993288
    outer loop
      vertex -6.72933 5.1377 5.08066
      vertex -6.74451 4.96703 5.06548
      vertex -6.41418 5.44795 5.13216
    endloop
  endfacet
  facet normal -0.0724965 -0.0576131 0.995703
    outer loop
      vertex -6.63078 6.48124 5.17921
      vertex -6.65376 6.11283 5.15622
      vertex -5.47396 7.40262 5.31675
    endloop
  endfacet
  facet normal -0.0222853 -0.112465 0.993406
    outer loop
      vertex -1.8539 2.87099 5.13216
      vertex -1.88862 0.843352 4.90183
      vertex -1.54838 2.81045 5.13216
    endloop
  endfacet
  facet normal -0.0101796 -0.114134 0.993413
    outer loop
      vertex -0.932055 2.72215 5.13216
      vertex -1.13686 0.735646 4.90183
      vertex -0.758678 0.701916 4.90183
    endloop
  endfacet
  facet normal -0.0204423 -0.0655867 0.997637
    outer loop
      vertex -1.36933 6.89421 5.4554
      vertex -2.1466 5.02747 5.31675
      vertex -1.91473 4.9552 5.31675
    endloop
  endfacet
  facet normal -0.0204435 -0.0655862 0.997637
    outer loop
      vertex -1.53516 6.9459 5.4554
      vertex -2.1466 5.02747 5.31675
      vertex -1.36933 6.89421 5.4554
    endloop
  endfacet
  facet normal -0.0334388 -0.0854505 0.995781
    outer loop
      vertex -2.60222 5.19653 5.31675
      vertex -3.04971 3.22056 5.13216
      vertex -2.37586 5.10795 5.31675
    endloop
  endfacet
  facet normal -0.0439985 -0.0532983 0.997609
    outer loop
      vertex -3.19329 7.88289 5.4554
      vertex -4.46516 6.33766 5.31675
      vertex -4.27672 6.1821 5.31675
    endloop
  endfacet
  facet normal -0.0612145 -0.0690735 0.995732
    outer loop
      vertex -4.64815 6.49983 5.31675
      vertex -5.96648 5.0072 5.13216
      vertex -4.46516 6.33766 5.31675
    endloop
  endfacet
  facet normal -0.0225812 -0.0399564 0.998946
    outer loop
      vertex -1.4005 9.07732 5.54792
      vertex -2.48394 7.37654 5.4554
      vertex -2.33228 7.29083 5.4554
    endloop
  endfacet
  facet normal -0.033437 -0.085451 0.995781
    outer loop
      vertex -2.60222 5.19653 5.31675
      vertex -3.34028 3.33426 5.13216
      vertex -3.04971 3.22056 5.13216
    endloop
  endfacet
  facet normal -0.0493577 -0.103832 0.993369
    outer loop
      vertex -3.90885 3.59233 5.13216
      vertex -4.76777 1.79704 4.90183
      vertex -3.62677 3.45824 5.13216
    endloop
  endfacet
  facet normal -0.0511313 -0.0467728 0.997596
    outer loop
      vertex -3.69185 8.3737 5.4554
      vertex -4.99693 6.84319 5.31675
      vertex -3.57359 8.24442 5.4554
    endloop
  endfacet
  facet normal -0.0494382 -0.0484929 0.997599
    outer loop
      vertex -3.57359 8.24442 5.4554
      vertex -4.99693 6.84319 5.31675
      vertex -3.45098 8.11942 5.4554
    endloop
  endfacet
  facet normal -0.0558351 -0.0412732 0.997587
    outer loop
      vertex -4.0191 8.78568 5.4554
      vertex -5.61988 7.60003 5.31675
      vertex -3.91474 8.6445 5.4554
    endloop
  endfacet
  facet normal -0.0831283 -0.041549 0.995672
    outer loop
      vertex -6.52513 8.4571 5.28485
      vertex -6.13344 8.43788 5.31675
      vertex -6.24352 8.65812 5.31675
    endloop
  endfacet
  facet normal -0.0831285 -0.0415526 0.995672
    outer loop
      vertex -6.13344 8.43788 5.31675
      vertex -6.52513 8.4571 5.28485
      vertex -6.53594 8.2197 5.27404
    endloop
  endfacet
  facet normal -0.0882101 -0.0752113 0.993258
    outer loop
      vertex -6.67783 5.74026 5.13216
      vertex -6.68585 5.64362 5.12413
      vertex -6.62645 5.68 5.13216
    endloop
  endfacet
  facet normal -0.0351504 -0.0299709 0.998933
    outer loop
      vertex -2.28522 9.80768 5.54792
      vertex -3.80561 8.50712 5.4554
      vertex -3.69185 8.3737 5.4554
    endloop
  endfacet
  facet normal 0.0152718 -0.0172345 0.999735
    outer loop
      vertex 0.645967 10.9785 5.59399
      vertex 1.91753 9.43284 5.54792
      vertex 1.99612 9.50248 5.54792
    endloop
  endfacet
  facet normal 0.0154518 -0.0170864 0.999735
    outer loop
      vertex 1.91753 9.43284 5.54792
      vertex 0.645967 10.9785 5.59399
      vertex 0.64532 10.9785 5.594
    endloop
  endfacet
  facet normal 0.0494367 -0.0484948 0.997599
    outer loop
      vertex 4.99693 6.84319 5.31675
      vertex 3.45098 8.11942 5.4554
      vertex 4.82548 6.66841 5.31675
    endloop
  endfacet
  facet normal -0.00122216 -0.0685737 0.997645
    outer loop
      vertex 0 6.69802 5.4554
      vertex -0.173376 6.70111 5.4554
      vertex 0 4.68087 5.31675
    endloop
  endfacet
  facet normal -0.000814117 -0.0456791 0.998956
    outer loop
      vertex 0 8.72134 5.54792
      vertex -0.173376 6.70111 5.4554
      vertex 0 6.69802 5.4554
    endloop
  endfacet
  facet normal -0.00609496 -0.0683233 0.997645
    outer loop
      vertex -0.346541 6.71036 5.4554
      vertex -0.519284 6.72577 5.4554
      vertex -0.484567 4.69813 5.31675
    endloop
  endfacet
  facet normal -0.00405851 -0.0455124 0.998956
    outer loop
      vertex -0.311824 8.738 5.54792
      vertex -0.519284 6.72577 5.4554
      vertex -0.208094 8.72875 5.54792
    endloop
  endfacet
  facet normal -0.00728771 -0.0451232 0.998955
    outer loop
      vertex -0.518018 8.76755 5.54792
      vertex -0.862662 6.77497 5.4554
      vertex -0.415174 8.75094 5.54792
    endloop
  endfacet
  facet normal -0.0250557 -0.0640282 0.997634
    outer loop
      vertex -1.69911 7.00345 5.4554
      vertex -2.60222 5.19653 5.31675
      vertex -2.37586 5.10795 5.31675
    endloop
  endfacet
  facet normal -0.0340616 -0.031157 0.998934
    outer loop
      vertex -2.21691 9.72757 5.54792
      vertex -3.69185 8.3737 5.4554
      vertex -2.1459 9.64994 5.54792
    endloop
  endfacet
  facet normal -0.00909615 -0.0210189 0.999738
    outer loop
      vertex -0.404616 10.836 5.59421
      vertex -1.21336 8.98427 5.54792
      vertex -1.11751 8.94279 5.54792
    endloop
  endfacet
  facet normal -0.0112848 -0.019971 0.999737
    outer loop
      vertex -0.467024 10.8671 5.59421
      vertex -1.49157 9.12878 5.54792
      vertex -1.4005 9.07732 5.54792
    endloop
  endfacet
  facet normal -0.00282791 -0.0226654 0.999739
    outer loop
      vertex -0.138447 10.7582 5.59421
      vertex -0.415174 8.75094 5.54792
      vertex -0.103983 10.7539 5.59421
    endloop
  endfacet
  facet normal -0.0216994 -0.0082602 0.99973
    outer loop
      vertex -2.03978 11.0056 5.56684
      vertex -2.76593 10.6233 5.54792
      vertex -1.88975 11.0024 5.57007
    endloop
  endfacet
  facet normal -0.0217392 -0.00818456 0.99973
    outer loop
      vertex -2.76593 10.6233 5.54792
      vertex -2.03978 11.0056 5.56684
      vertex -2.80324 10.7224 5.54792
    endloop
  endfacet
  facet normal 0.00609279 -0.0683232 0.997645
    outer loop
      vertex 0.519284 6.72577 5.4554
      vertex 0.484567 4.69813 5.31675
      vertex 0.726112 4.71967 5.31675
    endloop
  endfacet
  facet normal 0.0109379 -0.0677396 0.997643
    outer loop
      vertex 1.20626 4.78846 5.31675
      vertex 0.691395 6.74731 5.4554
      vertex 0.966773 4.74979 5.31675
    endloop
  endfacet
  facet normal 0.0530228 -0.102078 0.993362
    outer loop
      vertex 4.18617 3.73638 5.13216
      vertex 3.90885 3.59233 5.13216
      vertex 4.76777 1.79704 4.90183
    endloop
  endfacet
  facet normal 0.0508183 -0.0767612 0.995754
    outer loop
      vertex 4.98619 4.22643 5.13216
      vertex 3.88446 5.89157 5.31675
      vertex 4.72516 4.05362 5.13216
    endloop
  endfacet
  facet normal 0.0196826 -0.0414054 0.998949
    outer loop
      vertex 1.30773 9.02913 5.54792
      vertex 1.21336 8.98427 5.54792
      vertex 2.02062 7.13587 5.4554
    endloop
  endfacet
  facet normal 0.0211426 -0.040707 0.998947
    outer loop
      vertex 2.33228 7.29083 5.4554
      vertex 1.30773 9.02913 5.54792
      vertex 2.17777 7.21058 5.4554
    endloop
  endfacet
  facet normal 0.0659749 -0.0647179 0.99572
    outer loop
      vertex 4.99693 6.84319 5.31675
      vertex 4.82548 6.66841 5.31675
      vertex 6.41418 5.44795 5.13216
    endloop
  endfacet
  facet normal 0.0587182 -0.0711291 0.995737
    outer loop
      vertex 4.46516 6.33766 5.31675
      vertex 4.27672 6.1821 5.31675
      vertex 5.73159 4.79904 5.13216
    endloop
  endfacet
  facet normal 0.00283765 -0.0226639 0.999739
    outer loop
      vertex 0.415174 8.75094 5.54792
      vertex 0.103983 10.7539 5.59421
      vertex 0.311824 8.738 5.54792
    endloop
  endfacet
  facet normal 0.0146499 -0.0177465 0.999735
    outer loop
      vertex 0.64532 10.9785 5.594
      vertex 1.83661 9.36604 5.54792
      vertex 1.91753 9.43284 5.54792
    endloop
  endfacet
  facet normal 0.0168588 -0.0161143 0.999728
    outer loop
      vertex 1.83661 9.36604 5.54792
      vertex 0.64532 10.9785 5.594
      vertex 0.644727 10.9785 5.59401
    endloop
  endfacet
  facet normal -0.00834198 -0.0213177 0.999738
    outer loop
      vertex -0.340237 10.8095 5.59421
      vertex -1.11751 8.94279 5.54792
      vertex -1.0203 8.90475 5.54792
    endloop
  endfacet
  facet normal 0.0461999 -0.00556888 0.998917
    outer loop
      vertex 4.92669 11.1171 5.4554
      vertex 4.67752 11.1056 5.46686
      vertex 4.91953 11.0577 5.4554
    endloop
  endfacet
  facet normal -0.0766139 -0.0864571 0.993305
    outer loop
      vertex -6.82943 4.03017 4.98056
      vertex -6.88412 3.4503 4.92587
      vertex -5.96648 5.0072 5.13216
    endloop
  endfacet
  facet normal -0.0796654 -0.0837604 0.993296
    outer loop
      vertex -6.79844 4.36808 5.01154
      vertex -6.82943 4.03017 4.98056
      vertex -5.96648 5.0072 5.13216
    endloop
  endfacet
  facet normal -0.0722937 -0.118017 0.990376
    outer loop
      vertex -5.76346 2.35969 4.90183
      vertex -6.79474 0.677213 4.62606
      vertex -5.43806 2.16036 4.90183
    endloop
  endfacet
  facet normal -0.0804888 -0.112795 0.990353
    outer loop
      vertex -7.04087 1.65877 4.72005
      vertex -7.07233 1.07346 4.65083
      vertex -6.08184 2.57047 4.90183
    endloop
  endfacet
  facet normal -0.0587173 -0.0711301 0.995737
    outer loop
      vertex -4.27672 6.1821 5.31675
      vertex -5.73159 4.79904 5.13216
      vertex -5.48971 4.59937 5.13216
    endloop
  endfacet
  facet normal -0.0549386 -0.176268 0.982808
    outer loop
      vertex -4.55883 -2.54096 4.30518
      vertex -5.14983 -4.39522 3.93958
      vertex -4.59355 -4.5686 3.93958
    endloop
  endfacet
  facet normal -0.0548428 -0.200776 0.978101
    outer loop
      vertex -4.59355 -4.5686 3.93958
      vertex -5.11511 -6.42286 3.52971
      vertex -4.03167 -4.72208 3.93958
    endloop
  endfacet
  facet normal -0.0534151 -0.152169 0.98691
    outer loop
      vertex -4.38545 -0.52072 4.62606
      vertex -5.04572 -2.37005 4.30518
      vertex -4.55883 -2.54096 4.30518
    endloop
  endfacet
  facet normal -0.0759356 -0.194041 0.97805
    outer loop
      vertex -6.24289 -3.98964 3.93958
      vertex -6.95172 -5.77817 3.52971
      vertex -5.69983 -4.20216 3.93958
    endloop
  endfacet
  facet normal -0.0693373 -0.145853 0.986873
    outer loop
      vertex -5.62089 0.0138855 4.62606
      vertex -6.46715 -1.75495 4.30518
      vertex -6.00046 -1.97681 4.30518
    endloop
  endfacet
  facet normal -0.0486319 -0.178044 0.98282
    outer loop
      vertex -4.06639 -2.69444 4.30518
      vertex -4.59355 -4.5686 3.93958
      vertex -3.569 -2.8303 4.30518
    endloop
  endfacet
  facet normal -0.0424626 -0.155458 0.98693
    outer loop
      vertex -3.53428 -0.802662 4.62606
      vertex -4.06639 -2.69444 4.30518
      vertex -3.569 -2.8303 4.30518
    endloop
  endfacet
  facet normal -0.0313032 -0.157987 0.986945
    outer loop
      vertex -2.22655 -1.11044 4.62606
      vertex -2.66589 -1.02339 4.62606
      vertex -2.56178 -3.04856 4.30518
    endloop
  endfacet
  facet normal -0.0369088 -0.156818 0.986938
    outer loop
      vertex -2.66589 -1.02339 4.62606
      vertex -3.569 -2.8303 4.30518
      vertex -3.06726 -2.94839 4.30518
    endloop
  endfacet
  facet normal -0.0548459 -0.126745 0.990418
    outer loop
      vertex -4.42371 1.63348 4.90183
      vertex -5.21526 -0.178937 4.62606
      vertex -4.80328 -0.357212 4.62606
    endloop
  endfacet
  facet normal -0.0641043 -0.14814 0.986887
    outer loop
      vertex -5.21526 -0.178937 4.62606
      vertex -6.00046 -1.97681 4.30518
      vertex -4.80328 -0.357212 4.62606
    endloop
  endfacet
  facet normal -0.0637247 -0.12268 0.990398
    outer loop
      vertex -5.10602 1.97274 4.90183
      vertex -6.01966 0.221023 4.62606
      vertex -4.76777 1.79704 4.90183
    endloop
  endfacet
  facet normal -0.053023 -0.102078 0.993362
    outer loop
      vertex -4.18617 3.73638 5.13216
      vertex -5.10602 1.97274 4.90183
      vertex -4.76777 1.79704 4.90183
    endloop
  endfacet
  facet normal -0.00162926 -0.0915177 0.995802
    outer loop
      vertex 0 4.68087 5.31675
      vertex -0.31119 2.67789 5.13216
      vertex 0 2.67235 5.13216
    endloop
  endfacet
  facet normal -0.00203935 -0.114553 0.993415
    outer loop
      vertex 0 2.67235 5.13216
      vertex -0.31119 2.67789 5.13216
      vertex 0 0.674907 4.90183
    endloop
  endfacet
  facet normal 0.00611287 -0.114413 0.993414
    outer loop
      vertex 0.622002 2.6945 5.13216
      vertex 0.37957 0.681661 4.90183
      vertex 0.758678 0.701916 4.90183
    endloop
  endfacet
  facet normal 0.0122345 -0.137174 0.990471
    outer loop
      vertex 1.13686 0.735646 4.90183
      vertex 0.758678 0.701916 4.90183
      vertex 0.894432 -1.27719 4.62606
    endloop
  endfacet
  facet normal 0.00813156 -0.0911832 0.995801
    outer loop
      vertex 0.932055 2.72215 5.13216
      vertex 0.484567 4.69813 5.31675
      vertex 0.622002 2.6945 5.13216
    endloop
  endfacet
  facet normal 0.00203833 -0.114553 0.993415
    outer loop
      vertex 0.31119 2.67789 5.13216
      vertex 0 0.674907 4.90183
      vertex 0.37957 0.681661 4.90183
    endloop
  endfacet
  facet normal 0.0267818 -0.135167 0.990461
    outer loop
      vertex 2.66589 -1.02339 4.62606
      vertex 1.88862 0.843352 4.90183
      vertex 2.22655 -1.11044 4.62606
    endloop
  endfacet
  facet normal 0.0262748 -0.111632 0.993402
    outer loop
      vertex 2.63117 1.00426 4.90183
      vertex 1.8539 2.87099 5.13216
      vertex 2.26127 0.917197 4.90183
    endloop
  endfacet
  facet normal 0.0222853 -0.112465 0.993406
    outer loop
      vertex 1.8539 2.87099 5.13216
      vertex 1.54838 2.81045 5.13216
      vertex 1.88862 0.843352 4.90183
    endloop
  endfacet
  facet normal 0.018271 -0.113159 0.993409
    outer loop
      vertex 1.54838 2.81045 5.13216
      vertex 1.51366 0.78281 4.90183
      vertex 1.88862 0.843352 4.90183
    endloop
  endfacet
  facet normal 0.00122195 -0.0685737 0.997645
    outer loop
      vertex 0.173376 6.70111 5.4554
      vertex 0 4.68087 5.31675
      vertex 0.242431 4.68519 5.31675
    endloop
  endfacet
  facet normal 0.00365856 -0.0684902 0.997645
    outer loop
      vertex 0.346541 6.71036 5.4554
      vertex 0.173376 6.70111 5.4554
      vertex 0.242431 4.68519 5.31675
    endloop
  endfacet
  facet normal 0.030379 -0.0865435 0.995785
    outer loop
      vertex 3.04971 3.22056 5.13216
      vertex 2.1466 5.02747 5.31675
      vertex 2.75543 3.11726 5.13216
    endloop
  endfacet
  facet normal 0.0136187 -0.0436891 0.998952
    outer loop
      vertex 0.921844 8.87019 5.54792
      vertex 0.822267 8.83915 5.54792
      vertex 1.36933 6.89421 5.4554
    endloop
  endfacet
  facet normal 0.0334388 -0.0854505 0.995781
    outer loop
      vertex 2.60222 5.19653 5.31675
      vertex 2.37586 5.10795 5.31675
      vertex 3.04971 3.22056 5.13216
    endloop
  endfacet
  facet normal 0.0303802 -0.0865429 0.995785
    outer loop
      vertex 2.37586 5.10795 5.31675
      vertex 2.1466 5.02747 5.31675
      vertex 3.04971 3.22056 5.13216
    endloop
  endfacet
  facet normal 0.033437 -0.085451 0.995781
    outer loop
      vertex 3.34028 3.33426 5.13216
      vertex 2.60222 5.19653 5.31675
      vertex 3.04971 3.22056 5.13216
    endloop
  endfacet
  facet normal 0.0593204 -0.124789 0.990408
    outer loop
      vertex 5.62089 0.0138855 4.62606
      vertex 4.42371 1.63348 4.90183
      vertex 5.21526 -0.178937 4.62606
    endloop
  endfacet
  facet normal 0.0680461 -0.120424 0.990388
    outer loop
      vertex 5.43806 2.16036 4.90183
      vertex 5.10602 1.97274 4.90183
      vertex 6.01966 0.221023 4.62606
    endloop
  endfacet
  facet normal 0.0722907 -0.11802 0.990376
    outer loop
      vertex 6.79474 0.677213 4.62606
      vertex 5.43806 2.16036 4.90183
      vertex 6.4111 0.442222 4.62606
    endloop
  endfacet
  facet normal 0.0816153 -0.0443281 0.995678
    outer loop
      vertex 6.54591 8.01427 5.26407
      vertex 6.01589 8.22169 5.31675
      vertex 6.55114 7.90665 5.25885
    endloop
  endfacet
  facet normal 0.0883268 -0.106998 0.990328
    outer loop
      vertex 6.90815 3.20049 4.90183
      vertex 6.696 3.02536 4.90183
      vertex 6.95421 2.8122 4.85577
    endloop
  endfacet
  facet normal 0.0414887 -0.0207575 0.998923
    outer loop
      vertex 2.68124 10.4293 5.54792
      vertex 2.63396 10.3348 5.54792
      vertex 4.4651 9.54238 5.4554
    endloop
  endfacet
  facet normal 0.0511313 -0.0467728 0.997596
    outer loop
      vertex 3.69185 8.3737 5.4554
      vertex 3.57359 8.24442 5.4554
      vertex 4.99693 6.84319 5.31675
    endloop
  endfacet
  facet normal -0.00611287 -0.114413 0.993414
    outer loop
      vertex -0.622002 2.6945 5.13216
      vertex -0.758678 0.701916 4.90183
      vertex -0.37957 0.681661 4.90183
    endloop
  endfacet
  facet normal -0.00734685 -0.137509 0.990473
    outer loop
      vertex -0.758678 0.701916 4.90183
      vertex -0.894432 -1.27719 4.62606
      vertex -0.37957 0.681661 4.90183
    endloop
  endfacet
  facet normal 0.00858594 -0.160726 0.986962
    outer loop
      vertex 0.894432 -1.27719 4.62606
      vertex 0.514861 -3.26788 4.30518
      vertex 1.02909 -3.24041 4.30518
    endloop
  endfacet
  facet normal 0.00858752 -0.160726 0.986962
    outer loop
      vertex 0.894432 -1.27719 4.62606
      vertex 0.447488 -1.30107 4.62606
      vertex 0.514861 -3.26788 4.30518
    endloop
  endfacet
  facet normal 0.0143016 -0.160334 0.986959
    outer loop
      vertex 1.34029 -1.23742 4.62606
      vertex 0.894432 -1.27719 4.62606
      vertex 1.54208 -3.19465 4.30518
    endloop
  endfacet
  facet normal 0.0549378 -0.176268 0.982808
    outer loop
      vertex 4.55883 -2.54096 4.30518
      vertex 4.06639 -2.69444 4.30518
      vertex 4.59355 -4.5686 3.93958
    endloop
  endfacet
  facet normal 0.0422716 -0.179601 0.982831
    outer loop
      vertex 4.03167 -4.72208 3.93958
      vertex 3.06726 -2.94839 4.30518
      vertex 3.46489 -4.85548 3.93958
    endloop
  endfacet
  facet normal 0.0363305 -0.133003 0.99045
    outer loop
      vertex 3.53428 -0.802662 4.62606
      vertex 2.63117 1.00426 4.90183
      vertex 3.10197 -0.92075 4.62606
    endloop
  endfacet
  facet normal -0.0142349 -0.113716 0.993411
    outer loop
      vertex -1.24097 2.76082 5.13216
      vertex -1.51366 0.78281 4.90183
      vertex -0.932055 2.72215 5.13216
    endloop
  endfacet
  facet normal -0.03691 -0.156817 0.986938
    outer loop
      vertex -3.10197 -0.92075 4.62606
      vertex -3.569 -2.8303 4.30518
      vertex -2.66589 -1.02339 4.62606
    endloop
  endfacet
  facet normal -0.0380247 -0.108325 0.993388
    outer loop
      vertex -3.04971 3.22056 5.13216
      vertex -3.71985 1.34357 4.90183
      vertex -3.3609 1.21757 4.90183
    endloop
  endfacet
  facet normal -0.0272819 -0.0875309 0.995788
    outer loop
      vertex -2.1466 5.02747 5.31675
      vertex -2.45779 3.02449 5.13216
      vertex -1.91473 4.9552 5.31675
    endloop
  endfacet
  facet normal -0.0503037 -0.128546 0.990427
    outer loop
      vertex -3.71985 1.34357 4.90183
      vertex -4.80328 -0.357212 4.62606
      vertex -4.38545 -0.52072 4.62606
    endloop
  endfacet
  facet normal -0.0380249 -0.108325 0.993388
    outer loop
      vertex -3.04971 3.22056 5.13216
      vertex -3.3609 1.21757 4.90183
      vertex -2.75543 3.11726 5.13216
    endloop
  endfacet
  facet normal -0.019994 -0.159746 0.986956
    outer loop
      vertex -1.34029 -1.23742 4.62606
      vertex -2.05318 -3.13068 4.30518
      vertex -1.54208 -3.19465 4.30518
    endloop
  endfacet
  facet normal -0.0143016 -0.160334 0.986959
    outer loop
      vertex -1.34029 -1.23742 4.62606
      vertex -1.54208 -3.19465 4.30518
      vertex -0.894432 -1.27719 4.62606
    endloop
  endfacet
  facet normal -0.0085197 -0.068073 0.997644
    outer loop
      vertex -0.519284 6.72577 5.4554
      vertex -0.966773 4.74979 5.31675
      vertex -0.726112 4.71967 5.31675
    endloop
  endfacet
  facet normal -0.0171062 -0.136671 0.990469
    outer loop
      vertex -1.51366 0.78281 4.90183
      vertex -1.78451 -1.18182 4.62606
      vertex -1.34029 -1.23742 4.62606
    endloop
  endfacet
  facet normal -0.0845933 -0.216173 0.972684
    outer loop
      vertex -6.347 -6.01481 3.52971
      vertex -7.65208 -7.54533 3.07606
      vertex -6.98644 -7.80581 3.07606
    endloop
  endfacet
  facet normal -0.0641181 -0.272392 0.960048
    outer loop
      vertex -5.38801 -10.2678 2.57918
      vertex -5.82771 -12.0657 2.0397
      vertex -4.63054 -10.4461 2.57918
    endloop
  endfacet
  facet normal -0.0585865 -0.248922 0.96675
    outer loop
      vertex -4.24701 -8.60661 3.07606
      vertex -4.94173 -8.4431 3.07606
      vertex -4.63054 -10.4461 2.57918
    endloop
  endfacet
  facet normal -0.0407508 -0.252333 0.966782
    outer loop
      vertex -3.54711 -8.7453 3.07606
      vertex -3.86744 -10.5973 2.57918
      vertex -3.09962 -10.7213 2.57918
    endloop
  endfacet
  facet normal -0.0496899 -0.250783 0.966767
    outer loop
      vertex -3.54711 -8.7453 3.07606
      vertex -4.63054 -10.4461 2.57918
      vertex -3.86744 -10.5973 2.57918
    endloop
  endfacet
  facet normal -0.0445958 -0.276142 0.960082
    outer loop
      vertex -3.09962 -10.7213 2.57918
      vertex -3.86744 -10.5973 2.57918
      vertex -3.35257 -12.5561 2.0397
    endloop
  endfacet
  facet normal -0.0407401 -0.252331 0.966783
    outer loop
      vertex -2.84289 -8.859 3.07606
      vertex -3.54711 -8.7453 3.07606
      vertex -3.09962 -10.7213 2.57918
    endloop
  endfacet
  facet normal -0.0761404 -0.244297 0.966707
    outer loop
      vertex -5.63044 -8.25497 3.07606
      vertex -6.31228 -8.04246 3.07606
      vertex -6.1389 -10.0627 2.57918
    endloop
  endfacet
  facet normal -0.0761417 -0.244297 0.966706
    outer loop
      vertex -6.31228 -8.04246 3.07606
      vertex -6.88233 -9.83099 2.57918
      vertex -6.1389 -10.0627 2.57918
    endloop
  endfacet
  facet normal -0.0548443 -0.200775 0.978101
    outer loop
      vertex -4.03167 -4.72208 3.93958
      vertex -5.11511 -6.42286 3.52971
      vertex -4.48944 -6.59377 3.52971
    endloop
  endfacet
  facet normal -0.0611001 -0.223676 0.972746
    outer loop
      vertex -5.11511 -6.42286 3.52971
      vertex -5.63044 -8.25497 3.07606
      vertex -4.94173 -8.4431 3.07606
    endloop
  endfacet
  facet normal -0.0227001 -0.254517 0.966802
    outer loop
      vertex -1.42491 -9.01094 3.07606
      vertex -2.1352 -8.94759 3.07606
      vertex -1.55359 -10.8869 2.57918
    endloop
  endfacet
  facet normal 0.0226763 -0.25451 0.966804
    outer loop
      vertex 2.1352 -8.94759 3.07606
      vertex 1.55359 -10.8869 2.57918
      vertex 2.32802 -10.8179 2.57918
    endloop
  endfacet
  facet normal -0.0377702 -0.301671 0.952664
    outer loop
      vertex -2.51801 -12.6606 2.0397
      vertex -2.79036 -13.0881 1.89353
      vertex -2.56159 -13.0833 1.90412
    endloop
  endfacet
  facet normal -0.00983346 -0.184079 0.982862
    outer loop
      vertex -1.02909 -3.24041 4.30518
      vertex -1.1625 -5.18535 3.93958
      vertex -0.514861 -3.26788 4.30518
    endloop
  endfacet
  facet normal -0.00858594 -0.160726 0.986962
    outer loop
      vertex -0.894432 -1.27719 4.62606
      vertex -1.02909 -3.24041 4.30518
      vertex -0.514861 -3.26788 4.30518
    endloop
  endfacet
  facet normal -0.0258265 -0.206317 0.978144
    outer loop
      vertex -1.74199 -5.13366 3.93958
      vertex -2.58269 -6.97161 3.52971
      vertex -1.93977 -7.05209 3.52971
    endloop
  endfacet
  facet normal -0.0229012 -0.182956 0.982854
    outer loop
      vertex -2.05318 -3.13068 4.30518
      vertex -2.31935 -5.06139 3.93958
      vertex -1.74199 -5.13366 3.93958
    endloop
  endfacet
  facet normal 0.00327979 -0.184304 0.982864
    outer loop
      vertex 0 -3.27704 4.30518
      vertex 0 -5.22673 3.93958
      vertex 0.581606 -5.21638 3.93958
    endloop
  endfacet
  facet normal 0.00983308 -0.184079 0.982862
    outer loop
      vertex 1.1625 -5.18535 3.93958
      vertex 0.514861 -3.26788 4.30518
      vertex 0.581606 -5.21638 3.93958
    endloop
  endfacet
  facet normal -0.0358547 -0.18094 0.98284
    outer loop
      vertex -3.06726 -2.94839 4.30518
      vertex -3.46489 -4.85548 3.93958
      vertex -2.89388 -4.96863 3.93958
    endloop
  endfacet
  facet normal -0.0422716 -0.179601 0.982831
    outer loop
      vertex -3.06726 -2.94839 4.30518
      vertex -4.03167 -4.72208 3.93958
      vertex -3.46489 -4.85548 3.93958
    endloop
  endfacet
  facet normal 0.0833221 -0.267335 0.959995
    outer loop
      vertex 6.88233 -9.83099 2.57918
      vertex 6.1389 -10.0627 2.57918
      vertex 7.44398 -11.5932 2.0397
    endloop
  endfacet
  facet normal 0.0927818 -0.264311 0.959964
    outer loop
      vertex 7.61736 -9.57297 2.57918
      vertex 6.88233 -9.83099 2.57918
      vertex 7.44398 -11.5932 2.0397
    endloop
  endfacet
  facet normal 0.0690179 -0.221445 0.972728
    outer loop
      vertex 6.31228 -8.04246 3.07606
      vertex 5.11511 -6.42286 3.52971
      vertex 5.63044 -8.25497 3.07606
    endloop
  endfacet
  facet normal 0.0611001 -0.223676 0.972746
    outer loop
      vertex 5.11511 -6.42286 3.52971
      vertex 4.94173 -8.4431 3.07606
      vertex 5.63044 -8.25497 3.07606
    endloop
  endfacet
  facet normal 0.0369311 -0.228726 0.97279
    outer loop
      vertex 3.22246 -6.86831 3.52971
      vertex 2.58269 -6.97161 3.52971
      vertex 3.54711 -8.7453 3.07606
    endloop
  endfacet
  facet normal 0.0450463 -0.227319 0.972778
    outer loop
      vertex 3.8583 -6.74231 3.52971
      vertex 3.22246 -6.86831 3.52971
      vertex 3.54711 -8.7453 3.07606
    endloop
  endfacet
  facet normal 0.0270599 -0.302779 0.952677
    outer loop
      vertex 2.51801 -12.6606 2.0397
      vertex 2.35998 -13.0803 1.9108
      vertex 2.56159 -13.0833 1.90412
    endloop
  endfacet
  facet normal 0.0162087 -0.30349 0.952697
    outer loop
      vertex 1.68038 -12.7353 2.0397
      vertex 0.995025 -13.064 1.94665
      vertex 1.70336 -13.0704 1.93256
    endloop
  endfacet
  facet normal 0.0162307 -0.303532 0.952683
    outer loop
      vertex 0.995025 -13.064 1.94665
      vertex 1.68038 -12.7353 2.0397
      vertex 0.840702 -12.7802 2.0397
    endloop
  endfacet
  facet normal 0.0227001 -0.254517 0.966802
    outer loop
      vertex 2.1352 -8.94759 3.07606
      vertex 1.42491 -9.01094 3.07606
      vertex 1.55359 -10.8869 2.57918
    endloop
  endfacet
  facet normal 0.0149251 -0.279197 0.960118
    outer loop
      vertex 1.55359 -10.8869 2.57918
      vertex 0.777269 -10.9284 2.57918
      vertex 0.840702 -12.7802 2.0397
    endloop
  endfacet
  facet normal 0.0698394 -0.00765459 0.997529
    outer loop
      vertex 5.74499 11.0034 5.39753
      vertex 5.8908 10.9185 5.38667
      vertex 5.85492 10.9456 5.38939
    endloop
  endfacet
  facet normal 0.0692849 -0.00861088 0.99756
    outer loop
      vertex 5.5778 11.0634 5.40966
      vertex 5.8908 10.9185 5.38667
      vertex 5.74499 11.0034 5.39753
    endloop
  endfacet
  facet normal 0.069346 -0.00853793 0.997556
    outer loop
      vertex 5.35022 11.1206 5.42597
      vertex 5.5778 11.0634 5.40966
      vertex 5.46452 11.1014 5.41786
    endloop
  endfacet
  facet normal 0.0693877 -0.00837158 0.997555
    outer loop
      vertex 5.5778 11.0634 5.40966
      vertex 5.35022 11.1206 5.42597
      vertex 4.91953 11.0577 5.4554
    endloop
  endfacet
  facet normal 0.0693917 -0.00839862 0.997554
    outer loop
      vertex 4.91953 11.0577 5.4554
      vertex 5.35022 11.1206 5.42597
      vertex 5.21124 11.128 5.4357
    endloop
  endfacet
  facet normal 0.0693301 -0.00814153 0.997561
    outer loop
      vertex 4.91953 11.0577 5.4554
      vertex 5.21124 11.128 5.4357
      vertex 5.09999 11.129 5.44344
    endloop
  endfacet
  facet normal 0.0694189 -0.00836767 0.997553
    outer loop
      vertex 4.91953 11.0577 5.4554
      vertex 5.09999 11.129 5.44344
      vertex 4.92669 11.1171 5.4554
    endloop
  endfacet
  facet normal 0.0693879 -0.00838768 0.997554
    outer loop
      vertex 5.5778 11.0634 5.40966
      vertex 4.91953 11.0577 5.4554
      vertex 5.8908 10.9185 5.38667
    endloop
  endfacet
  facet normal 0.068119 -0.0154316 0.997558
    outer loop
      vertex 4.82031 10.5373 5.4554
      vertex 6.43388 10.1568 5.33933
      vertex 4.85932 10.7095 5.4554
    endloop
  endfacet
  facet normal 0.0681288 -0.0153901 0.997558
    outer loop
      vertex 6.43388 10.1568 5.33933
      vertex 4.82031 10.5373 5.4554
      vertex 6.44001 10.1256 5.33843
    endloop
  endfacet
  facet normal 0.0428701 -0.017852 0.998921
    outer loop
      vertex 4.60614 9.86531 5.4554
      vertex 2.72524 10.5255 5.54792
      vertex 4.53838 9.70259 5.4554
    endloop
  endfacet
  facet normal 0.0858611 -0.0357497 0.995666
    outer loop
      vertex 6.34599 8.88214 5.31675
      vertex 6.49913 9.08562 5.31085
      vertex 6.44073 9.10968 5.31675
    endloop
  endfacet
  facet normal 0.0858901 -0.0357716 0.995662
    outer loop
      vertex 6.49913 9.08562 5.31085
      vertex 6.34599 8.88214 5.31675
      vertex 6.50888 8.83765 5.3011
    endloop
  endfacet
  facet normal 0.0799417 -0.0471974 0.995682
    outer loop
      vertex 6.56075 7.72 5.24924
      vertex 5.89101 8.00981 5.31675
      vertex 6.56803 7.57854 5.24195
    endloop
  endfacet
  facet normal 0.0460054 -0.00714849 0.998916
    outer loop
      vertex 4.48221 11.0967 5.47582
      vertex 4.8924 10.8831 5.4554
      vertex 4.91953 11.0577 5.4554
    endloop
  endfacet
  facet normal 0.0459975 -0.00716364 0.998916
    outer loop
      vertex 4.8924 10.8831 5.4554
      vertex 4.48221 11.0967 5.47582
      vertex 3.8619 11.0683 5.50418
    endloop
  endfacet
  facet normal 0.000394568 -0.0228308 0.999739
    outer loop
      vertex 0.0347176 10.749 5.59421
      vertex 0 10.7484 5.59421
      vertex 0.10411 8.7232 5.54792
    endloop
  endfacet
  facet normal -0.0202919 -0.0111986 0.999731
    outer loop
      vertex -1.42042 10.9926 5.57992
      vertex -2.63396 10.3348 5.54792
      vertex -1.36956 10.9915 5.58094
    endloop
  endfacet
  facet normal 0.0220095 -0.0074389 0.99973
    outer loop
      vertex 2.26976 11.0107 5.56181
      vertex 2.80324 10.7224 5.54792
      vertex 2.83714 10.8227 5.54792
    endloop
  endfacet
  facet normal 0.0220248 -0.0074106 0.99973
    outer loop
      vertex 2.80324 10.7224 5.54792
      vertex 2.26976 11.0107 5.56181
      vertex 2.07725 11.0065 5.56602
    endloop
  endfacet
  facet normal 0.0213934 -0.00901052 0.999731
    outer loop
      vertex 1.84761 11.0015 5.57098
      vertex 1.80186 11.0005 5.57195
      vertex 2.76593 10.6233 5.54792
    endloop
  endfacet
  facet normal 0.00909615 -0.0210189 0.999738
    outer loop
      vertex 1.21336 8.98427 5.54792
      vertex 0.404616 10.836 5.59421
      vertex 1.11751 8.94279 5.54792
    endloop
  endfacet
  facet normal 0.000407876 -0.0228301 0.999739
    outer loop
      vertex 0 10.7484 5.59421
      vertex 0 8.72134 5.54792
      vertex 0.10411 8.7232 5.54792
    endloop
  endfacet
  facet normal -0.0207186 -0.0104113 0.999731
    outer loop
      vertex -1.46816 10.9935 5.57894
      vertex -2.63396 10.3348 5.54792
      vertex -1.42042 10.9926 5.57992
    endloop
  endfacet
  facet normal -0.0195256 -0.0124282 0.999732
    outer loop
      vertex -1.21508 10.9885 5.58401
      vertex -2.47314 10.0619 5.54792
      vertex -1.17617 10.9877 5.58476
    endloop
  endfacet
  facet normal -0.0195189 -0.0124373 0.999732
    outer loop
      vertex -2.47314 10.0619 5.54792
      vertex -1.21508 10.9885 5.58401
      vertex -2.52985 10.1509 5.54792
    endloop
  endfacet
  facet normal 0.0140074 -0.0182366 0.999736
    outer loop
      vertex 0.612452 10.9634 5.59421
      vertex 0.584721 10.9421 5.59421
      vertex 1.83661 9.36604 5.54792
    endloop
  endfacet
  facet normal -0.0377736 -0.301669 0.952664
    outer loop
      vertex -3.35257 -12.5561 2.0397
      vertex -2.79036 -13.0881 1.89353
      vertex -2.51801 -12.6606 2.0397
    endloop
  endfacet
  facet normal -0.0377042 -0.301602 0.952688
    outer loop
      vertex -2.79036 -13.0881 1.89353
      vertex -3.35257 -12.5561 2.0397
      vertex -3.42776 -13.1016 1.86403
    endloop
  endfacet
  facet normal -0.0485153 -0.300106 0.952671
    outer loop
      vertex -3.35257 -12.5561 2.0397
      vertex -3.73285 -13.1098 1.84591
      vertex -3.42776 -13.1016 1.86403
    endloop
  endfacet
  facet normal 0.00602391 -0.022056 0.999739
    outer loop
      vertex 0.822267 8.83915 5.54792
      vertex 0.240661 10.7785 5.59421
      vertex 0.721688 8.81168 5.54792
    endloop
  endfacet
  facet normal 0.0424641 -0.155458 0.986929
    outer loop
      vertex 3.53428 -0.802662 4.62606
      vertex 3.10197 -0.92075 4.62606
      vertex 3.569 -2.8303 4.30518
    endloop
  endfacet
  facet normal 0.0369088 -0.156818 0.986938
    outer loop
      vertex 3.569 -2.8303 4.30518
      vertex 2.66589 -1.02339 4.62606
      vertex 3.06726 -2.94839 4.30518
    endloop
  endfacet
  facet normal 0.0479687 -0.153907 0.98692
    outer loop
      vertex 4.55883 -2.54096 4.30518
      vertex 3.53428 -0.802662 4.62606
      vertex 4.06639 -2.69444 4.30518
    endloop
  endfacet
  facet normal 0.0256691 -0.158963 0.986951
    outer loop
      vertex 2.22655 -1.11044 4.62606
      vertex 1.78451 -1.18182 4.62606
      vertex 2.05318 -3.13068 4.30518
    endloop
  endfacet
  facet normal 0.0759331 -0.194043 0.97805
    outer loop
      vertex 6.95172 -5.77817 3.52971
      vertex 5.69983 -4.20216 3.93958
      vertex 6.347 -6.01481 3.52971
    endloop
  endfacet
  facet normal 0.0689848 -0.196528 0.978068
    outer loop
      vertex 5.69983 -4.20216 3.93958
      vertex 5.14983 -4.39522 3.93958
      vertex 6.347 -6.01481 3.52971
    endloop
  endfacet
  facet normal 0.0845932 -0.216173 0.972684
    outer loop
      vertex 6.95172 -5.77817 3.52971
      vertex 6.347 -6.01481 3.52971
      vertex 7.65208 -7.54533 3.07606
    endloop
  endfacet
  facet normal 0.0845933 -0.216173 0.972684
    outer loop
      vertex 7.65208 -7.54533 3.07606
      vertex 6.347 -6.01481 3.52971
      vertex 6.98644 -7.80581 3.07606
    endloop
  endfacet
  facet normal 0.0922515 -0.213189 0.972646
    outer loop
      vertex 6.95172 -5.77817 3.52971
      vertex 7.59458 -5.62687 3.5019
      vertex 7.54797 -5.52016 3.52971
    endloop
  endfacet
  facet normal 0.0922403 -0.213139 0.972658
    outer loop
      vertex 7.59458 -5.62687 3.5019
      vertex 6.95172 -5.77817 3.52971
      vertex 7.69489 -6.59062 3.2812
    endloop
  endfacet
  facet normal 0.0997864 -0.209891 0.972619
    outer loop
      vertex 7.58194 -5.50401 3.52971
      vertex 7.54797 -5.52016 3.52971
      vertex 7.59458 -5.62687 3.5019
    endloop
  endfacet
  facet normal -0.0933219 -0.238478 0.966654
    outer loop
      vertex -7.8542 -8.05532 2.93073
      vertex -6.98644 -7.80581 3.07606
      vertex -7.65208 -7.54533 3.07606
    endloop
  endfacet
  facet normal -0.0933232 -0.238475 0.966654
    outer loop
      vertex -6.98644 -7.80581 3.07606
      vertex -7.8542 -8.05532 2.93073
      vertex -7.94826 -8.8573 2.7238
    endloop
  endfacet
  facet normal -0.00283765 -0.0226639 0.999739
    outer loop
      vertex -0.103983 10.7539 5.59421
      vertex -0.415174 8.75094 5.54792
      vertex -0.311824 8.738 5.54792
    endloop
  endfacet
  facet normal -0.00440754 -0.0224219 0.999739
    outer loop
      vertex -0.206827 10.7705 5.59421
      vertex -0.620232 8.7878 5.54792
      vertex -0.172743 10.7638 5.59421
    endloop
  endfacet
  facet normal -0.012679 -0.01915 0.999736
    outer loop
      vertex -0.556277 10.9217 5.59421
      vertex -1.66816 9.24127 5.54792
      vertex -1.58083 9.18345 5.54792
    endloop
  endfacet
  facet normal -0.0210009 -0.00986571 0.999731
    outer loop
      vertex -1.68427 10.998 5.57445
      vertex -2.72524 10.5255 5.54792
      vertex -1.63572 10.997 5.57546
    endloop
  endfacet
  facet normal -0.0845676 -0.0386825 0.995667
    outer loop
      vertex -6.51155 8.77254 5.29843
      vertex -6.24352 8.65812 5.31675
      vertex -6.34599 8.88214 5.31675
    endloop
  endfacet
  facet normal -0.0845633 -0.0386723 0.995667
    outer loop
      vertex -6.24352 8.65812 5.31675
      vertex -6.51155 8.77254 5.29843
      vertex -6.52229 8.51951 5.28769
    endloop
  endfacet
  facet normal -0.0831454 -0.041525 0.995672
    outer loop
      vertex -6.52229 8.51951 5.28769
      vertex -6.52513 8.4571 5.28485
      vertex -6.24352 8.65812 5.31675
    endloop
  endfacet
  facet normal -0.0460157 -0.00777605 0.99891
    outer loop
      vertex -2.90517 11.0251 5.54742
      vertex -4.82031 10.5373 5.4554
      vertex -2.90188 11.0249 5.54757
    endloop
  endfacet
  facet normal -0.0453783 -0.0102799 0.998917
    outer loop
      vertex -4.82031 10.5373 5.4554
      vertex -2.90517 11.0251 5.54742
      vertex -4.85932 10.7095 5.4554
    endloop
  endfacet
  facet normal -0.0681182 -0.0154314 0.997558
    outer loop
      vertex -6.43648 10.1559 5.33914
      vertex -4.82031 10.5373 5.4554
      vertex -4.85932 10.7095 5.4554
    endloop
  endfacet
  facet normal -0.0681413 -0.0153333 0.997558
    outer loop
      vertex -4.82031 10.5373 5.4554
      vertex -6.43648 10.1559 5.33914
      vertex -6.44518 10.1243 5.33806
    endloop
  endfacet
  facet normal -0.0669176 -0.0198332 0.997561
    outer loop
      vertex -6.47888 9.86249 5.33111
      vertex -4.77543 10.3665 5.4554
      vertex -6.47821 9.86878 5.33128
    endloop
  endfacet
  facet normal -0.0668515 -0.0200565 0.997561
    outer loop
      vertex -4.77543 10.3665 5.4554
      vertex -6.47888 9.86249 5.33111
      vertex -6.48395 9.62722 5.32604
    endloop
  endfacet
  facet normal -0.0675301 -0.0177549 0.997559
    outer loop
      vertex -6.46424 10.0038 5.33462
      vertex -4.77543 10.3665 5.4554
      vertex -6.4501 10.0961 5.33722
    endloop
  endfacet
  facet normal -0.0675445 -0.0176881 0.997559
    outer loop
      vertex -4.77543 10.3665 5.4554
      vertex -6.46424 10.0038 5.33462
      vertex -6.47821 9.86878 5.33128
    endloop
  endfacet
  facet normal 0.0143174 -0.0173606 0.999747
    outer loop
      vertex 0.612452 10.9634 5.59421
      vertex 0.644727 10.9785 5.59401
      vertex 0.630519 10.9783 5.59421
    endloop
  endfacet
  facet normal 0.0145372 -0.0178306 0.999735
    outer loop
      vertex 0.644727 10.9785 5.59401
      vertex 0.612452 10.9634 5.59421
      vertex 1.83661 9.36604 5.54792
    endloop
  endfacet
  facet normal -0.0225021 -0.00590792 0.999729
    outer loop
      vertex -2.56904 11.0173 5.55519
      vertex -2.89395 11.0246 5.54792
      vertex -2.86759 10.9242 5.54792
    endloop
  endfacet
  facet normal -0.0668519 -0.0200556 0.997561
    outer loop
      vertex -6.48395 9.62722 5.32604
      vertex -4.72473 10.1975 5.4554
      vertex -4.77543 10.3665 5.4554
    endloop
  endfacet
  facet normal -0.0668573 -0.0200391 0.997561
    outer loop
      vertex -4.72473 10.1975 5.4554
      vertex -6.48395 9.62722 5.32604
      vertex -6.48422 9.61468 5.32577
    endloop
  endfacet
  facet normal -0.0660983 -0.0223308 0.997563
    outer loop
      vertex -6.48422 9.61468 5.32577
      vertex -6.49037 9.35815 5.31962
      vertex -4.72473 10.1975 5.4554
    endloop
  endfacet
  facet normal -0.0208077 -0.0102536 0.999731
    outer loop
      vertex -1.54342 10.9951 5.57739
      vertex -2.63396 10.3348 5.54792
      vertex -1.46816 10.9935 5.57894
    endloop
  endfacet
  facet normal -0.0207348 -0.010374 0.999731
    outer loop
      vertex -2.63396 10.3348 5.54792
      vertex -1.54342 10.9951 5.57739
      vertex -2.68124 10.4293 5.54792
    endloop
  endfacet
  facet normal -0.0211028 -0.00963401 0.999731
    outer loop
      vertex -1.63572 10.997 5.57546
      vertex -2.68124 10.4293 5.54792
      vertex -1.54342 10.9951 5.57739
    endloop
  endfacet
  facet normal -0.0210949 -0.00964841 0.999731
    outer loop
      vertex -2.68124 10.4293 5.54792
      vertex -1.63572 10.997 5.57546
      vertex -2.72524 10.5255 5.54792
    endloop
  endfacet
  facet normal -0.0586335 -0.0373523 0.997581
    outer loop
      vertex -4.213 9.07874 5.4554
      vertex -5.89101 8.00981 5.31675
      vertex -5.75895 7.80251 5.31675
    endloop
  endfacet
  facet normal -0.03815 -0.0262044 0.998928
    outer loop
      vertex -2.47314 10.0619 5.54792
      vertex -4.11856 8.93048 5.4554
      vertex -4.0191 8.78568 5.4554
    endloop
  endfacet
  facet normal -0.0390567 -0.0248866 0.998927
    outer loop
      vertex -2.52985 10.1509 5.54792
      vertex -4.213 9.07874 5.4554
      vertex -2.47314 10.0619 5.54792
    endloop
  endfacet
  facet normal -0.03906 -0.0248808 0.998927
    outer loop
      vertex -2.47314 10.0619 5.54792
      vertex -4.213 9.07874 5.4554
      vertex -4.11856 8.93048 5.4554
    endloop
  endfacet
  facet normal -0.0704185 -0.0600415 0.995709
    outer loop
      vertex -6.65882 6.03322 5.15117
      vertex -6.62645 5.68 5.13216
      vertex -5.16229 7.02397 5.31675
    endloop
  endfacet
  facet normal -0.0704185 -0.0600415 0.995709
    outer loop
      vertex -6.62645 5.68 5.13216
      vertex -6.65882 6.03322 5.15117
      vertex -6.67783 5.74026 5.13216
    endloop
  endfacet
  facet normal -0.0854598 -0.0781752 0.99327
    outer loop
      vertex -6.68748 5.62398 5.1225
      vertex -6.41418 5.44795 5.13216
      vertex -6.62645 5.68 5.13216
    endloop
  endfacet
  facet normal -0.08542 -0.0781129 0.993278
    outer loop
      vertex -6.41418 5.44795 5.13216
      vertex -6.68748 5.62398 5.1225
      vertex -6.72006 5.24545 5.08993
    endloop
  endfacet
  facet normal -0.0782409 -0.0498474 0.995688
    outer loop
      vertex -6.57699 7.41363 5.233
      vertex -6.58679 7.23326 5.2232
      vertex -5.75895 7.80251 5.31675
    endloop
  endfacet
  facet normal -0.00488483 -0.0914059 0.995802
    outer loop
      vertex -0.484567 4.69813 5.31675
      vertex -0.622002 2.6945 5.13216
      vertex -0.242431 4.68519 5.31675
    endloop
  endfacet
  facet normal -0.00366019 -0.0684903 0.997645
    outer loop
      vertex -0.346541 6.71036 5.4554
      vertex -0.484567 4.69813 5.31675
      vertex -0.242431 4.68519 5.31675
    endloop
  endfacet
  facet normal -0.0113725 -0.0908492 0.9958
    outer loop
      vertex -0.966773 4.74979 5.31675
      vertex -1.24097 2.76082 5.13216
      vertex -0.932055 2.72215 5.13216
    endloop
  endfacet
  facet normal -0.00851946 -0.068073 0.997644
    outer loop
      vertex -0.691395 6.74731 5.4554
      vertex -0.966773 4.74979 5.31675
      vertex -0.519284 6.72577 5.4554
    endloop
  endfacet
  facet normal -0.0145976 -0.0904045 0.995798
    outer loop
      vertex -1.20626 4.78846 5.31675
      vertex -1.24097 2.76082 5.13216
      vertex -0.966773 4.74979 5.31675
    endloop
  endfacet
  facet normal -0.0182691 -0.113159 0.993409
    outer loop
      vertex -1.24097 2.76082 5.13216
      vertex -1.54838 2.81045 5.13216
      vertex -1.51366 0.78281 4.90183
    endloop
  endfacet
  facet normal -0.0157258 -0.0668265 0.997641
    outer loop
      vertex -1.20184 6.84846 5.4554
      vertex -1.44427 4.83563 5.31675
      vertex -1.03288 6.8087 5.4554
    endloop
  endfacet
  facet normal -0.0104755 -0.0445154 0.998954
    outer loop
      vertex -0.620232 8.7878 5.54792
      vertex -1.20184 6.84846 5.4554
      vertex -1.03288 6.8087 5.4554
    endloop
  endfacet
  facet normal -0.012054 -0.0441293 0.998953
    outer loop
      vertex -0.822267 8.83915 5.54792
      vertex -1.36933 6.89421 5.4554
      vertex -1.20184 6.84846 5.4554
    endloop
  endfacet
  facet normal -0.00602391 -0.022056 0.999739
    outer loop
      vertex -0.240661 10.7785 5.59421
      vertex -0.822267 8.83915 5.54792
      vertex -0.721688 8.81168 5.54792
    endloop
  endfacet
  facet normal -0.0476822 -0.0501571 0.997602
    outer loop
      vertex -3.45098 8.11942 5.4554
      vertex -4.82548 6.66841 5.31675
      vertex -4.64815 6.49983 5.31675
    endloop
  endfacet
  facet normal -0.0636335 -0.0669363 0.995726
    outer loop
      vertex -4.82548 6.66841 5.31675
      vertex -5.96648 5.0072 5.13216
      vertex -4.64815 6.49983 5.31675
    endloop
  endfacet
  facet normal -0.0420752 -0.0547728 0.997612
    outer loop
      vertex -2.92004 7.66525 5.4554
      vertex -4.27672 6.1821 5.31675
      vertex -4.08308 6.03335 5.31675
    endloop
  endfacet
  facet normal -0.0612138 -0.0690743 0.995732
    outer loop
      vertex -4.46516 6.33766 5.31675
      vertex -5.96648 5.0072 5.13216
      vertex -5.73159 4.79904 5.13216
    endloop
  endfacet
  facet normal -0.0267131 -0.0374238 0.998942
    outer loop
      vertex -1.75345 9.30215 5.54792
      vertex -2.92004 7.66525 5.4554
      vertex -1.66816 9.24127 5.54792
    endloop
  endfacet
  facet normal -0.0220544 -0.00733477 0.99973
    outer loop
      vertex -2.07725 11.0065 5.56602
      vertex -2.80324 10.7224 5.54792
      vertex -2.03978 11.0056 5.56684
    endloop
  endfacet
  facet normal -0.0636076 -0.0960795 0.993339
    outer loop
      vertex -4.98619 4.22643 5.13216
      vertex -5.76346 2.35969 4.90183
      vertex -4.72516 4.05362 5.13216
    endloop
  endfacet
  facet normal -0.05082 -0.0767604 0.995754
    outer loop
      vertex -3.88446 5.89157 5.31675
      vertex -4.72516 4.05362 5.13216
      vertex -3.68111 5.75694 5.31675
    endloop
  endfacet
  facet normal -0.0211448 -0.0407057 0.998947
    outer loop
      vertex -1.4005 9.07732 5.54792
      vertex -2.33228 7.29083 5.4554
      vertex -1.30773 9.02913 5.54792
    endloop
  endfacet
  facet normal -0.0452341 -0.0800534 0.995764
    outer loop
      vertex -3.47328 5.62963 5.31675
      vertex -4.18617 3.73638 5.13216
      vertex -3.26121 5.5098 5.31675
    endloop
  endfacet
  facet normal -0.039433 -0.0829537 0.995773
    outer loop
      vertex -3.04517 5.39758 5.31675
      vertex -3.90885 3.59233 5.13216
      vertex -3.62677 3.45824 5.13216
    endloop
  endfacet
  facet normal -0.0423612 -0.0815523 0.995768
    outer loop
      vertex -3.04517 5.39758 5.31675
      vertex -4.18617 3.73638 5.13216
      vertex -3.90885 3.59233 5.13216
    endloop
  endfacet
  facet normal -0.0136182 -0.0436893 0.998952
    outer loop
      vertex -0.921844 8.87019 5.54792
      vertex -1.53516 6.9459 5.4554
      vertex -1.36933 6.89421 5.4554
    endloop
  endfacet
  facet normal -0.0364573 -0.0842542 0.995777
    outer loop
      vertex -2.82542 5.29311 5.31675
      vertex -3.62677 3.45824 5.13216
      vertex -2.60222 5.19653 5.31675
    endloop
  endfacet
  facet normal -0.0340611 -0.0311577 0.998934
    outer loop
      vertex -2.1459 9.64994 5.54792
      vertex -3.69185 8.3737 5.4554
      vertex -3.57359 8.24442 5.4554
    endloop
  endfacet
  facet normal -0.0329332 -0.0323035 0.998935
    outer loop
      vertex -2.1459 9.64994 5.54792
      vertex -3.57359 8.24442 5.4554
      vertex -3.45098 8.11942 5.4554
    endloop
  endfacet
  facet normal -0.0543336 -0.0431586 0.99759
    outer loop
      vertex -3.91474 8.6445 5.4554
      vertex -5.47396 7.40262 5.31675
      vertex -5.32137 7.21052 5.31675
    endloop
  endfacet
  facet normal -0.0599274 -0.0353206 0.997578
    outer loop
      vertex -4.213 9.07874 5.4554
      vertex -6.01589 8.22169 5.31675
      vertex -5.89101 8.00981 5.31675
    endloop
  endfacet
  facet normal -0.0611472 -0.0332478 0.997575
    outer loop
      vertex -4.38637 9.38487 5.4554
      vertex -6.13344 8.43788 5.31675
      vertex -6.01589 8.22169 5.31675
    endloop
  endfacet
  facet normal -0.0682362 -0.0624197 0.995715
    outer loop
      vertex -5.16229 7.02397 5.31675
      vertex -6.62645 5.68 5.13216
      vertex -6.41418 5.44795 5.13216
    endloop
  endfacet
  facet normal -0.0682385 -0.0624179 0.995715
    outer loop
      vertex -5.16229 7.02397 5.31675
      vertex -6.41418 5.44795 5.13216
      vertex -4.99693 6.84319 5.31675
    endloop
  endfacet
  facet normal -0.00122195 -0.0685737 0.997645
    outer loop
      vertex -0.173376 6.70111 5.4554
      vertex -0.242431 4.68519 5.31675
      vertex 0 4.68087 5.31675
    endloop
  endfacet
  facet normal -0.00365856 -0.0684902 0.997645
    outer loop
      vertex -0.173376 6.70111 5.4554
      vertex -0.346541 6.71036 5.4554
      vertex -0.242431 4.68519 5.31675
    endloop
  endfacet
  facet normal -0.00243509 -0.0456234 0.998956
    outer loop
      vertex -0.10411 8.7232 5.54792
      vertex -0.208094 8.72875 5.54792
      vertex -0.173376 6.70111 5.4554
    endloop
  endfacet
  facet normal -0.000816087 -0.0456789 0.998956
    outer loop
      vertex -0.10411 8.7232 5.54792
      vertex -0.173376 6.70111 5.4554
      vertex 0 8.72134 5.54792
    endloop
  endfacet
  facet normal -0.00757859 -0.0215902 0.999738
    outer loop
      vertex -0.340237 10.8095 5.59421
      vertex -1.0203 8.90475 5.54792
      vertex -0.921844 8.87019 5.54792
    endloop
  endfacet
  facet normal -0.00567748 -0.0453452 0.998955
    outer loop
      vertex -0.415174 8.75094 5.54792
      vertex -0.691395 6.74731 5.4554
      vertex -0.311824 8.738 5.54792
    endloop
  endfacet
  facet normal -0.00728751 -0.0451233 0.998955
    outer loop
      vertex -0.415174 8.75094 5.54792
      vertex -0.862662 6.77497 5.4554
      vertex -0.691395 6.74731 5.4554
    endloop
  endfacet
  facet normal -0.0075639 -0.0215946 0.999738
    outer loop
      vertex -0.340237 10.8095 5.59421
      vertex -0.921844 8.87019 5.54792
      vertex -0.307405 10.798 5.59421
    endloop
  endfacet
  facet normal -0.0088848 -0.044847 0.998954
    outer loop
      vertex -0.620232 8.7878 5.54792
      vertex -0.862662 6.77497 5.4554
      vertex -0.518018 8.76755 5.54792
    endloop
  endfacet
  facet normal -0.015163 -0.0431969 0.998952
    outer loop
      vertex -1.0203 8.90475 5.54792
      vertex -1.69911 7.00345 5.4554
      vertex -0.921844 8.87019 5.54792
    endloop
  endfacet
  facet normal -0.0166903 -0.0426515 0.998951
    outer loop
      vertex -1.11751 8.94279 5.54792
      vertex -1.69911 7.00345 5.4554
      vertex -1.0203 8.90475 5.54792
    endloop
  endfacet
  facet normal -0.00604814 -0.0220488 0.999739
    outer loop
      vertex -0.2742 10.7877 5.59421
      vertex -0.822267 8.83915 5.54792
      vertex -0.240661 10.7785 5.59421
    endloop
  endfacet
  facet normal -0.0293093 -0.0355046 0.99894
    outer loop
      vertex -1.91753 9.43284 5.54792
      vertex -3.19329 7.88289 5.4554
      vertex -1.83661 9.36604 5.54792
    endloop
  endfacet
  facet normal -0.0273175 -0.0631317 0.997631
    outer loop
      vertex -2.02062 7.13587 5.4554
      vertex -2.82542 5.29311 5.31675
      vertex -2.60222 5.19653 5.31675
    endloop
  endfacet
  facet normal -0.018199 -0.0420534 0.99895
    outer loop
      vertex -1.21336 8.98427 5.54792
      vertex -2.02062 7.13587 5.4554
      vertex -1.11751 8.94279 5.54792
    endloop
  endfacet
  facet normal -0.0253674 -0.0383143 0.998944
    outer loop
      vertex -1.66816 9.24127 5.54792
      vertex -2.63257 7.46758 5.4554
      vertex -1.58083 9.18345 5.54792
    endloop
  endfacet
  facet normal 0.00405851 -0.0455124 0.998956
    outer loop
      vertex 0.311824 8.738 5.54792
      vertex 0.208094 8.72875 5.54792
      vertex 0.519284 6.72577 5.4554
    endloop
  endfacet
  facet normal 0.00406003 -0.0455121 0.998956
    outer loop
      vertex 0.519284 6.72577 5.4554
      vertex 0.208094 8.72875 5.54792
      vertex 0.346541 6.71036 5.4554
    endloop
  endfacet
  facet normal 0.00728751 -0.0451233 0.998955
    outer loop
      vertex 0.862662 6.77497 5.4554
      vertex 0.415174 8.75094 5.54792
      vertex 0.691395 6.74731 5.4554
    endloop
  endfacet
  facet normal 0.00364237 -0.0225524 0.999739
    outer loop
      vertex 0.518018 8.76755 5.54792
      vertex 0.172743 10.7638 5.59421
      vertex 0.415174 8.75094 5.54792
    endloop
  endfacet
  facet normal 0.0166903 -0.0426515 0.998951
    outer loop
      vertex 1.11751 8.94279 5.54792
      vertex 1.0203 8.90475 5.54792
      vertex 1.69911 7.00345 5.4554
    endloop
  endfacet
  facet normal 0.0423615 -0.0815521 0.995768
    outer loop
      vertex 3.26121 5.5098 5.31675
      vertex 3.04517 5.39758 5.31675
      vertex 4.18617 3.73638 5.13216
    endloop
  endfacet
  facet normal 0.0535184 -0.0749741 0.995748
    outer loop
      vertex 4.08308 6.03335 5.31675
      vertex 3.88446 5.89157 5.31675
      vertex 5.24114 4.40842 5.13216
    endloop
  endfacet
  facet normal 0.015163 -0.0431969 0.998952
    outer loop
      vertex 1.0203 8.90475 5.54792
      vertex 0.921844 8.87019 5.54792
      vertex 1.69911 7.00345 5.4554
    endloop
  endfacet
  facet normal 0.015163 -0.0431968 0.998952
    outer loop
      vertex 1.69911 7.00345 5.4554
      vertex 0.921844 8.87019 5.54792
      vertex 1.53516 6.9459 5.4554
    endloop
  endfacet
  facet normal 0.0456357 -0.105458 0.993376
    outer loop
      vertex 4.42371 1.63348 4.90183
      vertex 3.34028 3.33426 5.13216
      vertex 4.07426 1.48226 4.90183
    endloop
  endfacet
  facet normal 0.0456372 -0.105457 0.993376
    outer loop
      vertex 3.62677 3.45824 5.13216
      vertex 3.34028 3.33426 5.13216
      vertex 4.42371 1.63348 4.90183
    endloop
  endfacet
  facet normal 0.0423612 -0.0815523 0.995768
    outer loop
      vertex 4.18617 3.73638 5.13216
      vertex 3.04517 5.39758 5.31675
      vertex 3.90885 3.59233 5.13216
    endloop
  endfacet
  facet normal 0.0493577 -0.103832 0.993369
    outer loop
      vertex 3.90885 3.59233 5.13216
      vertex 3.62677 3.45824 5.13216
      vertex 4.76777 1.79704 4.90183
    endloop
  endfacet
  facet normal 0.00525961 -0.0222442 0.999739
    outer loop
      vertex 0.240661 10.7785 5.59421
      vertex 0.206827 10.7705 5.59421
      vertex 0.620232 8.7878 5.54792
    endloop
  endfacet
  facet normal 0.0196841 -0.0414048 0.998949
    outer loop
      vertex 2.17777 7.21058 5.4554
      vertex 1.30773 9.02913 5.54792
      vertex 2.02062 7.13587 5.4554
    endloop
  endfacet
  facet normal -0.0168588 -0.0161143 0.999728
    outer loop
      vertex -0.64532 10.9785 5.594
      vertex -1.83661 9.36604 5.54792
      vertex -0.644727 10.9785 5.59401
    endloop
  endfacet
  facet normal -0.0146499 -0.0177465 0.999735
    outer loop
      vertex -1.83661 9.36604 5.54792
      vertex -0.64532 10.9785 5.594
      vertex -1.91753 9.43284 5.54792
    endloop
  endfacet
  facet normal 0.0317629 -0.0334122 0.998937
    outer loop
      vertex 3.45098 8.11942 5.4554
      vertex 1.99612 9.50248 5.54792
      vertex 3.32416 7.99886 5.4554
    endloop
  endfacet
  facet normal 0.0329319 -0.0323045 0.998935
    outer loop
      vertex 2.1459 9.64994 5.54792
      vertex 2.07227 9.57488 5.54792
      vertex 3.45098 8.11942 5.4554
    endloop
  endfacet
  facet normal 0.0305542 -0.0344798 0.998938
    outer loop
      vertex 3.32416 7.99886 5.4554
      vertex 1.91753 9.43284 5.54792
      vertex 3.19329 7.88289 5.4554
    endloop
  endfacet
  facet normal 0.045867 -0.05176 0.997606
    outer loop
      vertex 3.32416 7.99886 5.4554
      vertex 3.19329 7.88289 5.4554
      vertex 4.46516 6.33766 5.31675
    endloop
  endfacet
  facet normal 0.0267131 -0.0374238 0.998942
    outer loop
      vertex 1.75345 9.30215 5.54792
      vertex 1.66816 9.24127 5.54792
      vertex 2.92004 7.66525 5.4554
    endloop
  endfacet
  facet normal 0.0439985 -0.0532983 0.997609
    outer loop
      vertex 4.46516 6.33766 5.31675
      vertex 3.19329 7.88289 5.4554
      vertex 4.27672 6.1821 5.31675
    endloop
  endfacet
  facet normal -0.00121709 -0.0228032 0.999739
    outer loop
      vertex -0.0693922 10.7508 5.59421
      vertex -0.208094 8.72875 5.54792
      vertex -0.10411 8.7232 5.54792
    endloop
  endfacet
  facet normal 0.0280289 -0.0364858 0.998941
    outer loop
      vertex 3.05853 7.77164 5.4554
      vertex 1.83661 9.36604 5.54792
      vertex 2.92004 7.66525 5.4554
    endloop
  endfacet
  facet normal 0.02931 -0.0355039 0.99894
    outer loop
      vertex 3.19329 7.88289 5.4554
      vertex 1.83661 9.36604 5.54792
      vertex 3.05853 7.77164 5.4554
    endloop
  endfacet
  facet normal 0.0422103 -0.0193062 0.998922
    outer loop
      vertex 2.72524 10.5255 5.54792
      vertex 2.68124 10.4293 5.54792
      vertex 4.4651 9.54238 5.4554
    endloop
  endfacet
  facet normal 0.0190479 -0.0131254 0.999732
    outer loop
      vertex 1.1281 10.9868 5.58569
      vertex 1.07755 10.9858 5.58664
      vertex 2.47314 10.0619 5.54792
    endloop
  endfacet
  facet normal 0.0351493 -0.0299719 0.998933
    outer loop
      vertex 2.28522 9.80768 5.54792
      vertex 2.21691 9.72757 5.54792
      vertex 3.69185 8.3737 5.4554
    endloop
  endfacet
  facet normal -0.0893524 -0.134963 0.986814
    outer loop
      vertex -7.08359 0.868446 4.62606
      vertex -7.11578 0.372015 4.55525
      vertex -6.79474 0.677213 4.62606
    endloop
  endfacet
  facet normal -0.0795352 -0.140748 0.986846
    outer loop
      vertex -7.2033 -0.956579 4.36271
      vertex -6.01966 0.221023 4.62606
      vertex -6.4111 0.442222 4.62606
    endloop
  endfacet
  facet normal -0.0795028 -0.14078 0.986844
    outer loop
      vertex -6.01966 0.221023 4.62606
      vertex -7.2033 -0.956579 4.36271
      vertex -7.21175 -1.08219 4.34411
    endloop
  endfacet
  facet normal -0.0734945 -0.0890302 0.993314
    outer loop
      vertex -6.8896 3.39214 4.92038
      vertex -6.696 3.02536 4.90183
      vertex -5.73159 4.79904 5.13216
    endloop
  endfacet
  facet normal -0.0734945 -0.0890302 0.993314
    outer loop
      vertex -6.696 3.02536 4.90183
      vertex -6.8896 3.39214 4.92038
      vertex -6.90815 3.20049 4.90183
    endloop
  endfacet
  facet normal -0.0845089 -0.109929 0.99034
    outer loop
      vertex -6.99998 2.43176 4.81
      vertex -6.696 3.02536 4.90183
      vertex -6.97158 2.66578 4.8384
    endloop
  endfacet
  facet normal -0.0844615 -0.109954 0.990342
    outer loop
      vertex -6.696 3.02536 4.90183
      vertex -6.99998 2.43176 4.81
      vertex -7.00419 2.35159 4.80074
    endloop
  endfacet
  facet normal -0.084467 -0.109951 0.990341
    outer loop
      vertex -7.00419 2.35159 4.80074
      vertex -6.39282 2.79245 4.90183
      vertex -6.696 3.02536 4.90183
    endloop
  endfacet
  facet normal -0.0844561 -0.109966 0.990341
    outer loop
      vertex -6.39282 2.79245 4.90183
      vertex -7.00419 2.35159 4.80074
      vertex -7.02783 1.90144 4.74874
    endloop
  endfacet
  facet normal -0.0922473 -0.213133 0.972659
    outer loop
      vertex -7.69489 -6.59062 3.2812
      vertex -7.65208 -7.54533 3.07606
      vertex -6.95172 -5.77817 3.52971
    endloop
  endfacet
  facet normal -0.0922333 -0.213133 0.97266
    outer loop
      vertex -7.65208 -7.54533 3.07606
      vertex -7.69489 -6.59062 3.2812
      vertex -7.78814 -7.48645 3.07606
    endloop
  endfacet
  facet normal -0.0845932 -0.216173 0.972684
    outer loop
      vertex -6.95172 -5.77817 3.52971
      vertex -7.65208 -7.54533 3.07606
      vertex -6.347 -6.01481 3.52971
    endloop
  endfacet
  facet normal -0.0895401 -0.188355 0.978011
    outer loop
      vertex -7.42173 -3.75018 3.88217
      vertex -6.77834 -3.75794 3.93958
      vertex -7.30554 -3.50732 3.93958
    endloop
  endfacet
  facet normal -0.08954 -0.188374 0.978007
    outer loop
      vertex -6.77834 -3.75794 3.93958
      vertex -7.42173 -3.75018 3.88217
      vertex -7.49389 -4.54019 3.7234
    endloop
  endfacet
  facet normal -0.0794078 -0.167041 0.982747
    outer loop
      vertex -6.46715 -1.75495 4.30518
      vertex -7.30554 -3.50732 3.93958
      vertex -6.77834 -3.75794 3.93958
    endloop
  endfacet
  facet normal -0.085296 -0.164219 0.982729
    outer loop
      vertex -7.29838 -2.23065 4.15354
      vertex -7.30554 -3.50732 3.93958
      vertex -6.92597 -1.51663 4.30518
    endloop
  endfacet
  facet normal -0.0853087 -0.164219 0.982728
    outer loop
      vertex -7.30554 -3.50732 3.93958
      vertex -7.29838 -2.23065 4.15354
      vertex -7.39563 -3.46052 3.93958
    endloop
  endfacet
  facet normal -0.0852985 -0.164219 0.982729
    outer loop
      vertex -6.92597 -1.51663 4.30518
      vertex -7.30554 -3.50732 3.93958
      vertex -6.46715 -1.75495 4.30518
    endloop
  endfacet
  facet normal -0.0680461 -0.120424 0.990388
    outer loop
      vertex -5.43806 2.16036 4.90183
      vertex -6.01966 0.221023 4.62606
      vertex -5.10602 1.97274 4.90183
    endloop
  endfacet
  facet normal -0.06805 -0.120423 0.990388
    outer loop
      vertex -5.43806 2.16036 4.90183
      vertex -6.4111 0.442222 4.62606
      vertex -6.01966 0.221023 4.62606
    endloop
  endfacet
  facet normal -0.0587954 -0.150246 0.986899
    outer loop
      vertex -4.80328 -0.357212 4.62606
      vertex -5.04572 -2.37005 4.30518
      vertex -4.38545 -0.52072 4.62606
    endloop
  endfacet
  facet normal -0.0673395 -0.172073 0.98278
    outer loop
      vertex -5.52645 -2.18192 4.30518
      vertex -5.69983 -4.20216 3.93958
      vertex -5.04572 -2.37005 4.30518
    endloop
  endfacet
  facet normal 0.00203935 -0.114553 0.993415
    outer loop
      vertex 0 2.67235 5.13216
      vertex 0 0.674907 4.90183
      vertex 0.31119 2.67789 5.13216
    endloop
  endfacet
  facet normal 0.00162926 -0.0915177 0.995802
    outer loop
      vertex 0 4.68087 5.31675
      vertex 0 2.67235 5.13216
      vertex 0.31119 2.67789 5.13216
    endloop
  endfacet
  facet normal 0.0113703 -0.0908492 0.9958
    outer loop
      vertex 0.966773 4.74979 5.31675
      vertex 0.726112 4.71967 5.31675
      vertex 0.932055 2.72215 5.13216
    endloop
  endfacet
  facet normal 0.0142349 -0.113716 0.993411
    outer loop
      vertex 1.24097 2.76082 5.13216
      vertex 0.932055 2.72215 5.13216
      vertex 1.51366 0.78281 4.90183
    endloop
  endfacet
  facet normal 0.00488483 -0.0914059 0.995802
    outer loop
      vertex 0.484567 4.69813 5.31675
      vertex 0.242431 4.68519 5.31675
      vertex 0.622002 2.6945 5.13216
    endloop
  endfacet
  facet normal 0.00488479 -0.091406 0.995802
    outer loop
      vertex 0.622002 2.6945 5.13216
      vertex 0.242431 4.68519 5.31675
      vertex 0.31119 2.67789 5.13216
    endloop
  endfacet
  facet normal 0.0241506 -0.088412 0.995791
    outer loop
      vertex 2.45779 3.02449 5.13216
      vertex 1.91473 4.9552 5.31675
      vertex 2.15716 2.94237 5.13216
    endloop
  endfacet
  facet normal 0.0262755 -0.111632 0.993402
    outer loop
      vertex 2.15716 2.94237 5.13216
      vertex 1.8539 2.87099 5.13216
      vertex 2.63117 1.00426 4.90183
    endloop
  endfacet
  facet normal 0.000814117 -0.0456791 0.998956
    outer loop
      vertex 0 8.72134 5.54792
      vertex 0 6.69802 5.4554
      vertex 0.173376 6.70111 5.4554
    endloop
  endfacet
  facet normal 0.00122216 -0.0685737 0.997645
    outer loop
      vertex 0 6.69802 5.4554
      vertex 0 4.68087 5.31675
      vertex 0.173376 6.70111 5.4554
    endloop
  endfacet
  facet normal 0.0241481 -0.0884123 0.995791
    outer loop
      vertex 1.91473 4.9552 5.31675
      vertex 1.68052 4.89123 5.31675
      vertex 2.15716 2.94237 5.13216
    endloop
  endfacet
  facet normal 0.0209918 -0.0891845 0.995794
    outer loop
      vertex 2.15716 2.94237 5.13216
      vertex 1.68052 4.89123 5.31675
      vertex 1.8539 2.87099 5.13216
    endloop
  endfacet
  facet normal 0.00888672 -0.0448467 0.998954
    outer loop
      vertex 1.03288 6.8087 5.4554
      vertex 0.620232 8.7878 5.54792
      vertex 0.862662 6.77497 5.4554
    endloop
  endfacet
  facet normal 0.00851946 -0.068073 0.997644
    outer loop
      vertex 0.691395 6.74731 5.4554
      vertex 0.519284 6.72577 5.4554
      vertex 0.966773 4.74979 5.31675
    endloop
  endfacet
  facet normal 0.0250557 -0.0640282 0.997634
    outer loop
      vertex 2.60222 5.19653 5.31675
      vertex 1.69911 7.00345 5.4554
      vertex 2.37586 5.10795 5.31675
    endloop
  endfacet
  facet normal 0.0227627 -0.0648469 0.997636
    outer loop
      vertex 1.69911 7.00345 5.4554
      vertex 1.53516 6.9459 5.4554
      vertex 2.1466 5.02747 5.31675
    endloop
  endfacet
  facet normal 0.0673388 -0.172073 0.98278
    outer loop
      vertex 6.24289 -3.98964 3.93958
      vertex 5.52645 -2.18192 4.30518
      vertex 5.69983 -4.20216 3.93958
    endloop
  endfacet
  facet normal 0.0457006 -0.130191 0.990435
    outer loop
      vertex 4.38545 -0.52072 4.62606
      vertex 3.71985 1.34357 4.90183
      vertex 3.96228 -0.669264 4.62606
    endloop
  endfacet
  facet normal 0.0764312 -0.0524919 0.995692
    outer loop
      vertex 6.59476 7.09364 5.21522
      vertex 5.61988 7.60003 5.31675
      vertex 6.60762 6.86843 5.20236
    endloop
  endfacet
  facet normal 0.073494 -0.0890305 0.993314
    outer loop
      vertex 5.73159 4.79904 5.13216
      vertex 5.48971 4.59937 5.13216
      vertex 6.696 3.02536 4.90183
    endloop
  endfacet
  facet normal 0.045236 -0.0800527 0.995764
    outer loop
      vertex 4.45838 3.8902 5.13216
      vertex 3.47328 5.62963 5.31675
      vertex 4.18617 3.73638 5.13216
    endloop
  endfacet
  facet normal 0.0722937 -0.118017 0.990376
    outer loop
      vertex 5.76346 2.35969 4.90183
      vertex 5.43806 2.16036 4.90183
      vertex 6.79474 0.677213 4.62606
    endloop
  endfacet
  facet normal 0.0566188 -0.100201 0.993355
    outer loop
      vertex 5.43806 2.16036 4.90183
      vertex 4.18617 3.73638 5.13216
      vertex 5.10602 1.97274 4.90183
    endloop
  endfacet
  facet normal 0.053023 -0.102078 0.993362
    outer loop
      vertex 5.10602 1.97274 4.90183
      vertex 4.18617 3.73638 5.13216
      vertex 4.76777 1.79704 4.90183
    endloop
  endfacet
  facet normal 0.0795352 -0.140748 0.986846
    outer loop
      vertex 6.01966 0.221023 4.62606
      vertex 7.2033 -0.956579 4.36271
      vertex 6.4111 0.442222 4.62606
    endloop
  endfacet
  facet normal 0.0795028 -0.14078 0.986844
    outer loop
      vertex 7.2033 -0.956579 4.36271
      vertex 6.01966 0.221023 4.62606
      vertex 7.21175 -1.08219 4.34411
    endloop
  endfacet
  facet normal 0.0844929 -0.137941 0.98683
    outer loop
      vertex 6.4111 0.442222 4.62606
      vertex 7.18028 -0.608361 4.41335
      vertex 6.79474 0.677213 4.62606
    endloop
  endfacet
  facet normal 0.0845165 -0.137924 0.98683
    outer loop
      vertex 7.18028 -0.608361 4.41335
      vertex 6.4111 0.442222 4.62606
      vertex 7.2033 -0.956579 4.36271
    endloop
  endfacet
  facet normal 0.0380799 -0.0575173 0.997618
    outer loop
      vertex 3.88446 5.89157 5.31675
      vertex 2.63257 7.46758 5.4554
      vertex 3.68111 5.75694 5.31675
    endloop
  endfacet
  facet normal 0.0535184 -0.0749741 0.995748
    outer loop
      vertex 5.24114 4.40842 5.13216
      vertex 3.88446 5.89157 5.31675
      vertex 4.98619 4.22643 5.13216
    endloop
  endfacet
  facet normal 0.0636335 -0.0669363 0.995726
    outer loop
      vertex 4.82548 6.66841 5.31675
      vertex 4.64815 6.49983 5.31675
      vertex 5.96648 5.0072 5.13216
    endloop
  endfacet
  facet normal 0.0612138 -0.0690743 0.995732
    outer loop
      vertex 5.96648 5.0072 5.13216
      vertex 4.46516 6.33766 5.31675
      vertex 5.73159 4.79904 5.13216
    endloop
  endfacet
  facet normal 0.0476816 -0.0501575 0.997602
    outer loop
      vertex 3.45098 8.11942 5.4554
      vertex 3.32416 7.99886 5.4554
      vertex 4.64815 6.49983 5.31675
    endloop
  endfacet
  facet normal 0.0476822 -0.0501571 0.997602
    outer loop
      vertex 4.82548 6.66841 5.31675
      vertex 3.45098 8.11942 5.4554
      vertex 4.64815 6.49983 5.31675
    endloop
  endfacet
  facet normal 0.0361937 -0.028751 0.998931
    outer loop
      vertex 3.91474 8.6445 5.4554
      vertex 2.35075 9.89018 5.54792
      vertex 3.80561 8.50712 5.4554
    endloop
  endfacet
  facet normal 0.0361949 -0.0287497 0.998931
    outer loop
      vertex 2.35075 9.89018 5.54792
      vertex 2.28522 9.80768 5.54792
      vertex 3.80561 8.50712 5.4554
    endloop
  endfacet
  facet normal 0.0122357 -0.137174 0.990471
    outer loop
      vertex 1.13686 0.735646 4.90183
      vertex 0.894432 -1.27719 4.62606
      vertex 1.34029 -1.23742 4.62606
    endloop
  endfacet
  facet normal 0.0171071 -0.136671 0.990469
    outer loop
      vertex 1.51366 0.78281 4.90183
      vertex 1.13686 0.735646 4.90183
      vertex 1.34029 -1.23742 4.62606
    endloop
  endfacet
  facet normal 0.0256666 -0.158963 0.986951
    outer loop
      vertex 2.22655 -1.11044 4.62606
      vertex 2.05318 -3.13068 4.30518
      vertex 2.56178 -3.04856 4.30518
    endloop
  endfacet
  facet normal 0.0293943 -0.18206 0.982848
    outer loop
      vertex 2.89388 -4.96863 3.93958
      vertex 2.05318 -3.13068 4.30518
      vertex 2.31935 -5.06139 3.93958
    endloop
  endfacet
  facet normal -0.0315786 -0.134166 0.990456
    outer loop
      vertex -2.63117 1.00426 4.90183
      vertex -3.10197 -0.92075 4.62606
      vertex -2.66589 -1.02339 4.62606
    endloop
  endfacet
  facet normal -0.0363305 -0.133003 0.99045
    outer loop
      vertex -2.63117 1.00426 4.90183
      vertex -3.53428 -0.802662 4.62606
      vertex -3.10197 -0.92075 4.62606
    endloop
  endfacet
  facet normal -0.0302291 -0.110665 0.993398
    outer loop
      vertex -2.45779 3.02449 5.13216
      vertex -2.63117 1.00426 4.90183
      vertex -2.15716 2.94237 5.13216
    endloop
  endfacet
  facet normal -0.0262755 -0.111632 0.993402
    outer loop
      vertex -2.15716 2.94237 5.13216
      vertex -2.63117 1.00426 4.90183
      vertex -1.8539 2.87099 5.13216
    endloop
  endfacet
  facet normal -0.0241506 -0.088412 0.995791
    outer loop
      vertex -1.91473 4.9552 5.31675
      vertex -2.45779 3.02449 5.13216
      vertex -2.15716 2.94237 5.13216
    endloop
  endfacet
  facet normal -0.0241481 -0.0884123 0.995791
    outer loop
      vertex -1.91473 4.9552 5.31675
      vertex -2.15716 2.94237 5.13216
      vertex -1.68052 4.89123 5.31675
    endloop
  endfacet
  facet normal -0.0410409 -0.131677 0.990443
    outer loop
      vertex -3.3609 1.21757 4.90183
      vertex -3.96228 -0.669264 4.62606
      vertex -3.53428 -0.802662 4.62606
    endloop
  endfacet
  facet normal -0.0457002 -0.130191 0.990435
    outer loop
      vertex -3.71985 1.34357 4.90183
      vertex -3.96228 -0.669264 4.62606
      vertex -3.3609 1.21757 4.90183
    endloop
  endfacet
  facet normal -0.0418552 -0.106957 0.993382
    outer loop
      vertex -3.34028 3.33426 5.13216
      vertex -4.07426 1.48226 4.90183
      vertex -3.71985 1.34357 4.90183
    endloop
  endfacet
  facet normal -0.0418526 -0.106958 0.993382
    outer loop
      vertex -3.34028 3.33426 5.13216
      vertex -3.71985 1.34357 4.90183
      vertex -3.04971 3.22056 5.13216
    endloop
  endfacet
  facet normal -0.0171071 -0.136671 0.990469
    outer loop
      vertex -1.13686 0.735646 4.90183
      vertex -1.51366 0.78281 4.90183
      vertex -1.34029 -1.23742 4.62606
    endloop
  endfacet
  facet normal -0.0122357 -0.137174 0.990471
    outer loop
      vertex -1.13686 0.735646 4.90183
      vertex -1.34029 -1.23742 4.62606
      vertex -0.894432 -1.27719 4.62606
    endloop
  endfacet
  facet normal -0.0267848 -0.135166 0.990461
    outer loop
      vertex -2.26127 0.917197 4.90183
      vertex -2.66589 -1.02339 4.62606
      vertex -1.88862 0.843352 4.90183
    endloop
  endfacet
  facet normal -0.0222862 -0.112465 0.993406
    outer loop
      vertex -1.8539 2.87099 5.13216
      vertex -2.26127 0.917197 4.90183
      vertex -1.88862 0.843352 4.90183
    endloop
  endfacet
  facet normal -0.018271 -0.113159 0.993409
    outer loop
      vertex -1.54838 2.81045 5.13216
      vertex -1.88862 0.843352 4.90183
      vertex -1.51366 0.78281 4.90183
    endloop
  endfacet
  facet normal -0.0219593 -0.136002 0.990465
    outer loop
      vertex -1.88862 0.843352 4.90183
      vertex -2.22655 -1.11044 4.62606
      vertex -1.51366 0.78281 4.90183
    endloop
  endfacet
  facet normal -0.0905672 -0.290599 0.952549
    outer loop
      vertex -7.44398 -11.5932 2.0397
      vertex -7.59361 -12.8864 1.63095
      vertex -6.63989 -11.8438 2.0397
    endloop
  endfacet
  facet normal -0.0902536 -0.290641 0.952566
    outer loop
      vertex -7.44398 -11.5932 2.0397
      vertex -7.65832 -12.8412 1.63861
      vertex -7.59361 -12.8864 1.63095
    endloop
  endfacet
  facet normal -0.0906454 -0.290569 0.952551
    outer loop
      vertex -7.65832 -12.8412 1.63861
      vertex -7.44398 -11.5932 2.0397
      vertex -7.79602 -12.6977 1.66928
    endloop
  endfacet
  facet normal -0.0927818 -0.264311 0.959964
    outer loop
      vertex -6.88233 -9.83099 2.57918
      vertex -7.61736 -9.57297 2.57918
      vertex -7.44398 -11.5932 2.0397
    endloop
  endfacet
  facet normal -0.0768549 -0.218941 0.972707
    outer loop
      vertex -6.347 -6.01481 3.52971
      vertex -6.98644 -7.80581 3.07606
      vertex -6.31228 -8.04246 3.07606
    endloop
  endfacet
  facet normal -0.013631 -0.255141 0.966808
    outer loop
      vertex -1.42491 -9.01094 3.07606
      vertex -1.55359 -10.8869 2.57918
      vertex -0.712891 -9.04898 3.07606
    endloop
  endfacet
  facet normal -0.0347417 -0.277502 0.960097
    outer loop
      vertex -2.32802 -10.8179 2.57918
      vertex -3.09962 -10.7213 2.57918
      vertex -2.51801 -12.6606 2.0397
    endloop
  endfacet
  facet normal -0.0543942 -0.274425 0.960069
    outer loop
      vertex -3.86744 -10.5973 2.57918
      vertex -5.00843 -12.2585 2.0397
      vertex -4.18305 -12.4221 2.0397
    endloop
  endfacet
  facet normal -0.0445546 -0.276132 0.960086
    outer loop
      vertex -3.86744 -10.5973 2.57918
      vertex -4.18305 -12.4221 2.0397
      vertex -3.35257 -12.5561 2.0397
    endloop
  endfacet
  facet normal -0.0674015 -0.246763 0.966729
    outer loop
      vertex -4.94173 -8.4431 3.07606
      vertex -6.1389 -10.0627 2.57918
      vertex -5.38801 -10.2678 2.57918
    endloop
  endfacet
  facet normal -0.0737561 -0.270028 0.960023
    outer loop
      vertex -5.38801 -10.2678 2.57918
      vertex -6.1389 -10.0627 2.57918
      vertex -5.82771 -12.0657 2.0397
    endloop
  endfacet
  facet normal -0.0619513 -0.198773 0.978086
    outer loop
      vertex -4.59355 -4.5686 3.93958
      vertex -5.73455 -6.2298 3.52971
      vertex -5.11511 -6.42286 3.52971
    endloop
  endfacet
  facet normal -0.0690174 -0.221445 0.972727
    outer loop
      vertex -5.73455 -6.2298 3.52971
      vertex -6.31228 -8.04246 3.07606
      vertex -5.11511 -6.42286 3.52971
    endloop
  endfacet
  facet normal -0.0531037 -0.225635 0.972763
    outer loop
      vertex -3.8583 -6.74231 3.52971
      vertex -4.48944 -6.59377 3.52971
      vertex -4.24701 -8.60661 3.07606
    endloop
  endfacet
  facet normal -0.0531058 -0.225636 0.972763
    outer loop
      vertex -4.48944 -6.59377 3.52971
      vertex -4.94173 -8.4431 3.07606
      vertex -4.24701 -8.60661 3.07606
    endloop
  endfacet
  facet normal 0.0123555 -0.231265 0.972812
    outer loop
      vertex 1.2945 -7.10964 3.52971
      vertex 0.712891 -9.04898 3.07606
      vertex 1.42491 -9.01094 3.07606
    endloop
  endfacet
  facet normal -0.0317459 -0.253573 0.966795
    outer loop
      vertex -2.1352 -8.94759 3.07606
      vertex -3.09962 -10.7213 2.57918
      vertex -2.32802 -10.8179 2.57918
    endloop
  endfacet
  facet normal -0.0369311 -0.228726 0.97279
    outer loop
      vertex -3.22246 -6.86831 3.52971
      vertex -3.54711 -8.7453 3.07606
      vertex -2.58269 -6.97161 3.52971
    endloop
  endfacet
  facet normal -0.0369292 -0.228727 0.97279
    outer loop
      vertex -2.58269 -6.97161 3.52971
      vertex -3.54711 -8.7453 3.07606
      vertex -2.84289 -8.859 3.07606
    endloop
  endfacet
  facet normal -0.00369692 -0.207837 0.978156
    outer loop
      vertex -0.581606 -5.21638 3.93958
      vertex -0.647643 -7.1442 3.52971
      vertex 0 -7.15572 3.52971
    endloop
  endfacet
  facet normal 0.0228991 -0.182956 0.982854
    outer loop
      vertex 2.05318 -3.13068 4.30518
      vertex 1.54208 -3.19465 4.30518
      vertex 1.74199 -5.13366 3.93958
    endloop
  endfacet
  facet normal -0.00327979 -0.184304 0.982864
    outer loop
      vertex 0 -3.27704 4.30518
      vertex -0.581606 -5.21638 3.93958
      vertex 0 -5.22673 3.93958
    endloop
  endfacet
  facet normal -0.00327899 -0.184304 0.982864
    outer loop
      vertex -0.514861 -3.26788 4.30518
      vertex -0.581606 -5.21638 3.93958
      vertex 0 -3.27704 4.30518
    endloop
  endfacet
  facet normal 0.109105 -0.284763 0.952369
    outer loop
      vertex 8.24423 -11.3121 2.0397
      vertex 8.23901 -11.3141 2.0397
      vertex 8.24572 -11.3329 2.03331
    endloop
  endfacet
  facet normal 0.0485153 -0.300106 0.952671
    outer loop
      vertex 3.73285 -13.1098 1.84591
      vertex 3.35257 -12.5561 2.0397
      vertex 3.42776 -13.1016 1.86403
    endloop
  endfacet
  facet normal 0.0248382 -0.278517 0.96011
    outer loop
      vertex 2.51801 -12.6606 2.0397
      vertex 1.55359 -10.8869 2.57918
      vertex 1.68038 -12.7353 2.0397
    endloop
  endfacet
  facet normal 0.0149296 -0.279199 0.960117
    outer loop
      vertex 1.55359 -10.8869 2.57918
      vertex 0.840702 -12.7802 2.0397
      vertex 1.68038 -12.7353 2.0397
    endloop
  endfacet
  facet normal 0.0248162 -0.278528 0.960107
    outer loop
      vertex 2.32802 -10.8179 2.57918
      vertex 1.55359 -10.8869 2.57918
      vertex 2.51801 -12.6606 2.0397
    endloop
  endfacet
  facet normal 0.0347417 -0.277502 0.960097
    outer loop
      vertex 3.09962 -10.7213 2.57918
      vertex 2.32802 -10.8179 2.57918
      vertex 2.51801 -12.6606 2.0397
    endloop
  endfacet
  facet normal 0.0854598 -0.0781752 0.99327
    outer loop
      vertex 6.41418 5.44795 5.13216
      vertex 6.68748 5.62398 5.1225
      vertex 6.62645 5.68 5.13216
    endloop
  endfacet
  facet normal 0.08542 -0.0781129 0.993278
    outer loop
      vertex 6.68748 5.62398 5.1225
      vertex 6.41418 5.44795 5.13216
      vertex 6.72006 5.24545 5.08993
    endloop
  endfacet
  facet normal 0.0622924 -0.0311349 0.997572
    outer loop
      vertex 6.24352 8.65812 5.31675
      vertex 4.4651 9.54238 5.4554
      vertex 6.13344 8.43788 5.31675
    endloop
  endfacet
  facet normal 0.0453855 -0.0102352 0.998917
    outer loop
      vertex 3.31762 11.0436 5.52887
      vertex 2.90517 11.0251 5.54742
      vertex 4.85932 10.7095 5.4554
    endloop
  endfacet
  facet normal -0.0044406 -0.0224144 0.999739
    outer loop
      vertex -0.172743 10.7638 5.59421
      vertex -0.620232 8.7878 5.54792
      vertex -0.518018 8.76755 5.54792
    endloop
  endfacet
  facet normal 0.0184511 -0.0139147 0.999733
    outer loop
      vertex 1.02472 10.9849 5.58763
      vertex 0.977444 10.984 5.58849
      vertex 2.35075 9.89018 5.54792
    endloop
  endfacet
  facet normal 0.000816087 -0.0456789 0.998956
    outer loop
      vertex 0.10411 8.7232 5.54792
      vertex 0 8.72134 5.54792
      vertex 0.173376 6.70111 5.4554
    endloop
  endfacet
  facet normal -0.0193421 -0.0127329 0.999732
    outer loop
      vertex -1.07755 10.9858 5.58664
      vertex -2.41342 9.97495 5.54792
      vertex -1.04931 10.9853 5.58718
    endloop
  endfacet
  facet normal -0.0190673 -0.0130961 0.999732
    outer loop
      vertex -2.41342 9.97495 5.54792
      vertex -1.07755 10.9858 5.58664
      vertex -2.47314 10.0619 5.54792
    endloop
  endfacet
  facet normal 0.0020385 -0.0227463 0.999739
    outer loop
      vertex 0.103983 10.7539 5.59421
      vertex 0.0693922 10.7508 5.59421
      vertex 0.311824 8.738 5.54792
    endloop
  endfacet
  facet normal -0.0164843 -0.0161846 0.999733
    outer loop
      vertex -0.741282 10.98 5.59253
      vertex -1.99612 9.50248 5.54792
      vertex -0.736332 10.9799 5.59261
    endloop
  endfacet
  facet normal -0.0158775 -0.0166999 0.999734
    outer loop
      vertex -1.99612 9.50248 5.54792
      vertex -0.741282 10.98 5.59253
      vertex -2.07227 9.57488 5.54792
    endloop
  endfacet
  facet normal -0.0199251 -0.0117996 0.999732
    outer loop
      vertex -1.26077 10.9894 5.58311
      vertex -2.52985 10.1509 5.54792
      vertex -1.21508 10.9885 5.58401
    endloop
  endfacet
  facet normal -0.0199522 -0.0117586 0.999732
    outer loop
      vertex -2.52985 10.1509 5.54792
      vertex -1.26077 10.9894 5.58311
      vertex -2.58348 10.2419 5.54792
    endloop
  endfacet
  facet normal -0.0162307 -0.303532 0.952683
    outer loop
      vertex -1.68038 -12.7353 2.0397
      vertex -0.995025 -13.064 1.94665
      vertex -0.840702 -12.7802 2.0397
    endloop
  endfacet
  facet normal -0.0162087 -0.30349 0.952697
    outer loop
      vertex -0.995025 -13.064 1.94665
      vertex -1.68038 -12.7353 2.0397
      vertex -1.70336 -13.0704 1.93256
    endloop
  endfacet
  facet normal -0.027007 -0.302747 0.952688
    outer loop
      vertex -1.68038 -12.7353 2.0397
      vertex -2.35998 -13.0803 1.9108
      vertex -1.70336 -13.0704 1.93256
    endloop
  endfacet
  facet normal -0.0270001 -0.302759 0.952685
    outer loop
      vertex -2.35998 -13.0803 1.9108
      vertex -1.68038 -12.7353 2.0397
      vertex -2.51801 -12.6606 2.0397
    endloop
  endfacet
  facet normal -0.00677639 -0.0218456 0.999738
    outer loop
      vertex -0.307405 10.798 5.59421
      vertex -0.921844 8.87019 5.54792
      vertex -0.2742 10.7877 5.59421
    endloop
  endfacet
  facet normal -0.0105837 -0.0203377 0.999737
    outer loop
      vertex -0.467024 10.8671 5.59421
      vertex -1.30773 9.02913 5.54792
      vertex -0.436086 10.851 5.59421
    endloop
  endfacet
  facet normal -0.0165515 -0.0160519 0.999734
    outer loop
      vertex -0.794025 10.9808 5.59167
      vertex -2.1459 9.64994 5.54792
      vertex -0.74674 10.98 5.59244
    endloop
  endfacet
  facet normal 0.0220544 -0.00733477 0.99973
    outer loop
      vertex 2.07725 11.0065 5.56602
      vertex 2.03978 11.0056 5.56684
      vertex 2.80324 10.7224 5.54792
    endloop
  endfacet
  facet normal 0.0203617 -0.0110641 0.999731
    outer loop
      vertex 1.36956 10.9915 5.58094
      vertex 2.58348 10.2419 5.54792
      vertex 2.63396 10.3348 5.54792
    endloop
  endfacet
  facet normal 0.0204757 -0.0108795 0.999731
    outer loop
      vertex 2.58348 10.2419 5.54792
      vertex 1.36956 10.9915 5.58094
      vertex 1.31185 10.9904 5.58211
    endloop
  endfacet
  facet normal 0.0548428 -0.200776 0.978101
    outer loop
      vertex 4.59355 -4.5686 3.93958
      vertex 4.03167 -4.72208 3.93958
      vertex 5.11511 -6.42286 3.52971
    endloop
  endfacet
  facet normal 0.0619513 -0.198773 0.978086
    outer loop
      vertex 5.73455 -6.2298 3.52971
      vertex 4.59355 -4.5686 3.93958
      vertex 5.11511 -6.42286 3.52971
    endloop
  endfacet
  facet normal -0.103896 -0.287919 0.952002
    outer loop
      vertex -8.14294 -12.1118 1.80928
      vertex -8.22834 -11.771 1.90303
      vertex -8.15387 -12.086 1.81589
    endloop
  endfacet
  facet normal -0.100758 -0.287279 0.952533
    outer loop
      vertex -8.23901 -11.3141 2.0397
      vertex -8.22834 -11.771 1.90303
      vertex -8.14294 -12.1118 1.80928
    endloop
  endfacet
  facet normal -0.103014 -0.286945 0.952392
    outer loop
      vertex -8.25327 -11.4364 2.00131
      vertex -8.23901 -11.3141 2.0397
      vertex -8.24572 -11.3329 2.03331
    endloop
  endfacet
  facet normal -0.100568 -0.28728 0.952552
    outer loop
      vertex -8.23901 -11.3141 2.0397
      vertex -8.25327 -11.4364 2.00131
      vertex -8.22834 -11.771 1.90303
    endloop
  endfacet
  facet normal -0.100942 -0.287275 0.952515
    outer loop
      vertex -7.44398 -11.5932 2.0397
      vertex -7.86474 -12.6272 1.68326
      vertex -7.79602 -12.6977 1.66928
    endloop
  endfacet
  facet normal -0.100819 -0.287324 0.952513
    outer loop
      vertex -7.44398 -11.5932 2.0397
      vertex -8.03166 -12.3738 1.74203
      vertex -7.86474 -12.6272 1.68326
    endloop
  endfacet
  facet normal -0.10083 -0.287316 0.952514
    outer loop
      vertex -7.44398 -11.5932 2.0397
      vertex -8.14294 -12.1118 1.80928
      vertex -8.03166 -12.3738 1.74203
    endloop
  endfacet
  facet normal -0.100854 -0.287287 0.95252
    outer loop
      vertex -8.14294 -12.1118 1.80928
      vertex -7.44398 -11.5932 2.0397
      vertex -8.23901 -11.3141 2.0397
    endloop
  endfacet
  facet normal -0.0164852 -0.0161243 0.999734
    outer loop
      vertex -0.74674 10.98 5.59244
      vertex -2.07227 9.57488 5.54792
      vertex -0.741282 10.98 5.59253
    endloop
  endfacet
  facet normal -0.0164608 -0.0161472 0.999734
    outer loop
      vertex -2.07227 9.57488 5.54792
      vertex -0.74674 10.98 5.59244
      vertex -2.1459 9.64994 5.54792
    endloop
  endfacet
  facet normal -0.000394568 -0.0228308 0.999739
    outer loop
      vertex -0.0347176 10.749 5.59421
      vertex -0.10411 8.7232 5.54792
      vertex 0 10.7484 5.59421
    endloop
  endfacet
  facet normal -0.0440374 -0.0148679 0.998919
    outer loop
      vertex -2.83714 10.8227 5.54792
      vertex -4.72473 10.1975 5.4554
      vertex -4.66828 10.0303 5.4554
    endloop
  endfacet
  facet normal -0.0434777 -0.0163749 0.99892
    outer loop
      vertex -2.76593 10.6233 5.54792
      vertex -4.66828 10.0303 5.4554
      vertex -4.60614 9.86531 5.4554
    endloop
  endfacet
  facet normal 0.00983767 -0.0206951 0.999737
    outer loop
      vertex 1.30773 9.02913 5.54792
      vertex 0.404616 10.836 5.59421
      vertex 1.21336 8.98427 5.54792
    endloop
  endfacet
  facet normal 0.00202848 -0.0227475 0.999739
    outer loop
      vertex 0.311824 8.738 5.54792
      vertex 0.0693922 10.7508 5.59421
      vertex 0.208094 8.72875 5.54792
    endloop
  endfacet
  facet normal 0.0120225 -0.0195539 0.999737
    outer loop
      vertex 0.527157 10.9025 5.59421
      vertex 0.497393 10.8842 5.59421
      vertex 1.49157 9.12878 5.54792
    endloop
  endfacet
  facet normal -0.0686247 -0.0130767 0.997557
    outer loop
      vertex -6.19009 10.6498 5.36307
      vertex -4.85932 10.7095 5.4554
      vertex -4.8924 10.8831 5.4554
    endloop
  endfacet
  facet normal -0.0680942 -0.0135745 0.997587
    outer loop
      vertex -6.23741 10.5866 5.35898
      vertex -6.19009 10.6498 5.36307
      vertex -6.20464 10.6346 5.36187
    endloop
  endfacet
  facet normal -0.0686201 -0.0131788 0.997556
    outer loop
      vertex -6.19009 10.6498 5.36307
      vertex -6.23741 10.5866 5.35898
      vertex -4.85932 10.7095 5.4554
    endloop
  endfacet
  facet normal -0.0690569 -0.0106571 0.997556
    outer loop
      vertex -6.11352 10.7299 5.36923
      vertex -4.8924 10.8831 5.4554
      vertex -6.01738 10.823 5.37688
    endloop
  endfacet
  facet normal -0.0690504 -0.0107085 0.997556
    outer loop
      vertex -4.8924 10.8831 5.4554
      vertex -6.11352 10.7299 5.36923
      vertex -6.19009 10.6498 5.36307
    endloop
  endfacet
  facet normal -0.0622924 -0.0311349 0.997572
    outer loop
      vertex -4.4651 9.54238 5.4554
      vertex -6.24352 8.65812 5.31675
      vertex -6.13344 8.43788 5.31675
    endloop
  endfacet
  facet normal -0.0633622 -0.0289828 0.99757
    outer loop
      vertex -4.4651 9.54238 5.4554
      vertex -6.34599 8.88214 5.31675
      vertex -6.24352 8.65812 5.31675
    endloop
  endfacet
  facet normal 0.0190673 -0.0130961 0.999732
    outer loop
      vertex 1.07755 10.9858 5.58664
      vertex 2.41342 9.97495 5.54792
      vertex 2.47314 10.0619 5.54792
    endloop
  endfacet
  facet normal 0.0193421 -0.0127329 0.999732
    outer loop
      vertex 2.41342 9.97495 5.54792
      vertex 1.07755 10.9858 5.58664
      vertex 1.04931 10.9853 5.58718
    endloop
  endfacet
  facet normal -0.065268 -0.0245818 0.997565
    outer loop
      vertex -6.49046 9.35423 5.31952
      vertex -4.60614 9.86531 5.4554
      vertex -4.66828 10.0303 5.4554
    endloop
  endfacet
  facet normal -0.0657701 -0.0227336 0.997576
    outer loop
      vertex -4.60614 9.86531 5.4554
      vertex -6.49046 9.35423 5.31952
      vertex -6.49056 9.35057 5.31943
    endloop
  endfacet
  facet normal -0.0214436 -0.0088904 0.999731
    outer loop
      vertex -1.80186 11.0005 5.57195
      vertex -2.72524 10.5255 5.54792
      vertex -1.68427 10.998 5.57445
    endloop
  endfacet
  facet normal -0.0214303 -0.00891616 0.999731
    outer loop
      vertex -2.72524 10.5255 5.54792
      vertex -1.80186 11.0005 5.57195
      vertex -2.76593 10.6233 5.54792
    endloop
  endfacet
  facet normal -0.0745152 -0.0550796 0.995698
    outer loop
      vertex -6.60762 6.86843 5.20236
      vertex -5.47396 7.40262 5.31675
      vertex -5.61988 7.60003 5.31675
    endloop
  endfacet
  facet normal -0.0745018 -0.0551078 0.995697
    outer loop
      vertex -5.47396 7.40262 5.31675
      vertex -6.60762 6.86843 5.20236
      vertex -6.61421 6.75827 5.19577
    endloop
  endfacet
  facet normal 0.00907788 -0.0210258 0.999738
    outer loop
      vertex 0.404616 10.836 5.59421
      vertex 0.372653 10.8222 5.59421
      vertex 1.11751 8.94279 5.54792
    endloop
  endfacet
  facet normal -0.0133511 -0.0187042 0.999736
    outer loop
      vertex -0.584721 10.9421 5.59421
      vertex -1.75345 9.30215 5.54792
      vertex -1.66816 9.24127 5.54792
    endloop
  endfacet
  facet normal -0.019573 -0.0123617 0.999732
    outer loop
      vertex -1.17617 10.9877 5.58476
      vertex -2.47314 10.0619 5.54792
      vertex -1.1281 10.9868 5.58569
    endloop
  endfacet
  facet normal -0.0659744 -0.0647187 0.99572
    outer loop
      vertex -4.82548 6.66841 5.31675
      vertex -6.41418 5.44795 5.13216
      vertex -6.1941 5.2236 5.13216
    endloop
  endfacet
  facet normal -0.0825741 -0.0810025 0.993288
    outer loop
      vertex -6.74451 4.96703 5.06548
      vertex -6.1941 5.2236 5.13216
      vertex -6.41418 5.44795 5.13216
    endloop
  endfacet
  facet normal -0.0825751 -0.0810003 0.993288
    outer loop
      vertex -6.1941 5.2236 5.13216
      vertex -6.74451 4.96703 5.06548
      vertex -6.77636 4.60893 5.03363
    endloop
  endfacet
  facet normal -0.0745278 -0.055062 0.995698
    outer loop
      vertex -6.61421 6.75827 5.19577
      vertex -6.63078 6.48124 5.17921
      vertex -5.47396 7.40262 5.31675
    endloop
  endfacet
  facet normal -0.0558357 -0.0412722 0.997587
    outer loop
      vertex -3.91474 8.6445 5.4554
      vertex -5.61988 7.60003 5.31675
      vertex -5.47396 7.40262 5.31675
    endloop
  endfacet
  facet normal -0.0101783 -0.114134 0.993413
    outer loop
      vertex -0.622002 2.6945 5.13216
      vertex -0.932055 2.72215 5.13216
      vertex -0.758678 0.701916 4.90183
    endloop
  endfacet
  facet normal -0.0142338 -0.113716 0.993411
    outer loop
      vertex -0.932055 2.72215 5.13216
      vertex -1.51366 0.78281 4.90183
      vertex -1.13686 0.735646 4.90183
    endloop
  endfacet
  facet normal -0.0145954 -0.0904045 0.995798
    outer loop
      vertex -1.20626 4.78846 5.31675
      vertex -1.54838 2.81045 5.13216
      vertex -1.24097 2.76082 5.13216
    endloop
  endfacet
  facet normal -0.017804 -0.0898494 0.995796
    outer loop
      vertex -1.20626 4.78846 5.31675
      vertex -1.8539 2.87099 5.13216
      vertex -1.54838 2.81045 5.13216
    endloop
  endfacet
  facet normal -0.0157272 -0.0668264 0.997641
    outer loop
      vertex -1.20184 6.84846 5.4554
      vertex -1.68052 4.89123 5.31675
      vertex -1.44427 4.83563 5.31675
    endloop
  endfacet
  facet normal -0.0209891 -0.0891847 0.995794
    outer loop
      vertex -1.68052 4.89123 5.31675
      vertex -1.8539 2.87099 5.13216
      vertex -1.44427 4.83563 5.31675
    endloop
  endfacet
  facet normal -0.0120526 -0.0441296 0.998953
    outer loop
      vertex -0.822267 8.83915 5.54792
      vertex -1.20184 6.84846 5.4554
      vertex -0.721688 8.81168 5.54792
    endloop
  endfacet
  facet normal -0.0104776 -0.0445148 0.998954
    outer loop
      vertex -0.721688 8.81168 5.54792
      vertex -1.20184 6.84846 5.4554
      vertex -0.620232 8.7878 5.54792
    endloop
  endfacet
  facet normal -0.0458695 -0.0517584 0.997606
    outer loop
      vertex -3.32416 7.99886 5.4554
      vertex -4.64815 6.49983 5.31675
      vertex -4.46516 6.33766 5.31675
    endloop
  endfacet
  facet normal -0.045867 -0.05176 0.997606
    outer loop
      vertex -3.32416 7.99886 5.4554
      vertex -4.46516 6.33766 5.31675
      vertex -3.19329 7.88289 5.4554
    endloop
  endfacet
  facet normal -0.073494 -0.0890305 0.993314
    outer loop
      vertex -5.73159 4.79904 5.13216
      vertex -6.696 3.02536 4.90183
      vertex -5.48971 4.59937 5.13216
    endloop
  endfacet
  facet normal -0.0561515 -0.0730969 0.995743
    outer loop
      vertex -4.27672 6.1821 5.31675
      vertex -5.24114 4.40842 5.13216
      vertex -4.08308 6.03335 5.31675
    endloop
  endfacet
  facet normal -0.0295496 -0.0621566 0.997629
    outer loop
      vertex -2.17777 7.21058 5.4554
      vertex -3.04517 5.39758 5.31675
      vertex -2.02062 7.13587 5.4554
    endloop
  endfacet
  facet normal -0.0317419 -0.0611078 0.997626
    outer loop
      vertex -2.33228 7.29083 5.4554
      vertex -3.26121 5.5098 5.31675
      vertex -3.04517 5.39758 5.31675
    endloop
  endfacet
  facet normal -0.0601531 -0.0981981 0.993347
    outer loop
      vertex -4.72516 4.05362 5.13216
      vertex -5.76346 2.35969 4.90183
      vertex -5.43806 2.16036 4.90183
    endloop
  endfacet
  facet normal -0.0566207 -0.1002 0.993355
    outer loop
      vertex -4.45838 3.8902 5.13216
      vertex -5.43806 2.16036 4.90183
      vertex -4.18617 3.73638 5.13216
    endloop
  endfacet
  facet normal -0.0669872 -0.0938425 0.993331
    outer loop
      vertex -5.24114 4.40842 5.13216
      vertex -6.08184 2.57047 4.90183
      vertex -4.98619 4.22643 5.13216
    endloop
  endfacet
  facet normal -0.0669859 -0.0938431 0.993331
    outer loop
      vertex -5.24114 4.40842 5.13216
      vertex -6.39282 2.79245 4.90183
      vertex -6.08184 2.57047 4.90183
    endloop
  endfacet
  facet normal -0.027318 -0.0631315 0.997631
    outer loop
      vertex -2.02062 7.13587 5.4554
      vertex -2.60222 5.19653 5.31675
      vertex -1.861 7.0668 5.4554
    endloop
  endfacet
  facet normal -0.0295495 -0.0621567 0.997629
    outer loop
      vertex -2.02062 7.13587 5.4554
      vertex -3.04517 5.39758 5.31675
      vertex -2.82542 5.29311 5.31675
    endloop
  endfacet
  facet normal -0.0361949 -0.0287497 0.998931
    outer loop
      vertex -2.35075 9.89018 5.54792
      vertex -3.80561 8.50712 5.4554
      vertex -2.28522 9.80768 5.54792
    endloop
  endfacet
  facet normal -0.0371946 -0.0274942 0.99893
    outer loop
      vertex -2.35075 9.89018 5.54792
      vertex -4.0191 8.78568 5.4554
      vertex -3.91474 8.6445 5.4554
    endloop
  endfacet
  facet normal -0.0399205 -0.0235302 0.998926
    outer loop
      vertex -2.58348 10.2419 5.54792
      vertex -4.30231 9.23026 5.4554
      vertex -4.213 9.07874 5.4554
    endloop
  endfacet
  facet normal -0.0414958 -0.0207413 0.998923
    outer loop
      vertex -2.63396 10.3348 5.54792
      vertex -4.4651 9.54238 5.4554
      vertex -4.38637 9.38487 5.4554
    endloop
  endfacet
  facet normal -0.079966 -0.0471312 0.995683
    outer loop
      vertex -6.55114 7.90665 5.25885
      vertex -5.89101 8.00981 5.31675
      vertex -6.01589 8.22169 5.31675
    endloop
  endfacet
  facet normal -0.0799635 -0.0471474 0.995682
    outer loop
      vertex -5.89101 8.00981 5.31675
      vertex -6.55114 7.90665 5.25885
      vertex -6.56075 7.72 5.24924
    endloop
  endfacet
  facet normal -0.0816153 -0.0443281 0.995678
    outer loop
      vertex -6.54591 8.01427 5.26407
      vertex -6.55114 7.90665 5.25885
      vertex -6.01589 8.22169 5.31675
    endloop
  endfacet
  facet normal -0.00488479 -0.091406 0.995802
    outer loop
      vertex -0.242431 4.68519 5.31675
      vertex -0.622002 2.6945 5.13216
      vertex -0.31119 2.67789 5.13216
    endloop
  endfacet
  facet normal -0.0016308 -0.0915175 0.995802
    outer loop
      vertex -0.242431 4.68519 5.31675
      vertex -0.31119 2.67789 5.13216
      vertex 0 4.68087 5.31675
    endloop
  endfacet
  facet normal -0.0217622 -0.00811512 0.99973
    outer loop
      vertex -1.88975 11.0024 5.57007
      vertex -2.76593 10.6233 5.54792
      vertex -1.84761 11.0015 5.57098
    endloop
  endfacet
  facet normal 0.017355 -0.0152091 0.999734
    outer loop
      vertex 0.896773 10.9826 5.58993
      vertex 0.850564 10.9818 5.59072
      vertex 2.21691 9.72757 5.54792
    endloop
  endfacet
  facet normal -0.0178817 -0.014655 0.999733
    outer loop
      vertex -0.911473 10.9828 5.58967
      vertex -2.21691 9.72757 5.54792
      vertex -0.896773 10.9826 5.58993
    endloop
  endfacet
  facet normal -0.0175685 -0.0149807 0.999733
    outer loop
      vertex -2.21691 9.72757 5.54792
      vertex -0.911473 10.9828 5.58967
      vertex -2.28522 9.80768 5.54792
    endloop
  endfacet
  facet normal -0.0351493 -0.0299719 0.998933
    outer loop
      vertex -2.28522 9.80768 5.54792
      vertex -3.69185 8.3737 5.4554
      vertex -2.21691 9.72757 5.54792
    endloop
  endfacet
  facet normal -0.0140095 -0.018235 0.999736
    outer loop
      vertex -0.584721 10.9421 5.59421
      vertex -1.83661 9.36604 5.54792
      vertex -1.75345 9.30215 5.54792
    endloop
  endfacet
  facet normal -0.0152972 -0.0172113 0.999735
    outer loop
      vertex -0.691849 10.9792 5.5933
      vertex -1.99612 9.50248 5.54792
      vertex -0.645967 10.9785 5.59399
    endloop
  endfacet
  facet normal -0.0305536 -0.0344803 0.998938
    outer loop
      vertex -1.99612 9.50248 5.54792
      vertex -3.32416 7.99886 5.4554
      vertex -1.91753 9.43284 5.54792
    endloop
  endfacet
  facet normal -0.0280305 -0.0364848 0.998941
    outer loop
      vertex -1.83661 9.36604 5.54792
      vertex -2.92004 7.66525 5.4554
      vertex -1.75345 9.30215 5.54792
    endloop
  endfacet
  facet normal -0.038079 -0.057518 0.997618
    outer loop
      vertex -2.778 7.56386 5.4554
      vertex -3.88446 5.89157 5.31675
      vertex -2.63257 7.46758 5.4554
    endloop
  endfacet
  facet normal 0.0056751 -0.0453457 0.998955
    outer loop
      vertex 0.691395 6.74731 5.4554
      vertex 0.311824 8.738 5.54792
      vertex 0.519284 6.72577 5.4554
    endloop
  endfacet
  facet normal 0.0085197 -0.068073 0.997644
    outer loop
      vertex 0.966773 4.74979 5.31675
      vertex 0.519284 6.72577 5.4554
      vertex 0.726112 4.71967 5.31675
    endloop
  endfacet
  facet normal 0.00728771 -0.0451232 0.998955
    outer loop
      vertex 0.518018 8.76755 5.54792
      vertex 0.415174 8.75094 5.54792
      vertex 0.862662 6.77497 5.4554
    endloop
  endfacet
  facet normal 0.0088848 -0.044847 0.998954
    outer loop
      vertex 0.620232 8.7878 5.54792
      vertex 0.518018 8.76755 5.54792
      vertex 0.862662 6.77497 5.4554
    endloop
  endfacet
  facet normal 0.0267134 -0.0374235 0.998942
    outer loop
      vertex 2.92004 7.66525 5.4554
      vertex 1.66816 9.24127 5.54792
      vertex 2.778 7.56386 5.4554
    endloop
  endfacet
  facet normal 0.025366 -0.0383151 0.998944
    outer loop
      vertex 2.778 7.56386 5.4554
      vertex 1.66816 9.24127 5.54792
      vertex 2.63257 7.46758 5.4554
    endloop
  endfacet
  facet normal 0.0295496 -0.0621566 0.997629
    outer loop
      vertex 2.17777 7.21058 5.4554
      vertex 2.02062 7.13587 5.4554
      vertex 3.04517 5.39758 5.31675
    endloop
  endfacet
  facet normal 0.0360086 -0.0587869 0.997621
    outer loop
      vertex 2.63257 7.46758 5.4554
      vertex 2.48394 7.37654 5.4554
      vertex 3.47328 5.62963 5.31675
    endloop
  endfacet
  facet normal 0.0601531 -0.0981981 0.993347
    outer loop
      vertex 5.76346 2.35969 4.90183
      vertex 4.72516 4.05362 5.13216
      vertex 5.43806 2.16036 4.90183
    endloop
  endfacet
  facet normal 0.0636076 -0.0960795 0.993339
    outer loop
      vertex 4.98619 4.22643 5.13216
      vertex 4.72516 4.05362 5.13216
      vertex 5.76346 2.35969 4.90183
    endloop
  endfacet
  facet normal 0.027318 -0.0631315 0.997631
    outer loop
      vertex 2.02062 7.13587 5.4554
      vertex 1.861 7.0668 5.4554
      vertex 2.60222 5.19653 5.31675
    endloop
  endfacet
  facet normal 0.0181975 -0.0420542 0.99895
    outer loop
      vertex 2.02062 7.13587 5.4554
      vertex 1.11751 8.94279 5.54792
      vertex 1.861 7.0668 5.4554
    endloop
  endfacet
  facet normal 0.00440754 -0.0224219 0.999739
    outer loop
      vertex 0.206827 10.7705 5.59421
      vertex 0.172743 10.7638 5.59421
      vertex 0.620232 8.7878 5.54792
    endloop
  endfacet
  facet normal 0.0239869 -0.0391605 0.998945
    outer loop
      vertex 2.63257 7.46758 5.4554
      vertex 1.58083 9.18345 5.54792
      vertex 2.48394 7.37654 5.4554
    endloop
  endfacet
  facet normal 0.0317649 -0.0334101 0.998937
    outer loop
      vertex 2.07227 9.57488 5.54792
      vertex 1.99612 9.50248 5.54792
      vertex 3.45098 8.11942 5.4554
    endloop
  endfacet
  facet normal 0.0158775 -0.0166999 0.999734
    outer loop
      vertex 0.741282 10.98 5.59253
      vertex 1.99612 9.50248 5.54792
      vertex 2.07227 9.57488 5.54792
    endloop
  endfacet
  facet normal 0.0164843 -0.0161846 0.999733
    outer loop
      vertex 1.99612 9.50248 5.54792
      vertex 0.741282 10.98 5.59253
      vertex 0.736332 10.9799 5.59261
    endloop
  endfacet
  facet normal 0.00523671 -0.0222486 0.999739
    outer loop
      vertex 0.721688 8.81168 5.54792
      vertex 0.240661 10.7785 5.59421
      vertex 0.620232 8.7878 5.54792
    endloop
  endfacet
  facet normal 0.0440313 -0.014882 0.998919
    outer loop
      vertex 2.83714 10.8227 5.54792
      vertex 2.80324 10.7224 5.54792
      vertex 4.66828 10.0303 5.4554
    endloop
  endfacet
  facet normal -0.0157717 -0.0167922 0.999735
    outer loop
      vertex -0.736332 10.9799 5.59261
      vertex -1.99612 9.50248 5.54792
      vertex -0.691849 10.9792 5.5933
    endloop
  endfacet
  facet normal 0.0140095 -0.018235 0.999736
    outer loop
      vertex 1.83661 9.36604 5.54792
      vertex 0.584721 10.9421 5.59421
      vertex 1.75345 9.30215 5.54792
    endloop
  endfacet
  facet normal 0.0133511 -0.0187042 0.999736
    outer loop
      vertex 1.75345 9.30215 5.54792
      vertex 0.584721 10.9421 5.59421
      vertex 1.66816 9.24127 5.54792
    endloop
  endfacet
  facet normal 0.0175685 -0.0149807 0.999733
    outer loop
      vertex 0.911473 10.9828 5.58967
      vertex 2.21691 9.72757 5.54792
      vertex 2.28522 9.80768 5.54792
    endloop
  endfacet
  facet normal 0.0178817 -0.014655 0.999733
    outer loop
      vertex 2.21691 9.72757 5.54792
      vertex 0.911473 10.9828 5.58967
      vertex 0.896773 10.9826 5.58993
    endloop
  endfacet
  facet normal 0.0611472 -0.0332478 0.997575
    outer loop
      vertex 6.13344 8.43788 5.31675
      vertex 4.38637 9.38487 5.4554
      vertex 6.01589 8.22169 5.31675
    endloop
  endfacet
  facet normal 0.0653982 -0.0246263 0.997555
    outer loop
      vertex 6.49056 9.35057 5.31943
      vertex 6.44073 9.10968 5.31675
      vertex 6.49323 9.2491 5.31675
    endloop
  endfacet
  facet normal 0.0652601 -0.0245979 0.997565
    outer loop
      vertex 6.44073 9.10968 5.31675
      vertex 6.49056 9.35057 5.31943
      vertex 4.60614 9.86531 5.4554
    endloop
  endfacet
  facet normal 0.0691418 -0.0106071 0.99755
    outer loop
      vertex 6.08801 10.7621 5.37134
      vertex 6.19066 10.6497 5.36303
      vertex 6.179 10.6668 5.36402
    endloop
  endfacet
  facet normal 0.068992 -0.0107446 0.997559
    outer loop
      vertex 6.01294 10.8232 5.37719
      vertex 6.19066 10.6497 5.36303
      vertex 6.08801 10.7621 5.37134
    endloop
  endfacet
  facet normal 0.0690552 -0.0106795 0.997556
    outer loop
      vertex 6.19066 10.6497 5.36303
      vertex 6.01294 10.8232 5.37719
      vertex 4.8924 10.8831 5.4554
    endloop
  endfacet
  facet normal 0.0457159 -0.0087113 0.998916
    outer loop
      vertex 3.53208 11.0533 5.51914
      vertex 4.85932 10.7095 5.4554
      vertex 4.8924 10.8831 5.4554
    endloop
  endfacet
  facet normal 0.0457148 -0.00871556 0.998917
    outer loop
      vertex 4.85932 10.7095 5.4554
      vertex 3.53208 11.0533 5.51914
      vertex 3.31762 11.0436 5.52887
    endloop
  endfacet
  facet normal 0.0686244 -0.0130766 0.997557
    outer loop
      vertex 4.85932 10.7095 5.4554
      vertex 6.19066 10.6497 5.36303
      vertex 4.8924 10.8831 5.4554
    endloop
  endfacet
  facet normal 0.0686241 -0.0130821 0.997557
    outer loop
      vertex 6.19066 10.6497 5.36303
      vertex 4.85932 10.7095 5.4554
      vertex 6.23351 10.587 5.35926
    endloop
  endfacet
  facet normal -0.0120225 -0.0195539 0.999737
    outer loop
      vertex -0.527157 10.9025 5.59421
      vertex -1.49157 9.12878 5.54792
      vertex -0.497393 10.8842 5.59421
    endloop
  endfacet
  facet normal -0.0702837 -0.0914921 0.993322
    outer loop
      vertex -5.48971 4.59937 5.13216
      vertex -6.696 3.02536 4.90183
      vertex -5.24114 4.40842 5.13216
    endloop
  endfacet
  facet normal -0.0561523 -0.0730965 0.995743
    outer loop
      vertex -4.27672 6.1821 5.31675
      vertex -5.48971 4.59937 5.13216
      vertex -5.24114 4.40842 5.13216
    endloop
  endfacet
  facet normal -0.0827882 -0.19132 0.97803
    outer loop
      vertex -6.77834 -3.75794 3.93958
      vertex -6.95172 -5.77817 3.52971
      vertex -6.24289 -3.98964 3.93958
    endloop
  endfacet
  facet normal -0.0587977 -0.150246 0.986899
    outer loop
      vertex -4.80328 -0.357212 4.62606
      vertex -5.52645 -2.18192 4.30518
      vertex -5.04572 -2.37005 4.30518
    endloop
  endfacet
  facet normal -0.0910957 -0.1612 0.982709
    outer loop
      vertex -7.22945 -1.34513 4.30518
      vertex -7.27011 -1.86746 4.21573
      vertex -6.92597 -1.51663 4.30518
    endloop
  endfacet
  facet normal -0.0744795 -0.14339 0.98686
    outer loop
      vertex -6.01966 0.221023 4.62606
      vertex -6.92597 -1.51663 4.30518
      vertex -6.46715 -1.75495 4.30518
    endloop
  endfacet
  facet normal -0.0795355 -0.14075 0.986845
    outer loop
      vertex -7.21175 -1.08219 4.34411
      vertex -6.92597 -1.51663 4.30518
      vertex -6.01966 0.221023 4.62606
    endloop
  endfacet
  facet normal -0.0795419 -0.140754 0.986844
    outer loop
      vertex -6.92597 -1.51663 4.30518
      vertex -7.21175 -1.08219 4.34411
      vertex -7.22945 -1.34513 4.30518
    endloop
  endfacet
  facet normal -0.0911161 -0.16118 0.98271
    outer loop
      vertex -7.27011 -1.86746 4.21573
      vertex -7.29838 -2.23065 4.15354
      vertex -6.92597 -1.51663 4.30518
    endloop
  endfacet
  facet normal -0.0641027 -0.148142 0.986886
    outer loop
      vertex -4.80328 -0.357212 4.62606
      vertex -6.00046 -1.97681 4.30518
      vertex -5.52645 -2.18192 4.30518
    endloop
  endfacet
  facet normal -0.0734149 -0.169662 0.982764
    outer loop
      vertex -6.00046 -1.97681 4.30518
      vertex -6.77834 -3.75794 3.93958
      vertex -5.52645 -2.18192 4.30518
    endloop
  endfacet
  facet normal 0.00243509 -0.0456234 0.998956
    outer loop
      vertex 0.208094 8.72875 5.54792
      vertex 0.10411 8.7232 5.54792
      vertex 0.173376 6.70111 5.4554
    endloop
  endfacet
  facet normal 0.00121709 -0.0228032 0.999739
    outer loop
      vertex 0.208094 8.72875 5.54792
      vertex 0.0693922 10.7508 5.59421
      vertex 0.10411 8.7232 5.54792
    endloop
  endfacet
  facet normal 0.0133408 -0.0673239 0.997642
    outer loop
      vertex 1.03288 6.8087 5.4554
      vertex 0.862662 6.77497 5.4554
      vertex 1.44427 4.83563 5.31675
    endloop
  endfacet
  facet normal 0.0145954 -0.0904045 0.995798
    outer loop
      vertex 1.54838 2.81045 5.13216
      vertex 1.20626 4.78846 5.31675
      vertex 1.24097 2.76082 5.13216
    endloop
  endfacet
  facet normal 0.0418526 -0.106958 0.993382
    outer loop
      vertex 3.34028 3.33426 5.13216
      vertex 3.04971 3.22056 5.13216
      vertex 3.71985 1.34357 4.90183
    endloop
  endfacet
  facet normal 0.0380247 -0.108325 0.993388
    outer loop
      vertex 3.71985 1.34357 4.90183
      vertex 3.04971 3.22056 5.13216
      vertex 3.3609 1.21757 4.90183
    endloop
  endfacet
  facet normal 0.0548471 -0.126744 0.990418
    outer loop
      vertex 4.42371 1.63348 4.90183
      vertex 4.07426 1.48226 4.90183
      vertex 4.80328 -0.357212 4.62606
    endloop
  endfacet
  facet normal 0.0503036 -0.128546 0.990427
    outer loop
      vertex 4.07426 1.48226 4.90183
      vertex 3.71985 1.34357 4.90183
      vertex 4.80328 -0.357212 4.62606
    endloop
  endfacet
  facet normal 0.0744823 -0.143389 0.98686
    outer loop
      vertex 6.01966 0.221023 4.62606
      vertex 5.62089 0.0138855 4.62606
      vertex 6.46715 -1.75495 4.30518
    endloop
  endfacet
  facet normal 0.0534151 -0.152169 0.98691
    outer loop
      vertex 5.04572 -2.37005 4.30518
      vertex 4.38545 -0.52072 4.62606
      vertex 4.55883 -2.54096 4.30518
    endloop
  endfacet
  facet normal 0.0744795 -0.14339 0.98686
    outer loop
      vertex 6.92597 -1.51663 4.30518
      vertex 6.01966 0.221023 4.62606
      vertex 6.46715 -1.75495 4.30518
    endloop
  endfacet
  facet normal 0.0805057 -0.112783 0.990353
    outer loop
      vertex 6.08184 2.57047 4.90183
      vertex 7.02783 1.90144 4.74874
      vertex 6.39282 2.79245 4.90183
    endloop
  endfacet
  facet normal 0.0805232 -0.112759 0.990354
    outer loop
      vertex 7.02783 1.90144 4.74874
      vertex 6.08184 2.57047 4.90183
      vertex 7.04087 1.65877 4.72005
    endloop
  endfacet
  facet normal 0.0669859 -0.0938431 0.993331
    outer loop
      vertex 6.39282 2.79245 4.90183
      vertex 5.24114 4.40842 5.13216
      vertex 6.08184 2.57047 4.90183
    endloop
  endfacet
  facet normal 0.0702852 -0.0914905 0.993322
    outer loop
      vertex 6.696 3.02536 4.90183
      vertex 5.24114 4.40842 5.13216
      vertex 6.39282 2.79245 4.90183
    endloop
  endfacet
  facet normal 0.084467 -0.109951 0.990341
    outer loop
      vertex 6.39282 2.79245 4.90183
      vertex 7.00419 2.35159 4.80074
      vertex 6.696 3.02536 4.90183
    endloop
  endfacet
  facet normal 0.0844561 -0.109966 0.990341
    outer loop
      vertex 7.00419 2.35159 4.80074
      vertex 6.39282 2.79245 4.90183
      vertex 7.02783 1.90144 4.74874
    endloop
  endfacet
  facet normal 0.0420764 -0.0547717 0.997612
    outer loop
      vertex 3.05853 7.77164 5.4554
      vertex 2.92004 7.66525 5.4554
      vertex 4.27672 6.1821 5.31675
    endloop
  endfacet
  facet normal 0.0360104 -0.058786 0.997621
    outer loop
      vertex 3.68111 5.75694 5.31675
      vertex 2.63257 7.46758 5.4554
      vertex 3.47328 5.62963 5.31675
    endloop
  endfacet
  facet normal 0.0659744 -0.0647187 0.99572
    outer loop
      vertex 6.41418 5.44795 5.13216
      vertex 4.82548 6.66841 5.31675
      vertex 6.1941 5.2236 5.13216
    endloop
  endfacet
  facet normal 0.0825741 -0.0810025 0.993288
    outer loop
      vertex 6.1941 5.2236 5.13216
      vertex 6.74451 4.96703 5.06548
      vertex 6.41418 5.44795 5.13216
    endloop
  endfacet
  facet normal 0.0825751 -0.0810003 0.993288
    outer loop
      vertex 6.74451 4.96703 5.06548
      vertex 6.1941 5.2236 5.13216
      vertex 6.77636 4.60893 5.03363
    endloop
  endfacet
  facet normal 0.0766139 -0.0864571 0.993305
    outer loop
      vertex 6.82943 4.03017 4.98056
      vertex 5.96648 5.0072 5.13216
      vertex 6.88412 3.4503 4.92587
    endloop
  endfacet
  facet normal 0.0796654 -0.0837604 0.993296
    outer loop
      vertex 6.79844 4.36808 5.01154
      vertex 5.96648 5.0072 5.13216
      vertex 6.82943 4.03017 4.98056
    endloop
  endfacet
  facet normal 0.0704185 -0.0600415 0.995709
    outer loop
      vertex 6.65882 6.03322 5.15117
      vertex 6.62645 5.68 5.13216
      vertex 6.67783 5.74026 5.13216
    endloop
  endfacet
  facet normal 0.0704185 -0.0600415 0.995709
    outer loop
      vertex 6.62645 5.68 5.13216
      vertex 6.65882 6.03322 5.15117
      vertex 5.16229 7.02397 5.31675
    endloop
  endfacet
  facet normal 0.0845676 -0.0386825 0.995667
    outer loop
      vertex 6.24352 8.65812 5.31675
      vertex 6.51155 8.77254 5.29843
      vertex 6.34599 8.88214 5.31675
    endloop
  endfacet
  facet normal 0.0845633 -0.0386723 0.995667
    outer loop
      vertex 6.51155 8.77254 5.29843
      vertex 6.24352 8.65812 5.31675
      vertex 6.52229 8.51951 5.28769
    endloop
  endfacet
  facet normal 0.0599266 -0.0353224 0.997578
    outer loop
      vertex 4.30231 9.23026 5.4554
      vertex 4.213 9.07874 5.4554
      vertex 6.01589 8.22169 5.31675
    endloop
  endfacet
  facet normal 0.0558357 -0.0412722 0.997587
    outer loop
      vertex 5.61988 7.60003 5.31675
      vertex 3.91474 8.6445 5.4554
      vertex 5.47396 7.40262 5.31675
    endloop
  endfacet
  facet normal 0.0745152 -0.0550796 0.995698
    outer loop
      vertex 5.47396 7.40262 5.31675
      vertex 6.60762 6.86843 5.20236
      vertex 5.61988 7.60003 5.31675
    endloop
  endfacet
  facet normal 0.0745018 -0.0551078 0.995697
    outer loop
      vertex 6.60762 6.86843 5.20236
      vertex 5.47396 7.40262 5.31675
      vertex 6.61421 6.75827 5.19577
    endloop
  endfacet
  facet normal 0.0293958 -0.182059 0.982848
    outer loop
      vertex 2.56178 -3.04856 4.30518
      vertex 2.05318 -3.13068 4.30518
      vertex 2.89388 -4.96863 3.93958
    endloop
  endfacet
  facet normal 0.0404341 -0.204045 0.978126
    outer loop
      vertex 3.46489 -4.85548 3.93958
      vertex 3.22246 -6.86831 3.52971
      vertex 3.8583 -6.74231 3.52971
    endloop
  endfacet
  facet normal 0.042271 -0.179601 0.982831
    outer loop
      vertex 3.569 -2.8303 4.30518
      vertex 3.06726 -2.94839 4.30518
      vertex 4.03167 -4.72208 3.93958
    endloop
  endfacet
  facet normal 0.0486332 -0.178043 0.98282
    outer loop
      vertex 4.59355 -4.5686 3.93958
      vertex 3.569 -2.8303 4.30518
      vertex 4.03167 -4.72208 3.93958
    endloop
  endfacet
  facet normal -0.0227639 -0.0648466 0.997636
    outer loop
      vertex -1.69911 7.00345 5.4554
      vertex -2.37586 5.10795 5.31675
      vertex -2.1466 5.02747 5.31675
    endloop
  endfacet
  facet normal -0.0303802 -0.0865429 0.995785
    outer loop
      vertex -2.37586 5.10795 5.31675
      vertex -3.04971 3.22056 5.13216
      vertex -2.1466 5.02747 5.31675
    endloop
  endfacet
  facet normal -0.0341475 -0.109562 0.993393
    outer loop
      vertex -2.45779 3.02449 5.13216
      vertex -3.3609 1.21757 4.90183
      vertex -2.99786 1.10442 4.90183
    endloop
  endfacet
  facet normal -0.0410404 -0.131677 0.990443
    outer loop
      vertex -3.3609 1.21757 4.90183
      vertex -3.53428 -0.802662 4.62606
      vertex -2.99786 1.10442 4.90183
    endloop
  endfacet
  facet normal -0.0534155 -0.152169 0.98691
    outer loop
      vertex -4.38545 -0.52072 4.62606
      vertex -4.55883 -2.54096 4.30518
      vertex -3.96228 -0.669264 4.62606
    endloop
  endfacet
  facet normal -0.0479693 -0.153907 0.98692
    outer loop
      vertex -3.96228 -0.669264 4.62606
      vertex -4.55883 -2.54096 4.30518
      vertex -3.53428 -0.802662 4.62606
    endloop
  endfacet
  facet normal -0.0364606 -0.0842522 0.995777
    outer loop
      vertex -2.60222 5.19653 5.31675
      vertex -3.62677 3.45824 5.13216
      vertex -3.34028 3.33426 5.13216
    endloop
  endfacet
  facet normal -0.0456372 -0.105457 0.993376
    outer loop
      vertex -3.62677 3.45824 5.13216
      vertex -4.42371 1.63348 4.90183
      vertex -3.34028 3.33426 5.13216
    endloop
  endfacet
  facet normal -0.00813156 -0.0911832 0.995801
    outer loop
      vertex -0.484567 4.69813 5.31675
      vertex -0.932055 2.72215 5.13216
      vertex -0.622002 2.6945 5.13216
    endloop
  endfacet
  facet normal -0.00813135 -0.0911832 0.995801
    outer loop
      vertex -0.726112 4.71967 5.31675
      vertex -0.932055 2.72215 5.13216
      vertex -0.484567 4.69813 5.31675
    endloop
  endfacet
  facet normal -0.0847867 -0.241535 0.966681
    outer loop
      vertex -6.31228 -8.04246 3.07606
      vertex -7.61736 -9.57297 2.57918
      vertex -6.88233 -9.83099 2.57918
    endloop
  endfacet
  facet normal -0.0927879 -0.264311 0.959964
    outer loop
      vertex -7.61736 -9.57297 2.57918
      vertex -8.23901 -11.3141 2.0397
      vertex -7.44398 -11.5932 2.0397
    endloop
  endfacet
  facet normal -0.0801039 -0.293518 0.952591
    outer loop
      vertex -6.63989 -11.8438 2.0397
      vertex -6.54693 -13.2094 1.62674
      vertex -6.38092 -13.202 1.64298
    endloop
  endfacet
  facet normal -0.0801569 -0.29352 0.952586
    outer loop
      vertex -6.63989 -11.8438 2.0397
      vertex -6.85401 -13.1959 1.60506
      vertex -6.54693 -13.2094 1.62674
    endloop
  endfacet
  facet normal -0.0802299 -0.293508 0.952584
    outer loop
      vertex -6.85401 -13.1959 1.60506
      vertex -6.63989 -11.8438 2.0397
      vertex -7.00997 -13.1595 1.60314
    endloop
  endfacet
  facet normal -0.0802641 -0.293502 0.952583
    outer loop
      vertex -5.82771 -12.0657 2.0397
      vertex -6.38092 -13.202 1.64298
      vertex -6.10261 -13.1897 1.67022
    endloop
  endfacet
  facet normal -0.0801976 -0.293533 0.952579
    outer loop
      vertex -6.38092 -13.202 1.64298
      vertex -5.82771 -12.0657 2.0397
      vertex -6.63989 -11.8438 2.0397
    endloop
  endfacet
  facet normal -0.0619527 -0.198772 0.978086
    outer loop
      vertex -5.14983 -4.39522 3.93958
      vertex -5.73455 -6.2298 3.52971
      vertex -4.59355 -4.5686 3.93958
    endloop
  endfacet
  facet normal -0.0689871 -0.196526 0.978069
    outer loop
      vertex -5.14983 -4.39522 3.93958
      vertex -6.347 -6.01481 3.52971
      vertex -5.73455 -6.2298 3.52971
    endloop
  endfacet
  facet normal -0.0404341 -0.204045 0.978126
    outer loop
      vertex -3.46489 -4.85548 3.93958
      vertex -3.8583 -6.74231 3.52971
      vertex -3.22246 -6.86831 3.52971
    endloop
  endfacet
  facet normal -0.0476692 -0.202533 0.978114
    outer loop
      vertex -3.46489 -4.85548 3.93958
      vertex -4.03167 -4.72208 3.93958
      vertex -3.8583 -6.74231 3.52971
    endloop
  endfacet
  facet normal -0.0287728 -0.229854 0.9728
    outer loop
      vertex -1.93977 -7.05209 3.52971
      vertex -2.58269 -6.97161 3.52971
      vertex -2.1352 -8.94759 3.07606
    endloop
  endfacet
  facet normal -0.0287735 -0.229854 0.9728
    outer loop
      vertex -2.58269 -6.97161 3.52971
      vertex -2.84289 -8.859 3.07606
      vertex -2.1352 -8.94759 3.07606
    endloop
  endfacet
  facet normal -0.00495442 -0.279543 0.96012
    outer loop
      vertex 0 -10.9422 2.57918
      vertex -0.840702 -12.7802 2.0397
      vertex 0 -12.7951 2.0397
    endloop
  endfacet
  facet normal 0.00495442 -0.279543 0.96012
    outer loop
      vertex 0 -10.9422 2.57918
      vertex 0 -12.7951 2.0397
      vertex 0.840702 -12.7802 2.0397
    endloop
  endfacet
  facet normal 0.00454361 -0.25545 0.966812
    outer loop
      vertex 0.712891 -9.04898 3.07606
      vertex 0 -9.06166 3.07606
      vertex 0.777269 -10.9284 2.57918
    endloop
  endfacet
  facet normal 0.00453543 -0.255453 0.966811
    outer loop
      vertex 0 -9.06166 3.07606
      vertex 0 -10.9422 2.57918
      vertex 0.777269 -10.9284 2.57918
    endloop
  endfacet
  facet normal -0.0331474 -0.205306 0.978136
    outer loop
      vertex -2.31935 -5.06139 3.93958
      vertex -2.89388 -4.96863 3.93958
      vertex -2.58269 -6.97161 3.52971
    endloop
  endfacet
  facet normal -0.0258254 -0.206317 0.978144
    outer loop
      vertex -2.31935 -5.06139 3.93958
      vertex -2.58269 -6.97161 3.52971
      vertex -1.74199 -5.13366 3.93958
    endloop
  endfacet
  facet normal 0.0258265 -0.206317 0.978144
    outer loop
      vertex 2.58269 -6.97161 3.52971
      vertex 1.74199 -5.13366 3.93958
      vertex 1.93977 -7.05209 3.52971
    endloop
  endfacet
  facet normal 0.0258254 -0.206317 0.978144
    outer loop
      vertex 2.31935 -5.06139 3.93958
      vertex 1.74199 -5.13366 3.93958
      vertex 2.58269 -6.97161 3.52971
    endloop
  endfacet
  facet normal 0.00983346 -0.184079 0.982862
    outer loop
      vertex 1.02909 -3.24041 4.30518
      vertex 0.514861 -3.26788 4.30518
      vertex 1.1625 -5.18535 3.93958
    endloop
  endfacet
  facet normal 0.0163802 -0.183629 0.982859
    outer loop
      vertex 1.54208 -3.19465 4.30518
      vertex 1.02909 -3.24041 4.30518
      vertex 1.1625 -5.18535 3.93958
    endloop
  endfacet
  facet normal -0.00369859 -0.207838 0.978156
    outer loop
      vertex 0 -5.22673 3.93958
      vertex -0.581606 -5.21638 3.93958
      vertex 0 -7.15572 3.52971
    endloop
  endfacet
  facet normal 0.0184687 -0.207077 0.97815
    outer loop
      vertex 1.93977 -7.05209 3.52971
      vertex 1.1625 -5.18535 3.93958
      vertex 1.2945 -7.10964 3.52971
    endloop
  endfacet
  facet normal 0.00544239 -0.303898 0.952689
    outer loop
      vertex 0.840702 -12.7802 2.0397
      vertex 0.711669 -13.0623 1.95045
      vertex 0.850379 -13.0627 1.94953
    endloop
  endfacet
  facet normal 0.0682385 -0.0624179 0.995715
    outer loop
      vertex 5.16229 7.02397 5.31675
      vertex 4.99693 6.84319 5.31675
      vertex 6.41418 5.44795 5.13216
    endloop
  endfacet
  facet normal 0.076424 -0.0524905 0.995693
    outer loop
      vertex 5.61988 7.60003 5.31675
      vertex 6.58679 7.23326 5.2232
      vertex 5.75895 7.80251 5.31675
    endloop
  endfacet
  facet normal 0.0764022 -0.0525476 0.995691
    outer loop
      vertex 6.58679 7.23326 5.2232
      vertex 5.61988 7.60003 5.31675
      vertex 6.59476 7.09364 5.21522
    endloop
  endfacet
  facet normal 0.0453783 -0.0102799 0.998917
    outer loop
      vertex 2.90517 11.0251 5.54742
      vertex 4.82031 10.5373 5.4554
      vertex 4.85932 10.7095 5.4554
    endloop
  endfacet
  facet normal 0.0460157 -0.00777605 0.99891
    outer loop
      vertex 4.82031 10.5373 5.4554
      vertex 2.90517 11.0251 5.54742
      vertex 2.90188 11.0249 5.54757
    endloop
  endfacet
  facet normal 0.0660983 -0.0223308 0.997563
    outer loop
      vertex 6.48422 9.61468 5.32577
      vertex 4.72473 10.1975 5.4554
      vertex 6.49037 9.35815 5.31962
    endloop
  endfacet
  facet normal 0.0844092 -0.0389225 0.995671
    outer loop
      vertex 6.51006 8.80768 5.29993
      vertex 6.34599 8.88214 5.31675
      vertex 6.51155 8.77254 5.29843
    endloop
  endfacet
  facet normal -0.00368169 -0.0225477 0.999739
    outer loop
      vertex -0.172743 10.7638 5.59421
      vertex -0.415174 8.75094 5.54792
      vertex -0.138447 10.7582 5.59421
    endloop
  endfacet
  facet normal 0.0170247 -0.0155729 0.999734
    outer loop
      vertex 0.802562 10.981 5.59153
      vertex 2.1459 9.64994 5.54792
      vertex 2.21691 9.72757 5.54792
    endloop
  endfacet
  facet normal 0.0167658 -0.0158342 0.999734
    outer loop
      vertex 2.1459 9.64994 5.54792
      vertex 0.802562 10.981 5.59153
      vertex 0.794025 10.9808 5.59167
    endloop
  endfacet
  facet normal 0.0224456 -0.0060893 0.99973
    outer loop
      vertex 2.56904 11.0173 5.55519
      vertex 2.55067 11.0169 5.5556
      vertex 2.86759 10.9242 5.54792
    endloop
  endfacet
  facet normal -0.017355 -0.0152091 0.999734
    outer loop
      vertex -0.896773 10.9826 5.58993
      vertex -2.21691 9.72757 5.54792
      vertex -0.850564 10.9818 5.59072
    endloop
  endfacet
  facet normal 0.0157717 -0.0167922 0.999735
    outer loop
      vertex 0.736332 10.9799 5.59261
      vertex 0.691849 10.9792 5.5933
      vertex 1.99612 9.50248 5.54792
    endloop
  endfacet
  facet normal 0 0 1
    outer loop
      vertex 0.630519 10.9783 5.59421
      vertex 0.584721 10.9421 5.59421
      vertex 0.612452 10.9634 5.59421
    endloop
  endfacet
  facet normal 0 0 1
    outer loop
      vertex 0.630519 10.9783 5.59421
      vertex 0.556277 10.9217 5.59421
      vertex 0.584721 10.9421 5.59421
    endloop
  endfacet
  facet normal 0 0 1
    outer loop
      vertex 0.630519 10.9783 5.59421
      vertex 0.527157 10.9025 5.59421
      vertex 0.556277 10.9217 5.59421
    endloop
  endfacet
  facet normal 0 0 1
    outer loop
      vertex 0.630519 10.9783 5.59421
      vertex 0.497393 10.8842 5.59421
      vertex 0.527157 10.9025 5.59421
    endloop
  endfacet
  facet normal 0 0 1
    outer loop
      vertex 0.630519 10.9783 5.59421
      vertex 0.467024 10.8671 5.59421
      vertex 0.497393 10.8842 5.59421
    endloop
  endfacet
  facet normal 0 0 1
    outer loop
      vertex 0.630519 10.9783 5.59421
      vertex 0.436086 10.851 5.59421
      vertex 0.467024 10.8671 5.59421
    endloop
  endfacet
  facet normal 0 0 1
    outer loop
      vertex 0.630519 10.9783 5.59421
      vertex 0.404616 10.836 5.59421
      vertex 0.436086 10.851 5.59421
    endloop
  endfacet
  facet normal 0 0 1
    outer loop
      vertex 0.630519 10.9783 5.59421
      vertex 0.372653 10.8222 5.59421
      vertex 0.404616 10.836 5.59421
    endloop
  endfacet
  facet normal 0 0 1
    outer loop
      vertex 0.630519 10.9783 5.59421
      vertex 0.340237 10.8095 5.59421
      vertex 0.372653 10.8222 5.59421
    endloop
  endfacet
  facet normal 0 0 1
    outer loop
      vertex 0.630519 10.9783 5.59421
      vertex 0.307405 10.798 5.59421
      vertex 0.340237 10.8095 5.59421
    endloop
  endfacet
  facet normal 0 0 1
    outer loop
      vertex 0.630519 10.9783 5.59421
      vertex 0.2742 10.7877 5.59421
      vertex 0.307405 10.798 5.59421
    endloop
  endfacet
  facet normal 0 0 1
    outer loop
      vertex 0.630519 10.9783 5.59421
      vertex 0.240661 10.7785 5.59421
      vertex 0.2742 10.7877 5.59421
    endloop
  endfacet
  facet normal 0 0 1
    outer loop
      vertex 0.630519 10.9783 5.59421
      vertex 0.206827 10.7705 5.59421
      vertex 0.240661 10.7785 5.59421
    endloop
  endfacet
  facet normal 0 0 1
    outer loop
      vertex 0.630519 10.9783 5.59421
      vertex 0.172743 10.7638 5.59421
      vertex 0.206827 10.7705 5.59421
    endloop
  endfacet
  facet normal 0 0 1
    outer loop
      vertex 0.630519 10.9783 5.59421
      vertex 0.138447 10.7582 5.59421
      vertex 0.172743 10.7638 5.59421
    endloop
  endfacet
  facet normal 0 0 1
    outer loop
      vertex 0.630519 10.9783 5.59421
      vertex 0.103983 10.7539 5.59421
      vertex 0.138447 10.7582 5.59421
    endloop
  endfacet
  facet normal 0 0 1
    outer loop
      vertex 0.630519 10.9783 5.59421
      vertex 0.0693922 10.7508 5.59421
      vertex 0.103983 10.7539 5.59421
    endloop
  endfacet
  facet normal 0 0 1
    outer loop
      vertex 0.630519 10.9783 5.59421
      vertex 0.0347176 10.749 5.59421
      vertex 0.0693922 10.7508 5.59421
    endloop
  endfacet
  facet normal 0 0 1
    outer loop
      vertex 0.630519 10.9783 5.59421
      vertex 0 10.7484 5.59421
      vertex 0.0347176 10.749 5.59421
    endloop
  endfacet
  facet normal 0 0 1
    outer loop
      vertex 0.630519 10.9783 5.59421
      vertex -0.0347176 10.749 5.59421
      vertex 0 10.7484 5.59421
    endloop
  endfacet
  facet normal 0 0 1
    outer loop
      vertex 0.630519 10.9783 5.59421
      vertex -0.0693922 10.7508 5.59421
      vertex -0.0347176 10.749 5.59421
    endloop
  endfacet
  facet normal 0 0 1
    outer loop
      vertex 0.630519 10.9783 5.59421
      vertex -0.103983 10.7539 5.59421
      vertex -0.0693922 10.7508 5.59421
    endloop
  endfacet
  facet normal 0 0 1
    outer loop
      vertex 0.630519 10.9783 5.59421
      vertex -0.138447 10.7582 5.59421
      vertex -0.103983 10.7539 5.59421
    endloop
  endfacet
  facet normal 0 0 1
    outer loop
      vertex 0.630519 10.9783 5.59421
      vertex -0.172743 10.7638 5.59421
      vertex -0.138447 10.7582 5.59421
    endloop
  endfacet
  facet normal 0 0 1
    outer loop
      vertex 0.630519 10.9783 5.59421
      vertex -0.206827 10.7705 5.59421
      vertex -0.172743 10.7638 5.59421
    endloop
  endfacet
  facet normal 0 0 1
    outer loop
      vertex 0.630519 10.9783 5.59421
      vertex -0.240661 10.7785 5.59421
      vertex -0.206827 10.7705 5.59421
    endloop
  endfacet
  facet normal 0 0 1
    outer loop
      vertex 0.630519 10.9783 5.59421
      vertex -0.2742 10.7877 5.59421
      vertex -0.240661 10.7785 5.59421
    endloop
  endfacet
  facet normal 0 0 1
    outer loop
      vertex 0.630519 10.9783 5.59421
      vertex -0.307405 10.798 5.59421
      vertex -0.2742 10.7877 5.59421
    endloop
  endfacet
  facet normal 0 0 1
    outer loop
      vertex 0.630519 10.9783 5.59421
      vertex -0.340237 10.8095 5.59421
      vertex -0.307405 10.798 5.59421
    endloop
  endfacet
  facet normal 0 0 1
    outer loop
      vertex 0.630519 10.9783 5.59421
      vertex -0.372653 10.8222 5.59421
      vertex -0.340237 10.8095 5.59421
    endloop
  endfacet
  facet normal 0 0 1
    outer loop
      vertex 0.630519 10.9783 5.59421
      vertex -0.404616 10.836 5.59421
      vertex -0.372653 10.8222 5.59421
    endloop
  endfacet
  facet normal 0 0 1
    outer loop
      vertex 0.630519 10.9783 5.59421
      vertex -0.436086 10.851 5.59421
      vertex -0.404616 10.836 5.59421
    endloop
  endfacet
  facet normal 0 0 1
    outer loop
      vertex 0.630519 10.9783 5.59421
      vertex -0.467024 10.8671 5.59421
      vertex -0.436086 10.851 5.59421
    endloop
  endfacet
  facet normal 0 0 1
    outer loop
      vertex 0.630519 10.9783 5.59421
      vertex -0.497393 10.8842 5.59421
      vertex -0.467024 10.8671 5.59421
    endloop
  endfacet
  facet normal 0 0 1
    outer loop
      vertex 0.630519 10.9783 5.59421
      vertex -0.527157 10.9025 5.59421
      vertex -0.497393 10.8842 5.59421
    endloop
  endfacet
  facet normal 0 0 1
    outer loop
      vertex 0.630519 10.9783 5.59421
      vertex -0.556277 10.9217 5.59421
      vertex -0.527157 10.9025 5.59421
    endloop
  endfacet
  facet normal 0 0 1
    outer loop
      vertex 0.630519 10.9783 5.59421
      vertex -0.584721 10.9421 5.59421
      vertex -0.556277 10.9217 5.59421
    endloop
  endfacet
  facet normal 0 0 1
    outer loop
      vertex 0.630519 10.9783 5.59421
      vertex -0.612452 10.9634 5.59421
      vertex -0.584721 10.9421 5.59421
    endloop
  endfacet
  facet normal 0 -0 1
    outer loop
      vertex -0.612452 10.9634 5.59421
      vertex 0.630519 10.9783 5.59421
      vertex -0.630519 10.9783 5.59421
    endloop
  endfacet
  facet normal 0.00757859 -0.0215902 0.999738
    outer loop
      vertex 1.0203 8.90475 5.54792
      vertex 0.340237 10.8095 5.59421
      vertex 0.921844 8.87019 5.54792
    endloop
  endfacet
  facet normal -0.0167658 -0.0158342 0.999734
    outer loop
      vertex -0.802562 10.981 5.59153
      vertex -2.1459 9.64994 5.54792
      vertex -0.794025 10.9808 5.59167
    endloop
  endfacet
  facet normal -0.0170247 -0.0155729 0.999734
    outer loop
      vertex -2.1459 9.64994 5.54792
      vertex -0.802562 10.981 5.59153
      vertex -2.21691 9.72757 5.54792
    endloop
  endfacet
  facet normal 0.0165515 -0.0160519 0.999734
    outer loop
      vertex 0.794025 10.9808 5.59167
      vertex 0.74674 10.98 5.59244
      vertex 2.1459 9.64994 5.54792
    endloop
  endfacet
  facet normal 0.0133947 -0.0186764 0.999736
    outer loop
      vertex 0.584721 10.9421 5.59421
      vertex 0.556277 10.9217 5.59421
      vertex 1.66816 9.24127 5.54792
    endloop
  endfacet
  facet normal 0.00680652 -0.0218354 0.999738
    outer loop
      vertex 0.921844 8.87019 5.54792
      vertex 0.2742 10.7877 5.59421
      vertex 0.822267 8.83915 5.54792
    endloop
  endfacet
  facet normal -0.0140074 -0.0182366 0.999736
    outer loop
      vertex -0.612452 10.9634 5.59421
      vertex -1.83661 9.36604 5.54792
      vertex -0.584721 10.9421 5.59421
    endloop
  endfacet
  facet normal -0.0133947 -0.0186764 0.999736
    outer loop
      vertex -0.584721 10.9421 5.59421
      vertex -1.66816 9.24127 5.54792
      vertex -0.556277 10.9217 5.59421
    endloop
  endfacet
  facet normal 0.0611745 -0.174277 0.982795
    outer loop
      vertex 5.69983 -4.20216 3.93958
      vertex 4.55883 -2.54096 4.30518
      vertex 5.14983 -4.39522 3.93958
    endloop
  endfacet
  facet normal 0.0549386 -0.176268 0.982808
    outer loop
      vertex 5.14983 -4.39522 3.93958
      vertex 4.55883 -2.54096 4.30518
      vertex 4.59355 -4.5686 3.93958
    endloop
  endfacet
  facet normal -0.084786 -0.241535 0.966681
    outer loop
      vertex -6.98644 -7.80581 3.07606
      vertex -7.61736 -9.57297 2.57918
      vertex -6.31228 -8.04246 3.07606
    endloop
  endfacet
  facet normal -0.0933138 -0.238483 0.966653
    outer loop
      vertex -7.94826 -8.8573 2.7238
      vertex -7.61736 -9.57297 2.57918
      vertex -6.98644 -7.80581 3.07606
    endloop
  endfacet
  facet normal -0.0933254 -0.238488 0.966651
    outer loop
      vertex -7.61736 -9.57297 2.57918
      vertex -7.94826 -8.8573 2.7238
      vertex -8.01399 -9.41776 2.57918
    endloop
  endfacet
  facet normal -0.0213934 -0.00901052 0.999731
    outer loop
      vertex -1.84761 11.0015 5.57098
      vertex -2.76593 10.6233 5.54792
      vertex -1.80186 11.0005 5.57195
    endloop
  endfacet
  facet normal 0.00118377 -0.0228037 0.999739
    outer loop
      vertex 0.0693922 10.7508 5.59421
      vertex 0.0347176 10.749 5.59421
      vertex 0.10411 8.7232 5.54792
    endloop
  endfacet
  facet normal -0.0572691 -0.0393369 0.997584
    outer loop
      vertex -4.11856 8.93048 5.4554
      vertex -5.61988 7.60003 5.31675
      vertex -4.0191 8.78568 5.4554
    endloop
  endfacet
  facet normal -0.0572705 -0.0393353 0.997583
    outer loop
      vertex -4.11856 8.93048 5.4554
      vertex -5.75895 7.80251 5.31675
      vertex -5.61988 7.60003 5.31675
    endloop
  endfacet
  facet normal -0.0764312 -0.0524919 0.995692
    outer loop
      vertex -6.59476 7.09364 5.21522
      vertex -6.60762 6.86843 5.20236
      vertex -5.61988 7.60003 5.31675
    endloop
  endfacet
  facet normal -0.0133425 -0.0673234 0.997642
    outer loop
      vertex -0.862662 6.77497 5.4554
      vertex -1.44427 4.83563 5.31675
      vertex -1.20626 4.78846 5.31675
    endloop
  endfacet
  facet normal -0.0133408 -0.0673239 0.997642
    outer loop
      vertex -1.03288 6.8087 5.4554
      vertex -1.44427 4.83563 5.31675
      vertex -0.862662 6.77497 5.4554
    endloop
  endfacet
  facet normal -0.0154518 -0.0170864 0.999735
    outer loop
      vertex -0.645967 10.9785 5.59399
      vertex -1.91753 9.43284 5.54792
      vertex -0.64532 10.9785 5.594
    endloop
  endfacet
  facet normal -0.0152718 -0.0172345 0.999735
    outer loop
      vertex -1.91753 9.43284 5.54792
      vertex -0.645967 10.9785 5.59399
      vertex -1.99612 9.50248 5.54792
    endloop
  endfacet
  facet normal -0.0476816 -0.0501575 0.997602
    outer loop
      vertex -3.45098 8.11942 5.4554
      vertex -4.64815 6.49983 5.31675
      vertex -3.32416 7.99886 5.4554
    endloop
  endfacet
  facet normal -0.0280289 -0.0364858 0.998941
    outer loop
      vertex -1.83661 9.36604 5.54792
      vertex -3.05853 7.77164 5.4554
      vertex -2.92004 7.66525 5.4554
    endloop
  endfacet
  facet normal -0.02931 -0.0355039 0.99894
    outer loop
      vertex -1.83661 9.36604 5.54792
      vertex -3.19329 7.88289 5.4554
      vertex -3.05853 7.77164 5.4554
    endloop
  endfacet
  facet normal -0.0239869 -0.0391605 0.998945
    outer loop
      vertex -1.58083 9.18345 5.54792
      vertex -2.63257 7.46758 5.4554
      vertex -2.48394 7.37654 5.4554
    endloop
  endfacet
  facet normal -0.0239855 -0.0391612 0.998945
    outer loop
      vertex -1.58083 9.18345 5.54792
      vertex -2.48394 7.37654 5.4554
      vertex -1.49157 9.12878 5.54792
    endloop
  endfacet
  facet normal -0.0480583 -0.0784538 0.995759
    outer loop
      vertex -3.68111 5.75694 5.31675
      vertex -4.72516 4.05362 5.13216
      vertex -3.47328 5.62963 5.31675
    endloop
  endfacet
  facet normal -0.0401017 -0.0561795 0.997615
    outer loop
      vertex -2.92004 7.66525 5.4554
      vertex -3.88446 5.89157 5.31675
      vertex -2.778 7.56386 5.4554
    endloop
  endfacet
  facet normal -0.045236 -0.0800527 0.995764
    outer loop
      vertex -3.47328 5.62963 5.31675
      vertex -4.45838 3.8902 5.13216
      vertex -4.18617 3.73638 5.13216
    endloop
  endfacet
  facet normal -0.0480581 -0.0784539 0.995759
    outer loop
      vertex -3.47328 5.62963 5.31675
      vertex -4.72516 4.05362 5.13216
      vertex -4.45838 3.8902 5.13216
    endloop
  endfacet
  facet normal -0.0527639 -0.0449943 0.997593
    outer loop
      vertex -3.69185 8.3737 5.4554
      vertex -5.32137 7.21052 5.31675
      vertex -5.16229 7.02397 5.31675
    endloop
  endfacet
  facet normal -0.0527663 -0.0449909 0.997593
    outer loop
      vertex -3.80561 8.50712 5.4554
      vertex -5.32137 7.21052 5.31675
      vertex -3.69185 8.3737 5.4554
    endloop
  endfacet
  facet normal -0.0407402 -0.0221374 0.998925
    outer loop
      vertex -2.63396 10.3348 5.54792
      vertex -4.30231 9.23026 5.4554
      vertex -2.58348 10.2419 5.54792
    endloop
  endfacet
  facet normal -0.040734 -0.0221467 0.998925
    outer loop
      vertex -2.63396 10.3348 5.54792
      vertex -4.38637 9.38487 5.4554
      vertex -4.30231 9.23026 5.4554
    endloop
  endfacet
  facet normal -0.0171274 -0.015457 0.999734
    outer loop
      vertex -0.850564 10.9818 5.59072
      vertex -2.21691 9.72757 5.54792
      vertex -0.802562 10.981 5.59153
    endloop
  endfacet
  facet normal 0.0202919 -0.0111986 0.999731
    outer loop
      vertex 1.42042 10.9926 5.57992
      vertex 1.36956 10.9915 5.58094
      vertex 2.63396 10.3348 5.54792
    endloop
  endfacet
  facet normal 0.0171274 -0.015457 0.999734
    outer loop
      vertex 0.850564 10.9818 5.59072
      vertex 0.802562 10.981 5.59153
      vertex 2.21691 9.72757 5.54792
    endloop
  endfacet
  facet normal -0.011255 -0.0199886 0.999737
    outer loop
      vertex -0.497393 10.8842 5.59421
      vertex -1.49157 9.12878 5.54792
      vertex -0.467024 10.8671 5.59421
    endloop
  endfacet
  facet normal 0.00834198 -0.0213177 0.999738
    outer loop
      vertex 1.11751 8.94279 5.54792
      vertex 0.340237 10.8095 5.59421
      vertex 1.0203 8.90475 5.54792
    endloop
  endfacet
  facet normal 0.00835048 -0.0213141 0.999738
    outer loop
      vertex 0.372653 10.8222 5.59421
      vertex 0.340237 10.8095 5.59421
      vertex 1.11751 8.94279 5.54792
    endloop
  endfacet
  facet normal 0.0126411 -0.0191723 0.999736
    outer loop
      vertex 0.556277 10.9217 5.59421
      vertex 0.527157 10.9025 5.59421
      vertex 1.58083 9.18345 5.54792
    endloop
  endfacet
  facet normal 0.0217622 -0.00811512 0.99973
    outer loop
      vertex 1.88975 11.0024 5.57007
      vertex 1.84761 11.0015 5.57098
      vertex 2.76593 10.6233 5.54792
    endloop
  endfacet
  facet normal 0.0239855 -0.0391612 0.998945
    outer loop
      vertex 1.58083 9.18345 5.54792
      vertex 1.49157 9.12878 5.54792
      vertex 2.48394 7.37654 5.4554
    endloop
  endfacet
  facet normal 0.0295495 -0.0621567 0.997629
    outer loop
      vertex 3.04517 5.39758 5.31675
      vertex 2.02062 7.13587 5.4554
      vertex 2.82542 5.29311 5.31675
    endloop
  endfacet
  facet normal 0.0273175 -0.0631317 0.997631
    outer loop
      vertex 2.82542 5.29311 5.31675
      vertex 2.02062 7.13587 5.4554
      vertex 2.60222 5.19653 5.31675
    endloop
  endfacet
  facet normal 0.0566207 -0.1002 0.993355
    outer loop
      vertex 4.45838 3.8902 5.13216
      vertex 4.18617 3.73638 5.13216
      vertex 5.43806 2.16036 4.90183
    endloop
  endfacet
  facet normal 0.0601528 -0.0981982 0.993347
    outer loop
      vertex 4.72516 4.05362 5.13216
      vertex 4.45838 3.8902 5.13216
      vertex 5.43806 2.16036 4.90183
    endloop
  endfacet
  facet normal 0.00677639 -0.0218456 0.999738
    outer loop
      vertex 0.307405 10.798 5.59421
      vertex 0.2742 10.7877 5.59421
      vertex 0.921844 8.87019 5.54792
    endloop
  endfacet
  facet normal 0.00604814 -0.0220488 0.999739
    outer loop
      vertex 0.2742 10.7877 5.59421
      vertex 0.240661 10.7785 5.59421
      vertex 0.822267 8.83915 5.54792
    endloop
  endfacet
  facet normal 0.0211448 -0.0407057 0.998947
    outer loop
      vertex 1.4005 9.07732 5.54792
      vertex 1.30773 9.02913 5.54792
      vertex 2.33228 7.29083 5.4554
    endloop
  endfacet
  facet normal 0.0225812 -0.0399564 0.998946
    outer loop
      vertex 2.48394 7.37654 5.4554
      vertex 1.4005 9.07732 5.54792
      vertex 2.33228 7.29083 5.4554
    endloop
  endfacet
  facet normal 0.0182716 -0.0141401 0.999733
    outer loop
      vertex 0.977444 10.984 5.58849
      vertex 0.928051 10.9831 5.58938
      vertex 2.35075 9.89018 5.54792
    endloop
  endfacet
  facet normal 0.0104776 -0.0445148 0.998954
    outer loop
      vertex 0.721688 8.81168 5.54792
      vertex 0.620232 8.7878 5.54792
      vertex 1.20184 6.84846 5.4554
    endloop
  endfacet
  facet normal 0.0120526 -0.0441296 0.998953
    outer loop
      vertex 0.822267 8.83915 5.54792
      vertex 0.721688 8.81168 5.54792
      vertex 1.20184 6.84846 5.4554
    endloop
  endfacet
  facet normal 0.0199522 -0.0117586 0.999732
    outer loop
      vertex 1.26077 10.9894 5.58311
      vertex 2.52985 10.1509 5.54792
      vertex 2.58348 10.2419 5.54792
    endloop
  endfacet
  facet normal 0.0199251 -0.0117996 0.999732
    outer loop
      vertex 2.52985 10.1509 5.54792
      vertex 1.26077 10.9894 5.58311
      vertex 1.21508 10.9885 5.58401
    endloop
  endfacet
  facet normal 0.0222594 -0.00667783 0.99973
    outer loop
      vertex 2.53011 11.0164 5.55605
      vertex 2.83714 10.8227 5.54792
      vertex 2.86759 10.9242 5.54792
    endloop
  endfacet
  facet normal 0.0222641 -0.00667036 0.99973
    outer loop
      vertex 2.83714 10.8227 5.54792
      vertex 2.53011 11.0164 5.55605
      vertex 2.26976 11.0107 5.56181
    endloop
  endfacet
  facet normal 0.065268 -0.0245818 0.997565
    outer loop
      vertex 4.60614 9.86531 5.4554
      vertex 6.49046 9.35423 5.31952
      vertex 4.66828 10.0303 5.4554
    endloop
  endfacet
  facet normal 0.0657701 -0.0227336 0.997576
    outer loop
      vertex 6.49046 9.35423 5.31952
      vertex 4.60614 9.86531 5.4554
      vertex 6.49056 9.35057 5.31943
    endloop
  endfacet
  facet normal 0.0225021 -0.00590792 0.999729
    outer loop
      vertex 2.89395 11.0246 5.54792
      vertex 2.56904 11.0173 5.55519
      vertex 2.86759 10.9242 5.54792
    endloop
  endfacet
  facet normal 0.0422099 -0.0193068 0.998922
    outer loop
      vertex 4.53838 9.70259 5.4554
      vertex 2.72524 10.5255 5.54792
      vertex 4.4651 9.54238 5.4554
    endloop
  endfacet
  facet normal 0.0643552 -0.0267953 0.997567
    outer loop
      vertex 6.44073 9.10968 5.31675
      vertex 4.60614 9.86531 5.4554
      vertex 6.34599 8.88214 5.31675
    endloop
  endfacet
  facet normal 0.019573 -0.0123617 0.999732
    outer loop
      vertex 1.17617 10.9877 5.58476
      vertex 1.1281 10.9868 5.58569
      vertex 2.47314 10.0619 5.54792
    endloop
  endfacet
  facet normal 0.0210009 -0.00986571 0.999731
    outer loop
      vertex 1.68427 10.998 5.57445
      vertex 1.63572 10.997 5.57546
      vertex 2.72524 10.5255 5.54792
    endloop
  endfacet
  facet normal 0.0680646 -0.0134079 0.997591
    outer loop
      vertex 6.25501 10.5555 5.35736
      vertex 6.35307 10.3859 5.34839
      vertex 6.33857 10.4172 5.3498
    endloop
  endfacet
  facet normal 0.0686003 -0.0133475 0.997555
    outer loop
      vertex 4.85932 10.7095 5.4554
      vertex 6.25501 10.5555 5.35736
      vertex 6.23351 10.587 5.35926
    endloop
  endfacet
  facet normal 0.06863 -0.0130791 0.997556
    outer loop
      vertex 6.25501 10.5555 5.35736
      vertex 4.85932 10.7095 5.4554
      vertex 6.35307 10.3859 5.34839
    endloop
  endfacet
  facet normal 0.0677717 -0.015537 0.99758
    outer loop
      vertex 6.35307 10.3859 5.34839
      vertex 6.43383 10.1571 5.33934
      vertex 6.39665 10.2922 5.34397
    endloop
  endfacet
  facet normal 0.0333592 -0.0277421 0.999058
    outer loop
      vertex 6.43383 10.1571 5.33934
      vertex 6.35307 10.3859 5.34839
      vertex 6.43388 10.1568 5.33933
    endloop
  endfacet
  facet normal 0.0681229 -0.0154206 0.997558
    outer loop
      vertex 6.43388 10.1568 5.33933
      vertex 6.35307 10.3859 5.34839
      vertex 4.85932 10.7095 5.4554
    endloop
  endfacet
  facet normal 0.0462285 -0.00542405 0.998916
    outer loop
      vertex 4.67752 11.1056 5.46686
      vertex 4.60735 11.1024 5.47009
      vertex 4.91953 11.0577 5.4554
    endloop
  endfacet
  facet normal -0.0922515 -0.213189 0.972646
    outer loop
      vertex -7.59458 -5.62687 3.5019
      vertex -6.95172 -5.77817 3.52971
      vertex -7.54797 -5.52016 3.52971
    endloop
  endfacet
  facet normal -0.0922403 -0.213139 0.972658
    outer loop
      vertex -6.95172 -5.77817 3.52971
      vertex -7.59458 -5.62687 3.5019
      vertex -7.69489 -6.59062 3.2812
    endloop
  endfacet
  facet normal -0.0827884 -0.19132 0.97803
    outer loop
      vertex -6.77834 -3.75794 3.93958
      vertex -7.54797 -5.52016 3.52971
      vertex -6.95172 -5.77817 3.52971
    endloop
  endfacet
  facet normal -0.0844847 -0.137943 0.98683
    outer loop
      vertex -7.13163 0.127594 4.52039
      vertex -7.18028 -0.608361 4.41335
      vertex -6.79474 0.677213 4.62606
    endloop
  endfacet
  facet normal 0.0210949 -0.00964841 0.999731
    outer loop
      vertex 1.63572 10.997 5.57546
      vertex 2.68124 10.4293 5.54792
      vertex 2.72524 10.5255 5.54792
    endloop
  endfacet
  facet normal 0.0211028 -0.00963401 0.999731
    outer loop
      vertex 2.68124 10.4293 5.54792
      vertex 1.63572 10.997 5.57546
      vertex 1.54342 10.9951 5.57739
    endloop
  endfacet
  facet normal 0.0207348 -0.010374 0.999731
    outer loop
      vertex 1.54342 10.9951 5.57739
      vertex 2.63396 10.3348 5.54792
      vertex 2.68124 10.4293 5.54792
    endloop
  endfacet
  facet normal 0.0208077 -0.0102536 0.999731
    outer loop
      vertex 2.63396 10.3348 5.54792
      vertex 1.54342 10.9951 5.57739
      vertex 1.46816 10.9935 5.57894
    endloop
  endfacet
  facet normal 0.0133425 -0.0673234 0.997642
    outer loop
      vertex 1.44427 4.83563 5.31675
      vertex 0.862662 6.77497 5.4554
      vertex 1.20626 4.78846 5.31675
    endloop
  endfacet
  facet normal 0.01094 -0.067739 0.997643
    outer loop
      vertex 0.862662 6.77497 5.4554
      vertex 0.691395 6.74731 5.4554
      vertex 1.20626 4.78846 5.31675
    endloop
  endfacet
  facet normal 0.0180954 -0.0662471 0.997639
    outer loop
      vertex 1.36933 6.89421 5.4554
      vertex 1.20184 6.84846 5.4554
      vertex 1.68052 4.89123 5.31675
    endloop
  endfacet
  facet normal 0.0157272 -0.0668264 0.997641
    outer loop
      vertex 1.68052 4.89123 5.31675
      vertex 1.20184 6.84846 5.4554
      vertex 1.44427 4.83563 5.31675
    endloop
  endfacet
  facet normal 0.0641027 -0.148142 0.986886
    outer loop
      vertex 6.00046 -1.97681 4.30518
      vertex 4.80328 -0.357212 4.62606
      vertex 5.52645 -2.18192 4.30518
    endloop
  endfacet
  facet normal 0.0734149 -0.169662 0.982764
    outer loop
      vertex 6.00046 -1.97681 4.30518
      vertex 5.52645 -2.18192 4.30518
      vertex 6.77834 -3.75794 3.93958
    endloop
  endfacet
  facet normal 0.0827884 -0.19132 0.97803
    outer loop
      vertex 7.54797 -5.52016 3.52971
      vertex 6.77834 -3.75794 3.93958
      vertex 6.95172 -5.77817 3.52971
    endloop
  endfacet
  facet normal 0.0844847 -0.137943 0.98683
    outer loop
      vertex 7.13163 0.127594 4.52039
      vertex 6.79474 0.677213 4.62606
      vertex 7.18028 -0.608361 4.41335
    endloop
  endfacet
  facet normal 0.0764466 -0.115471 0.990365
    outer loop
      vertex 5.76346 2.35969 4.90183
      vertex 7.07233 1.07346 4.65083
      vertex 6.08184 2.57047 4.90183
    endloop
  endfacet
  facet normal 0.0765812 -0.115336 0.99037
    outer loop
      vertex 7.07233 1.07346 4.65083
      vertex 5.76346 2.35969 4.90183
      vertex 7.07513 1.02251 4.64468
    endloop
  endfacet
  facet normal 0.0804888 -0.112795 0.990353
    outer loop
      vertex 7.04087 1.65877 4.72005
      vertex 6.08184 2.57047 4.90183
      vertex 7.07233 1.07346 4.65083
    endloop
  endfacet
  facet normal 0.0561523 -0.0730965 0.995743
    outer loop
      vertex 5.48971 4.59937 5.13216
      vertex 4.27672 6.1821 5.31675
      vertex 5.24114 4.40842 5.13216
    endloop
  endfacet
  facet normal 0.0702837 -0.0914921 0.993322
    outer loop
      vertex 5.48971 4.59937 5.13216
      vertex 5.24114 4.40842 5.13216
      vertex 6.696 3.02536 4.90183
    endloop
  endfacet
  facet normal 0.0561515 -0.0730969 0.995743
    outer loop
      vertex 4.27672 6.1821 5.31675
      vertex 4.08308 6.03335 5.31675
      vertex 5.24114 4.40842 5.13216
    endloop
  endfacet
  facet normal 0.0401017 -0.0561795 0.997615
    outer loop
      vertex 2.92004 7.66525 5.4554
      vertex 2.778 7.56386 5.4554
      vertex 3.88446 5.89157 5.31675
    endloop
  endfacet
  facet normal 0.0458695 -0.0517584 0.997606
    outer loop
      vertex 4.64815 6.49983 5.31675
      vertex 3.32416 7.99886 5.4554
      vertex 4.46516 6.33766 5.31675
    endloop
  endfacet
  facet normal 0.0612145 -0.0690735 0.995732
    outer loop
      vertex 4.64815 6.49983 5.31675
      vertex 4.46516 6.33766 5.31675
      vertex 5.96648 5.0072 5.13216
    endloop
  endfacet
  facet normal 0.0782523 -0.0498504 0.995686
    outer loop
      vertex 5.75895 7.80251 5.31675
      vertex 6.56803 7.57854 5.24195
      vertex 5.89101 8.00981 5.31675
    endloop
  endfacet
  facet normal 0.0782704 -0.0497854 0.995688
    outer loop
      vertex 6.56803 7.57854 5.24195
      vertex 5.75895 7.80251 5.31675
      vertex 6.57699 7.41363 5.233
    endloop
  endfacet
  facet normal 0.03906 -0.0248808 0.998927
    outer loop
      vertex 4.213 9.07874 5.4554
      vertex 2.47314 10.0619 5.54792
      vertex 4.11856 8.93048 5.4554
    endloop
  endfacet
  facet normal 0.0633622 -0.0289828 0.99757
    outer loop
      vertex 6.34599 8.88214 5.31675
      vertex 4.4651 9.54238 5.4554
      vertex 6.24352 8.65812 5.31675
    endloop
  endfacet
  facet normal 0.0586353 -0.0373501 0.997581
    outer loop
      vertex 4.213 9.07874 5.4554
      vertex 4.11856 8.93048 5.4554
      vertex 5.75895 7.80251 5.31675
    endloop
  endfacet
  facet normal 0.0414958 -0.0207413 0.998923
    outer loop
      vertex 4.4651 9.54238 5.4554
      vertex 2.63396 10.3348 5.54792
      vertex 4.38637 9.38487 5.4554
    endloop
  endfacet
  facet normal 0.040734 -0.0221467 0.998925
    outer loop
      vertex 4.38637 9.38487 5.4554
      vertex 2.63396 10.3348 5.54792
      vertex 4.30231 9.23026 5.4554
    endloop
  endfacet
  facet normal 0.0527663 -0.0449909 0.997593
    outer loop
      vertex 3.80561 8.50712 5.4554
      vertex 3.69185 8.3737 5.4554
      vertex 5.32137 7.21052 5.31675
    endloop
  endfacet
  facet normal 0.0725125 -0.0575985 0.995703
    outer loop
      vertex 5.32137 7.21052 5.31675
      vertex 6.65376 6.11283 5.15622
      vertex 5.47396 7.40262 5.31675
    endloop
  endfacet
  facet normal 0.0725489 -0.0575543 0.995703
    outer loop
      vertex 6.65376 6.11283 5.15622
      vertex 5.32137 7.21052 5.31675
      vertex 6.65653 6.0684 5.15345
    endloop
  endfacet
  facet normal 0.0724965 -0.0576131 0.995703
    outer loop
      vertex 6.63078 6.48124 5.17921
      vertex 5.47396 7.40262 5.31675
      vertex 6.65376 6.11283 5.15622
    endloop
  endfacet
  facet normal 0.0572705 -0.0393353 0.997583
    outer loop
      vertex 5.75895 7.80251 5.31675
      vertex 4.11856 8.93048 5.4554
      vertex 5.61988 7.60003 5.31675
    endloop
  endfacet
  facet normal 0.0572691 -0.0393369 0.997584
    outer loop
      vertex 4.11856 8.93048 5.4554
      vertex 4.0191 8.78568 5.4554
      vertex 5.61988 7.60003 5.31675
    endloop
  endfacet
  facet normal 0.0331496 -0.205306 0.978136
    outer loop
      vertex 2.89388 -4.96863 3.93958
      vertex 2.58269 -6.97161 3.52971
      vertex 3.22246 -6.86831 3.52971
    endloop
  endfacet
  facet normal 0.040433 -0.204044 0.978126
    outer loop
      vertex 3.46489 -4.85548 3.93958
      vertex 2.89388 -4.96863 3.93958
      vertex 3.22246 -6.86831 3.52971
    endloop
  endfacet
  facet normal 0.0424626 -0.155458 0.98693
    outer loop
      vertex 4.06639 -2.69444 4.30518
      vertex 3.53428 -0.802662 4.62606
      vertex 3.569 -2.8303 4.30518
    endloop
  endfacet
  facet normal 0.0486319 -0.178044 0.98282
    outer loop
      vertex 4.06639 -2.69444 4.30518
      vertex 3.569 -2.8303 4.30518
      vertex 4.59355 -4.5686 3.93958
    endloop
  endfacet
  facet normal 0.031308 -0.157987 0.986945
    outer loop
      vertex 2.66589 -1.02339 4.62606
      vertex 2.56178 -3.04856 4.30518
      vertex 3.06726 -2.94839 4.30518
    endloop
  endfacet
  facet normal 0.0358566 -0.18094 0.98284
    outer loop
      vertex 3.06726 -2.94839 4.30518
      vertex 2.56178 -3.04856 4.30518
      vertex 2.89388 -4.96863 3.93958
    endloop
  endfacet
  facet normal -0.0341486 -0.109561 0.993393
    outer loop
      vertex -2.75543 3.11726 5.13216
      vertex -3.3609 1.21757 4.90183
      vertex -2.45779 3.02449 5.13216
    endloop
  endfacet
  facet normal -0.0272821 -0.0875309 0.995788
    outer loop
      vertex -2.1466 5.02747 5.31675
      vertex -2.75543 3.11726 5.13216
      vertex -2.45779 3.02449 5.13216
    endloop
  endfacet
  facet normal -0.015163 -0.0431968 0.998952
    outer loop
      vertex -0.921844 8.87019 5.54792
      vertex -1.69911 7.00345 5.4554
      vertex -1.53516 6.9459 5.4554
    endloop
  endfacet
  facet normal -0.0227627 -0.0648469 0.997636
    outer loop
      vertex -1.69911 7.00345 5.4554
      vertex -2.1466 5.02747 5.31675
      vertex -1.53516 6.9459 5.4554
    endloop
  endfacet
  facet normal -0.0184687 -0.207077 0.97815
    outer loop
      vertex -1.1625 -5.18535 3.93958
      vertex -1.93977 -7.05209 3.52971
      vertex -1.2945 -7.10964 3.52971
    endloop
  endfacet
  facet normal -0.0205759 -0.230701 0.972807
    outer loop
      vertex -1.93977 -7.05209 3.52971
      vertex -2.1352 -8.94759 3.07606
      vertex -1.42491 -9.01094 3.07606
    endloop
  endfacet
  facet normal -0.0149251 -0.279197 0.960118
    outer loop
      vertex -0.777269 -10.9284 2.57918
      vertex -1.55359 -10.8869 2.57918
      vertex -0.840702 -12.7802 2.0397
    endloop
  endfacet
  facet normal -0.00496308 -0.27954 0.960121
    outer loop
      vertex -0.777269 -10.9284 2.57918
      vertex -0.840702 -12.7802 2.0397
      vertex 0 -10.9422 2.57918
    endloop
  endfacet
  facet normal 0.0205756 -0.2307 0.972807
    outer loop
      vertex 1.93977 -7.05209 3.52971
      vertex 1.2945 -7.10964 3.52971
      vertex 1.42491 -9.01094 3.07606
    endloop
  endfacet
  facet normal -0.00454361 -0.25545 0.966812
    outer loop
      vertex -0.712891 -9.04898 3.07606
      vertex -0.777269 -10.9284 2.57918
      vertex 0 -9.06166 3.07606
    endloop
  endfacet
  facet normal 0.0205759 -0.230701 0.972807
    outer loop
      vertex 1.93977 -7.05209 3.52971
      vertex 1.42491 -9.01094 3.07606
      vertex 2.1352 -8.94759 3.07606
    endloop
  endfacet
  facet normal 0.00411868 -0.231548 0.972815
    outer loop
      vertex 0.647643 -7.1442 3.52971
      vertex 0 -7.15572 3.52971
      vertex 0.712891 -9.04898 3.07606
    endloop
  endfacet
  facet normal 0.03815 -0.0262044 0.998928
    outer loop
      vertex 4.11856 8.93048 5.4554
      vertex 2.47314 10.0619 5.54792
      vertex 4.0191 8.78568 5.4554
    endloop
  endfacet
  facet normal 0.0381509 -0.0262032 0.998928
    outer loop
      vertex 2.47314 10.0619 5.54792
      vertex 2.41342 9.97495 5.54792
      vertex 4.0191 8.78568 5.4554
    endloop
  endfacet
  facet normal 0.0180936 -0.0143718 0.999733
    outer loop
      vertex 0.928051 10.9831 5.58938
      vertex 2.28522 9.80768 5.54792
      vertex 2.35075 9.89018 5.54792
    endloop
  endfacet
  facet normal 0.0177555 -0.0147621 0.999733
    outer loop
      vertex 2.28522 9.80768 5.54792
      vertex 0.928051 10.9831 5.58938
      vertex 0.911473 10.9828 5.58967
    endloop
  endfacet
  facet normal 0.0351504 -0.0299709 0.998933
    outer loop
      vertex 3.80561 8.50712 5.4554
      vertex 2.28522 9.80768 5.54792
      vertex 3.69185 8.3737 5.4554
    endloop
  endfacet
  facet normal 0.0543336 -0.0431586 0.99759
    outer loop
      vertex 5.47396 7.40262 5.31675
      vertex 3.91474 8.6445 5.4554
      vertex 5.32137 7.21052 5.31675
    endloop
  endfacet
  facet normal 0.0543324 -0.0431598 0.99759
    outer loop
      vertex 3.91474 8.6445 5.4554
      vertex 3.80561 8.50712 5.4554
      vertex 5.32137 7.21052 5.31675
    endloop
  endfacet
  facet normal 0.0445365 -0.013361 0.998918
    outer loop
      vertex 2.86759 10.9242 5.54792
      vertex 2.83714 10.8227 5.54792
      vertex 4.72473 10.1975 5.4554
    endloop
  endfacet
  facet normal 0.0668519 -0.0200556 0.997561
    outer loop
      vertex 4.72473 10.1975 5.4554
      vertex 6.48395 9.62722 5.32604
      vertex 4.77543 10.3665 5.4554
    endloop
  endfacet
  facet normal 0.0668573 -0.0200391 0.997561
    outer loop
      vertex 6.48395 9.62722 5.32604
      vertex 4.72473 10.1975 5.4554
      vertex 6.48422 9.61468 5.32577
    endloop
  endfacet
  facet normal 0.0816019 -0.0443698 0.995677
    outer loop
      vertex 6.01589 8.22169 5.31675
      vertex 6.53594 8.2197 5.27404
      vertex 6.13344 8.43788 5.31675
    endloop
  endfacet
  facet normal 0.0816019 -0.0443622 0.995677
    outer loop
      vertex 6.53594 8.2197 5.27404
      vertex 6.01589 8.22169 5.31675
      vertex 6.54591 8.01427 5.26407
    endloop
  endfacet
  facet normal 0.0859687 -0.035485 0.995666
    outer loop
      vertex 6.50888 8.83765 5.3011
      vertex 6.34599 8.88214 5.31675
      vertex 6.51006 8.80768 5.29993
    endloop
  endfacet
  facet normal 0.0870798 -0.0327908 0.995662
    outer loop
      vertex 6.49323 9.2491 5.31675
      vertex 6.44073 9.10968 5.31675
      vertex 6.49913 9.08562 5.31085
    endloop
  endfacet
  facet normal 0.079966 -0.0471312 0.995683
    outer loop
      vertex 5.89101 8.00981 5.31675
      vertex 6.55114 7.90665 5.25885
      vertex 6.01589 8.22169 5.31675
    endloop
  endfacet
  facet normal 0.0799635 -0.0471474 0.995682
    outer loop
      vertex 6.55114 7.90665 5.25885
      vertex 5.89101 8.00981 5.31675
      vertex 6.56075 7.72 5.24924
    endloop
  endfacet
  facet normal 0.0195189 -0.0124373 0.999732
    outer loop
      vertex 1.21508 10.9885 5.58401
      vertex 2.47314 10.0619 5.54792
      vertex 2.52985 10.1509 5.54792
    endloop
  endfacet
  facet normal 0.0195256 -0.0124282 0.999732
    outer loop
      vertex 2.47314 10.0619 5.54792
      vertex 1.21508 10.9885 5.58401
      vertex 1.17617 10.9877 5.58476
    endloop
  endfacet
  facet normal 0.0119879 -0.0195727 0.999737
    outer loop
      vertex 1.58083 9.18345 5.54792
      vertex 0.527157 10.9025 5.59421
      vertex 1.49157 9.12878 5.54792
    endloop
  endfacet
  facet normal -0.0317649 -0.0334101 0.998937
    outer loop
      vertex -2.07227 9.57488 5.54792
      vertex -3.45098 8.11942 5.4554
      vertex -1.99612 9.50248 5.54792
    endloop
  endfacet
  facet normal -0.0317629 -0.0334122 0.998937
    outer loop
      vertex -1.99612 9.50248 5.54792
      vertex -3.45098 8.11942 5.4554
      vertex -3.32416 7.99886 5.4554
    endloop
  endfacet
  facet normal -0.0439994 -0.0532977 0.997609
    outer loop
      vertex -3.19329 7.88289 5.4554
      vertex -4.27672 6.1821 5.31675
      vertex -3.05853 7.77164 5.4554
    endloop
  endfacet
  facet normal -0.0420764 -0.0547717 0.997612
    outer loop
      vertex -3.05853 7.77164 5.4554
      vertex -4.27672 6.1821 5.31675
      vertex -2.92004 7.66525 5.4554
    endloop
  endfacet
  facet normal -0.0338942 -0.0599846 0.997624
    outer loop
      vertex -2.48394 7.37654 5.4554
      vertex -3.47328 5.62963 5.31675
      vertex -3.26121 5.5098 5.31675
    endloop
  endfacet
  facet normal -0.0338989 -0.0599826 0.997624
    outer loop
      vertex -2.48394 7.37654 5.4554
      vertex -3.26121 5.5098 5.31675
      vertex -2.33228 7.29083 5.4554
    endloop
  endfacet
  facet normal -0.0181975 -0.0420542 0.99895
    outer loop
      vertex -1.11751 8.94279 5.54792
      vertex -2.02062 7.13587 5.4554
      vertex -1.861 7.0668 5.4554
    endloop
  endfacet
  facet normal -0.0211426 -0.040707 0.998947
    outer loop
      vertex -1.30773 9.02913 5.54792
      vertex -2.33228 7.29083 5.4554
      vertex -2.17777 7.21058 5.4554
    endloop
  endfacet
  facet normal -0.0360104 -0.058786 0.997621
    outer loop
      vertex -2.63257 7.46758 5.4554
      vertex -3.68111 5.75694 5.31675
      vertex -3.47328 5.62963 5.31675
    endloop
  endfacet
  facet normal -0.0380799 -0.0575173 0.997618
    outer loop
      vertex -2.63257 7.46758 5.4554
      vertex -3.88446 5.89157 5.31675
      vertex -3.68111 5.75694 5.31675
    endloop
  endfacet
  facet normal -0.025366 -0.0383151 0.998944
    outer loop
      vertex -1.66816 9.24127 5.54792
      vertex -2.778 7.56386 5.4554
      vertex -2.63257 7.46758 5.4554
    endloop
  endfacet
  facet normal -0.0267134 -0.0374235 0.998942
    outer loop
      vertex -1.66816 9.24127 5.54792
      vertex -2.92004 7.66525 5.4554
      vertex -2.778 7.56386 5.4554
    endloop
  endfacet
  facet normal -0.0361937 -0.028751 0.998931
    outer loop
      vertex -2.35075 9.89018 5.54792
      vertex -3.91474 8.6445 5.4554
      vertex -3.80561 8.50712 5.4554
    endloop
  endfacet
  facet normal -0.0543324 -0.0431598 0.99759
    outer loop
      vertex -3.91474 8.6445 5.4554
      vertex -5.32137 7.21052 5.31675
      vertex -3.80561 8.50712 5.4554
    endloop
  endfacet
  facet normal 0.0452341 -0.0800534 0.995764
    outer loop
      vertex 3.47328 5.62963 5.31675
      vertex 3.26121 5.5098 5.31675
      vertex 4.18617 3.73638 5.13216
    endloop
  endfacet
  facet normal 0.031739 -0.0611089 0.997626
    outer loop
      vertex 2.33228 7.29083 5.4554
      vertex 2.17777 7.21058 5.4554
      vertex 3.04517 5.39758 5.31675
    endloop
  endfacet
  facet normal 0.0586335 -0.0373523 0.997581
    outer loop
      vertex 5.89101 8.00981 5.31675
      vertex 4.213 9.07874 5.4554
      vertex 5.75895 7.80251 5.31675
    endloop
  endfacet
  facet normal 0.0599274 -0.0353206 0.997578
    outer loop
      vertex 6.01589 8.22169 5.31675
      vertex 4.213 9.07874 5.4554
      vertex 5.89101 8.00981 5.31675
    endloop
  endfacet
  facet normal 0.067526 -0.0177741 0.997559
    outer loop
      vertex 4.77543 10.3665 5.4554
      vertex 6.46424 10.0038 5.33462
      vertex 6.44573 10.0968 5.33753
    endloop
  endfacet
  facet normal 0.0675445 -0.0176881 0.997559
    outer loop
      vertex 6.46424 10.0038 5.33462
      vertex 4.77543 10.3665 5.4554
      vertex 6.47821 9.86878 5.33128
    endloop
  endfacet
  facet normal 0.0669176 -0.0198332 0.997561
    outer loop
      vertex 4.77543 10.3665 5.4554
      vertex 6.47888 9.86249 5.33111
      vertex 6.47821 9.86878 5.33128
    endloop
  endfacet
  facet normal 0.0668515 -0.0200565 0.997561
    outer loop
      vertex 6.47888 9.86249 5.33111
      vertex 4.77543 10.3665 5.4554
      vertex 6.48395 9.62722 5.32604
    endloop
  endfacet
  facet normal 0.0661043 -0.0223181 0.997563
    outer loop
      vertex 4.66828 10.0303 5.4554
      vertex 6.49037 9.35815 5.31962
      vertex 4.72473 10.1975 5.4554
    endloop
  endfacet
  facet normal 0.0655046 -0.0239442 0.997565
    outer loop
      vertex 6.49037 9.35815 5.31962
      vertex 4.66828 10.0303 5.4554
      vertex 6.49046 9.35423 5.31952
    endloop
  endfacet
  facet normal 0.0440374 -0.0148679 0.998919
    outer loop
      vertex 4.72473 10.1975 5.4554
      vertex 2.83714 10.8227 5.54792
      vertex 4.66828 10.0303 5.4554
    endloop
  endfacet
  facet normal 0.0633625 -0.028982 0.99757
    outer loop
      vertex 4.53838 9.70259 5.4554
      vertex 4.4651 9.54238 5.4554
      vertex 6.34599 8.88214 5.31675
    endloop
  endfacet
  facet normal 0.0643536 -0.0267982 0.997567
    outer loop
      vertex 4.60614 9.86531 5.4554
      vertex 4.53838 9.70259 5.4554
      vertex 6.34599 8.88214 5.31675
    endloop
  endfacet
  facet normal 0.042875 -0.0178383 0.998921
    outer loop
      vertex 2.76593 10.6233 5.54792
      vertex 2.72524 10.5255 5.54792
      vertex 4.60614 9.86531 5.4554
    endloop
  endfacet
  facet normal 0.0434777 -0.0163749 0.99892
    outer loop
      vertex 4.66828 10.0303 5.4554
      vertex 2.76593 10.6233 5.54792
      vertex 4.60614 9.86531 5.4554
    endloop
  endfacet
  facet normal 0.0112848 -0.019971 0.999737
    outer loop
      vertex 1.49157 9.12878 5.54792
      vertex 0.467024 10.8671 5.59421
      vertex 1.4005 9.07732 5.54792
    endloop
  endfacet
  facet normal 0.011255 -0.0199886 0.999737
    outer loop
      vertex 0.497393 10.8842 5.59421
      vertex 0.467024 10.8671 5.59421
      vertex 1.49157 9.12878 5.54792
    endloop
  endfacet
  facet normal 0.0105682 -0.0203448 0.999737
    outer loop
      vertex 1.4005 9.07732 5.54792
      vertex 0.467024 10.8671 5.59421
      vertex 1.30773 9.02913 5.54792
    endloop
  endfacet
  facet normal -0.0722907 -0.11802 0.990376
    outer loop
      vertex -5.43806 2.16036 4.90183
      vertex -6.79474 0.677213 4.62606
      vertex -6.4111 0.442222 4.62606
    endloop
  endfacet
  facet normal -0.0844929 -0.137941 0.98683
    outer loop
      vertex -7.18028 -0.608361 4.41335
      vertex -6.4111 0.442222 4.62606
      vertex -6.79474 0.677213 4.62606
    endloop
  endfacet
  facet normal -0.0845165 -0.137924 0.98683
    outer loop
      vertex -6.4111 0.442222 4.62606
      vertex -7.18028 -0.608361 4.41335
      vertex -7.2033 -0.956579 4.36271
    endloop
  endfacet
  facet normal 0.0113725 -0.0908492 0.9958
    outer loop
      vertex 0.966773 4.74979 5.31675
      vertex 0.932055 2.72215 5.13216
      vertex 1.24097 2.76082 5.13216
    endloop
  endfacet
  facet normal 0.0145976 -0.0904045 0.995798
    outer loop
      vertex 1.20626 4.78846 5.31675
      vertex 0.966773 4.74979 5.31675
      vertex 1.24097 2.76082 5.13216
    endloop
  endfacet
  facet normal 0.0227639 -0.0648466 0.997636
    outer loop
      vertex 2.37586 5.10795 5.31675
      vertex 1.69911 7.00345 5.4554
      vertex 2.1466 5.02747 5.31675
    endloop
  endfacet
  facet normal 0.0180942 -0.0662473 0.997639
    outer loop
      vertex 1.91473 4.9552 5.31675
      vertex 1.36933 6.89421 5.4554
      vertex 1.68052 4.89123 5.31675
    endloop
  endfacet
  facet normal 0.0611753 -0.174277 0.982795
    outer loop
      vertex 5.04572 -2.37005 4.30518
      vertex 4.55883 -2.54096 4.30518
      vertex 5.69983 -4.20216 3.93958
    endloop
  endfacet
  facet normal 0.0673395 -0.172073 0.98278
    outer loop
      vertex 5.52645 -2.18192 4.30518
      vertex 5.04572 -2.37005 4.30518
      vertex 5.69983 -4.20216 3.93958
    endloop
  endfacet
  facet normal 0.0548459 -0.126745 0.990418
    outer loop
      vertex 5.21526 -0.178937 4.62606
      vertex 4.42371 1.63348 4.90183
      vertex 4.80328 -0.357212 4.62606
    endloop
  endfacet
  facet normal 0.0794096 -0.167041 0.982747
    outer loop
      vertex 6.46715 -1.75495 4.30518
      vertex 6.00046 -1.97681 4.30518
      vertex 6.77834 -3.75794 3.93958
    endloop
  endfacet
  facet normal 0.0794078 -0.167041 0.982747
    outer loop
      vertex 7.30554 -3.50732 3.93958
      vertex 6.46715 -1.75495 4.30518
      vertex 6.77834 -3.75794 3.93958
    endloop
  endfacet
  facet normal 0.0641043 -0.14814 0.986887
    outer loop
      vertex 5.21526 -0.178937 4.62606
      vertex 4.80328 -0.357212 4.62606
      vertex 6.00046 -1.97681 4.30518
    endloop
  endfacet
  facet normal 0.0795419 -0.140754 0.986844
    outer loop
      vertex 7.21175 -1.08219 4.34411
      vertex 6.92597 -1.51663 4.30518
      vertex 7.22945 -1.34513 4.30518
    endloop
  endfacet
  facet normal 0.0795355 -0.14075 0.986845
    outer loop
      vertex 6.92597 -1.51663 4.30518
      vertex 7.21175 -1.08219 4.34411
      vertex 6.01966 0.221023 4.62606
    endloop
  endfacet
  facet normal 0.0893683 -0.134947 0.986814
    outer loop
      vertex 7.11578 0.372015 4.55525
      vertex 6.79474 0.677213 4.62606
      vertex 7.13163 0.127594 4.52039
    endloop
  endfacet
  facet normal 0.0845089 -0.109929 0.99034
    outer loop
      vertex 6.696 3.02536 4.90183
      vertex 6.99998 2.43176 4.81
      vertex 6.97158 2.66578 4.8384
    endloop
  endfacet
  facet normal 0.0844615 -0.109954 0.990342
    outer loop
      vertex 6.99998 2.43176 4.81
      vertex 6.696 3.02536 4.90183
      vertex 7.00419 2.35159 4.80074
    endloop
  endfacet
  facet normal 0.0480583 -0.0784538 0.995759
    outer loop
      vertex 3.68111 5.75694 5.31675
      vertex 3.47328 5.62963 5.31675
      vertex 4.72516 4.05362 5.13216
    endloop
  endfacet
  facet normal 0.05082 -0.0767604 0.995754
    outer loop
      vertex 3.88446 5.89157 5.31675
      vertex 3.68111 5.75694 5.31675
      vertex 4.72516 4.05362 5.13216
    endloop
  endfacet
  facet normal 0.0420752 -0.0547728 0.997612
    outer loop
      vertex 4.27672 6.1821 5.31675
      vertex 2.92004 7.66525 5.4554
      vertex 4.08308 6.03335 5.31675
    endloop
  endfacet
  facet normal 0.0401022 -0.0561792 0.997615
    outer loop
      vertex 4.08308 6.03335 5.31675
      vertex 2.92004 7.66525 5.4554
      vertex 3.88446 5.89157 5.31675
    endloop
  endfacet
  facet normal 0.0611486 -0.0332459 0.997575
    outer loop
      vertex 4.38637 9.38487 5.4554
      vertex 4.30231 9.23026 5.4554
      vertex 6.01589 8.22169 5.31675
    endloop
  endfacet
  facet normal 0.0399222 -0.0235278 0.998926
    outer loop
      vertex 2.58348 10.2419 5.54792
      vertex 2.52985 10.1509 5.54792
      vertex 4.213 9.07874 5.4554
    endloop
  endfacet
  facet normal 0.0882101 -0.0752113 0.993258
    outer loop
      vertex 6.67783 5.74026 5.13216
      vertex 6.62645 5.68 5.13216
      vertex 6.68585 5.64362 5.12413
    endloop
  endfacet
  facet normal 0.0882734 -0.0751084 0.993261
    outer loop
      vertex 6.68585 5.64362 5.12413
      vertex 6.62645 5.68 5.13216
      vertex 6.68748 5.62398 5.1225
    endloop
  endfacet
  facet normal -0.0110907 -0.207584 0.978154
    outer loop
      vertex -1.1625 -5.18535 3.93958
      vertex -1.2945 -7.10964 3.52971
      vertex -0.647643 -7.1442 3.52971
    endloop
  endfacet
  facet normal -0.00411849 -0.231548 0.972815
    outer loop
      vertex 0 -7.15572 3.52971
      vertex -0.712891 -9.04898 3.07606
      vertex 0 -9.06166 3.07606
    endloop
  endfacet
  facet normal 0.0110907 -0.207584 0.978154
    outer loop
      vertex 1.1625 -5.18535 3.93958
      vertex 0.647643 -7.1442 3.52971
      vertex 1.2945 -7.10964 3.52971
    endloop
  endfacet
  facet normal 0.012356 -0.231266 0.972812
    outer loop
      vertex 1.2945 -7.10964 3.52971
      vertex 0.647643 -7.1442 3.52971
      vertex 0.712891 -9.04898 3.07606
    endloop
  endfacet
  facet normal 0.0185924 -0.0137452 0.999733
    outer loop
      vertex 1.04931 10.9853 5.58718
      vertex 2.35075 9.89018 5.54792
      vertex 2.41342 9.97495 5.54792
    endloop
  endfacet
  facet normal 0.0185202 -0.013831 0.999733
    outer loop
      vertex 2.35075 9.89018 5.54792
      vertex 1.04931 10.9853 5.58718
      vertex 1.02472 10.9849 5.58763
    endloop
  endfacet
  facet normal 0.037193 -0.0274966 0.99893
    outer loop
      vertex 2.41342 9.97495 5.54792
      vertex 2.35075 9.89018 5.54792
      vertex 4.0191 8.78568 5.4554
    endloop
  endfacet
  facet normal 0.0527639 -0.0449943 0.997593
    outer loop
      vertex 5.32137 7.21052 5.31675
      vertex 3.69185 8.3737 5.4554
      vertex 5.16229 7.02397 5.31675
    endloop
  endfacet
  facet normal 0.0704167 -0.0600477 0.995709
    outer loop
      vertex 5.16229 7.02397 5.31675
      vertex 6.65653 6.0684 5.15345
      vertex 5.32137 7.21052 5.31675
    endloop
  endfacet
  facet normal 0.0704835 -0.0599435 0.99571
    outer loop
      vertex 6.65653 6.0684 5.15345
      vertex 5.16229 7.02397 5.31675
      vertex 6.65882 6.03322 5.15117
    endloop
  endfacet
  facet normal 0.0675305 -0.0177445 0.997559
    outer loop
      vertex 4.77543 10.3665 5.4554
      vertex 6.44001 10.1256 5.33843
      vertex 4.82031 10.5373 5.4554
    endloop
  endfacet
  facet normal 0.0675279 -0.0177619 0.997559
    outer loop
      vertex 6.44001 10.1256 5.33843
      vertex 4.77543 10.3665 5.4554
      vertex 6.44573 10.0968 5.33753
    endloop
  endfacet
  facet normal 0.0449879 -0.0118212 0.998918
    outer loop
      vertex 2.90188 11.0249 5.54757
      vertex 4.77543 10.3665 5.4554
      vertex 4.82031 10.5373 5.4554
    endloop
  endfacet
  facet normal 0.0450442 -0.0116612 0.998917
    outer loop
      vertex 4.77543 10.3665 5.4554
      vertex 2.90188 11.0249 5.54757
      vertex 2.90008 11.0248 5.54765
    endloop
  endfacet
  facet normal 0.0831454 -0.041525 0.995672
    outer loop
      vertex 6.52229 8.51951 5.28769
      vertex 6.24352 8.65812 5.31675
      vertex 6.52513 8.4571 5.28485
    endloop
  endfacet
  facet normal 0.0831283 -0.041549 0.995672
    outer loop
      vertex 6.13344 8.43788 5.31675
      vertex 6.52513 8.4571 5.28485
      vertex 6.24352 8.65812 5.31675
    endloop
  endfacet
  facet normal 0.0831285 -0.0415526 0.995672
    outer loop
      vertex 6.52513 8.4571 5.28485
      vertex 6.13344 8.43788 5.31675
      vertex 6.53594 8.2197 5.27404
    endloop
  endfacet
  facet normal 0.0745278 -0.055062 0.995698
    outer loop
      vertex 6.61421 6.75827 5.19577
      vertex 5.47396 7.40262 5.31675
      vertex 6.63078 6.48124 5.17921
    endloop
  endfacet
  facet normal -0.0196826 -0.0414054 0.998949
    outer loop
      vertex -1.30773 9.02913 5.54792
      vertex -2.02062 7.13587 5.4554
      vertex -1.21336 8.98427 5.54792
    endloop
  endfacet
  facet normal -0.0196841 -0.0414048 0.998949
    outer loop
      vertex -1.30773 9.02913 5.54792
      vertex -2.17777 7.21058 5.4554
      vertex -2.02062 7.13587 5.4554
    endloop
  endfacet
  facet normal 0.0364573 -0.0842542 0.995777
    outer loop
      vertex 2.82542 5.29311 5.31675
      vertex 2.60222 5.19653 5.31675
      vertex 3.62677 3.45824 5.13216
    endloop
  endfacet
  facet normal 0.0394361 -0.0829528 0.995773
    outer loop
      vertex 3.04517 5.39758 5.31675
      vertex 2.82542 5.29311 5.31675
      vertex 3.62677 3.45824 5.13216
    endloop
  endfacet
  facet normal 0.0338989 -0.0599826 0.997624
    outer loop
      vertex 2.48394 7.37654 5.4554
      vertex 2.33228 7.29083 5.4554
      vertex 3.26121 5.5098 5.31675
    endloop
  endfacet
  facet normal 0.0317419 -0.0611078 0.997626
    outer loop
      vertex 3.26121 5.5098 5.31675
      vertex 2.33228 7.29083 5.4554
      vertex 3.04517 5.39758 5.31675
    endloop
  endfacet
  facet normal 0.0445365 -0.013361 0.998918
    outer loop
      vertex 4.77543 10.3665 5.4554
      vertex 2.86759 10.9242 5.54792
      vertex 4.72473 10.1975 5.4554
    endloop
  endfacet
  facet normal 0.0443794 -0.0116518 0.998947
    outer loop
      vertex 2.86759 10.9242 5.54792
      vertex 2.90008 11.0248 5.54765
      vertex 2.89395 11.0246 5.54792
    endloop
  endfacet
  facet normal 0.0449794 -0.0118457 0.998918
    outer loop
      vertex 2.90008 11.0248 5.54765
      vertex 2.86759 10.9242 5.54792
      vertex 4.77543 10.3665 5.4554
    endloop
  endfacet
  facet normal 0.0217392 -0.00818456 0.99973
    outer loop
      vertex 2.03978 11.0056 5.56684
      vertex 2.76593 10.6233 5.54792
      vertex 2.80324 10.7224 5.54792
    endloop
  endfacet
  facet normal 0.0216994 -0.0082602 0.99973
    outer loop
      vertex 2.76593 10.6233 5.54792
      vertex 2.03978 11.0056 5.56684
      vertex 1.88975 11.0024 5.57007
    endloop
  endfacet
  facet normal 0.0434794 -0.0163695 0.99892
    outer loop
      vertex 2.80324 10.7224 5.54792
      vertex 2.76593 10.6233 5.54792
      vertex 4.66828 10.0303 5.4554
    endloop
  endfacet
  facet normal 0.0460447 -0.00670831 0.998917
    outer loop
      vertex 4.60735 11.1024 5.47009
      vertex 4.48221 11.0967 5.47582
      vertex 4.91953 11.0577 5.4554
    endloop
  endfacet
  facet normal 0.0204435 -0.0655862 0.997637
    outer loop
      vertex 1.53516 6.9459 5.4554
      vertex 1.36933 6.89421 5.4554
      vertex 2.1466 5.02747 5.31675
    endloop
  endfacet
  facet normal 0.0204423 -0.0655867 0.997637
    outer loop
      vertex 2.1466 5.02747 5.31675
      vertex 1.36933 6.89421 5.4554
      vertex 1.91473 4.9552 5.31675
    endloop
  endfacet
  facet normal 0.0759356 -0.194041 0.97805
    outer loop
      vertex 6.24289 -3.98964 3.93958
      vertex 5.69983 -4.20216 3.93958
      vertex 6.95172 -5.77817 3.52971
    endloop
  endfacet
  facet normal 0.0827882 -0.19132 0.97803
    outer loop
      vertex 6.77834 -3.75794 3.93958
      vertex 6.24289 -3.98964 3.93958
      vertex 6.95172 -5.77817 3.52971
    endloop
  endfacet
  facet normal 0.0693373 -0.145853 0.986873
    outer loop
      vertex 6.46715 -1.75495 4.30518
      vertex 5.62089 0.0138855 4.62606
      vertex 6.00046 -1.97681 4.30518
    endloop
  endfacet
  facet normal 0.069334 -0.145854 0.986874
    outer loop
      vertex 5.62089 0.0138855 4.62606
      vertex 5.21526 -0.178937 4.62606
      vertex 6.00046 -1.97681 4.30518
    endloop
  endfacet
  facet normal 0.096191 -0.185168 0.977988
    outer loop
      vertex 7.39563 -3.46052 3.93958
      vertex 7.30554 -3.50732 3.93958
      vertex 7.42173 -3.75018 3.88217
    endloop
  endfacet
  facet normal 0.0764635 -0.115495 0.990361
    outer loop
      vertex 7.07513 1.02251 4.64468
      vertex 6.79474 0.677213 4.62606
      vertex 7.08359 0.868446 4.62606
    endloop
  endfacet
  facet normal 0.0764382 -0.115475 0.990365
    outer loop
      vertex 6.79474 0.677213 4.62606
      vertex 7.07513 1.02251 4.64468
      vertex 5.76346 2.35969 4.90183
    endloop
  endfacet
  facet normal 0.0893524 -0.134963 0.986814
    outer loop
      vertex 7.08359 0.868446 4.62606
      vertex 6.79474 0.677213 4.62606
      vertex 7.11578 0.372015 4.55525
    endloop
  endfacet
  facet normal 0.0407402 -0.0221374 0.998925
    outer loop
      vertex 2.63396 10.3348 5.54792
      vertex 2.58348 10.2419 5.54792
      vertex 4.30231 9.23026 5.4554
    endloop
  endfacet
  facet normal 0.0399205 -0.0235302 0.998926
    outer loop
      vertex 4.30231 9.23026 5.4554
      vertex 2.58348 10.2419 5.54792
      vertex 4.213 9.07874 5.4554
    endloop
  endfacet
  facet normal -0.0205756 -0.2307 0.972807
    outer loop
      vertex -1.2945 -7.10964 3.52971
      vertex -1.93977 -7.05209 3.52971
      vertex -1.42491 -9.01094 3.07606
    endloop
  endfacet
  facet normal -0.00411868 -0.231548 0.972815
    outer loop
      vertex -0.647643 -7.1442 3.52971
      vertex -0.712891 -9.04898 3.07606
      vertex 0 -7.15572 3.52971
    endloop
  endfacet
  facet normal 0.0110886 -0.207584 0.978154
    outer loop
      vertex 1.1625 -5.18535 3.93958
      vertex 0.581606 -5.21638 3.93958
      vertex 0.647643 -7.1442 3.52971
    endloop
  endfacet
  facet normal 0.00369692 -0.207837 0.978156
    outer loop
      vertex 0.581606 -5.21638 3.93958
      vertex 0 -7.15572 3.52971
      vertex 0.647643 -7.1442 3.52971
    endloop
  endfacet
  facet normal 0.0853087 -0.164219 0.982728
    outer loop
      vertex 7.29838 -2.23065 4.15354
      vertex 7.30554 -3.50732 3.93958
      vertex 7.39563 -3.46052 3.93958
    endloop
  endfacet
  facet normal 0.085296 -0.164219 0.982729
    outer loop
      vertex 7.30554 -3.50732 3.93958
      vertex 7.29838 -2.23065 4.15354
      vertex 6.92597 -1.51663 4.30518
    endloop
  endfacet
  facet normal 0.0911161 -0.16118 0.98271
    outer loop
      vertex 7.27011 -1.86746 4.21573
      vertex 6.92597 -1.51663 4.30518
      vertex 7.29838 -2.23065 4.15354
    endloop
  endfacet
  facet normal -0.0123555 -0.231265 0.972812
    outer loop
      vertex -1.2945 -7.10964 3.52971
      vertex -1.42491 -9.01094 3.07606
      vertex -0.712891 -9.04898 3.07606
    endloop
  endfacet
  facet normal -0.012356 -0.231266 0.972812
    outer loop
      vertex -0.647643 -7.1442 3.52971
      vertex -1.2945 -7.10964 3.52971
      vertex -0.712891 -9.04898 3.07606
    endloop
  endfacet
  facet normal -0.301752 -0.728462 -0.615053
    outer loop
      vertex 7.18712 13.1695 0
      vertex 6.26257 11.8554 2.01
      vertex 5.98712 11.9695 2.01
    endloop
  endfacet
  facet normal -0.301752 -0.728462 -0.615053
    outer loop
      vertex 6.26257 11.8554 2.01
      vertex 7.18712 13.1695 0
      vertex 7.46257 13.0554 0
    endloop
  endfacet
  facet normal 0.658995 0.403848 -0.634533
    outer loop
      vertex -6.93713 -11.2793 2.01
      vertex -8.29291 -12.2251 0
      vertex -7.09291 -11.0251 2.01
    endloop
  endfacet
  facet normal 0.658995 0.403848 -0.634533
    outer loop
      vertex -8.29291 -12.2251 0
      vertex -6.93713 -11.2793 2.01
      vertex -8.13713 -12.4793 0
    endloop
  endfacet
  facet normal 0.403873 0.658976 -0.634537
    outer loop
      vertex -7.46257 -13.0554 0
      vertex -6.51678 -11.6996 2.01
      vertex -6.26257 -11.8554 2.01
    endloop
  endfacet
  facet normal 0.403873 0.658976 -0.634537
    outer loop
      vertex -6.51678 -11.6996 2.01
      vertex -7.46257 -13.0554 0
      vertex -7.71678 -12.8996 0
    endloop
  endfacet
  facet normal 0.581745 -0.496883 -0.643957
    outer loop
      vertex -8.13713 12.4793 0
      vertex -6.7435 11.506 2.01
      vertex -6.93713 11.2793 2.01
    endloop
  endfacet
  facet normal 0.581745 -0.496883 -0.643957
    outer loop
      vertex -6.7435 11.506 2.01
      vertex -8.13713 12.4793 0
      vertex -7.9435 12.706 0
    endloop
  endfacet
  facet normal -0.301752 0.728462 -0.615053
    outer loop
      vertex 7.18712 -13.1695 0
      vertex 6.26257 -11.8554 2.01
      vertex 7.46257 -13.0554 0
    endloop
  endfacet
  facet normal -0.301752 0.728462 -0.615053
    outer loop
      vertex 6.26257 -11.8554 2.01
      vertex 7.18712 -13.1695 0
      vertex 5.98712 -11.9695 2.01
    endloop
  endfacet
  facet normal 0.066044 -0.838899 -0.540265
    outer loop
      vertex -6.59999 13.2625 0
      vertex -5.69722 12.0391 2.01
      vertex -6.89722 13.2391 0
    endloop
  endfacet
  facet normal 0.066044 -0.838899 -0.540265
    outer loop
      vertex -5.69722 12.0391 2.01
      vertex -6.59999 13.2625 0
      vertex -5.39999 12.0625 2.01
    endloop
  endfacet
  facet normal -0.658995 0.403848 -0.634533
    outer loop
      vertex 8.29291 -12.2251 0
      vertex 6.93713 -11.2793 2.01
      vertex 7.09291 -11.0251 2.01
    endloop
  endfacet
  facet normal -0.658995 0.403848 -0.634533
    outer loop
      vertex 6.93713 -11.2793 2.01
      vertex 8.29291 -12.2251 0
      vertex 8.13713 -12.4793 0
    endloop
  endfacet
  facet normal -0.728501 -0.301687 -0.615038
    outer loop
      vertex 8.407 11.9496 0
      vertex 7.09291 11.0251 2.01
      vertex 8.29291 12.2251 0
    endloop
  endfacet
  facet normal -0.728501 -0.301687 -0.615038
    outer loop
      vertex 7.09291 11.0251 2.01
      vertex 8.407 11.9496 0
      vertex 7.207 10.7496 2.01
    endloop
  endfacet
  facet normal 0.838908 0.0660231 -0.540253
    outer loop
      vertex -7.2766 -10.4597 2.01
      vertex -8.49998 -11.3625 0
      vertex -7.29999 -10.1625 2.01
    endloop
  endfacet
  facet normal 0.838908 0.0660231 -0.540253
    outer loop
      vertex -8.49998 -11.3625 0
      vertex -7.2766 -10.4597 2.01
      vertex -8.47659 -11.6597 0
    endloop
  endfacet
  facet normal 0.858623 0 -0.512607
    outer loop
      vertex -7.29999 -10.1625 2.01
      vertex -8.49998 11.3625 0
      vertex -7.29999 10.1625 2.01
    endloop
  endfacet
  facet normal 0.858623 0 -0.512607
    outer loop
      vertex -8.49998 11.3625 0
      vertex -7.29999 -10.1625 2.01
      vertex -8.49998 -11.3625 0
    endloop
  endfacet
  facet normal 0.728501 0.301687 -0.615038
    outer loop
      vertex -7.09291 -11.0251 2.01
      vertex -8.407 -11.9496 0
      vertex -7.207 -10.7496 2.01
    endloop
  endfacet
  facet normal 0.728501 0.301687 -0.615038
    outer loop
      vertex -8.407 -11.9496 0
      vertex -7.09291 -11.0251 2.01
      vertex -8.29291 -12.2251 0
    endloop
  endfacet
  facet normal -0.728501 0.301687 -0.615038
    outer loop
      vertex 8.407 -11.9496 0
      vertex 7.09291 -11.0251 2.01
      vertex 7.207 -10.7496 2.01
    endloop
  endfacet
  facet normal -0.728501 0.301687 -0.615038
    outer loop
      vertex 7.09291 -11.0251 2.01
      vertex 8.407 -11.9496 0
      vertex 8.29291 -12.2251 0
    endloop
  endfacet
  facet normal -0.066044 0.838899 -0.540265
    outer loop
      vertex 6.59999 -13.2625 0
      vertex 5.69722 -12.0391 2.01
      vertex 6.89722 -13.2391 0
    endloop
  endfacet
  facet normal -0.066044 0.838899 -0.540265
    outer loop
      vertex 5.69722 -12.0391 2.01
      vertex 6.59999 -13.2625 0
      vertex 5.39999 -12.0625 2.01
    endloop
  endfacet
  facet normal 0 0.858622 -0.51261
    outer loop
      vertex 6.59999 -13.2625 0
      vertex -5.39999 -12.0625 2.01
      vertex 5.39999 -12.0625 2.01
    endloop
  endfacet
  facet normal 0 0.858622 -0.51261
    outer loop
      vertex -5.39999 -12.0625 2.01
      vertex 6.59999 -13.2625 0
      vertex -6.59999 -13.2625 0
    endloop
  endfacet
  facet normal -0.403873 -0.658976 -0.634537
    outer loop
      vertex 7.46257 13.0554 0
      vertex 6.51678 11.6996 2.01
      vertex 6.26257 11.8554 2.01
    endloop
  endfacet
  facet normal -0.403873 -0.658976 -0.634537
    outer loop
      vertex 6.51678 11.6996 2.01
      vertex 7.46257 13.0554 0
      vertex 7.71678 12.8996 0
    endloop
  endfacet
  facet normal 0 -0.858622 -0.51261
    outer loop
      vertex -6.59999 13.2625 0
      vertex 5.39999 12.0625 2.01
      vertex -5.39999 12.0625 2.01
    endloop
  endfacet
  facet normal 0 -0.858622 -0.51261
    outer loop
      vertex 5.39999 12.0625 2.01
      vertex -6.59999 13.2625 0
      vertex 6.59999 13.2625 0
    endloop
  endfacet
  facet normal 0 0 -1
    outer loop
      vertex -2.04999 -0.649994 2.01
      vertex -0.599991 0.649994 2.01
      vertex -0.599991 -0.649994 2.01
    endloop
  endfacet
  facet normal -0 0 -1
    outer loop
      vertex -0.599991 0.649994 2.01
      vertex -2.04999 -0.649994 2.01
      vertex -2.04999 0.649994 2.01
    endloop
  endfacet
  facet normal 0 0 -1
    outer loop
      vertex -0.599991 -0.649994 2.01
      vertex 0.599991 -0.649994 2.01
      vertex 0.599991 -2.04999 2.01
    endloop
  endfacet
  facet normal 0 0 -1
    outer loop
      vertex 0.599991 -0.649994 2.01
      vertex -0.599991 -0.649994 2.01
      vertex 0.599991 0.649994 2.01
    endloop
  endfacet
  facet normal 0 0 -1
    outer loop
      vertex -0.599991 -0.649994 2.01
      vertex 0.599991 -2.04999 2.01
      vertex -0.599991 -2.04999 2.01
    endloop
  endfacet
  facet normal 0 0 -1
    outer loop
      vertex -0.599991 0.649994 2.01
      vertex 0.599991 0.649994 2.01
      vertex -0.599991 -0.649994 2.01
    endloop
  endfacet
  facet normal 0 0 -1
    outer loop
      vertex 0.599991 0.649994 2.01
      vertex -0.599991 0.649994 2.01
      vertex 0.599991 2.04999 2.01
    endloop
  endfacet
  facet normal -0 0 -1
    outer loop
      vertex 0.599991 2.04999 2.01
      vertex -0.599991 0.649994 2.01
      vertex -0.599991 2.04999 2.01
    endloop
  endfacet
  facet normal 0 0 -1
    outer loop
      vertex 0.599991 -0.649994 2.01
      vertex 2.04999 0.649994 2.01
      vertex 2.04999 -0.649994 2.01
    endloop
  endfacet
  facet normal -0 0 -1
    outer loop
      vertex 2.04999 0.649994 2.01
      vertex 0.599991 -0.649994 2.01
      vertex 0.599991 0.649994 2.01
    endloop
  endfacet
  facet normal 0 0 -1
    outer loop
      vertex 5.39999 -12.0625 2.01
      vertex 7.29999 -10.1625 2.01
      vertex 7.2766 -10.4597 2.01
    endloop
  endfacet
  facet normal 0 0 -1
    outer loop
      vertex 7.29999 -10.1625 2.01
      vertex 2.75 0 2.01
      vertex 7.29999 10.1625 2.01
    endloop
  endfacet
  facet normal 0 0 -1
    outer loop
      vertex 5.39999 -12.0625 2.01
      vertex 7.2766 -10.4597 2.01
      vertex 7.207 -10.7496 2.01
    endloop
  endfacet
  facet normal 0 0 -1
    outer loop
      vertex 2.73388 0.297327 2.01
      vertex 7.29999 10.1625 2.01
      vertex 2.75 0 2.01
    endloop
  endfacet
  facet normal 0 0 -1
    outer loop
      vertex 5.39999 -12.0625 2.01
      vertex 7.207 -10.7496 2.01
      vertex 7.09291 -11.0251 2.01
    endloop
  endfacet
  facet normal 0 0 -1
    outer loop
      vertex 2.68571 0.591168 2.01
      vertex 7.29999 10.1625 2.01
      vertex 2.73388 0.297327 2.01
    endloop
  endfacet
  facet normal 0 0 -1
    outer loop
      vertex 5.39999 -12.0625 2.01
      vertex 7.09291 -11.0251 2.01
      vertex 6.93713 -11.2793 2.01
    endloop
  endfacet
  facet normal 0 0 -1
    outer loop
      vertex 2.60605 0.878078 2.01
      vertex 7.29999 10.1625 2.01
      vertex 2.68571 0.591168 2.01
    endloop
  endfacet
  facet normal 0 0 -1
    outer loop
      vertex 5.39999 -12.0625 2.01
      vertex 6.93713 -11.2793 2.01
      vertex 6.7435 -11.506 2.01
    endloop
  endfacet
  facet normal 0 0 -1
    outer loop
      vertex 2.49583 1.15469 2.01
      vertex 7.29999 10.1625 2.01
      vertex 2.60605 0.878078 2.01
    endloop
  endfacet
  facet normal 0 0 -1
    outer loop
      vertex 5.39999 -12.0625 2.01
      vertex 6.7435 -11.506 2.01
      vertex 6.51678 -11.6996 2.01
    endloop
  endfacet
  facet normal 0 0 -1
    outer loop
      vertex 2.35636 1.41777 2.01
      vertex 7.29999 10.1625 2.01
      vertex 2.49583 1.15469 2.01
    endloop
  endfacet
  facet normal 0 0 -1
    outer loop
      vertex 5.39999 -12.0625 2.01
      vertex 6.51678 -11.6996 2.01
      vertex 6.26257 -11.8554 2.01
    endloop
  endfacet
  facet normal 0 0 -1
    outer loop
      vertex 2.18926 1.66423 2.01
      vertex 7.29999 10.1625 2.01
      vertex 2.35636 1.41777 2.01
    endloop
  endfacet
  facet normal 0 0 -1
    outer loop
      vertex 5.39999 -12.0625 2.01
      vertex 6.26257 -11.8554 2.01
      vertex 5.98712 -11.9695 2.01
    endloop
  endfacet
  facet normal 0 0 -1
    outer loop
      vertex 1.99649 1.89117 2.01
      vertex 7.29999 10.1625 2.01
      vertex 2.18926 1.66423 2.01
    endloop
  endfacet
  facet normal 0 0 -1
    outer loop
      vertex 5.39999 -12.0625 2.01
      vertex 5.98712 -11.9695 2.01
      vertex 5.69722 -12.0391 2.01
    endloop
  endfacet
  facet normal 0 0 -1
    outer loop
      vertex 1.78031 2.09595 2.01
      vertex 7.29999 10.1625 2.01
      vertex 1.99649 1.89117 2.01
    endloop
  endfacet
  facet normal -0 0 -1
    outer loop
      vertex 7.29999 -10.1625 2.01
      vertex 5.39999 -12.0625 2.01
      vertex 1.01788 -2.55469 2.01
    endloop
  endfacet
  facet normal 0 0 -1
    outer loop
      vertex 1.54326 2.27614 2.01
      vertex 7.29999 10.1625 2.01
      vertex 1.78031 2.09595 2.01
    endloop
  endfacet
  facet normal 0 0 -1
    outer loop
      vertex 1.28812 2.42966 2.01
      vertex 7.29999 10.1625 2.01
      vertex 1.54326 2.27614 2.01
    endloop
  endfacet
  facet normal 0 0 -1
    outer loop
      vertex 7.29999 -10.1625 2.01
      vertex 2.73388 -0.297327 2.01
      vertex 2.75 0 2.01
    endloop
  endfacet
  facet normal 0 0 -1
    outer loop
      vertex 7.29999 -10.1625 2.01
      vertex 2.68571 -0.591168 2.01
      vertex 2.73388 -0.297327 2.01
    endloop
  endfacet
  facet normal 0 0 -1
    outer loop
      vertex 7.29999 -10.1625 2.01
      vertex 2.60605 -0.878078 2.01
      vertex 2.68571 -0.591168 2.01
    endloop
  endfacet
  facet normal 0 0 -1
    outer loop
      vertex 7.29999 -10.1625 2.01
      vertex 2.49583 -1.15469 2.01
      vertex 2.60605 -0.878078 2.01
    endloop
  endfacet
  facet normal 0 0 -1
    outer loop
      vertex 7.29999 -10.1625 2.01
      vertex 2.35636 -1.41777 2.01
      vertex 2.49583 -1.15469 2.01
    endloop
  endfacet
  facet normal 0 0 -1
    outer loop
      vertex 7.29999 -10.1625 2.01
      vertex 2.18926 -1.66423 2.01
      vertex 2.35636 -1.41777 2.01
    endloop
  endfacet
  facet normal 0 0 -1
    outer loop
      vertex 7.29999 -10.1625 2.01
      vertex 1.99649 -1.89117 2.01
      vertex 2.18926 -1.66423 2.01
    endloop
  endfacet
  facet normal 0 0 -1
    outer loop
      vertex 7.29999 -10.1625 2.01
      vertex 1.78031 -2.09595 2.01
      vertex 1.99649 -1.89117 2.01
    endloop
  endfacet
  facet normal 0 0 -1
    outer loop
      vertex 7.29999 -10.1625 2.01
      vertex 1.54326 -2.27614 2.01
      vertex 1.78031 -2.09595 2.01
    endloop
  endfacet
  facet normal 0 0 -1
    outer loop
      vertex 7.29999 -10.1625 2.01
      vertex 1.28812 -2.42966 2.01
      vertex 1.54326 -2.27614 2.01
    endloop
  endfacet
  facet normal 0 0 -1
    outer loop
      vertex 7.29999 -10.1625 2.01
      vertex 1.01788 -2.55469 2.01
      vertex 1.28812 -2.42966 2.01
    endloop
  endfacet
  facet normal 0 0 -1
    outer loop
      vertex 5.39999 -12.0625 2.01
      vertex 0.735703 -2.64976 2.01
      vertex 1.01788 -2.55469 2.01
    endloop
  endfacet
  facet normal 0 0 -1
    outer loop
      vertex 5.39999 -12.0625 2.01
      vertex 0.4449 -2.71377 2.01
      vertex 0.735703 -2.64976 2.01
    endloop
  endfacet
  facet normal 0 0 -1
    outer loop
      vertex 5.39999 -12.0625 2.01
      vertex 0.148882 -2.74597 2.01
      vertex 0.4449 -2.71377 2.01
    endloop
  endfacet
  facet normal 0 0 -1
    outer loop
      vertex 5.39999 -12.0625 2.01
      vertex -0.148882 -2.74597 2.01
      vertex 0.148882 -2.74597 2.01
    endloop
  endfacet
  facet normal 0 0 -1
    outer loop
      vertex -5.39999 -12.0625 2.01
      vertex -0.148882 -2.74597 2.01
      vertex 5.39999 -12.0625 2.01
    endloop
  endfacet
  facet normal -0 0 -1
    outer loop
      vertex -0.148882 -2.74597 2.01
      vertex -5.39999 -12.0625 2.01
      vertex -0.4449 -2.71377 2.01
    endloop
  endfacet
  facet normal -0 0 -1
    outer loop
      vertex -0.4449 -2.71377 2.01
      vertex -5.39999 -12.0625 2.01
      vertex -0.735703 -2.64976 2.01
    endloop
  endfacet
  facet normal -0 0 -1
    outer loop
      vertex -0.735703 -2.64976 2.01
      vertex -5.39999 -12.0625 2.01
      vertex -1.01788 -2.55469 2.01
    endloop
  endfacet
  facet normal 0 0 -1
    outer loop
      vertex -7.29999 -10.1625 2.01
      vertex -1.01788 -2.55469 2.01
      vertex -5.39999 -12.0625 2.01
    endloop
  endfacet
  facet normal -0 0 -1
    outer loop
      vertex -1.01788 -2.55469 2.01
      vertex -7.29999 -10.1625 2.01
      vertex -1.28812 -2.42966 2.01
    endloop
  endfacet
  facet normal -0 0 -1
    outer loop
      vertex -1.28812 -2.42966 2.01
      vertex -7.29999 -10.1625 2.01
      vertex -1.54326 -2.27614 2.01
    endloop
  endfacet
  facet normal -0 0 -1
    outer loop
      vertex -1.54326 -2.27614 2.01
      vertex -7.29999 -10.1625 2.01
      vertex -1.78031 -2.09595 2.01
    endloop
  endfacet
  facet normal -0 0 -1
    outer loop
      vertex -2.68571 -0.591168 2.01
      vertex -7.29999 -10.1625 2.01
      vertex -2.73388 -0.297327 2.01
    endloop
  endfacet
  facet normal -0 0 -1
    outer loop
      vertex -2.60605 -0.878078 2.01
      vertex -7.29999 -10.1625 2.01
      vertex -2.68571 -0.591168 2.01
    endloop
  endfacet
  facet normal -0 0 -1
    outer loop
      vertex -2.49583 -1.15469 2.01
      vertex -7.29999 -10.1625 2.01
      vertex -2.60605 -0.878078 2.01
    endloop
  endfacet
  facet normal -0 0 -1
    outer loop
      vertex -2.35636 -1.41777 2.01
      vertex -7.29999 -10.1625 2.01
      vertex -2.49583 -1.15469 2.01
    endloop
  endfacet
  facet normal -0 0 -1
    outer loop
      vertex -2.18926 -1.66423 2.01
      vertex -7.29999 -10.1625 2.01
      vertex -2.35636 -1.41777 2.01
    endloop
  endfacet
  facet normal -0 0 -1
    outer loop
      vertex -1.99649 -1.89117 2.01
      vertex -7.29999 -10.1625 2.01
      vertex -2.18926 -1.66423 2.01
    endloop
  endfacet
  facet normal -0 0 -1
    outer loop
      vertex -1.78031 -2.09595 2.01
      vertex -7.29999 -10.1625 2.01
      vertex -1.99649 -1.89117 2.01
    endloop
  endfacet
  facet normal 0 0 -1
    outer loop
      vertex 1.01788 2.55469 2.01
      vertex 7.29999 10.1625 2.01
      vertex 1.28812 2.42966 2.01
    endloop
  endfacet
  facet normal 0 -0 -1
    outer loop
      vertex 5.39999 12.0625 2.01
      vertex 7.29999 10.1625 2.01
      vertex 1.01788 2.55469 2.01
    endloop
  endfacet
  facet normal 0 0 -1
    outer loop
      vertex 7.29999 10.1625 2.01
      vertex 5.39999 12.0625 2.01
      vertex 7.2766 10.4597 2.01
    endloop
  endfacet
  facet normal 0 0 -1
    outer loop
      vertex 7.207 10.7496 2.01
      vertex 5.39999 12.0625 2.01
      vertex 7.09291 11.0251 2.01
    endloop
  endfacet
  facet normal 0 0 -1
    outer loop
      vertex 7.09291 11.0251 2.01
      vertex 5.39999 12.0625 2.01
      vertex 6.93713 11.2793 2.01
    endloop
  endfacet
  facet normal 0 0 -1
    outer loop
      vertex 6.7435 11.506 2.01
      vertex 5.39999 12.0625 2.01
      vertex 6.51678 11.6996 2.01
    endloop
  endfacet
  facet normal 0 0 -1
    outer loop
      vertex 6.51678 11.6996 2.01
      vertex 5.39999 12.0625 2.01
      vertex 6.26257 11.8554 2.01
    endloop
  endfacet
  facet normal 0 0 -1
    outer loop
      vertex 5.98712 11.9695 2.01
      vertex 5.39999 12.0625 2.01
      vertex 5.69722 12.0391 2.01
    endloop
  endfacet
  facet normal 0 0 -1
    outer loop
      vertex 6.26257 11.8554 2.01
      vertex 5.39999 12.0625 2.01
      vertex 5.98712 11.9695 2.01
    endloop
  endfacet
  facet normal 0 0 -1
    outer loop
      vertex 6.93713 11.2793 2.01
      vertex 5.39999 12.0625 2.01
      vertex 6.7435 11.506 2.01
    endloop
  endfacet
  facet normal 0 0 -1
    outer loop
      vertex 7.2766 10.4597 2.01
      vertex 5.39999 12.0625 2.01
      vertex 7.207 10.7496 2.01
    endloop
  endfacet
  facet normal 0 0 -1
    outer loop
      vertex 0.735703 2.64976 2.01
      vertex 5.39999 12.0625 2.01
      vertex 1.01788 2.55469 2.01
    endloop
  endfacet
  facet normal 0 0 -1
    outer loop
      vertex 0.4449 2.71377 2.01
      vertex 5.39999 12.0625 2.01
      vertex 0.735703 2.64976 2.01
    endloop
  endfacet
  facet normal 0 0 -1
    outer loop
      vertex 0.148882 2.74597 2.01
      vertex 5.39999 12.0625 2.01
      vertex 0.4449 2.71377 2.01
    endloop
  endfacet
  facet normal 0 0 -1
    outer loop
      vertex -0.148882 2.74597 2.01
      vertex 5.39999 12.0625 2.01
      vertex 0.148882 2.74597 2.01
    endloop
  endfacet
  facet normal 0 0 -1
    outer loop
      vertex -5.39999 12.0625 2.01
      vertex -0.148882 2.74597 2.01
      vertex -0.4449 2.71377 2.01
    endloop
  endfacet
  facet normal 0 0 -1
    outer loop
      vertex -5.39999 12.0625 2.01
      vertex -0.4449 2.71377 2.01
      vertex -0.735703 2.64976 2.01
    endloop
  endfacet
  facet normal 0 0 -1
    outer loop
      vertex -5.39999 12.0625 2.01
      vertex -0.735703 2.64976 2.01
      vertex -1.01788 2.55469 2.01
    endloop
  endfacet
  facet normal 0 0 -1
    outer loop
      vertex -7.29999 10.1625 2.01
      vertex -1.01788 2.55469 2.01
      vertex -1.28812 2.42966 2.01
    endloop
  endfacet
  facet normal 0 0 -1
    outer loop
      vertex -7.29999 10.1625 2.01
      vertex -1.28812 2.42966 2.01
      vertex -1.54326 2.27614 2.01
    endloop
  endfacet
  facet normal 0 0 -1
    outer loop
      vertex -7.29999 10.1625 2.01
      vertex -1.54326 2.27614 2.01
      vertex -1.78031 2.09595 2.01
    endloop
  endfacet
  facet normal 0 0 -1
    outer loop
      vertex -7.29999 10.1625 2.01
      vertex -1.78031 2.09595 2.01
      vertex -1.99649 1.89117 2.01
    endloop
  endfacet
  facet normal 0 0 -1
    outer loop
      vertex -7.29999 10.1625 2.01
      vertex -1.99649 1.89117 2.01
      vertex -2.18926 1.66423 2.01
    endloop
  endfacet
  facet normal -0 0 -1
    outer loop
      vertex -2.73388 -0.297327 2.01
      vertex -7.29999 -10.1625 2.01
      vertex -2.75 0 2.01
    endloop
  endfacet
  facet normal 0 0 -1
    outer loop
      vertex -7.29999 10.1625 2.01
      vertex -2.75 0 2.01
      vertex -7.29999 -10.1625 2.01
    endloop
  endfacet
  facet normal 0 0 -1
    outer loop
      vertex -0.148882 2.74597 2.01
      vertex -5.39999 12.0625 2.01
      vertex 5.39999 12.0625 2.01
    endloop
  endfacet
  facet normal 0 0 -1
    outer loop
      vertex -7.29999 10.1625 2.01
      vertex -2.18926 1.66423 2.01
      vertex -2.35636 1.41777 2.01
    endloop
  endfacet
  facet normal 0 0 -1
    outer loop
      vertex -7.29999 10.1625 2.01
      vertex -2.35636 1.41777 2.01
      vertex -2.49583 1.15469 2.01
    endloop
  endfacet
  facet normal 0 0 -1
    outer loop
      vertex -7.29999 10.1625 2.01
      vertex -2.49583 1.15469 2.01
      vertex -2.60605 0.878078 2.01
    endloop
  endfacet
  facet normal 0 0 -1
    outer loop
      vertex -7.29999 10.1625 2.01
      vertex -2.60605 0.878078 2.01
      vertex -2.68571 0.591168 2.01
    endloop
  endfacet
  facet normal 0 0 -1
    outer loop
      vertex -2.75 0 2.01
      vertex -7.29999 10.1625 2.01
      vertex -2.73388 0.297327 2.01
    endloop
  endfacet
  facet normal 0 0 -1
    outer loop
      vertex -7.29999 -10.1625 2.01
      vertex -5.39999 -12.0625 2.01
      vertex -5.69722 -12.0391 2.01
    endloop
  endfacet
  facet normal 0 0 -1
    outer loop
      vertex -2.73388 0.297327 2.01
      vertex -7.29999 10.1625 2.01
      vertex -2.68571 0.591168 2.01
    endloop
  endfacet
  facet normal 0 0 -1
    outer loop
      vertex -7.29999 -10.1625 2.01
      vertex -5.69722 -12.0391 2.01
      vertex -5.98712 -11.9695 2.01
    endloop
  endfacet
  facet normal 0 0 -1
    outer loop
      vertex -1.01788 2.55469 2.01
      vertex -7.29999 10.1625 2.01
      vertex -5.39999 12.0625 2.01
    endloop
  endfacet
  facet normal 0 0 -1
    outer loop
      vertex -7.29999 -10.1625 2.01
      vertex -5.98712 -11.9695 2.01
      vertex -6.26257 -11.8554 2.01
    endloop
  endfacet
  facet normal 0 0 -1
    outer loop
      vertex -5.39999 12.0625 2.01
      vertex -7.29999 10.1625 2.01
      vertex -5.69722 12.0391 2.01
    endloop
  endfacet
  facet normal 0 0 -1
    outer loop
      vertex -7.29999 -10.1625 2.01
      vertex -6.26257 -11.8554 2.01
      vertex -6.51678 -11.6996 2.01
    endloop
  endfacet
  facet normal 0 0 -1
    outer loop
      vertex -5.69722 12.0391 2.01
      vertex -7.29999 10.1625 2.01
      vertex -5.98712 11.9695 2.01
    endloop
  endfacet
  facet normal 0 0 -1
    outer loop
      vertex -7.29999 -10.1625 2.01
      vertex -6.51678 -11.6996 2.01
      vertex -6.7435 -11.506 2.01
    endloop
  endfacet
  facet normal 0 0 -1
    outer loop
      vertex -5.98712 11.9695 2.01
      vertex -7.29999 10.1625 2.01
      vertex -6.26257 11.8554 2.01
    endloop
  endfacet
  facet normal 0 0 -1
    outer loop
      vertex -7.29999 -10.1625 2.01
      vertex -6.7435 -11.506 2.01
      vertex -6.93713 -11.2793 2.01
    endloop
  endfacet
  facet normal 0 0 -1
    outer loop
      vertex -6.26257 11.8554 2.01
      vertex -7.29999 10.1625 2.01
      vertex -6.51678 11.6996 2.01
    endloop
  endfacet
  facet normal 0 0 -1
    outer loop
      vertex -7.29999 -10.1625 2.01
      vertex -6.93713 -11.2793 2.01
      vertex -7.09291 -11.0251 2.01
    endloop
  endfacet
  facet normal 0 0 -1
    outer loop
      vertex -6.51678 11.6996 2.01
      vertex -7.29999 10.1625 2.01
      vertex -6.7435 11.506 2.01
    endloop
  endfacet
  facet normal 0 0 -1
    outer loop
      vertex -7.29999 -10.1625 2.01
      vertex -7.09291 -11.0251 2.01
      vertex -7.207 -10.7496 2.01
    endloop
  endfacet
  facet normal 0 0 -1
    outer loop
      vertex -6.7435 11.506 2.01
      vertex -7.29999 10.1625 2.01
      vertex -6.93713 11.2793 2.01
    endloop
  endfacet
  facet normal 0 0 -1
    outer loop
      vertex -7.29999 -10.1625 2.01
      vertex -7.207 -10.7496 2.01
      vertex -7.2766 -10.4597 2.01
    endloop
  endfacet
  facet normal 0 0 -1
    outer loop
      vertex -6.93713 11.2793 2.01
      vertex -7.29999 10.1625 2.01
      vertex -7.09291 11.0251 2.01
    endloop
  endfacet
  facet normal 0 0 -1
    outer loop
      vertex -7.09291 11.0251 2.01
      vertex -7.29999 10.1625 2.01
      vertex -7.207 10.7496 2.01
    endloop
  endfacet
  facet normal 0 0 -1
    outer loop
      vertex -7.207 10.7496 2.01
      vertex -7.29999 10.1625 2.01
      vertex -7.2766 10.4597 2.01
    endloop
  endfacet
  facet normal -0.403873 0.658976 -0.634537
    outer loop
      vertex 7.46257 -13.0554 0
      vertex 6.51678 -11.6996 2.01
      vertex 7.71678 -12.8996 0
    endloop
  endfacet
  facet normal -0.403873 0.658976 -0.634537
    outer loop
      vertex 6.51678 -11.6996 2.01
      vertex 7.46257 -13.0554 0
      vertex 6.26257 -11.8554 2.01
    endloop
  endfacet
  facet normal -0.858623 0 -0.512607
    outer loop
      vertex 8.49998 11.3625 0
      vertex 7.29999 -10.1625 2.01
      vertex 7.29999 10.1625 2.01
    endloop
  endfacet
  facet normal -0.858623 0 -0.512607
    outer loop
      vertex 7.29999 -10.1625 2.01
      vertex 8.49998 11.3625 0
      vertex 8.49998 -11.3625 0
    endloop
  endfacet
  facet normal 0.496815 -0.581807 -0.643953
    outer loop
      vertex -6.7435 11.506 2.01
      vertex -7.71678 12.8996 0
      vertex -6.51678 11.6996 2.01
    endloop
  endfacet
  facet normal 0.496815 -0.581807 -0.643953
    outer loop
      vertex -7.71678 12.8996 0
      vertex -6.7435 11.506 2.01
      vertex -7.9435 12.706 0
    endloop
  endfacet
  facet normal 0.581745 0.496883 -0.643957
    outer loop
      vertex -8.13713 -12.4793 0
      vertex -6.7435 -11.506 2.01
      vertex -7.9435 -12.706 0
    endloop
  endfacet
  facet normal 0.581745 0.496883 -0.643957
    outer loop
      vertex -6.7435 -11.506 2.01
      vertex -8.13713 -12.4793 0
      vertex -6.93713 -11.2793 2.01
    endloop
  endfacet
  facet normal -0.066044 -0.838899 -0.540265
    outer loop
      vertex 6.59999 13.2625 0
      vertex 5.69722 12.0391 2.01
      vertex 5.39999 12.0625 2.01
    endloop
  endfacet
  facet normal -0.066044 -0.838899 -0.540265
    outer loop
      vertex 5.69722 12.0391 2.01
      vertex 6.59999 13.2625 0
      vertex 6.89722 13.2391 0
    endloop
  endfacet
  facet normal 0.189462 -0.789151 -0.584247
    outer loop
      vertex -6.89722 13.2391 0
      vertex -5.98712 11.9695 2.01
      vertex -7.18712 13.1695 0
    endloop
  endfacet
  facet normal 0.189462 -0.789151 -0.584247
    outer loop
      vertex -5.98712 11.9695 2.01
      vertex -6.89722 13.2391 0
      vertex -5.69722 12.0391 2.01
    endloop
  endfacet
  facet normal -0.189462 -0.789151 -0.584247
    outer loop
      vertex 6.89722 13.2391 0
      vertex 5.98712 11.9695 2.01
      vertex 5.69722 12.0391 2.01
    endloop
  endfacet
  facet normal -0.189462 -0.789151 -0.584247
    outer loop
      vertex 5.98712 11.9695 2.01
      vertex 6.89722 13.2391 0
      vertex 7.18712 13.1695 0
    endloop
  endfacet
  facet normal 0.728501 -0.301687 -0.615038
    outer loop
      vertex -7.09291 11.0251 2.01
      vertex -8.407 11.9496 0
      vertex -8.29291 12.2251 0
    endloop
  endfacet
  facet normal 0.728501 -0.301687 -0.615038
    outer loop
      vertex -8.407 11.9496 0
      vertex -7.09291 11.0251 2.01
      vertex -7.207 10.7496 2.01
    endloop
  endfacet
  facet normal -0.838908 0.0660231 -0.540253
    outer loop
      vertex 8.49998 -11.3625 0
      vertex 7.2766 -10.4597 2.01
      vertex 7.29999 -10.1625 2.01
    endloop
  endfacet
  facet normal -0.838908 0.0660231 -0.540253
    outer loop
      vertex 7.2766 -10.4597 2.01
      vertex 8.49998 -11.3625 0
      vertex 8.47659 -11.6597 0
    endloop
  endfacet
  facet normal -0.789163 -0.189437 -0.584239
    outer loop
      vertex 8.47659 11.6597 0
      vertex 7.207 10.7496 2.01
      vertex 8.407 11.9496 0
    endloop
  endfacet
  facet normal -0.789153 -0.189462 -0.584244
    outer loop
      vertex 7.207 10.7496 2.01
      vertex 8.47659 11.6597 0
      vertex 7.2766 10.4597 2.01
    endloop
  endfacet
  facet normal 0.658995 -0.403848 -0.634533
    outer loop
      vertex -6.93713 11.2793 2.01
      vertex -8.29291 12.2251 0
      vertex -8.13713 12.4793 0
    endloop
  endfacet
  facet normal 0.658995 -0.403848 -0.634533
    outer loop
      vertex -8.29291 12.2251 0
      vertex -6.93713 11.2793 2.01
      vertex -7.09291 11.0251 2.01
    endloop
  endfacet
  facet normal 0.066044 0.838899 -0.540265
    outer loop
      vertex -6.59999 -13.2625 0
      vertex -5.69722 -12.0391 2.01
      vertex -5.39999 -12.0625 2.01
    endloop
  endfacet
  facet normal 0.066044 0.838899 -0.540265
    outer loop
      vertex -5.69722 -12.0391 2.01
      vertex -6.59999 -13.2625 0
      vertex -6.89722 -13.2391 0
    endloop
  endfacet
  facet normal -0.189462 0.789151 -0.584247
    outer loop
      vertex 6.89722 -13.2391 0
      vertex 5.98712 -11.9695 2.01
      vertex 7.18712 -13.1695 0
    endloop
  endfacet
  facet normal -0.189462 0.789151 -0.584247
    outer loop
      vertex 5.98712 -11.9695 2.01
      vertex 6.89722 -13.2391 0
      vertex 5.69722 -12.0391 2.01
    endloop
  endfacet
  facet normal 0.789153 0.189462 -0.584244
    outer loop
      vertex -7.207 -10.7496 2.01
      vertex -8.47659 -11.6597 0
      vertex -7.2766 -10.4597 2.01
    endloop
  endfacet
  facet normal 0.789163 0.189437 -0.584239
    outer loop
      vertex -8.47659 -11.6597 0
      vertex -7.207 -10.7496 2.01
      vertex -8.407 -11.9496 0
    endloop
  endfacet
  facet normal -0.581745 0.496883 -0.643957
    outer loop
      vertex 6.7435 -11.506 2.01
      vertex 8.13713 -12.4793 0
      vertex 7.9435 -12.706 0
    endloop
  endfacet
  facet normal -0.581745 0.496883 -0.643957
    outer loop
      vertex 8.13713 -12.4793 0
      vertex 6.7435 -11.506 2.01
      vertex 6.93713 -11.2793 2.01
    endloop
  endfacet
  facet normal -0.658995 -0.403848 -0.634533
    outer loop
      vertex 8.29291 12.2251 0
      vertex 6.93713 11.2793 2.01
      vertex 8.13713 12.4793 0
    endloop
  endfacet
  facet normal -0.658995 -0.403848 -0.634533
    outer loop
      vertex 6.93713 11.2793 2.01
      vertex 8.29291 12.2251 0
      vertex 7.09291 11.0251 2.01
    endloop
  endfacet
  facet normal -0.789153 0.189462 -0.584244
    outer loop
      vertex 8.47659 -11.6597 0
      vertex 7.207 -10.7496 2.01
      vertex 7.2766 -10.4597 2.01
    endloop
  endfacet
  facet normal -0.789163 0.189437 -0.584239
    outer loop
      vertex 7.207 -10.7496 2.01
      vertex 8.47659 -11.6597 0
      vertex 8.407 -11.9496 0
    endloop
  endfacet
  facet normal -0.581745 -0.496883 -0.643957
    outer loop
      vertex 6.7435 11.506 2.01
      vertex 8.13713 12.4793 0
      vertex 6.93713 11.2793 2.01
    endloop
  endfacet
  facet normal -0.581745 -0.496883 -0.643957
    outer loop
      vertex 8.13713 12.4793 0
      vertex 6.7435 11.506 2.01
      vertex 7.9435 12.706 0
    endloop
  endfacet
  facet normal 0.403873 -0.658976 -0.634537
    outer loop
      vertex -7.46257 13.0554 0
      vertex -6.51678 11.6996 2.01
      vertex -7.71678 12.8996 0
    endloop
  endfacet
  facet normal 0.403873 -0.658976 -0.634537
    outer loop
      vertex -6.51678 11.6996 2.01
      vertex -7.46257 13.0554 0
      vertex -6.26257 11.8554 2.01
    endloop
  endfacet
  facet normal -0.838908 -0.0660231 -0.540253
    outer loop
      vertex 8.49998 11.3625 0
      vertex 7.2766 10.4597 2.01
      vertex 8.47659 11.6597 0
    endloop
  endfacet
  facet normal -0.838908 -0.0660231 -0.540253
    outer loop
      vertex 7.2766 10.4597 2.01
      vertex 8.49998 11.3625 0
      vertex 7.29999 10.1625 2.01
    endloop
  endfacet
  facet normal 0.189462 0.789151 -0.584247
    outer loop
      vertex -6.89722 -13.2391 0
      vertex -5.98712 -11.9695 2.01
      vertex -5.69722 -12.0391 2.01
    endloop
  endfacet
  facet normal 0.189462 0.789151 -0.584247
    outer loop
      vertex -5.98712 -11.9695 2.01
      vertex -6.89722 -13.2391 0
      vertex -7.18712 -13.1695 0
    endloop
  endfacet
  facet normal 0.301752 0.728462 -0.615053
    outer loop
      vertex -7.18712 -13.1695 0
      vertex -6.26257 -11.8554 2.01
      vertex -5.98712 -11.9695 2.01
    endloop
  endfacet
  facet normal 0.301752 0.728462 -0.615053
    outer loop
      vertex -6.26257 -11.8554 2.01
      vertex -7.18712 -13.1695 0
      vertex -7.46257 -13.0554 0
    endloop
  endfacet
  facet normal 0.496815 0.581807 -0.643953
    outer loop
      vertex -7.71678 -12.8996 0
      vertex -6.7435 -11.506 2.01
      vertex -6.51678 -11.6996 2.01
    endloop
  endfacet
  facet normal 0.496815 0.581807 -0.643953
    outer loop
      vertex -6.7435 -11.506 2.01
      vertex -7.71678 -12.8996 0
      vertex -7.9435 -12.706 0
    endloop
  endfacet
  facet normal 0.301752 -0.728462 -0.615053
    outer loop
      vertex -7.18712 13.1695 0
      vertex -6.26257 11.8554 2.01
      vertex -7.46257 13.0554 0
    endloop
  endfacet
  facet normal 0.301752 -0.728462 -0.615053
    outer loop
      vertex -6.26257 11.8554 2.01
      vertex -7.18712 13.1695 0
      vertex -5.98712 11.9695 2.01
    endloop
  endfacet
  facet normal -0.496815 -0.581807 -0.643953
    outer loop
      vertex 6.7435 11.506 2.01
      vertex 7.71678 12.8996 0
      vertex 7.9435 12.706 0
    endloop
  endfacet
  facet normal -0.496815 -0.581807 -0.643953
    outer loop
      vertex 7.71678 12.8996 0
      vertex 6.7435 11.506 2.01
      vertex 6.51678 11.6996 2.01
    endloop
  endfacet
  facet normal 0.838908 -0.0660231 -0.540253
    outer loop
      vertex -7.2766 10.4597 2.01
      vertex -8.49998 11.3625 0
      vertex -8.47659 11.6597 0
    endloop
  endfacet
  facet normal 0.838908 -0.0660231 -0.540253
    outer loop
      vertex -8.49998 11.3625 0
      vertex -7.2766 10.4597 2.01
      vertex -7.29999 10.1625 2.01
    endloop
  endfacet
  facet normal 0.789163 -0.189437 -0.584239
    outer loop
      vertex -7.207 10.7496 2.01
      vertex -8.47659 11.6597 0
      vertex -8.407 11.9496 0
    endloop
  endfacet
  facet normal 0.789153 -0.189462 -0.584244
    outer loop
      vertex -8.47659 11.6597 0
      vertex -7.207 10.7496 2.01
      vertex -7.2766 10.4597 2.01
    endloop
  endfacet
  facet normal -0.496815 0.581807 -0.643953
    outer loop
      vertex 7.71678 -12.8996 0
      vertex 6.7435 -11.506 2.01
      vertex 7.9435 -12.706 0
    endloop
  endfacet
  facet normal -0.496815 0.581807 -0.643953
    outer loop
      vertex 6.7435 -11.506 2.01
      vertex 7.71678 -12.8996 0
      vertex 6.51678 -11.6996 2.01
    endloop
  endfacet
  facet normal 0.605151 0.79611 -0
    outer loop
      vertex 1.78031 2.09595 -1.3
      vertex 1.54326 2.27614 2.01
      vertex 1.78031 2.09595 2.01
    endloop
  endfacet
  facet normal 0.605151 0.79611 0
    outer loop
      vertex 1.54326 2.27614 2.01
      vertex 1.78031 2.09595 -1.3
      vertex 1.54326 2.27614 -1.3
    endloop
  endfacet
  facet normal -0.319282 -0.94766 0
    outer loop
      vertex -1.01788 -2.55469 -1.3
      vertex -0.735703 -2.64976 2.01
      vertex -1.01788 -2.55469 2.01
    endloop
  endfacet
  facet normal -0.319282 -0.94766 -0
    outer loop
      vertex -0.735703 -2.64976 2.01
      vertex -1.01788 -2.55469 -1.3
      vertex -0.735703 -2.64976 -1.3
    endloop
  endfacet
  facet normal 0.515572 0.856846 -0
    outer loop
      vertex 1.54326 2.27614 -1.3
      vertex 1.28812 2.42966 2.01
      vertex 1.54326 2.27614 2.01
    endloop
  endfacet
  facet normal 0.515572 0.856846 0
    outer loop
      vertex 1.28812 2.42966 2.01
      vertex 1.54326 2.27614 -1.3
      vertex 1.28812 2.42966 -1.3
    endloop
  endfacet
  facet normal 0 1 -0
    outer loop
      vertex 0.148882 2.74597 -1.3
      vertex -0.148882 2.74597 2.01
      vertex 0.148882 2.74597 2.01
    endloop
  endfacet
  facet normal 0 1 0
    outer loop
      vertex -0.148882 2.74597 2.01
      vertex 0.148882 2.74597 -1.3
      vertex -0.148882 2.74597 -1.3
    endloop
  endfacet
  facet normal -0.883521 0.468392 0
    outer loop
      vertex -2.49583 1.15469 -1.3
      vertex -2.35636 1.41777 2.01
      vertex -2.35636 1.41777 -1.3
    endloop
  endfacet
  facet normal -0.883521 0.468392 0
    outer loop
      vertex -2.35636 1.41777 2.01
      vertex -2.49583 1.15469 -1.3
      vertex -2.49583 1.15469 2.01
    endloop
  endfacet
  facet normal 0.998534 0.0541369 0
    outer loop
      vertex 2.75 0 2.01
      vertex 2.73388 0.297327 -1.3
      vertex 2.73388 0.297327 2.01
    endloop
  endfacet
  facet normal 0.998534 0.0541369 0
    outer loop
      vertex 2.73388 0.297327 -1.3
      vertex 2.75 0 2.01
      vertex 2.75 0 -1.3
    endloop
  endfacet
  facet normal 0.986828 0.161773 0
    outer loop
      vertex 2.73388 0.297327 2.01
      vertex 2.68571 0.591168 -1.3
      vertex 2.68571 0.591168 2.01
    endloop
  endfacet
  facet normal 0.986828 0.161773 0
    outer loop
      vertex 2.68571 0.591168 -1.3
      vertex 2.73388 0.297327 2.01
      vertex 2.73388 0.297327 -1.3
    endloop
  endfacet
  facet normal -0.687706 -0.72599 0
    outer loop
      vertex -1.99649 -1.89117 -1.3
      vertex -1.78031 -2.09595 2.01
      vertex -1.99649 -1.89117 2.01
    endloop
  endfacet
  facet normal -0.687706 -0.72599 -0
    outer loop
      vertex -1.78031 -2.09595 2.01
      vertex -1.99649 -1.89117 -1.3
      vertex -1.78031 -2.09595 -1.3
    endloop
  endfacet
  facet normal -0.986828 0.161773 0
    outer loop
      vertex -2.73388 0.297327 -1.3
      vertex -2.68571 0.591168 2.01
      vertex -2.68571 0.591168 -1.3
    endloop
  endfacet
  facet normal -0.986828 0.161773 0
    outer loop
      vertex -2.68571 0.591168 2.01
      vertex -2.73388 0.297327 -1.3
      vertex -2.73388 0.297327 2.01
    endloop
  endfacet
  facet normal 0.96355 -0.267528 0
    outer loop
      vertex 2.60605 -0.878078 2.01
      vertex 2.68571 -0.591168 -1.3
      vertex 2.68571 -0.591168 2.01
    endloop
  endfacet
  facet normal 0.96355 -0.267528 0
    outer loop
      vertex 2.68571 -0.591168 -1.3
      vertex 2.60605 -0.878078 2.01
      vertex 2.60605 -0.878078 -1.3
    endloop
  endfacet
  facet normal -0.108139 -0.994136 0
    outer loop
      vertex -0.4449 -2.71377 -1.3
      vertex -0.148882 -2.74597 2.01
      vertex -0.4449 -2.71377 2.01
    endloop
  endfacet
  facet normal -0.108139 -0.994136 -0
    outer loop
      vertex -0.148882 -2.74597 2.01
      vertex -0.4449 -2.71377 -1.3
      vertex -0.148882 -2.74597 -1.3
    endloop
  endfacet
  facet normal 0.928968 -0.37016 0
    outer loop
      vertex 2.49583 -1.15469 2.01
      vertex 2.60605 -0.878078 -1.3
      vertex 2.60605 -0.878078 2.01
    endloop
  endfacet
  facet normal 0.928968 -0.37016 0
    outer loop
      vertex 2.60605 -0.878078 -1.3
      vertex 2.49583 -1.15469 2.01
      vertex 2.49583 -1.15469 -1.3
    endloop
  endfacet
  facet normal 0.96355 0.267528 0
    outer loop
      vertex 2.68571 0.591168 2.01
      vertex 2.60605 0.878078 -1.3
      vertex 2.60605 0.878078 2.01
    endloop
  endfacet
  facet normal 0.96355 0.267528 0
    outer loop
      vertex 2.60605 0.878078 -1.3
      vertex 2.68571 0.591168 2.01
      vertex 2.68571 0.591168 -1.3
    endloop
  endfacet
  facet normal 0.108139 0.994136 -0
    outer loop
      vertex 0.4449 2.71377 -1.3
      vertex 0.148882 2.74597 2.01
      vertex 0.4449 2.71377 2.01
    endloop
  endfacet
  facet normal 0.108139 0.994136 0
    outer loop
      vertex 0.148882 2.74597 2.01
      vertex 0.4449 2.71377 -1.3
      vertex 0.148882 2.74597 -1.3
    endloop
  endfacet
  facet normal 0.998534 -0.0541369 0
    outer loop
      vertex 2.73388 -0.297327 2.01
      vertex 2.75 0 -1.3
      vertex 2.75 0 2.01
    endloop
  endfacet
  facet normal 0.998534 -0.0541369 0
    outer loop
      vertex 2.75 0 -1.3
      vertex 2.73388 -0.297327 2.01
      vertex 2.73388 -0.297327 -1.3
    endloop
  endfacet
  facet normal -0.96355 0.267528 0
    outer loop
      vertex -2.68571 0.591168 -1.3
      vertex -2.60605 0.878078 2.01
      vertex -2.60605 0.878078 -1.3
    endloop
  endfacet
  facet normal -0.96355 0.267528 0
    outer loop
      vertex -2.60605 0.878078 2.01
      vertex -2.68571 0.591168 -1.3
      vertex -2.68571 0.591168 2.01
    endloop
  endfacet
  facet normal -0.998534 0.0541369 0
    outer loop
      vertex -2.75 0 -1.3
      vertex -2.73388 0.297327 2.01
      vertex -2.73388 0.297327 -1.3
    endloop
  endfacet
  facet normal -0.998534 0.0541369 0
    outer loop
      vertex -2.73388 0.297327 2.01
      vertex -2.75 0 -1.3
      vertex -2.75 0 2.01
    endloop
  endfacet
  facet normal 0.108139 -0.994136 0
    outer loop
      vertex 0.148882 -2.74597 -1.3
      vertex 0.4449 -2.71377 2.01
      vertex 0.148882 -2.74597 2.01
    endloop
  endfacet
  facet normal 0.108139 -0.994136 0
    outer loop
      vertex 0.4449 -2.71377 2.01
      vertex 0.148882 -2.74597 -1.3
      vertex 0.4449 -2.71377 -1.3
    endloop
  endfacet
  facet normal 0.319282 0.94766 -0
    outer loop
      vertex 1.01788 2.55469 -1.3
      vertex 0.735703 2.64976 2.01
      vertex 1.01788 2.55469 2.01
    endloop
  endfacet
  facet normal 0.319282 0.94766 0
    outer loop
      vertex 0.735703 2.64976 2.01
      vertex 1.01788 2.55469 -1.3
      vertex 0.735703 2.64976 -1.3
    endloop
  endfacet
  facet normal -0.827695 0.561178 0
    outer loop
      vertex -2.35636 1.41777 -1.3
      vertex -2.18926 1.66423 2.01
      vertex -2.18926 1.66423 -1.3
    endloop
  endfacet
  facet normal -0.827695 0.561178 0
    outer loop
      vertex -2.18926 1.66423 2.01
      vertex -2.35636 1.41777 -1.3
      vertex -2.35636 1.41777 2.01
    endloop
  endfacet
  facet normal 0 -1 0
    outer loop
      vertex -0.148882 -2.74597 -1.3
      vertex 0.148882 -2.74597 2.01
      vertex -0.148882 -2.74597 2.01
    endloop
  endfacet
  facet normal 0 -1 -0
    outer loop
      vertex 0.148882 -2.74597 2.01
      vertex -0.148882 -2.74597 -1.3
      vertex 0.148882 -2.74597 -1.3
    endloop
  endfacet
  facet normal 0.419899 0.907571 -0
    outer loop
      vertex 1.28812 2.42966 -1.3
      vertex 1.01788 2.55469 2.01
      vertex 1.28812 2.42966 2.01
    endloop
  endfacet
  facet normal 0.419899 0.907571 0
    outer loop
      vertex 1.01788 2.55469 2.01
      vertex 1.28812 2.42966 -1.3
      vertex 1.01788 2.55469 -1.3
    endloop
  endfacet
  facet normal -0.605151 0.79611 0
    outer loop
      vertex -1.54326 2.27614 -1.3
      vertex -1.78031 2.09595 2.01
      vertex -1.54326 2.27614 2.01
    endloop
  endfacet
  facet normal -0.605151 0.79611 0
    outer loop
      vertex -1.78031 2.09595 2.01
      vertex -1.54326 2.27614 -1.3
      vertex -1.78031 2.09595 -1.3
    endloop
  endfacet
  facet normal -0.762153 -0.647397 0
    outer loop
      vertex -1.99649 -1.89117 -1.3
      vertex -2.18926 -1.66423 2.01
      vertex -2.18926 -1.66423 -1.3
    endloop
  endfacet
  facet normal -0.762153 -0.647397 0
    outer loop
      vertex -2.18926 -1.66423 2.01
      vertex -1.99649 -1.89117 -1.3
      vertex -1.99649 -1.89117 2.01
    endloop
  endfacet
  facet normal 0.827695 0.561178 0
    outer loop
      vertex 2.35636 1.41777 2.01
      vertex 2.18926 1.66423 -1.3
      vertex 2.18926 1.66423 2.01
    endloop
  endfacet
  facet normal 0.827695 0.561178 0
    outer loop
      vertex 2.18926 1.66423 -1.3
      vertex 2.35636 1.41777 2.01
      vertex 2.35636 1.41777 -1.3
    endloop
  endfacet
  facet normal 0.883521 0.468392 0
    outer loop
      vertex 2.49583 1.15469 2.01
      vertex 2.35636 1.41777 -1.3
      vertex 2.35636 1.41777 2.01
    endloop
  endfacet
  facet normal 0.883521 0.468392 0
    outer loop
      vertex 2.35636 1.41777 -1.3
      vertex 2.49583 1.15469 2.01
      vertex 2.49583 1.15469 -1.3
    endloop
  endfacet
  facet normal -0.515572 0.856846 0
    outer loop
      vertex -1.28812 2.42966 -1.3
      vertex -1.54326 2.27614 2.01
      vertex -1.28812 2.42966 2.01
    endloop
  endfacet
  facet normal -0.515572 0.856846 0
    outer loop
      vertex -1.54326 2.27614 2.01
      vertex -1.28812 2.42966 -1.3
      vertex -1.54326 2.27614 -1.3
    endloop
  endfacet
  facet normal -0.108139 0.994136 0
    outer loop
      vertex -0.148882 2.74597 -1.3
      vertex -0.4449 2.71377 2.01
      vertex -0.148882 2.74597 2.01
    endloop
  endfacet
  facet normal -0.108139 0.994136 0
    outer loop
      vertex -0.4449 2.71377 2.01
      vertex -0.148882 2.74597 -1.3
      vertex -0.4449 2.71377 -1.3
    endloop
  endfacet
  facet normal 0.986828 -0.161773 0
    outer loop
      vertex 2.68571 -0.591168 2.01
      vertex 2.73388 -0.297327 -1.3
      vertex 2.73388 -0.297327 2.01
    endloop
  endfacet
  facet normal 0.986828 -0.161773 0
    outer loop
      vertex 2.73388 -0.297327 -1.3
      vertex 2.68571 -0.591168 2.01
      vertex 2.68571 -0.591168 -1.3
    endloop
  endfacet
  facet normal -0.687706 0.72599 0
    outer loop
      vertex -1.78031 2.09595 -1.3
      vertex -1.99649 1.89117 2.01
      vertex -1.78031 2.09595 2.01
    endloop
  endfacet
  facet normal -0.687706 0.72599 0
    outer loop
      vertex -1.99649 1.89117 2.01
      vertex -1.78031 2.09595 -1.3
      vertex -1.99649 1.89117 -1.3
    endloop
  endfacet
  facet normal 0.827695 -0.561178 0
    outer loop
      vertex 2.18926 -1.66423 2.01
      vertex 2.35636 -1.41777 -1.3
      vertex 2.35636 -1.41777 2.01
    endloop
  endfacet
  facet normal 0.827695 -0.561178 0
    outer loop
      vertex 2.35636 -1.41777 -1.3
      vertex 2.18926 -1.66423 2.01
      vertex 2.18926 -1.66423 -1.3
    endloop
  endfacet
  facet normal -0.762153 0.647397 0
    outer loop
      vertex -2.18926 1.66423 -1.3
      vertex -1.99649 1.89117 2.01
      vertex -1.99649 1.89117 -1.3
    endloop
  endfacet
  facet normal -0.762153 0.647397 0
    outer loop
      vertex -1.99649 1.89117 2.01
      vertex -2.18926 1.66423 -1.3
      vertex -2.18926 1.66423 2.01
    endloop
  endfacet
  facet normal 0.214969 0.976621 -0
    outer loop
      vertex 0.735703 2.64976 -1.3
      vertex 0.4449 2.71377 2.01
      vertex 0.735703 2.64976 2.01
    endloop
  endfacet
  facet normal 0.214969 0.976621 0
    outer loop
      vertex 0.4449 2.71377 2.01
      vertex 0.735703 2.64976 -1.3
      vertex 0.4449 2.71377 -1.3
    endloop
  endfacet
  facet normal 0.928968 0.37016 0
    outer loop
      vertex 2.60605 0.878078 2.01
      vertex 2.49583 1.15469 -1.3
      vertex 2.49583 1.15469 2.01
    endloop
  endfacet
  facet normal 0.928968 0.37016 0
    outer loop
      vertex 2.49583 1.15469 -1.3
      vertex 2.60605 0.878078 2.01
      vertex 2.60605 0.878078 -1.3
    endloop
  endfacet
  facet normal -0.214969 0.976621 0
    outer loop
      vertex -0.4449 2.71377 -1.3
      vertex -0.735703 2.64976 2.01
      vertex -0.4449 2.71377 2.01
    endloop
  endfacet
  facet normal -0.214969 0.976621 0
    outer loop
      vertex -0.735703 2.64976 2.01
      vertex -0.4449 2.71377 -1.3
      vertex -0.735703 2.64976 -1.3
    endloop
  endfacet
  facet normal -0.319282 0.94766 0
    outer loop
      vertex -0.735703 2.64976 -1.3
      vertex -1.01788 2.55469 2.01
      vertex -0.735703 2.64976 2.01
    endloop
  endfacet
  facet normal -0.319282 0.94766 0
    outer loop
      vertex -1.01788 2.55469 2.01
      vertex -0.735703 2.64976 -1.3
      vertex -1.01788 2.55469 -1.3
    endloop
  endfacet
  facet normal 0.605151 -0.79611 0
    outer loop
      vertex 1.54326 -2.27614 -1.3
      vertex 1.78031 -2.09595 2.01
      vertex 1.54326 -2.27614 2.01
    endloop
  endfacet
  facet normal 0.605151 -0.79611 0
    outer loop
      vertex 1.78031 -2.09595 2.01
      vertex 1.54326 -2.27614 -1.3
      vertex 1.78031 -2.09595 -1.3
    endloop
  endfacet
  facet normal 0.515572 -0.856846 0
    outer loop
      vertex 1.28812 -2.42966 -1.3
      vertex 1.54326 -2.27614 2.01
      vertex 1.28812 -2.42966 2.01
    endloop
  endfacet
  facet normal 0.515572 -0.856846 0
    outer loop
      vertex 1.54326 -2.27614 2.01
      vertex 1.28812 -2.42966 -1.3
      vertex 1.54326 -2.27614 -1.3
    endloop
  endfacet
  facet normal -0.515572 -0.856846 0
    outer loop
      vertex -1.54326 -2.27614 -1.3
      vertex -1.28812 -2.42966 2.01
      vertex -1.54326 -2.27614 2.01
    endloop
  endfacet
  facet normal -0.515572 -0.856846 -0
    outer loop
      vertex -1.28812 -2.42966 2.01
      vertex -1.54326 -2.27614 -1.3
      vertex -1.28812 -2.42966 -1.3
    endloop
  endfacet
  facet normal 0.762153 -0.647397 0
    outer loop
      vertex 1.99649 -1.89117 2.01
      vertex 2.18926 -1.66423 -1.3
      vertex 2.18926 -1.66423 2.01
    endloop
  endfacet
  facet normal 0.762153 -0.647397 0
    outer loop
      vertex 2.18926 -1.66423 -1.3
      vertex 1.99649 -1.89117 2.01
      vertex 1.99649 -1.89117 -1.3
    endloop
  endfacet
  facet normal -0.827695 -0.561178 0
    outer loop
      vertex -2.18926 -1.66423 -1.3
      vertex -2.35636 -1.41777 2.01
      vertex -2.35636 -1.41777 -1.3
    endloop
  endfacet
  facet normal -0.827695 -0.561178 0
    outer loop
      vertex -2.35636 -1.41777 2.01
      vertex -2.18926 -1.66423 -1.3
      vertex -2.18926 -1.66423 2.01
    endloop
  endfacet
  facet normal 0.214969 -0.976621 0
    outer loop
      vertex 0.4449 -2.71377 -1.3
      vertex 0.735703 -2.64976 2.01
      vertex 0.4449 -2.71377 2.01
    endloop
  endfacet
  facet normal 0.214969 -0.976621 0
    outer loop
      vertex 0.735703 -2.64976 2.01
      vertex 0.4449 -2.71377 -1.3
      vertex 0.735703 -2.64976 -1.3
    endloop
  endfacet
  facet normal 0 0 -1
    outer loop
      vertex 2.39999 -1 -1.3
      vertex 2.75 0 -1.3
      vertex 2.73388 -0.297327 -1.3
    endloop
  endfacet
  facet normal 0 0 -1
    outer loop
      vertex 2.39999 -1 -1.3
      vertex 2.73388 -0.297327 -1.3
      vertex 2.68571 -0.591168 -1.3
    endloop
  endfacet
  facet normal 0 0 -1
    outer loop
      vertex 2.39999 1 -1.3
      vertex 2.75 0 -1.3
      vertex 2.39999 -1 -1.3
    endloop
  endfacet
  facet normal 0 0 -1
    outer loop
      vertex 2.39999 -1 -1.3
      vertex 2.68571 -0.591168 -1.3
      vertex 2.60605 -0.878078 -1.3
    endloop
  endfacet
  facet normal 0 0 -1
    outer loop
      vertex 2.75 0 -1.3
      vertex 2.39999 1 -1.3
      vertex 2.73388 0.297327 -1.3
    endloop
  endfacet
  facet normal 0 0 -1
    outer loop
      vertex 2.39999 -1 -1.3
      vertex 2.60605 -0.878078 -1.3
      vertex 2.49583 -1.15469 -1.3
    endloop
  endfacet
  facet normal 0 0 -1
    outer loop
      vertex 2.73388 0.297327 -1.3
      vertex 2.39999 1 -1.3
      vertex 2.68571 0.591168 -1.3
    endloop
  endfacet
  facet normal 0 0 -1
    outer loop
      vertex 2.68571 0.591168 -1.3
      vertex 2.39999 1 -1.3
      vertex 2.60605 0.878078 -1.3
    endloop
  endfacet
  facet normal 0 0 -1
    outer loop
      vertex 2.35636 -1.41777 -1.3
      vertex 2.39999 -1 -1.3
      vertex 2.49583 -1.15469 -1.3
    endloop
  endfacet
  facet normal 0 0 -1
    outer loop
      vertex 2.18926 -1.66423 -1.3
      vertex 2.39999 -1 -1.3
      vertex 2.35636 -1.41777 -1.3
    endloop
  endfacet
  facet normal 0 0 -1
    outer loop
      vertex 1.99649 -1.89117 -1.3
      vertex 2.39999 -1 -1.3
      vertex 2.18926 -1.66423 -1.3
    endloop
  endfacet
  facet normal 0 0 -1
    outer loop
      vertex 0.949997 -2.39999 -1.3
      vertex 1.99649 -1.89117 -1.3
      vertex 1.78031 -2.09595 -1.3
    endloop
  endfacet
  facet normal 0 0 -1
    outer loop
      vertex 0.949997 -2.39999 -1.3
      vertex 1.78031 -2.09595 -1.3
      vertex 1.54326 -2.27614 -1.3
    endloop
  endfacet
  facet normal 0 0 -1
    outer loop
      vertex 0.949997 -2.39999 -1.3
      vertex 1.54326 -2.27614 -1.3
      vertex 1.28812 -2.42966 -1.3
    endloop
  endfacet
  facet normal 0 0 -1
    outer loop
      vertex 0.949997 -2.39999 -1.3
      vertex 1.28812 -2.42966 -1.3
      vertex 1.01788 -2.55469 -1.3
    endloop
  endfacet
  facet normal -0 0 -1
    outer loop
      vertex 1.99649 -1.89117 -1.3
      vertex 0.949997 -2.39999 -1.3
      vertex 2.39999 -1 -1.3
    endloop
  endfacet
  facet normal 0 0 -1
    outer loop
      vertex 0.735703 -2.64976 -1.3
      vertex 0.949997 -2.39999 -1.3
      vertex 1.01788 -2.55469 -1.3
    endloop
  endfacet
  facet normal 0 0 -1
    outer loop
      vertex 0.4449 -2.71377 -1.3
      vertex 0.949997 -2.39999 -1.3
      vertex 0.735703 -2.64976 -1.3
    endloop
  endfacet
  facet normal 0 0 -1
    outer loop
      vertex 0.148882 -2.74597 -1.3
      vertex 0.949997 -2.39999 -1.3
      vertex 0.4449 -2.71377 -1.3
    endloop
  endfacet
  facet normal 0 0 -1
    outer loop
      vertex -0.148882 -2.74597 -1.3
      vertex 0.949997 -2.39999 -1.3
      vertex 0.148882 -2.74597 -1.3
    endloop
  endfacet
  facet normal 0 0 -1
    outer loop
      vertex -0.949997 -2.39999 -1.3
      vertex -0.148882 -2.74597 -1.3
      vertex -0.4449 -2.71377 -1.3
    endloop
  endfacet
  facet normal 0 0 -1
    outer loop
      vertex -0.949997 -2.39999 -1.3
      vertex -0.4449 -2.71377 -1.3
      vertex -0.735703 -2.64976 -1.3
    endloop
  endfacet
  facet normal 0 0 -1
    outer loop
      vertex -0.148882 -2.74597 -1.3
      vertex -0.949997 -2.39999 -1.3
      vertex 0.949997 -2.39999 -1.3
    endloop
  endfacet
  facet normal 0 0 -1
    outer loop
      vertex -1.01788 -2.55469 -1.3
      vertex -0.949997 -2.39999 -1.3
      vertex -0.735703 -2.64976 -1.3
    endloop
  endfacet
  facet normal 0 0 -1
    outer loop
      vertex -1.28812 -2.42966 -1.3
      vertex -0.949997 -2.39999 -1.3
      vertex -1.01788 -2.55469 -1.3
    endloop
  endfacet
  facet normal 0 0 -1
    outer loop
      vertex -1.54326 -2.27614 -1.3
      vertex -0.949997 -2.39999 -1.3
      vertex -1.28812 -2.42966 -1.3
    endloop
  endfacet
  facet normal 0 0 -1
    outer loop
      vertex -1.78031 -2.09595 -1.3
      vertex -0.949997 -2.39999 -1.3
      vertex -1.54326 -2.27614 -1.3
    endloop
  endfacet
  facet normal 0 0 -1
    outer loop
      vertex -1.99649 -1.89117 -1.3
      vertex -0.949997 -2.39999 -1.3
      vertex -1.78031 -2.09595 -1.3
    endloop
  endfacet
  facet normal 0 0 -1
    outer loop
      vertex -2.39999 -1 -1.3
      vertex -1.99649 -1.89117 -1.3
      vertex -2.18926 -1.66423 -1.3
    endloop
  endfacet
  facet normal 0 0 -1
    outer loop
      vertex -2.39999 -1 -1.3
      vertex -2.18926 -1.66423 -1.3
      vertex -2.35636 -1.41777 -1.3
    endloop
  endfacet
  facet normal 0 0 -1
    outer loop
      vertex -1.99649 -1.89117 -1.3
      vertex -2.39999 -1 -1.3
      vertex -0.949997 -2.39999 -1.3
    endloop
  endfacet
  facet normal 0 0 -1
    outer loop
      vertex -2.60605 -0.878078 -1.3
      vertex -2.39999 -1 -1.3
      vertex -2.49583 -1.15469 -1.3
    endloop
  endfacet
  facet normal 0 0 -1
    outer loop
      vertex -2.49583 -1.15469 -1.3
      vertex -2.39999 -1 -1.3
      vertex -2.35636 -1.41777 -1.3
    endloop
  endfacet
  facet normal 0 0 -1
    outer loop
      vertex 2.60605 0.878078 -1.3
      vertex 2.39999 1 -1.3
      vertex 2.49583 1.15469 -1.3
    endloop
  endfacet
  facet normal 0 0 -1
    outer loop
      vertex 2.39999 1 -1.3
      vertex 2.35636 1.41777 -1.3
      vertex 2.49583 1.15469 -1.3
    endloop
  endfacet
  facet normal 0 0 -1
    outer loop
      vertex 2.39999 1 -1.3
      vertex 2.18926 1.66423 -1.3
      vertex 2.35636 1.41777 -1.3
    endloop
  endfacet
  facet normal 0 0 -1
    outer loop
      vertex 2.39999 1 -1.3
      vertex 1.99649 1.89117 -1.3
      vertex 2.18926 1.66423 -1.3
    endloop
  endfacet
  facet normal 0 0 -1
    outer loop
      vertex 0.949997 2.39999 -1.3
      vertex 1.99649 1.89117 -1.3
      vertex 2.39999 1 -1.3
    endloop
  endfacet
  facet normal 0 0 -1
    outer loop
      vertex 1.99649 1.89117 -1.3
      vertex 0.949997 2.39999 -1.3
      vertex 1.78031 2.09595 -1.3
    endloop
  endfacet
  facet normal 0 0 -1
    outer loop
      vertex 1.78031 2.09595 -1.3
      vertex 0.949997 2.39999 -1.3
      vertex 1.54326 2.27614 -1.3
    endloop
  endfacet
  facet normal 0 0 -1
    outer loop
      vertex 1.54326 2.27614 -1.3
      vertex 0.949997 2.39999 -1.3
      vertex 1.28812 2.42966 -1.3
    endloop
  endfacet
  facet normal -0 0 -1
    outer loop
      vertex 1.28812 2.42966 -1.3
      vertex 0.949997 2.39999 -1.3
      vertex 1.01788 2.55469 -1.3
    endloop
  endfacet
  facet normal 0 0 -1
    outer loop
      vertex 0.949997 2.39999 -1.3
      vertex 0.735703 2.64976 -1.3
      vertex 1.01788 2.55469 -1.3
    endloop
  endfacet
  facet normal 0 0 -1
    outer loop
      vertex 0.949997 2.39999 -1.3
      vertex 0.4449 2.71377 -1.3
      vertex 0.735703 2.64976 -1.3
    endloop
  endfacet
  facet normal 0 0 -1
    outer loop
      vertex 0.949997 2.39999 -1.3
      vertex 0.148882 2.74597 -1.3
      vertex 0.4449 2.71377 -1.3
    endloop
  endfacet
  facet normal 0 0 -1
    outer loop
      vertex 0.949997 2.39999 -1.3
      vertex -0.148882 2.74597 -1.3
      vertex 0.148882 2.74597 -1.3
    endloop
  endfacet
  facet normal 0 0 -1
    outer loop
      vertex -0.949997 2.39999 -1.3
      vertex -0.148882 2.74597 -1.3
      vertex 0.949997 2.39999 -1.3
    endloop
  endfacet
  facet normal 0 0 -1
    outer loop
      vertex -0.148882 2.74597 -1.3
      vertex -0.949997 2.39999 -1.3
      vertex -0.4449 2.71377 -1.3
    endloop
  endfacet
  facet normal 0 0 -1
    outer loop
      vertex -0.4449 2.71377 -1.3
      vertex -0.949997 2.39999 -1.3
      vertex -0.735703 2.64976 -1.3
    endloop
  endfacet
  facet normal 0 0 -1
    outer loop
      vertex -0.949997 2.39999 -1.3
      vertex -1.01788 2.55469 -1.3
      vertex -0.735703 2.64976 -1.3
    endloop
  endfacet
  facet normal 0 0 -1
    outer loop
      vertex -0.949997 2.39999 -1.3
      vertex -1.28812 2.42966 -1.3
      vertex -1.01788 2.55469 -1.3
    endloop
  endfacet
  facet normal -0 0 -1
    outer loop
      vertex -0.949997 2.39999 -1.3
      vertex -1.54326 2.27614 -1.3
      vertex -1.28812 2.42966 -1.3
    endloop
  endfacet
  facet normal 0 0 -1
    outer loop
      vertex -0.949997 2.39999 -1.3
      vertex -1.78031 2.09595 -1.3
      vertex -1.54326 2.27614 -1.3
    endloop
  endfacet
  facet normal 0 0 -1
    outer loop
      vertex -0.949997 2.39999 -1.3
      vertex -1.99649 1.89117 -1.3
      vertex -1.78031 2.09595 -1.3
    endloop
  endfacet
  facet normal 0 0 -1
    outer loop
      vertex -2.39999 1 -1.3
      vertex -1.99649 1.89117 -1.3
      vertex -0.949997 2.39999 -1.3
    endloop
  endfacet
  facet normal 0 0 -1
    outer loop
      vertex -1.99649 1.89117 -1.3
      vertex -2.39999 1 -1.3
      vertex -2.18926 1.66423 -1.3
    endloop
  endfacet
  facet normal 0 0 -1
    outer loop
      vertex -2.18926 1.66423 -1.3
      vertex -2.39999 1 -1.3
      vertex -2.35636 1.41777 -1.3
    endloop
  endfacet
  facet normal 0 0 -1
    outer loop
      vertex -2.39999 1 -1.3
      vertex -2.49583 1.15469 -1.3
      vertex -2.35636 1.41777 -1.3
    endloop
  endfacet
  facet normal 0 0 -1
    outer loop
      vertex -2.68571 -0.591168 -1.3
      vertex -2.39999 -1 -1.3
      vertex -2.60605 -0.878078 -1.3
    endloop
  endfacet
  facet normal 0 0 -1
    outer loop
      vertex -2.73388 -0.297327 -1.3
      vertex -2.39999 -1 -1.3
      vertex -2.68571 -0.591168 -1.3
    endloop
  endfacet
  facet normal -0 0 -1
    outer loop
      vertex -2.39999 1 -1.3
      vertex -2.60605 0.878078 -1.3
      vertex -2.49583 1.15469 -1.3
    endloop
  endfacet
  facet normal 0 0 -1
    outer loop
      vertex -2.75 0 -1.3
      vertex -2.39999 -1 -1.3
      vertex -2.73388 -0.297327 -1.3
    endloop
  endfacet
  facet normal 0 0 -1
    outer loop
      vertex -2.39999 1 -1.3
      vertex -2.68571 0.591168 -1.3
      vertex -2.60605 0.878078 -1.3
    endloop
  endfacet
  facet normal 0 0 -1
    outer loop
      vertex -2.39999 -1 -1.3
      vertex -2.75 0 -1.3
      vertex -2.39999 1 -1.3
    endloop
  endfacet
  facet normal 0 0 -1
    outer loop
      vertex -2.39999 1 -1.3
      vertex -2.73388 0.297327 -1.3
      vertex -2.68571 0.591168 -1.3
    endloop
  endfacet
  facet normal 0 0 -1
    outer loop
      vertex -2.39999 1 -1.3
      vertex -2.75 0 -1.3
      vertex -2.73388 0.297327 -1.3
    endloop
  endfacet
  facet normal -0.419899 0.907571 0
    outer loop
      vertex -1.01788 2.55469 -1.3
      vertex -1.28812 2.42966 2.01
      vertex -1.01788 2.55469 2.01
    endloop
  endfacet
  facet normal -0.419899 0.907571 0
    outer loop
      vertex -1.28812 2.42966 2.01
      vertex -1.01788 2.55469 -1.3
      vertex -1.28812 2.42966 -1.3
    endloop
  endfacet
  facet normal 0.762153 0.647397 0
    outer loop
      vertex 2.18926 1.66423 2.01
      vertex 1.99649 1.89117 -1.3
      vertex 1.99649 1.89117 2.01
    endloop
  endfacet
  facet normal 0.762153 0.647397 0
    outer loop
      vertex 1.99649 1.89117 -1.3
      vertex 2.18926 1.66423 2.01
      vertex 2.18926 1.66423 -1.3
    endloop
  endfacet
  facet normal 0.687706 -0.72599 0
    outer loop
      vertex 1.78031 -2.09595 -1.3
      vertex 1.99649 -1.89117 2.01
      vertex 1.78031 -2.09595 2.01
    endloop
  endfacet
  facet normal 0.687706 -0.72599 0
    outer loop
      vertex 1.99649 -1.89117 2.01
      vertex 1.78031 -2.09595 -1.3
      vertex 1.99649 -1.89117 -1.3
    endloop
  endfacet
  facet normal 0.883521 -0.468392 0
    outer loop
      vertex 2.35636 -1.41777 2.01
      vertex 2.49583 -1.15469 -1.3
      vertex 2.49583 -1.15469 2.01
    endloop
  endfacet
  facet normal 0.883521 -0.468392 0
    outer loop
      vertex 2.49583 -1.15469 -1.3
      vertex 2.35636 -1.41777 2.01
      vertex 2.35636 -1.41777 -1.3
    endloop
  endfacet
  facet normal -0.998534 -0.0541369 0
    outer loop
      vertex -2.73388 -0.297327 -1.3
      vertex -2.75 0 2.01
      vertex -2.75 0 -1.3
    endloop
  endfacet
  facet normal -0.998534 -0.0541369 0
    outer loop
      vertex -2.75 0 2.01
      vertex -2.73388 -0.297327 -1.3
      vertex -2.73388 -0.297327 2.01
    endloop
  endfacet
  facet normal -0.96355 -0.267528 0
    outer loop
      vertex -2.60605 -0.878078 -1.3
      vertex -2.68571 -0.591168 2.01
      vertex -2.68571 -0.591168 -1.3
    endloop
  endfacet
  facet normal -0.96355 -0.267528 0
    outer loop
      vertex -2.68571 -0.591168 2.01
      vertex -2.60605 -0.878078 -1.3
      vertex -2.60605 -0.878078 2.01
    endloop
  endfacet
  facet normal 0.687706 0.72599 -0
    outer loop
      vertex 1.99649 1.89117 -1.3
      vertex 1.78031 2.09595 2.01
      vertex 1.99649 1.89117 2.01
    endloop
  endfacet
  facet normal 0.687706 0.72599 0
    outer loop
      vertex 1.78031 2.09595 2.01
      vertex 1.99649 1.89117 -1.3
      vertex 1.78031 2.09595 -1.3
    endloop
  endfacet
  facet normal -0.986828 -0.161773 0
    outer loop
      vertex -2.68571 -0.591168 -1.3
      vertex -2.73388 -0.297327 2.01
      vertex -2.73388 -0.297327 -1.3
    endloop
  endfacet
  facet normal -0.986828 -0.161773 0
    outer loop
      vertex -2.73388 -0.297327 2.01
      vertex -2.68571 -0.591168 -1.3
      vertex -2.68571 -0.591168 2.01
    endloop
  endfacet
  facet normal 0.419899 -0.907571 0
    outer loop
      vertex 1.01788 -2.55469 -1.3
      vertex 1.28812 -2.42966 2.01
      vertex 1.01788 -2.55469 2.01
    endloop
  endfacet
  facet normal 0.419899 -0.907571 0
    outer loop
      vertex 1.28812 -2.42966 2.01
      vertex 1.01788 -2.55469 -1.3
      vertex 1.28812 -2.42966 -1.3
    endloop
  endfacet
  facet normal -0.928968 -0.37016 0
    outer loop
      vertex -2.49583 -1.15469 -1.3
      vertex -2.60605 -0.878078 2.01
      vertex -2.60605 -0.878078 -1.3
    endloop
  endfacet
  facet normal -0.928968 -0.37016 0
    outer loop
      vertex -2.60605 -0.878078 2.01
      vertex -2.49583 -1.15469 -1.3
      vertex -2.49583 -1.15469 2.01
    endloop
  endfacet
  facet normal 0.319282 -0.94766 0
    outer loop
      vertex 0.735703 -2.64976 -1.3
      vertex 1.01788 -2.55469 2.01
      vertex 0.735703 -2.64976 2.01
    endloop
  endfacet
  facet normal 0.319282 -0.94766 0
    outer loop
      vertex 1.01788 -2.55469 2.01
      vertex 0.735703 -2.64976 -1.3
      vertex 1.01788 -2.55469 -1.3
    endloop
  endfacet
  facet normal -0.928968 0.37016 0
    outer loop
      vertex -2.60605 0.878078 -1.3
      vertex -2.49583 1.15469 2.01
      vertex -2.49583 1.15469 -1.3
    endloop
  endfacet
  facet normal -0.928968 0.37016 0
    outer loop
      vertex -2.49583 1.15469 2.01
      vertex -2.60605 0.878078 -1.3
      vertex -2.60605 0.878078 2.01
    endloop
  endfacet
  facet normal -0.883521 -0.468392 0
    outer loop
      vertex -2.35636 -1.41777 -1.3
      vertex -2.49583 -1.15469 2.01
      vertex -2.49583 -1.15469 -1.3
    endloop
  endfacet
  facet normal -0.883521 -0.468392 0
    outer loop
      vertex -2.49583 -1.15469 2.01
      vertex -2.35636 -1.41777 -1.3
      vertex -2.35636 -1.41777 2.01
    endloop
  endfacet
  facet normal -0.214969 -0.976621 0
    outer loop
      vertex -0.735703 -2.64976 -1.3
      vertex -0.4449 -2.71377 2.01
      vertex -0.735703 -2.64976 2.01
    endloop
  endfacet
  facet normal -0.214969 -0.976621 -0
    outer loop
      vertex -0.4449 -2.71377 2.01
      vertex -0.735703 -2.64976 -1.3
      vertex -0.4449 -2.71377 -1.3
    endloop
  endfacet
  facet normal -0.605151 -0.79611 0
    outer loop
      vertex -1.78031 -2.09595 -1.3
      vertex -1.54326 -2.27614 2.01
      vertex -1.78031 -2.09595 2.01
    endloop
  endfacet
  facet normal -0.605151 -0.79611 -0
    outer loop
      vertex -1.54326 -2.27614 2.01
      vertex -1.78031 -2.09595 -1.3
      vertex -1.54326 -2.27614 -1.3
    endloop
  endfacet
  facet normal -0.419899 -0.907571 0
    outer loop
      vertex -1.28812 -2.42966 -1.3
      vertex -1.01788 -2.55469 2.01
      vertex -1.28812 -2.42966 2.01
    endloop
  endfacet
  facet normal -0.419899 -0.907571 -0
    outer loop
      vertex -1.01788 -2.55469 2.01
      vertex -1.28812 -2.42966 -1.3
      vertex -1.01788 -2.55469 -1.3
    endloop
  endfacet
  facet normal 0 1 -0
    outer loop
      vertex 2.04999 -0.649994 -0.79
      vertex 0.599991 -0.649994 2.01
      vertex 2.04999 -0.649994 2.01
    endloop
  endfacet
  facet normal 0 1 0
    outer loop
      vertex 0.599991 -0.649994 2.01
      vertex 2.04999 -0.649994 -0.79
      vertex 0.599991 -0.649994 -0.79
    endloop
  endfacet
  facet normal -1 0 0
    outer loop
      vertex 2.04999 -0.649994 -0.79
      vertex 2.04999 0.649994 2.01
      vertex 2.04999 0.649994 -0.79
    endloop
  endfacet
  facet normal -1 -0 0
    outer loop
      vertex 2.04999 0.649994 2.01
      vertex 2.04999 -0.649994 -0.79
      vertex 2.04999 -0.649994 2.01
    endloop
  endfacet
  facet normal 0 -1 0
    outer loop
      vertex 0.599991 0.649994 -0.79
      vertex 2.04999 0.649994 2.01
      vertex 0.599991 0.649994 2.01
    endloop
  endfacet
  facet normal 0 -1 -0
    outer loop
      vertex 2.04999 0.649994 2.01
      vertex 0.599991 0.649994 -0.79
      vertex 2.04999 0.649994 -0.79
    endloop
  endfacet
  facet normal -1 0 0
    outer loop
      vertex 0.599991 0.649994 -0.79
      vertex 0.599991 2.04999 2.01
      vertex 0.599991 2.04999 -0.79
    endloop
  endfacet
  facet normal -1 -0 0
    outer loop
      vertex 0.599991 2.04999 2.01
      vertex 0.599991 0.649994 -0.79
      vertex 0.599991 0.649994 2.01
    endloop
  endfacet
  facet normal 0 -1 0
    outer loop
      vertex -0.599991 2.04999 -0.79
      vertex 0.599991 2.04999 2.01
      vertex -0.599991 2.04999 2.01
    endloop
  endfacet
  facet normal 0 -1 -0
    outer loop
      vertex 0.599991 2.04999 2.01
      vertex -0.599991 2.04999 -0.79
      vertex 0.599991 2.04999 -0.79
    endloop
  endfacet
  facet normal 1 -0 0
    outer loop
      vertex -0.599991 0.649994 2.01
      vertex -0.599991 2.04999 -0.79
      vertex -0.599991 2.04999 2.01
    endloop
  endfacet
  facet normal 1 0 0
    outer loop
      vertex -0.599991 2.04999 -0.79
      vertex -0.599991 0.649994 2.01
      vertex -0.599991 0.649994 -0.79
    endloop
  endfacet
  facet normal 0 -1 0
    outer loop
      vertex -2.04999 0.649994 -0.79
      vertex -0.599991 0.649994 2.01
      vertex -2.04999 0.649994 2.01
    endloop
  endfacet
  facet normal 0 -1 -0
    outer loop
      vertex -0.599991 0.649994 2.01
      vertex -2.04999 0.649994 -0.79
      vertex -0.599991 0.649994 -0.79
    endloop
  endfacet
  facet normal 1 -0 0
    outer loop
      vertex -2.04999 -0.649994 2.01
      vertex -2.04999 0.649994 -0.79
      vertex -2.04999 0.649994 2.01
    endloop
  endfacet
  facet normal 1 0 0
    outer loop
      vertex -2.04999 0.649994 -0.79
      vertex -2.04999 -0.649994 2.01
      vertex -2.04999 -0.649994 -0.79
    endloop
  endfacet
  facet normal 0 1 -0
    outer loop
      vertex -0.599991 -0.649994 -0.79
      vertex -2.04999 -0.649994 2.01
      vertex -0.599991 -0.649994 2.01
    endloop
  endfacet
  facet normal 0 1 0
    outer loop
      vertex -2.04999 -0.649994 2.01
      vertex -0.599991 -0.649994 -0.79
      vertex -2.04999 -0.649994 -0.79
    endloop
  endfacet
  facet normal 1 -0 0
    outer loop
      vertex -0.599991 -2.04999 2.01
      vertex -0.599991 -0.649994 -0.79
      vertex -0.599991 -0.649994 2.01
    endloop
  endfacet
  facet normal 1 0 0
    outer loop
      vertex -0.599991 -0.649994 -0.79
      vertex -0.599991 -2.04999 2.01
      vertex -0.599991 -2.04999 -0.79
    endloop
  endfacet
  facet normal 0 1 -0
    outer loop
      vertex 0.599991 -2.04999 -0.79
      vertex -0.599991 -2.04999 2.01
      vertex 0.599991 -2.04999 2.01
    endloop
  endfacet
  facet normal 0 1 0
    outer loop
      vertex -0.599991 -2.04999 2.01
      vertex 0.599991 -2.04999 -0.79
      vertex -0.599991 -2.04999 -0.79
    endloop
  endfacet
  facet normal -1 0 0
    outer loop
      vertex 0.599991 -2.04999 -0.79
      vertex 0.599991 -0.649994 2.01
      vertex 0.599991 -0.649994 -0.79
    endloop
  endfacet
  facet normal -1 -0 0
    outer loop
      vertex 0.599991 -0.649994 2.01
      vertex 0.599991 -2.04999 -0.79
      vertex 0.599991 -2.04999 2.01
    endloop
  endfacet
  facet normal 0 -0.824513 -0.565842
    outer loop
      vertex -0.949997 2.39999 -1.3
      vertex 0.599991 2.04999 -0.79
      vertex -0.599991 2.04999 -0.79
    endloop
  endfacet
  facet normal 0 -0.824513 -0.565842
    outer loop
      vertex 0.599991 2.04999 -0.79
      vertex -0.949997 2.39999 -1.3
      vertex 0.949997 2.39999 -1.3
    endloop
  endfacet
  facet normal 0.824513 0 -0.565842
    outer loop
      vertex -2.04999 -0.649994 -0.79
      vertex -2.39999 1 -1.3
      vertex -2.04999 0.649994 -0.79
    endloop
  endfacet
  facet normal 0.824513 0 -0.565842
    outer loop
      vertex -2.39999 1 -1.3
      vertex -2.04999 -0.649994 -0.79
      vertex -2.39999 -1 -1.3
    endloop
  endfacet
  facet normal 0.498475 -0.516278 -0.696405
    outer loop
      vertex -2.04999 0.649994 -0.79
      vertex -0.949997 2.39999 -1.3
      vertex -0.599991 2.04999 -0.79
    endloop
  endfacet
  facet normal 0.498474 -0.516278 -0.696405
    outer loop
      vertex -0.949997 2.39999 -1.3
      vertex -2.04999 0.649994 -0.79
      vertex -2.39999 1 -1.3
    endloop
  endfacet
  facet normal -0.498474 -0.516278 -0.696405
    outer loop
      vertex 2.04999 0.649994 -0.79
      vertex 0.949997 2.39999 -1.3
      vertex 2.39999 1 -1.3
    endloop
  endfacet
  facet normal -0.498475 -0.516278 -0.696405
    outer loop
      vertex 0.949997 2.39999 -1.3
      vertex 2.04999 0.649994 -0.79
      vertex 0.599991 2.04999 -0.79
    endloop
  endfacet
  facet normal -0.824513 0 -0.565842
    outer loop
      vertex 2.39999 1 -1.3
      vertex 2.04999 -0.649994 -0.79
      vertex 2.04999 0.649994 -0.79
    endloop
  endfacet
  facet normal -0.824513 0 -0.565842
    outer loop
      vertex 2.04999 -0.649994 -0.79
      vertex 2.39999 1 -1.3
      vertex 2.39999 -1 -1.3
    endloop
  endfacet
  facet normal 0.498475 0.516278 -0.696405
    outer loop
      vertex -0.949997 -2.39999 -1.3
      vertex -2.04999 -0.649994 -0.79
      vertex -0.599991 -2.04999 -0.79
    endloop
  endfacet
  facet normal 0.498474 0.516278 -0.696405
    outer loop
      vertex -2.04999 -0.649994 -0.79
      vertex -0.949997 -2.39999 -1.3
      vertex -2.39999 -1 -1.3
    endloop
  endfacet
  facet normal 0 0.824513 -0.565842
    outer loop
      vertex 0.949997 -2.39999 -1.3
      vertex -0.599991 -2.04999 -0.79
      vertex 0.599991 -2.04999 -0.79
    endloop
  endfacet
  facet normal 0 0.824513 -0.565842
    outer loop
      vertex -0.599991 -2.04999 -0.79
      vertex 0.949997 -2.39999 -1.3
      vertex -0.949997 -2.39999 -1.3
    endloop
  endfacet
  facet normal -0.498474 0.516278 -0.696405
    outer loop
      vertex 0.949997 -2.39999 -1.3
      vertex 2.04999 -0.649994 -0.79
      vertex 2.39999 -1 -1.3
    endloop
  endfacet
  facet normal -0.498475 0.516278 -0.696405
    outer loop
      vertex 2.04999 -0.649994 -0.79
      vertex 0.949997 -2.39999 -1.3
      vertex 0.599991 -2.04999 -0.79
    endloop
  endfacet
  facet normal 0 0 -1
    outer loop
      vertex 0.599991 2.04999 -0.79
      vertex 2.04999 0.649994 -0.79
      vertex 0.599991 0.649994 -0.79
    endloop
  endfacet
  facet normal 0 -0 -1
    outer loop
      vertex -0.599991 2.04999 -0.79
      vertex -0.599991 0.649994 -0.79
      vertex -2.04999 0.649994 -0.79
    endloop
  endfacet
  facet normal 0 0 -1
    outer loop
      vertex 0.599991 -0.649994 -0.79
      vertex 2.04999 -0.649994 -0.79
      vertex 0.599991 -2.04999 -0.79
    endloop
  endfacet
  facet normal -0 -0 -1
    outer loop
      vertex -0.599991 -0.649994 -0.79
      vertex -0.599991 -2.04999 -0.79
      vertex -2.04999 -0.649994 -0.79
    endloop
  endfacet
endsolid OpenSCAD_Model
