solid OpenSCAD_Model
  facet normal -0.165537 -0.689569 0.705048
    outer loop
      vertex -5.4879 -6.39859 4.55402
      vertex -5.39722 -6.97659 4.01
      vertex -5.35509 -6.42217 4.56214
    endloop
  endfacet
  facet normal -0.16553 -0.689569 0.705049
    outer loop
      vertex -5.39722 -6.97659 4.01
      vertex -5.4879 -6.39859 4.55402
      vertex -5.68712 -6.907 4.01
    endloop
  endfacet
  facet normal -0.0871109 -0.699635 0.709171
    outer loop
      vertex -5.35509 -6.42217 4.56214
      vertex -5.39722 -6.97659 4.01
      vertex -5.23194 -6.43354 4.56605
    endloop
  endfacet
  facet normal -0.972377 0.233417 0
    outer loop
      vertex -8.97659 7.39722 0.4
      vertex -8.907 7.68712 0.41
      vertex -8.907 7.68712 0.4
    endloop
  endfacet
  facet normal -0.972377 0.233417 0
    outer loop
      vertex -8.907 7.68712 0.41
      vertex -8.97659 7.39722 0.4
      vertex -8.97659 7.39722 0.41
    endloop
  endfacet
  facet normal -0.0555583 -0.706011 0.706019
    outer loop
      vertex -5.09999 -6.99998 4.01
      vertex -5.23194 -6.43354 4.56605
      vertex -5.39722 -6.97659 4.01
    endloop
  endfacet
  facet normal -0.0555929 -0.706013 0.706013
    outer loop
      vertex -5.23194 -6.43354 4.56605
      vertex -5.09999 -6.99998 4.01
      vertex -5.09999 -6.44127 4.56871
    endloop
  endfacet
  facet normal 0.166025 -0.69163 -0.702911
    outer loop
      vertex 7.39722 -8.97659 0.4
      vertex 7.39262 -8.57117 0
      vertex 7.68712 -8.907 0.4
    endloop
  endfacet
  facet normal 0 -0.707107 0.707107
    outer loop
      vertex -5.09999 -6.99998 4.01
      vertex 5.09999 -6.44127 4.56871
      vertex -5.09999 -6.44127 4.56871
    endloop
  endfacet
  facet normal 0 -0.707107 0.707107
    outer loop
      vertex 5.09999 -6.44127 4.56871
      vertex -5.09999 -6.99998 4.01
      vertex 5.09999 -6.99998 4.01
    endloop
  endfacet
  facet normal -0.677543 0.415199 0.607079
    outer loop
      vertex -8.79291 7.96257 0.41
      vertex -6.63713 6.21678 4.01
      vertex -8.63713 8.21678 0.41
    endloop
  endfacet
  facet normal -0.677543 0.415199 0.607079
    outer loop
      vertex -6.63713 6.21678 4.01
      vertex -8.79291 7.96257 0.41
      vertex -6.79291 5.96257 4.01
    endloop
  endfacet
  facet normal -0.309685 -0.74768 0.587426
    outer loop
      vertex -7.68712 -8.907 0.41
      vertex -5.96257 -6.79291 4.01
      vertex -7.96257 -8.79291 0.41
    endloop
  endfacet
  facet normal -0.309685 -0.74768 0.587426
    outer loop
      vertex -5.96257 -6.79291 4.01
      vertex -7.68712 -8.907 0.41
      vertex -5.68712 -6.907 4.01
    endloop
  endfacet
  facet normal 0.193926 -0.807864 0.55655
    outer loop
      vertex 7.39722 -8.97659 0.41
      vertex 5.68712 -6.907 4.01
      vertex 5.39722 -6.97659 4.01
    endloop
  endfacet
  facet normal 0.193926 -0.807864 0.55655
    outer loop
      vertex 5.68712 -6.907 4.01
      vertex 7.39722 -8.97659 0.41
      vertex 7.68712 -8.907 0.41
    endloop
  endfacet
  facet normal -0.193926 -0.807864 0.55655
    outer loop
      vertex -7.39722 -8.97659 0.41
      vertex -5.68712 -6.907 4.01
      vertex -7.68712 -8.907 0.41
    endloop
  endfacet
  facet normal -0.193926 -0.807864 0.55655
    outer loop
      vertex -5.68712 -6.907 4.01
      vertex -7.39722 -8.97659 0.41
      vertex -5.39722 -6.97659 4.01
    endloop
  endfacet
  facet normal 0.602986 0.36951 0.707016
    outer loop
      vertex 6.63713 6.21678 4.01
      vertex 6.43178 5.84873 4.37749
      vertex 6.79291 5.96257 4.01
    endloop
  endfacet
  facet normal 0.602967 0.369527 0.707022
    outer loop
      vertex 6.43178 5.84873 4.37749
      vertex 6.63713 6.21678 4.01
      vertex 6.29858 5.98587 4.41941
    endloop
  endfacet
  facet normal 0 0.707107 0.707107
    outer loop
      vertex 5.09999 6.99998 4.01
      vertex -5.09999 6.44127 4.56871
      vertex 5.09999 6.44127 4.56871
    endloop
  endfacet
  facet normal 0 0.707107 0.707107
    outer loop
      vertex -5.09999 6.44127 4.56871
      vertex 5.09999 6.99998 4.01
      vertex -5.09999 6.99998 4.01
    endloop
  endfacet
  facet normal 0.707107 0 0.707107
    outer loop
      vertex 6.9159 -4.83844 4.09408
      vertex 6.99998 -5.09999 4.01
      vertex 6.99998 -4.47422 4.01
    endloop
  endfacet
  facet normal 0.70713 1.47447e-05 0.707084
    outer loop
      vertex 6.99998 -5.09999 4.01
      vertex 6.9159 -4.83844 4.09408
      vertex 6.84582 -5.09999 4.16417
    endloop
  endfacet
  facet normal 0.70713 -1.47447e-05 0.707084
    outer loop
      vertex 6.9159 4.83844 4.09408
      vertex 6.99998 5.09999 4.01
      vertex 6.84582 5.09999 4.16417
    endloop
  endfacet
  facet normal 0.707107 0 0.707107
    outer loop
      vertex 6.99998 5.09999 4.01
      vertex 6.9159 4.83844 4.09408
      vertex 6.99998 4.47422 4.01
    endloop
  endfacet
  facet normal 0.923886 0.382669 0
    outer loop
      vertex 8.907 7.68712 0.41
      vertex 8.79291 7.96257 0.4
      vertex 8.79291 7.96257 0.41
    endloop
  endfacet
  facet normal 0.923886 0.382669 0
    outer loop
      vertex 8.79291 7.96257 0.4
      vertex 8.907 7.68712 0.41
      vertex 8.907 7.68712 0.4
    endloop
  endfacet
  facet normal 0 1 -0
    outer loop
      vertex 7.09999 8.99998 0.4
      vertex -7.09999 8.99998 0.41
      vertex 7.09999 8.99998 0.41
    endloop
  endfacet
  facet normal 0 1 0
    outer loop
      vertex -7.09999 8.99998 0.41
      vertex 7.09999 8.99998 0.4
      vertex -7.09999 8.99998 0.4
    endloop
  endfacet
  facet normal -0.618297 -0.330463 -0.713094
    outer loop
      vertex -8.3472 -7.93335 0
      vertex -8.79291 -7.96257 0.4
      vertex -8.48581 -7.67401 0
    endloop
  endfacet
  facet normal -0.652145 0.270091 0.708349
    outer loop
      vertex -6.79291 5.96257 4.01
      vertex -6.63967 5.58237 4.29605
      vertex -6.51698 5.74677 4.34632
    endloop
  endfacet
  facet normal -0.652126 0.270107 0.70836
    outer loop
      vertex -6.63967 5.58237 4.29605
      vertex -6.79291 5.96257 4.01
      vertex -6.907 5.68712 4.01
    endloop
  endfacet
  facet normal -0.85582 -0.0673473 0.512871
    outer loop
      vertex -8.99998 -7.09999 0.41
      vertex -6.97659 -5.39722 4.01
      vertex -6.99998 -5.09999 4.01
    endloop
  endfacet
  facet normal -0.85582 -0.0673473 0.512871
    outer loop
      vertex -6.97659 -5.39722 4.01
      vertex -8.99998 -7.09999 0.41
      vertex -8.97659 -7.39722 0.41
    endloop
  endfacet
  facet normal 0.618297 -0.330463 -0.713094
    outer loop
      vertex 8.79291 -7.96257 0.4
      vertex 8.3472 -7.93335 0
      vertex 8.48581 -7.67401 0
    endloop
  endfacet
  facet normal -0.0689663 -0.700264 -0.710545
    outer loop
      vertex -7.09999 -8.59999 0
      vertex -7.39722 -8.97659 0.4
      vertex -7.39262 -8.57117 0
    endloop
  endfacet
  facet normal 0.652126 -0.270107 0.70836
    outer loop
      vertex 6.63967 -5.58237 4.29605
      vertex 6.79291 -5.96257 4.01
      vertex 6.907 -5.68712 4.01
    endloop
  endfacet
  facet normal 0.652145 -0.270091 0.708349
    outer loop
      vertex 6.79291 -5.96257 4.01
      vertex 6.63967 -5.58237 4.29605
      vertex 6.51698 -5.74677 4.34632
    endloop
  endfacet
  facet normal -0.272574 -0.658082 -0.701877
    outer loop
      vertex -7.68712 -8.907 0.4
      vertex -7.96257 -8.79291 0.4
      vertex -7.67401 -8.48581 0
    endloop
  endfacet
  facet normal -0.382669 0.923886 0
    outer loop
      vertex -7.68712 8.907 0.4
      vertex -7.96257 8.79291 0.41
      vertex -7.68712 8.907 0.41
    endloop
  endfacet
  facet normal -0.382669 0.923886 0
    outer loop
      vertex -7.96257 8.79291 0.41
      vertex -7.68712 8.907 0.4
      vertex -7.96257 8.79291 0.4
    endloop
  endfacet
  facet normal 0.807864 -0.193926 0.55655
    outer loop
      vertex 6.907 -5.68712 4.01
      vertex 8.97659 -7.39722 0.41
      vertex 6.97659 -5.39722 4.01
    endloop
  endfacet
  facet normal 0.807864 -0.193926 0.55655
    outer loop
      vertex 8.97659 -7.39722 0.41
      vertex 6.907 -5.68712 4.01
      vertex 8.907 -7.68712 0.41
    endloop
  endfacet
  facet normal -0.47635 -0.517475 0.710852
    outer loop
      vertex -6.16334 -6.0937 4.45238
      vertex -6.4435 -6.4435 4.01
      vertex -6.04734 -6.1689 4.47537
    endloop
  endfacet
  facet normal 0.706036 -0.0555892 0.705991
    outer loop
      vertex 6.7651 -5.33285 4.22656
      vertex 6.99998 -5.09999 4.01
      vertex 6.84582 -5.09999 4.16417
    endloop
  endfacet
  facet normal 0.706022 -0.0555592 0.706007
    outer loop
      vertex 6.99998 -5.09999 4.01
      vertex 6.7651 -5.33285 4.22656
      vertex 6.97659 -5.39722 4.01
    endloop
  endfacet
  facet normal -0.203513 0.670882 -0.713092
    outer loop
      vertex -7.67401 8.48581 0
      vertex -7.68712 8.907 0.4
      vertex -7.39262 8.57117 0
    endloop
  endfacet
  facet normal -0.874157 1.9776e-06 0.485644
    outer loop
      vertex -7.04051 4.15823 3.93705
      vertex -6.99998 5.09999 4.01
      vertex -8.99998 7.09999 0.41
    endloop
  endfacet
  facet normal -0.874146 0 0.485663
    outer loop
      vertex -6.99998 5.09999 4.01
      vertex -7.04051 4.15823 3.93705
      vertex -6.99998 4.47422 4.01
    endloop
  endfacet
  facet normal -0.874156 4.97065e-06 0.485646
    outer loop
      vertex -8.99998 7.09999 0.41
      vertex -7.11452 3.47296 3.80384
      vertex -7.04051 4.15823 3.93705
    endloop
  endfacet
  facet normal -0.874156 3.84688e-06 0.485645
    outer loop
      vertex -8.99998 7.09999 0.41
      vertex -7.17519 2.78346 3.69464
      vertex -7.11452 3.47296 3.80384
    endloop
  endfacet
  facet normal -0.874162 -6.96077e-06 0.485634
    outer loop
      vertex -8.99998 7.09999 0.41
      vertex -7.22245 2.09057 3.60956
      vertex -7.17519 2.78346 3.69464
    endloop
  endfacet
  facet normal -0.874158 7.00743e-08 0.485642
    outer loop
      vertex -8.99998 7.09999 0.41
      vertex -7.25625 1.39513 3.54872
      vertex -7.22245 2.09057 3.60956
    endloop
  endfacet
  facet normal -0.874158 4.44267e-08 0.485642
    outer loop
      vertex -8.99998 7.09999 0.41
      vertex -7.27655 0.697989 3.51218
      vertex -7.25625 1.39513 3.54872
    endloop
  endfacet
  facet normal -0.874154 4.04534e-06 0.485649
    outer loop
      vertex -8.99998 7.09999 0.41
      vertex -7.28332 0 3.5
      vertex -7.27655 0.697989 3.51218
    endloop
  endfacet
  facet normal -0.874158 0 0.485641
    outer loop
      vertex -8.99998 -7.09999 0.41
      vertex -7.28332 0 3.5
      vertex -8.99998 7.09999 0.41
    endloop
  endfacet
  facet normal -0.874154 -4.04534e-06 0.485649
    outer loop
      vertex -7.28332 0 3.5
      vertex -8.99998 -7.09999 0.41
      vertex -7.27655 -0.697989 3.51218
    endloop
  endfacet
  facet normal -0.874158 -4.44267e-08 0.485642
    outer loop
      vertex -7.27655 -0.697989 3.51218
      vertex -8.99998 -7.09999 0.41
      vertex -7.25625 -1.39513 3.54872
    endloop
  endfacet
  facet normal -0.874158 -7.00743e-08 0.485642
    outer loop
      vertex -7.25625 -1.39513 3.54872
      vertex -8.99998 -7.09999 0.41
      vertex -7.22245 -2.09057 3.60956
    endloop
  endfacet
  facet normal -0.874162 6.96077e-06 0.485634
    outer loop
      vertex -7.22245 -2.09057 3.60956
      vertex -8.99998 -7.09999 0.41
      vertex -7.17519 -2.78346 3.69464
    endloop
  endfacet
  facet normal -0.874156 -3.84688e-06 0.485645
    outer loop
      vertex -7.17519 -2.78346 3.69464
      vertex -8.99998 -7.09999 0.41
      vertex -7.11452 -3.47296 3.80384
    endloop
  endfacet
  facet normal -0.874156 -4.97065e-06 0.485646
    outer loop
      vertex -7.11452 -3.47296 3.80384
      vertex -8.99998 -7.09999 0.41
      vertex -7.04051 -4.15823 3.93705
    endloop
  endfacet
  facet normal -0.874157 -1.9776e-06 0.485644
    outer loop
      vertex -6.99998 -5.09999 4.01
      vertex -7.04051 -4.15823 3.93705
      vertex -8.99998 -7.09999 0.41
    endloop
  endfacet
  facet normal -0.874146 0 0.485663
    outer loop
      vertex -7.04051 -4.15823 3.93705
      vertex -6.99998 -5.09999 4.01
      vertex -6.99998 -4.47422 4.01
    endloop
  endfacet
  facet normal 0.670882 -0.203513 -0.713092
    outer loop
      vertex 8.907 -7.68712 0.4
      vertex 8.48581 -7.67401 0
      vertex 8.57117 -7.39262 0
    endloop
  endfacet
  facet normal 0.382669 0.923886 -0
    outer loop
      vertex 7.96257 8.79291 0.4
      vertex 7.68712 8.907 0.41
      vertex 7.96257 8.79291 0.41
    endloop
  endfacet
  facet normal 0.382669 0.923886 0
    outer loop
      vertex 7.68712 8.907 0.41
      vertex 7.96257 8.79291 0.4
      vertex 7.68712 8.907 0.4
    endloop
  endfacet
  facet normal 0.334589 -0.618253 0.711205
    outer loop
      vertex 5.80522 -6.29377 4.51793
      vertex 5.66197 -6.3493 4.53705
      vertex 5.96257 -6.79291 4.01
    endloop
  endfacet
  facet normal 0.649434 0.760418 -0
    outer loop
      vertex 8.4435 8.4435 0.4
      vertex 8.21678 8.63713 0.41
      vertex 8.4435 8.4435 0.41
    endloop
  endfacet
  facet normal 0.649434 0.760418 0
    outer loop
      vertex 8.21678 8.63713 0.41
      vertex 8.4435 8.4435 0.4
      vertex 8.21678 8.63713 0.4
    endloop
  endfacet
  facet normal 0.203513 -0.670882 -0.713092
    outer loop
      vertex 7.68712 -8.907 0.4
      vertex 7.39262 -8.57117 0
      vertex 7.67401 -8.48581 0
    endloop
  endfacet
  facet normal 0.282769 0.644601 0.710304
    outer loop
      vertex 5.96257 6.79291 4.01
      vertex 5.62246 6.35803 4.54005
      vertex 5.77235 6.31036 4.52364
    endloop
  endfacet
  facet normal -0.271153 0.654634 0.705642
    outer loop
      vertex -5.68712 6.907 4.01
      vertex -5.66197 6.3493 4.53705
      vertex -5.52757 6.3899 4.55103
    endloop
  endfacet
  facet normal -0.271147 0.654635 0.705643
    outer loop
      vertex -5.66197 6.3493 4.53705
      vertex -5.68712 6.907 4.01
      vertex -5.96257 6.79291 4.01
    endloop
  endfacet
  facet normal -0.522498 0.85264 0
    outer loop
      vertex -7.96257 8.79291 0.4
      vertex -8.21678 8.63713 0.41
      vertex -7.96257 8.79291 0.41
    endloop
  endfacet
  facet normal -0.522498 0.85264 0
    outer loop
      vertex -8.21678 8.63713 0.41
      vertex -7.96257 8.79291 0.4
      vertex -8.21678 8.63713 0.4
    endloop
  endfacet
  facet normal -0.53851 0.459914 -0.706036
    outer loop
      vertex -8.16064 8.16064 0
      vertex -8.63713 8.21678 0.4
      vertex -8.4435 8.4435 0.4
    endloop
  endfacet
  facet normal -0.233417 0.972377 0
    outer loop
      vertex -7.39722 8.97659 0.4
      vertex -7.68712 8.907 0.41
      vertex -7.39722 8.97659 0.41
    endloop
  endfacet
  facet normal -0.233417 0.972377 0
    outer loop
      vertex -7.68712 8.907 0.41
      vertex -7.39722 8.97659 0.4
      vertex -7.68712 8.907 0.4
    endloop
  endfacet
  facet normal -0.0555929 0.706013 0.706013
    outer loop
      vertex -5.09999 6.99998 4.01
      vertex -5.23194 6.43354 4.56605
      vertex -5.09999 6.44127 4.56871
    endloop
  endfacet
  facet normal -0.0555583 0.706011 0.706019
    outer loop
      vertex -5.23194 6.43354 4.56605
      vertex -5.09999 6.99998 4.01
      vertex -5.39722 6.97659 4.01
    endloop
  endfacet
  facet normal -0.459914 0.53851 -0.706036
    outer loop
      vertex -8.16064 8.16064 0
      vertex -8.4435 8.4435 0.4
      vertex -8.21678 8.63713 0.4
    endloop
  endfacet
  facet normal -0.415199 0.677543 0.607079
    outer loop
      vertex -7.96257 8.79291 0.41
      vertex -6.21678 6.63713 4.01
      vertex -5.96257 6.79291 4.01
    endloop
  endfacet
  facet normal -0.415199 0.677543 0.607079
    outer loop
      vertex -6.21678 6.63713 4.01
      vertex -7.96257 8.79291 0.41
      vertex -8.21678 8.63713 0.41
    endloop
  endfacet
  facet normal 0.543891 0.446427 -0.710553
    outer loop
      vertex 8.3472 7.93335 0
      vertex 8.16064 8.16064 0
      vertex 8.63713 8.21678 0.4
    endloop
  endfacet
  facet normal -0.543891 0.446427 -0.710553
    outer loop
      vertex -8.3472 7.93335 0
      vertex -8.63713 8.21678 0.4
      vertex -8.16064 8.16064 0
    endloop
  endfacet
  facet normal -0.446427 0.543891 -0.710553
    outer loop
      vertex -8.16064 8.16064 0
      vertex -8.21678 8.63713 0.4
      vertex -7.93335 8.3472 0
    endloop
  endfacet
  facet normal -0.37164 0.606462 -0.702914
    outer loop
      vertex -7.93335 8.3472 0
      vertex -8.21678 8.63713 0.4
      vertex -7.96257 8.79291 0.4
    endloop
  endfacet
  facet normal -0.700264 -0.0689663 -0.710545
    outer loop
      vertex -8.57117 -7.39262 0
      vertex -8.97659 -7.39722 0.4
      vertex -8.59999 -7.09999 0
    endloop
  endfacet
  facet normal -0.0555593 -0.706023 -0.706006
    outer loop
      vertex -7.09999 -8.99998 0.4
      vertex -7.39722 -8.97659 0.4
      vertex -7.09999 -8.59999 0
    endloop
  endfacet
  facet normal 0.85582 -0.0673473 0.512871
    outer loop
      vertex 6.97659 -5.39722 4.01
      vertex 8.99998 -7.09999 0.41
      vertex 6.99998 -5.09999 4.01
    endloop
  endfacet
  facet normal 0.85582 -0.0673473 0.512871
    outer loop
      vertex 8.99998 -7.09999 0.41
      vertex 6.97659 -5.39722 4.01
      vertex 8.97659 -7.39722 0.41
    endloop
  endfacet
  facet normal -0.996918 -0.0784507 0
    outer loop
      vertex -8.97659 -7.39722 0.4
      vertex -8.99998 -7.09999 0.41
      vertex -8.99998 -7.09999 0.4
    endloop
  endfacet
  facet normal -0.996918 -0.0784507 0
    outer loop
      vertex -8.99998 -7.09999 0.41
      vertex -8.97659 -7.39722 0.4
      vertex -8.97659 -7.39722 0.41
    endloop
  endfacet
  facet normal -0.706036 -0.0555892 0.705991
    outer loop
      vertex -6.99998 -5.09999 4.01
      vertex -6.7651 -5.33285 4.22656
      vertex -6.84582 -5.09999 4.16417
    endloop
  endfacet
  facet normal -0.706022 -0.0555592 0.706007
    outer loop
      vertex -6.7651 -5.33285 4.22656
      vertex -6.99998 -5.09999 4.01
      vertex -6.97659 -5.39722 4.01
    endloop
  endfacet
  facet normal -0.707107 0 0.707107
    outer loop
      vertex -6.99998 -5.09999 4.01
      vertex -6.9159 -4.83844 4.09408
      vertex -6.99998 -4.47422 4.01
    endloop
  endfacet
  facet normal -0.70713 1.47447e-05 0.707084
    outer loop
      vertex -6.9159 -4.83844 4.09408
      vertex -6.99998 -5.09999 4.01
      vertex -6.84582 -5.09999 4.16417
    endloop
  endfacet
  facet normal -0.70713 -1.47447e-05 0.707084
    outer loop
      vertex -6.99998 5.09999 4.01
      vertex -6.9159 4.83844 4.09408
      vertex -6.84582 5.09999 4.16417
    endloop
  endfacet
  facet normal -0.707107 0 0.707107
    outer loop
      vertex -6.9159 4.83844 4.09408
      vertex -6.99998 5.09999 4.01
      vertex -6.99998 4.47422 4.01
    endloop
  endfacet
  facet normal 0.74768 0.309685 0.587426
    outer loop
      vertex 6.79291 5.96257 4.01
      vertex 8.907 7.68712 0.41
      vertex 8.79291 7.96257 0.41
    endloop
  endfacet
  facet normal 0.74768 0.309685 0.587426
    outer loop
      vertex 8.907 7.68712 0.41
      vertex 6.79291 5.96257 4.01
      vertex 6.907 5.68712 4.01
    endloop
  endfacet
  facet normal 0.309685 -0.74768 0.587426
    outer loop
      vertex 7.68712 -8.907 0.41
      vertex 5.96257 -6.79291 4.01
      vertex 5.68712 -6.907 4.01
    endloop
  endfacet
  facet normal 0.309685 -0.74768 0.587426
    outer loop
      vertex 5.96257 -6.79291 4.01
      vertex 7.68712 -8.907 0.41
      vertex 7.96257 -8.79291 0.41
    endloop
  endfacet
  facet normal -0.602967 -0.369527 0.707022
    outer loop
      vertex -6.43178 -5.84873 4.37749
      vertex -6.63713 -6.21678 4.01
      vertex -6.29858 -5.98587 4.41941
    endloop
  endfacet
  facet normal -0.602986 -0.36951 0.707016
    outer loop
      vertex -6.63713 -6.21678 4.01
      vertex -6.43178 -5.84873 4.37749
      vertex -6.79291 -5.96257 4.01
    endloop
  endfacet
  facet normal -0.0673473 -0.85582 0.512871
    outer loop
      vertex -7.09999 -8.99998 0.41
      vertex -5.39722 -6.97659 4.01
      vertex -7.39722 -8.97659 0.41
    endloop
  endfacet
  facet normal -0.0673473 -0.85582 0.512871
    outer loop
      vertex -5.39722 -6.97659 4.01
      vertex -7.09999 -8.99998 0.41
      vertex -5.09999 -6.99998 4.01
    endloop
  endfacet
  facet normal -0.370435 -0.604578 0.705169
    outer loop
      vertex -5.90882 -6.2507 4.5031
      vertex -5.96257 -6.79291 4.01
      vertex -5.77235 -6.31036 4.52364
    endloop
  endfacet
  facet normal -0.370477 -0.604564 0.705159
    outer loop
      vertex -5.96257 -6.79291 4.01
      vertex -5.90882 -6.2507 4.5031
      vertex -6.21678 -6.63713 4.01
    endloop
  endfacet
  facet normal -0.606462 -0.37164 -0.702914
    outer loop
      vertex -8.63713 -8.21678 0.4
      vertex -8.79291 -7.96257 0.4
      vertex -8.3472 -7.93335 0
    endloop
  endfacet
  facet normal -0.706023 -0.0555593 -0.706006
    outer loop
      vertex -8.97659 -7.39722 0.4
      vertex -8.99998 -7.09999 0.4
      vertex -8.59999 -7.09999 0
    endloop
  endfacet
  facet normal -0.693223 -0.11568 0.711379
    outer loop
      vertex -6.7651 -5.33285 4.22656
      vertex -6.97659 -5.39722 4.01
      vertex -6.73717 -5.39605 4.2435
    endloop
  endfacet
  facet normal -0.923886 -0.382669 0
    outer loop
      vertex -8.79291 -7.96257 0.4
      vertex -8.907 -7.68712 0.41
      vertex -8.907 -7.68712 0.4
    endloop
  endfacet
  facet normal -0.923886 -0.382669 0
    outer loop
      vertex -8.907 -7.68712 0.41
      vertex -8.79291 -7.96257 0.4
      vertex -8.79291 -7.96257 0.41
    endloop
  endfacet
  facet normal 0.0689663 0.700264 -0.710545
    outer loop
      vertex 7.39262 8.57117 0
      vertex 7.09999 8.59999 0
      vertex 7.39722 8.97659 0.4
    endloop
  endfacet
  facet normal 0.689579 -0.165544 0.705037
    outer loop
      vertex 6.67815 -5.51275 4.27477
      vertex 6.97659 -5.39722 4.01
      vertex 6.74652 -5.37974 4.23913
    endloop
  endfacet
  facet normal 0.689577 -0.165532 0.705041
    outer loop
      vertex 6.97659 -5.39722 4.01
      vertex 6.67815 -5.51275 4.27477
      vertex 6.907 -5.68712 4.01
    endloop
  endfacet
  facet normal 0.689539 -0.165611 0.705059
    outer loop
      vertex 6.907 -5.68712 4.01
      vertex 6.67815 -5.51275 4.27477
      vertex 6.63967 -5.58237 4.29605
    endloop
  endfacet
  facet normal 0.706036 0.0555892 0.705991
    outer loop
      vertex 6.99998 5.09999 4.01
      vertex 6.7651 5.33285 4.22656
      vertex 6.84582 5.09999 4.16417
    endloop
  endfacet
  facet normal 0.706022 0.0555592 0.706007
    outer loop
      vertex 6.7651 5.33285 4.22656
      vertex 6.99998 5.09999 4.01
      vertex 6.97659 5.39722 4.01
    endloop
  endfacet
  facet normal -0.334589 0.618253 0.711205
    outer loop
      vertex -5.66197 6.3493 4.53705
      vertex -5.96257 6.79291 4.01
      vertex -5.80522 6.29377 4.51793
    endloop
  endfacet
  facet normal -0.415199 -0.677543 0.607079
    outer loop
      vertex -7.96257 -8.79291 0.41
      vertex -6.21678 -6.63713 4.01
      vertex -8.21678 -8.63713 0.41
    endloop
  endfacet
  facet normal -0.415199 -0.677543 0.607079
    outer loop
      vertex -6.21678 -6.63713 4.01
      vertex -7.96257 -8.79291 0.41
      vertex -5.96257 -6.79291 4.01
    endloop
  endfacet
  facet normal -0.670882 0.203513 -0.713092
    outer loop
      vertex -8.57117 7.39262 0
      vertex -8.907 7.68712 0.4
      vertex -8.48581 7.67401 0
    endloop
  endfacet
  facet normal -0.543891 -0.446427 -0.710553
    outer loop
      vertex -8.16064 -8.16064 0
      vertex -8.63713 -8.21678 0.4
      vertex -8.3472 -7.93335 0
    endloop
  endfacet
  facet normal -0.649434 0.760418 0
    outer loop
      vertex -8.21678 8.63713 0.4
      vertex -8.4435 8.4435 0.41
      vertex -8.21678 8.63713 0.41
    endloop
  endfacet
  facet normal -0.649434 0.760418 0
    outer loop
      vertex -8.4435 8.4435 0.41
      vertex -8.21678 8.63713 0.4
      vertex -8.4435 8.4435 0.4
    endloop
  endfacet
  facet normal -0.85264 0.522498 0
    outer loop
      vertex -8.79291 7.96257 0.4
      vertex -8.63713 8.21678 0.41
      vertex -8.63713 8.21678 0.4
    endloop
  endfacet
  facet normal -0.85264 0.522498 0
    outer loop
      vertex -8.63713 8.21678 0.41
      vertex -8.79291 7.96257 0.4
      vertex -8.79291 7.96257 0.41
    endloop
  endfacet
  facet normal 0 -1 0
    outer loop
      vertex -7.09999 -8.99998 0.4
      vertex 7.09999 -8.99998 0.41
      vertex -7.09999 -8.99998 0.41
    endloop
  endfacet
  facet normal 0 -1 -0
    outer loop
      vertex 7.09999 -8.99998 0.41
      vertex -7.09999 -8.99998 0.4
      vertex 7.09999 -8.99998 0.4
    endloop
  endfacet
  facet normal -0.330463 0.618297 -0.713094
    outer loop
      vertex -7.93335 8.3472 0
      vertex -7.96257 8.79291 0.4
      vertex -7.67401 8.48581 0
    endloop
  endfacet
  facet normal 0.369535 -0.602961 0.707023
    outer loop
      vertex 5.80522 -6.29377 4.51793
      vertex 6.21678 -6.63713 4.01
      vertex 5.9419 -6.2341 4.49738
    endloop
  endfacet
  facet normal 0.369509 -0.602984 0.707018
    outer loop
      vertex 6.21678 -6.63713 4.01
      vertex 5.80522 -6.29377 4.51793
      vertex 5.96257 -6.79291 4.01
    endloop
  endfacet
  facet normal 0.511273 -0.598646 0.616622
    outer loop
      vertex 6.4435 -6.4435 4.01
      vertex 8.21678 -8.63713 0.41
      vertex 8.4435 -8.4435 0.41
    endloop
  endfacet
  facet normal 0.511273 -0.598646 0.616622
    outer loop
      vertex 8.21678 -8.63713 0.41
      vertex 6.4435 -6.4435 4.01
      vertex 6.21678 -6.63713 4.01
    endloop
  endfacet
  facet normal 0.0555929 -0.706013 0.706013
    outer loop
      vertex 5.09999 -6.99998 4.01
      vertex 5.23194 -6.43354 4.56605
      vertex 5.09999 -6.44127 4.56871
    endloop
  endfacet
  facet normal 0.0555583 -0.706011 0.706019
    outer loop
      vertex 5.23194 -6.43354 4.56605
      vertex 5.09999 -6.99998 4.01
      vertex 5.39722 -6.97659 4.01
    endloop
  endfacet
  facet normal -0.511273 0.598646 0.616622
    outer loop
      vertex -8.21678 8.63713 0.41
      vertex -6.4435 6.4435 4.01
      vertex -6.21678 6.63713 4.01
    endloop
  endfacet
  facet normal -0.511273 0.598646 0.616622
    outer loop
      vertex -6.4435 6.4435 4.01
      vertex -8.21678 8.63713 0.41
      vertex -8.4435 8.4435 0.41
    endloop
  endfacet
  facet normal 0.0689663 -0.700264 -0.710545
    outer loop
      vertex 7.39722 -8.97659 0.4
      vertex 7.09999 -8.59999 0
      vertex 7.39262 -8.57117 0
    endloop
  endfacet
  facet normal -0.699644 0.0871237 0.70916
    outer loop
      vertex -6.74652 5.37974 4.23913
      vertex -6.97659 5.39722 4.01
      vertex -6.7651 5.33285 4.22656
    endloop
  endfacet
  facet normal -1 0 0
    outer loop
      vertex -8.99998 -7.09999 0.4
      vertex -8.99998 7.09999 0.41
      vertex -8.99998 7.09999 0.4
    endloop
  endfacet
  facet normal -1 -0 0
    outer loop
      vertex -8.99998 7.09999 0.41
      vertex -8.99998 -7.09999 0.4
      vertex -8.99998 -7.09999 0.41
    endloop
  endfacet
  facet normal 0.271147 -0.654635 0.705643
    outer loop
      vertex 5.66197 -6.3493 4.53705
      vertex 5.68712 -6.907 4.01
      vertex 5.96257 -6.79291 4.01
    endloop
  endfacet
  facet normal 0.271153 -0.654634 0.705642
    outer loop
      vertex 5.68712 -6.907 4.01
      vertex 5.66197 -6.3493 4.53705
      vertex 5.52757 -6.3899 4.55103
    endloop
  endfacet
  facet normal -0.61827 -0.334555 0.711207
    outer loop
      vertex -6.50458 -5.76719 4.35256
      vertex -6.79291 -5.96257 4.01
      vertex -6.43178 -5.84873 4.37749
    endloop
  endfacet
  facet normal -0.972377 -0.233417 0
    outer loop
      vertex -8.907 -7.68712 0.4
      vertex -8.97659 -7.39722 0.41
      vertex -8.97659 -7.39722 0.4
    endloop
  endfacet
  facet normal -0.972377 -0.233417 0
    outer loop
      vertex -8.97659 -7.39722 0.41
      vertex -8.907 -7.68712 0.4
      vertex -8.907 -7.68712 0.41
    endloop
  endfacet
  facet normal 0.460352 -0.539023 0.705359
    outer loop
      vertex 6.0796 -6.15205 4.47022
      vertex 6.21678 -6.63713 4.01
      vertex 6.4435 -6.4435 4.01
    endloop
  endfacet
  facet normal 0.460266 -0.539067 0.70538
    outer loop
      vertex 6.03321 -6.18034 4.47887
      vertex 6.21678 -6.63713 4.01
      vertex 6.0796 -6.15205 4.47022
    endloop
  endfacet
  facet normal 0.460344 -0.53902 0.705365
    outer loop
      vertex 6.21678 -6.63713 4.01
      vertex 6.03321 -6.18034 4.47887
      vertex 5.9419 -6.2341 4.49738
    endloop
  endfacet
  facet normal -0.282769 -0.644601 0.710304
    outer loop
      vertex -5.77235 -6.31036 4.52364
      vertex -5.96257 -6.79291 4.01
      vertex -5.62246 -6.35803 4.54005
    endloop
  endfacet
  facet normal 0.996918 -0.0784507 0
    outer loop
      vertex 8.97659 -7.39722 0.41
      vertex 8.99998 -7.09999 0.4
      vertex 8.99998 -7.09999 0.41
    endloop
  endfacet
  facet normal 0.996918 -0.0784507 0
    outer loop
      vertex 8.99998 -7.09999 0.4
      vertex 8.97659 -7.39722 0.41
      vertex 8.97659 -7.39722 0.4
    endloop
  endfacet
  facet normal -0.654632 -0.271145 0.705647
    outer loop
      vertex -6.62813 -5.60108 4.30177
      vertex -6.79291 -5.96257 4.01
      vertex -6.50458 -5.76719 4.35256
    endloop
  endfacet
  facet normal -0.654632 -0.271145 0.705647
    outer loop
      vertex -6.79291 -5.96257 4.01
      vertex -6.62813 -5.60108 4.30177
      vertex -6.907 -5.68712 4.01
    endloop
  endfacet
  facet normal 0.649434 -0.760418 0
    outer loop
      vertex 8.21678 -8.63713 0.4
      vertex 8.4435 -8.4435 0.41
      vertex 8.21678 -8.63713 0.41
    endloop
  endfacet
  facet normal 0.649434 -0.760418 0
    outer loop
      vertex 8.4435 -8.4435 0.41
      vertex 8.21678 -8.63713 0.4
      vertex 8.4435 -8.4435 0.4
    endloop
  endfacet
  facet normal 0.644611 -0.282761 0.710298
    outer loop
      vertex 6.51698 -5.74677 4.34632
      vertex 6.45341 -5.82874 4.37138
      vertex 6.79291 -5.96257 4.01
    endloop
  endfacet
  facet normal 0.69163 -0.166025 -0.702911
    outer loop
      vertex 8.907 -7.68712 0.4
      vertex 8.57117 -7.39262 0
      vertex 8.97659 -7.39722 0.4
    endloop
  endfacet
  facet normal 0.700264 0.0689663 -0.710545
    outer loop
      vertex 8.59999 7.09999 0
      vertex 8.57117 7.39262 0
      vertex 8.97659 7.39722 0.4
    endloop
  endfacet
  facet normal 0 0.874157 0.485643
    outer loop
      vertex 7.09999 8.99998 0.41
      vertex -5.09999 6.99998 4.01
      vertex 5.09999 6.99998 4.01
    endloop
  endfacet
  facet normal 0 0.874157 0.485643
    outer loop
      vertex -5.09999 6.99998 4.01
      vertex 7.09999 8.99998 0.41
      vertex -7.09999 8.99998 0.41
    endloop
  endfacet
  facet normal 0.699644 -0.0871237 0.70916
    outer loop
      vertex 6.7651 -5.33285 4.22656
      vertex 6.74652 -5.37974 4.23913
      vertex 6.97659 -5.39722 4.01
    endloop
  endfacet
  facet normal 1 -0 0
    outer loop
      vertex 8.99998 -7.09999 0.41
      vertex 8.99998 7.09999 0.4
      vertex 8.99998 7.09999 0.41
    endloop
  endfacet
  facet normal 1 0 0
    outer loop
      vertex 8.99998 7.09999 0.4
      vertex 8.99998 -7.09999 0.41
      vertex 8.99998 -7.09999 0.4
    endloop
  endfacet
  facet normal 0.537276 -0.458876 0.707649
    outer loop
      vertex 6.1863 -6.07245 4.44588
      vertex 6.63713 -6.21678 4.01
      vertex 6.32126 -5.96506 4.41305
    endloop
  endfacet
  facet normal 0.537282 -0.458865 0.707651
    outer loop
      vertex 6.63713 -6.21678 4.01
      vertex 6.1863 -6.07245 4.44588
      vertex 6.4435 -6.4435 4.01
    endloop
  endfacet
  facet normal 0.446427 -0.543891 -0.710553
    outer loop
      vertex 8.21678 -8.63713 0.4
      vertex 7.93335 -8.3472 0
      vertex 8.16064 -8.16064 0
    endloop
  endfacet
  facet normal -0.670882 -0.203513 -0.713092
    outer loop
      vertex -8.48581 -7.67401 0
      vertex -8.907 -7.68712 0.4
      vertex -8.57117 -7.39262 0
    endloop
  endfacet
  facet normal -0.598646 0.511273 0.616622
    outer loop
      vertex -8.63713 8.21678 0.41
      vertex -6.4435 6.4435 4.01
      vertex -8.4435 8.4435 0.41
    endloop
  endfacet
  facet normal -0.598646 0.511273 0.616622
    outer loop
      vertex -6.4435 6.4435 4.01
      vertex -8.63713 8.21678 0.41
      vertex -6.63713 6.21678 4.01
    endloop
  endfacet
  facet normal -0.369509 0.602984 0.707018
    outer loop
      vertex -6.21678 6.63713 4.01
      vertex -5.80522 6.29377 4.51793
      vertex -5.96257 6.79291 4.01
    endloop
  endfacet
  facet normal -0.369535 0.602961 0.707023
    outer loop
      vertex -5.80522 6.29377 4.51793
      vertex -6.21678 6.63713 4.01
      vertex -5.9419 6.2341 4.49738
    endloop
  endfacet
  facet normal -0.707116 0 -0.707098
    outer loop
      vertex -8.59999 -7.09999 0
      vertex -8.99998 7.09999 0.4
      vertex -8.59999 7.09999 0
    endloop
  endfacet
  facet normal -0.707116 -0 -0.707098
    outer loop
      vertex -8.99998 7.09999 0.4
      vertex -8.59999 -7.09999 0
      vertex -8.99998 -7.09999 0.4
    endloop
  endfacet
  facet normal -0.706023 0.0555593 -0.706006
    outer loop
      vertex -8.59999 7.09999 0
      vertex -8.99998 7.09999 0.4
      vertex -8.97659 7.39722 0.4
    endloop
  endfacet
  facet normal -0.0784507 0.996918 0
    outer loop
      vertex -7.09999 8.99998 0.4
      vertex -7.39722 8.97659 0.41
      vertex -7.09999 8.99998 0.41
    endloop
  endfacet
  facet normal -0.0784507 0.996918 0
    outer loop
      vertex -7.39722 8.97659 0.41
      vertex -7.09999 8.99998 0.4
      vertex -7.39722 8.97659 0.4
    endloop
  endfacet
  facet normal -0.0555593 0.706023 -0.706006
    outer loop
      vertex -7.09999 8.59999 0
      vertex -7.39722 8.97659 0.4
      vertex -7.09999 8.99998 0.4
    endloop
  endfacet
  facet normal -0.460344 0.53902 0.705365
    outer loop
      vertex -6.21678 6.63713 4.01
      vertex -6.03321 6.18034 4.47887
      vertex -5.9419 6.2341 4.49738
    endloop
  endfacet
  facet normal -0.460266 0.539067 0.70538
    outer loop
      vertex -6.21678 6.63713 4.01
      vertex -6.0796 6.15205 4.47022
      vertex -6.03321 6.18034 4.47887
    endloop
  endfacet
  facet normal -0.460352 0.539023 0.705359
    outer loop
      vertex -6.0796 6.15205 4.47022
      vertex -6.21678 6.63713 4.01
      vertex -6.4435 6.4435 4.01
    endloop
  endfacet
  facet normal -0.272574 0.658082 -0.701877
    outer loop
      vertex -7.67401 8.48581 0
      vertex -7.96257 8.79291 0.4
      vertex -7.68712 8.907 0.4
    endloop
  endfacet
  facet normal 0.165238 -0.688182 0.706472
    outer loop
      vertex 5.39448 -6.41351 4.55916
      vertex 5.68712 -6.907 4.01
      vertex 5.52757 -6.3899 4.55103
    endloop
  endfacet
  facet normal 0.165201 -0.688197 0.706466
    outer loop
      vertex 5.68712 -6.907 4.01
      vertex 5.39448 -6.41351 4.55916
      vertex 5.39722 -6.97659 4.01
    endloop
  endfacet
  facet normal 0.115583 -0.693235 0.711383
    outer loop
      vertex 5.39448 -6.41351 4.55916
      vertex 5.23194 -6.43354 4.56605
      vertex 5.39722 -6.97659 4.01
    endloop
  endfacet
  facet normal -0.459914 -0.53851 -0.706036
    outer loop
      vertex -8.21678 -8.63713 0.4
      vertex -8.4435 -8.4435 0.4
      vertex -8.16064 -8.16064 0
    endloop
  endfacet
  facet normal -0.649434 -0.760418 0
    outer loop
      vertex -8.4435 -8.4435 0.4
      vertex -8.21678 -8.63713 0.41
      vertex -8.4435 -8.4435 0.41
    endloop
  endfacet
  facet normal -0.649434 -0.760418 -0
    outer loop
      vertex -8.21678 -8.63713 0.41
      vertex -8.4435 -8.4435 0.4
      vertex -8.21678 -8.63713 0.4
    endloop
  endfacet
  facet normal -0.677543 -0.415199 0.607079
    outer loop
      vertex -8.79291 -7.96257 0.41
      vertex -6.63713 -6.21678 4.01
      vertex -6.79291 -5.96257 4.01
    endloop
  endfacet
  facet normal -0.677543 -0.415199 0.607079
    outer loop
      vertex -6.63713 -6.21678 4.01
      vertex -8.79291 -7.96257 0.41
      vertex -8.63713 -8.21678 0.41
    endloop
  endfacet
  facet normal -0.74768 -0.309685 0.587426
    outer loop
      vertex -8.907 -7.68712 0.41
      vertex -6.79291 -5.96257 4.01
      vertex -6.907 -5.68712 4.01
    endloop
  endfacet
  facet normal -0.74768 -0.309685 0.587426
    outer loop
      vertex -6.79291 -5.96257 4.01
      vertex -8.907 -7.68712 0.41
      vertex -8.79291 -7.96257 0.41
    endloop
  endfacet
  facet normal 0.0673473 -0.85582 0.512871
    outer loop
      vertex 7.09999 -8.99998 0.41
      vertex 5.39722 -6.97659 4.01
      vertex 5.09999 -6.99998 4.01
    endloop
  endfacet
  facet normal 0.0673473 -0.85582 0.512871
    outer loop
      vertex 5.39722 -6.97659 4.01
      vertex 7.09999 -8.99998 0.41
      vertex 7.39722 -8.97659 0.41
    endloop
  endfacet
  facet normal 0.330463 -0.618297 -0.713094
    outer loop
      vertex 7.96257 -8.79291 0.4
      vertex 7.67401 -8.48581 0
      vertex 7.93335 -8.3472 0
    endloop
  endfacet
  facet normal 0 -0.874157 0.485643
    outer loop
      vertex -7.09999 -8.99998 0.41
      vertex 5.09999 -6.99998 4.01
      vertex -5.09999 -6.99998 4.01
    endloop
  endfacet
  facet normal 0 -0.874157 0.485643
    outer loop
      vertex 5.09999 -6.99998 4.01
      vertex -7.09999 -8.99998 0.41
      vertex 7.09999 -8.99998 0.41
    endloop
  endfacet
  facet normal 0.458864 0.53728 0.707654
    outer loop
      vertex 6.21678 6.63713 4.01
      vertex 6.04734 6.1689 4.47537
      vertex 6.4435 6.4435 4.01
    endloop
  endfacet
  facet normal 0.459087 0.537153 0.707606
    outer loop
      vertex 6.21678 6.63713 4.01
      vertex 6.02856 6.18034 4.47887
      vertex 6.04734 6.1689 4.47537
    endloop
  endfacet
  facet normal 0.458897 0.537268 0.707642
    outer loop
      vertex 6.02856 6.18034 4.47887
      vertex 6.21678 6.63713 4.01
      vertex 5.90882 6.2507 4.5031
    endloop
  endfacet
  facet normal -0.458897 -0.537268 0.707642
    outer loop
      vertex -6.02856 -6.18034 4.47887
      vertex -6.21678 -6.63713 4.01
      vertex -5.90882 -6.2507 4.5031
    endloop
  endfacet
  facet normal -0.459087 -0.537153 0.707606
    outer loop
      vertex -6.04734 -6.1689 4.47537
      vertex -6.21678 -6.63713 4.01
      vertex -6.02856 -6.18034 4.47887
    endloop
  endfacet
  facet normal -0.458864 -0.53728 0.707654
    outer loop
      vertex -6.21678 -6.63713 4.01
      vertex -6.04734 -6.1689 4.47537
      vertex -6.4435 -6.4435 4.01
    endloop
  endfacet
  facet normal -0.53851 -0.459914 -0.706036
    outer loop
      vertex -8.4435 -8.4435 0.4
      vertex -8.63713 -8.21678 0.4
      vertex -8.16064 -8.16064 0
    endloop
  endfacet
  facet normal -0.689539 0.165611 0.705059
    outer loop
      vertex -6.907 5.68712 4.01
      vertex -6.67815 5.51275 4.27477
      vertex -6.63967 5.58237 4.29605
    endloop
  endfacet
  facet normal -0.689577 0.165532 0.705041
    outer loop
      vertex -6.97659 5.39722 4.01
      vertex -6.67815 5.51275 4.27477
      vertex -6.907 5.68712 4.01
    endloop
  endfacet
  facet normal -0.689579 0.165544 0.705037
    outer loop
      vertex -6.67815 5.51275 4.27477
      vertex -6.97659 5.39722 4.01
      vertex -6.74652 5.37974 4.23913
    endloop
  endfacet
  facet normal -0.923886 0.382669 0
    outer loop
      vertex -8.907 7.68712 0.4
      vertex -8.79291 7.96257 0.41
      vertex -8.79291 7.96257 0.4
    endloop
  endfacet
  facet normal -0.923886 0.382669 0
    outer loop
      vertex -8.79291 7.96257 0.41
      vertex -8.907 7.68712 0.4
      vertex -8.907 7.68712 0.41
    endloop
  endfacet
  facet normal 0.193926 0.807864 0.55655
    outer loop
      vertex 7.39722 8.97659 0.41
      vertex 5.68712 6.907 4.01
      vertex 7.68712 8.907 0.41
    endloop
  endfacet
  facet normal 0.193926 0.807864 0.55655
    outer loop
      vertex 5.68712 6.907 4.01
      vertex 7.39722 8.97659 0.41
      vertex 5.39722 6.97659 4.01
    endloop
  endfacet
  facet normal 0.700264 -0.0689663 -0.710545
    outer loop
      vertex 8.97659 -7.39722 0.4
      vertex 8.57117 -7.39262 0
      vertex 8.59999 -7.09999 0
    endloop
  endfacet
  facet normal -0.74768 0.309685 0.587426
    outer loop
      vertex -8.907 7.68712 0.41
      vertex -6.79291 5.96257 4.01
      vertex -8.79291 7.96257 0.41
    endloop
  endfacet
  facet normal -0.74768 0.309685 0.587426
    outer loop
      vertex -6.79291 5.96257 4.01
      vertex -8.907 7.68712 0.41
      vertex -6.907 5.68712 4.01
    endloop
  endfacet
  facet normal 0.604564 -0.370477 0.705159
    outer loop
      vertex 6.45341 -5.82874 4.37138
      vertex 6.63713 -6.21678 4.01
      vertex 6.79291 -5.96257 4.01
    endloop
  endfacet
  facet normal 0.604542 -0.370495 0.705168
    outer loop
      vertex 6.63713 -6.21678 4.01
      vertex 6.45341 -5.82874 4.37138
      vertex 6.32126 -5.96506 4.41305
    endloop
  endfacet
  facet normal 0.670882 0.203513 -0.713092
    outer loop
      vertex 8.57117 7.39262 0
      vertex 8.48581 7.67401 0
      vertex 8.907 7.68712 0.4
    endloop
  endfacet
  facet normal 0.606462 0.37164 -0.702914
    outer loop
      vertex 8.79291 7.96257 0.4
      vertex 8.3472 7.93335 0
      vertex 8.63713 8.21678 0.4
    endloop
  endfacet
  facet normal -0.193926 0.807864 0.55655
    outer loop
      vertex -7.39722 8.97659 0.41
      vertex -5.68712 6.907 4.01
      vertex -5.39722 6.97659 4.01
    endloop
  endfacet
  facet normal -0.193926 0.807864 0.55655
    outer loop
      vertex -5.68712 6.907 4.01
      vertex -7.39722 8.97659 0.41
      vertex -7.68712 8.907 0.41
    endloop
  endfacet
  facet normal 0.370477 0.604564 0.705159
    outer loop
      vertex 5.96257 6.79291 4.01
      vertex 5.90882 6.2507 4.5031
      vertex 6.21678 6.63713 4.01
    endloop
  endfacet
  facet normal 0.370435 0.604578 0.705169
    outer loop
      vertex 5.90882 6.2507 4.5031
      vertex 5.96257 6.79291 4.01
      vertex 5.77235 6.31036 4.52364
    endloop
  endfacet
  facet normal 0.874146 0 0.485663
    outer loop
      vertex 7.04051 4.15823 3.93705
      vertex 6.99998 5.09999 4.01
      vertex 6.99998 4.47422 4.01
    endloop
  endfacet
  facet normal 0.874157 1.9776e-06 0.485644
    outer loop
      vertex 6.99998 5.09999 4.01
      vertex 7.04051 4.15823 3.93705
      vertex 8.99998 7.09999 0.41
    endloop
  endfacet
  facet normal 0.874156 4.97065e-06 0.485646
    outer loop
      vertex 7.11452 3.47296 3.80384
      vertex 8.99998 7.09999 0.41
      vertex 7.04051 4.15823 3.93705
    endloop
  endfacet
  facet normal 0.874156 3.84688e-06 0.485645
    outer loop
      vertex 7.17519 2.78346 3.69464
      vertex 8.99998 7.09999 0.41
      vertex 7.11452 3.47296 3.80384
    endloop
  endfacet
  facet normal 0.874162 -6.96077e-06 0.485634
    outer loop
      vertex 7.22245 2.09057 3.60956
      vertex 8.99998 7.09999 0.41
      vertex 7.17519 2.78346 3.69464
    endloop
  endfacet
  facet normal 0.874158 7.00743e-08 0.485642
    outer loop
      vertex 7.25625 1.39513 3.54872
      vertex 8.99998 7.09999 0.41
      vertex 7.22245 2.09057 3.60956
    endloop
  endfacet
  facet normal 0.874158 4.44267e-08 0.485642
    outer loop
      vertex 7.27655 0.697989 3.51218
      vertex 8.99998 7.09999 0.41
      vertex 7.25625 1.39513 3.54872
    endloop
  endfacet
  facet normal 0.874154 4.04534e-06 0.485649
    outer loop
      vertex 7.28332 0 3.5
      vertex 8.99998 7.09999 0.41
      vertex 7.27655 0.697989 3.51218
    endloop
  endfacet
  facet normal 0.874154 -4.04534e-06 0.485649
    outer loop
      vertex 8.99998 -7.09999 0.41
      vertex 7.28332 0 3.5
      vertex 7.27655 -0.697989 3.51218
    endloop
  endfacet
  facet normal 0.874158 -4.44267e-08 0.485642
    outer loop
      vertex 8.99998 -7.09999 0.41
      vertex 7.27655 -0.697989 3.51218
      vertex 7.25625 -1.39513 3.54872
    endloop
  endfacet
  facet normal 0.874158 -7.00743e-08 0.485642
    outer loop
      vertex 8.99998 -7.09999 0.41
      vertex 7.25625 -1.39513 3.54872
      vertex 7.22245 -2.09057 3.60956
    endloop
  endfacet
  facet normal 0.874162 6.96077e-06 0.485634
    outer loop
      vertex 8.99998 -7.09999 0.41
      vertex 7.22245 -2.09057 3.60956
      vertex 7.17519 -2.78346 3.69464
    endloop
  endfacet
  facet normal 0.874156 -3.84688e-06 0.485645
    outer loop
      vertex 8.99998 -7.09999 0.41
      vertex 7.17519 -2.78346 3.69464
      vertex 7.11452 -3.47296 3.80384
    endloop
  endfacet
  facet normal 0.874156 -4.97065e-06 0.485646
    outer loop
      vertex 8.99998 -7.09999 0.41
      vertex 7.11452 -3.47296 3.80384
      vertex 7.04051 -4.15823 3.93705
    endloop
  endfacet
  facet normal 0.874146 -0 0.485663
    outer loop
      vertex 6.99998 -5.09999 4.01
      vertex 7.04051 -4.15823 3.93705
      vertex 6.99998 -4.47422 4.01
    endloop
  endfacet
  facet normal 0.874157 -1.9776e-06 0.485644
    outer loop
      vertex 7.04051 -4.15823 3.93705
      vertex 6.99998 -5.09999 4.01
      vertex 8.99998 -7.09999 0.41
    endloop
  endfacet
  facet normal 0.874158 0 0.485641
    outer loop
      vertex 7.28332 0 3.5
      vertex 8.99998 -7.09999 0.41
      vertex 8.99998 7.09999 0.41
    endloop
  endfacet
  facet normal 0.330463 0.618297 -0.713094
    outer loop
      vertex 7.93335 8.3472 0
      vertex 7.67401 8.48581 0
      vertex 7.96257 8.79291 0.4
    endloop
  endfacet
  facet normal 0.517504 -0.476328 0.710846
    outer loop
      vertex 6.1863 -6.07245 4.44588
      vertex 6.0796 -6.15205 4.47022
      vertex 6.4435 -6.4435 4.01
    endloop
  endfacet
  facet normal 0.85264 -0.522498 0
    outer loop
      vertex 8.63713 -8.21678 0.41
      vertex 8.79291 -7.96257 0.4
      vertex 8.79291 -7.96257 0.41
    endloop
  endfacet
  facet normal 0.85264 -0.522498 0
    outer loop
      vertex 8.79291 -7.96257 0.4
      vertex 8.63713 -8.21678 0.41
      vertex 8.63713 -8.21678 0.4
    endloop
  endfacet
  facet normal -0.233417 -0.972377 0
    outer loop
      vertex -7.68712 -8.907 0.4
      vertex -7.39722 -8.97659 0.41
      vertex -7.68712 -8.907 0.41
    endloop
  endfacet
  facet normal -0.233417 -0.972377 -0
    outer loop
      vertex -7.39722 -8.97659 0.41
      vertex -7.68712 -8.907 0.4
      vertex -7.39722 -8.97659 0.4
    endloop
  endfacet
  facet normal 0.598646 -0.511273 0.616622
    outer loop
      vertex 6.4435 -6.4435 4.01
      vertex 8.63713 -8.21678 0.41
      vertex 6.63713 -6.21678 4.01
    endloop
  endfacet
  facet normal 0.598646 -0.511273 0.616622
    outer loop
      vertex 8.63713 -8.21678 0.41
      vertex 6.4435 -6.4435 4.01
      vertex 8.4435 -8.4435 0.41
    endloop
  endfacet
  facet normal -0.996918 0.0784507 0
    outer loop
      vertex -8.99998 7.09999 0.4
      vertex -8.97659 7.39722 0.41
      vertex -8.97659 7.39722 0.4
    endloop
  endfacet
  facet normal -0.996918 0.0784507 0
    outer loop
      vertex -8.97659 7.39722 0.41
      vertex -8.99998 7.09999 0.4
      vertex -8.99998 7.09999 0.41
    endloop
  endfacet
  facet normal -0.69163 0.166025 -0.702911
    outer loop
      vertex -8.57117 7.39262 0
      vertex -8.97659 7.39722 0.4
      vertex -8.907 7.68712 0.4
    endloop
  endfacet
  facet normal -0.166025 0.69163 -0.702911
    outer loop
      vertex -7.39262 8.57117 0
      vertex -7.68712 8.907 0.4
      vertex -7.39722 8.97659 0.4
    endloop
  endfacet
  facet normal -0.0689663 0.700264 -0.710545
    outer loop
      vertex -7.39262 8.57117 0
      vertex -7.39722 8.97659 0.4
      vertex -7.09999 8.59999 0
    endloop
  endfacet
  facet normal -0.760418 0.649434 0
    outer loop
      vertex -8.63713 8.21678 0.4
      vertex -8.4435 8.4435 0.41
      vertex -8.4435 8.4435 0.4
    endloop
  endfacet
  facet normal -0.760418 0.649434 0
    outer loop
      vertex -8.4435 8.4435 0.41
      vertex -8.63713 8.21678 0.4
      vertex -8.63713 8.21678 0.41
    endloop
  endfacet
  facet normal -0.537282 0.458865 0.707651
    outer loop
      vertex -6.63713 6.21678 4.01
      vertex -6.1863 6.07245 4.44588
      vertex -6.4435 6.4435 4.01
    endloop
  endfacet
  facet normal -0.537276 0.458876 0.707649
    outer loop
      vertex -6.1863 6.07245 4.44588
      vertex -6.63713 6.21678 4.01
      vertex -6.32126 5.96506 4.41305
    endloop
  endfacet
  facet normal -0.517504 0.476328 0.710846
    outer loop
      vertex -6.0796 6.15205 4.47022
      vertex -6.4435 6.4435 4.01
      vertex -6.1863 6.07245 4.44588
    endloop
  endfacet
  facet normal -0.688171 -0.165259 0.706478
    outer loop
      vertex -6.67706 -5.51275 4.27477
      vertex -6.907 -5.68712 4.01
      vertex -6.62813 -5.60108 4.30177
    endloop
  endfacet
  facet normal -0.688206 -0.165185 0.70646
    outer loop
      vertex -6.73717 -5.39605 4.2435
      vertex -6.907 -5.68712 4.01
      vertex -6.67706 -5.51275 4.27477
    endloop
  endfacet
  facet normal -0.688193 -0.1652 0.706469
    outer loop
      vertex -6.907 -5.68712 4.01
      vertex -6.73717 -5.39605 4.2435
      vertex -6.97659 -5.39722 4.01
    endloop
  endfacet
  facet normal 0.618297 0.330463 -0.713094
    outer loop
      vertex 8.48581 7.67401 0
      vertex 8.3472 7.93335 0
      vertex 8.79291 7.96257 0.4
    endloop
  endfacet
  facet normal 0.233417 -0.972377 0
    outer loop
      vertex 7.39722 -8.97659 0.4
      vertex 7.68712 -8.907 0.41
      vertex 7.39722 -8.97659 0.41
    endloop
  endfacet
  facet normal 0.233417 -0.972377 0
    outer loop
      vertex 7.68712 -8.907 0.41
      vertex 7.39722 -8.97659 0.4
      vertex 7.68712 -8.907 0.4
    endloop
  endfacet
  facet normal -0.446427 -0.543891 -0.710553
    outer loop
      vertex -7.93335 -8.3472 0
      vertex -8.21678 -8.63713 0.4
      vertex -8.16064 -8.16064 0
    endloop
  endfacet
  facet normal -0.658082 -0.272574 -0.701877
    outer loop
      vertex -8.79291 -7.96257 0.4
      vertex -8.907 -7.68712 0.4
      vertex -8.48581 -7.67401 0
    endloop
  endfacet
  facet normal 0.415199 0.677543 0.607079
    outer loop
      vertex 7.96257 8.79291 0.41
      vertex 6.21678 6.63713 4.01
      vertex 8.21678 8.63713 0.41
    endloop
  endfacet
  facet normal 0.415199 0.677543 0.607079
    outer loop
      vertex 6.21678 6.63713 4.01
      vertex 7.96257 8.79291 0.41
      vertex 5.96257 6.79291 4.01
    endloop
  endfacet
  facet normal -0.382669 -0.923886 0
    outer loop
      vertex -7.96257 -8.79291 0.4
      vertex -7.68712 -8.907 0.41
      vertex -7.96257 -8.79291 0.41
    endloop
  endfacet
  facet normal -0.382669 -0.923886 -0
    outer loop
      vertex -7.68712 -8.907 0.41
      vertex -7.96257 -8.79291 0.4
      vertex -7.68712 -8.907 0.4
    endloop
  endfacet
  facet normal -0.69163 -0.166025 -0.702911
    outer loop
      vertex -8.907 -7.68712 0.4
      vertex -8.97659 -7.39722 0.4
      vertex -8.57117 -7.39262 0
    endloop
  endfacet
  facet normal 0.446427 0.543891 -0.710553
    outer loop
      vertex 8.16064 8.16064 0
      vertex 7.93335 8.3472 0
      vertex 8.21678 8.63713 0.4
    endloop
  endfacet
  facet normal -0.270111 -0.652128 0.708356
    outer loop
      vertex -5.62246 -6.35803 4.54005
      vertex -5.68712 -6.907 4.01
      vertex -5.4879 -6.39859 4.55402
    endloop
  endfacet
  facet normal -0.270109 -0.652129 0.708357
    outer loop
      vertex -5.68712 -6.907 4.01
      vertex -5.62246 -6.35803 4.54005
      vertex -5.96257 -6.79291 4.01
    endloop
  endfacet
  facet normal 0.459914 0.53851 -0.706036
    outer loop
      vertex 8.4435 8.4435 0.4
      vertex 8.16064 8.16064 0
      vertex 8.21678 8.63713 0.4
    endloop
  endfacet
  facet normal 0.606462 -0.37164 -0.702914
    outer loop
      vertex 8.63713 -8.21678 0.4
      vertex 8.3472 -7.93335 0
      vertex 8.79291 -7.96257 0.4
    endloop
  endfacet
  facet normal 0.270109 0.652129 0.708357
    outer loop
      vertex 5.68712 6.907 4.01
      vertex 5.62246 6.35803 4.54005
      vertex 5.96257 6.79291 4.01
    endloop
  endfacet
  facet normal 0.270111 0.652128 0.708356
    outer loop
      vertex 5.62246 6.35803 4.54005
      vertex 5.68712 6.907 4.01
      vertex 5.4879 6.39859 4.55402
    endloop
  endfacet
  facet normal 0.85264 0.522498 0
    outer loop
      vertex 8.79291 7.96257 0.41
      vertex 8.63713 8.21678 0.4
      vertex 8.63713 8.21678 0.41
    endloop
  endfacet
  facet normal 0.85264 0.522498 0
    outer loop
      vertex 8.63713 8.21678 0.4
      vertex 8.79291 7.96257 0.41
      vertex 8.79291 7.96257 0.4
    endloop
  endfacet
  facet normal -0.115583 0.693235 0.711383
    outer loop
      vertex -5.23194 6.43354 4.56605
      vertex -5.39722 6.97659 4.01
      vertex -5.39448 6.41351 4.55916
    endloop
  endfacet
  facet normal -0.165201 0.688197 0.706466
    outer loop
      vertex -5.68712 6.907 4.01
      vertex -5.39448 6.41351 4.55916
      vertex -5.39722 6.97659 4.01
    endloop
  endfacet
  facet normal -0.165238 0.688182 0.706472
    outer loop
      vertex -5.39448 6.41351 4.55916
      vertex -5.68712 6.907 4.01
      vertex -5.52757 6.3899 4.55103
    endloop
  endfacet
  facet normal 0.0784507 0.996918 -0
    outer loop
      vertex 7.39722 8.97659 0.4
      vertex 7.09999 8.99998 0.41
      vertex 7.39722 8.97659 0.41
    endloop
  endfacet
  facet normal 0.0784507 0.996918 0
    outer loop
      vertex 7.09999 8.99998 0.41
      vertex 7.39722 8.97659 0.4
      vertex 7.09999 8.99998 0.4
    endloop
  endfacet
  facet normal 0.166025 0.69163 -0.702911
    outer loop
      vertex 7.68712 8.907 0.4
      vertex 7.39262 8.57117 0
      vertex 7.39722 8.97659 0.4
    endloop
  endfacet
  facet normal 0.688193 0.1652 0.706469
    outer loop
      vertex 6.907 5.68712 4.01
      vertex 6.73717 5.39605 4.2435
      vertex 6.97659 5.39722 4.01
    endloop
  endfacet
  facet normal 0.688206 0.165185 0.70646
    outer loop
      vertex 6.907 5.68712 4.01
      vertex 6.67706 5.51275 4.27477
      vertex 6.73717 5.39605 4.2435
    endloop
  endfacet
  facet normal 0.688171 0.165259 0.706478
    outer loop
      vertex 6.67706 5.51275 4.27477
      vertex 6.907 5.68712 4.01
      vertex 6.62813 5.60108 4.30177
    endloop
  endfacet
  facet normal 0.693223 0.11568 0.711379
    outer loop
      vertex 6.97659 5.39722 4.01
      vertex 6.73717 5.39605 4.2435
      vertex 6.7651 5.33285 4.22656
    endloop
  endfacet
  facet normal 0.706023 0.0555593 -0.706006
    outer loop
      vertex 8.99998 7.09999 0.4
      vertex 8.59999 7.09999 0
      vertex 8.97659 7.39722 0.4
    endloop
  endfacet
  facet normal 0.996918 0.0784507 0
    outer loop
      vertex 8.99998 7.09999 0.41
      vertex 8.97659 7.39722 0.4
      vertex 8.97659 7.39722 0.41
    endloop
  endfacet
  facet normal 0.996918 0.0784507 0
    outer loop
      vertex 8.97659 7.39722 0.4
      vertex 8.99998 7.09999 0.41
      vertex 8.99998 7.09999 0.4
    endloop
  endfacet
  facet normal 0.61827 0.334555 0.711207
    outer loop
      vertex 6.79291 5.96257 4.01
      vertex 6.43178 5.84873 4.37749
      vertex 6.50458 5.76719 4.35256
    endloop
  endfacet
  facet normal 0.69163 0.166025 -0.702911
    outer loop
      vertex 8.97659 7.39722 0.4
      vertex 8.57117 7.39262 0
      vertex 8.907 7.68712 0.4
    endloop
  endfacet
  facet normal 0.37164 -0.606462 -0.702914
    outer loop
      vertex 7.96257 -8.79291 0.4
      vertex 7.93335 -8.3472 0
      vertex 8.21678 -8.63713 0.4
    endloop
  endfacet
  facet normal 0.760418 -0.649434 0
    outer loop
      vertex 8.4435 -8.4435 0.41
      vertex 8.63713 -8.21678 0.4
      vertex 8.63713 -8.21678 0.41
    endloop
  endfacet
  facet normal 0.760418 -0.649434 0
    outer loop
      vertex 8.63713 -8.21678 0.4
      vertex 8.4435 -8.4435 0.41
      vertex 8.4435 -8.4435 0.4
    endloop
  endfacet
  facet normal 0.459914 -0.53851 -0.706036
    outer loop
      vertex 8.21678 -8.63713 0.4
      vertex 8.16064 -8.16064 0
      vertex 8.4435 -8.4435 0.4
    endloop
  endfacet
  facet normal 0.658082 -0.272574 -0.701877
    outer loop
      vertex 8.79291 -7.96257 0.4
      vertex 8.48581 -7.67401 0
      vertex 8.907 -7.68712 0.4
    endloop
  endfacet
  facet normal 0.74768 -0.309685 0.587426
    outer loop
      vertex 6.79291 -5.96257 4.01
      vertex 8.907 -7.68712 0.41
      vertex 6.907 -5.68712 4.01
    endloop
  endfacet
  facet normal 0.74768 -0.309685 0.587426
    outer loop
      vertex 8.907 -7.68712 0.41
      vertex 6.79291 -5.96257 4.01
      vertex 8.79291 -7.96257 0.41
    endloop
  endfacet
  facet normal 0.677543 -0.415199 0.607079
    outer loop
      vertex 6.63713 -6.21678 4.01
      vertex 8.79291 -7.96257 0.41
      vertex 6.79291 -5.96257 4.01
    endloop
  endfacet
  facet normal 0.677543 -0.415199 0.607079
    outer loop
      vertex 8.79291 -7.96257 0.41
      vertex 6.63713 -6.21678 4.01
      vertex 8.63713 -8.21678 0.41
    endloop
  endfacet
  facet normal -0.807864 0.193926 0.55655
    outer loop
      vertex -8.97659 7.39722 0.41
      vertex -6.907 5.68712 4.01
      vertex -8.907 7.68712 0.41
    endloop
  endfacet
  facet normal -0.807864 0.193926 0.55655
    outer loop
      vertex -6.907 5.68712 4.01
      vertex -8.97659 7.39722 0.41
      vertex -6.97659 5.39722 4.01
    endloop
  endfacet
  facet normal -0.85582 0.0673473 0.512871
    outer loop
      vertex -8.99998 7.09999 0.41
      vertex -6.97659 5.39722 4.01
      vertex -8.97659 7.39722 0.41
    endloop
  endfacet
  facet normal -0.85582 0.0673473 0.512871
    outer loop
      vertex -6.97659 5.39722 4.01
      vertex -8.99998 7.09999 0.41
      vertex -6.99998 5.09999 4.01
    endloop
  endfacet
  facet normal -0.644611 0.282761 0.710298
    outer loop
      vertex -6.45341 5.82874 4.37138
      vertex -6.79291 5.96257 4.01
      vertex -6.51698 5.74677 4.34632
    endloop
  endfacet
  facet normal -0.604542 0.370495 0.705168
    outer loop
      vertex -6.63713 6.21678 4.01
      vertex -6.45341 5.82874 4.37138
      vertex -6.32126 5.96506 4.41305
    endloop
  endfacet
  facet normal -0.604564 0.370477 0.705159
    outer loop
      vertex -6.45341 5.82874 4.37138
      vertex -6.63713 6.21678 4.01
      vertex -6.79291 5.96257 4.01
    endloop
  endfacet
  facet normal -0.606462 0.37164 -0.702914
    outer loop
      vertex -8.3472 7.93335 0
      vertex -8.79291 7.96257 0.4
      vertex -8.63713 8.21678 0.4
    endloop
  endfacet
  facet normal -0.618297 0.330463 -0.713094
    outer loop
      vertex -8.48581 7.67401 0
      vertex -8.79291 7.96257 0.4
      vertex -8.3472 7.93335 0
    endloop
  endfacet
  facet normal -0.807864 -0.193926 0.55655
    outer loop
      vertex -8.97659 -7.39722 0.41
      vertex -6.907 -5.68712 4.01
      vertex -6.97659 -5.39722 4.01
    endloop
  endfacet
  facet normal -0.807864 -0.193926 0.55655
    outer loop
      vertex -6.907 -5.68712 4.01
      vertex -8.97659 -7.39722 0.41
      vertex -8.907 -7.68712 0.41
    endloop
  endfacet
  facet normal 0.706023 -0.0555593 -0.706006
    outer loop
      vertex 8.97659 -7.39722 0.4
      vertex 8.59999 -7.09999 0
      vertex 8.99998 -7.09999 0.4
    endloop
  endfacet
  facet normal 0 -0.707116 -0.707098
    outer loop
      vertex -7.09999 -8.59999 0
      vertex 7.09999 -8.99998 0.4
      vertex -7.09999 -8.99998 0.4
    endloop
  endfacet
  facet normal 0 -0.707116 -0.707098
    outer loop
      vertex 7.09999 -8.99998 0.4
      vertex -7.09999 -8.59999 0
      vertex 7.09999 -8.59999 0
    endloop
  endfacet
  facet normal -0.598646 -0.511273 0.616622
    outer loop
      vertex -8.63713 -8.21678 0.41
      vertex -6.4435 -6.4435 4.01
      vertex -6.63713 -6.21678 4.01
    endloop
  endfacet
  facet normal -0.598646 -0.511273 0.616622
    outer loop
      vertex -6.4435 -6.4435 4.01
      vertex -8.63713 -8.21678 0.41
      vertex -8.4435 -8.4435 0.41
    endloop
  endfacet
  facet normal -0.511273 -0.598646 0.616622
    outer loop
      vertex -6.4435 -6.4435 4.01
      vertex -8.21678 -8.63713 0.41
      vertex -6.21678 -6.63713 4.01
    endloop
  endfacet
  facet normal -0.511273 -0.598646 0.616622
    outer loop
      vertex -8.21678 -8.63713 0.41
      vertex -6.4435 -6.4435 4.01
      vertex -8.4435 -8.4435 0.41
    endloop
  endfacet
  facet normal -0.760418 -0.649434 0
    outer loop
      vertex -8.4435 -8.4435 0.4
      vertex -8.63713 -8.21678 0.41
      vertex -8.63713 -8.21678 0.4
    endloop
  endfacet
  facet normal -0.760418 -0.649434 0
    outer loop
      vertex -8.63713 -8.21678 0.41
      vertex -8.4435 -8.4435 0.4
      vertex -8.4435 -8.4435 0.41
    endloop
  endfacet
  facet normal 0 0 -1
    outer loop
      vertex 8.407 -7.18712 0
      vertex 8.59999 -7.09999 0
      vertex 8.57117 -7.39262 0
    endloop
  endfacet
  facet normal 0 0 -1
    outer loop
      vertex 8.59999 -7.09999 0
      vertex 8.49998 -6.59999 0
      vertex 8.59999 7.09999 0
    endloop
  endfacet
  facet normal 0 0 -1
    outer loop
      vertex 8.49998 6.59999 0
      vertex 8.59999 7.09999 0
      vertex 8.49998 -6.59999 0
    endloop
  endfacet
  facet normal 0 0 -1
    outer loop
      vertex 8.29291 -7.46257 0
      vertex 8.57117 -7.39262 0
      vertex 8.48581 -7.67401 0
    endloop
  endfacet
  facet normal 0 0 -1
    outer loop
      vertex 8.59999 -7.09999 0
      vertex 8.47659 -6.89722 0
      vertex 8.49998 -6.59999 0
    endloop
  endfacet
  facet normal -0 0 -1
    outer loop
      vertex 8.59999 -7.09999 0
      vertex 8.407 -7.18712 0
      vertex 8.47659 -6.89722 0
    endloop
  endfacet
  facet normal 0 0 -1
    outer loop
      vertex 8.13713 -7.71678 0
      vertex 8.48581 -7.67401 0
      vertex 8.3472 -7.93335 0
    endloop
  endfacet
  facet normal -0 0 -1
    outer loop
      vertex 8.57117 -7.39262 0
      vertex 8.29291 -7.46257 0
      vertex 8.407 -7.18712 0
    endloop
  endfacet
  facet normal 0 0 -1
    outer loop
      vertex 7.9435 -7.9435 0
      vertex 8.3472 -7.93335 0
      vertex 8.16064 -8.16064 0
    endloop
  endfacet
  facet normal -0 0 -1
    outer loop
      vertex 8.48581 -7.67401 0
      vertex 8.13713 -7.71678 0
      vertex 8.29291 -7.46257 0
    endloop
  endfacet
  facet normal -0 0 -1
    outer loop
      vertex 8.3472 -7.93335 0
      vertex 7.9435 -7.9435 0
      vertex 8.13713 -7.71678 0
    endloop
  endfacet
  facet normal 0 0 -1
    outer loop
      vertex 7.93335 -8.3472 0
      vertex 7.9435 -7.9435 0
      vertex 8.16064 -8.16064 0
    endloop
  endfacet
  facet normal 0 0 -1
    outer loop
      vertex 7.93335 -8.3472 0
      vertex 7.71678 -8.13713 0
      vertex 7.9435 -7.9435 0
    endloop
  endfacet
  facet normal 0 0 -1
    outer loop
      vertex 7.67401 -8.48581 0
      vertex 7.71678 -8.13713 0
      vertex 7.93335 -8.3472 0
    endloop
  endfacet
  facet normal 0 0 -1
    outer loop
      vertex 7.67401 -8.48581 0
      vertex 7.46257 -8.29291 0
      vertex 7.71678 -8.13713 0
    endloop
  endfacet
  facet normal 0 0 -1
    outer loop
      vertex 7.39262 -8.57117 0
      vertex 7.46257 -8.29291 0
      vertex 7.67401 -8.48581 0
    endloop
  endfacet
  facet normal 0 0 -1
    outer loop
      vertex 7.39262 -8.57117 0
      vertex 7.18712 -8.407 0
      vertex 7.46257 -8.29291 0
    endloop
  endfacet
  facet normal 0 0 -1
    outer loop
      vertex 7.09999 -8.59999 0
      vertex 7.18712 -8.407 0
      vertex 7.39262 -8.57117 0
    endloop
  endfacet
  facet normal 0 0 -1
    outer loop
      vertex 7.09999 -8.59999 0
      vertex 6.89722 -8.47659 0
      vertex 7.18712 -8.407 0
    endloop
  endfacet
  facet normal 0 0 -1
    outer loop
      vertex 7.09999 -8.59999 0
      vertex 6.59999 -8.49998 0
      vertex 6.89722 -8.47659 0
    endloop
  endfacet
  facet normal 0 0 -1
    outer loop
      vertex 7.09999 -8.59999 0
      vertex -6.59999 -8.49998 0
      vertex 6.59999 -8.49998 0
    endloop
  endfacet
  facet normal 0 0 -1
    outer loop
      vertex -7.09999 -8.59999 0
      vertex -6.59999 -8.49998 0
      vertex 7.09999 -8.59999 0
    endloop
  endfacet
  facet normal 0 0 -1
    outer loop
      vertex -7.09999 -8.59999 0
      vertex -6.89722 -8.47659 0
      vertex -6.59999 -8.49998 0
    endloop
  endfacet
  facet normal 0 0 -1
    outer loop
      vertex -7.09999 -8.59999 0
      vertex -7.18712 -8.407 0
      vertex -6.89722 -8.47659 0
    endloop
  endfacet
  facet normal 0 0 -1
    outer loop
      vertex -7.39262 -8.57117 0
      vertex -7.18712 -8.407 0
      vertex -7.09999 -8.59999 0
    endloop
  endfacet
  facet normal 0 0 -1
    outer loop
      vertex -7.39262 -8.57117 0
      vertex -7.46257 -8.29291 0
      vertex -7.18712 -8.407 0
    endloop
  endfacet
  facet normal 0 0 -1
    outer loop
      vertex -7.67401 -8.48581 0
      vertex -7.46257 -8.29291 0
      vertex -7.39262 -8.57117 0
    endloop
  endfacet
  facet normal 0 0 -1
    outer loop
      vertex -7.67401 -8.48581 0
      vertex -7.71678 -8.13713 0
      vertex -7.46257 -8.29291 0
    endloop
  endfacet
  facet normal 0 0 -1
    outer loop
      vertex -7.93335 -8.3472 0
      vertex -7.71678 -8.13713 0
      vertex -7.67401 -8.48581 0
    endloop
  endfacet
  facet normal 0 0 -1
    outer loop
      vertex -7.93335 -8.3472 0
      vertex -7.9435 -7.9435 0
      vertex -7.71678 -8.13713 0
    endloop
  endfacet
  facet normal 0 0 -1
    outer loop
      vertex -8.16064 -8.16064 0
      vertex -7.9435 -7.9435 0
      vertex -7.93335 -8.3472 0
    endloop
  endfacet
  facet normal 0 0 -1
    outer loop
      vertex -8.3472 -7.93335 0
      vertex -7.9435 -7.9435 0
      vertex -8.16064 -8.16064 0
    endloop
  endfacet
  facet normal 0 0 -1
    outer loop
      vertex -7.9435 -7.9435 0
      vertex -8.3472 -7.93335 0
      vertex -8.13713 -7.71678 0
    endloop
  endfacet
  facet normal 0 0 -1
    outer loop
      vertex -8.48581 -7.67401 0
      vertex -8.13713 -7.71678 0
      vertex -8.3472 -7.93335 0
    endloop
  endfacet
  facet normal 0 0 -1
    outer loop
      vertex -8.13713 -7.71678 0
      vertex -8.48581 -7.67401 0
      vertex -8.29291 -7.46257 0
    endloop
  endfacet
  facet normal 0 0 -1
    outer loop
      vertex -8.57117 -7.39262 0
      vertex -8.29291 -7.46257 0
      vertex -8.48581 -7.67401 0
    endloop
  endfacet
  facet normal 0 0 -1
    outer loop
      vertex -8.29291 -7.46257 0
      vertex -8.57117 -7.39262 0
      vertex -8.407 -7.18712 0
    endloop
  endfacet
  facet normal 0 0 -1
    outer loop
      vertex -8.59999 -7.09999 0
      vertex -8.407 -7.18712 0
      vertex -8.57117 -7.39262 0
    endloop
  endfacet
  facet normal -0 0 -1
    outer loop
      vertex -8.47659 -6.89722 0
      vertex -8.59999 -7.09999 0
      vertex -8.49998 -6.59999 0
    endloop
  endfacet
  facet normal 0 0 -1
    outer loop
      vertex -8.407 -7.18712 0
      vertex -8.59999 -7.09999 0
      vertex -8.47659 -6.89722 0
    endloop
  endfacet
  facet normal 0 0 -1
    outer loop
      vertex 8.47659 6.89722 0
      vertex 8.59999 7.09999 0
      vertex 8.49998 6.59999 0
    endloop
  endfacet
  facet normal 0 0 -1
    outer loop
      vertex 8.407 7.18712 0
      vertex 8.59999 7.09999 0
      vertex 8.47659 6.89722 0
    endloop
  endfacet
  facet normal 0 0 -1
    outer loop
      vertex 8.59999 7.09999 0
      vertex 8.407 7.18712 0
      vertex 8.57117 7.39262 0
    endloop
  endfacet
  facet normal 0 0 -1
    outer loop
      vertex 8.29291 7.46257 0
      vertex 8.57117 7.39262 0
      vertex 8.407 7.18712 0
    endloop
  endfacet
  facet normal 0 0 -1
    outer loop
      vertex 8.57117 7.39262 0
      vertex 8.29291 7.46257 0
      vertex 8.48581 7.67401 0
    endloop
  endfacet
  facet normal 0 0 -1
    outer loop
      vertex 8.13713 7.71678 0
      vertex 8.48581 7.67401 0
      vertex 8.29291 7.46257 0
    endloop
  endfacet
  facet normal 0 0 -1
    outer loop
      vertex 8.48581 7.67401 0
      vertex 8.13713 7.71678 0
      vertex 8.3472 7.93335 0
    endloop
  endfacet
  facet normal 0 0 -1
    outer loop
      vertex 7.9435 7.9435 0
      vertex 8.3472 7.93335 0
      vertex 8.13713 7.71678 0
    endloop
  endfacet
  facet normal 0 0 -1
    outer loop
      vertex 8.3472 7.93335 0
      vertex 7.9435 7.9435 0
      vertex 8.16064 8.16064 0
    endloop
  endfacet
  facet normal 0 0 -1
    outer loop
      vertex 7.9435 7.9435 0
      vertex 7.93335 8.3472 0
      vertex 8.16064 8.16064 0
    endloop
  endfacet
  facet normal 0 0 -1
    outer loop
      vertex 7.71678 8.13713 0
      vertex 7.93335 8.3472 0
      vertex 7.9435 7.9435 0
    endloop
  endfacet
  facet normal 0 0 -1
    outer loop
      vertex 7.71678 8.13713 0
      vertex 7.67401 8.48581 0
      vertex 7.93335 8.3472 0
    endloop
  endfacet
  facet normal 0 0 -1
    outer loop
      vertex 7.46257 8.29291 0
      vertex 7.67401 8.48581 0
      vertex 7.71678 8.13713 0
    endloop
  endfacet
  facet normal 0 0 -1
    outer loop
      vertex 7.46257 8.29291 0
      vertex 7.39262 8.57117 0
      vertex 7.67401 8.48581 0
    endloop
  endfacet
  facet normal 0 0 -1
    outer loop
      vertex 7.18712 8.407 0
      vertex 7.39262 8.57117 0
      vertex 7.46257 8.29291 0
    endloop
  endfacet
  facet normal 0 0 -1
    outer loop
      vertex 7.18712 8.407 0
      vertex 7.09999 8.59999 0
      vertex 7.39262 8.57117 0
    endloop
  endfacet
  facet normal 0 0 -1
    outer loop
      vertex 6.89722 8.47659 0
      vertex 7.09999 8.59999 0
      vertex 7.18712 8.407 0
    endloop
  endfacet
  facet normal 0 0 -1
    outer loop
      vertex 6.59999 8.49998 0
      vertex 7.09999 8.59999 0
      vertex 6.89722 8.47659 0
    endloop
  endfacet
  facet normal 0 0 -1
    outer loop
      vertex -6.59999 8.49998 0
      vertex 7.09999 8.59999 0
      vertex 6.59999 8.49998 0
    endloop
  endfacet
  facet normal 0 0 -1
    outer loop
      vertex -6.59999 8.49998 0
      vertex -7.09999 8.59999 0
      vertex 7.09999 8.59999 0
    endloop
  endfacet
  facet normal 0 0 -1
    outer loop
      vertex -6.89722 8.47659 0
      vertex -7.09999 8.59999 0
      vertex -6.59999 8.49998 0
    endloop
  endfacet
  facet normal 0 0 -1
    outer loop
      vertex -7.18712 8.407 0
      vertex -7.09999 8.59999 0
      vertex -6.89722 8.47659 0
    endloop
  endfacet
  facet normal 0 0 -1
    outer loop
      vertex -7.18712 8.407 0
      vertex -7.39262 8.57117 0
      vertex -7.09999 8.59999 0
    endloop
  endfacet
  facet normal 0 0 -1
    outer loop
      vertex -7.46257 8.29291 0
      vertex -7.39262 8.57117 0
      vertex -7.18712 8.407 0
    endloop
  endfacet
  facet normal 0 0 -1
    outer loop
      vertex -7.46257 8.29291 0
      vertex -7.67401 8.48581 0
      vertex -7.39262 8.57117 0
    endloop
  endfacet
  facet normal 0 0 -1
    outer loop
      vertex -7.71678 8.13713 0
      vertex -7.67401 8.48581 0
      vertex -7.46257 8.29291 0
    endloop
  endfacet
  facet normal 0 0 -1
    outer loop
      vertex -7.71678 8.13713 0
      vertex -7.93335 8.3472 0
      vertex -7.67401 8.48581 0
    endloop
  endfacet
  facet normal 0 0 -1
    outer loop
      vertex -7.9435 7.9435 0
      vertex -7.93335 8.3472 0
      vertex -7.71678 8.13713 0
    endloop
  endfacet
  facet normal 0 0 -1
    outer loop
      vertex -8.3472 7.93335 0
      vertex -7.9435 7.9435 0
      vertex -8.13713 7.71678 0
    endloop
  endfacet
  facet normal 0 0 -1
    outer loop
      vertex -7.9435 7.9435 0
      vertex -8.16064 8.16064 0
      vertex -7.93335 8.3472 0
    endloop
  endfacet
  facet normal 0 0 -1
    outer loop
      vertex -8.48581 7.67401 0
      vertex -8.13713 7.71678 0
      vertex -8.29291 7.46257 0
    endloop
  endfacet
  facet normal -0 0 -1
    outer loop
      vertex -7.9435 7.9435 0
      vertex -8.3472 7.93335 0
      vertex -8.16064 8.16064 0
    endloop
  endfacet
  facet normal 0 0 -1
    outer loop
      vertex -8.57117 7.39262 0
      vertex -8.29291 7.46257 0
      vertex -8.407 7.18712 0
    endloop
  endfacet
  facet normal 0 0 -1
    outer loop
      vertex -8.59999 7.09999 0
      vertex -8.407 7.18712 0
      vertex -8.47659 6.89722 0
    endloop
  endfacet
  facet normal -0 0 -1
    outer loop
      vertex -8.13713 7.71678 0
      vertex -8.48581 7.67401 0
      vertex -8.3472 7.93335 0
    endloop
  endfacet
  facet normal 0 0 -1
    outer loop
      vertex -8.59999 7.09999 0
      vertex -8.47659 6.89722 0
      vertex -8.49998 6.59999 0
    endloop
  endfacet
  facet normal -0 0 -1
    outer loop
      vertex -8.29291 7.46257 0
      vertex -8.57117 7.39262 0
      vertex -8.48581 7.67401 0
    endloop
  endfacet
  facet normal -0 0 -1
    outer loop
      vertex -8.49998 -6.59999 0
      vertex -8.59999 -7.09999 0
      vertex -8.49998 6.59999 0
    endloop
  endfacet
  facet normal 0 0 -1
    outer loop
      vertex -8.59999 7.09999 0
      vertex -8.49998 6.59999 0
      vertex -8.59999 -7.09999 0
    endloop
  endfacet
  facet normal -0 0 -1
    outer loop
      vertex -8.407 7.18712 0
      vertex -8.59999 7.09999 0
      vertex -8.57117 7.39262 0
    endloop
  endfacet
  facet normal -0.0784507 -0.996918 0
    outer loop
      vertex -7.39722 -8.97659 0.4
      vertex -7.09999 -8.99998 0.41
      vertex -7.39722 -8.97659 0.41
    endloop
  endfacet
  facet normal -0.0784507 -0.996918 -0
    outer loop
      vertex -7.09999 -8.99998 0.41
      vertex -7.39722 -8.97659 0.4
      vertex -7.09999 -8.99998 0.4
    endloop
  endfacet
  facet normal -0.37164 -0.606462 -0.702914
    outer loop
      vertex -7.96257 -8.79291 0.4
      vertex -8.21678 -8.63713 0.4
      vertex -7.93335 -8.3472 0
    endloop
  endfacet
  facet normal -0.522498 -0.85264 0
    outer loop
      vertex -8.21678 -8.63713 0.4
      vertex -7.96257 -8.79291 0.41
      vertex -8.21678 -8.63713 0.41
    endloop
  endfacet
  facet normal -0.522498 -0.85264 -0
    outer loop
      vertex -7.96257 -8.79291 0.41
      vertex -8.21678 -8.63713 0.4
      vertex -7.96257 -8.79291 0.4
    endloop
  endfacet
  facet normal -0.706022 0.0555592 0.706007
    outer loop
      vertex -6.99998 5.09999 4.01
      vertex -6.7651 5.33285 4.22656
      vertex -6.97659 5.39722 4.01
    endloop
  endfacet
  facet normal -0.706036 0.0555892 0.705991
    outer loop
      vertex -6.7651 5.33285 4.22656
      vertex -6.99998 5.09999 4.01
      vertex -6.84582 5.09999 4.16417
    endloop
  endfacet
  facet normal -0.700264 0.0689663 -0.710545
    outer loop
      vertex -8.59999 7.09999 0
      vertex -8.97659 7.39722 0.4
      vertex -8.57117 7.39262 0
    endloop
  endfacet
  facet normal 0.309685 0.74768 0.587426
    outer loop
      vertex 7.68712 8.907 0.41
      vertex 5.96257 6.79291 4.01
      vertex 7.96257 8.79291 0.41
    endloop
  endfacet
  facet normal 0.309685 0.74768 0.587426
    outer loop
      vertex 5.96257 6.79291 4.01
      vertex 7.68712 8.907 0.41
      vertex 5.68712 6.907 4.01
    endloop
  endfacet
  facet normal -0.309685 0.74768 0.587426
    outer loop
      vertex -7.68712 8.907 0.41
      vertex -5.96257 6.79291 4.01
      vertex -5.68712 6.907 4.01
    endloop
  endfacet
  facet normal -0.309685 0.74768 0.587426
    outer loop
      vertex -5.96257 6.79291 4.01
      vertex -7.68712 8.907 0.41
      vertex -7.96257 8.79291 0.41
    endloop
  endfacet
  facet normal 0.16553 0.689569 0.705049
    outer loop
      vertex 5.39722 6.97659 4.01
      vertex 5.4879 6.39859 4.55402
      vertex 5.68712 6.907 4.01
    endloop
  endfacet
  facet normal 0.165537 0.689569 0.705048
    outer loop
      vertex 5.4879 6.39859 4.55402
      vertex 5.39722 6.97659 4.01
      vertex 5.35509 6.42217 4.56214
    endloop
  endfacet
  facet normal 0.0673473 0.85582 0.512871
    outer loop
      vertex 7.09999 8.99998 0.41
      vertex 5.39722 6.97659 4.01
      vertex 7.39722 8.97659 0.41
    endloop
  endfacet
  facet normal 0.0673473 0.85582 0.512871
    outer loop
      vertex 5.39722 6.97659 4.01
      vertex 7.09999 8.99998 0.41
      vertex 5.09999 6.99998 4.01
    endloop
  endfacet
  facet normal 0.0555593 0.706023 -0.706006
    outer loop
      vertex 7.39722 8.97659 0.4
      vertex 7.09999 8.59999 0
      vertex 7.09999 8.99998 0.4
    endloop
  endfacet
  facet normal 0 0.707116 -0.707098
    outer loop
      vertex 7.09999 8.59999 0
      vertex -7.09999 8.99998 0.4
      vertex 7.09999 8.99998 0.4
    endloop
  endfacet
  facet normal 0 0.707116 -0.707098
    outer loop
      vertex -7.09999 8.99998 0.4
      vertex 7.09999 8.59999 0
      vertex -7.09999 8.59999 0
    endloop
  endfacet
  facet normal 0.85582 0.0673473 0.512871
    outer loop
      vertex 6.97659 5.39722 4.01
      vertex 8.99998 7.09999 0.41
      vertex 8.97659 7.39722 0.41
    endloop
  endfacet
  facet normal 0.85582 0.0673473 0.512871
    outer loop
      vertex 8.99998 7.09999 0.41
      vertex 6.97659 5.39722 4.01
      vertex 6.99998 5.09999 4.01
    endloop
  endfacet
  facet normal -0.203513 -0.670882 -0.713092
    outer loop
      vertex -7.39262 -8.57117 0
      vertex -7.68712 -8.907 0.4
      vertex -7.67401 -8.48581 0
    endloop
  endfacet
  facet normal 0.707116 0 -0.707098
    outer loop
      vertex 8.99998 -7.09999 0.4
      vertex 8.59999 7.09999 0
      vertex 8.99998 7.09999 0.4
    endloop
  endfacet
  facet normal 0.707116 0 -0.707098
    outer loop
      vertex 8.59999 7.09999 0
      vertex 8.99998 -7.09999 0.4
      vertex 8.59999 -7.09999 0
    endloop
  endfacet
  facet normal 0.807864 0.193926 0.55655
    outer loop
      vertex 6.907 5.68712 4.01
      vertex 8.97659 7.39722 0.41
      vertex 8.907 7.68712 0.41
    endloop
  endfacet
  facet normal 0.807864 0.193926 0.55655
    outer loop
      vertex 8.97659 7.39722 0.41
      vertex 6.907 5.68712 4.01
      vertex 6.97659 5.39722 4.01
    endloop
  endfacet
  facet normal 0.654632 0.271145 0.705647
    outer loop
      vertex 6.79291 5.96257 4.01
      vertex 6.62813 5.60108 4.30177
      vertex 6.907 5.68712 4.01
    endloop
  endfacet
  facet normal 0.654632 0.271145 0.705647
    outer loop
      vertex 6.62813 5.60108 4.30177
      vertex 6.79291 5.96257 4.01
      vertex 6.50458 5.76719 4.35256
    endloop
  endfacet
  facet normal 0.522498 -0.85264 0
    outer loop
      vertex 7.96257 -8.79291 0.4
      vertex 8.21678 -8.63713 0.41
      vertex 7.96257 -8.79291 0.41
    endloop
  endfacet
  facet normal 0.522498 -0.85264 0
    outer loop
      vertex 8.21678 -8.63713 0.41
      vertex 7.96257 -8.79291 0.4
      vertex 8.21678 -8.63713 0.4
    endloop
  endfacet
  facet normal 0.53851 -0.459914 -0.706036
    outer loop
      vertex 8.4435 -8.4435 0.4
      vertex 8.16064 -8.16064 0
      vertex 8.63713 -8.21678 0.4
    endloop
  endfacet
  facet normal 0.543891 -0.446427 -0.710553
    outer loop
      vertex 8.63713 -8.21678 0.4
      vertex 8.16064 -8.16064 0
      vertex 8.3472 -7.93335 0
    endloop
  endfacet
  facet normal -0.658082 0.272574 -0.701877
    outer loop
      vertex -8.48581 7.67401 0
      vertex -8.907 7.68712 0.4
      vertex -8.79291 7.96257 0.4
    endloop
  endfacet
  facet normal -0.85264 -0.522498 0
    outer loop
      vertex -8.63713 -8.21678 0.4
      vertex -8.79291 -7.96257 0.41
      vertex -8.79291 -7.96257 0.4
    endloop
  endfacet
  facet normal -0.85264 -0.522498 0
    outer loop
      vertex -8.79291 -7.96257 0.41
      vertex -8.63713 -8.21678 0.4
      vertex -8.63713 -8.21678 0.41
    endloop
  endfacet
  facet normal 0.272574 -0.658082 -0.701877
    outer loop
      vertex 7.68712 -8.907 0.4
      vertex 7.67401 -8.48581 0
      vertex 7.96257 -8.79291 0.4
    endloop
  endfacet
  facet normal 0.382669 -0.923886 0
    outer loop
      vertex 7.68712 -8.907 0.4
      vertex 7.96257 -8.79291 0.41
      vertex 7.68712 -8.907 0.41
    endloop
  endfacet
  facet normal 0.382669 -0.923886 0
    outer loop
      vertex 7.96257 -8.79291 0.41
      vertex 7.68712 -8.907 0.4
      vertex 7.96257 -8.79291 0.4
    endloop
  endfacet
  facet normal -0.53901 -0.460352 0.705367
    outer loop
      vertex -6.29858 -5.98587 4.41941
      vertex -6.4435 -6.4435 4.01
      vertex -6.16334 -6.0937 4.45238
    endloop
  endfacet
  facet normal -0.539018 -0.460348 0.705365
    outer loop
      vertex -6.4435 -6.4435 4.01
      vertex -6.29858 -5.98587 4.41941
      vertex -6.63713 -6.21678 4.01
    endloop
  endfacet
  facet normal 0.658082 0.272574 -0.701877
    outer loop
      vertex 8.907 7.68712 0.4
      vertex 8.48581 7.67401 0
      vertex 8.79291 7.96257 0.4
    endloop
  endfacet
  facet normal -0.166025 -0.69163 -0.702911
    outer loop
      vertex -7.39722 -8.97659 0.4
      vertex -7.68712 -8.907 0.4
      vertex -7.39262 -8.57117 0
    endloop
  endfacet
  facet normal 0.37164 0.606462 -0.702914
    outer loop
      vertex 8.21678 8.63713 0.4
      vertex 7.93335 8.3472 0
      vertex 7.96257 8.79291 0.4
    endloop
  endfacet
  facet normal 0.53851 0.459914 -0.706036
    outer loop
      vertex 8.63713 8.21678 0.4
      vertex 8.16064 8.16064 0
      vertex 8.4435 8.4435 0.4
    endloop
  endfacet
  facet normal -0.0673473 0.85582 0.512871
    outer loop
      vertex -7.09999 8.99998 0.41
      vertex -5.39722 6.97659 4.01
      vertex -5.09999 6.99998 4.01
    endloop
  endfacet
  facet normal -0.0673473 0.85582 0.512871
    outer loop
      vertex -5.39722 6.97659 4.01
      vertex -7.09999 8.99998 0.41
      vertex -7.39722 8.97659 0.41
    endloop
  endfacet
  facet normal 0.0555583 0.706011 0.706019
    outer loop
      vertex 5.09999 6.99998 4.01
      vertex 5.23194 6.43354 4.56605
      vertex 5.39722 6.97659 4.01
    endloop
  endfacet
  facet normal 0.0555929 0.706013 0.706013
    outer loop
      vertex 5.23194 6.43354 4.56605
      vertex 5.09999 6.99998 4.01
      vertex 5.09999 6.44127 4.56871
    endloop
  endfacet
  facet normal 0.0871109 0.699635 0.709171
    outer loop
      vertex 5.39722 6.97659 4.01
      vertex 5.23194 6.43354 4.56605
      vertex 5.35509 6.42217 4.56214
    endloop
  endfacet
  facet normal 0.47635 0.517475 0.710852
    outer loop
      vertex 6.4435 6.4435 4.01
      vertex 6.04734 6.1689 4.47537
      vertex 6.16334 6.0937 4.45238
    endloop
  endfacet
  facet normal 0.539018 0.460348 0.705365
    outer loop
      vertex 6.4435 6.4435 4.01
      vertex 6.29858 5.98587 4.41941
      vertex 6.63713 6.21678 4.01
    endloop
  endfacet
  facet normal 0.53901 0.460352 0.705367
    outer loop
      vertex 6.29858 5.98587 4.41941
      vertex 6.4435 6.4435 4.01
      vertex 6.16334 6.0937 4.45238
    endloop
  endfacet
  facet normal 0.972377 0.233417 0
    outer loop
      vertex 8.97659 7.39722 0.41
      vertex 8.907 7.68712 0.4
      vertex 8.907 7.68712 0.41
    endloop
  endfacet
  facet normal 0.972377 0.233417 0
    outer loop
      vertex 8.907 7.68712 0.4
      vertex 8.97659 7.39722 0.41
      vertex 8.97659 7.39722 0.4
    endloop
  endfacet
  facet normal 0.677543 0.415199 0.607079
    outer loop
      vertex 6.63713 6.21678 4.01
      vertex 8.79291 7.96257 0.41
      vertex 8.63713 8.21678 0.41
    endloop
  endfacet
  facet normal 0.677543 0.415199 0.607079
    outer loop
      vertex 8.79291 7.96257 0.41
      vertex 6.63713 6.21678 4.01
      vertex 6.79291 5.96257 4.01
    endloop
  endfacet
  facet normal -0.330463 -0.618297 -0.713094
    outer loop
      vertex -7.67401 -8.48581 0
      vertex -7.96257 -8.79291 0.4
      vertex -7.93335 -8.3472 0
    endloop
  endfacet
  facet normal 0.415199 -0.677543 0.607079
    outer loop
      vertex 7.96257 -8.79291 0.41
      vertex 6.21678 -6.63713 4.01
      vertex 5.96257 -6.79291 4.01
    endloop
  endfacet
  facet normal 0.415199 -0.677543 0.607079
    outer loop
      vertex 6.21678 -6.63713 4.01
      vertex 7.96257 -8.79291 0.41
      vertex 8.21678 -8.63713 0.41
    endloop
  endfacet
  facet normal 0.923886 -0.382669 0
    outer loop
      vertex 8.79291 -7.96257 0.41
      vertex 8.907 -7.68712 0.4
      vertex 8.907 -7.68712 0.41
    endloop
  endfacet
  facet normal 0.923886 -0.382669 0
    outer loop
      vertex 8.907 -7.68712 0.4
      vertex 8.79291 -7.96257 0.41
      vertex 8.79291 -7.96257 0.4
    endloop
  endfacet
  facet normal 0.0784507 -0.996918 0
    outer loop
      vertex 7.09999 -8.99998 0.4
      vertex 7.39722 -8.97659 0.41
      vertex 7.09999 -8.99998 0.41
    endloop
  endfacet
  facet normal 0.0784507 -0.996918 0
    outer loop
      vertex 7.39722 -8.97659 0.41
      vertex 7.09999 -8.99998 0.4
      vertex 7.39722 -8.97659 0.4
    endloop
  endfacet
  facet normal 0.0555593 -0.706023 -0.706006
    outer loop
      vertex 7.39722 -8.97659 0.4
      vertex 7.09999 -8.99998 0.4
      vertex 7.09999 -8.59999 0
    endloop
  endfacet
  facet normal 0.522498 0.85264 -0
    outer loop
      vertex 8.21678 8.63713 0.4
      vertex 7.96257 8.79291 0.41
      vertex 8.21678 8.63713 0.41
    endloop
  endfacet
  facet normal 0.522498 0.85264 0
    outer loop
      vertex 7.96257 8.79291 0.41
      vertex 8.21678 8.63713 0.4
      vertex 7.96257 8.79291 0.4
    endloop
  endfacet
  facet normal 0.272574 0.658082 -0.701877
    outer loop
      vertex 7.96257 8.79291 0.4
      vertex 7.67401 8.48581 0
      vertex 7.68712 8.907 0.4
    endloop
  endfacet
  facet normal 0.203513 0.670882 -0.713092
    outer loop
      vertex 7.67401 8.48581 0
      vertex 7.39262 8.57117 0
      vertex 7.68712 8.907 0.4
    endloop
  endfacet
  facet normal 0.233417 0.972377 -0
    outer loop
      vertex 7.68712 8.907 0.4
      vertex 7.39722 8.97659 0.41
      vertex 7.68712 8.907 0.41
    endloop
  endfacet
  facet normal 0.233417 0.972377 0
    outer loop
      vertex 7.39722 8.97659 0.41
      vertex 7.68712 8.907 0.4
      vertex 7.39722 8.97659 0.4
    endloop
  endfacet
  facet normal 0.972377 -0.233417 0
    outer loop
      vertex 8.907 -7.68712 0.41
      vertex 8.97659 -7.39722 0.4
      vertex 8.97659 -7.39722 0.41
    endloop
  endfacet
  facet normal 0.972377 -0.233417 0
    outer loop
      vertex 8.97659 -7.39722 0.4
      vertex 8.907 -7.68712 0.41
      vertex 8.907 -7.68712 0.4
    endloop
  endfacet
  facet normal 0.511273 0.598646 0.616622
    outer loop
      vertex 8.21678 8.63713 0.41
      vertex 6.4435 6.4435 4.01
      vertex 8.4435 8.4435 0.41
    endloop
  endfacet
  facet normal 0.511273 0.598646 0.616622
    outer loop
      vertex 6.4435 6.4435 4.01
      vertex 8.21678 8.63713 0.41
      vertex 6.21678 6.63713 4.01
    endloop
  endfacet
  facet normal 0.598646 0.511273 0.616622
    outer loop
      vertex 6.4435 6.4435 4.01
      vertex 8.63713 8.21678 0.41
      vertex 8.4435 8.4435 0.41
    endloop
  endfacet
  facet normal 0.598646 0.511273 0.616622
    outer loop
      vertex 8.63713 8.21678 0.41
      vertex 6.4435 6.4435 4.01
      vertex 6.63713 6.21678 4.01
    endloop
  endfacet
  facet normal 0.760418 0.649434 0
    outer loop
      vertex 8.63713 8.21678 0.41
      vertex 8.4435 8.4435 0.4
      vertex 8.4435 8.4435 0.41
    endloop
  endfacet
  facet normal 0.760418 0.649434 0
    outer loop
      vertex 8.4435 8.4435 0.4
      vertex 8.63713 8.21678 0.41
      vertex 8.63713 8.21678 0.4
    endloop
  endfacet
  facet normal 0 -0.156426 0.98769
    outer loop
      vertex -7.11452 3.47296 3.80384
      vertex 7.17519 2.78346 3.69464
      vertex 7.11452 3.47296 3.80384
    endloop
  endfacet
  facet normal 0 -0.156426 0.98769
    outer loop
      vertex 7.17519 2.78346 3.69464
      vertex -7.11452 3.47296 3.80384
      vertex -7.17519 2.78346 3.69464
    endloop
  endfacet
  facet normal 0 0.0174475 0.999848
    outer loop
      vertex 7.28332 0 3.5
      vertex -7.27655 -0.697989 3.51218
      vertex 7.27655 -0.697989 3.51218
    endloop
  endfacet
  facet normal 0 0.0174475 0.999848
    outer loop
      vertex -7.27655 -0.697989 3.51218
      vertex 7.28332 0 3.5
      vertex -7.28332 0 3.5
    endloop
  endfacet
  facet normal -0.000141295 -0.32582 0.945432
    outer loop
      vertex 5.77235 6.31036 4.52364
      vertex 6.02856 6.18034 4.47887
      vertex 5.90882 6.2507 4.5031
    endloop
  endfacet
  facet normal -7.24781e-05 -0.325699 0.945473
    outer loop
      vertex 5.62246 6.35803 4.54005
      vertex 6.02856 6.18034 4.47887
      vertex 5.77235 6.31036 4.52364
    endloop
  endfacet
  facet normal -2.79302e-05 -0.325736 0.945461
    outer loop
      vertex 5.35509 6.42217 4.56214
      vertex 5.62246 6.35803 4.54005
      vertex 5.4879 6.39859 4.55402
    endloop
  endfacet
  facet normal -7.31402e-05 -0.325904 0.945403
    outer loop
      vertex 5.23194 6.43354 4.56605
      vertex 5.62246 6.35803 4.54005
      vertex 5.35509 6.42217 4.56214
    endloop
  endfacet
  facet normal 5.81572e-06 -0.325539 0.945529
    outer loop
      vertex 5.62246 6.35803 4.54005
      vertex 5.23194 6.43354 4.56605
      vertex 6.02856 6.18034 4.47887
    endloop
  endfacet
  facet normal -1.35103e-05 -0.325594 0.94551
    outer loop
      vertex 5.09999 6.44127 4.56871
      vertex 6.02856 6.18034 4.47887
      vertex 5.23194 6.43354 4.56605
    endloop
  endfacet
  facet normal 0 -0.325551 0.945525
    outer loop
      vertex -5.09999 6.44127 4.56871
      vertex 6.02856 6.18034 4.47887
      vertex 5.09999 6.44127 4.56871
    endloop
  endfacet
  facet normal 1.35282e-05 -0.325594 0.94551
    outer loop
      vertex -6.03321 6.18034 4.47887
      vertex -5.09999 6.44127 4.56871
      vertex -5.23194 6.43354 4.56605
    endloop
  endfacet
  facet normal 6.27931e-05 -0.325733 0.945462
    outer loop
      vertex -6.03321 6.18034 4.47887
      vertex -5.23194 6.43354 4.56605
      vertex -5.39448 6.41351 4.55916
    endloop
  endfacet
  facet normal -4.32428e-06 -0.325562 0.945521
    outer loop
      vertex -5.66197 6.3493 4.53705
      vertex -5.39448 6.41351 4.55916
      vertex -5.52757 6.3899 4.55103
    endloop
  endfacet
  facet normal -1.22211e-05 -0.325532 0.945531
    outer loop
      vertex -5.80522 6.29377 4.51793
      vertex -5.39448 6.41351 4.55916
      vertex -5.66197 6.3493 4.53705
    endloop
  endfacet
  facet normal 1.59538e-05 -0.325619 0.945501
    outer loop
      vertex -5.39448 6.41351 4.55916
      vertex -5.80522 6.29377 4.51793
      vertex -6.03321 6.18034 4.47887
    endloop
  endfacet
  facet normal -0.000137549 -0.325343 0.945596
    outer loop
      vertex -6.03321 6.18034 4.47887
      vertex -5.80522 6.29377 4.51793
      vertex -5.9419 6.2341 4.49738
    endloop
  endfacet
  facet normal 0 -0.325551 0.945525
    outer loop
      vertex -5.09999 6.44127 4.56871
      vertex -6.03321 6.18034 4.47887
      vertex 6.02856 6.18034 4.47887
    endloop
  endfacet
  facet normal 0 -0.0174475 0.999848
    outer loop
      vertex -7.27655 0.697989 3.51218
      vertex 7.28332 0 3.5
      vertex 7.27655 0.697989 3.51218
    endloop
  endfacet
  facet normal 0 -0.0174475 0.999848
    outer loop
      vertex 7.28332 0 3.5
      vertex -7.27655 0.697989 3.51218
      vertex -7.28332 0 3.5
    endloop
  endfacet
  facet normal 0 0.0523422 0.998629
    outer loop
      vertex 7.27655 -0.697989 3.51218
      vertex -7.25625 -1.39513 3.54872
      vertex 7.25625 -1.39513 3.54872
    endloop
  endfacet
  facet normal 0 0.0523422 0.998629
    outer loop
      vertex -7.25625 -1.39513 3.54872
      vertex 7.27655 -0.697989 3.51218
      vertex -7.27655 -0.697989 3.51218
    endloop
  endfacet
  facet normal 0 0.156426 0.98769
    outer loop
      vertex 7.17519 -2.78346 3.69464
      vertex -7.11452 -3.47296 3.80384
      vertex 7.11452 -3.47296 3.80384
    endloop
  endfacet
  facet normal 0 0.156426 0.98769
    outer loop
      vertex -7.11452 -3.47296 3.80384
      vertex 7.17519 -2.78346 3.69464
      vertex -7.17519 -2.78346 3.69464
    endloop
  endfacet
  facet normal 0 -0.0523422 0.998629
    outer loop
      vertex -7.25625 1.39513 3.54872
      vertex 7.27655 0.697989 3.51218
      vertex 7.25625 1.39513 3.54872
    endloop
  endfacet
  facet normal 0 -0.0523422 0.998629
    outer loop
      vertex 7.27655 0.697989 3.51218
      vertex -7.25625 1.39513 3.54872
      vertex -7.27655 0.697989 3.51218
    endloop
  endfacet
  facet normal 0 -0.121875 0.992545
    outer loop
      vertex -7.17519 2.78346 3.69464
      vertex 7.22245 2.09057 3.60956
      vertex 7.17519 2.78346 3.69464
    endloop
  endfacet
  facet normal 0 -0.121875 0.992545
    outer loop
      vertex 7.22245 2.09057 3.60956
      vertex -7.17519 2.78346 3.69464
      vertex -7.22245 2.09057 3.60956
    endloop
  endfacet
  facet normal 0.000137549 0.325343 0.945596
    outer loop
      vertex 6.03321 -6.18034 4.47887
      vertex 5.80522 -6.29377 4.51793
      vertex 5.9419 -6.2341 4.49738
    endloop
  endfacet
  facet normal -1.59538e-05 0.325619 0.945501
    outer loop
      vertex 5.39448 -6.41351 4.55916
      vertex 5.80522 -6.29377 4.51793
      vertex 6.03321 -6.18034 4.47887
    endloop
  endfacet
  facet normal 1.22211e-05 0.325532 0.945531
    outer loop
      vertex 5.80522 -6.29377 4.51793
      vertex 5.39448 -6.41351 4.55916
      vertex 5.66197 -6.3493 4.53705
    endloop
  endfacet
  facet normal 4.32428e-06 0.325562 0.945521
    outer loop
      vertex 5.66197 -6.3493 4.53705
      vertex 5.39448 -6.41351 4.55916
      vertex 5.52757 -6.3899 4.55103
    endloop
  endfacet
  facet normal -6.27931e-05 0.325733 0.945462
    outer loop
      vertex 6.03321 -6.18034 4.47887
      vertex 5.23194 -6.43354 4.56605
      vertex 5.39448 -6.41351 4.55916
    endloop
  endfacet
  facet normal -1.35282e-05 0.325594 0.94551
    outer loop
      vertex 6.03321 -6.18034 4.47887
      vertex 5.09999 -6.44127 4.56871
      vertex 5.23194 -6.43354 4.56605
    endloop
  endfacet
  facet normal 0 0.325551 0.945525
    outer loop
      vertex 6.03321 -6.18034 4.47887
      vertex -5.09999 -6.44127 4.56871
      vertex 5.09999 -6.44127 4.56871
    endloop
  endfacet
  facet normal -0 0.325551 0.945525
    outer loop
      vertex -6.02856 -6.18034 4.47887
      vertex -5.09999 -6.44127 4.56871
      vertex 6.03321 -6.18034 4.47887
    endloop
  endfacet
  facet normal 1.35103e-05 0.325594 0.94551
    outer loop
      vertex -5.09999 -6.44127 4.56871
      vertex -6.02856 -6.18034 4.47887
      vertex -5.23194 -6.43354 4.56605
    endloop
  endfacet
  facet normal -5.81572e-06 0.325539 0.945529
    outer loop
      vertex -5.62246 -6.35803 4.54005
      vertex -5.23194 -6.43354 4.56605
      vertex -6.02856 -6.18034 4.47887
    endloop
  endfacet
  facet normal 7.31402e-05 0.325904 0.945403
    outer loop
      vertex -5.23194 -6.43354 4.56605
      vertex -5.62246 -6.35803 4.54005
      vertex -5.35509 -6.42217 4.56214
    endloop
  endfacet
  facet normal 2.79302e-05 0.325736 0.945461
    outer loop
      vertex -5.35509 -6.42217 4.56214
      vertex -5.62246 -6.35803 4.54005
      vertex -5.4879 -6.39859 4.55402
    endloop
  endfacet
  facet normal 7.24781e-05 0.325699 0.945473
    outer loop
      vertex -5.62246 -6.35803 4.54005
      vertex -6.02856 -6.18034 4.47887
      vertex -5.77235 -6.31036 4.52364
    endloop
  endfacet
  facet normal 0.000141295 0.32582 0.945432
    outer loop
      vertex -5.77235 -6.31036 4.52364
      vertex -6.02856 -6.18034 4.47887
      vertex -5.90882 -6.2507 4.5031
    endloop
  endfacet
  facet normal -0.000116347 0.224959 0.974368
    outer loop
      vertex 7.04051 -4.15823 3.93705
      vertex 6.9159 -4.83844 4.09408
      vertex 6.99998 -4.47422 4.01
    endloop
  endfacet
  facet normal 0 0.224939 0.974373
    outer loop
      vertex 7.04051 -4.15823 3.93705
      vertex -6.9159 -4.83844 4.09408
      vertex 6.9159 -4.83844 4.09408
    endloop
  endfacet
  facet normal -0 0.224939 0.974373
    outer loop
      vertex -7.04051 -4.15823 3.93705
      vertex -6.9159 -4.83844 4.09408
      vertex 7.04051 -4.15823 3.93705
    endloop
  endfacet
  facet normal 0.000116347 0.224959 0.974368
    outer loop
      vertex -6.9159 -4.83844 4.09408
      vertex -7.04051 -4.15823 3.93705
      vertex -6.99998 -4.47422 4.01
    endloop
  endfacet
  facet normal 0.000358569 -0.258685 0.965962
    outer loop
      vertex 6.67706 5.51275 4.27477
      vertex 6.84582 5.09999 4.16417
      vertex 6.7651 5.33285 4.22656
    endloop
  endfacet
  facet normal -0.0011349 -0.259367 0.965778
    outer loop
      vertex 6.67706 5.51275 4.27477
      vertex 6.7651 5.33285 4.22656
      vertex 6.73717 5.39605 4.2435
    endloop
  endfacet
  facet normal -0.000185296 -0.258893 0.965906
    outer loop
      vertex 6.84582 5.09999 4.16417
      vertex 6.67706 5.51275 4.27477
      vertex 6.9159 4.83844 4.09408
    endloop
  endfacet
  facet normal 0 -0.258831 0.965923
    outer loop
      vertex -6.67815 5.51275 4.27477
      vertex 6.9159 4.83844 4.09408
      vertex 6.67706 5.51275 4.27477
    endloop
  endfacet
  facet normal 0.00102043 -0.259309 0.965794
    outer loop
      vertex -6.7651 5.33285 4.22656
      vertex -6.67815 5.51275 4.27477
      vertex -6.74652 5.37974 4.23913
    endloop
  endfacet
  facet normal -0.000374464 -0.25868 0.965963
    outer loop
      vertex -6.84582 5.09999 4.16417
      vertex -6.67815 5.51275 4.27477
      vertex -6.7651 5.33285 4.22656
    endloop
  endfacet
  facet normal 0.000188835 -0.258893 0.965906
    outer loop
      vertex -6.67815 5.51275 4.27477
      vertex -6.84582 5.09999 4.16417
      vertex -6.9159 4.83844 4.09408
    endloop
  endfacet
  facet normal 0 -0.258831 0.965923
    outer loop
      vertex -6.67815 5.51275 4.27477
      vertex -6.9159 4.83844 4.09408
      vertex 6.9159 4.83844 4.09408
    endloop
  endfacet
  facet normal 0.000589415 0.292011 0.956415
    outer loop
      vertex 6.67815 -5.51275 4.27477
      vertex 6.51698 -5.74677 4.34632
      vertex 6.63967 -5.58237 4.29605
    endloop
  endfacet
  facet normal -0.000129553 0.292464 0.956276
    outer loop
      vertex 6.1863 -6.07245 4.44588
      vertex 6.51698 -5.74677 4.34632
      vertex 6.67815 -5.51275 4.27477
    endloop
  endfacet
  facet normal -9.07541e-05 0.292428 0.956287
    outer loop
      vertex 6.51698 -5.74677 4.34632
      vertex 6.1863 -6.07245 4.44588
      vertex 6.45341 -5.82874 4.37138
    endloop
  endfacet
  facet normal 0.00010102 0.292236 0.956346
    outer loop
      vertex 6.45341 -5.82874 4.37138
      vertex 6.1863 -6.07245 4.44588
      vertex 6.32126 -5.96506 4.41305
    endloop
  endfacet
  facet normal 0.000101005 0.292279 0.956333
    outer loop
      vertex 6.03321 -6.18034 4.47887
      vertex 6.1863 -6.07245 4.44588
      vertex 6.67815 -5.51275 4.27477
    endloop
  endfacet
  facet normal -5.47575e-05 0.292481 0.956271
    outer loop
      vertex 6.1863 -6.07245 4.44588
      vertex 6.03321 -6.18034 4.47887
      vertex 6.0796 -6.15205 4.47022
    endloop
  endfacet
  facet normal 0 0.292368 0.956306
    outer loop
      vertex 6.67815 -5.51275 4.27477
      vertex -6.02856 -6.18034 4.47887
      vertex 6.03321 -6.18034 4.47887
    endloop
  endfacet
  facet normal -0 0.292368 0.956306
    outer loop
      vertex -6.67706 -5.51275 4.27477
      vertex -6.02856 -6.18034 4.47887
      vertex 6.67815 -5.51275 4.27477
    endloop
  endfacet
  facet normal -0.000310357 0.292092 0.95639
    outer loop
      vertex -6.02856 -6.18034 4.47887
      vertex -6.67706 -5.51275 4.27477
      vertex -6.04734 -6.1689 4.47537
    endloop
  endfacet
  facet normal 4.04179e-05 0.2924 0.956296
    outer loop
      vertex -6.43178 -5.84873 4.37749
      vertex -6.04734 -6.1689 4.47537
      vertex -6.67706 -5.51275 4.27477
    endloop
  endfacet
  facet normal -1.53734e-05 0.292339 0.956315
    outer loop
      vertex -6.04734 -6.1689 4.47537
      vertex -6.43178 -5.84873 4.37749
      vertex -6.16334 -6.0937 4.45238
    endloop
  endfacet
  facet normal -0.000290816 0.292063 0.956399
    outer loop
      vertex -6.16334 -6.0937 4.45238
      vertex -6.43178 -5.84873 4.37749
      vertex -6.29858 -5.98587 4.41941
    endloop
  endfacet
  facet normal -4.13046e-05 0.292346 0.956313
    outer loop
      vertex -6.43178 -5.84873 4.37749
      vertex -6.67706 -5.51275 4.27477
      vertex -6.50458 -5.76719 4.35256
    endloop
  endfacet
  facet normal -0.000450038 0.292092 0.95639
    outer loop
      vertex -6.50458 -5.76719 4.35256
      vertex -6.67706 -5.51275 4.27477
      vertex -6.62813 -5.60108 4.30177
    endloop
  endfacet
  facet normal 0 0.190819 0.981625
    outer loop
      vertex 7.11452 -3.47296 3.80384
      vertex -7.04051 -4.15823 3.93705
      vertex 7.04051 -4.15823 3.93705
    endloop
  endfacet
  facet normal 0 0.190819 0.981625
    outer loop
      vertex -7.04051 -4.15823 3.93705
      vertex 7.11452 -3.47296 3.80384
      vertex -7.11452 -3.47296 3.80384
    endloop
  endfacet
  facet normal 0 0.0871513 0.996195
    outer loop
      vertex 7.25625 -1.39513 3.54872
      vertex 2.53519 -2.09057 3.60956
      vertex 7.22245 -2.09057 3.60956
    endloop
  endfacet
  facet normal -4.28535e-06 0.0871802 0.996193
    outer loop
      vertex 7.25625 -1.39513 3.54872
      vertex 2.51596 -2.03138 3.60438
      vertex 2.53519 -2.09057 3.60956
    endloop
  endfacet
  facet normal 4.29722e-06 0.0871167 0.996198
    outer loop
      vertex 7.25625 -1.39513 3.54872
      vertex 2.15999 -1.85 3.58852
      vertex 2.51596 -2.03138 3.60438
    endloop
  endfacet
  facet normal 0 0.0871645 0.996194
    outer loop
      vertex 7.25625 -1.39513 3.54872
      vertex -2.15999 -1.85 3.58852
      vertex 2.15999 -1.85 3.58852
    endloop
  endfacet
  facet normal -4.13284e-06 0.0871233 0.996198
    outer loop
      vertex -7.25625 -1.39513 3.54872
      vertex -2.49837 -2.09057 3.60956
      vertex -2.41861 -1.93403 3.59587
    endloop
  endfacet
  facet normal -2.00653e-06 0.0871422 0.996196
    outer loop
      vertex -7.25625 -1.39513 3.54872
      vertex -2.41861 -1.93403 3.59587
      vertex -2.15999 -1.85 3.58852
    endloop
  endfacet
  facet normal -0 0.0871645 0.996194
    outer loop
      vertex -7.25625 -1.39513 3.54872
      vertex -2.15999 -1.85 3.58852
      vertex 7.25625 -1.39513 3.54872
    endloop
  endfacet
  facet normal 0 0.0871513 0.996195
    outer loop
      vertex -2.49837 -2.09057 3.60956
      vertex -7.25625 -1.39513 3.54872
      vertex -7.22245 -2.09057 3.60956
    endloop
  endfacet
  facet normal -0.000188835 0.258893 0.965906
    outer loop
      vertex 6.67815 -5.51275 4.27477
      vertex 6.84582 -5.09999 4.16417
      vertex 6.9159 -4.83844 4.09408
    endloop
  endfacet
  facet normal 0.000374464 0.25868 0.965963
    outer loop
      vertex 6.84582 -5.09999 4.16417
      vertex 6.67815 -5.51275 4.27477
      vertex 6.7651 -5.33285 4.22656
    endloop
  endfacet
  facet normal -0.00102043 0.259309 0.965794
    outer loop
      vertex 6.7651 -5.33285 4.22656
      vertex 6.67815 -5.51275 4.27477
      vertex 6.74652 -5.37974 4.23913
    endloop
  endfacet
  facet normal 0 0.258831 0.965923
    outer loop
      vertex 6.9159 -4.83844 4.09408
      vertex -6.67706 -5.51275 4.27477
      vertex 6.67815 -5.51275 4.27477
    endloop
  endfacet
  facet normal -0 0.258831 0.965923
    outer loop
      vertex -6.9159 -4.83844 4.09408
      vertex -6.67706 -5.51275 4.27477
      vertex 6.9159 -4.83844 4.09408
    endloop
  endfacet
  facet normal 0.000185296 0.258893 0.965906
    outer loop
      vertex -6.84582 -5.09999 4.16417
      vertex -6.67706 -5.51275 4.27477
      vertex -6.9159 -4.83844 4.09408
    endloop
  endfacet
  facet normal 2.79392e-06 0.258823 0.965925
    outer loop
      vertex -6.67706 -5.51275 4.27477
      vertex -6.84582 -5.09999 4.16417
      vertex -6.73717 -5.39605 4.2435
    endloop
  endfacet
  facet normal -0.00110251 0.258444 0.966026
    outer loop
      vertex -6.73717 -5.39605 4.2435
      vertex -6.84582 -5.09999 4.16417
      vertex -6.7651 -5.33285 4.22656
    endloop
  endfacet
  facet normal 0.000450038 -0.292092 0.95639
    outer loop
      vertex 6.50458 5.76719 4.35256
      vertex 6.67706 5.51275 4.27477
      vertex 6.62813 5.60108 4.30177
    endloop
  endfacet
  facet normal 4.13046e-05 -0.292346 0.956313
    outer loop
      vertex 6.43178 5.84873 4.37749
      vertex 6.67706 5.51275 4.27477
      vertex 6.50458 5.76719 4.35256
    endloop
  endfacet
  facet normal 0.000290816 -0.292063 0.956399
    outer loop
      vertex 6.16334 6.0937 4.45238
      vertex 6.43178 5.84873 4.37749
      vertex 6.29858 5.98587 4.41941
    endloop
  endfacet
  facet normal 1.53734e-05 -0.292339 0.956315
    outer loop
      vertex 6.04734 6.1689 4.47537
      vertex 6.43178 5.84873 4.37749
      vertex 6.16334 6.0937 4.45238
    endloop
  endfacet
  facet normal -4.04179e-05 -0.2924 0.956296
    outer loop
      vertex 6.43178 5.84873 4.37749
      vertex 6.04734 6.1689 4.47537
      vertex 6.67706 5.51275 4.27477
    endloop
  endfacet
  facet normal 0.000310357 -0.292092 0.95639
    outer loop
      vertex 6.02856 6.18034 4.47887
      vertex 6.67706 5.51275 4.27477
      vertex 6.04734 6.1689 4.47537
    endloop
  endfacet
  facet normal 0 -0.292368 0.956306
    outer loop
      vertex -6.03321 6.18034 4.47887
      vertex 6.67706 5.51275 4.27477
      vertex 6.02856 6.18034 4.47887
    endloop
  endfacet
  facet normal 5.47575e-05 -0.292481 0.956271
    outer loop
      vertex -6.1863 6.07245 4.44588
      vertex -6.03321 6.18034 4.47887
      vertex -6.0796 6.15205 4.47022
    endloop
  endfacet
  facet normal -0.000101005 -0.292279 0.956333
    outer loop
      vertex -6.03321 6.18034 4.47887
      vertex -6.1863 6.07245 4.44588
      vertex -6.67815 5.51275 4.27477
    endloop
  endfacet
  facet normal -3.69296e-05 -0.29231 0.956324
    outer loop
      vertex -6.51698 5.74677 4.34632
      vertex -6.1863 6.07245 4.44588
      vertex -6.32126 5.96506 4.41305
    endloop
  endfacet
  facet normal 0.000215972 -0.292517 0.95626
    outer loop
      vertex -6.51698 5.74677 4.34632
      vertex -6.32126 5.96506 4.41305
      vertex -6.45341 5.82874 4.37138
    endloop
  endfacet
  facet normal 0.000129553 -0.292464 0.956276
    outer loop
      vertex -6.1863 6.07245 4.44588
      vertex -6.51698 5.74677 4.34632
      vertex -6.67815 5.51275 4.27477
    endloop
  endfacet
  facet normal -0.000589415 -0.292011 0.956415
    outer loop
      vertex -6.67815 5.51275 4.27477
      vertex -6.51698 5.74677 4.34632
      vertex -6.63967 5.58237 4.29605
    endloop
  endfacet
  facet normal 0 -0.292368 0.956306
    outer loop
      vertex -6.03321 6.18034 4.47887
      vertex -6.67815 5.51275 4.27477
      vertex 6.67706 5.51275 4.27477
    endloop
  endfacet
  facet normal 0 -0.0871513 0.996195
    outer loop
      vertex -7.22245 2.09057 3.60956
      vertex 7.25625 1.39513 3.54872
      vertex 7.22245 2.09057 3.60956
    endloop
  endfacet
  facet normal 0 -0.0871513 0.996195
    outer loop
      vertex 7.25625 1.39513 3.54872
      vertex -7.22245 2.09057 3.60956
      vertex -7.25625 1.39513 3.54872
    endloop
  endfacet
  facet normal -0.000116347 -0.224959 0.974368
    outer loop
      vertex 6.9159 4.83844 4.09408
      vertex 7.04051 4.15823 3.93705
      vertex 6.99998 4.47422 4.01
    endloop
  endfacet
  facet normal 0 -0.224939 0.974373
    outer loop
      vertex -6.9159 4.83844 4.09408
      vertex 7.04051 4.15823 3.93705
      vertex 6.9159 4.83844 4.09408
    endloop
  endfacet
  facet normal 0.000116347 -0.224959 0.974368
    outer loop
      vertex -7.04051 4.15823 3.93705
      vertex -6.9159 4.83844 4.09408
      vertex -6.99998 4.47422 4.01
    endloop
  endfacet
  facet normal 0 -0.224939 0.974373
    outer loop
      vertex -6.9159 4.83844 4.09408
      vertex -7.04051 4.15823 3.93705
      vertex 7.04051 4.15823 3.93705
    endloop
  endfacet
  facet normal 0 -0.190819 0.981625
    outer loop
      vertex -7.04051 4.15823 3.93705
      vertex 7.11452 3.47296 3.80384
      vertex 7.04051 4.15823 3.93705
    endloop
  endfacet
  facet normal 0 -0.190819 0.981625
    outer loop
      vertex 7.11452 3.47296 3.80384
      vertex -7.04051 4.15823 3.93705
      vertex -7.11452 3.47296 3.80384
    endloop
  endfacet
  facet normal 2.40616e-05 0.121651 0.992573
    outer loop
      vertex -2.59999 -2.29 3.63405
      vertex -7.17519 -2.78346 3.69464
      vertex -2.59999 -2.30999 3.6365
    endloop
  endfacet
  facet normal -0 0.121884 0.992544
    outer loop
      vertex -7.22245 -2.09057 3.60956
      vertex -2.59999 -2.29 3.63405
      vertex -2.49837 -2.09057 3.60956
    endloop
  endfacet
  facet normal -4.26336e-07 0.121875 0.992545
    outer loop
      vertex -2.59999 -2.29 3.63405
      vertex -7.22245 -2.09057 3.60956
      vertex -7.17519 -2.78346 3.69464
    endloop
  endfacet
  facet normal 4.26336e-07 0.121875 0.992545
    outer loop
      vertex 7.22245 -2.09057 3.60956
      vertex 2.59999 -2.29 3.63405
      vertex 7.17519 -2.78346 3.69464
    endloop
  endfacet
  facet normal 0 0.121884 0.992544
    outer loop
      vertex 2.59999 -2.29 3.63405
      vertex 7.22245 -2.09057 3.60956
      vertex 2.53519 -2.09057 3.60956
    endloop
  endfacet
  facet normal -2.40616e-05 0.121651 0.992573
    outer loop
      vertex 2.59999 -2.30999 3.6365
      vertex 7.17519 -2.78346 3.69464
      vertex 2.59999 -2.29 3.63405
    endloop
  endfacet
  facet normal -7.54587e-07 0.121873 0.992546
    outer loop
      vertex 2.41861 -2.66597 3.68021
      vertex 7.17519 -2.78346 3.69464
      vertex 2.59999 -2.30999 3.6365
    endloop
  endfacet
  facet normal -1.29468e-07 0.121898 0.992543
    outer loop
      vertex 2.15999 -2.75 3.69053
      vertex 7.17519 -2.78346 3.69464
      vertex 2.41861 -2.66597 3.68021
    endloop
  endfacet
  facet normal -0 0.121917 0.99254
    outer loop
      vertex -2.15999 -2.75 3.69053
      vertex 7.17519 -2.78346 3.69464
      vertex 2.15999 -2.75 3.69053
    endloop
  endfacet
  facet normal 0 0.121917 0.99254
    outer loop
      vertex -2.15999 -2.75 3.69053
      vertex -7.17519 -2.78346 3.69464
      vertex 7.17519 -2.78346 3.69464
    endloop
  endfacet
  facet normal 3.86306e-07 0.12186 0.992547
    outer loop
      vertex -2.51596 -2.56861 3.66826
      vertex -7.17519 -2.78346 3.69464
      vertex -2.15999 -2.75 3.69053
    endloop
  endfacet
  facet normal -1.00665e-06 0.12189 0.992544
    outer loop
      vertex -7.17519 -2.78346 3.69464
      vertex -2.51596 -2.56861 3.66826
      vertex -2.59999 -2.30999 3.6365
    endloop
  endfacet
  facet normal 0.665459 -0.407793 -0.625195
    outer loop
      vertex -6.93713 6.51678 2.06
      vertex -8.29291 7.46257 0
      vertex -8.13713 7.71678 0
    endloop
  endfacet
  facet normal 0.665459 -0.407793 -0.625195
    outer loop
      vertex -8.29291 7.46257 0
      vertex -6.93713 6.51678 2.06
      vertex -7.09291 6.26257 2.06
    endloop
  endfacet
  facet normal -0.304505 0.735173 -0.605638
    outer loop
      vertex 7.18712 -8.407 0
      vertex 6.26257 -7.09291 2.06
      vertex 7.46257 -8.29291 0
    endloop
  endfacet
  facet normal -0.304505 0.735173 -0.605638
    outer loop
      vertex 6.26257 -7.09291 2.06
      vertex 7.18712 -8.407 0
      vertex 5.98712 -7.207 2.06
    endloop
  endfacet
  facet normal -0.0664835 -0.844844 -0.530866
    outer loop
      vertex 6.59999 8.49998 0
      vertex 5.69722 7.2766 2.06
      vertex 5.39999 7.29999 2.06
    endloop
  endfacet
  facet normal -0.0664835 -0.844844 -0.530866
    outer loop
      vertex 5.69722 7.2766 2.06
      vertex 6.59999 8.49998 0
      vertex 6.89722 8.47659 0
    endloop
  endfacet
  facet normal 0 -0.864085 -0.503346
    outer loop
      vertex -6.59999 8.49998 0
      vertex 5.39999 7.29999 2.06
      vertex -5.39999 7.29999 2.06
    endloop
  endfacet
  facet normal 0 -0.864085 -0.503346
    outer loop
      vertex 5.39999 7.29999 2.06
      vertex -6.59999 8.49998 0
      vertex 6.59999 8.49998 0
    endloop
  endfacet
  facet normal 0.735173 -0.304505 -0.605638
    outer loop
      vertex -7.09291 6.26257 2.06
      vertex -8.407 7.18712 0
      vertex -8.29291 7.46257 0
    endloop
  endfacet
  facet normal 0.735173 -0.304505 -0.605638
    outer loop
      vertex -8.407 7.18712 0
      vertex -7.09291 6.26257 2.06
      vertex -7.207 5.98712 2.06
    endloop
  endfacet
  facet normal -0.191007 0.795702 -0.574782
    outer loop
      vertex 6.89722 -8.47659 0
      vertex 5.98712 -7.207 2.06
      vertex 7.18712 -8.407 0
    endloop
  endfacet
  facet normal -0.191032 0.795692 -0.574787
    outer loop
      vertex 5.98712 -7.207 2.06
      vertex 6.89722 -8.47659 0
      vertex 5.69722 -7.2766 2.06
    endloop
  endfacet
  facet normal 0 0.864085 -0.503346
    outer loop
      vertex 6.59999 -8.49998 0
      vertex -5.39999 -7.29999 2.06
      vertex 5.39999 -7.29999 2.06
    endloop
  endfacet
  facet normal 0 0.864085 -0.503346
    outer loop
      vertex -5.39999 -7.29999 2.06
      vertex 6.59999 -8.49998 0
      vertex -6.59999 -8.49998 0
    endloop
  endfacet
  facet normal -0.665459 0.407793 -0.625195
    outer loop
      vertex 8.29291 -7.46257 0
      vertex 6.93713 -6.51678 2.06
      vertex 7.09291 -6.26257 2.06
    endloop
  endfacet
  facet normal -0.665459 0.407793 -0.625195
    outer loop
      vertex 6.93713 -6.51678 2.06
      vertex 8.29291 -7.46257 0
      vertex 8.13713 -7.71678 0
    endloop
  endfacet
  facet normal 0.0664835 0.844844 -0.530866
    outer loop
      vertex -6.59999 -8.49998 0
      vertex -5.69722 -7.2766 2.06
      vertex -5.39999 -7.29999 2.06
    endloop
  endfacet
  facet normal 0.0664835 0.844844 -0.530866
    outer loop
      vertex -5.69722 -7.2766 2.06
      vertex -6.59999 -8.49998 0
      vertex -6.89722 -8.47659 0
    endloop
  endfacet
  facet normal -0.407793 0.665459 -0.625195
    outer loop
      vertex 7.46257 -8.29291 0
      vertex 6.51678 -6.93713 2.06
      vertex 7.71678 -8.13713 0
    endloop
  endfacet
  facet normal -0.407793 0.665459 -0.625195
    outer loop
      vertex 6.51678 -6.93713 2.06
      vertex 7.46257 -8.29291 0
      vertex 6.26257 -7.09291 2.06
    endloop
  endfacet
  facet normal 0.735173 0.304505 -0.605638
    outer loop
      vertex -7.09291 -6.26257 2.06
      vertex -8.407 -7.18712 0
      vertex -7.207 -5.98712 2.06
    endloop
  endfacet
  facet normal 0.735173 0.304505 -0.605638
    outer loop
      vertex -8.407 -7.18712 0
      vertex -7.09291 -6.26257 2.06
      vertex -8.29291 -7.46257 0
    endloop
  endfacet
  facet normal 0 0 -1
    outer loop
      vertex 5.39999 -7.29999 2.06
      vertex 7.29999 -5.39999 2.06
      vertex 7.2766 -5.69722 2.06
    endloop
  endfacet
  facet normal 0 0 -1
    outer loop
      vertex 7.29999 -5.39999 2.06
      vertex 3.425 -1.375 2.06
      vertex 7.29999 5.39999 2.06
    endloop
  endfacet
  facet normal 0 0 -1
    outer loop
      vertex 5.39999 -7.29999 2.06
      vertex 7.2766 -5.69722 2.06
      vertex 7.207 -5.98712 2.06
    endloop
  endfacet
  facet normal 0 0 -1
    outer loop
      vertex 3.425 1.375 2.06
      vertex 7.29999 5.39999 2.06
      vertex 3.425 -1.375 2.06
    endloop
  endfacet
  facet normal 0 0 -1
    outer loop
      vertex 5.39999 -7.29999 2.06
      vertex 7.207 -5.98712 2.06
      vertex 7.09291 -6.26257 2.06
    endloop
  endfacet
  facet normal 0 0 -1
    outer loop
      vertex 3.32499 1.47501 2.06
      vertex 7.29999 5.39999 2.06
      vertex 3.425 1.375 2.06
    endloop
  endfacet
  facet normal 0 0 -1
    outer loop
      vertex 5.39999 -7.29999 2.06
      vertex 7.09291 -6.26257 2.06
      vertex 6.93713 -6.51678 2.06
    endloop
  endfacet
  facet normal 0 -0 -1
    outer loop
      vertex 5.39999 7.29999 2.06
      vertex 7.29999 5.39999 2.06
      vertex 3.32499 1.47501 2.06
    endloop
  endfacet
  facet normal 0 0 -1
    outer loop
      vertex 5.39999 -7.29999 2.06
      vertex 6.93713 -6.51678 2.06
      vertex 6.7435 -6.7435 2.06
    endloop
  endfacet
  facet normal 0 0 -1
    outer loop
      vertex 7.29999 5.39999 2.06
      vertex 5.39999 7.29999 2.06
      vertex 7.2766 5.69722 2.06
    endloop
  endfacet
  facet normal 0 0 -1
    outer loop
      vertex 5.39999 -7.29999 2.06
      vertex 6.7435 -6.7435 2.06
      vertex 6.51678 -6.93713 2.06
    endloop
  endfacet
  facet normal 0 0 -1
    outer loop
      vertex 7.2766 5.69722 2.06
      vertex 5.39999 7.29999 2.06
      vertex 7.207 5.98712 2.06
    endloop
  endfacet
  facet normal 0 0 -1
    outer loop
      vertex 5.39999 -7.29999 2.06
      vertex 6.51678 -6.93713 2.06
      vertex 6.26257 -7.09291 2.06
    endloop
  endfacet
  facet normal 0 0 -1
    outer loop
      vertex 7.207 5.98712 2.06
      vertex 5.39999 7.29999 2.06
      vertex 7.09291 6.26257 2.06
    endloop
  endfacet
  facet normal 0 0 -1
    outer loop
      vertex 5.39999 -7.29999 2.06
      vertex 6.26257 -7.09291 2.06
      vertex 5.98712 -7.207 2.06
    endloop
  endfacet
  facet normal 0 0 -1
    outer loop
      vertex 7.09291 6.26257 2.06
      vertex 5.39999 7.29999 2.06
      vertex 6.93713 6.51678 2.06
    endloop
  endfacet
  facet normal 0 0 -1
    outer loop
      vertex 5.39999 -7.29999 2.06
      vertex 5.98712 -7.207 2.06
      vertex 5.69722 -7.2766 2.06
    endloop
  endfacet
  facet normal 0 0 -1
    outer loop
      vertex 6.93713 6.51678 2.06
      vertex 5.39999 7.29999 2.06
      vertex 6.7435 6.7435 2.06
    endloop
  endfacet
  facet normal -0 0 -1
    outer loop
      vertex 7.29999 -5.39999 2.06
      vertex 5.39999 -7.29999 2.06
      vertex 3.32499 -1.47501 2.06
    endloop
  endfacet
  facet normal 0 0 -1
    outer loop
      vertex 6.7435 6.7435 2.06
      vertex 5.39999 7.29999 2.06
      vertex 6.51678 6.93713 2.06
    endloop
  endfacet
  facet normal 0 0 -1
    outer loop
      vertex 6.51678 6.93713 2.06
      vertex 5.39999 7.29999 2.06
      vertex 6.26257 7.09291 2.06
    endloop
  endfacet
  facet normal 0 0 -1
    outer loop
      vertex 7.29999 -5.39999 2.06
      vertex 3.32499 -1.47501 2.06
      vertex 3.425 -1.375 2.06
    endloop
  endfacet
  facet normal 0 0 -1
    outer loop
      vertex 5.39999 -7.29999 2.06
      vertex 2.37501 -1.47501 2.06
      vertex 3.32499 -1.47501 2.06
    endloop
  endfacet
  facet normal 0 0 -1
    outer loop
      vertex -2.37501 -1.47501 2.06
      vertex 2.37501 -1.47501 2.06
      vertex 5.39999 -7.29999 2.06
    endloop
  endfacet
  facet normal 0 0 -1
    outer loop
      vertex 2.275 -1.375 2.06
      vertex -2.275 -1.375 2.06
      vertex 2.275 1.375 2.06
    endloop
  endfacet
  facet normal 0 0 -1
    outer loop
      vertex 2.37501 -1.47501 2.06
      vertex -2.37501 -1.47501 2.06
      vertex 2.275 -1.375 2.06
    endloop
  endfacet
  facet normal -0 0 -1
    outer loop
      vertex 2.275 -1.375 2.06
      vertex -2.37501 -1.47501 2.06
      vertex -2.275 -1.375 2.06
    endloop
  endfacet
  facet normal 0 0 -1
    outer loop
      vertex -5.39999 -7.29999 2.06
      vertex -2.37501 -1.47501 2.06
      vertex 5.39999 -7.29999 2.06
    endloop
  endfacet
  facet normal -0 0 -1
    outer loop
      vertex -3.32499 -1.47501 2.06
      vertex -7.29999 -5.39999 2.06
      vertex -3.425 -1.375 2.06
    endloop
  endfacet
  facet normal 0 0 -1
    outer loop
      vertex -7.29999 -5.39999 2.06
      vertex -3.32499 -1.47501 2.06
      vertex -5.39999 -7.29999 2.06
    endloop
  endfacet
  facet normal -0 0 -1
    outer loop
      vertex -2.37501 -1.47501 2.06
      vertex -5.39999 -7.29999 2.06
      vertex -3.32499 -1.47501 2.06
    endloop
  endfacet
  facet normal 0 0 -1
    outer loop
      vertex 6.26257 7.09291 2.06
      vertex 5.39999 7.29999 2.06
      vertex 5.98712 7.207 2.06
    endloop
  endfacet
  facet normal 0 0 -1
    outer loop
      vertex 5.98712 7.207 2.06
      vertex 5.39999 7.29999 2.06
      vertex 5.69722 7.2766 2.06
    endloop
  endfacet
  facet normal 0 0 -1
    outer loop
      vertex 2.37501 1.47501 2.06
      vertex 5.39999 7.29999 2.06
      vertex 3.32499 1.47501 2.06
    endloop
  endfacet
  facet normal 0 0 -1
    outer loop
      vertex -2.37501 1.47501 2.06
      vertex 2.37501 1.47501 2.06
      vertex 2.275 1.375 2.06
    endloop
  endfacet
  facet normal 0 0 -1
    outer loop
      vertex -2.275 1.375 2.06
      vertex 2.275 1.375 2.06
      vertex -2.275 -1.375 2.06
    endloop
  endfacet
  facet normal 0 0 -1
    outer loop
      vertex -2.37501 1.47501 2.06
      vertex 2.275 1.375 2.06
      vertex -2.275 1.375 2.06
    endloop
  endfacet
  facet normal 0 0 -1
    outer loop
      vertex 2.37501 1.47501 2.06
      vertex -2.37501 1.47501 2.06
      vertex 5.39999 7.29999 2.06
    endloop
  endfacet
  facet normal 0 0 -1
    outer loop
      vertex -5.39999 7.29999 2.06
      vertex -2.37501 1.47501 2.06
      vertex -3.32499 1.47501 2.06
    endloop
  endfacet
  facet normal 0 0 -1
    outer loop
      vertex -2.37501 1.47501 2.06
      vertex -5.39999 7.29999 2.06
      vertex 5.39999 7.29999 2.06
    endloop
  endfacet
  facet normal 0 0 -1
    outer loop
      vertex -7.29999 5.39999 2.06
      vertex -3.32499 1.47501 2.06
      vertex -3.425 1.375 2.06
    endloop
  endfacet
  facet normal -0 0 -1
    outer loop
      vertex -3.425 -1.375 2.06
      vertex -7.29999 -5.39999 2.06
      vertex -3.425 1.375 2.06
    endloop
  endfacet
  facet normal 0 0 -1
    outer loop
      vertex -7.29999 -5.39999 2.06
      vertex -5.39999 -7.29999 2.06
      vertex -5.69722 -7.2766 2.06
    endloop
  endfacet
  facet normal 0 0 -1
    outer loop
      vertex -7.29999 5.39999 2.06
      vertex -3.425 1.375 2.06
      vertex -7.29999 -5.39999 2.06
    endloop
  endfacet
  facet normal 0 0 -1
    outer loop
      vertex -7.29999 -5.39999 2.06
      vertex -5.69722 -7.2766 2.06
      vertex -5.98712 -7.207 2.06
    endloop
  endfacet
  facet normal 0 0 -1
    outer loop
      vertex -3.32499 1.47501 2.06
      vertex -7.29999 5.39999 2.06
      vertex -5.39999 7.29999 2.06
    endloop
  endfacet
  facet normal 0 0 -1
    outer loop
      vertex -7.29999 -5.39999 2.06
      vertex -5.98712 -7.207 2.06
      vertex -6.26257 -7.09291 2.06
    endloop
  endfacet
  facet normal 0 0 -1
    outer loop
      vertex -5.39999 7.29999 2.06
      vertex -7.29999 5.39999 2.06
      vertex -5.69722 7.2766 2.06
    endloop
  endfacet
  facet normal 0 0 -1
    outer loop
      vertex -7.29999 -5.39999 2.06
      vertex -6.26257 -7.09291 2.06
      vertex -6.51678 -6.93713 2.06
    endloop
  endfacet
  facet normal 0 0 -1
    outer loop
      vertex -5.69722 7.2766 2.06
      vertex -7.29999 5.39999 2.06
      vertex -5.98712 7.207 2.06
    endloop
  endfacet
  facet normal 0 0 -1
    outer loop
      vertex -7.29999 -5.39999 2.06
      vertex -6.51678 -6.93713 2.06
      vertex -6.7435 -6.7435 2.06
    endloop
  endfacet
  facet normal 0 0 -1
    outer loop
      vertex -5.98712 7.207 2.06
      vertex -7.29999 5.39999 2.06
      vertex -6.26257 7.09291 2.06
    endloop
  endfacet
  facet normal 0 0 -1
    outer loop
      vertex -7.29999 -5.39999 2.06
      vertex -6.7435 -6.7435 2.06
      vertex -6.93713 -6.51678 2.06
    endloop
  endfacet
  facet normal 0 0 -1
    outer loop
      vertex -6.26257 7.09291 2.06
      vertex -7.29999 5.39999 2.06
      vertex -6.51678 6.93713 2.06
    endloop
  endfacet
  facet normal 0 0 -1
    outer loop
      vertex -7.29999 -5.39999 2.06
      vertex -6.93713 -6.51678 2.06
      vertex -7.09291 -6.26257 2.06
    endloop
  endfacet
  facet normal 0 0 -1
    outer loop
      vertex -6.51678 6.93713 2.06
      vertex -7.29999 5.39999 2.06
      vertex -6.7435 6.7435 2.06
    endloop
  endfacet
  facet normal 0 0 -1
    outer loop
      vertex -7.29999 -5.39999 2.06
      vertex -7.09291 -6.26257 2.06
      vertex -7.207 -5.98712 2.06
    endloop
  endfacet
  facet normal 0 0 -1
    outer loop
      vertex -6.7435 6.7435 2.06
      vertex -7.29999 5.39999 2.06
      vertex -6.93713 6.51678 2.06
    endloop
  endfacet
  facet normal 0 0 -1
    outer loop
      vertex -7.29999 -5.39999 2.06
      vertex -7.207 -5.98712 2.06
      vertex -7.2766 -5.69722 2.06
    endloop
  endfacet
  facet normal 0 0 -1
    outer loop
      vertex -6.93713 6.51678 2.06
      vertex -7.29999 5.39999 2.06
      vertex -7.09291 6.26257 2.06
    endloop
  endfacet
  facet normal 0 0 -1
    outer loop
      vertex -7.09291 6.26257 2.06
      vertex -7.29999 5.39999 2.06
      vertex -7.207 5.98712 2.06
    endloop
  endfacet
  facet normal 0 0 -1
    outer loop
      vertex -7.207 5.98712 2.06
      vertex -7.29999 5.39999 2.06
      vertex -7.2766 5.69722 2.06
    endloop
  endfacet
  facet normal -0.844844 0.0664835 -0.530866
    outer loop
      vertex 8.49998 -6.59999 0
      vertex 7.2766 -5.69722 2.06
      vertex 7.29999 -5.39999 2.06
    endloop
  endfacet
  facet normal -0.844844 0.0664835 -0.530866
    outer loop
      vertex 7.2766 -5.69722 2.06
      vertex 8.49998 -6.59999 0
      vertex 8.47659 -6.89722 0
    endloop
  endfacet
  facet normal 0.864085 0 -0.503346
    outer loop
      vertex -7.29999 -5.39999 2.06
      vertex -8.49998 6.59999 0
      vertex -7.29999 5.39999 2.06
    endloop
  endfacet
  facet normal 0.864085 0 -0.503346
    outer loop
      vertex -8.49998 6.59999 0
      vertex -7.29999 -5.39999 2.06
      vertex -8.49998 -6.59999 0
    endloop
  endfacet
  facet normal 0.501873 0.58764 -0.634668
    outer loop
      vertex -7.71678 -8.13713 0
      vertex -6.7435 -6.7435 2.06
      vertex -6.51678 -6.93713 2.06
    endloop
  endfacet
  facet normal 0.501873 0.58764 -0.634668
    outer loop
      vertex -6.7435 -6.7435 2.06
      vertex -7.71678 -8.13713 0
      vertex -7.9435 -7.9435 0
    endloop
  endfacet
  facet normal 0.58764 0.501873 -0.634668
    outer loop
      vertex -8.13713 -7.71678 0
      vertex -6.7435 -6.7435 2.06
      vertex -7.9435 -7.9435 0
    endloop
  endfacet
  facet normal 0.58764 0.501873 -0.634668
    outer loop
      vertex -6.7435 -6.7435 2.06
      vertex -8.13713 -7.71678 0
      vertex -6.93713 -6.51678 2.06
    endloop
  endfacet
  facet normal -0.795692 0.191032 -0.574787
    outer loop
      vertex 8.47659 -6.89722 0
      vertex 7.207 -5.98712 2.06
      vertex 7.2766 -5.69722 2.06
    endloop
  endfacet
  facet normal -0.795702 0.191007 -0.574782
    outer loop
      vertex 7.207 -5.98712 2.06
      vertex 8.47659 -6.89722 0
      vertex 8.407 -7.18712 0
    endloop
  endfacet
  facet normal -0.407793 -0.665459 -0.625195
    outer loop
      vertex 7.46257 8.29291 0
      vertex 6.51678 6.93713 2.06
      vertex 6.26257 7.09291 2.06
    endloop
  endfacet
  facet normal -0.407793 -0.665459 -0.625195
    outer loop
      vertex 6.51678 6.93713 2.06
      vertex 7.46257 8.29291 0
      vertex 7.71678 8.13713 0
    endloop
  endfacet
  facet normal -0.191032 -0.795692 -0.574787
    outer loop
      vertex 6.89722 8.47659 0
      vertex 5.98712 7.207 2.06
      vertex 5.69722 7.2766 2.06
    endloop
  endfacet
  facet normal -0.191007 -0.795702 -0.574782
    outer loop
      vertex 5.98712 7.207 2.06
      vertex 6.89722 8.47659 0
      vertex 7.18712 8.407 0
    endloop
  endfacet
  facet normal -0.304505 -0.735173 -0.605638
    outer loop
      vertex 7.18712 8.407 0
      vertex 6.26257 7.09291 2.06
      vertex 5.98712 7.207 2.06
    endloop
  endfacet
  facet normal -0.304505 -0.735173 -0.605638
    outer loop
      vertex 6.26257 7.09291 2.06
      vertex 7.18712 8.407 0
      vertex 7.46257 8.29291 0
    endloop
  endfacet
  facet normal 0.407793 -0.665459 -0.625195
    outer loop
      vertex -7.46257 8.29291 0
      vertex -6.51678 6.93713 2.06
      vertex -7.71678 8.13713 0
    endloop
  endfacet
  facet normal 0.407793 -0.665459 -0.625195
    outer loop
      vertex -6.51678 6.93713 2.06
      vertex -7.46257 8.29291 0
      vertex -6.26257 7.09291 2.06
    endloop
  endfacet
  facet normal 0.191032 0.795692 -0.574787
    outer loop
      vertex -6.89722 -8.47659 0
      vertex -5.98712 -7.207 2.06
      vertex -5.69722 -7.2766 2.06
    endloop
  endfacet
  facet normal 0.191007 0.795702 -0.574782
    outer loop
      vertex -5.98712 -7.207 2.06
      vertex -6.89722 -8.47659 0
      vertex -7.18712 -8.407 0
    endloop
  endfacet
  facet normal -0.735173 0.304505 -0.605638
    outer loop
      vertex 8.407 -7.18712 0
      vertex 7.09291 -6.26257 2.06
      vertex 7.207 -5.98712 2.06
    endloop
  endfacet
  facet normal -0.735173 0.304505 -0.605638
    outer loop
      vertex 7.09291 -6.26257 2.06
      vertex 8.407 -7.18712 0
      vertex 8.29291 -7.46257 0
    endloop
  endfacet
  facet normal 0.844844 0.0664835 -0.530866
    outer loop
      vertex -7.2766 -5.69722 2.06
      vertex -8.49998 -6.59999 0
      vertex -7.29999 -5.39999 2.06
    endloop
  endfacet
  facet normal 0.844844 0.0664835 -0.530866
    outer loop
      vertex -8.49998 -6.59999 0
      vertex -7.2766 -5.69722 2.06
      vertex -8.47659 -6.89722 0
    endloop
  endfacet
  facet normal 0.501873 -0.58764 -0.634668
    outer loop
      vertex -6.7435 6.7435 2.06
      vertex -7.71678 8.13713 0
      vertex -6.51678 6.93713 2.06
    endloop
  endfacet
  facet normal 0.501873 -0.58764 -0.634668
    outer loop
      vertex -7.71678 8.13713 0
      vertex -6.7435 6.7435 2.06
      vertex -7.9435 7.9435 0
    endloop
  endfacet
  facet normal -0.864085 0 -0.503346
    outer loop
      vertex 8.49998 6.59999 0
      vertex 7.29999 -5.39999 2.06
      vertex 7.29999 5.39999 2.06
    endloop
  endfacet
  facet normal -0.864085 0 -0.503346
    outer loop
      vertex 7.29999 -5.39999 2.06
      vertex 8.49998 6.59999 0
      vertex 8.49998 -6.59999 0
    endloop
  endfacet
  facet normal -0.844844 -0.0664835 -0.530866
    outer loop
      vertex 8.49998 6.59999 0
      vertex 7.2766 5.69722 2.06
      vertex 8.47659 6.89722 0
    endloop
  endfacet
  facet normal -0.844844 -0.0664835 -0.530866
    outer loop
      vertex 7.2766 5.69722 2.06
      vertex 8.49998 6.59999 0
      vertex 7.29999 5.39999 2.06
    endloop
  endfacet
  facet normal -0.501873 0.58764 -0.634668
    outer loop
      vertex 7.71678 -8.13713 0
      vertex 6.7435 -6.7435 2.06
      vertex 7.9435 -7.9435 0
    endloop
  endfacet
  facet normal -0.501873 0.58764 -0.634668
    outer loop
      vertex 6.7435 -6.7435 2.06
      vertex 7.71678 -8.13713 0
      vertex 6.51678 -6.93713 2.06
    endloop
  endfacet
  facet normal -0.58764 -0.501873 -0.634668
    outer loop
      vertex 6.7435 6.7435 2.06
      vertex 8.13713 7.71678 0
      vertex 6.93713 6.51678 2.06
    endloop
  endfacet
  facet normal -0.58764 -0.501873 -0.634668
    outer loop
      vertex 8.13713 7.71678 0
      vertex 6.7435 6.7435 2.06
      vertex 7.9435 7.9435 0
    endloop
  endfacet
  facet normal 0.407793 0.665459 -0.625195
    outer loop
      vertex -7.46257 -8.29291 0
      vertex -6.51678 -6.93713 2.06
      vertex -6.26257 -7.09291 2.06
    endloop
  endfacet
  facet normal 0.407793 0.665459 -0.625195
    outer loop
      vertex -6.51678 -6.93713 2.06
      vertex -7.46257 -8.29291 0
      vertex -7.71678 -8.13713 0
    endloop
  endfacet
  facet normal 0.304505 0.735173 -0.605638
    outer loop
      vertex -7.18712 -8.407 0
      vertex -6.26257 -7.09291 2.06
      vertex -5.98712 -7.207 2.06
    endloop
  endfacet
  facet normal 0.304505 0.735173 -0.605638
    outer loop
      vertex -6.26257 -7.09291 2.06
      vertex -7.18712 -8.407 0
      vertex -7.46257 -8.29291 0
    endloop
  endfacet
  facet normal 0.58764 -0.501873 -0.634668
    outer loop
      vertex -8.13713 7.71678 0
      vertex -6.7435 6.7435 2.06
      vertex -6.93713 6.51678 2.06
    endloop
  endfacet
  facet normal 0.58764 -0.501873 -0.634668
    outer loop
      vertex -6.7435 6.7435 2.06
      vertex -8.13713 7.71678 0
      vertex -7.9435 7.9435 0
    endloop
  endfacet
  facet normal -0.501873 -0.58764 -0.634668
    outer loop
      vertex 6.7435 6.7435 2.06
      vertex 7.71678 8.13713 0
      vertex 7.9435 7.9435 0
    endloop
  endfacet
  facet normal -0.501873 -0.58764 -0.634668
    outer loop
      vertex 7.71678 8.13713 0
      vertex 6.7435 6.7435 2.06
      vertex 6.51678 6.93713 2.06
    endloop
  endfacet
  facet normal -0.0664835 0.844844 -0.530866
    outer loop
      vertex 6.59999 -8.49998 0
      vertex 5.69722 -7.2766 2.06
      vertex 6.89722 -8.47659 0
    endloop
  endfacet
  facet normal -0.0664835 0.844844 -0.530866
    outer loop
      vertex 5.69722 -7.2766 2.06
      vertex 6.59999 -8.49998 0
      vertex 5.39999 -7.29999 2.06
    endloop
  endfacet
  facet normal -0.795702 -0.191007 -0.574782
    outer loop
      vertex 8.47659 6.89722 0
      vertex 7.207 5.98712 2.06
      vertex 8.407 7.18712 0
    endloop
  endfacet
  facet normal -0.795692 -0.191032 -0.574787
    outer loop
      vertex 7.207 5.98712 2.06
      vertex 8.47659 6.89722 0
      vertex 7.2766 5.69722 2.06
    endloop
  endfacet
  facet normal -0.58764 0.501873 -0.634668
    outer loop
      vertex 6.7435 -6.7435 2.06
      vertex 8.13713 -7.71678 0
      vertex 7.9435 -7.9435 0
    endloop
  endfacet
  facet normal -0.58764 0.501873 -0.634668
    outer loop
      vertex 8.13713 -7.71678 0
      vertex 6.7435 -6.7435 2.06
      vertex 6.93713 -6.51678 2.06
    endloop
  endfacet
  facet normal 0.665459 0.407793 -0.625195
    outer loop
      vertex -6.93713 -6.51678 2.06
      vertex -8.29291 -7.46257 0
      vertex -7.09291 -6.26257 2.06
    endloop
  endfacet
  facet normal 0.665459 0.407793 -0.625195
    outer loop
      vertex -8.29291 -7.46257 0
      vertex -6.93713 -6.51678 2.06
      vertex -8.13713 -7.71678 0
    endloop
  endfacet
  facet normal 0.795692 0.191032 -0.574787
    outer loop
      vertex -7.207 -5.98712 2.06
      vertex -8.47659 -6.89722 0
      vertex -7.2766 -5.69722 2.06
    endloop
  endfacet
  facet normal 0.795702 0.191007 -0.574782
    outer loop
      vertex -8.47659 -6.89722 0
      vertex -7.207 -5.98712 2.06
      vertex -8.407 -7.18712 0
    endloop
  endfacet
  facet normal -0.665459 -0.407793 -0.625195
    outer loop
      vertex 8.29291 7.46257 0
      vertex 6.93713 6.51678 2.06
      vertex 8.13713 7.71678 0
    endloop
  endfacet
  facet normal -0.665459 -0.407793 -0.625195
    outer loop
      vertex 6.93713 6.51678 2.06
      vertex 8.29291 7.46257 0
      vertex 7.09291 6.26257 2.06
    endloop
  endfacet
  facet normal 0.304505 -0.735173 -0.605638
    outer loop
      vertex -7.18712 8.407 0
      vertex -6.26257 7.09291 2.06
      vertex -7.46257 8.29291 0
    endloop
  endfacet
  facet normal 0.304505 -0.735173 -0.605638
    outer loop
      vertex -6.26257 7.09291 2.06
      vertex -7.18712 8.407 0
      vertex -5.98712 7.207 2.06
    endloop
  endfacet
  facet normal 0.0664835 -0.844844 -0.530866
    outer loop
      vertex -6.59999 8.49998 0
      vertex -5.69722 7.2766 2.06
      vertex -6.89722 8.47659 0
    endloop
  endfacet
  facet normal 0.0664835 -0.844844 -0.530866
    outer loop
      vertex -5.69722 7.2766 2.06
      vertex -6.59999 8.49998 0
      vertex -5.39999 7.29999 2.06
    endloop
  endfacet
  facet normal 0.795702 -0.191007 -0.574782
    outer loop
      vertex -7.207 5.98712 2.06
      vertex -8.47659 6.89722 0
      vertex -8.407 7.18712 0
    endloop
  endfacet
  facet normal 0.795692 -0.191032 -0.574787
    outer loop
      vertex -8.47659 6.89722 0
      vertex -7.207 5.98712 2.06
      vertex -7.2766 5.69722 2.06
    endloop
  endfacet
  facet normal -0.735173 -0.304505 -0.605638
    outer loop
      vertex 8.407 7.18712 0
      vertex 7.09291 6.26257 2.06
      vertex 8.29291 7.46257 0
    endloop
  endfacet
  facet normal -0.735173 -0.304505 -0.605638
    outer loop
      vertex 7.09291 6.26257 2.06
      vertex 8.407 7.18712 0
      vertex 7.207 5.98712 2.06
    endloop
  endfacet
  facet normal 0.844844 -0.0664835 -0.530866
    outer loop
      vertex -7.2766 5.69722 2.06
      vertex -8.49998 6.59999 0
      vertex -8.47659 6.89722 0
    endloop
  endfacet
  facet normal 0.844844 -0.0664835 -0.530866
    outer loop
      vertex -8.49998 6.59999 0
      vertex -7.2766 5.69722 2.06
      vertex -7.29999 5.39999 2.06
    endloop
  endfacet
  facet normal 0.191007 -0.795702 -0.574782
    outer loop
      vertex -6.89722 8.47659 0
      vertex -5.98712 7.207 2.06
      vertex -7.18712 8.407 0
    endloop
  endfacet
  facet normal 0.191032 -0.795692 -0.574787
    outer loop
      vertex -5.98712 7.207 2.06
      vertex -6.89722 8.47659 0
      vertex -5.69722 7.2766 2.06
    endloop
  endfacet
  facet normal 0.707095 0 -0.707119
    outer loop
      vertex -2.57501 -1.075 -1.75
      vertex -2.275 1.375 -1.45
      vertex -2.275 -1.375 -1.45
    endloop
  endfacet
  facet normal 0.707095 0 -0.707119
    outer loop
      vertex -2.275 1.375 -1.45
      vertex -2.57501 -1.075 -1.75
      vertex -2.57501 1.075 -1.75
    endloop
  endfacet
  facet normal 0.707107 -0.707107 0
    outer loop
      vertex -2.37501 -1.47501 2.06
      vertex -2.275 -1.375 -1.45
      vertex -2.275 -1.375 2.06
    endloop
  endfacet
  facet normal 0.707107 -0.707107 0
    outer loop
      vertex -2.275 -1.375 -1.45
      vertex -2.37501 -1.47501 2.06
      vertex -2.37501 -1.47501 -1.45
    endloop
  endfacet
  facet normal 0.707107 0.707107 0
    outer loop
      vertex -2.275 1.375 2.06
      vertex -2.37501 1.47501 -1.45
      vertex -2.37501 1.47501 2.06
    endloop
  endfacet
  facet normal 0.707107 0.707107 0
    outer loop
      vertex -2.37501 1.47501 -1.45
      vertex -2.275 1.375 2.06
      vertex -2.275 1.375 -1.45
    endloop
  endfacet
  facet normal -1 0 0
    outer loop
      vertex -3.425 -1.375 -1.45
      vertex -3.425 1.375 2.06
      vertex -3.425 1.375 -1.45
    endloop
  endfacet
  facet normal -1 -0 0
    outer loop
      vertex -3.425 1.375 2.06
      vertex -3.425 -1.375 -1.45
      vertex -3.425 -1.375 2.06
    endloop
  endfacet
  facet normal 1 -0 0
    outer loop
      vertex -2.275 -1.375 2.06
      vertex -2.275 1.375 -1.45
      vertex -2.275 1.375 2.06
    endloop
  endfacet
  facet normal 1 0 0
    outer loop
      vertex -2.275 1.375 -1.45
      vertex -2.275 -1.375 2.06
      vertex -2.275 -1.375 -1.45
    endloop
  endfacet
  facet normal -0.707107 0.707107 0
    outer loop
      vertex -3.425 1.375 -1.45
      vertex -3.32499 1.47501 2.06
      vertex -3.32499 1.47501 -1.45
    endloop
  endfacet
  facet normal -0.707107 0.707107 0
    outer loop
      vertex -3.32499 1.47501 2.06
      vertex -3.425 1.375 -1.45
      vertex -3.425 1.375 2.06
    endloop
  endfacet
  facet normal -0.707107 -0.707107 0
    outer loop
      vertex -3.32499 -1.47501 -1.45
      vertex -3.425 -1.375 2.06
      vertex -3.425 -1.375 -1.45
    endloop
  endfacet
  facet normal -0.707107 -0.707107 0
    outer loop
      vertex -3.425 -1.375 2.06
      vertex -3.32499 -1.47501 -1.45
      vertex -3.32499 -1.47501 2.06
    endloop
  endfacet
  facet normal 0 -1 0
    outer loop
      vertex -3.32499 -1.47501 -1.45
      vertex -2.37501 -1.47501 2.06
      vertex -3.32499 -1.47501 2.06
    endloop
  endfacet
  facet normal 0 -1 -0
    outer loop
      vertex -2.37501 -1.47501 2.06
      vertex -3.32499 -1.47501 -1.45
      vertex -2.37501 -1.47501 -1.45
    endloop
  endfacet
  facet normal 0.408244 -0.408244 -0.816501
    outer loop
      vertex -2.37501 -1.47501 -1.45
      vertex -2.57501 -1.075 -1.75
      vertex -2.275 -1.375 -1.45
    endloop
  endfacet
  facet normal 0.408244 -0.408244 -0.816501
    outer loop
      vertex -2.57501 -1.075 -1.75
      vertex -2.37501 -1.47501 -1.45
      vertex -2.67501 -1.175 -1.75
    endloop
  endfacet
  facet normal 0 1 -0
    outer loop
      vertex -2.37501 1.47501 -1.45
      vertex -3.32499 1.47501 2.06
      vertex -2.37501 1.47501 2.06
    endloop
  endfacet
  facet normal 0 1 0
    outer loop
      vertex -3.32499 1.47501 2.06
      vertex -2.37501 1.47501 -1.45
      vertex -3.32499 1.47501 -1.45
    endloop
  endfacet
  facet normal 0 -0.707095 -0.707119
    outer loop
      vertex -2.37501 -1.47501 -1.45
      vertex -3.02499 -1.175 -1.75
      vertex -2.67501 -1.175 -1.75
    endloop
  endfacet
  facet normal 0 -0.707095 -0.707119
    outer loop
      vertex -3.02499 -1.175 -1.75
      vertex -2.37501 -1.47501 -1.45
      vertex -3.32499 -1.47501 -1.45
    endloop
  endfacet
  facet normal -0.408244 -0.408244 -0.816501
    outer loop
      vertex -3.32499 -1.47501 -1.45
      vertex -3.12499 -1.075 -1.75
      vertex -3.02499 -1.175 -1.75
    endloop
  endfacet
  facet normal -0.408244 -0.408244 -0.816501
    outer loop
      vertex -3.12499 -1.075 -1.75
      vertex -3.32499 -1.47501 -1.45
      vertex -3.425 -1.375 -1.45
    endloop
  endfacet
  facet normal -0.707095 0 -0.707119
    outer loop
      vertex -3.425 -1.375 -1.45
      vertex -3.12499 1.075 -1.75
      vertex -3.12499 -1.075 -1.75
    endloop
  endfacet
  facet normal -0.707095 0 -0.707119
    outer loop
      vertex -3.12499 1.075 -1.75
      vertex -3.425 -1.375 -1.45
      vertex -3.425 1.375 -1.45
    endloop
  endfacet
  facet normal 0 0.707095 -0.707119
    outer loop
      vertex -3.02499 1.175 -1.75
      vertex -2.37501 1.47501 -1.45
      vertex -2.67501 1.175 -1.75
    endloop
  endfacet
  facet normal 0 0.707095 -0.707119
    outer loop
      vertex -2.37501 1.47501 -1.45
      vertex -3.02499 1.175 -1.75
      vertex -3.32499 1.47501 -1.45
    endloop
  endfacet
  facet normal 0.408244 0.408244 -0.816501
    outer loop
      vertex -2.57501 1.075 -1.75
      vertex -2.37501 1.47501 -1.45
      vertex -2.275 1.375 -1.45
    endloop
  endfacet
  facet normal 0.408244 0.408244 -0.816501
    outer loop
      vertex -2.37501 1.47501 -1.45
      vertex -2.57501 1.075 -1.75
      vertex -2.67501 1.175 -1.75
    endloop
  endfacet
  facet normal 0 0 -1
    outer loop
      vertex -3.12499 -1.075 -1.75
      vertex -2.57501 -1.075 -1.75
      vertex -2.67501 -1.175 -1.75
    endloop
  endfacet
  facet normal 0 0 -1
    outer loop
      vertex -2.57501 -1.075 -1.75
      vertex -3.12499 -1.075 -1.75
      vertex -2.57501 1.075 -1.75
    endloop
  endfacet
  facet normal 0 0 -1
    outer loop
      vertex -3.12499 -1.075 -1.75
      vertex -2.67501 -1.175 -1.75
      vertex -3.02499 -1.175 -1.75
    endloop
  endfacet
  facet normal 0 0 -1
    outer loop
      vertex -3.12499 1.075 -1.75
      vertex -2.57501 1.075 -1.75
      vertex -3.12499 -1.075 -1.75
    endloop
  endfacet
  facet normal 0 0 -1
    outer loop
      vertex -2.57501 1.075 -1.75
      vertex -3.12499 1.075 -1.75
      vertex -2.67501 1.175 -1.75
    endloop
  endfacet
  facet normal -0 0 -1
    outer loop
      vertex -2.67501 1.175 -1.75
      vertex -3.12499 1.075 -1.75
      vertex -3.02499 1.175 -1.75
    endloop
  endfacet
  facet normal -0.408244 0.408244 -0.816501
    outer loop
      vertex -3.12499 1.075 -1.75
      vertex -3.32499 1.47501 -1.45
      vertex -3.02499 1.175 -1.75
    endloop
  endfacet
  facet normal -0.408244 0.408244 -0.816501
    outer loop
      vertex -3.32499 1.47501 -1.45
      vertex -3.12499 1.075 -1.75
      vertex -3.425 1.375 -1.45
    endloop
  endfacet
  facet normal 0.707095 0 -0.707119
    outer loop
      vertex 3.12499 -1.075 -1.75
      vertex 3.425 1.375 -1.45
      vertex 3.425 -1.375 -1.45
    endloop
  endfacet
  facet normal 0.707095 0 -0.707119
    outer loop
      vertex 3.425 1.375 -1.45
      vertex 3.12499 -1.075 -1.75
      vertex 3.12499 1.075 -1.75
    endloop
  endfacet
  facet normal 0.707107 -0.707107 0
    outer loop
      vertex 3.32499 -1.47501 2.06
      vertex 3.425 -1.375 -1.45
      vertex 3.425 -1.375 2.06
    endloop
  endfacet
  facet normal 0.707107 -0.707107 0
    outer loop
      vertex 3.425 -1.375 -1.45
      vertex 3.32499 -1.47501 2.06
      vertex 3.32499 -1.47501 -1.45
    endloop
  endfacet
  facet normal 0.707107 0.707107 0
    outer loop
      vertex 3.425 1.375 2.06
      vertex 3.32499 1.47501 -1.45
      vertex 3.32499 1.47501 2.06
    endloop
  endfacet
  facet normal 0.707107 0.707107 0
    outer loop
      vertex 3.32499 1.47501 -1.45
      vertex 3.425 1.375 2.06
      vertex 3.425 1.375 -1.45
    endloop
  endfacet
  facet normal -1 0 0
    outer loop
      vertex 2.275 -1.375 -1.45
      vertex 2.275 1.375 2.06
      vertex 2.275 1.375 -1.45
    endloop
  endfacet
  facet normal -1 -0 0
    outer loop
      vertex 2.275 1.375 2.06
      vertex 2.275 -1.375 -1.45
      vertex 2.275 -1.375 2.06
    endloop
  endfacet
  facet normal 1 -0 0
    outer loop
      vertex 3.425 -1.375 2.06
      vertex 3.425 1.375 -1.45
      vertex 3.425 1.375 2.06
    endloop
  endfacet
  facet normal 1 0 0
    outer loop
      vertex 3.425 1.375 -1.45
      vertex 3.425 -1.375 2.06
      vertex 3.425 -1.375 -1.45
    endloop
  endfacet
  facet normal -0.707107 0.707107 0
    outer loop
      vertex 2.275 1.375 -1.45
      vertex 2.37501 1.47501 2.06
      vertex 2.37501 1.47501 -1.45
    endloop
  endfacet
  facet normal -0.707107 0.707107 0
    outer loop
      vertex 2.37501 1.47501 2.06
      vertex 2.275 1.375 -1.45
      vertex 2.275 1.375 2.06
    endloop
  endfacet
  facet normal -0.707107 -0.707107 0
    outer loop
      vertex 2.37501 -1.47501 -1.45
      vertex 2.275 -1.375 2.06
      vertex 2.275 -1.375 -1.45
    endloop
  endfacet
  facet normal -0.707107 -0.707107 0
    outer loop
      vertex 2.275 -1.375 2.06
      vertex 2.37501 -1.47501 -1.45
      vertex 2.37501 -1.47501 2.06
    endloop
  endfacet
  facet normal 0 -1 0
    outer loop
      vertex 2.37501 -1.47501 -1.45
      vertex 3.32499 -1.47501 2.06
      vertex 2.37501 -1.47501 2.06
    endloop
  endfacet
  facet normal 0 -1 -0
    outer loop
      vertex 3.32499 -1.47501 2.06
      vertex 2.37501 -1.47501 -1.45
      vertex 3.32499 -1.47501 -1.45
    endloop
  endfacet
  facet normal 0.408244 -0.408244 -0.816501
    outer loop
      vertex 3.32499 -1.47501 -1.45
      vertex 3.12499 -1.075 -1.75
      vertex 3.425 -1.375 -1.45
    endloop
  endfacet
  facet normal 0.408244 -0.408244 -0.816501
    outer loop
      vertex 3.12499 -1.075 -1.75
      vertex 3.32499 -1.47501 -1.45
      vertex 3.02499 -1.175 -1.75
    endloop
  endfacet
  facet normal 0 1 -0
    outer loop
      vertex 3.32499 1.47501 -1.45
      vertex 2.37501 1.47501 2.06
      vertex 3.32499 1.47501 2.06
    endloop
  endfacet
  facet normal 0 1 0
    outer loop
      vertex 2.37501 1.47501 2.06
      vertex 3.32499 1.47501 -1.45
      vertex 2.37501 1.47501 -1.45
    endloop
  endfacet
  facet normal 0.408244 0.408244 -0.816501
    outer loop
      vertex 3.12499 1.075 -1.75
      vertex 3.32499 1.47501 -1.45
      vertex 3.425 1.375 -1.45
    endloop
  endfacet
  facet normal 0.408244 0.408244 -0.816501
    outer loop
      vertex 3.32499 1.47501 -1.45
      vertex 3.12499 1.075 -1.75
      vertex 3.02499 1.175 -1.75
    endloop
  endfacet
  facet normal 0 -0.707095 -0.707119
    outer loop
      vertex 3.32499 -1.47501 -1.45
      vertex 2.67501 -1.175 -1.75
      vertex 3.02499 -1.175 -1.75
    endloop
  endfacet
  facet normal 0 -0.707095 -0.707119
    outer loop
      vertex 2.67501 -1.175 -1.75
      vertex 3.32499 -1.47501 -1.45
      vertex 2.37501 -1.47501 -1.45
    endloop
  endfacet
  facet normal -0.408244 -0.408244 -0.816501
    outer loop
      vertex 2.37501 -1.47501 -1.45
      vertex 2.57501 -1.075 -1.75
      vertex 2.67501 -1.175 -1.75
    endloop
  endfacet
  facet normal -0.408244 -0.408244 -0.816501
    outer loop
      vertex 2.57501 -1.075 -1.75
      vertex 2.37501 -1.47501 -1.45
      vertex 2.275 -1.375 -1.45
    endloop
  endfacet
  facet normal -0.707095 0 -0.707119
    outer loop
      vertex 2.275 -1.375 -1.45
      vertex 2.57501 1.075 -1.75
      vertex 2.57501 -1.075 -1.75
    endloop
  endfacet
  facet normal -0.707095 0 -0.707119
    outer loop
      vertex 2.57501 1.075 -1.75
      vertex 2.275 -1.375 -1.45
      vertex 2.275 1.375 -1.45
    endloop
  endfacet
  facet normal 0 0.707095 -0.707119
    outer loop
      vertex 2.67501 1.175 -1.75
      vertex 3.32499 1.47501 -1.45
      vertex 3.02499 1.175 -1.75
    endloop
  endfacet
  facet normal 0 0.707095 -0.707119
    outer loop
      vertex 3.32499 1.47501 -1.45
      vertex 2.67501 1.175 -1.75
      vertex 2.37501 1.47501 -1.45
    endloop
  endfacet
  facet normal 0 0 -1
    outer loop
      vertex 2.57501 -1.075 -1.75
      vertex 3.12499 -1.075 -1.75
      vertex 3.02499 -1.175 -1.75
    endloop
  endfacet
  facet normal 0 0 -1
    outer loop
      vertex 3.12499 -1.075 -1.75
      vertex 2.57501 -1.075 -1.75
      vertex 3.12499 1.075 -1.75
    endloop
  endfacet
  facet normal 0 0 -1
    outer loop
      vertex 2.57501 -1.075 -1.75
      vertex 3.02499 -1.175 -1.75
      vertex 2.67501 -1.175 -1.75
    endloop
  endfacet
  facet normal 0 0 -1
    outer loop
      vertex 2.57501 1.075 -1.75
      vertex 3.12499 1.075 -1.75
      vertex 2.57501 -1.075 -1.75
    endloop
  endfacet
  facet normal 0 0 -1
    outer loop
      vertex 3.12499 1.075 -1.75
      vertex 2.57501 1.075 -1.75
      vertex 3.02499 1.175 -1.75
    endloop
  endfacet
  facet normal -0 0 -1
    outer loop
      vertex 3.02499 1.175 -1.75
      vertex 2.57501 1.075 -1.75
      vertex 2.67501 1.175 -1.75
    endloop
  endfacet
  facet normal -0.408244 0.408244 -0.816501
    outer loop
      vertex 2.57501 1.075 -1.75
      vertex 2.37501 1.47501 -1.45
      vertex 2.67501 1.175 -1.75
    endloop
  endfacet
  facet normal -0.408244 0.408244 -0.816501
    outer loop
      vertex 2.37501 1.47501 -1.45
      vertex 2.57501 1.075 -1.75
      vertex 2.275 1.375 -1.45
    endloop
  endfacet
  facet normal -0.951057 -0.309015 0
    outer loop
      vertex -2.51596 -2.56861 3.66826
      vertex -2.59999 -2.30999 3.93269
      vertex -2.59999 -2.30999 3.6365
    endloop
  endfacet
  facet normal -0.951057 -0.309015 0
    outer loop
      vertex -2.59999 -2.30999 3.93269
      vertex -2.51596 -2.56861 3.66826
      vertex -2.51596 -2.56861 3.93269
    endloop
  endfacet
  facet normal 0.309015 -0.951057 0
    outer loop
      vertex 2.15999 -2.75 3.69053
      vertex 2.41861 -2.66597 3.93269
      vertex 2.15999 -2.75 3.93269
    endloop
  endfacet
  facet normal 0.309015 -0.951057 0
    outer loop
      vertex 2.41861 -2.66597 3.93269
      vertex 2.15999 -2.75 3.69053
      vertex 2.41861 -2.66597 3.68021
    endloop
  endfacet
  facet normal -0.891009 0.453985 0
    outer loop
      vertex -2.49837 -2.09057 3.60956
      vertex -2.41861 -1.93403 3.93269
      vertex -2.41861 -1.93403 3.59587
    endloop
  endfacet
  facet normal -0.890997 0.454009 0
    outer loop
      vertex -2.59999 -2.29 3.93269
      vertex -2.49837 -2.09057 3.60956
      vertex -2.59999 -2.29 3.63405
    endloop
  endfacet
  facet normal -0.891002 0.453999 -8.19547e-06
    outer loop
      vertex -2.49837 -2.09057 3.60956
      vertex -2.59999 -2.29 3.93269
      vertex -2.41861 -1.93403 3.93269
    endloop
  endfacet
  facet normal 0.951066 0.308988 0
    outer loop
      vertex 2.51596 -2.03138 3.93269
      vertex 2.53519 -2.09057 3.60956
      vertex 2.51596 -2.03138 3.60438
    endloop
  endfacet
  facet normal 0.951057 0.309015 -5.38419e-06
    outer loop
      vertex 2.59999 -2.29 3.93269
      vertex 2.53519 -2.09057 3.60956
      vertex 2.51596 -2.03138 3.93269
    endloop
  endfacet
  facet normal 0.951055 0.309022 0
    outer loop
      vertex 2.53519 -2.09057 3.60956
      vertex 2.59999 -2.29 3.93269
      vertex 2.59999 -2.29 3.63405
    endloop
  endfacet
  facet normal 0 1 -0
    outer loop
      vertex 2.15999 -1.85 3.58852
      vertex -2.15999 -1.85 3.93269
      vertex 2.15999 -1.85 3.93269
    endloop
  endfacet
  facet normal 0 1 0
    outer loop
      vertex -2.15999 -1.85 3.93269
      vertex 2.15999 -1.85 3.58852
      vertex -2.15999 -1.85 3.58852
    endloop
  endfacet
  facet normal 0 0 1
    outer loop
      vertex 2.15999 -1.85 3.93269
      vertex 2.59999 -2.29 3.93269
      vertex 2.51596 -2.03138 3.93269
    endloop
  endfacet
  facet normal 0 0 1
    outer loop
      vertex 2.59999 -2.29 3.93269
      vertex 2.15999 -1.85 3.93269
      vertex 2.59999 -2.30999 3.93269
    endloop
  endfacet
  facet normal 0 0 1
    outer loop
      vertex 2.15999 -2.75 3.93269
      vertex 2.59999 -2.30999 3.93269
      vertex 2.15999 -1.85 3.93269
    endloop
  endfacet
  facet normal 0 0 1
    outer loop
      vertex 2.59999 -2.30999 3.93269
      vertex 2.15999 -2.75 3.93269
      vertex 2.41861 -2.66597 3.93269
    endloop
  endfacet
  facet normal -0 0 1
    outer loop
      vertex -2.15999 -1.85 3.93269
      vertex 2.15999 -2.75 3.93269
      vertex 2.15999 -1.85 3.93269
    endloop
  endfacet
  facet normal 0 0 1
    outer loop
      vertex -2.15999 -1.85 3.93269
      vertex -2.15999 -2.75 3.93269
      vertex 2.15999 -2.75 3.93269
    endloop
  endfacet
  facet normal 0 0 1
    outer loop
      vertex -2.59999 -2.29 3.93269
      vertex -2.15999 -1.85 3.93269
      vertex -2.41861 -1.93403 3.93269
    endloop
  endfacet
  facet normal 0 0 1
    outer loop
      vertex -2.15999 -1.85 3.93269
      vertex -2.59999 -2.29 3.93269
      vertex -2.15999 -2.75 3.93269
    endloop
  endfacet
  facet normal -0 0 1
    outer loop
      vertex -2.59999 -2.30999 3.93269
      vertex -2.15999 -2.75 3.93269
      vertex -2.59999 -2.29 3.93269
    endloop
  endfacet
  facet normal 0 0 1
    outer loop
      vertex -2.15999 -2.75 3.93269
      vertex -2.59999 -2.30999 3.93269
      vertex -2.51596 -2.56861 3.93269
    endloop
  endfacet
  facet normal -0.309015 0.951057 0
    outer loop
      vertex -2.15999 -1.85 3.93269
      vertex -2.41861 -1.93403 3.59587
      vertex -2.41861 -1.93403 3.93269
    endloop
  endfacet
  facet normal -0.309015 0.951057 0
    outer loop
      vertex -2.41861 -1.93403 3.59587
      vertex -2.15999 -1.85 3.93269
      vertex -2.15999 -1.85 3.58852
    endloop
  endfacet
  facet normal -1 0 0
    outer loop
      vertex -2.59999 -2.30999 3.6365
      vertex -2.59999 -2.29 3.93269
      vertex -2.59999 -2.29 3.63405
    endloop
  endfacet
  facet normal -1 -0 0
    outer loop
      vertex -2.59999 -2.29 3.93269
      vertex -2.59999 -2.30999 3.6365
      vertex -2.59999 -2.30999 3.93269
    endloop
  endfacet
  facet normal 0.453999 0.891002 -0
    outer loop
      vertex 2.51596 -2.03138 3.60438
      vertex 2.15999 -1.85 3.93269
      vertex 2.51596 -2.03138 3.93269
    endloop
  endfacet
  facet normal 0.453999 0.891002 0
    outer loop
      vertex 2.15999 -1.85 3.93269
      vertex 2.51596 -2.03138 3.60438
      vertex 2.15999 -1.85 3.58852
    endloop
  endfacet
  facet normal 0 -1 0
    outer loop
      vertex -2.15999 -2.75 3.69053
      vertex 2.15999 -2.75 3.93269
      vertex -2.15999 -2.75 3.93269
    endloop
  endfacet
  facet normal 0 -1 -0
    outer loop
      vertex 2.15999 -2.75 3.93269
      vertex -2.15999 -2.75 3.69053
      vertex 2.15999 -2.75 3.69053
    endloop
  endfacet
  facet normal -0.454019 -0.890992 0
    outer loop
      vertex -2.51596 -2.56861 3.93269
      vertex -2.15999 -2.75 3.69053
      vertex -2.15999 -2.75 3.93269
    endloop
  endfacet
  facet normal -0.454019 -0.890992 0
    outer loop
      vertex -2.15999 -2.75 3.69053
      vertex -2.51596 -2.56861 3.93269
      vertex -2.51596 -2.56861 3.66826
    endloop
  endfacet
  facet normal 0.891007 -0.453989 0
    outer loop
      vertex 2.41861 -2.66597 3.68021
      vertex 2.59999 -2.30999 3.93269
      vertex 2.41861 -2.66597 3.93269
    endloop
  endfacet
  facet normal 0.891007 -0.453989 0
    outer loop
      vertex 2.59999 -2.30999 3.93269
      vertex 2.41861 -2.66597 3.68021
      vertex 2.59999 -2.30999 3.6365
    endloop
  endfacet
  facet normal 1 0 0
    outer loop
      vertex 2.59999 -2.30999 3.6365
      vertex 2.59999 -2.29 3.93269
      vertex 2.59999 -2.30999 3.93269
    endloop
  endfacet
  facet normal 1 0 0
    outer loop
      vertex 2.59999 -2.29 3.93269
      vertex 2.59999 -2.30999 3.6365
      vertex 2.59999 -2.29 3.63405
    endloop
  endfacet
endsolid OpenSCAD_Model
