solid OpenSCAD_Model
  facet normal 3.90239e-05 -0.454138 0.890931
    outer loop
      vertex 6.16494 -7.64417 2.77347
      vertex 5.80384 -7.70384 2.74307
      vertex 6.09183 -7.67121 2.75969
    endloop
  endfacet
  facet normal 0 -0.45395 0.891027
    outer loop
      vertex 6.16494 -7.64417 2.77347
      vertex -5.80384 -7.70384 2.74307
      vertex 5.80384 -7.70384 2.74307
    endloop
  endfacet
  facet normal 0 -0.45395 0.891027
    outer loop
      vertex -6.16494 -7.64417 2.77347
      vertex -5.80384 -7.70384 2.74307
      vertex 6.16494 -7.64417 2.77347
    endloop
  endfacet
  facet normal -3.90239e-05 -0.454138 0.890931
    outer loop
      vertex -5.80384 -7.70384 2.74307
      vertex -6.16494 -7.64417 2.77347
      vertex -6.09183 -7.67121 2.75969
    endloop
  endfacet
  facet normal -0.000132729 -0.29241 0.956293
    outer loop
      vertex 6.86223 -4.06402 4.14776
      vertex 7.04818 -4.79837 3.92324
      vertex 6.99998 -4.51461 4.01
    endloop
  endfacet
  facet normal 0 -0.29238 0.956302
    outer loop
      vertex -6.86223 -4.06402 4.14776
      vertex 7.04818 -4.79837 3.92324
      vertex 6.86223 -4.06402 4.14776
    endloop
  endfacet
  facet normal 0.000132729 -0.29241 0.956293
    outer loop
      vertex -7.04818 -4.79837 3.92324
      vertex -6.86223 -4.06402 4.14776
      vertex -6.99998 -4.51461 4.01
    endloop
  endfacet
  facet normal 0 -0.29238 0.956302
    outer loop
      vertex -6.86223 -4.06402 4.14776
      vertex -7.04818 -4.79837 3.92324
      vertex 7.04818 -4.79837 3.92324
    endloop
  endfacet
  facet normal 0.000148734 -0.190988 0.981592
    outer loop
      vertex -6.49074 -2.57406 4.51925
      vertex -5.99575 -2.20815 4.59037
      vertex -6.0176 -2.19023 4.59386
    endloop
  endfacet
  facet normal 0 -0.190749 0.981639
    outer loop
      vertex -5.60991 -2.49769 4.53409
      vertex -6.49074 -2.57406 4.51925
      vertex -5.49726 -2.57406 4.51925
    endloop
  endfacet
  facet normal 1.99187e-05 -0.190971 0.981596
    outer loop
      vertex -5.63606 -2.47924 4.53768
      vertex -6.49074 -2.57406 4.51925
      vertex -5.60991 -2.49769 4.53409
    endloop
  endfacet
  facet normal 1.26881e-06 -0.190809 0.981627
    outer loop
      vertex -5.81827 -2.35073 4.56266
      vertex -6.49074 -2.57406 4.51925
      vertex -5.63606 -2.47924 4.53768
    endloop
  endfacet
  facet normal 7.53066e-07 -0.190807 0.981628
    outer loop
      vertex -5.85319 -2.32511 4.56764
      vertex -6.49074 -2.57406 4.51925
      vertex -5.81827 -2.35073 4.56266
    endloop
  endfacet
  facet normal -9.4624e-06 -0.190782 0.981632
    outer loop
      vertex -5.99575 -2.20815 4.59037
      vertex -6.49074 -2.57406 4.51925
      vertex -5.85319 -2.32511 4.56764
    endloop
  endfacet
  facet normal -5.76522e-06 -0.190805 0.981628
    outer loop
      vertex -6.16786 -2.06166 4.61885
      vertex -6.49074 -2.57406 4.51925
      vertex -6.0176 -2.19023 4.59386
    endloop
  endfacet
  facet normal -6.97957e-05 -0.190766 0.981636
    outer loop
      vertex -6.21665 -2.01991 4.62696
      vertex -6.49074 -2.57406 4.51925
      vertex -6.16786 -2.06166 4.61885
    endloop
  endfacet
  facet normal 8.30621e-05 -0.190839 0.981621
    outer loop
      vertex -6.28193 -1.96166 4.63829
      vertex -6.49074 -2.57406 4.51925
      vertex -6.21665 -2.01991 4.62696
    endloop
  endfacet
  facet normal -6.51637e-05 -0.19079 0.981631
    outer loop
      vertex -6.49074 -2.57406 4.51925
      vertex -6.28193 -1.96166 4.63829
      vertex -6.35843 -1.89341 4.65155
    endloop
  endfacet
  facet normal 6.51637e-05 -0.19079 0.981631
    outer loop
      vertex 6.28193 -1.96166 4.63829
      vertex 6.49074 -2.57406 4.51925
      vertex 6.35843 -1.89341 4.65155
    endloop
  endfacet
  facet normal -8.30621e-05 -0.190839 0.981621
    outer loop
      vertex 6.21665 -2.01991 4.62696
      vertex 6.49074 -2.57406 4.51925
      vertex 6.28193 -1.96166 4.63829
    endloop
  endfacet
  facet normal 6.97957e-05 -0.190766 0.981636
    outer loop
      vertex 6.16786 -2.06166 4.61885
      vertex 6.49074 -2.57406 4.51925
      vertex 6.21665 -2.01991 4.62696
    endloop
  endfacet
  facet normal 5.76522e-06 -0.190805 0.981628
    outer loop
      vertex 6.0176 -2.19023 4.59386
      vertex 6.49074 -2.57406 4.51925
      vertex 6.16786 -2.06166 4.61885
    endloop
  endfacet
  facet normal -0.000148734 -0.190988 0.981592
    outer loop
      vertex 5.99575 -2.20815 4.59037
      vertex 6.49074 -2.57406 4.51925
      vertex 6.0176 -2.19023 4.59386
    endloop
  endfacet
  facet normal 9.4624e-06 -0.190782 0.981632
    outer loop
      vertex 5.85319 -2.32511 4.56764
      vertex 6.49074 -2.57406 4.51925
      vertex 5.99575 -2.20815 4.59037
    endloop
  endfacet
  facet normal -7.53066e-07 -0.190807 0.981628
    outer loop
      vertex 5.81827 -2.35073 4.56266
      vertex 6.49074 -2.57406 4.51925
      vertex 5.85319 -2.32511 4.56764
    endloop
  endfacet
  facet normal -1.26881e-06 -0.190809 0.981627
    outer loop
      vertex 5.63606 -2.47924 4.53768
      vertex 6.49074 -2.57406 4.51925
      vertex 5.81827 -2.35073 4.56266
    endloop
  endfacet
  facet normal -1.99187e-05 -0.190971 0.981596
    outer loop
      vertex 5.60991 -2.49769 4.53409
      vertex 6.49074 -2.57406 4.51925
      vertex 5.63606 -2.47924 4.53768
    endloop
  endfacet
  facet normal 0 -0.190749 0.981639
    outer loop
      vertex 6.49074 -2.57406 4.51925
      vertex 5.60991 -2.49769 4.53409
      vertex 5.49726 -2.57406 4.51925
    endloop
  endfacet
  facet normal 0.000394194 -0.390795 0.920478
    outer loop
      vertex 7.15823 -6.24134 3.39805
      vertex 7.07444 -6.65409 3.22285
      vertex 7.15177 -6.32143 3.36405
    endloop
  endfacet
  facet normal -7.13882e-05 -0.390715 0.920512
    outer loop
      vertex 7.15823 -6.24134 3.39805
      vertex 6.95183 -6.94821 3.098
      vertex 7.07444 -6.65409 3.22285
    endloop
  endfacet
  facet normal 0 -0.390733 0.920504
    outer loop
      vertex 7.15823 -6.24134 3.39805
      vertex -6.95183 -6.94821 3.098
      vertex 6.95183 -6.94821 3.098
    endloop
  endfacet
  facet normal 0 -0.390733 0.920504
    outer loop
      vertex -7.15823 -6.24134 3.39805
      vertex -6.95183 -6.94821 3.098
      vertex 7.15823 -6.24134 3.39805
    endloop
  endfacet
  facet normal 7.13882e-05 -0.390715 0.920512
    outer loop
      vertex -6.95183 -6.94821 3.098
      vertex -7.15823 -6.24134 3.39805
      vertex -7.07444 -6.65409 3.22285
    endloop
  endfacet
  facet normal -0.000394194 -0.390795 0.920478
    outer loop
      vertex -7.07444 -6.65409 3.22285
      vertex -7.15823 -6.24134 3.39805
      vertex -7.15177 -6.32143 3.36405
    endloop
  endfacet
  facet normal -0.00152025 -0.421857 0.906661
    outer loop
      vertex 6.95183 -6.94821 3.098
      vertex 6.79183 -7.21218 2.97491
      vertex 6.95085 -6.95085 3.09677
    endloop
  endfacet
  facet normal -4.39886e-06 -0.422613 0.90631
    outer loop
      vertex 6.16494 -7.64417 2.77347
      vertex 6.79183 -7.21218 2.97491
      vertex 6.95183 -6.94821 3.098
    endloop
  endfacet
  facet normal 3.09454e-05 -0.422655 0.906291
    outer loop
      vertex 6.79183 -7.21218 2.97491
      vertex 6.16494 -7.64417 2.77347
      vertex 6.59209 -7.42242 2.87687
    endloop
  endfacet
  facet normal 7.90008e-06 -0.422618 0.906308
    outer loop
      vertex 6.59209 -7.42242 2.87687
      vertex 6.16494 -7.64417 2.77347
      vertex 6.35653 -7.5764 2.80507
    endloop
  endfacet
  facet normal 0 -0.422617 0.906309
    outer loop
      vertex 6.95183 -6.94821 3.098
      vertex -6.16494 -7.64417 2.77347
      vertex 6.16494 -7.64417 2.77347
    endloop
  endfacet
  facet normal 0 -0.422617 0.906309
    outer loop
      vertex -6.95183 -6.94821 3.098
      vertex -6.16494 -7.64417 2.77347
      vertex 6.95183 -6.94821 3.098
    endloop
  endfacet
  facet normal 4.39886e-06 -0.422613 0.90631
    outer loop
      vertex -6.79183 -7.21218 2.97491
      vertex -6.16494 -7.64417 2.77347
      vertex -6.95183 -6.94821 3.098
    endloop
  endfacet
  facet normal -3.09454e-05 -0.422655 0.906291
    outer loop
      vertex -6.59209 -7.42242 2.87687
      vertex -6.16494 -7.64417 2.77347
      vertex -6.79183 -7.21218 2.97491
    endloop
  endfacet
  facet normal -7.90008e-06 -0.422618 0.906308
    outer loop
      vertex -6.16494 -7.64417 2.77347
      vertex -6.59209 -7.42242 2.87687
      vertex -6.35653 -7.5764 2.80507
    endloop
  endfacet
  facet normal 0.00152025 -0.421857 0.906661
    outer loop
      vertex -6.79183 -7.21218 2.97491
      vertex -6.95183 -6.94821 3.098
      vertex -6.95085 -6.95085 3.09677
    endloop
  endfacet
  facet normal 0.000101263 -0.325546 0.945526
    outer loop
      vertex 7.04818 -4.79837 3.92324
      vertex 7.16839 -5.52444 3.67324
      vertex 7.13093 -5.23093 3.7743
    endloop
  endfacet
  facet normal 0 -0.325561 0.945521
    outer loop
      vertex -7.04818 -4.79837 3.92324
      vertex 7.16839 -5.52444 3.67324
      vertex 7.04818 -4.79837 3.92324
    endloop
  endfacet
  facet normal -0.000101263 -0.325546 0.945526
    outer loop
      vertex -7.16839 -5.52444 3.67324
      vertex -7.04818 -4.79837 3.92324
      vertex -7.13093 -5.23093 3.7743
    endloop
  endfacet
  facet normal 0 -0.325561 0.945521
    outer loop
      vertex -7.04818 -4.79837 3.92324
      vertex -7.16839 -5.52444 3.67324
      vertex 7.16839 -5.52444 3.67324
    endloop
  endfacet
  facet normal 4.6065e-06 -0.225069 0.974343
    outer loop
      vertex -6.66348 -3.32228 4.34651
      vertex -4.18954 -3.26725 4.35921
      vertex -4.24372 -3.24461 4.36444
    endloop
  endfacet
  facet normal -3.85016e-05 -0.224319 0.974516
    outer loop
      vertex -6.66348 -3.32228 4.34651
      vertex -4.36362 -3.18787 4.37754
      vertex -4.37822 -3.18096 4.37913
    endloop
  endfacet
  facet normal 0 -0.224951 0.97437
    outer loop
      vertex -6.66348 -3.32228 4.34651
      vertex -5.49726 -2.57406 4.51925
      vertex -6.49074 -2.57406 4.51925
    endloop
  endfacet
  facet normal 1.96543e-05 -0.22498 0.974363
    outer loop
      vertex -5.49726 -2.57406 4.51925
      vertex -6.66348 -3.32228 4.34651
      vertex -5.45032 -2.60225 4.51274
    endloop
  endfacet
  facet normal -2.7974e-05 -0.224904 0.974381
    outer loop
      vertex -5.45032 -2.60225 4.51274
      vertex -6.66348 -3.32228 4.34651
      vertex -5.39883 -2.63319 4.5056
    endloop
  endfacet
  facet normal 2.59094e-05 -0.224998 0.974359
    outer loop
      vertex -5.39883 -2.63319 4.5056
      vertex -6.66348 -3.32228 4.34651
      vertex -5.33072 -2.67259 4.4965
    endloop
  endfacet
  facet normal 1.08586e-05 -0.224968 0.974366
    outer loop
      vertex -5.33072 -2.67259 4.4965
      vertex -6.66348 -3.32228 4.34651
      vertex -5.18499 -2.75691 4.47703
    endloop
  endfacet
  facet normal -1.64403e-05 -0.224901 0.974382
    outer loop
      vertex -5.18499 -2.75691 4.47703
      vertex -6.66348 -3.32228 4.34651
      vertex -5.08639 -2.81181 4.46436
    endloop
  endfacet
  facet normal 8.30454e-06 -0.224973 0.974365
    outer loop
      vertex -5.08639 -2.81181 4.46436
      vertex -6.66348 -3.32228 4.34651
      vertex -4.97634 -2.87309 4.45021
    endloop
  endfacet
  facet normal -3.94912e-06 -0.224929 0.974375
    outer loop
      vertex -4.97634 -2.87309 4.45021
      vertex -6.66348 -3.32228 4.34651
      vertex -4.89178 -2.91836 4.43976
    endloop
  endfacet
  facet normal -1.39972e-06 -0.22494 0.974373
    outer loop
      vertex -4.89178 -2.91836 4.43976
      vertex -6.66348 -3.32228 4.34651
      vertex -4.77253 -2.98221 4.42502
    endloop
  endfacet
  facet normal 7.12678e-06 -0.224985 0.974362
    outer loop
      vertex -4.77253 -2.98221 4.42502
      vertex -6.66348 -3.32228 4.34651
      vertex -4.71265 -3.013 4.41791
    endloop
  endfacet
  facet normal -4.23855e-06 -0.224917 0.974378
    outer loop
      vertex -4.71265 -3.013 4.41791
      vertex -6.66348 -3.32228 4.34651
      vertex -4.57325 -3.0847 4.40136
    endloop
  endfacet
  facet normal 2.87889e-06 -0.224976 0.974364
    outer loop
      vertex -4.57325 -3.0847 4.40136
      vertex -6.66348 -3.32228 4.34651
      vertex -4.39662 -3.17188 4.38123
    endloop
  endfacet
  facet normal 2.43005e-05 -0.225283 0.974293
    outer loop
      vertex -4.39662 -3.17188 4.38123
      vertex -6.66348 -3.32228 4.34651
      vertex -4.37822 -3.18096 4.37913
    endloop
  endfacet
  facet normal 8.56004e-07 -0.224958 0.974368
    outer loop
      vertex -4.36362 -3.18787 4.37754
      vertex -6.66348 -3.32228 4.34651
      vertex -4.24372 -3.24461 4.36444
    endloop
  endfacet
  facet normal -2.87651e-07 -0.22486 0.974391
    outer loop
      vertex -4.18954 -3.26725 4.35921
      vertex -6.66348 -3.32228 4.34651
      vertex -4.18456 -3.26933 4.35873
    endloop
  endfacet
  facet normal -6.5428e-06 -0.224582 0.974455
    outer loop
      vertex -4.18456 -3.26933 4.35873
      vertex -6.66348 -3.32228 4.34651
      vertex -4.1785 -3.27176 4.35817
    endloop
  endfacet
  facet normal 0 -0.224888 0.974385
    outer loop
      vertex -4.1785 -3.27176 4.35817
      vertex -6.66348 -3.32228 4.34651
      vertex -4.05249 -3.32228 4.34651
    endloop
  endfacet
  facet normal 0 -0.224951 0.97437
    outer loop
      vertex 5.49726 -2.57406 4.51925
      vertex 6.66348 -3.32228 4.34651
      vertex 6.49074 -2.57406 4.51925
    endloop
  endfacet
  facet normal -1.96543e-05 -0.22498 0.974363
    outer loop
      vertex 5.45032 -2.60225 4.51274
      vertex 6.66348 -3.32228 4.34651
      vertex 5.49726 -2.57406 4.51925
    endloop
  endfacet
  facet normal 2.7974e-05 -0.224904 0.974381
    outer loop
      vertex 5.39883 -2.63319 4.5056
      vertex 6.66348 -3.32228 4.34651
      vertex 5.45032 -2.60225 4.51274
    endloop
  endfacet
  facet normal -2.59094e-05 -0.224998 0.974359
    outer loop
      vertex 5.33072 -2.67259 4.4965
      vertex 6.66348 -3.32228 4.34651
      vertex 5.39883 -2.63319 4.5056
    endloop
  endfacet
  facet normal -1.08586e-05 -0.224968 0.974366
    outer loop
      vertex 5.18499 -2.75691 4.47703
      vertex 6.66348 -3.32228 4.34651
      vertex 5.33072 -2.67259 4.4965
    endloop
  endfacet
  facet normal 1.64403e-05 -0.224901 0.974382
    outer loop
      vertex 5.08639 -2.81181 4.46436
      vertex 6.66348 -3.32228 4.34651
      vertex 5.18499 -2.75691 4.47703
    endloop
  endfacet
  facet normal -8.30454e-06 -0.224973 0.974365
    outer loop
      vertex 4.97634 -2.87309 4.45021
      vertex 6.66348 -3.32228 4.34651
      vertex 5.08639 -2.81181 4.46436
    endloop
  endfacet
  facet normal 3.94912e-06 -0.224929 0.974375
    outer loop
      vertex 4.89178 -2.91836 4.43976
      vertex 6.66348 -3.32228 4.34651
      vertex 4.97634 -2.87309 4.45021
    endloop
  endfacet
  facet normal 1.39972e-06 -0.22494 0.974373
    outer loop
      vertex 4.77253 -2.98221 4.42502
      vertex 6.66348 -3.32228 4.34651
      vertex 4.89178 -2.91836 4.43976
    endloop
  endfacet
  facet normal -7.12678e-06 -0.224985 0.974362
    outer loop
      vertex 4.71265 -3.013 4.41791
      vertex 6.66348 -3.32228 4.34651
      vertex 4.77253 -2.98221 4.42502
    endloop
  endfacet
  facet normal 4.23855e-06 -0.224917 0.974378
    outer loop
      vertex 4.57325 -3.0847 4.40136
      vertex 6.66348 -3.32228 4.34651
      vertex 4.71265 -3.013 4.41791
    endloop
  endfacet
  facet normal -2.87889e-06 -0.224976 0.974364
    outer loop
      vertex 4.39662 -3.17188 4.38123
      vertex 6.66348 -3.32228 4.34651
      vertex 4.57325 -3.0847 4.40136
    endloop
  endfacet
  facet normal -2.43005e-05 -0.225283 0.974293
    outer loop
      vertex 4.37822 -3.18096 4.37913
      vertex 6.66348 -3.32228 4.34651
      vertex 4.39662 -3.17188 4.38123
    endloop
  endfacet
  facet normal 3.85016e-05 -0.224319 0.974516
    outer loop
      vertex 4.36362 -3.18787 4.37754
      vertex 6.66348 -3.32228 4.34651
      vertex 4.37822 -3.18096 4.37913
    endloop
  endfacet
  facet normal -8.56004e-07 -0.224958 0.974368
    outer loop
      vertex 4.24372 -3.24461 4.36444
      vertex 6.66348 -3.32228 4.34651
      vertex 4.36362 -3.18787 4.37754
    endloop
  endfacet
  facet normal -4.6065e-06 -0.225069 0.974343
    outer loop
      vertex 4.18954 -3.26725 4.35921
      vertex 6.66348 -3.32228 4.34651
      vertex 4.24372 -3.24461 4.36444
    endloop
  endfacet
  facet normal 2.87651e-07 -0.22486 0.974391
    outer loop
      vertex 4.18456 -3.26933 4.35873
      vertex 6.66348 -3.32228 4.34651
      vertex 4.18954 -3.26725 4.35921
    endloop
  endfacet
  facet normal 6.5428e-06 -0.224582 0.974455
    outer loop
      vertex 4.1785 -3.27176 4.35817
      vertex 6.66348 -3.32228 4.34651
      vertex 4.18456 -3.26933 4.35873
    endloop
  endfacet
  facet normal 0 -0.224888 0.974385
    outer loop
      vertex 6.66348 -3.32228 4.34651
      vertex 4.1785 -3.27176 4.35817
      vertex 4.05249 -3.32228 4.34651
    endloop
  endfacet
  facet normal 0 -0.258821 0.965925
    outer loop
      vertex 4.05249 -3.32228 4.34651
      vertex 6.86223 -4.06402 4.14776
      vertex 6.66348 -3.32228 4.34651
    endloop
  endfacet
  facet normal -1.52322e-05 -0.258875 0.965911
    outer loop
      vertex 3.9874 -3.34582 4.3402
      vertex 6.86223 -4.06402 4.14776
      vertex 4.05249 -3.32228 4.34651
    endloop
  endfacet
  facet normal -1.00264e-06 -0.258821 0.965925
    outer loop
      vertex 3.82926 -3.40068 4.3255
      vertex 6.86223 -4.06402 4.14776
      vertex 3.9874 -3.34582 4.3402
    endloop
  endfacet
  facet normal -1.83083e-05 -0.258895 0.965905
    outer loop
      vertex 3.79142 -3.41381 4.32198
      vertex 6.86223 -4.06402 4.14776
      vertex 3.82926 -3.40068 4.3255
    endloop
  endfacet
  facet normal 2.26159e-05 -0.258715 0.965954
    outer loop
      vertex 3.74567 -3.42901 4.31791
      vertex 6.86223 -4.06402 4.14776
      vertex 3.79142 -3.41381 4.32198
    endloop
  endfacet
  facet normal -1.41812e-05 -0.258883 0.965909
    outer loop
      vertex 3.60071 -3.47717 4.305
      vertex 6.86223 -4.06402 4.14776
      vertex 3.74567 -3.42901 4.31791
    endloop
  endfacet
  facet normal 7.06706e-06 -0.258773 0.965938
    outer loop
      vertex 3.41486 -3.53619 4.28919
      vertex 6.86223 -4.06402 4.14776
      vertex 3.60071 -3.47717 4.305
    endloop
  endfacet
  facet normal -3.7656e-06 -0.258839 0.96592
    outer loop
      vertex 3.31302 -3.56705 4.28092
      vertex 6.86223 -4.06402 4.14776
      vertex 3.41486 -3.53619 4.28919
    endloop
  endfacet
  facet normal -9.81048e-06 -0.25888 0.96591
    outer loop
      vertex 3.23349 -3.59115 4.27446
      vertex 6.86223 -4.06402 4.14776
      vertex 3.31302 -3.56705 4.28092
    endloop
  endfacet
  facet normal -3.28994e-06 -0.258833 0.965922
    outer loop
      vertex 3.13996 -3.61813 4.26723
      vertex 6.86223 -4.06402 4.14776
      vertex 3.23349 -3.59115 4.27446
    endloop
  endfacet
  facet normal 1.12861e-05 -0.258719 0.965953
    outer loop
      vertex 3.05624 -3.64229 4.26076
      vertex 6.86223 -4.06402 4.14776
      vertex 3.13996 -3.61813 4.26723
    endloop
  endfacet
  facet normal -1.50961e-05 -0.258941 0.965893
    outer loop
      vertex 2.98531 -3.66172 4.25555
      vertex 6.86223 -4.06402 4.14776
      vertex 3.05624 -3.64229 4.26076
    endloop
  endfacet
  facet normal 2.3175e-05 -0.258597 0.965985
    outer loop
      vertex 2.8828 -3.68982 4.24803
      vertex 6.86223 -4.06402 4.14776
      vertex 2.98531 -3.66172 4.25555
    endloop
  endfacet
  facet normal -6.11324e-07 -0.258833 0.965922
    outer loop
      vertex 2.76434 -3.72057 4.23979
      vertex 6.86223 -4.06402 4.14776
      vertex 2.8828 -3.68982 4.24803
    endloop
  endfacet
  facet normal -3.39099e-05 -0.259204 0.965823
    outer loop
      vertex 2.71286 -3.73394 4.2362
      vertex 6.86223 -4.06402 4.14776
      vertex 2.76434 -3.72057 4.23979
    endloop
  endfacet
  facet normal -3.32887e-06 -0.258845 0.965919
    outer loop
      vertex 2.58366 -3.76562 4.22771
      vertex 6.86223 -4.06402 4.14776
      vertex 2.71286 -3.73394 4.2362
    endloop
  endfacet
  facet normal 2.82037e-05 -0.258423 0.966032
    outer loop
      vertex 2.54615 -3.77482 4.22525
      vertex 6.86223 -4.06402 4.14776
      vertex 2.58366 -3.76562 4.22771
    endloop
  endfacet
  facet normal 1.98888e-05 -0.258539 0.966001
    outer loop
      vertex 2.51347 -3.78237 4.22323
      vertex 6.86223 -4.06402 4.14776
      vertex 2.54615 -3.77482 4.22525
    endloop
  endfacet
  facet normal -1.4447e-05 -0.259034 0.965868
    outer loop
      vertex 2.38241 -3.81264 4.21511
      vertex 6.86223 -4.06402 4.14776
      vertex 2.51347 -3.78237 4.22323
    endloop
  endfacet
  facet normal 6.61679e-05 -0.257693 0.966227
    outer loop
      vertex 2.36059 -3.81737 4.21385
      vertex 6.86223 -4.06402 4.14776
      vertex 2.38241 -3.81264 4.21511
    endloop
  endfacet
  facet normal -8.30609e-06 -0.258962 0.965888
    outer loop
      vertex 2.22138 -3.84754 4.20576
      vertex 6.86223 -4.06402 4.14776
      vertex 2.36059 -3.81737 4.21385
    endloop
  endfacet
  facet normal 5.15244e-06 -0.258692 0.96596
    outer loop
      vertex 2.20957 -3.84993 4.20512
      vertex 6.86223 -4.06402 4.14776
      vertex 2.22138 -3.84754 4.20576
    endloop
  endfacet
  facet normal 3.31754e-06 -0.25873 0.96595
    outer loop
      vertex 2.06284 -3.87965 4.19716
      vertex 6.86223 -4.06402 4.14776
      vertex 2.20957 -3.84993 4.20512
    endloop
  endfacet
  facet normal 9.81042e-06 -0.258572 0.965992
    outer loop
      vertex 2.0146 -3.88873 4.19473
      vertex 6.86223 -4.06402 4.14776
      vertex 2.06284 -3.87965 4.19716
    endloop
  endfacet
  facet normal -1.00258e-05 -0.259084 0.965855
    outer loop
      vertex 1.90944 -3.9058 4.19015
      vertex 6.86223 -4.06402 4.14776
      vertex 2.0146 -3.88873 4.19473
    endloop
  endfacet
  facet normal -1.90394e-05 -0.259347 0.965784
    outer loop
      vertex 1.90531 -3.90647 4.18997
      vertex 6.86223 -4.06402 4.14776
      vertex 1.90944 -3.9058 4.19015
    endloop
  endfacet
  facet normal -1.8786e-05 -0.25934 0.965786
    outer loop
      vertex 1.90084 -3.90714 4.18979
      vertex 6.86223 -4.06402 4.14776
      vertex 1.90531 -3.90647 4.18997
    endloop
  endfacet
  facet normal 4.7517e-06 -0.258645 0.965972
    outer loop
      vertex 1.74968 -3.92985 4.18371
      vertex 6.86223 -4.06402 4.14776
      vertex 1.90084 -3.90714 4.18979
    endloop
  endfacet
  facet normal -6.08231e-06 -0.25903 0.965869
    outer loop
      vertex 1.61078 -3.94905 4.17856
      vertex 6.86223 -4.06402 4.14776
      vertex 1.74968 -3.92985 4.18371
    endloop
  endfacet
  facet normal 5.29109e-05 -0.256515 0.96654
    outer loop
      vertex 1.59633 -3.95105 4.17803
      vertex 6.86223 -4.06402 4.14776
      vertex 1.61078 -3.94905 4.17856
    endloop
  endfacet
  facet normal -4.3588e-05 -0.260712 0.965416
    outer loop
      vertex 1.58086 -3.95301 4.1775
      vertex 6.86223 -4.06402 4.14776
      vertex 1.59633 -3.95105 4.17803
    endloop
  endfacet
  facet normal 1.89986e-06 -0.258694 0.965959
    outer loop
      vertex 1.44502 -3.97015 4.17291
      vertex 6.86223 -4.06402 4.14776
      vertex 1.58086 -3.95301 4.1775
    endloop
  endfacet
  facet normal 4.198e-06 -0.25857 0.965993
    outer loop
      vertex 1.31833 -3.98461 4.16904
      vertex 6.86223 -4.06402 4.14776
      vertex 1.44502 -3.97015 4.17291
    endloop
  endfacet
  facet normal -1.54142e-05 -0.259847 0.96565
    outer loop
      vertex 1.29552 -3.98721 4.16834
      vertex 6.86223 -4.06402 4.14776
      vertex 1.31833 -3.98461 4.16904
    endloop
  endfacet
  facet normal 8.54564e-06 -0.258227 0.966084
    outer loop
      vertex 1.27142 -3.98968 4.16768
      vertex 6.86223 -4.06402 4.14776
      vertex 1.29552 -3.98721 4.16834
    endloop
  endfacet
  facet normal -2.70646e-06 -0.259017 0.965873
    outer loop
      vertex 1.14765 -4.00232 4.16429
      vertex 6.86223 -4.06402 4.14776
      vertex 1.27142 -3.98968 4.16768
    endloop
  endfacet
  facet normal -3.14014e-06 -0.259054 0.965863
    outer loop
      vertex 1.03053 -4.01287 4.16146
      vertex 6.86223 -4.06402 4.14776
      vertex 1.14765 -4.00232 4.16429
    endloop
  endfacet
  facet normal -6.5515e-07 -0.25879 0.965934
    outer loop
      vertex 1.00118 -4.01552 4.16075
      vertex 6.86223 -4.06402 4.14776
      vertex 1.03053 -4.01287 4.16146
    endloop
  endfacet
  facet normal 3.80307e-07 -0.258673 0.965965
    outer loop
      vertex 0.970544 -4.01791 4.16011
      vertex 6.86223 -4.06402 4.14776
      vertex 1.00118 -4.01552 4.16075
    endloop
  endfacet
  facet normal 5.48883e-06 -0.258064 0.966128
    outer loop
      vertex 0.855935 -4.02686 4.15772
      vertex 6.86223 -4.06402 4.14776
      vertex 0.970544 -4.01791 4.16011
    endloop
  endfacet
  facet normal -7.517e-06 -0.260025 0.965602
    outer loop
      vertex 0.822747 -4.02905 4.15713
      vertex 6.86223 -4.06402 4.14776
      vertex 0.855935 -4.02686 4.15772
    endloop
  endfacet
  facet normal -2.30577e-06 -0.259186 0.965827
    outer loop
      vertex 0.711723 -4.03639 4.15516
      vertex 6.86223 -4.06402 4.14776
      vertex 0.822747 -4.02905 4.15713
    endloop
  endfacet
  facet normal 2.33789e-06 -0.258221 0.966086
    outer loop
      vertex 0.604446 -4.04219 4.15361
      vertex 6.86223 -4.06402 4.14776
      vertex 0.711723 -4.03639 4.15516
    endloop
  endfacet
  facet normal 4.15783e-06 -0.257734 0.966216
    outer loop
      vertex 0.568366 -4.04414 4.15309
      vertex 6.86223 -4.06402 4.14776
      vertex 0.604446 -4.04219 4.15361
    endloop
  endfacet
  facet normal -8.10629e-06 -0.261356 0.965242
    outer loop
      vertex 0.531401 -4.04569 4.15267
      vertex 6.86223 -4.06402 4.14776
      vertex 0.568366 -4.04414 4.15309
    endloop
  endfacet
  facet normal -3.95409e-07 -0.258872 0.965912
    outer loop
      vertex 0.425686 -4.05013 4.15148
      vertex 6.86223 -4.06402 4.14776
      vertex 0.531401 -4.04569 4.15267
    endloop
  endfacet
  facet normal -3.39586e-06 -0.260169 0.965563
    outer loop
      vertex 0.387462 -4.05128 4.15117
      vertex 6.86223 -4.06402 4.14776
      vertex 0.425686 -4.05013 4.15148
    endloop
  endfacet
  facet normal -2.79926e-06 -0.259887 0.965639
    outer loop
      vertex 0.283511 -4.0544 4.15033
      vertex 6.86223 -4.06402 4.14776
      vertex 0.387462 -4.05128 4.15117
    endloop
  endfacet
  facet normal 2.99016e-06 -0.256191 0.966626
    outer loop
      vertex 0.180971 -4.05625 4.14984
      vertex 6.86223 -4.06402 4.14776
      vertex 0.283511 -4.0544 4.15033
    endloop
  endfacet
  facet normal 9.56623e-08 -0.258514 0.966007
    outer loop
      vertex 0.141672 -4.05696 4.14965
      vertex 6.86223 -4.06402 4.14776
      vertex 0.180971 -4.05625 4.14984
    endloop
  endfacet
  facet normal 1.53728e-05 -0.244918 0.969544
    outer loop
      vertex 0.102135 -4.0572 4.14959
      vertex 6.86223 -4.06402 4.14776
      vertex 0.141672 -4.05696 4.14965
    endloop
  endfacet
  facet normal -8.6166e-06 -0.267119 0.963663
    outer loop
      vertex 0 -4.05781 4.14942
      vertex 6.86223 -4.06402 4.14776
      vertex 0.102135 -4.0572 4.14959
    endloop
  endfacet
  facet normal -0.0145546 -0.914066 0.405304
    outer loop
      vertex -0.283511 -4.0544 4.15033
      vertex -0.141672 -4.05696 4.14965
      vertex -0.180971 -4.05625 4.14984
    endloop
  endfacet
  facet normal 0.0413462 0.839043 0.542491
    outer loop
      vertex -0.568366 -4.04414 4.15309
      vertex -0.425686 -4.05013 4.15148
      vertex -0.531401 -4.04569 4.15267
    endloop
  endfacet
  facet normal 0.0519604 0.423918 0.904209
    outer loop
      vertex -1.00118 -4.01552 4.16075
      vertex -0.855935 -4.02686 4.15772
      vertex -0.970544 -4.01791 4.16011
    endloop
  endfacet
  facet normal 0.0123 -0.129423 0.991513
    outer loop
      vertex -1.14765 -4.00232 4.16429
      vertex -1.00118 -4.01552 4.16075
      vertex -1.03053 -4.01287 4.16146
    endloop
  endfacet
  facet normal -0.0283905 -0.00992289 -0.999548
    outer loop
      vertex -1.29552 -3.98721 4.16834
      vertex -1.14765 -4.00232 4.16429
      vertex -1.27142 -3.98968 4.16768
    endloop
  endfacet
  facet normal -0.09963 -0.677982 -0.728295
    outer loop
      vertex -1.44502 -3.97015 4.17291
      vertex -1.29552 -3.98721 4.16834
      vertex -1.31833 -3.98461 4.16904
    endloop
  endfacet
  facet normal 0.139885 0.90305 0.406119
    outer loop
      vertex -1.74968 -3.92985 4.18371
      vertex -1.59633 -3.95105 4.17803
      vertex -1.61078 -3.94905 4.17856
    endloop
  endfacet
  facet normal 0.0594213 0.13056 0.989658
    outer loop
      vertex -1.90531 -3.90647 4.18997
      vertex -1.74968 -3.92985 4.18371
      vertex -1.90084 -3.90714 4.18979
    endloop
  endfacet
  facet normal -0.090555 -0.303359 -0.948564
    outer loop
      vertex -2.0146 -3.88873 4.19473
      vertex -1.90531 -3.90647 4.18997
      vertex -1.90944 -3.9058 4.19015
    endloop
  endfacet
  facet normal -1.98888e-05 -0.258539 0.966001
    outer loop
      vertex -6.86223 -4.06402 4.14776
      vertex -2.51347 -3.78237 4.22323
      vertex -2.54615 -3.77482 4.22525
    endloop
  endfacet
  facet normal 6.11324e-07 -0.258833 0.965922
    outer loop
      vertex -6.86223 -4.06402 4.14776
      vertex -2.76434 -3.72057 4.23979
      vertex -2.8828 -3.68982 4.24803
    endloop
  endfacet
  facet normal 3.28994e-06 -0.258833 0.965922
    outer loop
      vertex -6.86223 -4.06402 4.14776
      vertex -3.13996 -3.61813 4.26723
      vertex -3.23349 -3.59115 4.27446
    endloop
  endfacet
  facet normal 3.7656e-06 -0.258839 0.96592
    outer loop
      vertex -6.86223 -4.06402 4.14776
      vertex -3.31302 -3.56705 4.28092
      vertex -3.41486 -3.53619 4.28919
    endloop
  endfacet
  facet normal -2.26159e-05 -0.258715 0.965954
    outer loop
      vertex -6.86223 -4.06402 4.14776
      vertex -3.74567 -3.42901 4.31791
      vertex -3.79142 -3.41381 4.32198
    endloop
  endfacet
  facet normal 0 -0.258821 0.965925
    outer loop
      vertex -6.86223 -4.06402 4.14776
      vertex -4.05249 -3.32228 4.34651
      vertex -6.66348 -3.32228 4.34651
    endloop
  endfacet
  facet normal 1.52322e-05 -0.258875 0.965911
    outer loop
      vertex -4.05249 -3.32228 4.34651
      vertex -6.86223 -4.06402 4.14776
      vertex -3.9874 -3.34582 4.3402
    endloop
  endfacet
  facet normal 1.00264e-06 -0.258821 0.965925
    outer loop
      vertex -3.9874 -3.34582 4.3402
      vertex -6.86223 -4.06402 4.14776
      vertex -3.82926 -3.40068 4.3255
    endloop
  endfacet
  facet normal 1.83083e-05 -0.258895 0.965905
    outer loop
      vertex -3.82926 -3.40068 4.3255
      vertex -6.86223 -4.06402 4.14776
      vertex -3.79142 -3.41381 4.32198
    endloop
  endfacet
  facet normal 1.41812e-05 -0.258883 0.965909
    outer loop
      vertex -3.74567 -3.42901 4.31791
      vertex -6.86223 -4.06402 4.14776
      vertex -3.60071 -3.47717 4.305
    endloop
  endfacet
  facet normal -7.06706e-06 -0.258773 0.965938
    outer loop
      vertex -3.60071 -3.47717 4.305
      vertex -6.86223 -4.06402 4.14776
      vertex -3.41486 -3.53619 4.28919
    endloop
  endfacet
  facet normal 9.81048e-06 -0.25888 0.96591
    outer loop
      vertex -3.31302 -3.56705 4.28092
      vertex -6.86223 -4.06402 4.14776
      vertex -3.23349 -3.59115 4.27446
    endloop
  endfacet
  facet normal -1.12861e-05 -0.258719 0.965953
    outer loop
      vertex -3.13996 -3.61813 4.26723
      vertex -6.86223 -4.06402 4.14776
      vertex -3.05624 -3.64229 4.26076
    endloop
  endfacet
  facet normal 1.50961e-05 -0.258941 0.965893
    outer loop
      vertex -3.05624 -3.64229 4.26076
      vertex -6.86223 -4.06402 4.14776
      vertex -2.98531 -3.66172 4.25555
    endloop
  endfacet
  facet normal -2.3175e-05 -0.258597 0.965985
    outer loop
      vertex -2.98531 -3.66172 4.25555
      vertex -6.86223 -4.06402 4.14776
      vertex -2.8828 -3.68982 4.24803
    endloop
  endfacet
  facet normal 3.39099e-05 -0.259204 0.965823
    outer loop
      vertex -2.76434 -3.72057 4.23979
      vertex -6.86223 -4.06402 4.14776
      vertex -2.71286 -3.73394 4.2362
    endloop
  endfacet
  facet normal 3.32887e-06 -0.258845 0.965919
    outer loop
      vertex -2.71286 -3.73394 4.2362
      vertex -6.86223 -4.06402 4.14776
      vertex -2.58366 -3.76562 4.22771
    endloop
  endfacet
  facet normal -2.82037e-05 -0.258423 0.966032
    outer loop
      vertex -2.58366 -3.76562 4.22771
      vertex -6.86223 -4.06402 4.14776
      vertex -2.54615 -3.77482 4.22525
    endloop
  endfacet
  facet normal 1.4447e-05 -0.259034 0.965868
    outer loop
      vertex -2.51347 -3.78237 4.22323
      vertex -6.86223 -4.06402 4.14776
      vertex -2.38241 -3.81264 4.21511
    endloop
  endfacet
  facet normal -6.61679e-05 -0.257693 0.966227
    outer loop
      vertex -2.38241 -3.81264 4.21511
      vertex -6.86223 -4.06402 4.14776
      vertex -2.36059 -3.81737 4.21385
    endloop
  endfacet
  facet normal 8.30609e-06 -0.258962 0.965888
    outer loop
      vertex -2.36059 -3.81737 4.21385
      vertex -6.86223 -4.06402 4.14776
      vertex -2.22138 -3.84754 4.20576
    endloop
  endfacet
  facet normal -5.15244e-06 -0.258692 0.96596
    outer loop
      vertex -2.22138 -3.84754 4.20576
      vertex -6.86223 -4.06402 4.14776
      vertex -2.20957 -3.84993 4.20512
    endloop
  endfacet
  facet normal -3.31754e-06 -0.25873 0.96595
    outer loop
      vertex -2.20957 -3.84993 4.20512
      vertex -6.86223 -4.06402 4.14776
      vertex -2.06284 -3.87965 4.19716
    endloop
  endfacet
  facet normal -9.81042e-06 -0.258572 0.965992
    outer loop
      vertex -2.06284 -3.87965 4.19716
      vertex -6.86223 -4.06402 4.14776
      vertex -2.0146 -3.88873 4.19473
    endloop
  endfacet
  facet normal 1.0403e-05 -0.259094 0.965852
    outer loop
      vertex -2.0146 -3.88873 4.19473
      vertex -6.86223 -4.06402 4.14776
      vertex -1.90531 -3.90647 4.18997
    endloop
  endfacet
  facet normal -4.17448e-06 -0.258666 0.965967
    outer loop
      vertex -1.90531 -3.90647 4.18997
      vertex -6.86223 -4.06402 4.14776
      vertex -1.74968 -3.92985 4.18371
    endloop
  endfacet
  facet normal -4.07461e-07 -0.2588 0.965931
    outer loop
      vertex -1.74968 -3.92985 4.18371
      vertex -6.86223 -4.06402 4.14776
      vertex -1.59633 -3.95105 4.17803
    endloop
  endfacet
  facet normal 4.3588e-05 -0.260712 0.965416
    outer loop
      vertex -1.59633 -3.95105 4.17803
      vertex -6.86223 -4.06402 4.14776
      vertex -1.58086 -3.95301 4.1775
    endloop
  endfacet
  facet normal 0 -0.258244 0.96608
    outer loop
      vertex 0 -4.05781 4.14942
      vertex -6.86223 -4.06402 4.14776
      vertex 6.86223 -4.06402 4.14776
    endloop
  endfacet
  facet normal 8.6166e-06 -0.267119 0.963663
    outer loop
      vertex -0.102135 -4.0572 4.14959
      vertex -6.86223 -4.06402 4.14776
      vertex 0 -4.05781 4.14942
    endloop
  endfacet
  facet normal -1.53728e-05 -0.244918 0.969544
    outer loop
      vertex -0.141672 -4.05696 4.14965
      vertex -6.86223 -4.06402 4.14776
      vertex -0.102135 -4.0572 4.14959
    endloop
  endfacet
  facet normal -1.99598e-06 -0.256826 0.966458
    outer loop
      vertex -0.283511 -4.0544 4.15033
      vertex -6.86223 -4.06402 4.14776
      vertex -0.141672 -4.05696 4.14965
    endloop
  endfacet
  facet normal 2.79926e-06 -0.259887 0.965639
    outer loop
      vertex -0.387462 -4.05128 4.15117
      vertex -6.86223 -4.06402 4.14776
      vertex -0.283511 -4.0544 4.15033
    endloop
  endfacet
  facet normal 3.39586e-06 -0.260169 0.965563
    outer loop
      vertex -0.425686 -4.05013 4.15148
      vertex -6.86223 -4.06402 4.14776
      vertex -0.387462 -4.05128 4.15117
    endloop
  endfacet
  facet normal 1.90828e-06 -0.259526 0.965736
    outer loop
      vertex -0.568366 -4.04414 4.15309
      vertex -6.86223 -4.06402 4.14776
      vertex -0.425686 -4.05013 4.15148
    endloop
  endfacet
  facet normal -4.15783e-06 -0.257734 0.966216
    outer loop
      vertex -0.604446 -4.04219 4.15361
      vertex -6.86223 -4.06402 4.14776
      vertex -0.568366 -4.04414 4.15309
    endloop
  endfacet
  facet normal -2.33789e-06 -0.258221 0.966086
    outer loop
      vertex -0.711723 -4.03639 4.15516
      vertex -6.86223 -4.06402 4.14776
      vertex -0.604446 -4.04219 4.15361
    endloop
  endfacet
  facet normal 2.30577e-06 -0.259186 0.965827
    outer loop
      vertex -0.822747 -4.02905 4.15713
      vertex -6.86223 -4.06402 4.14776
      vertex -0.711723 -4.03639 4.15516
    endloop
  endfacet
  facet normal 7.517e-06 -0.260025 0.965602
    outer loop
      vertex -0.855935 -4.02686 4.15772
      vertex -6.86223 -4.06402 4.14776
      vertex -0.822747 -4.02905 4.15713
    endloop
  endfacet
  facet normal -4.62093e-06 -0.258195 0.966093
    outer loop
      vertex -1.00118 -4.01552 4.16075
      vertex -6.86223 -4.06402 4.14776
      vertex -0.855935 -4.02686 4.15772
    endloop
  endfacet
  facet normal 2.53848e-06 -0.259002 0.965877
    outer loop
      vertex -1.14765 -4.00232 4.16429
      vertex -6.86223 -4.06402 4.14776
      vertex -1.00118 -4.01552 4.16075
    endloop
  endfacet
  facet normal 1.18069e-06 -0.258885 0.965908
    outer loop
      vertex -1.29552 -3.98721 4.16834
      vertex -6.86223 -4.06402 4.14776
      vertex -1.14765 -4.00232 4.16429
    endloop
  endfacet
  facet normal -6.63312e-07 -0.25876 0.965942
    outer loop
      vertex -1.44502 -3.97015 4.17291
      vertex -6.86223 -4.06402 4.14776
      vertex -1.29552 -3.98721 4.16834
    endloop
  endfacet
  facet normal -1.89986e-06 -0.258694 0.965959
    outer loop
      vertex -1.58086 -3.95301 4.1775
      vertex -6.86223 -4.06402 4.14776
      vertex -1.44502 -3.97015 4.17291
    endloop
  endfacet
  facet normal 0.000173663 -0.358364 0.933582
    outer loop
      vertex 7.16839 -5.52444 3.67324
      vertex 7.1889 -5.96902 3.50258
      vertex 7.17991 -5.60053 3.64403
    endloop
  endfacet
  facet normal 0.000106072 -0.358367 0.933581
    outer loop
      vertex 7.16839 -5.52444 3.67324
      vertex 7.15823 -6.24134 3.39805
      vertex 7.1889 -5.96902 3.50258
    endloop
  endfacet
  facet normal 0 -0.358366 0.933581
    outer loop
      vertex 7.16839 -5.52444 3.67324
      vertex -7.15823 -6.24134 3.39805
      vertex 7.15823 -6.24134 3.39805
    endloop
  endfacet
  facet normal 0 -0.358366 0.933581
    outer loop
      vertex -7.16839 -5.52444 3.67324
      vertex -7.15823 -6.24134 3.39805
      vertex 7.16839 -5.52444 3.67324
    endloop
  endfacet
  facet normal -0.000173663 -0.358364 0.933582
    outer loop
      vertex -7.1889 -5.96902 3.50258
      vertex -7.16839 -5.52444 3.67324
      vertex -7.17991 -5.60053 3.64403
    endloop
  endfacet
  facet normal -0.000106072 -0.358367 0.933581
    outer loop
      vertex -7.16839 -5.52444 3.67324
      vertex -7.1889 -5.96902 3.50258
      vertex -7.15823 -6.24134 3.39805
    endloop
  endfacet
  facet normal 0.0555593 -0.706023 -0.706006
    outer loop
      vertex 7.39722 -8.97659 0.4
      vertex 7.09999 -8.99998 0.4
      vertex 7.09999 -8.59999 0
    endloop
  endfacet
  facet normal -0.0673473 -0.85582 0.51287
    outer loop
      vertex -7.09999 -8.99998 0.41
      vertex -6.09183 -7.67121 2.75969
      vertex -7.39722 -8.97659 0.41
    endloop
  endfacet
  facet normal -0.0673678 -0.855815 0.512876
    outer loop
      vertex -6.09183 -7.67121 2.75969
      vertex -7.09999 -8.99998 0.41
      vertex -5.80384 -7.70384 2.74307
    endloop
  endfacet
  facet normal -0.618297 -0.330463 -0.713094
    outer loop
      vertex -8.3472 -7.93335 0
      vertex -8.79291 -7.96257 0.4
      vertex -8.48581 -7.67401 0
    endloop
  endfacet
  facet normal -0.996918 0.0784507 0
    outer loop
      vertex -8.99998 7.09999 0.4
      vertex -8.97659 7.39722 0.41
      vertex -8.97659 7.39722 0.4
    endloop
  endfacet
  facet normal -0.996918 0.0784507 0
    outer loop
      vertex -8.97659 7.39722 0.41
      vertex -8.99998 7.09999 0.4
      vertex -8.99998 7.09999 0.41
    endloop
  endfacet
  facet normal 0.649434 0.760418 -0
    outer loop
      vertex 8.4435 8.4435 0.4
      vertex 8.21678 8.63713 0.41
      vertex 8.4435 8.4435 0.41
    endloop
  endfacet
  facet normal 0.649434 0.760418 0
    outer loop
      vertex 8.21678 8.63713 0.41
      vertex 8.4435 8.4435 0.4
      vertex 8.21678 8.63713 0.4
    endloop
  endfacet
  facet normal -0.677555 -0.415182 0.607077
    outer loop
      vertex -8.79291 -7.96257 0.41
      vertex -7.07444 -6.65409 3.22285
      vertex -7.15177 -6.32143 3.36405
    endloop
  endfacet
  facet normal -0.677544 -0.415199 0.607078
    outer loop
      vertex -7.07444 -6.65409 3.22285
      vertex -8.79291 -7.96257 0.41
      vertex -8.63713 -8.21678 0.41
    endloop
  endfacet
  facet normal -0.0561067 0.705997 0.705989
    outer loop
      vertex -5.09999 6.99998 4.01
      vertex -5.10603 6.01981 4.9897
      vertex -5.09999 6.02114 4.98885
    endloop
  endfacet
  facet normal -0.0555587 0.706017 0.706013
    outer loop
      vertex -5.10603 6.01981 4.9897
      vertex -5.09999 6.99998 4.01
      vertex -5.39722 6.97659 4.01
    endloop
  endfacet
  facet normal 0.0689663 0.700264 -0.710545
    outer loop
      vertex 7.39262 8.57117 0
      vertex 7.09999 8.59999 0
      vertex 7.39722 8.97659 0.4
    endloop
  endfacet
  facet normal 0.16553 0.68957 0.705048
    outer loop
      vertex 5.39722 6.97659 4.01
      vertex 5.32092 5.97246 5.01
      vertex 5.68712 6.907 4.01
    endloop
  endfacet
  facet normal 0 0 -1
    outer loop
      vertex 8.407 -7.18712 0
      vertex 8.59999 -7.09999 0
      vertex 8.57117 -7.39262 0
    endloop
  endfacet
  facet normal 0 0 -1
    outer loop
      vertex 8.59999 -7.09999 0
      vertex 8.49998 -6.59999 0
      vertex 8.59999 7.09999 0
    endloop
  endfacet
  facet normal 0 0 -1
    outer loop
      vertex 8.49998 6.59999 0
      vertex 8.59999 7.09999 0
      vertex 8.49998 -6.59999 0
    endloop
  endfacet
  facet normal 0 0 -1
    outer loop
      vertex 8.29291 -7.46257 0
      vertex 8.57117 -7.39262 0
      vertex 8.48581 -7.67401 0
    endloop
  endfacet
  facet normal 0 0 -1
    outer loop
      vertex 8.59999 -7.09999 0
      vertex 8.47659 -6.89722 0
      vertex 8.49998 -6.59999 0
    endloop
  endfacet
  facet normal -0 0 -1
    outer loop
      vertex 8.59999 -7.09999 0
      vertex 8.407 -7.18712 0
      vertex 8.47659 -6.89722 0
    endloop
  endfacet
  facet normal 0 0 -1
    outer loop
      vertex 8.13713 -7.71678 0
      vertex 8.48581 -7.67401 0
      vertex 8.3472 -7.93335 0
    endloop
  endfacet
  facet normal -0 0 -1
    outer loop
      vertex 8.57117 -7.39262 0
      vertex 8.29291 -7.46257 0
      vertex 8.407 -7.18712 0
    endloop
  endfacet
  facet normal 0 0 -1
    outer loop
      vertex 7.9435 -7.9435 0
      vertex 8.3472 -7.93335 0
      vertex 8.16064 -8.16064 0
    endloop
  endfacet
  facet normal -0 0 -1
    outer loop
      vertex 8.48581 -7.67401 0
      vertex 8.13713 -7.71678 0
      vertex 8.29291 -7.46257 0
    endloop
  endfacet
  facet normal -0 0 -1
    outer loop
      vertex 8.3472 -7.93335 0
      vertex 7.9435 -7.9435 0
      vertex 8.13713 -7.71678 0
    endloop
  endfacet
  facet normal 0 0 -1
    outer loop
      vertex 7.93335 -8.3472 0
      vertex 7.9435 -7.9435 0
      vertex 8.16064 -8.16064 0
    endloop
  endfacet
  facet normal 0 0 -1
    outer loop
      vertex 7.93335 -8.3472 0
      vertex 7.71678 -8.13713 0
      vertex 7.9435 -7.9435 0
    endloop
  endfacet
  facet normal 0 0 -1
    outer loop
      vertex 7.67401 -8.48581 0
      vertex 7.71678 -8.13713 0
      vertex 7.93335 -8.3472 0
    endloop
  endfacet
  facet normal 0 0 -1
    outer loop
      vertex 7.67401 -8.48581 0
      vertex 7.46257 -8.29291 0
      vertex 7.71678 -8.13713 0
    endloop
  endfacet
  facet normal 0 0 -1
    outer loop
      vertex 7.39262 -8.57117 0
      vertex 7.46257 -8.29291 0
      vertex 7.67401 -8.48581 0
    endloop
  endfacet
  facet normal 0 0 -1
    outer loop
      vertex 7.39262 -8.57117 0
      vertex 7.18712 -8.407 0
      vertex 7.46257 -8.29291 0
    endloop
  endfacet
  facet normal 0 0 -1
    outer loop
      vertex 7.09999 -8.59999 0
      vertex 7.18712 -8.407 0
      vertex 7.39262 -8.57117 0
    endloop
  endfacet
  facet normal 0 0 -1
    outer loop
      vertex 7.09999 -8.59999 0
      vertex 6.89722 -8.47659 0
      vertex 7.18712 -8.407 0
    endloop
  endfacet
  facet normal 0 0 -1
    outer loop
      vertex 7.09999 -8.59999 0
      vertex 6.59999 -8.49998 0
      vertex 6.89722 -8.47659 0
    endloop
  endfacet
  facet normal 0 0 -1
    outer loop
      vertex 7.09999 -8.59999 0
      vertex -6.59999 -8.49998 0
      vertex 6.59999 -8.49998 0
    endloop
  endfacet
  facet normal 0 0 -1
    outer loop
      vertex -7.09999 -8.59999 0
      vertex -6.59999 -8.49998 0
      vertex 7.09999 -8.59999 0
    endloop
  endfacet
  facet normal 0 0 -1
    outer loop
      vertex -7.09999 -8.59999 0
      vertex -6.89722 -8.47659 0
      vertex -6.59999 -8.49998 0
    endloop
  endfacet
  facet normal 0 0 -1
    outer loop
      vertex -7.09999 -8.59999 0
      vertex -7.18712 -8.407 0
      vertex -6.89722 -8.47659 0
    endloop
  endfacet
  facet normal 0 0 -1
    outer loop
      vertex -7.39262 -8.57117 0
      vertex -7.18712 -8.407 0
      vertex -7.09999 -8.59999 0
    endloop
  endfacet
  facet normal 0 0 -1
    outer loop
      vertex -7.39262 -8.57117 0
      vertex -7.46257 -8.29291 0
      vertex -7.18712 -8.407 0
    endloop
  endfacet
  facet normal 0 0 -1
    outer loop
      vertex -7.67401 -8.48581 0
      vertex -7.46257 -8.29291 0
      vertex -7.39262 -8.57117 0
    endloop
  endfacet
  facet normal 0 0 -1
    outer loop
      vertex -7.67401 -8.48581 0
      vertex -7.71678 -8.13713 0
      vertex -7.46257 -8.29291 0
    endloop
  endfacet
  facet normal 0 0 -1
    outer loop
      vertex -7.93335 -8.3472 0
      vertex -7.71678 -8.13713 0
      vertex -7.67401 -8.48581 0
    endloop
  endfacet
  facet normal 0 0 -1
    outer loop
      vertex -7.93335 -8.3472 0
      vertex -7.9435 -7.9435 0
      vertex -7.71678 -8.13713 0
    endloop
  endfacet
  facet normal 0 0 -1
    outer loop
      vertex -8.16064 -8.16064 0
      vertex -7.9435 -7.9435 0
      vertex -7.93335 -8.3472 0
    endloop
  endfacet
  facet normal 0 0 -1
    outer loop
      vertex -8.3472 -7.93335 0
      vertex -7.9435 -7.9435 0
      vertex -8.16064 -8.16064 0
    endloop
  endfacet
  facet normal 0 0 -1
    outer loop
      vertex -7.9435 -7.9435 0
      vertex -8.3472 -7.93335 0
      vertex -8.13713 -7.71678 0
    endloop
  endfacet
  facet normal 0 0 -1
    outer loop
      vertex -8.48581 -7.67401 0
      vertex -8.13713 -7.71678 0
      vertex -8.3472 -7.93335 0
    endloop
  endfacet
  facet normal 0 0 -1
    outer loop
      vertex -8.13713 -7.71678 0
      vertex -8.48581 -7.67401 0
      vertex -8.29291 -7.46257 0
    endloop
  endfacet
  facet normal 0 0 -1
    outer loop
      vertex -8.57117 -7.39262 0
      vertex -8.29291 -7.46257 0
      vertex -8.48581 -7.67401 0
    endloop
  endfacet
  facet normal 0 0 -1
    outer loop
      vertex -8.29291 -7.46257 0
      vertex -8.57117 -7.39262 0
      vertex -8.407 -7.18712 0
    endloop
  endfacet
  facet normal 0 0 -1
    outer loop
      vertex -8.59999 -7.09999 0
      vertex -8.407 -7.18712 0
      vertex -8.57117 -7.39262 0
    endloop
  endfacet
  facet normal -0 0 -1
    outer loop
      vertex -8.47659 -6.89722 0
      vertex -8.59999 -7.09999 0
      vertex -8.49998 -6.59999 0
    endloop
  endfacet
  facet normal 0 0 -1
    outer loop
      vertex -8.407 -7.18712 0
      vertex -8.59999 -7.09999 0
      vertex -8.47659 -6.89722 0
    endloop
  endfacet
  facet normal 0 0 -1
    outer loop
      vertex 8.47659 6.89722 0
      vertex 8.59999 7.09999 0
      vertex 8.49998 6.59999 0
    endloop
  endfacet
  facet normal 0 0 -1
    outer loop
      vertex 8.407 7.18712 0
      vertex 8.59999 7.09999 0
      vertex 8.47659 6.89722 0
    endloop
  endfacet
  facet normal 0 0 -1
    outer loop
      vertex 8.59999 7.09999 0
      vertex 8.407 7.18712 0
      vertex 8.57117 7.39262 0
    endloop
  endfacet
  facet normal 0 0 -1
    outer loop
      vertex 8.29291 7.46257 0
      vertex 8.57117 7.39262 0
      vertex 8.407 7.18712 0
    endloop
  endfacet
  facet normal 0 0 -1
    outer loop
      vertex 8.57117 7.39262 0
      vertex 8.29291 7.46257 0
      vertex 8.48581 7.67401 0
    endloop
  endfacet
  facet normal 0 0 -1
    outer loop
      vertex 8.13713 7.71678 0
      vertex 8.48581 7.67401 0
      vertex 8.29291 7.46257 0
    endloop
  endfacet
  facet normal 0 0 -1
    outer loop
      vertex 8.48581 7.67401 0
      vertex 8.13713 7.71678 0
      vertex 8.3472 7.93335 0
    endloop
  endfacet
  facet normal 0 0 -1
    outer loop
      vertex 7.9435 7.9435 0
      vertex 8.3472 7.93335 0
      vertex 8.13713 7.71678 0
    endloop
  endfacet
  facet normal 0 0 -1
    outer loop
      vertex 8.3472 7.93335 0
      vertex 7.9435 7.9435 0
      vertex 8.16064 8.16064 0
    endloop
  endfacet
  facet normal 0 0 -1
    outer loop
      vertex 7.9435 7.9435 0
      vertex 7.93335 8.3472 0
      vertex 8.16064 8.16064 0
    endloop
  endfacet
  facet normal 0 0 -1
    outer loop
      vertex 7.71678 8.13713 0
      vertex 7.93335 8.3472 0
      vertex 7.9435 7.9435 0
    endloop
  endfacet
  facet normal 0 0 -1
    outer loop
      vertex 7.71678 8.13713 0
      vertex 7.67401 8.48581 0
      vertex 7.93335 8.3472 0
    endloop
  endfacet
  facet normal 0 0 -1
    outer loop
      vertex 7.46257 8.29291 0
      vertex 7.67401 8.48581 0
      vertex 7.71678 8.13713 0
    endloop
  endfacet
  facet normal 0 0 -1
    outer loop
      vertex 7.46257 8.29291 0
      vertex 7.39262 8.57117 0
      vertex 7.67401 8.48581 0
    endloop
  endfacet
  facet normal 0 0 -1
    outer loop
      vertex 7.18712 8.407 0
      vertex 7.39262 8.57117 0
      vertex 7.46257 8.29291 0
    endloop
  endfacet
  facet normal 0 0 -1
    outer loop
      vertex 7.18712 8.407 0
      vertex 7.09999 8.59999 0
      vertex 7.39262 8.57117 0
    endloop
  endfacet
  facet normal 0 0 -1
    outer loop
      vertex 6.89722 8.47659 0
      vertex 7.09999 8.59999 0
      vertex 7.18712 8.407 0
    endloop
  endfacet
  facet normal 0 0 -1
    outer loop
      vertex 6.59999 8.49998 0
      vertex 7.09999 8.59999 0
      vertex 6.89722 8.47659 0
    endloop
  endfacet
  facet normal 0 0 -1
    outer loop
      vertex -6.59999 8.49998 0
      vertex 7.09999 8.59999 0
      vertex 6.59999 8.49998 0
    endloop
  endfacet
  facet normal 0 0 -1
    outer loop
      vertex -6.59999 8.49998 0
      vertex -7.09999 8.59999 0
      vertex 7.09999 8.59999 0
    endloop
  endfacet
  facet normal 0 0 -1
    outer loop
      vertex -6.89722 8.47659 0
      vertex -7.09999 8.59999 0
      vertex -6.59999 8.49998 0
    endloop
  endfacet
  facet normal 0 0 -1
    outer loop
      vertex -7.18712 8.407 0
      vertex -7.09999 8.59999 0
      vertex -6.89722 8.47659 0
    endloop
  endfacet
  facet normal 0 0 -1
    outer loop
      vertex -7.18712 8.407 0
      vertex -7.39262 8.57117 0
      vertex -7.09999 8.59999 0
    endloop
  endfacet
  facet normal 0 0 -1
    outer loop
      vertex -7.46257 8.29291 0
      vertex -7.39262 8.57117 0
      vertex -7.18712 8.407 0
    endloop
  endfacet
  facet normal 0 0 -1
    outer loop
      vertex -7.46257 8.29291 0
      vertex -7.67401 8.48581 0
      vertex -7.39262 8.57117 0
    endloop
  endfacet
  facet normal 0 0 -1
    outer loop
      vertex -7.71678 8.13713 0
      vertex -7.67401 8.48581 0
      vertex -7.46257 8.29291 0
    endloop
  endfacet
  facet normal 0 0 -1
    outer loop
      vertex -7.71678 8.13713 0
      vertex -7.93335 8.3472 0
      vertex -7.67401 8.48581 0
    endloop
  endfacet
  facet normal 0 0 -1
    outer loop
      vertex -7.9435 7.9435 0
      vertex -7.93335 8.3472 0
      vertex -7.71678 8.13713 0
    endloop
  endfacet
  facet normal 0 0 -1
    outer loop
      vertex -8.3472 7.93335 0
      vertex -7.9435 7.9435 0
      vertex -8.13713 7.71678 0
    endloop
  endfacet
  facet normal 0 0 -1
    outer loop
      vertex -7.9435 7.9435 0
      vertex -8.16064 8.16064 0
      vertex -7.93335 8.3472 0
    endloop
  endfacet
  facet normal 0 0 -1
    outer loop
      vertex -8.48581 7.67401 0
      vertex -8.13713 7.71678 0
      vertex -8.29291 7.46257 0
    endloop
  endfacet
  facet normal -0 0 -1
    outer loop
      vertex -7.9435 7.9435 0
      vertex -8.3472 7.93335 0
      vertex -8.16064 8.16064 0
    endloop
  endfacet
  facet normal 0 0 -1
    outer loop
      vertex -8.57117 7.39262 0
      vertex -8.29291 7.46257 0
      vertex -8.407 7.18712 0
    endloop
  endfacet
  facet normal 0 0 -1
    outer loop
      vertex -8.59999 7.09999 0
      vertex -8.407 7.18712 0
      vertex -8.47659 6.89722 0
    endloop
  endfacet
  facet normal -0 0 -1
    outer loop
      vertex -8.13713 7.71678 0
      vertex -8.48581 7.67401 0
      vertex -8.3472 7.93335 0
    endloop
  endfacet
  facet normal 0 0 -1
    outer loop
      vertex -8.59999 7.09999 0
      vertex -8.47659 6.89722 0
      vertex -8.49998 6.59999 0
    endloop
  endfacet
  facet normal -0 0 -1
    outer loop
      vertex -8.29291 7.46257 0
      vertex -8.57117 7.39262 0
      vertex -8.48581 7.67401 0
    endloop
  endfacet
  facet normal -0 0 -1
    outer loop
      vertex -8.49998 -6.59999 0
      vertex -8.59999 -7.09999 0
      vertex -8.49998 6.59999 0
    endloop
  endfacet
  facet normal 0 0 -1
    outer loop
      vertex -8.59999 7.09999 0
      vertex -8.49998 6.59999 0
      vertex -8.59999 -7.09999 0
    endloop
  endfacet
  facet normal -0 0 -1
    outer loop
      vertex -8.407 7.18712 0
      vertex -8.59999 7.09999 0
      vertex -8.57117 7.39262 0
    endloop
  endfacet
  facet normal -0.598646 0.511273 0.616622
    outer loop
      vertex -8.63713 8.21678 0.41
      vertex -6.4435 6.4435 4.01
      vertex -8.4435 8.4435 0.41
    endloop
  endfacet
  facet normal -0.598646 0.511273 0.616622
    outer loop
      vertex -6.4435 6.4435 4.01
      vertex -8.63713 8.21678 0.41
      vertex -6.63713 6.21678 4.01
    endloop
  endfacet
  facet normal -0.272574 -0.658082 -0.701877
    outer loop
      vertex -7.68712 -8.907 0.4
      vertex -7.96257 -8.79291 0.4
      vertex -7.67401 -8.48581 0
    endloop
  endfacet
  facet normal -0.233417 0.972377 0
    outer loop
      vertex -7.39722 8.97659 0.4
      vertex -7.68712 8.907 0.41
      vertex -7.39722 8.97659 0.41
    endloop
  endfacet
  facet normal -0.233417 0.972377 0
    outer loop
      vertex -7.68712 8.907 0.41
      vertex -7.39722 8.97659 0.4
      vertex -7.68712 8.907 0.4
    endloop
  endfacet
  facet normal -0.330463 0.618297 -0.713094
    outer loop
      vertex -7.93335 8.3472 0
      vertex -7.96257 8.79291 0.4
      vertex -7.67401 8.48581 0
    endloop
  endfacet
  facet normal -0.705918 0.0560779 0.70607
    outer loop
      vertex -6.97659 5.39722 4.01
      vertex -6.02114 5.09999 4.98885
      vertex -6.01981 5.10603 4.9897
    endloop
  endfacet
  facet normal -0.706018 0.0555589 0.706011
    outer loop
      vertex -6.02114 5.09999 4.98885
      vertex -6.97659 5.39722 4.01
      vertex -6.99998 5.09999 4.01
    endloop
  endfacet
  facet normal -0.0555593 -0.706023 -0.706006
    outer loop
      vertex -7.09999 -8.99998 0.4
      vertex -7.39722 -8.97659 0.4
      vertex -7.09999 -8.59999 0
    endloop
  endfacet
  facet normal -0.700264 0.0689663 -0.710545
    outer loop
      vertex -8.59999 7.09999 0
      vertex -8.97659 7.39722 0.4
      vertex -8.57117 7.39262 0
    endloop
  endfacet
  facet normal -0.707116 0 -0.707098
    outer loop
      vertex -8.59999 -7.09999 0
      vertex -8.99998 7.09999 0.4
      vertex -8.59999 7.09999 0
    endloop
  endfacet
  facet normal -0.707116 -0 -0.707098
    outer loop
      vertex -8.99998 7.09999 0.4
      vertex -8.59999 -7.09999 0
      vertex -8.99998 -7.09999 0.4
    endloop
  endfacet
  facet normal -0.677543 0.415199 0.607079
    outer loop
      vertex -8.79291 7.96257 0.41
      vertex -6.63713 6.21678 4.01
      vertex -8.63713 8.21678 0.41
    endloop
  endfacet
  facet normal -0.677543 0.415199 0.607079
    outer loop
      vertex -6.63713 6.21678 4.01
      vertex -8.79291 7.96257 0.41
      vertex -6.79291 5.96257 4.01
    endloop
  endfacet
  facet normal -0.334606 0.618245 0.711204
    outer loop
      vertex -5.39223 5.95123 5.01
      vertex -5.96257 6.79291 4.01
      vertex -5.65279 5.81021 5.01
    endloop
  endfacet
  facet normal -0.53851 -0.459914 -0.706036
    outer loop
      vertex -8.4435 -8.4435 0.4
      vertex -8.63713 -8.21678 0.4
      vertex -8.16064 -8.16064 0
    endloop
  endfacet
  facet normal 0.874157 -0 0.485643
    outer loop
      vertex 6.99998 -4.51461 4.01
      vertex 8.99998 7.09999 0.41
      vertex 6.99998 5.09999 4.01
    endloop
  endfacet
  facet normal 0.874157 1.94777e-15 0.485643
    outer loop
      vertex 8.99998 -7.09999 0.41
      vertex 6.99998 -4.51461 4.01
      vertex 7.04818 -4.79837 3.92324
    endloop
  endfacet
  facet normal 0.874161 1.44975e-05 0.485636
    outer loop
      vertex 8.99998 -7.09999 0.41
      vertex 7.04818 -4.79837 3.92324
      vertex 7.13093 -5.23093 3.7743
    endloop
  endfacet
  facet normal 0.874157 0 0.485643
    outer loop
      vertex 6.99998 -4.51461 4.01
      vertex 8.99998 -7.09999 0.41
      vertex 8.99998 7.09999 0.41
    endloop
  endfacet
  facet normal 0.0871965 0.699626 0.709169
    outer loop
      vertex 5.39722 6.97659 4.01
      vertex 5.25962 5.9801 5.01
      vertex 5.32092 5.97246 5.01
    endloop
  endfacet
  facet normal 0.0871281 0.699635 0.709168
    outer loop
      vertex 5.39722 6.97659 4.01
      vertex 5.14073 6.01084 4.99428
      vertex 5.25962 5.9801 5.01
    endloop
  endfacet
  facet normal 0.0872475 0.699612 0.709176
    outer loop
      vertex 5.14073 6.01084 4.99428
      vertex 5.39722 6.97659 4.01
      vertex 5.10603 6.01981 4.9897
    endloop
  endfacet
  facet normal -0.972377 -0.233417 0
    outer loop
      vertex -8.907 -7.68712 0.4
      vertex -8.97659 -7.39722 0.41
      vertex -8.97659 -7.39722 0.4
    endloop
  endfacet
  facet normal -0.972377 -0.233417 0
    outer loop
      vertex -8.97659 -7.39722 0.41
      vertex -8.907 -7.68712 0.4
      vertex -8.907 -7.68712 0.41
    endloop
  endfacet
  facet normal -0.460351 0.539021 0.705361
    outer loop
      vertex -6.21678 6.63713 4.01
      vertex -6.4435 6.4435 4.01
      vertex -5.65279 5.81021 5.01
    endloop
  endfacet
  facet normal -0.203513 0.670882 -0.713092
    outer loop
      vertex -7.67401 8.48581 0
      vertex -7.68712 8.907 0.4
      vertex -7.39262 8.57117 0
    endloop
  endfacet
  facet normal 0.85264 -0.522498 0
    outer loop
      vertex 8.63713 -8.21678 0.41
      vertex 8.79291 -7.96257 0.4
      vertex 8.79291 -7.96257 0.41
    endloop
  endfacet
  facet normal 0.85264 -0.522498 0
    outer loop
      vertex 8.79291 -7.96257 0.4
      vertex 8.63713 -8.21678 0.41
      vertex 8.63713 -8.21678 0.4
    endloop
  endfacet
  facet normal 0.618297 -0.330463 -0.713094
    outer loop
      vertex 8.79291 -7.96257 0.4
      vertex 8.3472 -7.93335 0
      vertex 8.48581 -7.67401 0
    endloop
  endfacet
  facet normal 0.522498 -0.85264 0
    outer loop
      vertex 7.96257 -8.79291 0.4
      vertex 8.21678 -8.63713 0.41
      vertex 7.96257 -8.79291 0.41
    endloop
  endfacet
  facet normal 0.522498 -0.85264 0
    outer loop
      vertex 8.21678 -8.63713 0.41
      vertex 7.96257 -8.79291 0.4
      vertex 8.21678 -8.63713 0.4
    endloop
  endfacet
  facet normal 0.166025 0.69163 -0.702911
    outer loop
      vertex 7.68712 8.907 0.4
      vertex 7.39262 8.57117 0
      vertex 7.39722 8.97659 0.4
    endloop
  endfacet
  facet normal 0 0.707116 -0.707098
    outer loop
      vertex 7.09999 8.59999 0
      vertex -7.09999 8.99998 0.4
      vertex 7.09999 8.99998 0.4
    endloop
  endfacet
  facet normal 0 0.707116 -0.707098
    outer loop
      vertex -7.09999 8.99998 0.4
      vertex 7.09999 8.59999 0
      vertex -7.09999 8.59999 0
    endloop
  endfacet
  facet normal -0.855815 -0.0673657 0.512877
    outer loop
      vertex -8.99998 -7.09999 0.41
      vertex -7.16839 -5.52444 3.67324
      vertex -7.13093 -5.23093 3.7743
    endloop
  endfacet
  facet normal -0.855831 -0.0673071 0.512858
    outer loop
      vertex -7.16839 -5.52444 3.67324
      vertex -8.99998 -7.09999 0.41
      vertex -7.17991 -5.60053 3.64403
    endloop
  endfacet
  facet normal -0.85582 -0.0673473 0.51287
    outer loop
      vertex -7.17991 -5.60053 3.64403
      vertex -8.99998 -7.09999 0.41
      vertex -8.97659 -7.39722 0.41
    endloop
  endfacet
  facet normal 0.658082 -0.272574 -0.701877
    outer loop
      vertex 8.79291 -7.96257 0.4
      vertex 8.48581 -7.67401 0
      vertex 8.907 -7.68712 0.4
    endloop
  endfacet
  facet normal -0.70711 -0.000166523 0.707103
    outer loop
      vertex -6.99998 5.09999 4.01
      vertex -6.02766 5.05781 4.98232
      vertex -6.02114 5.09999 4.98885
    endloop
  endfacet
  facet normal -0.707107 3.45429e-15 0.707107
    outer loop
      vertex -6.99998 5.09999 4.01
      vertex -6.05508 4.87201 4.9549
      vertex -6.02766 5.05781 4.98232
    endloop
  endfacet
  facet normal -0.7071 5.39074e-05 0.707113
    outer loop
      vertex -6.99998 5.09999 4.01
      vertex -6.07378 4.74535 4.93621
      vertex -6.05508 4.87201 4.9549
    endloop
  endfacet
  facet normal -0.70712 -4.79917e-05 0.707094
    outer loop
      vertex -6.99998 5.09999 4.01
      vertex -6.093 4.60843 4.91698
      vertex -6.07378 4.74535 4.93621
    endloop
  endfacet
  facet normal -0.707096 3.98743e-05 0.707118
    outer loop
      vertex -6.99998 5.09999 4.01
      vertex -6.11615 4.44364 4.89384
      vertex -6.093 4.60843 4.91698
    endloop
  endfacet
  facet normal -0.707136 -6.85573e-05 0.707077
    outer loop
      vertex -6.99998 5.09999 4.01
      vertex -6.12847 4.35109 4.88151
      vertex -6.11615 4.44364 4.89384
    endloop
  endfacet
  facet normal -0.707107 0 0.707107
    outer loop
      vertex -6.99998 5.09999 4.01
      vertex -6.15504 4.15163 4.85494
      vertex -6.12847 4.35109 4.88151
    endloop
  endfacet
  facet normal -0.707094 2.35921e-05 0.70712
    outer loop
      vertex -6.99998 5.09999 4.01
      vertex -6.18811 3.88902 4.82188
      vertex -6.15504 4.15163 4.85494
    endloop
  endfacet
  facet normal -0.70711 9.23597e-07 0.707103
    outer loop
      vertex -6.99998 5.09999 4.01
      vertex -6.19071 3.86838 4.81928
      vertex -6.18811 3.88902 4.82188
    endloop
  endfacet
  facet normal -0.707403 -0.000384301 0.70681
    outer loop
      vertex -6.99998 5.09999 4.01
      vertex -6.19255 3.85283 4.81743
      vertex -6.19071 3.86838 4.81928
    endloop
  endfacet
  facet normal -0.707066 5.3051e-05 0.707148
    outer loop
      vertex -6.99998 5.09999 4.01
      vertex -6.20591 3.74017 4.80408
      vertex -6.19255 3.85283 4.81743
    endloop
  endfacet
  facet normal -0.707111 7.97754e-07 0.707103
    outer loop
      vertex -6.99998 5.09999 4.01
      vertex -6.22007 3.60636 4.78992
      vertex -6.20591 3.74017 4.80408
    endloop
  endfacet
  facet normal -0.707503 -0.000409562 0.70671
    outer loop
      vertex -6.99998 5.09999 4.01
      vertex -6.22158 3.59203 4.7884
      vertex -6.22007 3.60636 4.78992
    endloop
  endfacet
  facet normal -0.707107 0 0.707107
    outer loop
      vertex -6.99998 5.09999 4.01
      vertex -6.22334 3.57433 4.78664
      vertex -6.22158 3.59203 4.7884
    endloop
  endfacet
  facet normal -0.707107 3.35654e-16 0.707107
    outer loop
      vertex -6.99998 5.09999 4.01
      vertex -6.24835 3.32231 4.76163
      vertex -6.22334 3.57433 4.78664
    endloop
  endfacet
  facet normal -0.707073 2.86645e-05 0.707141
    outer loop
      vertex -6.99998 5.09999 4.01
      vertex -6.2671 3.11996 4.74289
      vertex -6.24835 3.32231 4.76163
    endloop
  endfacet
  facet normal -0.707111 7.14861e-07 0.707103
    outer loop
      vertex -6.99998 5.09999 4.01
      vertex -6.27271 3.0594 4.73728
      vertex -6.2671 3.11996 4.74289
    endloop
  endfacet
  facet normal -0.707111 6.73175e-07 0.707103
    outer loop
      vertex -6.99998 5.09999 4.01
      vertex -6.27894 2.9869 4.73105
      vertex -6.27271 3.0594 4.73728
    endloop
  endfacet
  facet normal -0.707111 6.73332e-07 0.707103
    outer loop
      vertex -6.99998 5.09999 4.01
      vertex -6.29478 2.80262 4.71521
      vertex -6.27894 2.9869 4.73105
    endloop
  endfacet
  facet normal -0.707111 6.31599e-07 0.707103
    outer loop
      vertex -6.99998 5.09999 4.01
      vertex -6.30692 2.64944 4.70307
      vertex -6.29478 2.80262 4.71521
    endloop
  endfacet
  facet normal -0.70721 -5.5653e-05 0.707003
    outer loop
      vertex -6.99998 5.09999 4.01
      vertex -6.31469 2.5513 4.69529
      vertex -6.30692 2.64944 4.70307
    endloop
  endfacet
  facet normal -0.707107 4.35164e-15 0.707107
    outer loop
      vertex -6.99998 5.09999 4.01
      vertex -6.32296 2.43727 4.68702
      vertex -6.31469 2.5513 4.69529
    endloop
  endfacet
  facet normal -0.707025 4.15585e-05 0.707189
    outer loop
      vertex -6.99998 5.09999 4.01
      vertex -6.33256 2.30486 4.67743
      vertex -6.32296 2.43727 4.68702
    endloop
  endfacet
  facet normal -0.7072 -4.18916e-05 0.707014
    outer loop
      vertex -6.99998 5.09999 4.01
      vertex -6.34114 2.17419 4.66884
      vertex -6.33256 2.30486 4.67743
    endloop
  endfacet
  facet normal -0.707107 0 0.707107
    outer loop
      vertex -6.99998 5.09999 4.01
      vertex -6.34846 2.06274 4.66152
      vertex -6.34114 2.17419 4.66884
    endloop
  endfacet
  facet normal -0.707107 -4.85857e-15 0.707107
    outer loop
      vertex -6.99998 5.09999 4.01
      vertex -6.35419 1.96545 4.65579
      vertex -6.34846 2.06274 4.66152
    endloop
  endfacet
  facet normal -0.707107 3.68747e-15 0.707107
    outer loop
      vertex -6.99998 5.09999 4.01
      vertex -6.36249 1.82442 4.64749
      vertex -6.35419 1.96545 4.65579
    endloop
  endfacet
  facet normal -0.707107 -3.0943e-15 0.707107
    outer loop
      vertex -6.99998 5.09999 4.01
      vertex -6.37066 1.66741 4.63932
      vertex -6.36249 1.82442 4.64749
    endloop
  endfacet
  facet normal -0.706914 7.06205e-05 0.707299
    outer loop
      vertex -6.99998 5.09999 4.01
      vertex -6.37472 1.5894 4.63527
      vertex -6.37066 1.66741 4.63932
    endloop
  endfacet
  facet normal -0.707337 -7.98577e-05 0.706877
    outer loop
      vertex -6.99998 5.09999 4.01
      vertex -6.37789 1.51913 4.63209
      vertex -6.37472 1.5894 4.63527
    endloop
  endfacet
  facet normal -0.707007 3.46674e-05 0.707207
    outer loop
      vertex -6.99998 5.09999 4.01
      vertex -6.3852 1.35721 4.62479
      vertex -6.37789 1.51913 4.63209
    endloop
  endfacet
  facet normal -0.707405 -9.60187e-05 0.706809
    outer loop
      vertex -6.99998 5.09999 4.01
      vertex -6.38747 1.29769 4.62251
      vertex -6.3852 1.35721 4.62479
    endloop
  endfacet
  facet normal -0.707107 -3.0419e-15 0.707107
    outer loop
      vertex -6.99998 5.09999 4.01
      vertex -6.39398 1.12743 4.616
      vertex -6.38747 1.29769 4.62251
    endloop
  endfacet
  facet normal -0.707107 2.95469e-15 0.707107
    outer loop
      vertex -6.99998 5.09999 4.01
      vertex -6.39967 0.94551 4.61031
      vertex -6.39398 1.12743 4.616
    endloop
  endfacet
  facet normal -0.707107 -1.17058e-14 0.707107
    outer loop
      vertex -6.99998 5.09999 4.01
      vertex -6.40111 0.899617 4.60887
      vertex -6.39967 0.94551 4.61031
    endloop
  endfacet
  facet normal -0.707107 1.29478e-14 0.707107
    outer loop
      vertex -6.99998 5.09999 4.01
      vertex -6.40216 0.85636 4.60782
      vertex -6.40111 0.899617 4.60887
    endloop
  endfacet
  facet normal -0.707107 0 0.707107
    outer loop
      vertex -6.99998 5.09999 4.01
      vertex -6.40662 0.673362 4.60336
      vertex -6.40216 0.85636 4.60782
    endloop
  endfacet
  facet normal -0.706984 3.28713e-05 0.707229
    outer loop
      vertex -6.99998 5.09999 4.01
      vertex -6.40994 0.482979 4.60005
      vertex -6.40662 0.673362 4.60336
    endloop
  endfacet
  facet normal -0.707813 -0.000179084 0.7064
    outer loop
      vertex -6.99998 5.09999 4.01
      vertex -6.41054 0.448269 4.59944
      vertex -6.40994 0.482979 4.60005
    endloop
  endfacet
  facet normal -0.707107 0 0.707107
    outer loop
      vertex -6.99998 5.09999 4.01
      vertex -6.41089 0.414566 4.59909
      vertex -6.41054 0.448269 4.59944
    endloop
  endfacet
  facet normal -0.707107 0 0.707107
    outer loop
      vertex -6.99998 5.09999 4.01
      vertex -6.41288 0.223942 4.5971
      vertex -6.41089 0.414566 4.59909
    endloop
  endfacet
  facet normal -0.707107 -2.0682e-14 0.707107
    outer loop
      vertex -6.99998 5.09999 4.01
      vertex -6.41299 0.192529 4.59699
      vertex -6.41288 0.223942 4.5971
    endloop
  endfacet
  facet normal -0.707107 3.03757e-15 0.707107
    outer loop
      vertex -6.99998 5.09999 4.01
      vertex -6.41366 0 4.59632
      vertex -6.41299 0.192529 4.59699
    endloop
  endfacet
  facet normal -0.707107 0 0.707107
    outer loop
      vertex -6.99998 -4.51461 4.01
      vertex -6.41366 0 4.59632
      vertex -6.99998 5.09999 4.01
    endloop
  endfacet
  facet normal -0.707107 -3.18046e-15 0.707107
    outer loop
      vertex -6.41366 0 4.59632
      vertex -6.99998 -4.51461 4.01
      vertex -6.41299 -0.192529 4.59699
    endloop
  endfacet
  facet normal -0.707107 1.94904e-14 0.707107
    outer loop
      vertex -6.41299 -0.192529 4.59699
      vertex -6.99998 -4.51461 4.01
      vertex -6.41288 -0.223942 4.5971
    endloop
  endfacet
  facet normal -0.707107 -1.01834e-17 0.707107
    outer loop
      vertex -6.41288 -0.223942 4.5971
      vertex -6.99998 -4.51461 4.01
      vertex -6.41089 -0.414566 4.59909
    endloop
  endfacet
  facet normal -0.707107 -9.90308e-18 0.707107
    outer loop
      vertex -6.41089 -0.414566 4.59909
      vertex -6.99998 -4.51461 4.01
      vertex -6.41054 -0.448269 4.59944
    endloop
  endfacet
  facet normal -0.707734 0.000181852 0.706479
    outer loop
      vertex -6.41054 -0.448269 4.59944
      vertex -6.99998 -4.51461 4.01
      vertex -6.40994 -0.482979 4.60005
    endloop
  endfacet
  facet normal -0.706999 -3.33788e-05 0.707215
    outer loop
      vertex -6.40994 -0.482979 4.60005
      vertex -6.99998 -4.51461 4.01
      vertex -6.40662 -0.673362 4.60336
    endloop
  endfacet
  facet normal -0.707159 1.6027e-05 0.707055
    outer loop
      vertex -6.86223 -4.06402 4.14776
      vertex -6.40662 -0.673362 4.60336
      vertex -6.99998 -4.51461 4.01
    endloop
  endfacet
  facet normal -0.7071 3.20182e-07 0.707113
    outer loop
      vertex -6.40662 -0.673362 4.60336
      vertex -6.86223 -4.06402 4.14776
      vertex -6.40216 -0.85636 4.60782
    endloop
  endfacet
  facet normal -0.707116 4.7435e-06 0.707098
    outer loop
      vertex -6.66348 -3.32228 4.34651
      vertex -6.40216 -0.85636 4.60782
      vertex -6.86223 -4.06402 4.14776
    endloop
  endfacet
  facet normal -0.707096 5.34418e-07 0.707118
    outer loop
      vertex -6.40216 -0.85636 4.60782
      vertex -6.66348 -3.32228 4.34651
      vertex -6.40111 -0.899617 4.60887
    endloop
  endfacet
  facet normal -0.707096 6.55683e-07 0.707117
    outer loop
      vertex -6.40111 -0.899617 4.60887
      vertex -6.66348 -3.32228 4.34651
      vertex -6.39967 -0.94551 4.61031
    endloop
  endfacet
  facet normal -0.707096 6.54056e-07 0.707117
    outer loop
      vertex -6.39967 -0.94551 4.61031
      vertex -6.66348 -3.32228 4.34651
      vertex -6.39398 -1.12743 4.616
    endloop
  endfacet
  facet normal -0.707122 6.88157e-06 0.707092
    outer loop
      vertex -6.49074 -2.57406 4.51925
      vertex -6.39398 -1.12743 4.616
      vertex -6.66348 -3.32228 4.34651
    endloop
  endfacet
  facet normal -0.707582 8.24612e-05 0.706631
    outer loop
      vertex -6.38747 -1.29769 4.62251
      vertex -6.49074 -2.57406 4.51925
      vertex -6.3852 -1.35721 4.62479
    endloop
  endfacet
  facet normal -0.707415 7.27355e-05 0.706798
    outer loop
      vertex -6.37789 -1.51913 4.63209
      vertex -6.49074 -2.57406 4.51925
      vertex -6.37472 -1.5894 4.63527
    endloop
  endfacet
  facet normal -0.707086 2.19992e-06 0.707128
    outer loop
      vertex -6.37066 -1.66741 4.63932
      vertex -6.49074 -2.57406 4.51925
      vertex -6.36249 -1.82442 4.64749
    endloop
  endfacet
  facet normal -0.707086 2.41428e-06 0.707127
    outer loop
      vertex -6.36249 -1.82442 4.64749
      vertex -6.49074 -2.57406 4.51925
      vertex -6.35843 -1.89341 4.65155
    endloop
  endfacet
  facet normal -0.70684 -6.2896e-05 0.707374
    outer loop
      vertex -6.37472 -1.5894 4.63527
      vertex -6.49074 -2.57406 4.51925
      vertex -6.37066 -1.66741 4.63932
    endloop
  endfacet
  facet normal -0.706941 -2.87273e-05 0.707272
    outer loop
      vertex -6.3852 -1.35721 4.62479
      vertex -6.49074 -2.57406 4.51925
      vertex -6.37789 -1.51913 4.63209
    endloop
  endfacet
  facet normal -0.707084 1.77794e-06 0.70713
    outer loop
      vertex -6.39398 -1.12743 4.616
      vertex -6.49074 -2.57406 4.51925
      vertex -6.38747 -1.29769 4.62251
    endloop
  endfacet
  facet normal 0.706023 -0.0555593 -0.706006
    outer loop
      vertex 8.97659 -7.39722 0.4
      vertex 8.59999 -7.09999 0
      vertex 8.99998 -7.09999 0.4
    endloop
  endfacet
  facet normal -0.874157 0 0.485643
    outer loop
      vertex -8.99998 7.09999 0.41
      vertex -6.99998 -4.51461 4.01
      vertex -6.99998 5.09999 4.01
    endloop
  endfacet
  facet normal -0.874157 0 0.485643
    outer loop
      vertex -8.99998 -7.09999 0.41
      vertex -6.99998 -4.51461 4.01
      vertex -8.99998 7.09999 0.41
    endloop
  endfacet
  facet normal -0.874157 1.82603e-15 0.485643
    outer loop
      vertex -6.99998 -4.51461 4.01
      vertex -8.99998 -7.09999 0.41
      vertex -7.04818 -4.79837 3.92324
    endloop
  endfacet
  facet normal -0.874161 1.44975e-05 0.485636
    outer loop
      vertex -7.04818 -4.79837 3.92324
      vertex -8.99998 -7.09999 0.41
      vertex -7.13093 -5.23093 3.7743
    endloop
  endfacet
  facet normal -0.511273 0.598646 0.616622
    outer loop
      vertex -8.21678 8.63713 0.41
      vertex -6.4435 6.4435 4.01
      vertex -6.21678 6.63713 4.01
    endloop
  endfacet
  facet normal -0.511273 0.598646 0.616622
    outer loop
      vertex -6.4435 6.4435 4.01
      vertex -8.21678 8.63713 0.41
      vertex -8.4435 8.4435 0.41
    endloop
  endfacet
  facet normal -0.807862 -0.193931 0.556551
    outer loop
      vertex -8.97659 -7.39722 0.41
      vertex -7.1889 -5.96902 3.50258
      vertex -7.17991 -5.60053 3.64403
    endloop
  endfacet
  facet normal -0.807864 -0.193926 0.55655
    outer loop
      vertex -7.1889 -5.96902 3.50258
      vertex -8.97659 -7.39722 0.41
      vertex -8.907 -7.68712 0.41
    endloop
  endfacet
  facet normal 0.923886 -0.382669 0
    outer loop
      vertex 8.79291 -7.96257 0.41
      vertex 8.907 -7.68712 0.4
      vertex 8.907 -7.68712 0.41
    endloop
  endfacet
  facet normal 0.923886 -0.382669 0
    outer loop
      vertex 8.907 -7.68712 0.4
      vertex 8.79291 -7.96257 0.41
      vertex 8.79291 -7.96257 0.4
    endloop
  endfacet
  facet normal -0.606462 0.37164 -0.702914
    outer loop
      vertex -8.3472 7.93335 0
      vertex -8.79291 7.96257 0.4
      vertex -8.63713 8.21678 0.4
    endloop
  endfacet
  facet normal -0.543891 0.446427 -0.710553
    outer loop
      vertex -8.3472 7.93335 0
      vertex -8.63713 8.21678 0.4
      vertex -8.16064 8.16064 0
    endloop
  endfacet
  facet normal -0.415199 0.677543 0.607079
    outer loop
      vertex -7.96257 8.79291 0.41
      vertex -6.21678 6.63713 4.01
      vertex -5.96257 6.79291 4.01
    endloop
  endfacet
  facet normal -0.415199 0.677543 0.607079
    outer loop
      vertex -6.21678 6.63713 4.01
      vertex -7.96257 8.79291 0.41
      vertex -8.21678 8.63713 0.41
    endloop
  endfacet
  facet normal 0.309685 0.74768 0.587426
    outer loop
      vertex 7.68712 8.907 0.41
      vertex 5.96257 6.79291 4.01
      vertex 7.96257 8.79291 0.41
    endloop
  endfacet
  facet normal 0.309685 0.74768 0.587426
    outer loop
      vertex 5.96257 6.79291 4.01
      vertex 7.68712 8.907 0.41
      vertex 5.68712 6.907 4.01
    endloop
  endfacet
  facet normal -0.65213 0.270109 0.708356
    outer loop
      vertex -6.79291 5.96257 4.01
      vertex -6.907 5.68712 4.01
      vertex -5.97246 5.32092 5.01
    endloop
  endfacet
  facet normal -0.644603 0.282768 0.710302
    outer loop
      vertex -5.85344 5.59224 5.01
      vertex -6.79291 5.96257 4.01
      vertex -5.97246 5.32092 5.01
    endloop
  endfacet
  facet normal -0.522498 0.85264 0
    outer loop
      vertex -7.96257 8.79291 0.4
      vertex -8.21678 8.63713 0.41
      vertex -7.96257 8.79291 0.41
    endloop
  endfacet
  facet normal -0.522498 0.85264 0
    outer loop
      vertex -8.21678 8.63713 0.41
      vertex -7.96257 8.79291 0.4
      vertex -8.21678 8.63713 0.4
    endloop
  endfacet
  facet normal -0.0784507 0.996918 0
    outer loop
      vertex -7.09999 8.99998 0.4
      vertex -7.39722 8.97659 0.41
      vertex -7.09999 8.99998 0.41
    endloop
  endfacet
  facet normal -0.0784507 0.996918 0
    outer loop
      vertex -7.39722 8.97659 0.41
      vertex -7.09999 8.99998 0.4
      vertex -7.39722 8.97659 0.4
    endloop
  endfacet
  facet normal 0.670882 0.203513 -0.713092
    outer loop
      vertex 8.57117 7.39262 0
      vertex 8.48581 7.67401 0
      vertex 8.907 7.68712 0.4
    endloop
  endfacet
  facet normal -0.670882 0.203513 -0.713092
    outer loop
      vertex -8.57117 7.39262 0
      vertex -8.907 7.68712 0.4
      vertex -8.48581 7.67401 0
    endloop
  endfacet
  facet normal 0.0689663 -0.700264 -0.710545
    outer loop
      vertex 7.39722 -8.97659 0.4
      vertex 7.09999 -8.59999 0
      vertex 7.39262 -8.57117 0
    endloop
  endfacet
  facet normal 0.70711 -0.000166523 0.707103
    outer loop
      vertex 6.02766 5.05781 4.98232
      vertex 6.99998 5.09999 4.01
      vertex 6.02114 5.09999 4.98885
    endloop
  endfacet
  facet normal 0.707107 3.35984e-15 0.707107
    outer loop
      vertex 6.05508 4.87201 4.9549
      vertex 6.99998 5.09999 4.01
      vertex 6.02766 5.05781 4.98232
    endloop
  endfacet
  facet normal 0.7071 5.39074e-05 0.707113
    outer loop
      vertex 6.07378 4.74535 4.93621
      vertex 6.99998 5.09999 4.01
      vertex 6.05508 4.87201 4.9549
    endloop
  endfacet
  facet normal 0.70712 -4.79917e-05 0.707094
    outer loop
      vertex 6.093 4.60843 4.91698
      vertex 6.99998 5.09999 4.01
      vertex 6.07378 4.74535 4.93621
    endloop
  endfacet
  facet normal 0.707096 3.98743e-05 0.707118
    outer loop
      vertex 6.11615 4.44364 4.89384
      vertex 6.99998 5.09999 4.01
      vertex 6.093 4.60843 4.91698
    endloop
  endfacet
  facet normal 0.707136 -6.85573e-05 0.707077
    outer loop
      vertex 6.12847 4.35109 4.88151
      vertex 6.99998 5.09999 4.01
      vertex 6.11615 4.44364 4.89384
    endloop
  endfacet
  facet normal 0.707107 0 0.707107
    outer loop
      vertex 6.15504 4.15163 4.85494
      vertex 6.99998 5.09999 4.01
      vertex 6.12847 4.35109 4.88151
    endloop
  endfacet
  facet normal 0.707094 2.35921e-05 0.70712
    outer loop
      vertex 6.18811 3.88902 4.82188
      vertex 6.99998 5.09999 4.01
      vertex 6.15504 4.15163 4.85494
    endloop
  endfacet
  facet normal 0.70711 9.23597e-07 0.707103
    outer loop
      vertex 6.19071 3.86838 4.81928
      vertex 6.99998 5.09999 4.01
      vertex 6.18811 3.88902 4.82188
    endloop
  endfacet
  facet normal 0.707403 -0.000384301 0.70681
    outer loop
      vertex 6.19255 3.85283 4.81743
      vertex 6.99998 5.09999 4.01
      vertex 6.19071 3.86838 4.81928
    endloop
  endfacet
  facet normal 0.707066 5.3051e-05 0.707148
    outer loop
      vertex 6.20591 3.74017 4.80408
      vertex 6.99998 5.09999 4.01
      vertex 6.19255 3.85283 4.81743
    endloop
  endfacet
  facet normal 0.707111 7.97754e-07 0.707103
    outer loop
      vertex 6.22007 3.60636 4.78992
      vertex 6.99998 5.09999 4.01
      vertex 6.20591 3.74017 4.80408
    endloop
  endfacet
  facet normal 0.707503 -0.000409562 0.70671
    outer loop
      vertex 6.22158 3.59203 4.7884
      vertex 6.99998 5.09999 4.01
      vertex 6.22007 3.60636 4.78992
    endloop
  endfacet
  facet normal 0.707107 6.53192e-17 0.707107
    outer loop
      vertex 6.22334 3.57433 4.78664
      vertex 6.99998 5.09999 4.01
      vertex 6.22158 3.59203 4.7884
    endloop
  endfacet
  facet normal 0.707107 7.34243e-17 0.707107
    outer loop
      vertex 6.24835 3.32231 4.76163
      vertex 6.99998 5.09999 4.01
      vertex 6.22334 3.57433 4.78664
    endloop
  endfacet
  facet normal 0.707073 2.86645e-05 0.707141
    outer loop
      vertex 6.2671 3.11996 4.74289
      vertex 6.99998 5.09999 4.01
      vertex 6.24835 3.32231 4.76163
    endloop
  endfacet
  facet normal 0.707111 7.14861e-07 0.707103
    outer loop
      vertex 6.27271 3.0594 4.73728
      vertex 6.99998 5.09999 4.01
      vertex 6.2671 3.11996 4.74289
    endloop
  endfacet
  facet normal 0.707111 6.73175e-07 0.707103
    outer loop
      vertex 6.27894 2.9869 4.73105
      vertex 6.99998 5.09999 4.01
      vertex 6.27271 3.0594 4.73728
    endloop
  endfacet
  facet normal 0.707111 6.73332e-07 0.707103
    outer loop
      vertex 6.29478 2.80262 4.71521
      vertex 6.99998 5.09999 4.01
      vertex 6.27894 2.9869 4.73105
    endloop
  endfacet
  facet normal 0.707111 6.31599e-07 0.707103
    outer loop
      vertex 6.30692 2.64944 4.70307
      vertex 6.99998 5.09999 4.01
      vertex 6.29478 2.80262 4.71521
    endloop
  endfacet
  facet normal 0.70721 -5.5653e-05 0.707003
    outer loop
      vertex 6.31469 2.5513 4.69529
      vertex 6.99998 5.09999 4.01
      vertex 6.30692 2.64944 4.70307
    endloop
  endfacet
  facet normal 0.707107 4.33928e-15 0.707107
    outer loop
      vertex 6.32296 2.43727 4.68702
      vertex 6.99998 5.09999 4.01
      vertex 6.31469 2.5513 4.69529
    endloop
  endfacet
  facet normal 0.707025 4.15585e-05 0.707189
    outer loop
      vertex 6.33256 2.30486 4.67743
      vertex 6.99998 5.09999 4.01
      vertex 6.32296 2.43727 4.68702
    endloop
  endfacet
  facet normal 0.7072 -4.18916e-05 0.707014
    outer loop
      vertex 6.34114 2.17419 4.66884
      vertex 6.99998 5.09999 4.01
      vertex 6.33256 2.30486 4.67743
    endloop
  endfacet
  facet normal 0.707107 5.17324e-17 0.707107
    outer loop
      vertex 6.34846 2.06274 4.66152
      vertex 6.99998 5.09999 4.01
      vertex 6.34114 2.17419 4.66884
    endloop
  endfacet
  facet normal 0.707107 -5.02179e-15 0.707107
    outer loop
      vertex 6.35419 1.96545 4.65579
      vertex 6.99998 5.09999 4.01
      vertex 6.34846 2.06274 4.66152
    endloop
  endfacet
  facet normal 0.707107 3.46225e-15 0.707107
    outer loop
      vertex 6.36249 1.82442 4.64749
      vertex 6.99998 5.09999 4.01
      vertex 6.35419 1.96545 4.65579
    endloop
  endfacet
  facet normal 0.707107 -3.11364e-15 0.707107
    outer loop
      vertex 6.37066 1.66741 4.63932
      vertex 6.99998 5.09999 4.01
      vertex 6.36249 1.82442 4.64749
    endloop
  endfacet
  facet normal 0.706914 7.06205e-05 0.707299
    outer loop
      vertex 6.37472 1.5894 4.63527
      vertex 6.99998 5.09999 4.01
      vertex 6.37066 1.66741 4.63932
    endloop
  endfacet
  facet normal 0.707337 -7.98577e-05 0.706877
    outer loop
      vertex 6.37789 1.51913 4.63209
      vertex 6.99998 5.09999 4.01
      vertex 6.37472 1.5894 4.63527
    endloop
  endfacet
  facet normal 0.707007 3.46674e-05 0.707207
    outer loop
      vertex 6.3852 1.35721 4.62479
      vertex 6.99998 5.09999 4.01
      vertex 6.37789 1.51913 4.63209
    endloop
  endfacet
  facet normal 0.707405 -9.60187e-05 0.706809
    outer loop
      vertex 6.38747 1.29769 4.62251
      vertex 6.99998 5.09999 4.01
      vertex 6.3852 1.35721 4.62479
    endloop
  endfacet
  facet normal 0.707107 -2.94684e-15 0.707107
    outer loop
      vertex 6.39398 1.12743 4.616
      vertex 6.99998 5.09999 4.01
      vertex 6.38747 1.29769 4.62251
    endloop
  endfacet
  facet normal 0.707107 2.86467e-15 0.707107
    outer loop
      vertex 6.39967 0.94551 4.61031
      vertex 6.99998 5.09999 4.01
      vertex 6.39398 1.12743 4.616
    endloop
  endfacet
  facet normal 0.707107 -1.12165e-14 0.707107
    outer loop
      vertex 6.40111 0.899617 4.60887
      vertex 6.99998 5.09999 4.01
      vertex 6.39967 0.94551 4.61031
    endloop
  endfacet
  facet normal 0.707107 1.24067e-14 0.707107
    outer loop
      vertex 6.40216 0.85636 4.60782
      vertex 6.99998 5.09999 4.01
      vertex 6.40111 0.899617 4.60887
    endloop
  endfacet
  facet normal 0.707107 2.15071e-17 0.707107
    outer loop
      vertex 6.40662 0.673362 4.60336
      vertex 6.99998 5.09999 4.01
      vertex 6.40216 0.85636 4.60782
    endloop
  endfacet
  facet normal 0.706984 3.28713e-05 0.707229
    outer loop
      vertex 6.40994 0.482979 4.60005
      vertex 6.99998 5.09999 4.01
      vertex 6.40662 0.673362 4.60336
    endloop
  endfacet
  facet normal 0.707813 -0.000179084 0.7064
    outer loop
      vertex 6.41054 0.448269 4.59944
      vertex 6.99998 5.09999 4.01
      vertex 6.40994 0.482979 4.60005
    endloop
  endfacet
  facet normal 0.707107 9.80868e-18 0.707107
    outer loop
      vertex 6.41089 0.414566 4.59909
      vertex 6.99998 5.09999 4.01
      vertex 6.41054 0.448269 4.59944
    endloop
  endfacet
  facet normal 0.707107 1.00859e-17 0.707107
    outer loop
      vertex 6.41288 0.223942 4.5971
      vertex 6.99998 5.09999 4.01
      vertex 6.41089 0.414566 4.59909
    endloop
  endfacet
  facet normal 0.707107 -1.94243e-14 0.707107
    outer loop
      vertex 6.41299 0.192529 4.59699
      vertex 6.99998 5.09999 4.01
      vertex 6.41288 0.223942 4.5971
    endloop
  endfacet
  facet normal 0.707107 3.16973e-15 0.707107
    outer loop
      vertex 6.41366 0 4.59632
      vertex 6.99998 5.09999 4.01
      vertex 6.41299 0.192529 4.59699
    endloop
  endfacet
  facet normal 0.707107 -3.04784e-15 0.707107
    outer loop
      vertex 6.99998 -4.51461 4.01
      vertex 6.41366 0 4.59632
      vertex 6.41299 -0.192529 4.59699
    endloop
  endfacet
  facet normal 0.707107 2.07524e-14 0.707107
    outer loop
      vertex 6.99998 -4.51461 4.01
      vertex 6.41299 -0.192529 4.59699
      vertex 6.41288 -0.223942 4.5971
    endloop
  endfacet
  facet normal 0.707107 0 0.707107
    outer loop
      vertex 6.99998 -4.51461 4.01
      vertex 6.41288 -0.223942 4.5971
      vertex 6.41089 -0.414566 4.59909
    endloop
  endfacet
  facet normal 0.707107 0 0.707107
    outer loop
      vertex 6.99998 -4.51461 4.01
      vertex 6.41089 -0.414566 4.59909
      vertex 6.41054 -0.448269 4.59944
    endloop
  endfacet
  facet normal 0.707734 0.000181852 0.706479
    outer loop
      vertex 6.99998 -4.51461 4.01
      vertex 6.41054 -0.448269 4.59944
      vertex 6.40994 -0.482979 4.60005
    endloop
  endfacet
  facet normal 0.706999 -3.33788e-05 0.707215
    outer loop
      vertex 6.99998 -4.51461 4.01
      vertex 6.40994 -0.482979 4.60005
      vertex 6.40662 -0.673362 4.60336
    endloop
  endfacet
  facet normal 0.7071 3.20182e-07 0.707113
    outer loop
      vertex 6.86223 -4.06402 4.14776
      vertex 6.40662 -0.673362 4.60336
      vertex 6.40216 -0.85636 4.60782
    endloop
  endfacet
  facet normal 0.707096 5.34418e-07 0.707118
    outer loop
      vertex 6.66348 -3.32228 4.34651
      vertex 6.40216 -0.85636 4.60782
      vertex 6.40111 -0.899617 4.60887
    endloop
  endfacet
  facet normal 0.707096 6.55683e-07 0.707117
    outer loop
      vertex 6.66348 -3.32228 4.34651
      vertex 6.40111 -0.899617 4.60887
      vertex 6.39967 -0.94551 4.61031
    endloop
  endfacet
  facet normal 0.707096 6.54056e-07 0.707117
    outer loop
      vertex 6.66348 -3.32228 4.34651
      vertex 6.39967 -0.94551 4.61031
      vertex 6.39398 -1.12743 4.616
    endloop
  endfacet
  facet normal 0.707084 1.77794e-06 0.70713
    outer loop
      vertex 6.49074 -2.57406 4.51925
      vertex 6.39398 -1.12743 4.616
      vertex 6.38747 -1.29769 4.62251
    endloop
  endfacet
  facet normal 0.707582 8.24612e-05 0.706631
    outer loop
      vertex 6.49074 -2.57406 4.51925
      vertex 6.38747 -1.29769 4.62251
      vertex 6.3852 -1.35721 4.62479
    endloop
  endfacet
  facet normal 0.706941 -2.87273e-05 0.707272
    outer loop
      vertex 6.49074 -2.57406 4.51925
      vertex 6.3852 -1.35721 4.62479
      vertex 6.37789 -1.51913 4.63209
    endloop
  endfacet
  facet normal 0.707415 7.27355e-05 0.706798
    outer loop
      vertex 6.49074 -2.57406 4.51925
      vertex 6.37789 -1.51913 4.63209
      vertex 6.37472 -1.5894 4.63527
    endloop
  endfacet
  facet normal 0.70684 -6.2896e-05 0.707374
    outer loop
      vertex 6.49074 -2.57406 4.51925
      vertex 6.37472 -1.5894 4.63527
      vertex 6.37066 -1.66741 4.63932
    endloop
  endfacet
  facet normal 0.707086 2.19992e-06 0.707128
    outer loop
      vertex 6.49074 -2.57406 4.51925
      vertex 6.37066 -1.66741 4.63932
      vertex 6.36249 -1.82442 4.64749
    endloop
  endfacet
  facet normal 0.707086 2.41428e-06 0.707127
    outer loop
      vertex 6.49074 -2.57406 4.51925
      vertex 6.36249 -1.82442 4.64749
      vertex 6.35843 -1.89341 4.65155
    endloop
  endfacet
  facet normal 0.707122 6.88157e-06 0.707092
    outer loop
      vertex 6.39398 -1.12743 4.616
      vertex 6.49074 -2.57406 4.51925
      vertex 6.66348 -3.32228 4.34651
    endloop
  endfacet
  facet normal 0.707116 4.7435e-06 0.707098
    outer loop
      vertex 6.40216 -0.85636 4.60782
      vertex 6.66348 -3.32228 4.34651
      vertex 6.86223 -4.06402 4.14776
    endloop
  endfacet
  facet normal 0.707159 1.6027e-05 0.707055
    outer loop
      vertex 6.40662 -0.673362 4.60336
      vertex 6.86223 -4.06402 4.14776
      vertex 6.99998 -4.51461 4.01
    endloop
  endfacet
  facet normal 0.707107 0 0.707107
    outer loop
      vertex 6.41366 0 4.59632
      vertex 6.99998 -4.51461 4.01
      vertex 6.99998 5.09999 4.01
    endloop
  endfacet
  facet normal -0.649434 0.760418 0
    outer loop
      vertex -8.21678 8.63713 0.4
      vertex -8.4435 8.4435 0.41
      vertex -8.21678 8.63713 0.41
    endloop
  endfacet
  facet normal -0.649434 0.760418 0
    outer loop
      vertex -8.4435 8.4435 0.41
      vertex -8.21678 8.63713 0.4
      vertex -8.4435 8.4435 0.4
    endloop
  endfacet
  facet normal -0 0 1
    outer loop
      vertex -5.39223 5.95123 5.01
      vertex -5.32967 5.9192 5.01
      vertex -5.26922 5.97175 5.01
    endloop
  endfacet
  facet normal 0 0 1
    outer loop
      vertex -5.39223 5.95123 5.01
      vertex -5.37326 5.87856 5.01
      vertex -5.32967 5.9192 5.01
    endloop
  endfacet
  facet normal 0 0 1
    outer loop
      vertex -5.65279 5.81021 5.01
      vertex -5.37326 5.87856 5.01
      vertex -5.39223 5.95123 5.01
    endloop
  endfacet
  facet normal 0 0 1
    outer loop
      vertex -5.37326 5.87856 5.01
      vertex -5.65279 5.81021 5.01
      vertex -5.533 5.72959 5.01
    endloop
  endfacet
  facet normal 0 0 1
    outer loop
      vertex -5.65279 5.81021 5.01
      vertex -5.72959 5.533 5.01
      vertex -5.533 5.72959 5.01
    endloop
  endfacet
  facet normal -0 0 1
    outer loop
      vertex -5.85344 5.59224 5.01
      vertex -5.72959 5.533 5.01
      vertex -5.65279 5.81021 5.01
    endloop
  endfacet
  facet normal 0 0 1
    outer loop
      vertex -5.85344 5.59224 5.01
      vertex -5.87856 5.37326 5.01
      vertex -5.72959 5.533 5.01
    endloop
  endfacet
  facet normal 0 0 1
    outer loop
      vertex -5.97246 5.32092 5.01
      vertex -5.87856 5.37326 5.01
      vertex -5.85344 5.59224 5.01
    endloop
  endfacet
  facet normal 0 0 1
    outer loop
      vertex -5.87856 5.37326 5.01
      vertex -5.97246 5.32092 5.01
      vertex -5.9192 5.32967 5.01
    endloop
  endfacet
  facet normal 0 0 1
    outer loop
      vertex -5.9192 5.32967 5.01
      vertex -5.97246 5.32092 5.01
      vertex -5.9801 5.25962 5.01
    endloop
  endfacet
  facet normal 0 0 1
    outer loop
      vertex 5.95123 5.39223 5.01
      vertex 5.9192 5.32967 5.01
      vertex 5.97175 5.26922 5.01
    endloop
  endfacet
  facet normal 0 0 1
    outer loop
      vertex 5.95123 5.39223 5.01
      vertex 5.87856 5.37326 5.01
      vertex 5.9192 5.32967 5.01
    endloop
  endfacet
  facet normal 0 0 1
    outer loop
      vertex 5.81021 5.65279 5.01
      vertex 5.87856 5.37326 5.01
      vertex 5.95123 5.39223 5.01
    endloop
  endfacet
  facet normal 0 0 1
    outer loop
      vertex 5.81021 5.65279 5.01
      vertex 5.72959 5.533 5.01
      vertex 5.87856 5.37326 5.01
    endloop
  endfacet
  facet normal -0 0 1
    outer loop
      vertex 5.533 5.72959 5.01
      vertex 5.81021 5.65279 5.01
      vertex 5.59224 5.85344 5.01
    endloop
  endfacet
  facet normal 0 0 1
    outer loop
      vertex 5.81021 5.65279 5.01
      vertex 5.533 5.72959 5.01
      vertex 5.72959 5.533 5.01
    endloop
  endfacet
  facet normal 0 0 1
    outer loop
      vertex 5.59224 5.85344 5.01
      vertex 5.37326 5.87856 5.01
      vertex 5.533 5.72959 5.01
    endloop
  endfacet
  facet normal 0 0 1
    outer loop
      vertex 5.32092 5.97246 5.01
      vertex 5.37326 5.87856 5.01
      vertex 5.59224 5.85344 5.01
    endloop
  endfacet
  facet normal 0 0 1
    outer loop
      vertex 5.37326 5.87856 5.01
      vertex 5.32092 5.97246 5.01
      vertex 5.32967 5.9192 5.01
    endloop
  endfacet
  facet normal 0 0 1
    outer loop
      vertex 5.32967 5.9192 5.01
      vertex 5.32092 5.97246 5.01
      vertex 5.25962 5.9801 5.01
    endloop
  endfacet
  facet normal -0.415199 -0.677543 0.607079
    outer loop
      vertex -7.96257 -8.79291 0.41
      vertex -6.79183 -7.21218 2.97491
      vertex -8.21678 -8.63713 0.41
    endloop
  endfacet
  facet normal -0.41519 -0.677549 0.607079
    outer loop
      vertex -6.79183 -7.21218 2.97491
      vertex -7.96257 -8.79291 0.41
      vertex -6.59209 -7.42242 2.87687
    endloop
  endfacet
  facet normal -0.760418 -0.649434 0
    outer loop
      vertex -8.4435 -8.4435 0.4
      vertex -8.63713 -8.21678 0.41
      vertex -8.63713 -8.21678 0.4
    endloop
  endfacet
  facet normal -0.760418 -0.649434 0
    outer loop
      vertex -8.63713 -8.21678 0.41
      vertex -8.4435 -8.4435 0.4
      vertex -8.4435 -8.4435 0.41
    endloop
  endfacet
  facet normal -0.459914 -0.53851 -0.706036
    outer loop
      vertex -8.21678 -8.63713 0.4
      vertex -8.4435 -8.4435 0.4
      vertex -8.16064 -8.16064 0
    endloop
  endfacet
  facet normal -0.670882 -0.203513 -0.713092
    outer loop
      vertex -8.48581 -7.67401 0
      vertex -8.907 -7.68712 0.4
      vertex -8.57117 -7.39262 0
    endloop
  endfacet
  facet normal -0.923886 -0.382669 0
    outer loop
      vertex -8.79291 -7.96257 0.4
      vertex -8.907 -7.68712 0.41
      vertex -8.907 -7.68712 0.4
    endloop
  endfacet
  facet normal -0.923886 -0.382669 0
    outer loop
      vertex -8.907 -7.68712 0.41
      vertex -8.79291 -7.96257 0.4
      vertex -8.79291 -7.96257 0.41
    endloop
  endfacet
  facet normal -1 0 0
    outer loop
      vertex -8.99998 -7.09999 0.4
      vertex -8.99998 7.09999 0.41
      vertex -8.99998 7.09999 0.4
    endloop
  endfacet
  facet normal -1 -0 0
    outer loop
      vertex -8.99998 7.09999 0.41
      vertex -8.99998 -7.09999 0.4
      vertex -8.99998 -7.09999 0.41
    endloop
  endfacet
  facet normal -0.69163 0.166025 -0.702911
    outer loop
      vertex -8.57117 7.39262 0
      vertex -8.97659 7.39722 0.4
      vertex -8.907 7.68712 0.4
    endloop
  endfacet
  facet normal -0.618297 0.330463 -0.713094
    outer loop
      vertex -8.48581 7.67401 0
      vertex -8.79291 7.96257 0.4
      vertex -8.3472 7.93335 0
    endloop
  endfacet
  facet normal -0.0689663 0.700264 -0.710545
    outer loop
      vertex -7.39262 8.57117 0
      vertex -7.39722 8.97659 0.4
      vertex -7.09999 8.59999 0
    endloop
  endfacet
  facet normal 0.707116 0 -0.707098
    outer loop
      vertex 8.99998 -7.09999 0.4
      vertex 8.59999 7.09999 0
      vertex 8.99998 7.09999 0.4
    endloop
  endfacet
  facet normal 0.707116 0 -0.707098
    outer loop
      vertex 8.59999 7.09999 0
      vertex 8.99998 -7.09999 0.4
      vertex 8.59999 -7.09999 0
    endloop
  endfacet
  facet normal 0.41519 -0.677549 0.607079
    outer loop
      vertex 7.96257 -8.79291 0.41
      vertex 6.79183 -7.21218 2.97491
      vertex 6.59209 -7.42242 2.87687
    endloop
  endfacet
  facet normal 0.415199 -0.677543 0.607079
    outer loop
      vertex 6.79183 -7.21218 2.97491
      vertex 7.96257 -8.79291 0.41
      vertex 8.21678 -8.63713 0.41
    endloop
  endfacet
  facet normal 0.598626 -0.511297 0.616622
    outer loop
      vertex 6.95183 -6.94821 3.098
      vertex 8.63713 -8.21678 0.41
      vertex 7.07444 -6.65409 3.22285
    endloop
  endfacet
  facet normal 0.599729 -0.50994 0.616673
    outer loop
      vertex 6.95085 -6.95085 3.09677
      vertex 8.63713 -8.21678 0.41
      vertex 6.95183 -6.94821 3.098
    endloop
  endfacet
  facet normal 0.598646 -0.511273 0.616622
    outer loop
      vertex 8.63713 -8.21678 0.41
      vertex 6.95085 -6.95085 3.09677
      vertex 8.4435 -8.4435 0.41
    endloop
  endfacet
  facet normal 0.458868 0.537286 0.707647
    outer loop
      vertex 6.21678 6.63713 4.01
      vertex 5.59224 5.85344 5.01
      vertex 6.4435 6.4435 4.01
    endloop
  endfacet
  facet normal 0.0784507 0.996918 -0
    outer loop
      vertex 7.39722 8.97659 0.4
      vertex 7.09999 8.99998 0.41
      vertex 7.39722 8.97659 0.41
    endloop
  endfacet
  facet normal 0.0784507 0.996918 0
    outer loop
      vertex 7.09999 8.99998 0.41
      vertex 7.39722 8.97659 0.4
      vertex 7.09999 8.99998 0.4
    endloop
  endfacet
  facet normal 0.382669 0.923886 -0
    outer loop
      vertex 7.96257 8.79291 0.4
      vertex 7.68712 8.907 0.41
      vertex 7.96257 8.79291 0.41
    endloop
  endfacet
  facet normal 0.382669 0.923886 0
    outer loop
      vertex 7.68712 8.907 0.41
      vertex 7.96257 8.79291 0.4
      vertex 7.68712 8.907 0.4
    endloop
  endfacet
  facet normal -0.543891 -0.446427 -0.710553
    outer loop
      vertex -8.16064 -8.16064 0
      vertex -8.63713 -8.21678 0.4
      vertex -8.3472 -7.93335 0
    endloop
  endfacet
  facet normal 0.747682 -0.309683 0.587425
    outer loop
      vertex 8.907 -7.68712 0.41
      vertex 7.15823 -6.24134 3.39805
      vertex 7.15177 -6.32143 3.36405
    endloop
  endfacet
  facet normal 0.747677 -0.309691 0.587427
    outer loop
      vertex 7.15823 -6.24134 3.39805
      vertex 8.907 -7.68712 0.41
      vertex 7.1889 -5.96902 3.50258
    endloop
  endfacet
  facet normal 0.74768 -0.309685 0.587426
    outer loop
      vertex 8.907 -7.68712 0.41
      vertex 7.15177 -6.32143 3.36405
      vertex 8.79291 -7.96257 0.41
    endloop
  endfacet
  facet normal -0.0555593 0.706023 -0.706006
    outer loop
      vertex -7.09999 8.59999 0
      vertex -7.39722 8.97659 0.4
      vertex -7.09999 8.99998 0.4
    endloop
  endfacet
  facet normal -0.166025 0.69163 -0.702911
    outer loop
      vertex -7.39262 8.57117 0
      vertex -7.68712 8.907 0.4
      vertex -7.39722 8.97659 0.4
    endloop
  endfacet
  facet normal 0.272574 -0.658082 -0.701877
    outer loop
      vertex 7.68712 -8.907 0.4
      vertex 7.67401 -8.48581 0
      vertex 7.96257 -8.79291 0.4
    endloop
  endfacet
  facet normal 0 0.874157 0.485643
    outer loop
      vertex 7.09999 8.99998 0.41
      vertex -5.09999 6.99998 4.01
      vertex 5.09999 6.99998 4.01
    endloop
  endfacet
  facet normal 0 0.874157 0.485643
    outer loop
      vertex -5.09999 6.99998 4.01
      vertex 7.09999 8.99998 0.41
      vertex -7.09999 8.99998 0.41
    endloop
  endfacet
  facet normal -0.37164 0.606462 -0.702914
    outer loop
      vertex -7.93335 8.3472 0
      vertex -8.21678 8.63713 0.4
      vertex -7.96257 8.79291 0.4
    endloop
  endfacet
  facet normal -0.446427 0.543891 -0.710553
    outer loop
      vertex -8.16064 8.16064 0
      vertex -8.21678 8.63713 0.4
      vertex -7.93335 8.3472 0
    endloop
  endfacet
  facet normal 0.330463 0.618297 -0.713094
    outer loop
      vertex 7.93335 8.3472 0
      vertex 7.67401 8.48581 0
      vertex 7.96257 8.79291 0.4
    endloop
  endfacet
  facet normal 0.700264 -0.0689663 -0.710545
    outer loop
      vertex 8.97659 -7.39722 0.4
      vertex 8.57117 -7.39262 0
      vertex 8.59999 -7.09999 0
    endloop
  endfacet
  facet normal 0.602983 0.369508 0.707018
    outer loop
      vertex 6.63713 6.21678 4.01
      vertex 5.81021 5.65279 5.01
      vertex 6.79291 5.96257 4.01
    endloop
  endfacet
  facet normal -0.369508 0.602983 0.707018
    outer loop
      vertex -5.96257 6.79291 4.01
      vertex -6.21678 6.63713 4.01
      vertex -5.65279 5.81021 5.01
    endloop
  endfacet
  facet normal -0.747677 -0.309691 0.587427
    outer loop
      vertex -8.907 -7.68712 0.41
      vertex -7.15823 -6.24134 3.39805
      vertex -7.1889 -5.96902 3.50258
    endloop
  endfacet
  facet normal -0.747682 -0.309683 0.587425
    outer loop
      vertex -7.15823 -6.24134 3.39805
      vertex -8.907 -7.68712 0.41
      vertex -7.15177 -6.32143 3.36405
    endloop
  endfacet
  facet normal -0.74768 -0.309685 0.587426
    outer loop
      vertex -7.15177 -6.32143 3.36405
      vertex -8.907 -7.68712 0.41
      vertex -8.79291 -7.96257 0.41
    endloop
  endfacet
  facet normal -0.598626 -0.511297 0.616622
    outer loop
      vertex -8.63713 -8.21678 0.41
      vertex -6.95183 -6.94821 3.098
      vertex -7.07444 -6.65409 3.22285
    endloop
  endfacet
  facet normal -0.599729 -0.50994 0.616673
    outer loop
      vertex -6.95183 -6.94821 3.098
      vertex -8.63713 -8.21678 0.41
      vertex -6.95085 -6.95085 3.09677
    endloop
  endfacet
  facet normal -0.598646 -0.511273 0.616622
    outer loop
      vertex -6.95085 -6.95085 3.09677
      vertex -8.63713 -8.21678 0.41
      vertex -8.4435 -8.4435 0.41
    endloop
  endfacet
  facet normal -0.0784507 -0.996918 0
    outer loop
      vertex -7.39722 -8.97659 0.4
      vertex -7.09999 -8.99998 0.41
      vertex -7.39722 -8.97659 0.41
    endloop
  endfacet
  facet normal -0.0784507 -0.996918 -0
    outer loop
      vertex -7.09999 -8.99998 0.41
      vertex -7.39722 -8.97659 0.4
      vertex -7.09999 -8.99998 0.4
    endloop
  endfacet
  facet normal 0.670882 -0.203513 -0.713092
    outer loop
      vertex 8.907 -7.68712 0.4
      vertex 8.48581 -7.67401 0
      vertex 8.57117 -7.39262 0
    endloop
  endfacet
  facet normal 0 -0.707116 -0.707098
    outer loop
      vertex -7.09999 -8.59999 0
      vertex 7.09999 -8.99998 0.4
      vertex -7.09999 -8.99998 0.4
    endloop
  endfacet
  facet normal 0 -0.707116 -0.707098
    outer loop
      vertex 7.09999 -8.99998 0.4
      vertex -7.09999 -8.59999 0
      vertex 7.09999 -8.59999 0
    endloop
  endfacet
  facet normal -0.60456 0.370475 0.705164
    outer loop
      vertex -6.63713 6.21678 4.01
      vertex -6.79291 5.96257 4.01
      vertex -5.85344 5.59224 5.01
    endloop
  endfacet
  facet normal -0.74768 0.309685 0.587426
    outer loop
      vertex -8.907 7.68712 0.41
      vertex -6.79291 5.96257 4.01
      vertex -8.79291 7.96257 0.41
    endloop
  endfacet
  facet normal -0.74768 0.309685 0.587426
    outer loop
      vertex -6.79291 5.96257 4.01
      vertex -8.907 7.68712 0.41
      vertex -6.907 5.68712 4.01
    endloop
  endfacet
  facet normal -0.606462 -0.37164 -0.702914
    outer loop
      vertex -8.63713 -8.21678 0.4
      vertex -8.79291 -7.96257 0.4
      vertex -8.3472 -7.93335 0
    endloop
  endfacet
  facet normal 0.543891 -0.446427 -0.710553
    outer loop
      vertex 8.63713 -8.21678 0.4
      vertex 8.16064 -8.16064 0
      vertex 8.3472 -7.93335 0
    endloop
  endfacet
  facet normal -0.706023 0.0555593 -0.706006
    outer loop
      vertex -8.59999 7.09999 0
      vertex -8.99998 7.09999 0.4
      vertex -8.97659 7.39722 0.4
    endloop
  endfacet
  facet normal -0.85582 0.0673473 0.512871
    outer loop
      vertex -8.99998 7.09999 0.41
      vertex -6.97659 5.39722 4.01
      vertex -8.97659 7.39722 0.41
    endloop
  endfacet
  facet normal -0.85582 0.0673473 0.512871
    outer loop
      vertex -6.97659 5.39722 4.01
      vertex -8.99998 7.09999 0.41
      vertex -6.99998 5.09999 4.01
    endloop
  endfacet
  facet normal 0.649434 -0.760418 0
    outer loop
      vertex 8.21678 -8.63713 0.4
      vertex 8.4435 -8.4435 0.41
      vertex 8.21678 -8.63713 0.41
    endloop
  endfacet
  facet normal 0.649434 -0.760418 0
    outer loop
      vertex 8.4435 -8.4435 0.41
      vertex 8.21678 -8.63713 0.4
      vertex 8.4435 -8.4435 0.4
    endloop
  endfacet
  facet normal 3.45429e-15 0.707107 0.707107
    outer loop
      vertex 5.09999 6.99998 4.01
      vertex 4.87201 6.05508 4.9549
      vertex 5.05781 6.02766 4.98232
    endloop
  endfacet
  facet normal -6.85573e-05 0.707136 0.707077
    outer loop
      vertex 5.09999 6.99998 4.01
      vertex 4.35109 6.12847 4.88151
      vertex 4.44364 6.11615 4.89384
    endloop
  endfacet
  facet normal 2.35921e-05 0.707094 0.70712
    outer loop
      vertex 5.09999 6.99998 4.01
      vertex 3.88902 6.18811 4.82188
      vertex 4.15163 6.15504 4.85494
    endloop
  endfacet
  facet normal -0.000384301 0.707403 0.70681
    outer loop
      vertex 5.09999 6.99998 4.01
      vertex 3.85283 6.19255 4.81743
      vertex 3.86838 6.19071 4.81928
    endloop
  endfacet
  facet normal 7.97754e-07 0.707111 0.707103
    outer loop
      vertex 5.09999 6.99998 4.01
      vertex 3.60636 6.22007 4.78992
      vertex 3.74017 6.20591 4.80408
    endloop
  endfacet
  facet normal 2.86645e-05 0.707073 0.707141
    outer loop
      vertex 5.09999 6.99998 4.01
      vertex 3.11996 6.2671 4.74289
      vertex 3.32231 6.24835 4.76163
    endloop
  endfacet
  facet normal -4.85857e-15 0.707107 0.707107
    outer loop
      vertex 5.09999 6.99998 4.01
      vertex 1.96545 6.35419 4.65579
      vertex 2.06274 6.34846 4.66152
    endloop
  endfacet
  facet normal -3.0943e-15 0.707107 0.707107
    outer loop
      vertex 5.09999 6.99998 4.01
      vertex 1.66741 6.37066 4.63932
      vertex 1.82442 6.36249 4.64749
    endloop
  endfacet
  facet normal -9.60187e-05 0.707405 0.706809
    outer loop
      vertex 5.09999 6.99998 4.01
      vertex 1.29769 6.38747 4.62251
      vertex 1.35721 6.3852 4.62479
    endloop
  endfacet
  facet normal 5.3742e-12 0.707107 0.707107
    outer loop
      vertex 1.12743 6.39398 4.616
      vertex 0.899617 6.40111 4.60887
      vertex 0.94551 6.39967 4.61031
    endloop
  endfacet
  facet normal 0.0244868 0.776788 -0.629286
    outer loop
      vertex 0.673362 6.40662 4.60336
      vertex 0.448269 6.41054 4.59944
      vertex 0.482979 6.40994 4.60005
    endloop
  endfacet
  facet normal 0 0.707107 0.707107
    outer loop
      vertex 0.448269 6.41054 4.59944
      vertex 0.223942 6.41288 4.5971
      vertex 0.414566 6.41089 4.59909
    endloop
  endfacet
  facet normal 3.16973e-15 0.707107 0.707107
    outer loop
      vertex 0.192529 6.41299 4.59699
      vertex 5.09999 6.99998 4.01
      vertex 0 6.41366 4.59632
    endloop
  endfacet
  facet normal -1.94243e-14 0.707107 0.707107
    outer loop
      vertex 0.223942 6.41288 4.5971
      vertex 5.09999 6.99998 4.01
      vertex 0.192529 6.41299 4.59699
    endloop
  endfacet
  facet normal 1.07139e-17 0.707107 0.707107
    outer loop
      vertex 0.448269 6.41054 4.59944
      vertex 5.09999 6.99998 4.01
      vertex 0.223942 6.41288 4.5971
    endloop
  endfacet
  facet normal 1.62561e-17 0.707107 0.707107
    outer loop
      vertex 0.673362 6.40662 4.60336
      vertex 5.09999 6.99998 4.01
      vertex 0.448269 6.41054 4.59944
    endloop
  endfacet
  facet normal 2.15071e-17 0.707107 0.707107
    outer loop
      vertex 0.85636 6.40216 4.60782
      vertex 5.09999 6.99998 4.01
      vertex 0.673362 6.40662 4.60336
    endloop
  endfacet
  facet normal 1.24067e-14 0.707107 0.707107
    outer loop
      vertex 0.899617 6.40111 4.60887
      vertex 5.09999 6.99998 4.01
      vertex 0.85636 6.40216 4.60782
    endloop
  endfacet
  facet normal 0 0.707107 0.707107
    outer loop
      vertex 1.12743 6.39398 4.616
      vertex 5.09999 6.99998 4.01
      vertex 0.899617 6.40111 4.60887
    endloop
  endfacet
  facet normal -2.95159e-15 0.707107 0.707107
    outer loop
      vertex 1.29769 6.38747 4.62251
      vertex 5.09999 6.99998 4.01
      vertex 1.12743 6.39398 4.616
    endloop
  endfacet
  facet normal 3.46674e-05 0.707007 0.707207
    outer loop
      vertex 1.51913 6.37789 4.63209
      vertex 5.09999 6.99998 4.01
      vertex 1.35721 6.3852 4.62479
    endloop
  endfacet
  facet normal -7.98577e-05 0.707337 0.706877
    outer loop
      vertex 1.5894 6.37472 4.63527
      vertex 5.09999 6.99998 4.01
      vertex 1.51913 6.37789 4.63209
    endloop
  endfacet
  facet normal 7.06205e-05 0.706914 0.707299
    outer loop
      vertex 1.66741 6.37066 4.63932
      vertex 5.09999 6.99998 4.01
      vertex 1.5894 6.37472 4.63527
    endloop
  endfacet
  facet normal 3.46225e-15 0.707107 0.707107
    outer loop
      vertex 1.96545 6.35419 4.65579
      vertex 5.09999 6.99998 4.01
      vertex 1.82442 6.36249 4.64749
    endloop
  endfacet
  facet normal 5.17324e-17 0.707107 0.707107
    outer loop
      vertex 2.17419 6.34114 4.66884
      vertex 5.09999 6.99998 4.01
      vertex 2.06274 6.34846 4.66152
    endloop
  endfacet
  facet normal -4.18916e-05 0.7072 0.707014
    outer loop
      vertex 2.30486 6.33256 4.67743
      vertex 5.09999 6.99998 4.01
      vertex 2.17419 6.34114 4.66884
    endloop
  endfacet
  facet normal 4.15585e-05 0.707025 0.707189
    outer loop
      vertex 2.43727 6.32296 4.68702
      vertex 5.09999 6.99998 4.01
      vertex 2.30486 6.33256 4.67743
    endloop
  endfacet
  facet normal 4.33928e-15 0.707107 0.707107
    outer loop
      vertex 2.5513 6.31469 4.69529
      vertex 5.09999 6.99998 4.01
      vertex 2.43727 6.32296 4.68702
    endloop
  endfacet
  facet normal -5.5653e-05 0.70721 0.707003
    outer loop
      vertex 2.64944 6.30692 4.70307
      vertex 5.09999 6.99998 4.01
      vertex 2.5513 6.31469 4.69529
    endloop
  endfacet
  facet normal 6.31599e-07 0.707111 0.707103
    outer loop
      vertex 2.80262 6.29478 4.71521
      vertex 5.09999 6.99998 4.01
      vertex 2.64944 6.30692 4.70307
    endloop
  endfacet
  facet normal 6.73332e-07 0.707111 0.707103
    outer loop
      vertex 2.9869 6.27894 4.73105
      vertex 5.09999 6.99998 4.01
      vertex 2.80262 6.29478 4.71521
    endloop
  endfacet
  facet normal 6.73175e-07 0.707111 0.707103
    outer loop
      vertex 3.0594 6.27271 4.73728
      vertex 5.09999 6.99998 4.01
      vertex 2.9869 6.27894 4.73105
    endloop
  endfacet
  facet normal 7.14861e-07 0.707111 0.707103
    outer loop
      vertex 3.11996 6.2671 4.74289
      vertex 5.09999 6.99998 4.01
      vertex 3.0594 6.27271 4.73728
    endloop
  endfacet
  facet normal 7.34243e-17 0.707107 0.707107
    outer loop
      vertex 3.57433 6.22334 4.78664
      vertex 5.09999 6.99998 4.01
      vertex 3.32231 6.24835 4.76163
    endloop
  endfacet
  facet normal 6.53192e-17 0.707107 0.707107
    outer loop
      vertex 3.59203 6.22158 4.7884
      vertex 5.09999 6.99998 4.01
      vertex 3.57433 6.22334 4.78664
    endloop
  endfacet
  facet normal -0.000409562 0.707503 0.70671
    outer loop
      vertex 3.60636 6.22007 4.78992
      vertex 5.09999 6.99998 4.01
      vertex 3.59203 6.22158 4.7884
    endloop
  endfacet
  facet normal 5.3051e-05 0.707066 0.707148
    outer loop
      vertex 3.85283 6.19255 4.81743
      vertex 5.09999 6.99998 4.01
      vertex 3.74017 6.20591 4.80408
    endloop
  endfacet
  facet normal 9.23597e-07 0.70711 0.707103
    outer loop
      vertex 3.88902 6.18811 4.82188
      vertex 5.09999 6.99998 4.01
      vertex 3.86838 6.19071 4.81928
    endloop
  endfacet
  facet normal 0 0.707107 0.707107
    outer loop
      vertex 4.35109 6.12847 4.88151
      vertex 5.09999 6.99998 4.01
      vertex 4.15163 6.15504 4.85494
    endloop
  endfacet
  facet normal 3.98743e-05 0.707096 0.707118
    outer loop
      vertex 4.60843 6.093 4.91698
      vertex 5.09999 6.99998 4.01
      vertex 4.44364 6.11615 4.89384
    endloop
  endfacet
  facet normal -4.79917e-05 0.70712 0.707094
    outer loop
      vertex 4.74535 6.07378 4.93621
      vertex 5.09999 6.99998 4.01
      vertex 4.60843 6.093 4.91698
    endloop
  endfacet
  facet normal 5.39074e-05 0.7071 0.707113
    outer loop
      vertex 4.87201 6.05508 4.9549
      vertex 5.09999 6.99998 4.01
      vertex 4.74535 6.07378 4.93621
    endloop
  endfacet
  facet normal -0.000166523 0.70711 0.707103
    outer loop
      vertex 5.09999 6.99998 4.01
      vertex 5.05781 6.02766 4.98232
      vertex 5.09999 6.02114 4.98885
    endloop
  endfacet
  facet normal -5.39074e-05 0.7071 0.707113
    outer loop
      vertex -5.09999 6.99998 4.01
      vertex -4.87201 6.05508 4.9549
      vertex -4.74535 6.07378 4.93621
    endloop
  endfacet
  facet normal 0 0.707107 0.707107
    outer loop
      vertex -5.09999 6.99998 4.01
      vertex -4.35109 6.12847 4.88151
      vertex -4.15163 6.15504 4.85494
    endloop
  endfacet
  facet normal -9.23597e-07 0.70711 0.707103
    outer loop
      vertex -5.09999 6.99998 4.01
      vertex -3.88902 6.18811 4.82188
      vertex -3.86838 6.19071 4.81928
    endloop
  endfacet
  facet normal -5.3051e-05 0.707066 0.707148
    outer loop
      vertex -5.09999 6.99998 4.01
      vertex -3.85283 6.19255 4.81743
      vertex -3.74017 6.20591 4.80408
    endloop
  endfacet
  facet normal 0.000409562 0.707503 0.70671
    outer loop
      vertex -5.09999 6.99998 4.01
      vertex -3.60636 6.22007 4.78992
      vertex -3.59203 6.22158 4.7884
    endloop
  endfacet
  facet normal -7.14861e-07 0.707111 0.707103
    outer loop
      vertex -5.09999 6.99998 4.01
      vertex -3.11996 6.2671 4.74289
      vertex -3.0594 6.27271 4.73728
    endloop
  endfacet
  facet normal -3.68747e-15 0.707107 0.707107
    outer loop
      vertex -5.09999 6.99998 4.01
      vertex -1.96545 6.35419 4.65579
      vertex -1.82442 6.36249 4.64749
    endloop
  endfacet
  facet normal -7.06205e-05 0.706914 0.707299
    outer loop
      vertex -5.09999 6.99998 4.01
      vertex -1.66741 6.37066 4.63932
      vertex -1.5894 6.37472 4.63527
    endloop
  endfacet
  facet normal 3.0419e-15 0.707107 0.707107
    outer loop
      vertex -5.09999 6.99998 4.01
      vertex -1.29769 6.38747 4.62251
      vertex -1.12743 6.39398 4.616
    endloop
  endfacet
  facet normal -5.37132e-12 0.707107 0.707107
    outer loop
      vertex -0.899617 6.40111 4.60887
      vertex -1.12743 6.39398 4.616
      vertex -0.94551 6.39967 4.61031
    endloop
  endfacet
  facet normal -0.0244868 0.776788 -0.629286
    outer loop
      vertex -0.448269 6.41054 4.59944
      vertex -0.673362 6.40662 4.60336
      vertex -0.482979 6.40994 4.60005
    endloop
  endfacet
  facet normal 0 0.707107 0.707107
    outer loop
      vertex -0.223942 6.41288 4.5971
      vertex -0.448269 6.41054 4.59944
      vertex -0.414566 6.41089 4.59909
    endloop
  endfacet
  facet normal -3.2272e-15 0.707107 0.707107
    outer loop
      vertex 5.09999 6.99998 4.01
      vertex -0.192529 6.41299 4.59699
      vertex 0 6.41366 4.59632
    endloop
  endfacet
  facet normal -0 0.707107 0.707107
    outer loop
      vertex -5.09999 6.99998 4.01
      vertex -0.192529 6.41299 4.59699
      vertex 5.09999 6.99998 4.01
    endloop
  endfacet
  facet normal 1.94243e-14 0.707107 0.707107
    outer loop
      vertex -0.192529 6.41299 4.59699
      vertex -5.09999 6.99998 4.01
      vertex -0.223942 6.41288 4.5971
    endloop
  endfacet
  facet normal -1.07139e-17 0.707107 0.707107
    outer loop
      vertex -0.223942 6.41288 4.5971
      vertex -5.09999 6.99998 4.01
      vertex -0.448269 6.41054 4.59944
    endloop
  endfacet
  facet normal -1.62561e-17 0.707107 0.707107
    outer loop
      vertex -0.448269 6.41054 4.59944
      vertex -5.09999 6.99998 4.01
      vertex -0.673362 6.40662 4.60336
    endloop
  endfacet
  facet normal -2.15071e-17 0.707107 0.707107
    outer loop
      vertex -0.673362 6.40662 4.60336
      vertex -5.09999 6.99998 4.01
      vertex -0.85636 6.40216 4.60782
    endloop
  endfacet
  facet normal -1.24067e-14 0.707107 0.707107
    outer loop
      vertex -0.85636 6.40216 4.60782
      vertex -5.09999 6.99998 4.01
      vertex -0.899617 6.40111 4.60887
    endloop
  endfacet
  facet normal 0 0.707107 0.707107
    outer loop
      vertex -0.899617 6.40111 4.60887
      vertex -5.09999 6.99998 4.01
      vertex -1.12743 6.39398 4.616
    endloop
  endfacet
  facet normal 9.60187e-05 0.707405 0.706809
    outer loop
      vertex -1.29769 6.38747 4.62251
      vertex -5.09999 6.99998 4.01
      vertex -1.35721 6.3852 4.62479
    endloop
  endfacet
  facet normal -3.46674e-05 0.707007 0.707207
    outer loop
      vertex -1.35721 6.3852 4.62479
      vertex -5.09999 6.99998 4.01
      vertex -1.51913 6.37789 4.63209
    endloop
  endfacet
  facet normal 7.98577e-05 0.707337 0.706877
    outer loop
      vertex -1.51913 6.37789 4.63209
      vertex -5.09999 6.99998 4.01
      vertex -1.5894 6.37472 4.63527
    endloop
  endfacet
  facet normal 3.11364e-15 0.707107 0.707107
    outer loop
      vertex -1.66741 6.37066 4.63932
      vertex -5.09999 6.99998 4.01
      vertex -1.82442 6.36249 4.64749
    endloop
  endfacet
  facet normal 5.02179e-15 0.707107 0.707107
    outer loop
      vertex -1.96545 6.35419 4.65579
      vertex -5.09999 6.99998 4.01
      vertex -2.06274 6.34846 4.66152
    endloop
  endfacet
  facet normal -5.17324e-17 0.707107 0.707107
    outer loop
      vertex -2.06274 6.34846 4.66152
      vertex -5.09999 6.99998 4.01
      vertex -2.17419 6.34114 4.66884
    endloop
  endfacet
  facet normal 4.18916e-05 0.7072 0.707014
    outer loop
      vertex -2.17419 6.34114 4.66884
      vertex -5.09999 6.99998 4.01
      vertex -2.30486 6.33256 4.67743
    endloop
  endfacet
  facet normal -4.15585e-05 0.707025 0.707189
    outer loop
      vertex -2.30486 6.33256 4.67743
      vertex -5.09999 6.99998 4.01
      vertex -2.43727 6.32296 4.68702
    endloop
  endfacet
  facet normal -4.33928e-15 0.707107 0.707107
    outer loop
      vertex -2.43727 6.32296 4.68702
      vertex -5.09999 6.99998 4.01
      vertex -2.5513 6.31469 4.69529
    endloop
  endfacet
  facet normal 5.5653e-05 0.70721 0.707003
    outer loop
      vertex -2.5513 6.31469 4.69529
      vertex -5.09999 6.99998 4.01
      vertex -2.64944 6.30692 4.70307
    endloop
  endfacet
  facet normal -6.31599e-07 0.707111 0.707103
    outer loop
      vertex -2.64944 6.30692 4.70307
      vertex -5.09999 6.99998 4.01
      vertex -2.80262 6.29478 4.71521
    endloop
  endfacet
  facet normal -6.73332e-07 0.707111 0.707103
    outer loop
      vertex -2.80262 6.29478 4.71521
      vertex -5.09999 6.99998 4.01
      vertex -2.9869 6.27894 4.73105
    endloop
  endfacet
  facet normal 0.000166523 0.70711 0.707103
    outer loop
      vertex -5.05781 6.02766 4.98232
      vertex -5.09999 6.99998 4.01
      vertex -5.09999 6.02114 4.98885
    endloop
  endfacet
  facet normal -3.35984e-15 0.707107 0.707107
    outer loop
      vertex -4.87201 6.05508 4.9549
      vertex -5.09999 6.99998 4.01
      vertex -5.05781 6.02766 4.98232
    endloop
  endfacet
  facet normal 4.79917e-05 0.70712 0.707094
    outer loop
      vertex -4.60843 6.093 4.91698
      vertex -5.09999 6.99998 4.01
      vertex -4.74535 6.07378 4.93621
    endloop
  endfacet
  facet normal -3.98743e-05 0.707096 0.707118
    outer loop
      vertex -4.44364 6.11615 4.89384
      vertex -5.09999 6.99998 4.01
      vertex -4.60843 6.093 4.91698
    endloop
  endfacet
  facet normal 6.85573e-05 0.707136 0.707077
    outer loop
      vertex -4.35109 6.12847 4.88151
      vertex -5.09999 6.99998 4.01
      vertex -4.44364 6.11615 4.89384
    endloop
  endfacet
  facet normal -2.35921e-05 0.707094 0.70712
    outer loop
      vertex -3.88902 6.18811 4.82188
      vertex -5.09999 6.99998 4.01
      vertex -4.15163 6.15504 4.85494
    endloop
  endfacet
  facet normal 0.000384301 0.707403 0.70681
    outer loop
      vertex -3.85283 6.19255 4.81743
      vertex -5.09999 6.99998 4.01
      vertex -3.86838 6.19071 4.81928
    endloop
  endfacet
  facet normal -7.97754e-07 0.707111 0.707103
    outer loop
      vertex -3.60636 6.22007 4.78992
      vertex -5.09999 6.99998 4.01
      vertex -3.74017 6.20591 4.80408
    endloop
  endfacet
  facet normal -6.53192e-17 0.707107 0.707107
    outer loop
      vertex -3.57433 6.22334 4.78664
      vertex -5.09999 6.99998 4.01
      vertex -3.59203 6.22158 4.7884
    endloop
  endfacet
  facet normal -7.34243e-17 0.707107 0.707107
    outer loop
      vertex -3.32231 6.24835 4.76163
      vertex -5.09999 6.99998 4.01
      vertex -3.57433 6.22334 4.78664
    endloop
  endfacet
  facet normal -2.86645e-05 0.707073 0.707141
    outer loop
      vertex -3.11996 6.2671 4.74289
      vertex -5.09999 6.99998 4.01
      vertex -3.32231 6.24835 4.76163
    endloop
  endfacet
  facet normal -6.73175e-07 0.707111 0.707103
    outer loop
      vertex -2.9869 6.27894 4.73105
      vertex -5.09999 6.99998 4.01
      vertex -3.0594 6.27271 4.73728
    endloop
  endfacet
  facet normal 0.618245 0.334606 0.711204
    outer loop
      vertex 6.79291 5.96257 4.01
      vertex 5.81021 5.65279 5.01
      vertex 5.95123 5.39223 5.01
    endloop
  endfacet
  facet normal -0.69163 -0.166025 -0.702911
    outer loop
      vertex -8.907 -7.68712 0.4
      vertex -8.97659 -7.39722 0.4
      vertex -8.57117 -7.39262 0
    endloop
  endfacet
  facet normal 0.330463 -0.618297 -0.713094
    outer loop
      vertex 7.96257 -8.79291 0.4
      vertex 7.67401 -8.48581 0
      vertex 7.93335 -8.3472 0
    endloop
  endfacet
  facet normal 0.511273 -0.598646 0.616622
    outer loop
      vertex 6.79183 -7.21218 2.97491
      vertex 8.4435 -8.4435 0.41
      vertex 6.95085 -6.95085 3.09677
    endloop
  endfacet
  facet normal 0.511273 -0.598646 0.616622
    outer loop
      vertex 8.4435 -8.4435 0.41
      vertex 6.79183 -7.21218 2.97491
      vertex 8.21678 -8.63713 0.41
    endloop
  endfacet
  facet normal 0.69163 -0.166025 -0.702911
    outer loop
      vertex 8.907 -7.68712 0.4
      vertex 8.57117 -7.39262 0
      vertex 8.97659 -7.39722 0.4
    endloop
  endfacet
  facet normal 0.69163 0.166025 -0.702911
    outer loop
      vertex 8.97659 7.39722 0.4
      vertex 8.57117 7.39262 0
      vertex 8.907 7.68712 0.4
    endloop
  endfacet
  facet normal -0.0673473 0.85582 0.512871
    outer loop
      vertex -7.09999 8.99998 0.41
      vertex -5.39722 6.97659 4.01
      vertex -5.09999 6.99998 4.01
    endloop
  endfacet
  facet normal -0.0673473 0.85582 0.512871
    outer loop
      vertex -5.39722 6.97659 4.01
      vertex -7.09999 8.99998 0.41
      vertex -7.39722 8.97659 0.41
    endloop
  endfacet
  facet normal 0.996918 0.0784507 0
    outer loop
      vertex 8.99998 7.09999 0.41
      vertex 8.97659 7.39722 0.4
      vertex 8.97659 7.39722 0.41
    endloop
  endfacet
  facet normal 0.996918 0.0784507 0
    outer loop
      vertex 8.97659 7.39722 0.4
      vertex 8.99998 7.09999 0.41
      vertex 8.99998 7.09999 0.4
    endloop
  endfacet
  facet normal 0.543891 0.446427 -0.710553
    outer loop
      vertex 8.3472 7.93335 0
      vertex 8.16064 8.16064 0
      vertex 8.63713 8.21678 0.4
    endloop
  endfacet
  facet normal 0.0555593 0.706023 -0.706006
    outer loop
      vertex 7.39722 8.97659 0.4
      vertex 7.09999 8.59999 0
      vertex 7.09999 8.99998 0.4
    endloop
  endfacet
  facet normal -0.272574 0.658082 -0.701877
    outer loop
      vertex -7.67401 8.48581 0
      vertex -7.96257 8.79291 0.4
      vertex -7.68712 8.907 0.4
    endloop
  endfacet
  facet normal -0.382669 0.923886 0
    outer loop
      vertex -7.68712 8.907 0.4
      vertex -7.96257 8.79291 0.41
      vertex -7.68712 8.907 0.41
    endloop
  endfacet
  facet normal -0.382669 0.923886 0
    outer loop
      vertex -7.96257 8.79291 0.41
      vertex -7.68712 8.907 0.4
      vertex -7.96257 8.79291 0.4
    endloop
  endfacet
  facet normal -0.459914 0.53851 -0.706036
    outer loop
      vertex -8.16064 8.16064 0
      vertex -8.4435 8.4435 0.4
      vertex -8.21678 8.63713 0.4
    endloop
  endfacet
  facet normal -0.53851 0.459914 -0.706036
    outer loop
      vertex -8.16064 8.16064 0
      vertex -8.63713 8.21678 0.4
      vertex -8.4435 8.4435 0.4
    endloop
  endfacet
  facet normal 0.370475 0.60456 0.705164
    outer loop
      vertex 5.96257 6.79291 4.01
      vertex 5.59224 5.85344 5.01
      vertex 6.21678 6.63713 4.01
    endloop
  endfacet
  facet normal 0.85582 0.0673473 0.512871
    outer loop
      vertex 6.97659 5.39722 4.01
      vertex 8.99998 7.09999 0.41
      vertex 8.97659 7.39722 0.41
    endloop
  endfacet
  facet normal 0.85582 0.0673473 0.512871
    outer loop
      vertex 8.99998 7.09999 0.41
      vertex 6.97659 5.39722 4.01
      vertex 6.99998 5.09999 4.01
    endloop
  endfacet
  facet normal -0.537286 0.458868 0.707647
    outer loop
      vertex -6.4435 6.4435 4.01
      vertex -6.63713 6.21678 4.01
      vertex -5.85344 5.59224 5.01
    endloop
  endfacet
  facet normal -0.517476 0.476357 0.710846
    outer loop
      vertex -5.65279 5.81021 5.01
      vertex -6.4435 6.4435 4.01
      vertex -5.85344 5.59224 5.01
    endloop
  endfacet
  facet normal -0.511273 -0.598646 0.616622
    outer loop
      vertex -8.4435 -8.4435 0.41
      vertex -6.79183 -7.21218 2.97491
      vertex -6.95085 -6.95085 3.09677
    endloop
  endfacet
  facet normal -0.511273 -0.598646 0.616622
    outer loop
      vertex -6.79183 -7.21218 2.97491
      vertex -8.4435 -8.4435 0.41
      vertex -8.21678 -8.63713 0.41
    endloop
  endfacet
  facet normal -0.996918 -0.0784507 0
    outer loop
      vertex -8.97659 -7.39722 0.4
      vertex -8.99998 -7.09999 0.41
      vertex -8.99998 -7.09999 0.4
    endloop
  endfacet
  facet normal -0.996918 -0.0784507 0
    outer loop
      vertex -8.99998 -7.09999 0.41
      vertex -8.97659 -7.39722 0.4
      vertex -8.97659 -7.39722 0.41
    endloop
  endfacet
  facet normal -0.706023 -0.0555593 -0.706006
    outer loop
      vertex -8.97659 -7.39722 0.4
      vertex -8.99998 -7.09999 0.4
      vertex -8.59999 -7.09999 0
    endloop
  endfacet
  facet normal -0.658082 -0.272574 -0.701877
    outer loop
      vertex -8.79291 -7.96257 0.4
      vertex -8.907 -7.68712 0.4
      vertex -8.48581 -7.67401 0
    endloop
  endfacet
  facet normal 0.658082 0.272574 -0.701877
    outer loop
      vertex 8.907 7.68712 0.4
      vertex 8.48581 7.67401 0
      vertex 8.79291 7.96257 0.4
    endloop
  endfacet
  facet normal 0.606462 -0.37164 -0.702914
    outer loop
      vertex 8.63713 -8.21678 0.4
      vertex 8.3472 -7.93335 0
      vertex 8.79291 -7.96257 0.4
    endloop
  endfacet
  facet normal 0.193898 -0.807877 0.556541
    outer loop
      vertex 7.39722 -8.97659 0.41
      vertex 6.16494 -7.64417 2.77347
      vertex 6.09183 -7.67121 2.75969
    endloop
  endfacet
  facet normal 0.19396 -0.80785 0.556558
    outer loop
      vertex 6.16494 -7.64417 2.77347
      vertex 7.39722 -8.97659 0.41
      vertex 6.35653 -7.5764 2.80507
    endloop
  endfacet
  facet normal 0.193926 -0.807863 0.556551
    outer loop
      vertex 6.35653 -7.5764 2.80507
      vertex 7.39722 -8.97659 0.41
      vertex 7.68712 -8.907 0.41
    endloop
  endfacet
  facet normal 0 -0.874159 0.48564
    outer loop
      vertex -7.09999 -8.99998 0.41
      vertex 5.80384 -7.70384 2.74307
      vertex -5.80384 -7.70384 2.74307
    endloop
  endfacet
  facet normal 0 -0.874159 0.48564
    outer loop
      vertex 5.80384 -7.70384 2.74307
      vertex -7.09999 -8.99998 0.41
      vertex 7.09999 -8.99998 0.41
    endloop
  endfacet
  facet normal 0.0784507 -0.996918 0
    outer loop
      vertex 7.09999 -8.99998 0.4
      vertex 7.39722 -8.97659 0.41
      vertex 7.09999 -8.99998 0.41
    endloop
  endfacet
  facet normal 0.0784507 -0.996918 0
    outer loop
      vertex 7.39722 -8.97659 0.41
      vertex 7.09999 -8.99998 0.4
      vertex 7.39722 -8.97659 0.4
    endloop
  endfacet
  facet normal -0.85264 0.522498 0
    outer loop
      vertex -8.79291 7.96257 0.4
      vertex -8.63713 8.21678 0.41
      vertex -8.63713 8.21678 0.4
    endloop
  endfacet
  facet normal -0.85264 0.522498 0
    outer loop
      vertex -8.63713 8.21678 0.41
      vertex -8.79291 7.96257 0.4
      vertex -8.79291 7.96257 0.41
    endloop
  endfacet
  facet normal -0.658082 0.272574 -0.701877
    outer loop
      vertex -8.48581 7.67401 0
      vertex -8.907 7.68712 0.4
      vertex -8.79291 7.96257 0.4
    endloop
  endfacet
  facet normal -0.760418 0.649434 0
    outer loop
      vertex -8.63713 8.21678 0.4
      vertex -8.4435 8.4435 0.41
      vertex -8.4435 8.4435 0.4
    endloop
  endfacet
  facet normal -0.760418 0.649434 0
    outer loop
      vertex -8.4435 8.4435 0.41
      vertex -8.63713 8.21678 0.4
      vertex -8.63713 8.21678 0.41
    endloop
  endfacet
  facet normal -0.699626 0.0871965 0.709169
    outer loop
      vertex -6.97659 5.39722 4.01
      vertex -5.9801 5.25962 5.01
      vertex -5.97246 5.32092 5.01
    endloop
  endfacet
  facet normal -0.699635 0.0871281 0.709168
    outer loop
      vertex -5.9801 5.25962 5.01
      vertex -6.97659 5.39722 4.01
      vertex -6.01084 5.14073 4.99428
    endloop
  endfacet
  facet normal -0.699612 0.0872475 0.709176
    outer loop
      vertex -6.01084 5.14073 4.99428
      vertex -6.97659 5.39722 4.01
      vertex -6.01981 5.10603 4.9897
    endloop
  endfacet
  facet normal -0.68957 0.16553 0.705048
    outer loop
      vertex -6.907 5.68712 4.01
      vertex -6.97659 5.39722 4.01
      vertex -5.97246 5.32092 5.01
    endloop
  endfacet
  facet normal 0.74768 0.309685 0.587426
    outer loop
      vertex 6.79291 5.96257 4.01
      vertex 8.907 7.68712 0.41
      vertex 8.79291 7.96257 0.41
    endloop
  endfacet
  facet normal 0.74768 0.309685 0.587426
    outer loop
      vertex 8.907 7.68712 0.41
      vertex 6.79291 5.96257 4.01
      vertex 6.907 5.68712 4.01
    endloop
  endfacet
  facet normal 0.654637 0.271147 0.705641
    outer loop
      vertex 6.79291 5.96257 4.01
      vertex 5.95123 5.39223 5.01
      vertex 6.907 5.68712 4.01
    endloop
  endfacet
  facet normal -0.1652 0.688193 0.70647
    outer loop
      vertex -5.39722 6.97659 4.01
      vertex -5.68712 6.907 4.01
      vertex -5.39223 5.95123 5.01
    endloop
  endfacet
  facet normal -0.309685 0.74768 0.587426
    outer loop
      vertex -7.68712 8.907 0.41
      vertex -5.96257 6.79291 4.01
      vertex -5.68712 6.907 4.01
    endloop
  endfacet
  facet normal -0.309685 0.74768 0.587426
    outer loop
      vertex -5.96257 6.79291 4.01
      vertex -7.68712 8.907 0.41
      vertex -7.96257 8.79291 0.41
    endloop
  endfacet
  facet normal 0.53851 0.459914 -0.706036
    outer loop
      vertex 8.63713 8.21678 0.4
      vertex 8.16064 8.16064 0
      vertex 8.4435 8.4435 0.4
    endloop
  endfacet
  facet normal 0.459914 -0.53851 -0.706036
    outer loop
      vertex 8.21678 -8.63713 0.4
      vertex 8.16064 -8.16064 0
      vertex 8.4435 -8.4435 0.4
    endloop
  endfacet
  facet normal 0.382669 -0.923886 0
    outer loop
      vertex 7.68712 -8.907 0.4
      vertex 7.96257 -8.79291 0.41
      vertex 7.68712 -8.907 0.41
    endloop
  endfacet
  facet normal 0.382669 -0.923886 0
    outer loop
      vertex 7.96257 -8.79291 0.41
      vertex 7.68712 -8.907 0.4
      vertex 7.96257 -8.79291 0.4
    endloop
  endfacet
  facet normal 0.233417 -0.972377 0
    outer loop
      vertex 7.39722 -8.97659 0.4
      vertex 7.68712 -8.907 0.41
      vertex 7.39722 -8.97659 0.41
    endloop
  endfacet
  facet normal 0.233417 -0.972377 0
    outer loop
      vertex 7.68712 -8.907 0.41
      vertex 7.39722 -8.97659 0.4
      vertex 7.68712 -8.907 0.4
    endloop
  endfacet
  facet normal 0.677555 -0.415182 0.607077
    outer loop
      vertex 7.07444 -6.65409 3.22285
      vertex 8.79291 -7.96257 0.41
      vertex 7.15177 -6.32143 3.36405
    endloop
  endfacet
  facet normal 0.677544 -0.415199 0.607078
    outer loop
      vertex 8.79291 -7.96257 0.41
      vertex 7.07444 -6.65409 3.22285
      vertex 8.63713 -8.21678 0.41
    endloop
  endfacet
  facet normal 1 -0 0
    outer loop
      vertex 8.99998 -7.09999 0.41
      vertex 8.99998 7.09999 0.4
      vertex 8.99998 7.09999 0.41
    endloop
  endfacet
  facet normal 1 0 0
    outer loop
      vertex 8.99998 7.09999 0.4
      vertex 8.99998 -7.09999 0.41
      vertex 8.99998 -7.09999 0.4
    endloop
  endfacet
  facet normal 0.996918 -0.0784507 0
    outer loop
      vertex 8.97659 -7.39722 0.41
      vertex 8.99998 -7.09999 0.4
      vertex 8.99998 -7.09999 0.41
    endloop
  endfacet
  facet normal 0.996918 -0.0784507 0
    outer loop
      vertex 8.99998 -7.09999 0.4
      vertex 8.97659 -7.39722 0.41
      vertex 8.97659 -7.39722 0.4
    endloop
  endfacet
  facet normal 0.706023 0.0555593 -0.706006
    outer loop
      vertex 8.99998 7.09999 0.4
      vertex 8.59999 7.09999 0
      vertex 8.97659 7.39722 0.4
    endloop
  endfacet
  facet normal 0.855831 -0.0673071 0.512858
    outer loop
      vertex 8.99998 -7.09999 0.41
      vertex 7.16839 -5.52444 3.67324
      vertex 7.17991 -5.60053 3.64403
    endloop
  endfacet
  facet normal 0.855815 -0.0673657 0.512877
    outer loop
      vertex 7.16839 -5.52444 3.67324
      vertex 8.99998 -7.09999 0.41
      vertex 7.13093 -5.23093 3.7743
    endloop
  endfacet
  facet normal 0.85582 -0.0673473 0.51287
    outer loop
      vertex 8.99998 -7.09999 0.41
      vertex 7.17991 -5.60053 3.64403
      vertex 8.97659 -7.39722 0.41
    endloop
  endfacet
  facet normal 0.688193 0.1652 0.70647
    outer loop
      vertex 6.907 5.68712 4.01
      vertex 5.95123 5.39223 5.01
      vertex 6.97659 5.39722 4.01
    endloop
  endfacet
  facet normal 0.282768 0.644603 0.710302
    outer loop
      vertex 5.96257 6.79291 4.01
      vertex 5.32092 5.97246 5.01
      vertex 5.59224 5.85344 5.01
    endloop
  endfacet
  facet normal 0.923886 0.382669 0
    outer loop
      vertex 8.907 7.68712 0.41
      vertex 8.79291 7.96257 0.4
      vertex 8.79291 7.96257 0.41
    endloop
  endfacet
  facet normal 0.923886 0.382669 0
    outer loop
      vertex 8.79291 7.96257 0.4
      vertex 8.907 7.68712 0.41
      vertex 8.907 7.68712 0.4
    endloop
  endfacet
  facet normal 0 1 -0
    outer loop
      vertex 7.09999 8.99998 0.4
      vertex -7.09999 8.99998 0.41
      vertex 7.09999 8.99998 0.41
    endloop
  endfacet
  facet normal 0 1 0
    outer loop
      vertex -7.09999 8.99998 0.41
      vertex 7.09999 8.99998 0.4
      vertex -7.09999 8.99998 0.4
    endloop
  endfacet
  facet normal -0.972377 0.233417 0
    outer loop
      vertex -8.97659 7.39722 0.4
      vertex -8.907 7.68712 0.41
      vertex -8.907 7.68712 0.4
    endloop
  endfacet
  facet normal -0.972377 0.233417 0
    outer loop
      vertex -8.907 7.68712 0.41
      vertex -8.97659 7.39722 0.4
      vertex -8.97659 7.39722 0.41
    endloop
  endfacet
  facet normal -0.923886 0.382669 0
    outer loop
      vertex -8.907 7.68712 0.4
      vertex -8.79291 7.96257 0.41
      vertex -8.79291 7.96257 0.4
    endloop
  endfacet
  facet normal -0.923886 0.382669 0
    outer loop
      vertex -8.79291 7.96257 0.41
      vertex -8.907 7.68712 0.4
      vertex -8.907 7.68712 0.41
    endloop
  endfacet
  facet normal -0.446427 -0.543891 -0.710553
    outer loop
      vertex -7.93335 -8.3472 0
      vertex -8.21678 -8.63713 0.4
      vertex -8.16064 -8.16064 0
    endloop
  endfacet
  facet normal -0.649434 -0.760418 0
    outer loop
      vertex -8.4435 -8.4435 0.4
      vertex -8.21678 -8.63713 0.41
      vertex -8.4435 -8.4435 0.41
    endloop
  endfacet
  facet normal -0.649434 -0.760418 -0
    outer loop
      vertex -8.21678 -8.63713 0.41
      vertex -8.4435 -8.4435 0.4
      vertex -8.21678 -8.63713 0.4
    endloop
  endfacet
  facet normal -0.37164 -0.606462 -0.702914
    outer loop
      vertex -7.96257 -8.79291 0.4
      vertex -8.21678 -8.63713 0.4
      vertex -7.93335 -8.3472 0
    endloop
  endfacet
  facet normal -0.522498 -0.85264 0
    outer loop
      vertex -8.21678 -8.63713 0.4
      vertex -7.96257 -8.79291 0.41
      vertex -8.21678 -8.63713 0.41
    endloop
  endfacet
  facet normal -0.522498 -0.85264 -0
    outer loop
      vertex -7.96257 -8.79291 0.41
      vertex -8.21678 -8.63713 0.4
      vertex -7.96257 -8.79291 0.4
    endloop
  endfacet
  facet normal 0 -1 0
    outer loop
      vertex -7.09999 -8.99998 0.4
      vertex 7.09999 -8.99998 0.41
      vertex -7.09999 -8.99998 0.41
    endloop
  endfacet
  facet normal 0 -1 -0
    outer loop
      vertex 7.09999 -8.99998 0.41
      vertex -7.09999 -8.99998 0.4
      vertex 7.09999 -8.99998 0.4
    endloop
  endfacet
  facet normal 0.166025 -0.69163 -0.702911
    outer loop
      vertex 7.39722 -8.97659 0.4
      vertex 7.39262 -8.57117 0
      vertex 7.68712 -8.907 0.4
    endloop
  endfacet
  facet normal 0.203513 -0.670882 -0.713092
    outer loop
      vertex 7.68712 -8.907 0.4
      vertex 7.39262 -8.57117 0
      vertex 7.67401 -8.48581 0
    endloop
  endfacet
  facet normal -0.807864 0.193926 0.55655
    outer loop
      vertex -8.97659 7.39722 0.41
      vertex -6.907 5.68712 4.01
      vertex -8.907 7.68712 0.41
    endloop
  endfacet
  facet normal -0.807864 0.193926 0.55655
    outer loop
      vertex -6.907 5.68712 4.01
      vertex -8.97659 7.39722 0.41
      vertex -6.97659 5.39722 4.01
    endloop
  endfacet
  facet normal 0.270109 0.65213 0.708356
    outer loop
      vertex 5.68712 6.907 4.01
      vertex 5.32092 5.97246 5.01
      vertex 5.96257 6.79291 4.01
    endloop
  endfacet
  facet normal 0.0555587 0.706017 0.706013
    outer loop
      vertex 5.09999 6.99998 4.01
      vertex 5.10603 6.01981 4.9897
      vertex 5.39722 6.97659 4.01
    endloop
  endfacet
  facet normal 0.0561067 0.705997 0.705989
    outer loop
      vertex 5.10603 6.01981 4.9897
      vertex 5.09999 6.99998 4.01
      vertex 5.09999 6.02114 4.98885
    endloop
  endfacet
  facet normal -0.271147 0.654637 0.705641
    outer loop
      vertex -5.68712 6.907 4.01
      vertex -5.96257 6.79291 4.01
      vertex -5.39223 5.95123 5.01
    endloop
  endfacet
  facet normal -0.115643 0.693225 0.711383
    outer loop
      vertex -5.39722 6.97659 4.01
      vertex -5.26922 5.97175 5.01
      vertex -5.14022 6.00974 4.99395
    endloop
  endfacet
  facet normal -0.115741 0.693204 0.711387
    outer loop
      vertex -5.39722 6.97659 4.01
      vertex -5.14022 6.00974 4.99395
      vertex -5.10603 6.01981 4.9897
    endloop
  endfacet
  facet normal -0.115641 0.693226 0.711383
    outer loop
      vertex -5.26922 5.97175 5.01
      vertex -5.39722 6.97659 4.01
      vertex -5.39223 5.95123 5.01
    endloop
  endfacet
  facet normal 0.37164 -0.606462 -0.702914
    outer loop
      vertex 7.96257 -8.79291 0.4
      vertex 7.93335 -8.3472 0
      vertex 8.21678 -8.63713 0.4
    endloop
  endfacet
  facet normal 0.446427 -0.543891 -0.710553
    outer loop
      vertex 8.21678 -8.63713 0.4
      vertex 7.93335 -8.3472 0
      vertex 8.16064 -8.16064 0
    endloop
  endfacet
  facet normal -0.700264 -0.0689663 -0.710545
    outer loop
      vertex -8.57117 -7.39262 0
      vertex -8.97659 -7.39722 0.4
      vertex -8.59999 -7.09999 0
    endloop
  endfacet
  facet normal 0.760418 -0.649434 0
    outer loop
      vertex 8.4435 -8.4435 0.41
      vertex 8.63713 -8.21678 0.4
      vertex 8.63713 -8.21678 0.41
    endloop
  endfacet
  facet normal 0.760418 -0.649434 0
    outer loop
      vertex 8.63713 -8.21678 0.4
      vertex 8.4435 -8.4435 0.41
      vertex 8.4435 -8.4435 0.4
    endloop
  endfacet
  facet normal 0.53851 -0.459914 -0.706036
    outer loop
      vertex 8.4435 -8.4435 0.4
      vertex 8.16064 -8.16064 0
      vertex 8.63713 -8.21678 0.4
    endloop
  endfacet
  facet normal 0.807862 -0.193931 0.556551
    outer loop
      vertex 7.1889 -5.96902 3.50258
      vertex 8.97659 -7.39722 0.41
      vertex 7.17991 -5.60053 3.64403
    endloop
  endfacet
  facet normal 0.807864 -0.193926 0.55655
    outer loop
      vertex 8.97659 -7.39722 0.41
      vertex 7.1889 -5.96902 3.50258
      vertex 8.907 -7.68712 0.41
    endloop
  endfacet
  facet normal 0.700264 0.0689663 -0.710545
    outer loop
      vertex 8.59999 7.09999 0
      vertex 8.57117 7.39262 0
      vertex 8.97659 7.39722 0.4
    endloop
  endfacet
  facet normal 0.807864 0.193926 0.55655
    outer loop
      vertex 6.907 5.68712 4.01
      vertex 8.97659 7.39722 0.41
      vertex 8.907 7.68712 0.41
    endloop
  endfacet
  facet normal 0.807864 0.193926 0.55655
    outer loop
      vertex 8.97659 7.39722 0.41
      vertex 6.907 5.68712 4.01
      vertex 6.97659 5.39722 4.01
    endloop
  endfacet
  facet normal 0.693204 0.115741 0.711387
    outer loop
      vertex 6.97659 5.39722 4.01
      vertex 6.00974 5.14022 4.99395
      vertex 6.01981 5.10603 4.9897
    endloop
  endfacet
  facet normal 0.693225 0.115643 0.711383
    outer loop
      vertex 6.97659 5.39722 4.01
      vertex 5.97175 5.26922 5.01
      vertex 6.00974 5.14022 4.99395
    endloop
  endfacet
  facet normal 0.693226 0.115641 0.711383
    outer loop
      vertex 5.97175 5.26922 5.01
      vertex 6.97659 5.39722 4.01
      vertex 5.95123 5.39223 5.01
    endloop
  endfacet
  facet normal 0.706018 0.0555589 0.706011
    outer loop
      vertex 6.97659 5.39722 4.01
      vertex 6.02114 5.09999 4.98885
      vertex 6.99998 5.09999 4.01
    endloop
  endfacet
  facet normal 0.705918 0.0560779 0.70607
    outer loop
      vertex 6.02114 5.09999 4.98885
      vertex 6.97659 5.39722 4.01
      vertex 6.01981 5.10603 4.9897
    endloop
  endfacet
  facet normal 0.415199 0.677543 0.607079
    outer loop
      vertex 7.96257 8.79291 0.41
      vertex 6.21678 6.63713 4.01
      vertex 8.21678 8.63713 0.41
    endloop
  endfacet
  facet normal 0.415199 0.677543 0.607079
    outer loop
      vertex 6.21678 6.63713 4.01
      vertex 7.96257 8.79291 0.41
      vertex 5.96257 6.79291 4.01
    endloop
  endfacet
  facet normal 0.972377 0.233417 0
    outer loop
      vertex 8.97659 7.39722 0.41
      vertex 8.907 7.68712 0.4
      vertex 8.907 7.68712 0.41
    endloop
  endfacet
  facet normal 0.972377 0.233417 0
    outer loop
      vertex 8.907 7.68712 0.4
      vertex 8.97659 7.39722 0.41
      vertex 8.97659 7.39722 0.4
    endloop
  endfacet
  facet normal -0.309685 -0.74768 0.587427
    outer loop
      vertex -7.68712 -8.907 0.41
      vertex -6.59209 -7.42242 2.87687
      vertex -7.96257 -8.79291 0.41
    endloop
  endfacet
  facet normal -0.309688 -0.747678 0.587427
    outer loop
      vertex -6.59209 -7.42242 2.87687
      vertex -7.68712 -8.907 0.41
      vertex -6.35653 -7.5764 2.80507
    endloop
  endfacet
  facet normal -0.85264 -0.522498 0
    outer loop
      vertex -8.63713 -8.21678 0.4
      vertex -8.79291 -7.96257 0.41
      vertex -8.79291 -7.96257 0.4
    endloop
  endfacet
  facet normal -0.85264 -0.522498 0
    outer loop
      vertex -8.79291 -7.96257 0.41
      vertex -8.63713 -8.21678 0.4
      vertex -8.63713 -8.21678 0.41
    endloop
  endfacet
  facet normal 0.618297 0.330463 -0.713094
    outer loop
      vertex 8.48581 7.67401 0
      vertex 8.3472 7.93335 0
      vertex 8.79291 7.96257 0.4
    endloop
  endfacet
  facet normal -0.166025 -0.69163 -0.702911
    outer loop
      vertex -7.39722 -8.97659 0.4
      vertex -7.68712 -8.907 0.4
      vertex -7.39262 -8.57117 0
    endloop
  endfacet
  facet normal -0.0689663 -0.700264 -0.710545
    outer loop
      vertex -7.09999 -8.59999 0
      vertex -7.39722 -8.97659 0.4
      vertex -7.39262 -8.57117 0
    endloop
  endfacet
  facet normal 0.0673678 -0.855815 0.512876
    outer loop
      vertex 7.09999 -8.99998 0.41
      vertex 6.09183 -7.67121 2.75969
      vertex 5.80384 -7.70384 2.74307
    endloop
  endfacet
  facet normal 0.0673473 -0.85582 0.51287
    outer loop
      vertex 6.09183 -7.67121 2.75969
      vertex 7.09999 -8.99998 0.41
      vertex 7.39722 -8.97659 0.41
    endloop
  endfacet
  facet normal 0.309688 -0.747678 0.587427
    outer loop
      vertex 7.68712 -8.907 0.41
      vertex 6.59209 -7.42242 2.87687
      vertex 6.35653 -7.5764 2.80507
    endloop
  endfacet
  facet normal 0.309685 -0.74768 0.587427
    outer loop
      vertex 6.59209 -7.42242 2.87687
      vertex 7.68712 -8.907 0.41
      vertex 7.96257 -8.79291 0.41
    endloop
  endfacet
  facet normal 0.193926 0.807864 0.55655
    outer loop
      vertex 7.39722 8.97659 0.41
      vertex 5.68712 6.907 4.01
      vertex 7.68712 8.907 0.41
    endloop
  endfacet
  facet normal 0.193926 0.807864 0.55655
    outer loop
      vertex 5.68712 6.907 4.01
      vertex 7.39722 8.97659 0.41
      vertex 5.39722 6.97659 4.01
    endloop
  endfacet
  facet normal 0.0673473 0.85582 0.512871
    outer loop
      vertex 7.09999 8.99998 0.41
      vertex 5.39722 6.97659 4.01
      vertex 7.39722 8.97659 0.41
    endloop
  endfacet
  facet normal 0.0673473 0.85582 0.512871
    outer loop
      vertex 5.39722 6.97659 4.01
      vertex 7.09999 8.99998 0.41
      vertex 5.09999 6.99998 4.01
    endloop
  endfacet
  facet normal -0.193926 0.807864 0.55655
    outer loop
      vertex -7.39722 8.97659 0.41
      vertex -5.68712 6.907 4.01
      vertex -5.39722 6.97659 4.01
    endloop
  endfacet
  facet normal -0.193926 0.807864 0.55655
    outer loop
      vertex -5.68712 6.907 4.01
      vertex -7.39722 8.97659 0.41
      vertex -7.68712 8.907 0.41
    endloop
  endfacet
  facet normal 0.972377 -0.233417 0
    outer loop
      vertex 8.907 -7.68712 0.41
      vertex 8.97659 -7.39722 0.4
      vertex 8.97659 -7.39722 0.41
    endloop
  endfacet
  facet normal 0.972377 -0.233417 0
    outer loop
      vertex 8.97659 -7.39722 0.4
      vertex 8.907 -7.68712 0.41
      vertex 8.907 -7.68712 0.4
    endloop
  endfacet
  facet normal 0.476357 0.517476 0.710846
    outer loop
      vertex 6.4435 6.4435 4.01
      vertex 5.59224 5.85344 5.01
      vertex 5.81021 5.65279 5.01
    endloop
  endfacet
  facet normal 0.539021 0.460351 0.705361
    outer loop
      vertex 6.4435 6.4435 4.01
      vertex 5.81021 5.65279 5.01
      vertex 6.63713 6.21678 4.01
    endloop
  endfacet
  facet normal 0.459914 0.53851 -0.706036
    outer loop
      vertex 8.4435 8.4435 0.4
      vertex 8.16064 8.16064 0
      vertex 8.21678 8.63713 0.4
    endloop
  endfacet
  facet normal 0.446427 0.543891 -0.710553
    outer loop
      vertex 8.16064 8.16064 0
      vertex 7.93335 8.3472 0
      vertex 8.21678 8.63713 0.4
    endloop
  endfacet
  facet normal 0.677543 0.415199 0.607079
    outer loop
      vertex 6.63713 6.21678 4.01
      vertex 8.79291 7.96257 0.41
      vertex 8.63713 8.21678 0.41
    endloop
  endfacet
  facet normal 0.677543 0.415199 0.607079
    outer loop
      vertex 8.79291 7.96257 0.41
      vertex 6.63713 6.21678 4.01
      vertex 6.79291 5.96257 4.01
    endloop
  endfacet
  facet normal -0.233417 -0.972377 0
    outer loop
      vertex -7.68712 -8.907 0.4
      vertex -7.39722 -8.97659 0.41
      vertex -7.68712 -8.907 0.41
    endloop
  endfacet
  facet normal -0.233417 -0.972377 -0
    outer loop
      vertex -7.39722 -8.97659 0.41
      vertex -7.68712 -8.907 0.4
      vertex -7.39722 -8.97659 0.4
    endloop
  endfacet
  facet normal -0.382669 -0.923886 0
    outer loop
      vertex -7.96257 -8.79291 0.4
      vertex -7.68712 -8.907 0.41
      vertex -7.96257 -8.79291 0.41
    endloop
  endfacet
  facet normal -0.382669 -0.923886 -0
    outer loop
      vertex -7.68712 -8.907 0.41
      vertex -7.96257 -8.79291 0.4
      vertex -7.68712 -8.907 0.4
    endloop
  endfacet
  facet normal 0.272574 0.658082 -0.701877
    outer loop
      vertex 7.96257 8.79291 0.4
      vertex 7.67401 8.48581 0
      vertex 7.68712 8.907 0.4
    endloop
  endfacet
  facet normal 0.203513 0.670882 -0.713092
    outer loop
      vertex 7.67401 8.48581 0
      vertex 7.39262 8.57117 0
      vertex 7.68712 8.907 0.4
    endloop
  endfacet
  facet normal 0.233417 0.972377 -0
    outer loop
      vertex 7.68712 8.907 0.4
      vertex 7.39722 8.97659 0.41
      vertex 7.68712 8.907 0.41
    endloop
  endfacet
  facet normal 0.233417 0.972377 0
    outer loop
      vertex 7.39722 8.97659 0.41
      vertex 7.68712 8.907 0.4
      vertex 7.39722 8.97659 0.4
    endloop
  endfacet
  facet normal -0.203513 -0.670882 -0.713092
    outer loop
      vertex -7.39262 -8.57117 0
      vertex -7.68712 -8.907 0.4
      vertex -7.67401 -8.48581 0
    endloop
  endfacet
  facet normal -0.330463 -0.618297 -0.713094
    outer loop
      vertex -7.67401 -8.48581 0
      vertex -7.96257 -8.79291 0.4
      vertex -7.93335 -8.3472 0
    endloop
  endfacet
  facet normal 0.511273 0.598646 0.616622
    outer loop
      vertex 8.21678 8.63713 0.41
      vertex 6.4435 6.4435 4.01
      vertex 8.4435 8.4435 0.41
    endloop
  endfacet
  facet normal 0.511273 0.598646 0.616622
    outer loop
      vertex 6.4435 6.4435 4.01
      vertex 8.21678 8.63713 0.41
      vertex 6.21678 6.63713 4.01
    endloop
  endfacet
  facet normal 0.598646 0.511273 0.616622
    outer loop
      vertex 6.4435 6.4435 4.01
      vertex 8.63713 8.21678 0.41
      vertex 8.4435 8.4435 0.41
    endloop
  endfacet
  facet normal 0.598646 0.511273 0.616622
    outer loop
      vertex 8.63713 8.21678 0.41
      vertex 6.4435 6.4435 4.01
      vertex 6.63713 6.21678 4.01
    endloop
  endfacet
  facet normal 0.85264 0.522498 0
    outer loop
      vertex 8.79291 7.96257 0.41
      vertex 8.63713 8.21678 0.4
      vertex 8.63713 8.21678 0.41
    endloop
  endfacet
  facet normal 0.85264 0.522498 0
    outer loop
      vertex 8.63713 8.21678 0.4
      vertex 8.79291 7.96257 0.41
      vertex 8.79291 7.96257 0.4
    endloop
  endfacet
  facet normal 0.606462 0.37164 -0.702914
    outer loop
      vertex 8.79291 7.96257 0.4
      vertex 8.3472 7.93335 0
      vertex 8.63713 8.21678 0.4
    endloop
  endfacet
  facet normal -0.19396 -0.80785 0.556558
    outer loop
      vertex -7.39722 -8.97659 0.41
      vertex -6.16494 -7.64417 2.77347
      vertex -6.35653 -7.5764 2.80507
    endloop
  endfacet
  facet normal -0.193926 -0.807863 0.556551
    outer loop
      vertex -7.39722 -8.97659 0.41
      vertex -6.35653 -7.5764 2.80507
      vertex -7.68712 -8.907 0.41
    endloop
  endfacet
  facet normal -0.193898 -0.807877 0.556541
    outer loop
      vertex -6.16494 -7.64417 2.77347
      vertex -7.39722 -8.97659 0.41
      vertex -6.09183 -7.67121 2.75969
    endloop
  endfacet
  facet normal 0.37164 0.606462 -0.702914
    outer loop
      vertex 8.21678 8.63713 0.4
      vertex 7.93335 8.3472 0
      vertex 7.96257 8.79291 0.4
    endloop
  endfacet
  facet normal 0.522498 0.85264 -0
    outer loop
      vertex 8.21678 8.63713 0.4
      vertex 7.96257 8.79291 0.41
      vertex 8.21678 8.63713 0.41
    endloop
  endfacet
  facet normal 0.522498 0.85264 0
    outer loop
      vertex 7.96257 8.79291 0.41
      vertex 8.21678 8.63713 0.4
      vertex 7.96257 8.79291 0.4
    endloop
  endfacet
  facet normal 0.760418 0.649434 0
    outer loop
      vertex 8.63713 8.21678 0.41
      vertex 8.4435 8.4435 0.4
      vertex 8.4435 8.4435 0.41
    endloop
  endfacet
  facet normal 0.760418 0.649434 0
    outer loop
      vertex 8.4435 8.4435 0.4
      vertex 8.63713 8.21678 0.41
      vertex 8.63713 8.21678 0.4
    endloop
  endfacet
  facet normal -0.240133 -0.0293814 0.970295
    outer loop
      vertex 6.40216 0.85636 4.60782
      vertex 6.40111 0.899617 4.60887
      vertex 6.23733 0.876599 4.56764
    endloop
  endfacet
  facet normal 0.162138 -0.0622356 0.984804
    outer loop
      vertex -4.11601 1.4981 4.19473
      vertex -4.06122 1.64084 4.19473
      vertex -5.02045 1.82729 4.36444
    endloop
  endfacet
  facet normal 0.104146 0.00911903 0.99452
    outer loop
      vertex -2.42699 -0.255087 3.95655
      vertex -2.43442 -0.170231 3.95655
      vertex -3.39365 -0.356687 4.05871
    endloop
  endfacet
  facet normal -0.109294 -0.134969 0.984804
    outer loop
      vertex 3.43419 4.09271 4.36444
      vertex 3.28926 4.21007 4.36444
      vertex 2.81552 3.3554 4.19473
    endloop
  endfacet
  facet normal 0.138699 0.104518 0.984804
    outer loop
      vertex -3.54363 -2.5746 4.19473
      vertex -4.18456 -3.26933 4.35873
      vertex -3.45162 -2.6967 4.19473
    endloop
  endfacet
  facet normal 0.13861 0.104601 0.984808
    outer loop
      vertex -4.18456 -3.26933 4.35873
      vertex -3.54363 -2.5746 4.19473
      vertex -4.18954 -3.26725 4.35921
    endloop
  endfacet
  facet normal -0.129951 0.0498808 0.990265
    outer loop
      vertex 4.06122 -1.64084 4.19473
      vertex 4.11601 -1.4981 4.19473
      vertex 3.20655 -1.16709 4.05871
    endloop
  endfacet
  facet normal 0.181869 -0.100818 0.978141
    outer loop
      vertex -4.62687 2.67133 4.36444
      vertex -5.45477 3.14931 4.56764
      vertex -5.56136 2.95703 4.56764
    endloop
  endfacet
  facet normal 0.0866535 -0.225912 0.970286
    outer loop
      vertex -2.15426 5.91878 4.56764
      vertex -2.30486 6.33256 4.67743
      vertex -2.43727 6.32296 4.68702
    endloop
  endfacet
  facet normal 0.193237 -0.145612 0.970287
    outer loop
      vertex -4.96339 3.87782 4.56764
      vertex -5.71066 4.46166 4.80408
      vertex -5.86289 4.25964 4.80408
    endloop
  endfacet
  facet normal 0.0507815 -0.16608 0.984804
    outer loop
      vertex -1.20734 4.21048 4.19473
      vertex -1.47263 5.13569 4.36444
      vertex -1.65097 5.08116 4.36444
    endloop
  endfacet
  facet normal 0.0707218 -0.231385 0.970288
    outer loop
      vertex -1.96545 6.35419 4.65579
      vertex -1.73614 6.05463 4.56764
      vertex -1.82442 6.36249 4.64749
    endloop
  endfacet
  facet normal 0.0707407 -0.231371 0.97029
    outer loop
      vertex -1.73614 6.05463 4.56764
      vertex -1.96545 6.35419 4.65579
      vertex -1.94638 5.99035 4.56764
    endloop
  endfacet
  facet normal 0.207657 0.0108831 0.978141
    outer loop
      vertex -5.32964 -0.372684 4.36444
      vertex -5.3394 -0.186456 4.36444
      vertex -6.28329 -0.43937 4.56764
    endloop
  endfacet
  facet normal 0.0390643 -0.169222 0.984804
    outer loop
      vertex -1.05966 4.25006 4.19473
      vertex -0.910687 4.28445 4.19473
      vertex -1.1108 5.2259 4.36444
    endloop
  endfacet
  facet normal 0.236077 -0.142297 0.961259
    outer loop
      vertex -6.14575 3.84029 4.80408
      vertex -6.19071 3.86838 4.81928
      vertex -6.19255 3.85283 4.81743
    endloop
  endfacet
  facet normal 0.150204 -0.231136 0.961257
    outer loop
      vertex -3.84029 6.14575 4.80408
      vertex -3.86838 6.19071 4.81928
      vertex -3.88902 6.18811 4.82188
    endloop
  endfacet
  facet normal 0.0625385 -0.233735 0.970287
    outer loop
      vertex -1.52378 6.11153 4.56764
      vertex -1.5894 6.37472 4.63527
      vertex -1.66741 6.37066 4.63932
    endloop
  endfacet
  facet normal 0.180855 -0.208046 0.961253
    outer loop
      vertex -5.05781 6.02766 4.98232
      vertex -4.84914 5.38552 4.80408
      vertex -4.65824 5.55147 4.80408
    endloop
  endfacet
  facet normal 0.180965 -0.208007 0.961241
    outer loop
      vertex -5.09999 6.02114 4.98885
      vertex -4.84914 5.38552 4.80408
      vertex -5.05781 6.02766 4.98232
    endloop
  endfacet
  facet normal 0.181066 -0.207964 0.961231
    outer loop
      vertex -5.10603 6.01981 4.9897
      vertex -4.84914 5.38552 4.80408
      vertex -5.09999 6.02114 4.98885
    endloop
  endfacet
  facet normal 0.180778 -0.208089 0.961259
    outer loop
      vertex -4.84914 5.38552 4.80408
      vertex -5.10603 6.01981 4.9897
      vertex -5.14022 6.00974 4.99395
    endloop
  endfacet
  facet normal -0.00608593 -0.0695058 0.997563
    outer loop
      vertex 0.255087 2.42699 3.95655
      vertex 0.170231 2.43442 3.95655
      vertex 0.102221 1.46184 3.88837
    endloop
  endfacet
  facet normal -0.119315 -0.071689 0.990265
    outer loop
      vertex 3.79333 2.19008 4.19473
      vertex 3.71459 2.32113 4.19473
      vertex 2.95517 1.70617 4.05871
    endloop
  endfacet
  facet normal -0.0457771 -0.0526559 0.997563
    outer loop
      vertex 0.980548 1.08901 3.88837
      vertex 1.56863 1.86942 3.95655
      vertex 0.941945 1.12257 3.88837
    endloop
  endfacet
  facet normal -0.022712 -0.0659713 0.997563
    outer loop
      vertex 0.501198 1.37703 3.88837
      vertex 0.754112 2.32092 3.95655
      vertex 0.452835 1.39368 3.88837
    endloop
  endfacet
  facet normal -0.0462261 -0.237497 0.970288
    outer loop
      vertex 1.30956 6.16099 4.56764
      vertex 1.35721 6.3852 4.62479
      vertex 1.29769 6.38747 4.62251
    endloop
  endfacet
  facet normal -0.0349009 0.000609869 0.999391
    outer loop
      vertex 1.46541 0 3.88837
      vertex 0.488667 0 3.85426
      vertex 0.488369 -0.0170536 3.85426
    endloop
  endfacet
  facet normal 0.207659 0.0108771 0.978141
    outer loop
      vertex -6.28329 -0.43937 4.56764
      vertex -5.3394 -0.186456 4.36444
      vertex -6.29479 -0.219818 4.56764
    endloop
  endfacet
  facet normal -0.241034 0.0210973 0.970287
    outer loop
      vertex 6.26412 -0.658385 4.56764
      vertex 6.40994 -0.482979 4.60005
      vertex 6.28329 -0.43937 4.56764
    endloop
  endfacet
  facet normal -0.241006 0.0210723 0.970295
    outer loop
      vertex 6.40994 -0.482979 4.60005
      vertex 6.26412 -0.658385 4.56764
      vertex 6.40662 -0.673362 4.60336
    endloop
  endfacet
  facet normal 0.19413 -0.0745188 0.978141
    outer loop
      vertex -5.02045 1.82729 4.36444
      vertex -4.95362 2.00139 4.36444
      vertex -5.91878 2.15426 4.56764
    endloop
  endfacet
  facet normal 0.0642281 -0.0272551 0.997563
    outer loop
      vertex -1.3587 0.54895 3.88837
      vertex -1.33872 0.596034 3.88837
      vertex -2.26266 0.914175 3.95655
    endloop
  endfacet
  facet normal -0.0696763 -0.00364501 0.997563
    outer loop
      vertex 2.43887 0.0851669 3.95655
      vertex 2.43442 0.170231 3.95655
      vertex 1.46451 0.0511417 3.88837
    endloop
  endfacet
  facet normal 0.0408467 -0.0962351 0.99452
    outer loop
      vertex -0.992583 2.22938 3.95655
      vertex -0.914175 2.26266 3.95655
      vertex -1.38792 3.11733 4.05871
    endloop
  endfacet
  facet normal 0.127018 -0.118441 0.984804
    outer loop
      vertex -3.15083 3.04272 4.19473
      vertex -3.84318 3.71132 4.36444
      vertex -3.97036 3.57493 4.36444
    endloop
  endfacet
  facet normal -0.0659713 -0.022712 0.997563
    outer loop
      vertex 1.39368 0.452835 3.88837
      vertex 2.32092 0.754112 3.95655
      vertex 1.37703 0.501198 3.88837
    endloop
  endfacet
  facet normal 0.188462 -0.0878753 0.978141
    outer loop
      vertex -4.88075 2.17305 4.36444
      vertex -5.66117 2.76114 4.56764
      vertex -5.75408 2.56188 4.56764
    endloop
  endfacet
  facet normal -0.231179 -0.150125 0.961259
    outer loop
      vertex 6.00798 4.05243 4.80408
      vertex 6.18811 3.88902 4.82188
      vertex 6.15504 4.15163 4.85494
    endloop
  endfacet
  facet normal -0.231199 -0.150147 0.961251
    outer loop
      vertex 6.18811 3.88902 4.82188
      vertex 6.00798 4.05243 4.80408
      vertex 6.14575 3.84029 4.80408
    endloop
  endfacet
  facet normal -0.00909868 -0.173431 0.984804
    outer loop
      vertex 0.305545 4.36949 4.19473
      vertex 0.372684 5.32964 4.36444
      vertex 0.152865 4.3775 4.19473
    endloop
  endfacet
  facet normal 0.0631873 -0.124026 0.990265
    outer loop
      vertex -1.602 3.01292 4.05871
      vertex -1.49587 3.06699 4.05871
      vertex -1.92014 3.93687 4.19473
    endloop
  endfacet
  facet normal -0.0507815 -0.16608 0.984804
    outer loop
      vertex 1.65097 5.08116 4.36444
      vertex 1.47263 5.13569 4.36444
      vertex 1.20734 4.21048 4.19473
    endloop
  endfacet
  facet normal 0.0199559 -0.102623 0.99452
    outer loop
      vertex -0.50738 2.38703 3.95655
      vertex -0.423763 2.40329 3.95655
      vertex -0.592546 3.3605 4.05871
    endloop
  endfacet
  facet normal -0.0798454 0.114018 0.990265
    outer loop
      vertex 2.44936 -3.63132 4.19473
      vertex 2.00572 -2.76064 4.05871
      vertex 1.90816 -2.82896 4.05871
    endloop
  endfacet
  facet normal -0.100985 -0.0270512 0.99452
    outer loop
      vertex 2.36787 0.590376 3.95655
      vertex 3.28015 0.940568 4.05871
      vertex 2.34583 0.672654 3.95655
    endloop
  endfacet
  facet normal -0.104147 -0.00911088 0.99452
    outer loop
      vertex 3.40403 0.238032 4.05871
      vertex 3.39365 0.356687 4.05871
      vertex 2.43442 0.170231 3.95655
    endloop
  endfacet
  facet normal 0.0359359 -0.0598059 0.997563
    outer loop
      vertex -0.732703 1.26908 3.88837
      vertex -1.22018 2.11341 3.95655
      vertex -1.29319 2.06954 3.95655
    endloop
  endfacet
  facet normal 0.126152 -0.058828 0.990265
    outer loop
      vertex -3.11733 1.38792 4.05871
      vertex -3.06699 1.49587 4.05871
      vertex -3.93687 1.92014 4.19473
    endloop
  endfacet
  facet normal -0.201609 -0.188016 0.961251
    outer loop
      vertex 5.87856 5.37326 5.01
      vertex 5.72959 5.533 5.01
      vertex 5.21301 5.03414 4.80408
    endloop
  endfacet
  facet normal 0.222718 -0.0945494 0.970287
    outer loop
      vertex -5.75408 2.56188 4.56764
      vertex -6.29478 2.80262 4.71521
      vertex -6.30692 2.64944 4.70307
    endloop
  endfacet
  facet normal 0.202613 -0.0467782 0.978141
    outer loop
      vertex -5.2259 1.1108 4.36444
      vertex -5.18395 1.2925 4.36444
      vertex -6.11153 1.52378 4.56764
    endloop
  endfacet
  facet normal 0.193236 -0.145615 0.970287
    outer loop
      vertex -5.0957 3.70224 4.56764
      vertex -4.96339 3.87782 4.56764
      vertex -5.86289 4.25964 4.80408
    endloop
  endfacet
  facet normal 0.151894 -0.0842048 0.984803
    outer loop
      vertex -3.86746 2.05636 4.19473
      vertex -3.79333 2.19008 4.19473
      vertex -4.71728 2.50822 4.36444
    endloop
  endfacet
  facet normal 0.0878793 -0.188459 0.978141
    outer loop
      vertex -2.34206 4.80194 4.36444
      vertex -2.17305 4.88075 4.36444
      vertex -2.76114 5.66117 4.56764
    endloop
  endfacet
  facet normal 0.12174 -0.0674886 0.990265
    outer loop
      vertex -2.95517 1.70617 4.05871
      vertex -3.79333 2.19008 4.19473
      vertex -3.86746 2.05636 4.19473
    endloop
  endfacet
  facet normal 0.105046 -0.091327 0.990265
    outer loop
      vertex -2.61401 2.19341 4.05871
      vertex -2.53586 2.2833 4.05871
      vertex -3.3554 2.81552 4.19473
    endloop
  endfacet
  facet normal 0.17695 -0.16502 0.970287
    outer loop
      vertex -4.68079 4.21461 4.56764
      vertex -4.53085 4.37539 4.56764
      vertex -5.21301 5.03414 4.80408
    endloop
  endfacet
  facet normal 0.231179 -0.150125 0.961259
    outer loop
      vertex -6.18811 3.88902 4.82188
      vertex -6.00798 4.05243 4.80408
      vertex -6.15504 4.15163 4.85494
    endloop
  endfacet
  facet normal 0.231199 -0.150147 0.961251
    outer loop
      vertex -6.00798 4.05243 4.80408
      vertex -6.18811 3.88902 4.82188
      vertex -6.14575 3.84029 4.80408
    endloop
  endfacet
  facet normal 0.17696 -0.165013 0.970287
    outer loop
      vertex -4.68079 4.21461 4.56764
      vertex -5.21301 5.03414 4.80408
      vertex -5.38552 4.84914 4.80408
    endloop
  endfacet
  facet normal 0.158122 -0.225806 0.961254
    outer loop
      vertex -4.25964 5.86289 4.80408
      vertex -4.35109 6.12847 4.88151
      vertex -4.44364 6.11615 4.89384
    endloop
  endfacet
  facet normal 0.165897 -0.220157 0.961254
    outer loop
      vertex -4.44364 6.11615 4.89384
      vertex -4.46166 5.71066 4.80408
      vertex -4.25964 5.86289 4.80408
    endloop
  endfacet
  facet normal 0.165908 -0.220157 0.961252
    outer loop
      vertex -4.46166 5.71066 4.80408
      vertex -4.44364 6.11615 4.89384
      vertex -4.60843 6.093 4.91698
    endloop
  endfacet
  facet normal -0.0340342 -0.0988503 0.99452
    outer loop
      vertex 0.834652 2.29319 3.95655
      vertex 1.16709 3.20655 4.05871
      vertex 0.754112 2.32092 3.95655
    endloop
  endfacet
  facet normal 0.0265632 -0.136636 0.990265
    outer loop
      vertex -0.709465 3.33777 4.05871
      vertex -0.592546 3.3605 4.05871
      vertex -0.910687 4.28445 4.19473
    endloop
  endfacet
  facet normal 0.040696 -0.133113 0.990265
    outer loop
      vertex -0.940568 3.28015 4.05871
      vertex -1.20734 4.21048 4.19473
      vertex -1.35355 4.16578 4.19473
    endloop
  endfacet
  facet normal 0.0507757 -0.166083 0.984804
    outer loop
      vertex -1.35355 4.16578 4.19473
      vertex -1.20734 4.21048 4.19473
      vertex -1.65097 5.08116 4.36444
    endloop
  endfacet
  facet normal -0.131777 -0.202926 0.970287
    outer loop
      vertex 3.52215 5.2218 4.56764
      vertex 4.05243 6.00798 4.80408
      vertex 3.33776 5.34154 4.56764
    endloop
  endfacet
  facet normal -0.0945494 -0.222718 0.970287
    outer loop
      vertex 2.80262 6.29478 4.71521
      vertex 2.64944 6.30692 4.70307
      vertex 2.56188 5.75408 4.56764
    endloop
  endfacet
  facet normal -0.0787541 -0.228776 0.970288
    outer loop
      vertex 2.17419 6.34114 4.66884
      vertex 2.06274 6.34846 4.66152
      vertex 1.94638 5.99035 4.56764
    endloop
  endfacet
  facet normal -0.0127448 -0.103765 0.99452
    outer loop
      vertex 0.474906 3.37913 4.05871
      vertex 0.356687 3.39365 4.05871
      vertex 0.339632 2.41661 3.95655
    endloop
  endfacet
  facet normal -0.0305633 -0.0999776 0.99452
    outer loop
      vertex 1.05447 3.24533 4.05871
      vertex 0.940568 3.28015 4.05871
      vertex 0.754112 2.32092 3.95655
    endloop
  endfacet
  facet normal -0.0348587 0.00182212 0.999391
    outer loop
      vertex 1.46184 -0.102221 3.88837
      vertex 1.46451 -0.0511417 3.88837
      vertex 0.487476 -0.0340872 3.85426
    endloop
  endfacet
  facet normal -0.025529 -0.0238059 0.999391
    outer loop
      vertex 0.363151 0.326982 3.85426
      vertex 1.08901 0.980548 3.88837
      vertex 0.351518 0.339457 3.85426
    endloop
  endfacet
  facet normal -0.0204035 -0.0667214 0.997563
    outer loop
      vertex 0.754112 2.32092 3.95655
      vertex 0.672654 2.34583 3.95655
      vertex 0.452835 1.39368 3.88837
    endloop
  endfacet
  facet normal -0.133113 -0.040696 0.990265
    outer loop
      vertex 4.21048 1.20734 4.19473
      vertex 4.16578 1.35355 4.19473
      vertex 3.28015 0.940568 4.05871
    endloop
  endfacet
  facet normal -0.0975998 0.0374699 0.99452
    outer loop
      vertex 3.20655 -1.16709 4.05871
      vertex 2.29319 -0.834652 3.95655
      vertex 2.26266 -0.914175 3.95655
    endloop
  endfacet
  facet normal -0.0474594 -0.0931515 0.99452
    outer loop
      vertex 1.14568 2.15471 3.95655
      vertex 1.602 3.01292 4.05871
      vertex 1.06978 2.19338 3.95655
    endloop
  endfacet
  facet normal -0.131069 -0.113942 0.984804
    outer loop
      vertex 4.09271 3.43419 4.36444
      vertex 3.97036 3.57493 4.36444
      vertex 3.3554 2.81552 4.19473
    endloop
  endfacet
  facet normal -0.0121306 -0.138666 0.990265
    outer loop
      vertex 0.356687 3.39365 4.05871
      vertex 0.457851 4.35617 4.19473
      vertex 0.238032 3.40403 4.05871
    endloop
  endfacet
  facet normal -0.0631873 -0.124026 0.990265
    outer loop
      vertex 1.602 3.01292 4.05871
      vertex 1.92014 3.93687 4.19473
      vertex 1.49587 3.06699 4.05871
    endloop
  endfacet
  facet normal -0.204121 -0.0396738 0.978141
    outer loop
      vertex 5.26148 0.927741 4.36444
      vertex 6.20294 1.09375 4.56764
      vertex 5.2259 1.1108 4.36444
    endloop
  endfacet
  facet normal -0.0697614 0.00122767 0.997563
    outer loop
      vertex 2.44036 0 3.95655
      vertex 1.46541 0 3.88837
      vertex 1.46451 -0.0511417 3.88837
    endloop
  endfacet
  facet normal -0.0344757 -0.00546615 0.999391
    outer loop
      vertex 1.45115 0.203945 3.88837
      vertex 1.44314 0.254465 3.88837
      vertex 0.483912 0.0680084 3.85426
    endloop
  endfacet
  facet normal -0.0122027 0.138656 0.990265
    outer loop
      vertex 0.356687 -3.39365 4.05871
      vertex 0.387462 -4.05128 4.15117
      vertex 0.425686 -4.05013 4.15148
    endloop
  endfacet
  facet normal -0.01213 0.13866 0.990266
    outer loop
      vertex 0.387462 -4.05128 4.15117
      vertex 0.356687 -3.39365 4.05871
      vertex 0.238032 -3.40403 4.05871
    endloop
  endfacet
  facet normal -0.182607 -0.158741 0.970287
    outer loop
      vertex 5.55147 4.65824 4.80408
      vertex 5.38552 4.84914 4.80408
      vertex 4.68079 4.21461 4.56764
    endloop
  endfacet
  facet normal 0.0659708 0.0227138 0.997563
    outer loop
      vertex -2.29319 -0.834652 3.95655
      vertex -1.37703 -0.501198 3.88837
      vertex -2.32092 -0.754112 3.95655
    endloop
  endfacet
  facet normal -0.00608593 0.0695058 0.997563
    outer loop
      vertex 0.170231 -2.43442 3.95655
      vertex 0.255087 -2.42699 3.95655
      vertex 0.102221 -1.46184 3.88837
    endloop
  endfacet
  facet normal 0.171533 -0.0271751 0.984804
    outer loop
      vertex -4.31362 0.760607 4.19473
      vertex -5.26148 0.927741 4.36444
      vertex -5.29066 0.743553 4.36444
    endloop
  endfacet
  facet normal 0.0346464 0.00425155 0.999391
    outer loop
      vertex -1.45115 -0.203945 3.88837
      vertex -0.483912 -0.0680084 3.85426
      vertex -1.45738 -0.153176 3.88837
    endloop
  endfacet
  facet normal -0.228768 -0.078806 0.970286
    outer loop
      vertex 5.91878 2.15426 4.56764
      vertex 6.34114 2.17419 4.66884
      vertex 6.33256 2.30486 4.67743
    endloop
  endfacet
  facet normal -0.22877 -0.0787623 0.970289
    outer loop
      vertex 6.34114 2.17419 4.66884
      vertex 5.91878 2.15426 4.56764
      vertex 5.99035 1.94638 4.56764
    endloop
  endfacet
  facet normal 0.126156 -0.0588217 0.990265
    outer loop
      vertex -3.11733 1.38792 4.05871
      vertex -3.93687 1.92014 4.19473
      vertex -4.00148 1.78157 4.19473
    endloop
  endfacet
  facet normal 0.215585 -0.109837 0.970288
    outer loop
      vertex -5.56136 2.95703 4.56764
      vertex -6.24835 3.32231 4.76163
      vertex -6.2671 3.11996 4.74289
    endloop
  endfacet
  facet normal 0.129951 -0.0498808 0.990265
    outer loop
      vertex -3.20655 1.16709 4.05871
      vertex -4.06122 1.64084 4.19473
      vertex -4.11601 1.4981 4.19473
    endloop
  endfacet
  facet normal 0.145652 -0.0945901 0.984804
    outer loop
      vertex -3.63132 2.44936 4.19473
      vertex -4.42926 2.98757 4.36444
      vertex -4.53083 2.83117 4.36444
    endloop
  endfacet
  facet normal 0.142265 -0.0996117 0.984804
    outer loop
      vertex -3.63132 2.44936 4.19473
      vertex -4.3223 3.14033 4.36444
      vertex -4.42926 2.98757 4.36444
    endloop
  endfacet
  facet normal 0.0493358 -0.0493358 0.997563
    outer loop
      vertex -1.69522 1.75545 3.95655
      vertex -1.05412 1.01796 3.88837
      vertex -1.01796 1.05412 3.88837
    endloop
  endfacet
  facet normal 0.0493358 -0.0493358 0.997563
    outer loop
      vertex -1.05412 1.01796 3.88837
      vertex -1.69522 1.75545 3.95655
      vertex -1.75545 1.69522 3.95655
    endloop
  endfacet
  facet normal 0.165909 -0.220157 0.961252
    outer loop
      vertex -4.46166 5.71066 4.80408
      vertex -4.60843 6.093 4.91698
      vertex -4.74535 6.07378 4.93621
    endloop
  endfacet
  facet normal 0.148866 -0.089446 0.984804
    outer loop
      vertex -3.71459 2.32113 4.19473
      vertex -4.53083 2.83117 4.36444
      vertex -4.62687 2.67133 4.36444
    endloop
  endfacet
  facet normal 0.181871 -0.100809 0.978141
    outer loop
      vertex -4.71728 2.50822 4.36444
      vertex -4.62687 2.67133 4.36444
      vertex -5.56136 2.95703 4.56764
    endloop
  endfacet
  facet normal 0.188037 -0.152269 0.970287
    outer loop
      vertex -4.96339 3.87782 4.56764
      vertex -4.82503 4.04868 4.56764
      vertex -5.55147 4.65824 4.80408
    endloop
  endfacet
  facet normal 0.171089 -0.171089 0.970287
    outer loop
      vertex -5.03414 5.21301 4.80408
      vertex -4.53085 4.37539 4.56764
      vertex -4.37539 4.53085 4.56764
    endloop
  endfacet
  facet normal 0.171089 -0.171089 0.970287
    outer loop
      vertex -4.53085 4.37539 4.56764
      vertex -5.03414 5.21301 4.80408
      vertex -5.21301 5.03414 4.80408
    endloop
  endfacet
  facet normal 0.0331355 -0.170482 0.984804
    outer loop
      vertex -0.910687 4.28445 4.19473
      vertex -0.927741 5.26148 4.36444
      vertex -1.1108 5.2259 4.36444
    endloop
  endfacet
  facet normal 0.0441851 -0.0947488 0.99452
    outer loop
      vertex -1.06978 2.19338 3.95655
      vertex -0.992583 2.22938 3.95655
      vertex -1.38792 3.11733 4.05871
    endloop
  endfacet
  facet normal 0.0453154 -0.131612 0.990265
    outer loop
      vertex -1.16709 3.20655 4.05871
      vertex -1.35355 4.16578 4.19473
      vertex -1.4981 4.11601 4.19473
    endloop
  endfacet
  facet normal 0.10452 -0.138699 0.984804
    outer loop
      vertex -2.5746 3.54363 4.19473
      vertex -3.14033 4.3223 4.36444
      vertex -3.28926 4.21007 4.36444
    endloop
  endfacet
  facet normal -0.0788439 -0.154745 0.984803
    outer loop
      vertex 2.50822 4.71728 4.36444
      vertex 2.34206 4.80194 4.36444
      vertex 1.92014 3.93687 4.19473
    endloop
  endfacet
  facet normal -0.0565394 -0.164211 0.984804
    outer loop
      vertex 1.4981 4.11601 4.19473
      vertex 1.82729 5.02045 4.36444
      vertex 1.35355 4.16578 4.19473
    endloop
  endfacet
  facet normal -0.0538457 -0.0896119 0.99452
    outer loop
      vertex 1.29319 2.06954 3.95655
      vertex 1.70617 2.95517 4.05871
      vertex 1.22018 2.11341 3.95655
    endloop
  endfacet
  facet normal -0.0474582 -0.0931522 0.99452
    outer loop
      vertex 1.602 3.01292 4.05871
      vertex 1.49587 3.06699 4.05871
      vertex 1.06978 2.19338 3.95655
    endloop
  endfacet
  facet normal 0.188035 -0.15227 0.970287
    outer loop
      vertex -4.96339 3.87782 4.56764
      vertex -5.55147 4.65824 4.80408
      vertex -5.71066 4.46166 4.80408
    endloop
  endfacet
  facet normal 0.220157 -0.165908 0.961252
    outer loop
      vertex -6.11615 4.44364 4.89384
      vertex -5.71066 4.46166 4.80408
      vertex -6.093 4.60843 4.91698
    endloop
  endfacet
  facet normal 0.220157 -0.165897 0.961254
    outer loop
      vertex -5.71066 4.46166 4.80408
      vertex -6.11615 4.44364 4.89384
      vertex -5.86289 4.25964 4.80408
    endloop
  endfacet
  facet normal 0.208077 -0.180898 0.961239
    outer loop
      vertex -6.01084 5.14073 4.99428
      vertex -5.9192 5.32967 5.01
      vertex -5.9801 5.25962 5.01
    endloop
  endfacet
  facet normal 0.208034 -0.180878 0.961252
    outer loop
      vertex -5.9192 5.32967 5.01
      vertex -6.01084 5.14073 4.99428
      vertex -5.38552 4.84914 4.80408
    endloop
  endfacet
  facet normal 0.158741 -0.182607 0.970287
    outer loop
      vertex -4.21461 4.68079 4.56764
      vertex -4.65824 5.55147 4.80408
      vertex -4.84914 5.38552 4.80408
    endloop
  endfacet
  facet normal 0.138781 -0.198201 0.970287
    outer loop
      vertex -3.70224 5.0957 4.56764
      vertex -3.52215 5.2218 4.56764
      vertex -4.25964 5.86289 4.80408
    endloop
  endfacet
  facet normal 0.100818 -0.181869 0.978141
    outer loop
      vertex -2.67133 4.62687 4.36444
      vertex -2.95703 5.56136 4.56764
      vertex -3.14931 5.45477 4.56764
    endloop
  endfacet
  facet normal 0.0707729 -0.231369 0.970288
    outer loop
      vertex -1.94638 5.99035 4.56764
      vertex -1.96545 6.35419 4.65579
      vertex -2.06274 6.34846 4.66152
    endloop
  endfacet
  facet normal 0.152269 -0.188037 0.970287
    outer loop
      vertex -4.04868 4.82503 4.56764
      vertex -3.87782 4.96339 4.56764
      vertex -4.65824 5.55147 4.80408
    endloop
  endfacet
  facet normal 0.094585 -0.145654 0.984804
    outer loop
      vertex -2.44936 3.63132 4.19473
      vertex -2.32113 3.71459 4.19473
      vertex -2.83117 4.53083 4.36444
    endloop
  endfacet
  facet normal 0.104519 -0.1387 0.984804
    outer loop
      vertex -2.6967 3.45162 4.19473
      vertex -2.5746 3.54363 4.19473
      vertex -3.28926 4.21007 4.36444
    endloop
  endfacet
  facet normal 0.0235162 -0.101866 0.99452
    outer loop
      vertex -0.590376 2.36787 3.95655
      vertex -0.50738 2.38703 3.95655
      vertex -0.709465 3.33777 4.05871
    endloop
  endfacet
  facet normal 0.0331354 -0.170482 0.984804
    outer loop
      vertex -0.910687 4.28445 4.19473
      vertex -0.760607 4.31362 4.19473
      vertex -0.927741 5.26148 4.36444
    endloop
  endfacet
  facet normal 0.0360294 -0.134451 0.990265
    outer loop
      vertex -0.940568 3.28015 4.05871
      vertex -0.82552 3.31098 4.05871
      vertex -1.05966 4.25006 4.19473
    endloop
  endfacet
  facet normal -0.078806 -0.228768 0.970286
    outer loop
      vertex 2.17419 6.34114 4.66884
      vertex 2.15426 5.91878 4.56764
      vertex 2.30486 6.33256 4.67743
    endloop
  endfacet
  facet normal -0.0787623 -0.22877 0.970289
    outer loop
      vertex 2.15426 5.91878 4.56764
      vertex 2.17419 6.34114 4.66884
      vertex 1.94638 5.99035 4.56764
    endloop
  endfacet
  facet normal -0.141812 -0.152082 0.978141
    outer loop
      vertex 3.71132 3.84318 4.36444
      vertex 4.21461 4.68079 4.56764
      vertex 3.57493 3.97036 4.36444
    endloop
  endfacet
  facet normal 0.00364212 -0.0696767 0.997563
    outer loop
      vertex -0.102221 1.46184 3.88837
      vertex -0.0511417 1.46451 3.88837
      vertex -0.170231 2.43442 3.95655
    endloop
  endfacet
  facet normal -0.054219 -0.0439142 0.997563
    outer loop
      vertex 1.92303 1.50244 3.95655
      vertex 1.86942 1.56863 3.95655
      vertex 1.12257 0.941945 3.88837
    endloop
  endfacet
  facet normal -0.0788478 -0.154742 0.984804
    outer loop
      vertex 2.05636 3.86746 4.19473
      vertex 2.50822 4.71728 4.36444
      vertex 1.92014 3.93687 4.19473
    endloop
  endfacet
  facet normal -0.0271751 -0.171533 0.984804
    outer loop
      vertex 0.760607 4.31362 4.19473
      vertex 0.927741 5.26148 4.36444
      vertex 0.743553 5.29066 4.36444
    endloop
  endfacet
  facet normal -0.126152 -0.058828 0.990265
    outer loop
      vertex 3.11733 1.38792 4.05871
      vertex 3.93687 1.92014 4.19473
      vertex 3.06699 1.49587 4.05871
    endloop
  endfacet
  facet normal -0.0347736 -0.00304112 0.999391
    outer loop
      vertex 0.487476 0.0340872 3.85426
      vertex 1.45738 0.153176 3.88837
      vertex 0.48599 0.0510788 3.85426
    endloop
  endfacet
  facet normal -0.104529 -0.00182874 0.99452
    outer loop
      vertex 2.44036 0 3.95655
      vertex 3.41234 0 4.05871
      vertex 2.43887 0.0851669 3.95655
    endloop
  endfacet
  facet normal -0.137481 0.0217721 0.990265
    outer loop
      vertex 4.33754 -0.609601 4.19473
      vertex 3.37913 -0.474906 4.05871
      vertex 3.3605 -0.592546 4.05871
    endloop
  endfacet
  facet normal -0.151897 -0.0841948 0.984804
    outer loop
      vertex 4.71728 2.50822 4.36444
      vertex 4.62687 2.67133 4.36444
      vertex 3.79333 2.19008 4.19473
    endloop
  endfacet
  facet normal -0.211495 -0.117511 0.970289
    outer loop
      vertex 5.45477 3.14931 4.56764
      vertex 6.22334 3.57433 4.78664
      vertex 6.22158 3.59203 4.7884
    endloop
  endfacet
  facet normal -0.211609 -0.117305 0.970289
    outer loop
      vertex 6.22334 3.57433 4.78664
      vertex 5.45477 3.14931 4.56764
      vertex 5.56136 2.95703 4.56764
    endloop
  endfacet
  facet normal -0.0685824 -0.0789042 0.99452
    outer loop
      vertex 1.63292 1.81354 3.95655
      vertex 2.19341 2.61401 4.05871
      vertex 1.56863 1.86942 3.95655
    endloop
  endfacet
  facet normal -0.0585171 -0.0379985 0.997563
    outer loop
      vertex 2.06954 1.29319 3.95655
      vertex 2.02315 1.36463 3.95655
      vertex 1.21488 0.819445 3.88837
    endloop
  endfacet
  facet normal -0.172377 -0.0211624 0.984804
    outer loop
      vertex 4.35617 0.457851 4.19473
      vertex 5.29066 0.743553 4.36444
      vertex 4.33754 0.609601 4.19473
    endloop
  endfacet
  facet normal -0.0316739 0.0621682 0.997563
    outer loop
      vertex 1.06978 -2.19338 3.95655
      vertex 1.14568 -2.15471 3.95655
      vertex 0.642391 -1.3171 3.88837
    endloop
  endfacet
  facet normal -0.0344757 0.00546615 0.999391
    outer loop
      vertex 1.44314 -0.254465 3.88837
      vertex 1.45115 -0.203945 3.88837
      vertex 0.483912 -0.0680084 3.85426
    endloop
  endfacet
  facet normal -0.139173 -0.00243081 0.990265
    outer loop
      vertex 3.41234 0 4.05871
      vertex 4.3775 0.152865 4.19473
      vertex 3.41026 0.119088 4.05871
    endloop
  endfacet
  facet normal -0.00666058 0.0342651 0.999391
    outer loop
      vertex 0.254465 -1.44314 3.88837
      vertex 0.304675 -1.43338 3.88837
      vertex 0.084856 -0.481243 3.85426
    endloop
  endfacet
  facet normal -0.0285938 -0.020021 0.999391
    outer loop
      vertex 0.405123 0.273259 3.85426
      vertex 1.21488 0.819445 3.88837
      vertex 0.39534 0.287231 3.85426
    endloop
  endfacet
  facet normal -0.136638 0.0265574 0.990265
    outer loop
      vertex 4.28445 -0.910687 4.19473
      vertex 4.31362 -0.760607 4.19473
      vertex 3.3605 -0.592546 4.05871
    endloop
  endfacet
  facet normal -0.231385 -0.0707218 0.970288
    outer loop
      vertex 6.35419 1.96545 4.65579
      vertex 6.05463 1.73614 4.56764
      vertex 6.36249 1.82442 4.64749
    endloop
  endfacet
  facet normal -0.231371 -0.0707407 0.97029
    outer loop
      vertex 6.05463 1.73614 4.56764
      vertex 6.35419 1.96545 4.65579
      vertex 5.99035 1.94638 4.56764
    endloop
  endfacet
  facet normal -0.178243 -0.107097 0.978141
    outer loop
      vertex 5.45477 3.14931 4.56764
      vertex 5.34154 3.33776 4.56764
      vertex 4.62687 2.67133 4.36444
    endloop
  endfacet
  facet normal -0.0684892 -0.0133132 0.997563
    outer loop
      vertex 1.44314 0.254465 3.88837
      vertex 2.40329 0.423763 3.95655
      vertex 1.43338 0.304675 3.88837
    endloop
  endfacet
  facet normal -0.169222 -0.0390643 0.984804
    outer loop
      vertex 4.28445 0.910687 4.19473
      vertex 5.2259 1.1108 4.36444
      vertex 4.25006 1.05966 4.19473
    endloop
  endfacet
  facet normal 0.096232 -0.0408523 0.99452
    outer loop
      vertex -2.26266 0.914175 3.95655
      vertex -3.11733 1.38792 4.05871
      vertex -3.16387 1.27829 4.05871
    endloop
  endfacet
  facet normal -0.0133132 0.0684892 0.997563
    outer loop
      vertex 0.423763 -2.40329 3.95655
      vertex 0.304675 -1.43338 3.88837
      vertex 0.254465 -1.44314 3.88837
    endloop
  endfacet
  facet normal 0.0945518 0.145603 0.984815
    outer loop
      vertex -2.44936 -3.63132 4.19473
      vertex -2.38241 -3.81264 4.21511
      vertex -2.32113 -3.71459 4.19473
    endloop
  endfacet
  facet normal 0.0946517 0.145638 0.9848
    outer loop
      vertex -2.38241 -3.81264 4.21511
      vertex -2.44936 -3.63132 4.19473
      vertex -2.51347 -3.78237 4.22323
    endloop
  endfacet
  facet normal 0.0439142 0.054219 0.997563
    outer loop
      vertex -1.50244 -1.92303 3.95655
      vertex -0.941945 -1.12257 3.88837
      vertex -1.56863 -1.86942 3.95655
    endloop
  endfacet
  facet normal 0.0227138 0.0659708 0.997563
    outer loop
      vertex -0.754112 -2.32092 3.95655
      vertex -0.501198 -1.37703 3.88837
      vertex -0.834652 -2.29319 3.95655
    endloop
  endfacet
  facet normal 0.133115 0.0406933 0.990265
    outer loop
      vertex -3.24533 -1.05447 4.05871
      vertex -3.28015 -0.940568 4.05871
      vertex -4.16578 -1.35355 4.19473
    endloop
  endfacet
  facet normal 0.0945308 0.14569 0.984804
    outer loop
      vertex -2.51347 -3.78237 4.22323
      vertex -2.44936 -3.63132 4.19473
      vertex -2.54615 -3.77482 4.22525
    endloop
  endfacet
  facet normal 0.0632342 -0.0294886 0.997563
    outer loop
      vertex -1.33872 0.596034 3.88837
      vertex -2.19338 1.06978 3.95655
      vertex -2.22938 0.992583 3.95655
    endloop
  endfacet
  facet normal 0.215581 -0.109853 0.970287
    outer loop
      vertex -6.27271 3.0594 4.73728
      vertex -5.56136 2.95703 4.56764
      vertex -6.2671 3.11996 4.74289
    endloop
  endfacet
  facet normal 0.215583 -0.109844 0.970288
    outer loop
      vertex -5.56136 2.95703 4.56764
      vertex -6.27271 3.0594 4.73728
      vertex -5.66117 2.76114 4.56764
    endloop
  endfacet
  facet normal 0.145654 -0.094585 0.984804
    outer loop
      vertex -3.71459 2.32113 4.19473
      vertex -3.63132 2.44936 4.19473
      vertex -4.53083 2.83117 4.36444
    endloop
  endfacet
  facet normal -0.241911 -0.0042448 0.970289
    outer loop
      vertex 6.41299 0.192529 4.59699
      vertex 6.41288 0.223942 4.5971
      vertex 6.29479 0.219818 4.56764
    endloop
  endfacet
  facet normal -0.0571524 0.0400213 0.997563
    outer loop
      vertex 1.97429 -1.43441 3.95655
      vertex 1.21488 -0.819445 3.88837
      vertex 1.18554 -0.861344 3.88837
    endloop
  endfacet
  facet normal 0.00911903 0.104146 0.99452
    outer loop
      vertex -0.170231 -2.43442 3.95655
      vertex -0.255087 -2.42699 3.95655
      vertex -0.356687 -3.39365 4.05871
    endloop
  endfacet
  facet normal 0.225806 -0.158122 0.961254
    outer loop
      vertex -5.86289 4.25964 4.80408
      vertex -6.11615 4.44364 4.89384
      vertex -6.12847 4.35109 4.88151
    endloop
  endfacet
  facet normal 0.169222 -0.0390643 0.984804
    outer loop
      vertex -4.28445 0.910687 4.19473
      vertex -4.25006 1.05966 4.19473
      vertex -5.2259 1.1108 4.36444
    endloop
  endfacet
  facet normal 0.13445 -0.0360342 0.990265
    outer loop
      vertex -3.28015 0.940568 4.05871
      vertex -4.21048 1.20734 4.19473
      vertex -4.25006 1.05966 4.19473
    endloop
  endfacet
  facet normal 0.202612 -0.0467799 0.978141
    outer loop
      vertex -5.2259 1.1108 4.36444
      vertex -6.11153 1.52378 4.56764
      vertex -6.16099 1.30956 4.56764
    endloop
  endfacet
  facet normal 0.032588 0.0125093 0.999391
    outer loop
      vertex -0.453084 -0.183058 3.85426
      vertex -0.459197 -0.167133 3.85426
      vertex -1.3587 -0.54895 3.88837
    endloop
  endfacet
  facet normal 0.237497 0.0462261 0.970288
    outer loop
      vertex -6.3852 -1.35721 4.62479
      vertex -6.16099 -1.30956 4.56764
      vertex -6.38747 -1.29769 4.62251
    endloop
  endfacet
  facet normal 0.207405 -0.124625 0.970284
    outer loop
      vertex -6.22007 3.60636 4.78992
      vertex -6.14575 3.84029 4.80408
      vertex -6.20591 3.74017 4.80408
    endloop
  endfacet
  facet normal 0.207394 -0.124622 0.970287
    outer loop
      vertex -6.14575 3.84029 4.80408
      vertex -6.22007 3.60636 4.78992
      vertex -5.34154 3.33776 4.56764
    endloop
  endfacet
  facet normal 0.178243 -0.107097 0.978141
    outer loop
      vertex -4.62687 2.67133 4.36444
      vertex -5.34154 3.33776 4.56764
      vertex -5.45477 3.14931 4.56764
    endloop
  endfacet
  facet normal -0.0163485 -0.103259 0.99452
    outer loop
      vertex 0.423763 2.40329 3.95655
      vertex 0.592546 3.3605 4.05871
      vertex 0.339632 2.41661 3.95655
    endloop
  endfacet
  facet normal 0.0406933 -0.133115 0.990265
    outer loop
      vertex -1.05447 3.24533 4.05871
      vertex -0.940568 3.28015 4.05871
      vertex -1.35355 4.16578 4.19473
    endloop
  endfacet
  facet normal 0.111165 -0.0837697 0.990265
    outer loop
      vertex -2.76064 2.00572 4.05871
      vertex -3.45162 2.6967 4.19473
      vertex -3.54363 2.5746 4.19473
    endloop
  endfacet
  facet normal 0.147039 -0.147039 0.978141
    outer loop
      vertex -4.37539 4.53085 4.56764
      vertex -3.84318 3.71132 4.36444
      vertex -3.71132 3.84318 4.36444
    endloop
  endfacet
  facet normal 0.147039 -0.147039 0.978141
    outer loop
      vertex -3.84318 3.71132 4.36444
      vertex -4.37539 4.53085 4.56764
      vertex -4.53085 4.37539 4.56764
    endloop
  endfacet
  facet normal 0.16607 -0.125144 0.978141
    outer loop
      vertex -4.3223 3.14033 4.36444
      vertex -4.96339 3.87782 4.56764
      vertex -5.0957 3.70224 4.56764
    endloop
  endfacet
  facet normal 0.0896119 -0.0538457 0.99452
    outer loop
      vertex -2.11341 1.22018 3.95655
      vertex -2.06954 1.29319 3.95655
      vertex -2.95517 1.70617 4.05871
    endloop
  endfacet
  facet normal 0.156937 -0.136422 0.978141
    outer loop
      vertex -4.09271 3.43419 4.36444
      vertex -4.68079 4.21461 4.56764
      vertex -4.82503 4.04868 4.56764
    endloop
  endfacet
  facet normal 0.156932 -0.136426 0.978141
    outer loop
      vertex -4.09271 3.43419 4.36444
      vertex -3.97036 3.57493 4.36444
      vertex -4.68079 4.21461 4.56764
    endloop
  endfacet
  facet normal 0.058828 -0.126152 0.990265
    outer loop
      vertex -1.49587 3.06699 4.05871
      vertex -1.38792 3.11733 4.05871
      vertex -1.92014 3.93687 4.19473
    endloop
  endfacet
  facet normal 0.0626161 -0.233693 0.970292
    outer loop
      vertex -1.66741 6.37066 4.63932
      vertex -1.73614 6.05463 4.56764
      vertex -1.52378 6.11153 4.56764
    endloop
  endfacet
  facet normal 0.0626494 -0.2337 0.970288
    outer loop
      vertex -1.73614 6.05463 4.56764
      vertex -1.66741 6.37066 4.63932
      vertex -1.82442 6.36249 4.64749
    endloop
  endfacet
  facet normal 0.109837 -0.215585 0.970288
    outer loop
      vertex -2.95703 5.56136 4.56764
      vertex -3.11996 6.2671 4.74289
      vertex -3.32231 6.24835 4.76163
    endloop
  endfacet
  facet normal 0.0449449 -0.167756 0.984803
    outer loop
      vertex -1.05966 4.25006 4.19473
      vertex -1.2925 5.18395 4.36444
      vertex -1.47263 5.13569 4.36444
    endloop
  endfacet
  facet normal 0.0538182 -0.200858 0.978141
    outer loop
      vertex -1.47263 5.13569 4.36444
      vertex -1.52378 6.11153 4.56764
      vertex -1.73614 6.05463 4.56764
    endloop
  endfacet
  facet normal 0.0788478 -0.154742 0.984804
    outer loop
      vertex -2.05636 3.86746 4.19473
      vertex -1.92014 3.93687 4.19473
      vertex -2.50822 4.71728 4.36444
    endloop
  endfacet
  facet normal 0.081254 -0.19141 0.978141
    outer loop
      vertex -2.17305 4.88075 4.36444
      vertex -2.00139 4.95362 4.36444
      vertex -2.56188 5.75408 4.56764
    endloop
  endfacet
  facet normal -0.125145 -0.166069 0.978141
    outer loop
      vertex 3.28926 4.21007 4.36444
      vertex 3.87782 4.96339 4.56764
      vertex 3.14033 4.3223 4.36444
    endloop
  endfacet
  facet normal -0.0913206 -0.105051 0.990265
    outer loop
      vertex 2.9309 3.2551 4.19473
      vertex 2.81552 3.3554 4.19473
      vertex 2.2833 2.53586 4.05871
    endloop
  endfacet
  facet normal -0.0707729 -0.231369 0.970288
    outer loop
      vertex 2.06274 6.34846 4.66152
      vertex 1.96545 6.35419 4.65579
      vertex 1.94638 5.99035 4.56764
    endloop
  endfacet
  facet normal -0.0543907 -0.128129 0.990265
    outer loop
      vertex 1.78157 4.00148 4.19473
      vertex 1.64084 4.06122 4.19473
      vertex 1.38792 3.11733 4.05871
    endloop
  endfacet
  facet normal 0.00909868 -0.173431 0.984804
    outer loop
      vertex -0.305545 4.36949 4.19473
      vertex -0.152865 4.3775 4.19473
      vertex -0.372684 5.32964 4.36444
    endloop
  endfacet
  facet normal 0.0210973 -0.241034 0.970287
    outer loop
      vertex -0.482979 6.40994 4.60005
      vertex -0.658385 6.26412 4.56764
      vertex -0.43937 6.28329 4.56764
    endloop
  endfacet
  facet normal 0.0210723 -0.241006 0.970295
    outer loop
      vertex -0.658385 6.26412 4.56764
      vertex -0.482979 6.40994 4.60005
      vertex -0.673362 6.40662 4.60336
    endloop
  endfacet
  facet normal -0.040696 -0.133113 0.990265
    outer loop
      vertex 1.35355 4.16578 4.19473
      vertex 1.20734 4.21048 4.19473
      vertex 0.940568 3.28015 4.05871
    endloop
  endfacet
  facet normal -0.0608026 -0.198855 0.978141
    outer loop
      vertex 1.65097 5.08116 4.36444
      vertex 1.94638 5.99035 4.56764
      vertex 1.47263 5.13569 4.36444
    endloop
  endfacet
  facet normal -0.0565404 -0.16421 0.984804
    outer loop
      vertex 1.82729 5.02045 4.36444
      vertex 1.65097 5.08116 4.36444
      vertex 1.35355 4.16578 4.19473
    endloop
  endfacet
  facet normal 0.225804 -0.158128 0.961253
    outer loop
      vertex -6.15504 4.15163 4.85494
      vertex -5.86289 4.25964 4.80408
      vertex -6.12847 4.35109 4.88151
    endloop
  endfacet
  facet normal 0.225797 -0.158105 0.961259
    outer loop
      vertex -5.86289 4.25964 4.80408
      vertex -6.15504 4.15163 4.85494
      vertex -6.00798 4.05243 4.80408
    endloop
  endfacet
  facet normal 0.198201 -0.138781 0.970287
    outer loop
      vertex -5.2218 3.52215 4.56764
      vertex -5.0957 3.70224 4.56764
      vertex -5.86289 4.25964 4.80408
    endloop
  endfacet
  facet normal 0.214237 -0.173477 0.961253
    outer loop
      vertex -5.55147 4.65824 4.80408
      vertex -6.02766 5.05781 4.98232
      vertex -6.05508 4.87201 4.9549
    endloop
  endfacet
  facet normal 0.208132 -0.180679 0.961268
    outer loop
      vertex -6.01981 5.10603 4.9897
      vertex -5.38552 4.84914 4.80408
      vertex -6.01084 5.14073 4.99428
    endloop
  endfacet
  facet normal 0.207964 -0.181066 0.961231
    outer loop
      vertex -6.02114 5.09999 4.98885
      vertex -5.38552 4.84914 4.80408
      vertex -6.01981 5.10603 4.9897
    endloop
  endfacet
  facet normal 0.208007 -0.180965 0.961241
    outer loop
      vertex -6.02766 5.05781 4.98232
      vertex -5.38552 4.84914 4.80408
      vertex -6.02114 5.09999 4.98885
    endloop
  endfacet
  facet normal 0.208046 -0.180855 0.961253
    outer loop
      vertex -5.38552 4.84914 4.80408
      vertex -6.02766 5.05781 4.98232
      vertex -5.55147 4.65824 4.80408
    endloop
  endfacet
  facet normal 0.214239 -0.173473 0.961254
    outer loop
      vertex -6.07378 4.74535 4.93621
      vertex -5.55147 4.65824 4.80408
      vertex -6.05508 4.87201 4.9549
    endloop
  endfacet
  facet normal 0.214236 -0.173488 0.961252
    outer loop
      vertex -5.55147 4.65824 4.80408
      vertex -6.07378 4.74535 4.93621
      vertex -5.71066 4.46166 4.80408
    endloop
  endfacet
  facet normal 0.220157 -0.165909 0.961252
    outer loop
      vertex -5.71066 4.46166 4.80408
      vertex -6.07378 4.74535 4.93621
      vertex -6.093 4.60843 4.91698
    endloop
  endfacet
  facet normal 0.187987 -0.201633 0.961252
    outer loop
      vertex -5.37326 5.87856 5.01
      vertex -4.84914 5.38552 4.80408
      vertex -5.32967 5.9192 5.01
    endloop
  endfacet
  facet normal 0.188004 -0.201616 0.961252
    outer loop
      vertex -4.84914 5.38552 4.80408
      vertex -5.37326 5.87856 5.01
      vertex -5.03414 5.21301 4.80408
    endloop
  endfacet
  facet normal 0.165013 -0.17696 0.970287
    outer loop
      vertex -4.21461 4.68079 4.56764
      vertex -4.84914 5.38552 4.80408
      vertex -5.03414 5.21301 4.80408
    endloop
  endfacet
  facet normal 0.173488 -0.214236 0.961252
    outer loop
      vertex -4.74535 6.07378 4.93621
      vertex -4.65824 5.55147 4.80408
      vertex -4.46166 5.71066 4.80408
    endloop
  endfacet
  facet normal 0.173473 -0.214239 0.961254
    outer loop
      vertex -4.65824 5.55147 4.80408
      vertex -4.74535 6.07378 4.93621
      vertex -4.87201 6.05508 4.9549
    endloop
  endfacet
  facet normal 0.100809 -0.181871 0.978141
    outer loop
      vertex -2.67133 4.62687 4.36444
      vertex -2.50822 4.71728 4.36444
      vertex -2.95703 5.56136 4.56764
    endloop
  endfacet
  facet normal 0.131782 -0.20292 0.970287
    outer loop
      vertex -3.33776 5.34154 4.56764
      vertex -3.84029 6.14575 4.80408
      vertex -4.05243 6.00798 4.80408
    endloop
  endfacet
  facet normal 0.124625 -0.207405 0.970284
    outer loop
      vertex -3.84029 6.14575 4.80408
      vertex -3.60636 6.22007 4.78992
      vertex -3.74017 6.20591 4.80408
    endloop
  endfacet
  facet normal 0.124622 -0.207394 0.970287
    outer loop
      vertex -3.60636 6.22007 4.78992
      vertex -3.84029 6.14575 4.80408
      vertex -3.33776 5.34154 4.56764
    endloop
  endfacet
  facet normal 0.136426 -0.156932 0.978141
    outer loop
      vertex -3.57493 3.97036 4.36444
      vertex -3.43419 4.09271 4.36444
      vertex -4.21461 4.68079 4.56764
    endloop
  endfacet
  facet normal 0.130861 -0.161603 0.978141
    outer loop
      vertex -3.43419 4.09271 4.36444
      vertex -3.28926 4.21007 4.36444
      vertex -3.87782 4.96339 4.56764
    endloop
  endfacet
  facet normal 0.0745212 -0.19413 0.978141
    outer loop
      vertex -2.00139 4.95362 4.36444
      vertex -2.15426 5.91878 4.56764
      vertex -2.35951 5.83999 4.56764
    endloop
  endfacet
  facet normal -0.00362399 -0.207912 0.978141
    outer loop
      vertex 0.186456 5.3394 4.36444
      vertex 0.219818 6.29479 4.56764
      vertex 0 5.34265 4.36444
    endloop
  endfacet
  facet normal 0.00728068 -0.139004 0.990265
    outer loop
      vertex -0.119088 3.41026 4.05871
      vertex -0.152865 4.3775 4.19473
      vertex -0.238032 3.40403 4.05871
    endloop
  endfacet
  facet normal -0.00122767 -0.0697614 0.997563
    outer loop
      vertex 0.0511417 1.46451 3.88837
      vertex 0 2.44036 3.95655
      vertex 0 1.46541 3.88837
    endloop
  endfacet
  facet normal 0.00903533 -0.0337167 0.999391
    outer loop
      vertex -0.134694 0.469737 3.85426
      vertex -0.354513 1.42188 3.88837
      vertex -0.40392 1.40864 3.88837
    endloop
  endfacet
  facet normal 0.0127448 -0.103765 0.99452
    outer loop
      vertex -0.339632 2.41661 3.95655
      vertex -0.356687 3.39365 4.05871
      vertex -0.474906 3.37913 4.05871
    endloop
  endfacet
  facet normal 0.0599643 -0.0856387 0.99452
    outer loop
      vertex -1.43441 1.97429 3.95655
      vertex -1.36463 2.02315 3.95655
      vertex -2.00572 2.76064 4.05871
    endloop
  endfacet
  facet normal 0.0400193 -0.0571541 0.997563
    outer loop
      vertex -0.819445 1.21488 3.88837
      vertex -1.36463 2.02315 3.95655
      vertex -1.43441 1.97429 3.95655
    endloop
  endfacet
  facet normal 0.0265574 -0.136638 0.990265
    outer loop
      vertex -0.592546 3.3605 4.05871
      vertex -0.760607 4.31362 4.19473
      vertex -0.910687 4.28445 4.19473
    endloop
  endfacet
  facet normal 0.0396738 -0.204121 0.978141
    outer loop
      vertex -0.927741 5.26148 4.36444
      vertex -1.09375 6.20294 4.56764
      vertex -1.1108 5.2259 4.36444
    endloop
  endfacet
  facet normal 0.0360342 -0.13445 0.990265
    outer loop
      vertex -0.940568 3.28015 4.05871
      vertex -1.05966 4.25006 4.19473
      vertex -1.20734 4.21048 4.19473
    endloop
  endfacet
  facet normal 0.0270606 -0.100982 0.99452
    outer loop
      vertex -0.590376 2.36787 3.95655
      vertex -0.82552 3.31098 4.05871
      vertex -0.940568 3.28015 4.05871
    endloop
  endfacet
  facet normal 0.0313092 -0.135627 0.990265
    outer loop
      vertex -0.709465 3.33777 4.05871
      vertex -0.910687 4.28445 4.19473
      vertex -1.05966 4.25006 4.19473
    endloop
  endfacet
  facet normal 0.0538135 -0.200858 0.978141
    outer loop
      vertex -1.47263 5.13569 4.36444
      vertex -1.2925 5.18395 4.36444
      vertex -1.52378 6.11153 4.56764
    endloop
  endfacet
  facet normal -0.102222 -0.2193 0.970288
    outer loop
      vertex 2.9869 6.27894 4.73105
      vertex 2.76114 5.66117 4.56764
      vertex 3.0594 6.27271 4.73728
    endloop
  endfacet
  facet normal -0.102249 -0.21929 0.970287
    outer loop
      vertex 2.76114 5.66117 4.56764
      vertex 2.9869 6.27894 4.73105
      vertex 2.56188 5.75408 4.56764
    endloop
  endfacet
  facet normal -0.0949285 -0.101802 0.990265
    outer loop
      vertex 3.04272 3.15083 4.19473
      vertex 2.9309 3.2551 4.19473
      vertex 2.2833 2.53586 4.05871
    endloop
  endfacet
  facet normal -0.0217721 -0.137481 0.990265
    outer loop
      vertex 0.592546 3.3605 4.05871
      vertex 0.609601 4.33754 4.19473
      vertex 0.474906 3.37913 4.05871
    endloop
  endfacet
  facet normal 0.131611 0.0453196 0.990265
    outer loop
      vertex -3.20655 -1.16709 4.05871
      vertex -3.24533 -1.05447 4.05871
      vertex -4.16578 -1.35355 4.19473
    endloop
  endfacet
  facet normal -0.0210072 -0.0278773 0.999391
    outer loop
      vertex 0.300853 0.385075 3.85426
      vertex 0.902194 1.15476 3.88837
      vertex 0.287231 0.39534 3.85426
    endloop
  endfacet
  facet normal -0.0379985 -0.0585171 0.997563
    outer loop
      vertex 1.36463 2.02315 3.95655
      vertex 1.29319 2.06954 3.95655
      vertex 0.819445 1.21488 3.88837
    endloop
  endfacet
  facet normal -0.0538433 -0.089613 0.99452
    outer loop
      vertex 1.80826 2.89383 4.05871
      vertex 1.70617 2.95517 4.05871
      vertex 1.29319 2.06954 3.95655
    endloop
  endfacet
  facet normal -0.0506894 -0.091434 0.99452
    outer loop
      vertex 1.70617 2.95517 4.05871
      vertex 1.602 3.01292 4.05871
      vertex 1.14568 2.15471 3.95655
    endloop
  endfacet
  facet normal -0.12174 -0.0674886 0.990265
    outer loop
      vertex 3.86746 2.05636 4.19473
      vertex 3.79333 2.19008 4.19473
      vertex 2.95517 1.70617 4.05871
    endloop
  endfacet
  facet normal -0.0999776 -0.0305633 0.99452
    outer loop
      vertex 3.28015 0.940568 4.05871
      vertex 3.24533 1.05447 4.05871
      vertex 2.32092 0.754112 3.95655
    endloop
  endfacet
  facet normal -0.135627 -0.0313092 0.990265
    outer loop
      vertex 4.28445 0.910687 4.19473
      vertex 4.25006 1.05966 4.19473
      vertex 3.33777 0.709465 4.05871
    endloop
  endfacet
  facet normal -0.137481 -0.0217776 0.990265
    outer loop
      vertex 4.33754 0.609601 4.19473
      vertex 4.31362 0.760607 4.19473
      vertex 3.3605 0.592546 4.05871
    endloop
  endfacet
  facet normal -0.0651363 0.0250067 0.997563
    outer loop
      vertex 2.26266 -0.914175 3.95655
      vertex 2.29319 -0.834652 3.95655
      vertex 1.37703 -0.501198 3.88837
    endloop
  endfacet
  facet normal -0.00122047 0.069761 0.997563
    outer loop
      vertex 0.0851669 -2.43887 3.95655
      vertex 0.0511417 -1.46451 3.88837
      vertex 0 -2.44036 3.95655
    endloop
  endfacet
  facet normal -0.128128 -0.0543928 0.990265
    outer loop
      vertex 3.16387 1.27829 4.05871
      vertex 4.06122 1.64084 4.19473
      vertex 3.11733 1.38792 4.05871
    endloop
  endfacet
  facet normal -0.19413 -0.0745188 0.978141
    outer loop
      vertex 5.02045 1.82729 4.36444
      vertex 5.91878 2.15426 4.56764
      vertex 4.95362 2.00139 4.36444
    endloop
  endfacet
  facet normal -0.0347733 0.00304364 0.999391
    outer loop
      vertex 1.45738 -0.153176 3.88837
      vertex 1.46184 -0.102221 3.88837
      vertex 0.487476 -0.0340872 3.85426
    endloop
  endfacet
  facet normal -0.0396779 -0.204121 0.978141
    outer loop
      vertex 1.1108 5.2259 4.36444
      vertex 1.30956 6.16099 4.56764
      vertex 1.09375 6.20294 4.56764
    endloop
  endfacet
  facet normal -0.0629135 -0.083496 0.99452
    outer loop
      vertex 1.50244 1.92303 3.95655
      vertex 2.00572 2.76064 4.05871
      vertex 1.43441 1.97429 3.95655
    endloop
  endfacet
  facet normal -0.130861 -0.161603 0.978141
    outer loop
      vertex 3.43419 4.09271 4.36444
      vertex 3.87782 4.96339 4.56764
      vertex 3.28926 4.21007 4.36444
    endloop
  endfacet
  facet normal -0.0739249 -0.0739249 0.99452
    outer loop
      vertex 2.37041 2.45463 4.05871
      vertex 1.75545 1.69522 3.95655
      vertex 2.45463 2.37041 4.05871
    endloop
  endfacet
  facet normal -0.0739249 -0.0739249 0.99452
    outer loop
      vertex 1.75545 1.69522 3.95655
      vertex 2.37041 2.45463 4.05871
      vertex 1.69522 1.75545 3.95655
    endloop
  endfacet
  facet normal 0.0346463 -0.00425261 0.999391
    outer loop
      vertex -0.48599 0.0510788 3.85426
      vertex -0.483912 0.0680084 3.85426
      vertex -1.45738 0.153176 3.88837
    endloop
  endfacet
  facet normal -0.0147539 0.0316349 0.999391
    outer loop
      vertex 0.596034 -1.33872 3.88837
      vertex 0.642391 -1.3171 3.88837
      vertex 0.198758 -0.44642 3.85426
    endloop
  endfacet
  facet normal -0.0571541 0.0400193 0.997563
    outer loop
      vertex 1.97429 -1.43441 3.95655
      vertex 2.02315 -1.36463 3.95655
      vertex 1.21488 -0.819445 3.88837
    endloop
  endfacet
  facet normal 0.00182212 -0.0348587 0.999391
    outer loop
      vertex -0.0340872 0.487476 3.85426
      vertex -0.0511417 1.46451 3.88837
      vertex -0.102221 1.46184 3.88837
    endloop
  endfacet
  facet normal -0.0673935 0.01806 0.997563
    outer loop
      vertex 2.34583 -0.672654 3.95655
      vertex 1.42188 -0.354513 3.88837
      vertex 1.40864 -0.40392 3.88837
    endloop
  endfacet
  facet normal -0.233735 -0.0625385 0.970287
    outer loop
      vertex 6.37472 1.5894 4.63527
      vertex 6.37066 1.66741 4.63932
      vertex 6.11153 1.52378 4.56764
    endloop
  endfacet
  facet normal -0.196613 -0.0676972 0.978141
    outer loop
      vertex 5.08116 1.65097 4.36444
      vertex 5.91878 2.15426 4.56764
      vertex 5.02045 1.82729 4.36444
    endloop
  endfacet
  facet normal -0.191408 -0.0812566 0.978141
    outer loop
      vertex 5.83999 2.35951 4.56764
      vertex 5.75408 2.56188 4.56764
      vertex 4.95362 2.00139 4.36444
    endloop
  endfacet
  facet normal -0.159865 -0.0678626 0.984804
    outer loop
      vertex 4.06122 1.64084 4.19473
      vertex 4.88075 2.17305 4.36444
      vertex 4.00148 1.78157 4.19473
    endloop
  endfacet
  facet normal -0.0695061 -0.00608375 0.997563
    outer loop
      vertex 1.46184 0.102221 3.88837
      vertex 2.42699 0.255087 3.95655
      vertex 1.45738 0.153176 3.88837
    endloop
  endfacet
  facet normal -0.204121 0.0396779 0.978141
    outer loop
      vertex 6.16099 -1.30956 4.56764
      vertex 6.20294 -1.09375 4.56764
      vertex 5.2259 -1.1108 4.36444
    endloop
  endfacet
  facet normal -0.078897 0.0685927 0.99452
    outer loop
      vertex 2.53586 -2.2833 4.05871
      vertex 2.61401 -2.19341 4.05871
      vertex 1.81354 -1.63292 3.95655
    endloop
  endfacet
  facet normal 0.0219678 -0.0271267 0.999391
    outer loop
      vertex -0.314109 0.37434 3.85426
      vertex -0.300853 0.385075 3.85426
      vertex -0.941945 1.12257 3.88837
    endloop
  endfacet
  facet normal -0.00304364 -0.0347733 0.999391
    outer loop
      vertex 0.153176 1.45738 3.88837
      vertex 0.102221 1.46184 3.88837
      vertex 0.0340872 0.487476 3.85426
    endloop
  endfacet
  facet normal -0.0125092 -0.032588 0.999391
    outer loop
      vertex 0.54895 1.3587 3.88837
      vertex 0.501198 1.37703 3.88837
      vertex 0.167133 0.459197 3.85426
    endloop
  endfacet
  facet normal 0.138156 0.0169687 0.990265
    outer loop
      vertex -3.37913 -0.474906 4.05871
      vertex -3.39365 -0.356687 4.05871
      vertex -4.33754 -0.609601 4.19473
    endloop
  endfacet
  facet normal 0.0764602 0.071299 0.99452
    outer loop
      vertex -2.45463 -2.37041 4.05871
      vertex -1.81354 -1.63292 3.95655
      vertex -2.53586 -2.2833 4.05871
    endloop
  endfacet
  facet normal 0.083496 0.0629135 0.99452
    outer loop
      vertex -1.92303 -1.50244 3.95655
      vertex -1.97429 -1.43441 3.95655
      vertex -2.76064 -2.00572 4.05871
    endloop
  endfacet
  facet normal 0.0875989 0.108174 0.990265
    outer loop
      vertex -2.6967 -3.45162 4.19473
      vertex -2.10085 -2.68896 4.05871
      vertex -2.81552 -3.3554 4.19473
    endloop
  endfacet
  facet normal 0.114023 0.079836 0.990265
    outer loop
      vertex -3.54363 -2.5746 4.19473
      vertex -2.76064 -2.00572 4.05871
      vertex -3.63132 -2.44936 4.19473
    endloop
  endfacet
  facet normal 0.0510299 -0.0475815 0.997563
    outer loop
      vertex -1.05412 1.01796 3.88837
      vertex -1.75545 1.69522 3.95655
      vertex -1.81354 1.63292 3.95655
    endloop
  endfacet
  facet normal -0.0299187 -0.0179814 0.999391
    outer loop
      vertex 1.26908 0.732703 3.88837
      vertex 1.24273 0.776546 3.88837
      vertex 0.414412 0.258954 3.85426
    endloop
  endfacet
  facet normal 0.171533 -0.0271715 0.984804
    outer loop
      vertex -4.33754 0.609601 4.19473
      vertex -4.31362 0.760607 4.19473
      vertex -5.29066 0.743553 4.36444
    endloop
  endfacet
  facet normal 0.0876808 -0.0569355 0.99452
    outer loop
      vertex -2.02315 1.36463 3.95655
      vertex -2.82896 1.90816 4.05871
      vertex -2.89383 1.80826 4.05871
    endloop
  endfacet
  facet normal 0.087596 -0.108177 0.990265
    outer loop
      vertex -2.19341 2.61401 4.05871
      vertex -2.10085 2.68896 4.05871
      vertex -2.81552 3.3554 4.19473
    endloop
  endfacet
  facet normal 0.113942 -0.131069 0.984804
    outer loop
      vertex -2.81552 3.3554 4.19473
      vertex -3.43419 4.09271 4.36444
      vertex -3.57493 3.97036 4.36444
    endloop
  endfacet
  facet normal -0.23893 0.0379423 0.970295
    outer loop
      vertex 6.39967 -0.94551 4.61031
      vertex 6.40111 -0.899617 4.60887
      vertex 6.23733 -0.876599 4.56764
    endloop
  endfacet
  facet normal -0.228767 0.078766 0.970289
    outer loop
      vertex 5.99035 -1.94638 4.56764
      vertex 6.0176 -2.19023 4.59386
      vertex 6.16786 -2.06166 4.61885
    endloop
  endfacet
  facet normal -0.228777 0.0787646 0.970287
    outer loop
      vertex 6.0176 -2.19023 4.59386
      vertex 5.99035 -1.94638 4.56764
      vertex 5.91878 -2.15426 4.56764
    endloop
  endfacet
  facet normal -0.225867 -0.0867509 0.970288
    outer loop
      vertex 5.83999 2.35951 4.56764
      vertex 6.32296 2.43727 4.68702
      vertex 6.31469 2.5513 4.69529
    endloop
  endfacet
  facet normal -0.225875 -0.0867074 0.97029
    outer loop
      vertex 6.32296 2.43727 4.68702
      vertex 5.83999 2.35951 4.56764
      vertex 5.91878 2.15426 4.56764
    endloop
  endfacet
  facet normal 0.119315 0.0716892 0.990265
    outer loop
      vertex -2.89383 -1.80826 4.05871
      vertex -2.95517 -1.70617 4.05871
      vertex -3.71459 -2.32113 4.19473
    endloop
  endfacet
  facet normal 0.211622 -0.117291 0.970288
    outer loop
      vertex -5.56136 2.95703 4.56764
      vertex -6.22334 3.57433 4.78664
      vertex -6.24835 3.32231 4.76163
    endloop
  endfacet
  facet normal 0.185278 -0.0944029 0.978141
    outer loop
      vertex -4.71728 2.50822 4.36444
      vertex -5.56136 2.95703 4.56764
      vertex -5.66117 2.76114 4.56764
    endloop
  endfacet
  facet normal 0.2193 -0.102222 0.970288
    outer loop
      vertex -6.27894 2.9869 4.73105
      vertex -5.66117 2.76114 4.56764
      vertex -6.27271 3.0594 4.73728
    endloop
  endfacet
  facet normal 0.21929 -0.102249 0.970287
    outer loop
      vertex -5.66117 2.76114 4.56764
      vertex -6.27894 2.9869 4.73105
      vertex -5.75408 2.56188 4.56764
    endloop
  endfacet
  facet normal 0.225912 -0.0866535 0.970286
    outer loop
      vertex -5.91878 2.15426 4.56764
      vertex -6.32296 2.43727 4.68702
      vertex -6.33256 2.30486 4.67743
    endloop
  endfacet
  facet normal 0.231369 -0.0707729 0.970288
    outer loop
      vertex -5.99035 1.94638 4.56764
      vertex -6.34846 2.06274 4.66152
      vertex -6.35419 1.96545 4.65579
    endloop
  endfacet
  facet normal 0.225867 -0.0867509 0.970288
    outer loop
      vertex -6.32296 2.43727 4.68702
      vertex -5.83999 2.35951 4.56764
      vertex -6.31469 2.5513 4.69529
    endloop
  endfacet
  facet normal 0.225875 -0.0867074 0.97029
    outer loop
      vertex -5.83999 2.35951 4.56764
      vertex -6.32296 2.43727 4.68702
      vertex -5.91878 2.15426 4.56764
    endloop
  endfacet
  facet normal 0.235728 -0.0545435 0.970287
    outer loop
      vertex -6.11153 1.52378 4.56764
      vertex -6.37472 1.5894 4.63527
      vertex -6.37789 1.51913 4.63209
    endloop
  endfacet
  facet normal 0.16775 -0.044959 0.984804
    outer loop
      vertex -4.25006 1.05966 4.19473
      vertex -4.21048 1.20734 4.19473
      vertex -5.13569 1.47263 4.36444
    endloop
  endfacet
  facet normal 0.0347736 -0.00304112 0.999391
    outer loop
      vertex -0.487476 0.0340872 3.85426
      vertex -0.48599 0.0510788 3.85426
      vertex -1.45738 0.153176 3.88837
    endloop
  endfacet
  facet normal 0.0975998 0.0374699 0.99452
    outer loop
      vertex -2.26266 -0.914175 3.95655
      vertex -2.29319 -0.834652 3.95655
      vertex -3.20655 -1.16709 4.05871
    endloop
  endfacet
  facet normal 0.102624 0.0199509 0.99452
    outer loop
      vertex -3.33777 -0.709465 4.05871
      vertex -2.38703 -0.50738 3.95655
      vertex -3.3605 -0.592546 4.05871
    endloop
  endfacet
  facet normal 0.241034 0.0210973 0.970287
    outer loop
      vertex -6.40994 -0.482979 4.60005
      vertex -6.26412 -0.658385 4.56764
      vertex -6.28329 -0.43937 4.56764
    endloop
  endfacet
  facet normal 0.241006 0.0210723 0.970295
    outer loop
      vertex -6.26412 -0.658385 4.56764
      vertex -6.40994 -0.482979 4.60005
      vertex -6.40662 -0.673362 4.60336
    endloop
  endfacet
  facet normal 0.173644 -0.00302158 0.984804
    outer loop
      vertex -4.38016 0 4.19473
      vertex -4.3775 0.152865 4.19473
      vertex -5.34265 0 4.36444
    endloop
  endfacet
  facet normal 0.178243 -0.107098 0.978141
    outer loop
      vertex -4.62687 2.67133 4.36444
      vertex -4.53083 2.83117 4.36444
      vertex -5.34154 3.33776 4.56764
    endloop
  endfacet
  facet normal 0.174394 -0.113256 0.978141
    outer loop
      vertex -4.53083 2.83117 4.36444
      vertex -4.42926 2.98757 4.36444
      vertex -5.2218 3.52215 4.56764
    endloop
  endfacet
  facet normal 0.211495 -0.117511 0.970289
    outer loop
      vertex -6.22334 3.57433 4.78664
      vertex -5.45477 3.14931 4.56764
      vertex -6.22158 3.59203 4.7884
    endloop
  endfacet
  facet normal 0.211609 -0.117305 0.970289
    outer loop
      vertex -5.45477 3.14931 4.56764
      vertex -6.22334 3.57433 4.78664
      vertex -5.56136 2.95703 4.56764
    endloop
  endfacet
  facet normal 0.207347 -0.124767 0.970278
    outer loop
      vertex -6.22158 3.59203 4.7884
      vertex -5.34154 3.33776 4.56764
      vertex -6.22007 3.60636 4.78992
    endloop
  endfacet
  facet normal 0.207395 -0.124613 0.970288
    outer loop
      vertex -5.34154 3.33776 4.56764
      vertex -6.22158 3.59203 4.7884
      vertex -5.45477 3.14931 4.56764
    endloop
  endfacet
  facet normal 0.241906 0.00422586 0.97029
    outer loop
      vertex -6.29863 0 4.56764
      vertex -6.41299 -0.192529 4.59699
      vertex -6.29479 -0.219818 4.56764
    endloop
  endfacet
  facet normal 0.241918 0.00421847 0.970287
    outer loop
      vertex -6.41299 -0.192529 4.59699
      vertex -6.29863 0 4.56764
      vertex -6.41366 0 4.59632
    endloop
  endfacet
  facet normal 0.0506894 -0.091434 0.99452
    outer loop
      vertex -1.14568 2.15471 3.95655
      vertex -1.602 3.01292 4.05871
      vertex -1.70617 2.95517 4.05871
    endloop
  endfacet
  facet normal 0.152082 -0.141812 0.978141
    outer loop
      vertex -3.97036 3.57493 4.36444
      vertex -3.84318 3.71132 4.36444
      vertex -4.68079 4.21461 4.56764
    endloop
  endfacet
  facet normal 0.067692 -0.196616 0.978141
    outer loop
      vertex -1.65097 5.08116 4.36444
      vertex -1.94638 5.99035 4.56764
      vertex -2.15426 5.91878 4.56764
    endloop
  endfacet
  facet normal 0.109844 -0.215583 0.970288
    outer loop
      vertex -3.0594 6.27271 4.73728
      vertex -2.95703 5.56136 4.56764
      vertex -2.76114 5.66117 4.56764
    endloop
  endfacet
  facet normal 0.109853 -0.215581 0.970287
    outer loop
      vertex -2.95703 5.56136 4.56764
      vertex -3.0594 6.27271 4.73728
      vertex -3.11996 6.2671 4.74289
    endloop
  endfacet
  facet normal 0.0812566 -0.191408 0.978141
    outer loop
      vertex -2.00139 4.95362 4.36444
      vertex -2.35951 5.83999 4.56764
      vertex -2.56188 5.75408 4.56764
    endloop
  endfacet
  facet normal 0.0878753 -0.188462 0.978141
    outer loop
      vertex -2.17305 4.88075 4.36444
      vertex -2.56188 5.75408 4.56764
      vertex -2.76114 5.66117 4.56764
    endloop
  endfacet
  facet normal 0.044959 -0.16775 0.984804
    outer loop
      vertex -1.20734 4.21048 4.19473
      vertex -1.05966 4.25006 4.19473
      vertex -1.47263 5.13569 4.36444
    endloop
  endfacet
  facet normal 0.039069 -0.169221 0.984803
    outer loop
      vertex -1.05966 4.25006 4.19473
      vertex -1.1108 5.2259 4.36444
      vertex -1.2925 5.18395 4.36444
    endloop
  endfacet
  facet normal 0.0498808 -0.129951 0.990265
    outer loop
      vertex -1.16709 3.20655 4.05871
      vertex -1.4981 4.11601 4.19473
      vertex -1.64084 4.06122 4.19473
    endloop
  endfacet
  facet normal 0.0678628 -0.159864 0.984804
    outer loop
      vertex -1.64084 4.06122 4.19473
      vertex -2.00139 4.95362 4.36444
      vertex -2.17305 4.88075 4.36444
    endloop
  endfacet
  facet normal 0.0622379 -0.162137 0.984804
    outer loop
      vertex -1.64084 4.06122 4.19473
      vertex -1.82729 5.02045 4.36444
      vertex -2.00139 4.95362 4.36444
    endloop
  endfacet
  facet normal 0.0745188 -0.19413 0.978141
    outer loop
      vertex -2.00139 4.95362 4.36444
      vertex -1.82729 5.02045 4.36444
      vertex -2.15426 5.91878 4.56764
    endloop
  endfacet
  facet normal 0.0569355 -0.0876808 0.99452
    outer loop
      vertex -1.36463 2.02315 3.95655
      vertex -1.80826 2.89383 4.05871
      vertex -1.90816 2.82896 4.05871
    endloop
  endfacet
  facet normal 0.125145 -0.166069 0.978141
    outer loop
      vertex -3.28926 4.21007 4.36444
      vertex -3.14033 4.3223 4.36444
      vertex -3.87782 4.96339 4.56764
    endloop
  endfacet
  facet normal -0.100818 -0.181869 0.978141
    outer loop
      vertex 3.14931 5.45477 4.56764
      vertex 2.95703 5.56136 4.56764
      vertex 2.67133 4.62687 4.36444
    endloop
  endfacet
  facet normal -0.094585 -0.145654 0.984804
    outer loop
      vertex 2.44936 3.63132 4.19473
      vertex 2.83117 4.53083 4.36444
      vertex 2.32113 3.71459 4.19473
    endloop
  endfacet
  facet normal -0.0878753 -0.188462 0.978141
    outer loop
      vertex 2.76114 5.66117 4.56764
      vertex 2.56188 5.75408 4.56764
      vertex 2.17305 4.88075 4.36444
    endloop
  endfacet
  facet normal 0.0151427 -0.173009 0.984804
    outer loop
      vertex -0.305545 4.36949 4.19473
      vertex -0.372684 5.32964 4.36444
      vertex -0.558458 5.31338 4.36444
    endloop
  endfacet
  facet normal 0.0151308 -0.173012 0.984804
    outer loop
      vertex -0.457851 4.35617 4.19473
      vertex -0.305545 4.36949 4.19473
      vertex -0.558458 5.31338 4.36444
    endloop
  endfacet
  facet normal -0.00182874 -0.104529 0.99452
    outer loop
      vertex 0.0851669 2.43887 3.95655
      vertex 0 3.41234 4.05871
      vertex 0 2.44036 3.95655
    endloop
  endfacet
  facet normal -0.00243081 -0.139173 0.990265
    outer loop
      vertex 0.119088 3.41026 4.05871
      vertex 0.152865 4.3775 4.19473
      vertex 0 3.41234 4.05871
    endloop
  endfacet
  facet normal -0.0467799 -0.202612 0.978141
    outer loop
      vertex 1.52378 6.11153 4.56764
      vertex 1.30956 6.16099 4.56764
      vertex 1.1108 5.2259 4.36444
    endloop
  endfacet
  facet normal 0.021218 -0.240994 0.970295
    outer loop
      vertex -0.43937 6.28329 4.56764
      vertex -0.448269 6.41054 4.59944
      vertex -0.482979 6.40994 4.60005
    endloop
  endfacet
  facet normal -0.0538135 -0.200858 0.978141
    outer loop
      vertex 1.47263 5.13569 4.36444
      vertex 1.52378 6.11153 4.56764
      vertex 1.2925 5.18395 4.36444
    endloop
  endfacet
  facet normal -0.039069 -0.169221 0.984803
    outer loop
      vertex 1.2925 5.18395 4.36444
      vertex 1.1108 5.2259 4.36444
      vertex 1.05966 4.25006 4.19473
    endloop
  endfacet
  facet normal -0.00302158 -0.173644 0.984804
    outer loop
      vertex 0.152865 4.3775 4.19473
      vertex 0 5.34265 4.36444
      vertex 0 4.38016 4.19473
    endloop
  endfacet
  facet normal 0.0211624 -0.172377 0.984804
    outer loop
      vertex -0.609601 4.33754 4.19473
      vertex -0.457851 4.35617 4.19473
      vertex -0.743553 5.29066 4.36444
    endloop
  endfacet
  facet normal -0.0453154 -0.131612 0.990265
    outer loop
      vertex 1.4981 4.11601 4.19473
      vertex 1.35355 4.16578 4.19473
      vertex 1.16709 3.20655 4.05871
    endloop
  endfacet
  facet normal -0.0622379 -0.162137 0.984804
    outer loop
      vertex 2.00139 4.95362 4.36444
      vertex 1.82729 5.02045 4.36444
      vertex 1.64084 4.06122 4.19473
    endloop
  endfacet
  facet normal 0.174398 -0.113251 0.978141
    outer loop
      vertex -4.53083 2.83117 4.36444
      vertex -5.2218 3.52215 4.56764
      vertex -5.34154 3.33776 4.56764
    endloop
  endfacet
  facet normal 0.198201 -0.138782 0.970287
    outer loop
      vertex -5.2218 3.52215 4.56764
      vertex -5.86289 4.25964 4.80408
      vertex -6.00798 4.05243 4.80408
    endloop
  endfacet
  facet normal 0.145612 -0.193237 0.970287
    outer loop
      vertex -3.87782 4.96339 4.56764
      vertex -4.25964 5.86289 4.80408
      vertex -4.46166 5.71066 4.80408
    endloop
  endfacet
  facet normal 0.173477 -0.214237 0.961253
    outer loop
      vertex -4.65824 5.55147 4.80408
      vertex -4.87201 6.05508 4.9549
      vertex -5.05781 6.02766 4.98232
    endloop
  endfacet
  facet normal 0.0506881 -0.0914349 0.99452
    outer loop
      vertex -1.22018 2.11341 3.95655
      vertex -1.14568 2.15471 3.95655
      vertex -1.70617 2.95517 4.05871
    endloop
  endfacet
  facet normal 0.145615 -0.193236 0.970287
    outer loop
      vertex -3.87782 4.96339 4.56764
      vertex -3.70224 5.0957 4.56764
      vertex -4.25964 5.86289 4.80408
    endloop
  endfacet
  facet normal 0.099611 -0.142266 0.984804
    outer loop
      vertex -2.5746 3.54363 4.19473
      vertex -2.44936 3.63132 4.19473
      vertex -3.14033 4.3223 4.36444
    endloop
  endfacet
  facet normal 0.0944029 -0.185278 0.978141
    outer loop
      vertex -2.50822 4.71728 4.36444
      vertex -2.76114 5.66117 4.56764
      vertex -2.95703 5.56136 4.56764
    endloop
  endfacet
  facet normal 0.0949294 -0.101801 0.990265
    outer loop
      vertex -2.37041 2.45463 4.05871
      vertex -2.2833 2.53586 4.05871
      vertex -3.04272 3.15083 4.19473
    endloop
  endfacet
  facet normal 0.118441 -0.127018 0.984804
    outer loop
      vertex -3.04272 3.15083 4.19473
      vertex -3.57493 3.97036 4.36444
      vertex -3.71132 3.84318 4.36444
    endloop
  endfacet
  facet normal 0.102251 -0.219288 0.970287
    outer loop
      vertex -2.56188 5.75408 4.56764
      vertex -2.80262 6.29478 4.71521
      vertex -2.9869 6.27894 4.73105
    endloop
  endfacet
  facet normal 0.107097 -0.178243 0.978141
    outer loop
      vertex -2.67133 4.62687 4.36444
      vertex -3.14931 5.45477 4.56764
      vertex -3.33776 5.34154 4.56764
    endloop
  endfacet
  facet normal 0.150147 -0.231199 0.961251
    outer loop
      vertex -3.88902 6.18811 4.82188
      vertex -4.05243 6.00798 4.80408
      vertex -3.84029 6.14575 4.80408
    endloop
  endfacet
  facet normal 0.150125 -0.231179 0.961259
    outer loop
      vertex -4.05243 6.00798 4.80408
      vertex -3.88902 6.18811 4.82188
      vertex -4.15163 6.15504 4.85494
    endloop
  endfacet
  facet normal 0.124613 -0.207395 0.970288
    outer loop
      vertex -3.59203 6.22158 4.7884
      vertex -3.33776 5.34154 4.56764
      vertex -3.14931 5.45477 4.56764
    endloop
  endfacet
  facet normal 0.124767 -0.207347 0.970278
    outer loop
      vertex -3.33776 5.34154 4.56764
      vertex -3.59203 6.22158 4.7884
      vertex -3.60636 6.22007 4.78992
    endloop
  endfacet
  facet normal -0.0467782 -0.202613 0.978141
    outer loop
      vertex 1.2925 5.18395 4.36444
      vertex 1.52378 6.11153 4.56764
      vertex 1.1108 5.2259 4.36444
    endloop
  endfacet
  facet normal -0.00903533 -0.0337167 0.999391
    outer loop
      vertex 0.40392 1.40864 3.88837
      vertex 0.354513 1.42188 3.88837
      vertex 0.134694 0.469737 3.85426
    endloop
  endfacet
  facet normal 0.0133132 -0.0684892 0.997563
    outer loop
      vertex -0.304675 1.43338 3.88837
      vertex -0.254465 1.44314 3.88837
      vertex -0.423763 2.40329 3.95655
    endloop
  endfacet
  facet normal 0.0379917 -0.0585209 0.997563
    outer loop
      vertex -0.819445 1.21488 3.88837
      vertex -0.776546 1.24273 3.88837
      vertex -1.29319 2.06954 3.95655
    endloop
  endfacet
  facet normal 0.0678626 -0.159865 0.984804
    outer loop
      vertex -1.78157 4.00148 4.19473
      vertex -1.64084 4.06122 4.19473
      vertex -2.17305 4.88075 4.36444
    endloop
  endfacet
  facet normal 0.0250036 -0.0651377 0.997563
    outer loop
      vertex -0.54895 1.3587 3.88837
      vertex -0.501198 1.37703 3.88837
      vertex -0.914175 2.26266 3.95655
    endloop
  endfacet
  facet normal 0.0305633 -0.0999776 0.99452
    outer loop
      vertex -0.754112 2.32092 3.95655
      vertex -0.940568 3.28015 4.05871
      vertex -1.05447 3.24533 4.05871
    endloop
  endfacet
  facet normal -0.236077 -0.142297 0.961259
    outer loop
      vertex 6.19255 3.85283 4.81743
      vertex 6.19071 3.86838 4.81928
      vertex 6.14575 3.84029 4.80408
    endloop
  endfacet
  facet normal -0.124767 -0.207347 0.970278
    outer loop
      vertex 3.59203 6.22158 4.7884
      vertex 3.33776 5.34154 4.56764
      vertex 3.60636 6.22007 4.78992
    endloop
  endfacet
  facet normal -0.124613 -0.207395 0.970288
    outer loop
      vertex 3.33776 5.34154 4.56764
      vertex 3.59203 6.22158 4.7884
      vertex 3.14931 5.45477 4.56764
    endloop
  endfacet
  facet normal -0.0945901 -0.145652 0.984804
    outer loop
      vertex 2.98757 4.42926 4.36444
      vertex 2.83117 4.53083 4.36444
      vertex 2.44936 3.63132 4.19473
    endloop
  endfacet
  facet normal -0.173477 -0.214237 0.961253
    outer loop
      vertex 5.05781 6.02766 4.98232
      vertex 4.87201 6.05508 4.9549
      vertex 4.65824 5.55147 4.80408
    endloop
  endfacet
  facet normal -0.0419874 -0.055724 0.997563
    outer loop
      vertex 0.902194 1.15476 3.88837
      vertex 1.50244 1.92303 3.95655
      vertex 0.861344 1.18554 3.88837
    endloop
  endfacet
  facet normal 0.0169497 0.138157 0.990265
    outer loop
      vertex -0.425686 -4.05013 4.15148
      vertex -0.356687 -3.39365 4.05871
      vertex -0.531401 -4.04569 4.15267
    endloop
  endfacet
  facet normal -0.0621682 -0.0316739 0.997563
    outer loop
      vertex 2.19338 1.06978 3.95655
      vertex 2.15471 1.14568 3.95655
      vertex 1.3171 0.642391 3.88837
    endloop
  endfacet
  facet normal 0.0272551 -0.0642281 0.997563
    outer loop
      vertex -0.596034 1.33872 3.88837
      vertex -0.54895 1.3587 3.88837
      vertex -0.914175 2.26266 3.95655
    endloop
  endfacet
  facet normal -0.0305299 -0.0169226 0.999391
    outer loop
      vertex 0.431467 0.229415 3.85426
      vertex 1.26908 0.732703 3.88837
      vertex 0.423198 0.244333 3.85426
    endloop
  endfacet
  facet normal -0.0947491 -0.0441841 0.99452
    outer loop
      vertex 3.11733 1.38792 4.05871
      vertex 3.06699 1.49587 4.05871
      vertex 2.19338 1.06978 3.95655
    endloop
  endfacet
  facet normal -0.0338286 0.0610226 0.997563
    outer loop
      vertex 1.14568 -2.15471 3.95655
      vertex 1.22018 -2.11341 3.95655
      vertex 0.732703 -1.26908 3.88837
    endloop
  endfacet
  facet normal -0.0169687 -0.138156 0.990265
    outer loop
      vertex 0.474906 3.37913 4.05871
      vertex 0.609601 4.33754 4.19473
      vertex 0.356687 3.39365 4.05871
    endloop
  endfacet
  facet normal -0.0250036 -0.0651377 0.997563
    outer loop
      vertex 0.54895 1.3587 3.88837
      vertex 0.914175 2.26266 3.95655
      vertex 0.501198 1.37703 3.88837
    endloop
  endfacet
  facet normal -0.0667214 -0.0204035 0.997563
    outer loop
      vertex 2.34583 0.672654 3.95655
      vertex 2.32092 0.754112 3.95655
      vertex 1.39368 0.452835 3.88837
    endloop
  endfacet
  facet normal 0.0632342 0.0294886 0.997563
    outer loop
      vertex -2.19338 -1.06978 3.95655
      vertex -1.33872 -0.596034 3.88837
      vertex -2.22938 -0.992583 3.95655
    endloop
  endfacet
  facet normal 0.0856387 0.0599643 0.99452
    outer loop
      vertex -1.97429 -1.43441 3.95655
      vertex -2.02315 -1.36463 3.95655
      vertex -2.76064 -2.00572 4.05871
    endloop
  endfacet
  facet normal 0.0679836 -0.0156943 0.997563
    outer loop
      vertex -1.43338 0.304675 3.88837
      vertex -2.36787 0.590376 3.95655
      vertex -2.38703 0.50738 3.95655
    endloop
  endfacet
  facet normal -0.0439142 -0.054219 0.997563
    outer loop
      vertex 1.56863 1.86942 3.95655
      vertex 1.50244 1.92303 3.95655
      vertex 0.941945 1.12257 3.88837
    endloop
  endfacet
  facet normal -0.0569355 -0.0876808 0.99452
    outer loop
      vertex 1.90816 2.82896 4.05871
      vertex 1.80826 2.89383 4.05871
      vertex 1.36463 2.02315 3.95655
    endloop
  endfacet
  facet normal -0.181869 -0.100818 0.978141
    outer loop
      vertex 5.56136 2.95703 4.56764
      vertex 5.45477 3.14931 4.56764
      vertex 4.62687 2.67133 4.36444
    endloop
  endfacet
  facet normal -0.0988503 -0.0340342 0.99452
    outer loop
      vertex 2.32092 0.754112 3.95655
      vertex 3.20655 1.16709 4.05871
      vertex 2.29319 0.834652 3.95655
    endloop
  endfacet
  facet normal -0.119315 -0.0716892 0.990265
    outer loop
      vertex 2.95517 1.70617 4.05871
      vertex 3.71459 2.32113 4.19473
      vertex 2.89383 1.80826 4.05871
    endloop
  endfacet
  facet normal -0.0764602 -0.071299 0.99452
    outer loop
      vertex 2.53586 2.2833 4.05871
      vertex 2.45463 2.37041 4.05871
      vertex 1.81354 1.63292 3.95655
    endloop
  endfacet
  facet normal -0.138667 -0.0121272 0.990265
    outer loop
      vertex 4.36949 0.305545 4.19473
      vertex 4.35617 0.457851 4.19473
      vertex 3.40403 0.238032 4.05871
    endloop
  endfacet
  facet normal -0.104146 -0.00911903 0.99452
    outer loop
      vertex 2.43442 0.170231 3.95655
      vertex 3.39365 0.356687 4.05871
      vertex 2.42699 0.255087 3.95655
    endloop
  endfacet
  facet normal -0.102623 -0.0199559 0.99452
    outer loop
      vertex 2.40329 0.423763 3.95655
      vertex 3.3605 0.592546 4.05871
      vertex 2.38703 0.50738 3.95655
    endloop
  endfacet
  facet normal -0.101866 -0.0235162 0.99452
    outer loop
      vertex 2.38703 0.50738 3.95655
      vertex 3.33777 0.709465 4.05871
      vertex 2.36787 0.590376 3.95655
    endloop
  endfacet
  facet normal -0.0542227 0.043909 0.997563
    outer loop
      vertex 1.92303 -1.50244 3.95655
      vertex 1.15476 -0.902194 3.88837
      vertex 1.12257 -0.941945 3.88837
    endloop
  endfacet
  facet normal -0.0285929 0.0200223 0.999391
    outer loop
      vertex 1.18554 -0.861344 3.88837
      vertex 1.21488 -0.819445 3.88837
      vertex 0.39534 -0.287231 3.85426
    endloop
  endfacet
  facet normal -0.043909 -0.0542227 0.997563
    outer loop
      vertex 0.941945 1.12257 3.88837
      vertex 1.50244 1.92303 3.95655
      vertex 0.902194 1.15476 3.88837
    endloop
  endfacet
  facet normal -0.0856347 -0.0599689 0.99452
    outer loop
      vertex 2.82896 1.90816 4.05871
      vertex 2.76064 2.00572 4.05871
      vertex 2.02315 1.36463 3.95655
    endloop
  endfacet
  facet normal -0.0285938 0.020021 0.999391
    outer loop
      vertex 1.21488 -0.819445 3.88837
      vertex 0.405123 -0.273259 3.85426
      vertex 0.39534 -0.287231 3.85426
    endloop
  endfacet
  facet normal 0.0156943 -0.0679836 0.997563
    outer loop
      vertex -0.304675 1.43338 3.88837
      vertex -0.50738 2.38703 3.95655
      vertex -0.590376 2.36787 3.95655
    endloop
  endfacet
  facet normal -0.219288 -0.102251 0.970287
    outer loop
      vertex 6.29478 2.80262 4.71521
      vertex 6.27894 2.9869 4.73105
      vertex 5.75408 2.56188 4.56764
    endloop
  endfacet
  facet normal -0.159864 -0.0678628 0.984804
    outer loop
      vertex 4.95362 2.00139 4.36444
      vertex 4.88075 2.17305 4.36444
      vertex 4.06122 1.64084 4.19473
    endloop
  endfacet
  facet normal -0.139173 0.00243081 0.990265
    outer loop
      vertex 4.3775 -0.152865 4.19473
      vertex 3.41234 0 4.05871
      vertex 3.41026 -0.119088 4.05871
    endloop
  endfacet
  facet normal -0.16421 -0.0565404 0.984804
    outer loop
      vertex 5.08116 1.65097 4.36444
      vertex 5.02045 1.82729 4.36444
      vertex 4.16578 1.35355 4.19473
    endloop
  endfacet
  facet normal -0.0199559 -0.102623 0.99452
    outer loop
      vertex 0.50738 2.38703 3.95655
      vertex 0.592546 3.3605 4.05871
      vertex 0.423763 2.40329 3.95655
    endloop
  endfacet
  facet normal -0.0331354 -0.170482 0.984804
    outer loop
      vertex 0.910687 4.28445 4.19473
      vertex 0.927741 5.26148 4.36444
      vertex 0.760607 4.31362 4.19473
    endloop
  endfacet
  facet normal -0.0678628 -0.159864 0.984804
    outer loop
      vertex 2.17305 4.88075 4.36444
      vertex 2.00139 4.95362 4.36444
      vertex 1.64084 4.06122 4.19473
    endloop
  endfacet
  facet normal -0.081254 -0.19141 0.978141
    outer loop
      vertex 2.17305 4.88075 4.36444
      vertex 2.56188 5.75408 4.56764
      vertex 2.00139 4.95362 4.36444
    endloop
  endfacet
  facet normal -0.079836 -0.114023 0.990265
    outer loop
      vertex 2.5746 3.54363 4.19473
      vertex 2.44936 3.63132 4.19473
      vertex 2.00572 2.76064 4.05871
    endloop
  endfacet
  facet normal -0.089446 -0.148866 0.984804
    outer loop
      vertex 2.83117 4.53083 4.36444
      vertex 2.67133 4.62687 4.36444
      vertex 2.32113 3.71459 4.19473
    endloop
  endfacet
  facet normal -0.0875989 -0.108174 0.990265
    outer loop
      vertex 2.81552 3.3554 4.19473
      vertex 2.6967 3.45162 4.19473
      vertex 2.10085 2.68896 4.05871
    endloop
  endfacet
  facet normal -0.101801 -0.0949294 0.990265
    outer loop
      vertex 2.53586 2.2833 4.05871
      vertex 3.15083 3.04272 4.19473
      vertex 2.45463 2.37041 4.05871
    endloop
  endfacet
  facet normal -0.137481 0.0217776 0.990265
    outer loop
      vertex 4.31362 -0.760607 4.19473
      vertex 4.33754 -0.609601 4.19473
      vertex 3.3605 -0.592546 4.05871
    endloop
  endfacet
  facet normal -0.225949 0.086534 0.970288
    outer loop
      vertex 5.99575 -2.20815 4.59037
      vertex 6.0176 -2.19023 4.59386
      vertex 5.91878 -2.15426 4.56764
    endloop
  endfacet
  facet normal -0.0235146 0.101866 0.99452
    outer loop
      vertex 0.709465 -3.33777 4.05871
      vertex 0.82552 -3.31098 4.05871
      vertex 0.590376 -2.36787 3.95655
    endloop
  endfacet
  facet normal -0.154745 0.0788439 0.984803
    outer loop
      vertex 4.71728 -2.50822 4.36444
      vertex 4.80194 -2.34206 4.36444
      vertex 3.93687 -1.92014 4.19473
    endloop
  endfacet
  facet normal -0.0359359 0.0598059 0.997563
    outer loop
      vertex 1.22018 -2.11341 3.95655
      vertex 1.29319 -2.06954 3.95655
      vertex 0.732703 -1.26908 3.88837
    endloop
  endfacet
  facet normal -0.0503659 0.129755 0.990266
    outer loop
      vertex 1.27829 -3.16387 4.05871
      vertex 1.58086 -3.95301 4.1775
      vertex 1.59633 -3.95105 4.17803
    endloop
  endfacet
  facet normal -0.0498739 0.129943 0.990266
    outer loop
      vertex 1.58086 -3.95301 4.1775
      vertex 1.27829 -3.16387 4.05871
      vertex 1.16709 -3.20655 4.05871
    endloop
  endfacet
  facet normal -0.0457715 0.0526601 0.997563
    outer loop
      vertex 1.56863 -1.86942 3.95655
      vertex 1.63292 -1.81354 3.95655
      vertex 0.980548 -1.08901 3.88837
    endloop
  endfacet
  facet normal -0.103259 0.0163485 0.99452
    outer loop
      vertex 3.3605 -0.592546 4.05871
      vertex 2.41661 -0.339632 3.95655
      vertex 2.40329 -0.423763 3.95655
    endloop
  endfacet
  facet normal -0.172378 0.0211591 0.984804
    outer loop
      vertex 5.29066 -0.743553 4.36444
      vertex 5.31338 -0.558458 4.36444
      vertex 4.35617 -0.457851 4.19473
    endloop
  endfacet
  facet normal -0.167756 0.0449449 0.984803
    outer loop
      vertex 5.13569 -1.47263 4.36444
      vertex 5.18395 -1.2925 4.36444
      vertex 4.25006 -1.05966 4.19473
    endloop
  endfacet
  facet normal -0.231369 -0.0707729 0.970288
    outer loop
      vertex 6.35419 1.96545 4.65579
      vertex 6.34846 2.06274 4.66152
      vertex 5.99035 1.94638 4.56764
    endloop
  endfacet
  facet normal -0.20538 -0.0325373 0.978141
    outer loop
      vertex 5.29066 0.743553 4.36444
      vertex 6.20294 1.09375 4.56764
      vertex 5.26148 0.927741 4.36444
    endloop
  endfacet
  facet normal -0.142266 -0.099611 0.984804
    outer loop
      vertex 3.63132 2.44936 4.19473
      vertex 4.3223 3.14033 4.36444
      vertex 3.54363 2.5746 4.19473
    endloop
  endfacet
  facet normal -0.220157 -0.165909 0.961252
    outer loop
      vertex 6.093 4.60843 4.91698
      vertex 6.07378 4.74535 4.93621
      vertex 5.71066 4.46166 4.80408
    endloop
  endfacet
  facet normal -0.222717 -0.0945521 0.970287
    outer loop
      vertex 5.75408 2.56188 4.56764
      vertex 6.31469 2.5513 4.69529
      vertex 6.30692 2.64944 4.70307
    endloop
  endfacet
  facet normal -0.222717 -0.0945478 0.970287
    outer loop
      vertex 6.31469 2.5513 4.69529
      vertex 5.75408 2.56188 4.56764
      vertex 5.83999 2.35951 4.56764
    endloop
  endfacet
  facet normal -0.139004 -0.00728068 0.990265
    outer loop
      vertex 3.41026 0.119088 4.05871
      vertex 4.3775 0.152865 4.19473
      vertex 3.40403 0.238032 4.05871
    endloop
  endfacet
  facet normal -0.104529 -0.00182571 0.99452
    outer loop
      vertex 3.41234 0 4.05871
      vertex 3.41026 0.119088 4.05871
      vertex 2.43887 0.0851669 3.95655
    endloop
  endfacet
  facet normal 0.00903493 -0.0337167 0.999391
    outer loop
      vertex -0.134694 0.469737 3.85426
      vertex -0.118218 0.474152 3.85426
      vertex -0.354513 1.42188 3.88837
    endloop
  endfacet
  facet normal -0.00304112 -0.0347736 0.999391
    outer loop
      vertex 0.0510788 0.48599 3.85426
      vertex 0.153176 1.45738 3.88837
      vertex 0.0340872 0.487476 3.85426
    endloop
  endfacet
  facet normal -0.0474582 0.0931522 0.99452
    outer loop
      vertex 1.49587 -3.06699 4.05871
      vertex 1.602 -3.01292 4.05871
      vertex 1.06978 -2.19338 3.95655
    endloop
  endfacet
  facet normal -0.0305633 0.0999776 0.99452
    outer loop
      vertex 0.940568 -3.28015 4.05871
      vertex 1.05447 -3.24533 4.05871
      vertex 0.754112 -2.32092 3.95655
    endloop
  endfacet
  facet normal 0.0227138 -0.0659708 0.997563
    outer loop
      vertex -0.501198 1.37703 3.88837
      vertex -0.754112 2.32092 3.95655
      vertex -0.834652 2.29319 3.95655
    endloop
  endfacet
  facet normal -0.0333811 -0.0102055 0.999391
    outer loop
      vertex 0.469737 0.134694 3.85426
      vertex 1.40864 0.40392 3.88837
      vertex 0.46475 0.151006 3.85426
    endloop
  endfacet
  facet normal 0.0113628 0.0330053 0.999391
    outer loop
      vertex -0.452835 -1.39368 3.88837
      vertex -0.167133 -0.459197 3.85426
      vertex -0.501198 -1.37703 3.88837
    endloop
  endfacet
  facet normal 0.111169 0.0837654 0.990265
    outer loop
      vertex -2.68896 -2.10085 4.05871
      vertex -2.76064 -2.00572 4.05871
      vertex -3.45162 -2.6967 4.19473
    endloop
  endfacet
  facet normal 0.0475863 0.051026 0.997563
    outer loop
      vertex -0.980548 -1.08901 3.88837
      vertex -1.01796 -1.05412 3.88837
      vertex -1.63292 -1.81354 3.95655
    endloop
  endfacet
  facet normal 0.069761 0.00122047 0.997563
    outer loop
      vertex -2.43887 -0.0851669 3.95655
      vertex -1.46451 -0.0511417 3.88837
      vertex -2.44036 0 3.95655
    endloop
  endfacet
  facet normal 0.12174 0.0674886 0.990265
    outer loop
      vertex -3.79333 -2.19008 4.19473
      vertex -2.95517 -1.70617 4.05871
      vertex -3.86746 -2.05636 4.19473
    endloop
  endfacet
  facet normal 0.111165 0.0837697 0.990265
    outer loop
      vertex -3.45162 -2.6967 4.19473
      vertex -2.76064 -2.00572 4.05871
      vertex -3.54363 -2.5746 4.19473
    endloop
  endfacet
  facet normal 0.0876806 0.0569359 0.99452
    outer loop
      vertex -2.02315 -1.36463 3.95655
      vertex -2.06954 -1.29319 3.95655
      vertex -2.89383 -1.80826 4.05871
    endloop
  endfacet
  facet normal -0.0321329 0.0136355 0.999391
    outer loop
      vertex 1.33872 -0.596034 3.88837
      vertex 1.3587 -0.54895 3.88837
      vertex 0.453084 -0.183058 3.85426
    endloop
  endfacet
  facet normal 0.0947488 -0.0441851 0.99452
    outer loop
      vertex -2.22938 0.992583 3.95655
      vertex -2.19338 1.06978 3.95655
      vertex -3.11733 1.38792 4.05871
    endloop
  endfacet
  facet normal 0.0311022 0.0158462 0.999391
    outer loop
      vertex -1.29388 -0.687966 3.88837
      vertex -0.439211 -0.214217 3.85426
      vertex -1.3171 -0.642391 3.88837
    endloop
  endfacet
  facet normal 0.133115 -0.0406933 0.990265
    outer loop
      vertex -3.28015 0.940568 4.05871
      vertex -3.24533 1.05447 4.05871
      vertex -4.16578 1.35355 4.19473
    endloop
  endfacet
  facet normal -0.0227138 -0.0659708 0.997563
    outer loop
      vertex 0.834652 2.29319 3.95655
      vertex 0.754112 2.32092 3.95655
      vertex 0.501198 1.37703 3.88837
    endloop
  endfacet
  facet normal 0.157403 -0.0733912 0.984804
    outer loop
      vertex -4.00148 1.78157 4.19473
      vertex -3.93687 1.92014 4.19473
      vertex -4.88075 2.17305 4.36444
    endloop
  endfacet
  facet normal 0.100985 -0.0270512 0.99452
    outer loop
      vertex -2.36787 0.590376 3.95655
      vertex -2.34583 0.672654 3.95655
      vertex -3.28015 0.940568 4.05871
    endloop
  endfacet
  facet normal 0.108174 -0.0875989 0.990265
    outer loop
      vertex -2.68896 2.10085 4.05871
      vertex -3.3554 2.81552 4.19473
      vertex -3.45162 2.6967 4.19473
    endloop
  endfacet
  facet normal 0.166069 -0.125145 0.978141
    outer loop
      vertex -4.3223 3.14033 4.36444
      vertex -4.21007 3.28926 4.36444
      vertex -4.96339 3.87782 4.56764
    endloop
  endfacet
  facet normal 0.109294 -0.134969 0.984804
    outer loop
      vertex -2.81552 3.3554 4.19473
      vertex -3.28926 4.21007 4.36444
      vertex -3.43419 4.09271 4.36444
    endloop
  endfacet
  facet normal 0.109296 -0.134968 0.984804
    outer loop
      vertex -2.81552 3.3554 4.19473
      vertex -2.6967 3.45162 4.19473
      vertex -3.28926 4.21007 4.36444
    endloop
  endfacet
  facet normal -0.173431 0.00909868 0.984804
    outer loop
      vertex 5.32964 -0.372684 4.36444
      vertex 4.3775 -0.152865 4.19473
      vertex 4.36949 -0.305545 4.19473
    endloop
  endfacet
  facet normal -0.228776 -0.0787541 0.970288
    outer loop
      vertex 6.34846 2.06274 4.66152
      vertex 6.34114 2.17419 4.66884
      vertex 5.99035 1.94638 4.56764
    endloop
  endfacet
  facet normal -0.0540667 0.12821 0.990272
    outer loop
      vertex 1.38792 -3.11733 4.05871
      vertex 1.59633 -3.95105 4.17803
      vertex 1.61078 -3.94905 4.17856
    endloop
  endfacet
  facet normal -0.0543925 0.128128 0.990265
    outer loop
      vertex 1.59633 -3.95105 4.17803
      vertex 1.38792 -3.11733 4.05871
      vertex 1.27829 -3.16387 4.05871
    endloop
  endfacet
  facet normal 0.219288 -0.102251 0.970287
    outer loop
      vertex -5.75408 2.56188 4.56764
      vertex -6.27894 2.9869 4.73105
      vertex -6.29478 2.80262 4.71521
    endloop
  endfacet
  facet normal 0.222717 -0.0945521 0.970287
    outer loop
      vertex -6.31469 2.5513 4.69529
      vertex -5.75408 2.56188 4.56764
      vertex -6.30692 2.64944 4.70307
    endloop
  endfacet
  facet normal 0.222717 -0.0945478 0.970287
    outer loop
      vertex -5.75408 2.56188 4.56764
      vertex -6.31469 2.5513 4.69529
      vertex -5.83999 2.35951 4.56764
    endloop
  endfacet
  facet normal 0.19413 -0.0745212 0.978141
    outer loop
      vertex -4.95362 2.00139 4.36444
      vertex -5.83999 2.35951 4.56764
      vertex -5.91878 2.15426 4.56764
    endloop
  endfacet
  facet normal 0.154745 -0.0788439 0.984803
    outer loop
      vertex -3.93687 1.92014 4.19473
      vertex -4.71728 2.50822 4.36444
      vertex -4.80194 2.34206 4.36444
    endloop
  endfacet
  facet normal 0.157402 -0.0733969 0.984803
    outer loop
      vertex -3.93687 1.92014 4.19473
      vertex -4.80194 2.34206 4.36444
      vertex -4.88075 2.17305 4.36444
    endloop
  endfacet
  facet normal 0.202926 -0.131777 0.970287
    outer loop
      vertex -5.34154 3.33776 4.56764
      vertex -5.2218 3.52215 4.56764
      vertex -6.00798 4.05243 4.80408
    endloop
  endfacet
  facet normal 0.20292 -0.131782 0.970287
    outer loop
      vertex -5.34154 3.33776 4.56764
      vertex -6.00798 4.05243 4.80408
      vertex -6.14575 3.84029 4.80408
    endloop
  endfacet
  facet normal 0.231136 -0.150204 0.961257
    outer loop
      vertex -6.14575 3.84029 4.80408
      vertex -6.18811 3.88902 4.82188
      vertex -6.19071 3.86838 4.81928
    endloop
  endfacet
  facet normal 0.191408 -0.0812566 0.978141
    outer loop
      vertex -4.95362 2.00139 4.36444
      vertex -5.75408 2.56188 4.56764
      vertex -5.83999 2.35951 4.56764
    endloop
  endfacet
  facet normal 0.19141 -0.081254 0.978141
    outer loop
      vertex -4.95362 2.00139 4.36444
      vertex -4.88075 2.17305 4.36444
      vertex -5.75408 2.56188 4.56764
    endloop
  endfacet
  facet normal 0.196613 -0.0676972 0.978141
    outer loop
      vertex -5.08116 1.65097 4.36444
      vertex -5.02045 1.82729 4.36444
      vertex -5.91878 2.15426 4.56764
    endloop
  endfacet
  facet normal 0.166083 -0.0507757 0.984804
    outer loop
      vertex -4.21048 1.20734 4.19473
      vertex -4.16578 1.35355 4.19473
      vertex -5.08116 1.65097 4.36444
    endloop
  endfacet
  facet normal 0.101866 -0.0235146 0.99452
    outer loop
      vertex -2.36787 0.590376 3.95655
      vertex -3.31098 0.82552 4.05871
      vertex -3.33777 0.709465 4.05871
    endloop
  endfacet
  facet normal 0.131612 -0.0453154 0.990265
    outer loop
      vertex -3.20655 1.16709 4.05871
      vertex -4.11601 1.4981 4.19473
      vertex -4.16578 1.35355 4.19473
    endloop
  endfacet
  facet normal 0.241006 -0.0210723 0.970295
    outer loop
      vertex -6.40994 0.482979 4.60005
      vertex -6.26412 0.658385 4.56764
      vertex -6.40662 0.673362 4.60336
    endloop
  endfacet
  facet normal 0.241034 -0.0210973 0.970287
    outer loop
      vertex -6.26412 0.658385 4.56764
      vertex -6.40994 0.482979 4.60005
      vertex -6.28329 0.43937 4.56764
    endloop
  endfacet
  facet normal 0.173644 0.00302158 0.984804
    outer loop
      vertex -4.3775 -0.152865 4.19473
      vertex -4.38016 0 4.19473
      vertex -5.34265 0 4.36444
    endloop
  endfacet
  facet normal 0.0962351 0.0408467 0.99452
    outer loop
      vertex -2.22938 -0.992583 3.95655
      vertex -2.26266 -0.914175 3.95655
      vertex -3.11733 -1.38792 4.05871
    endloop
  endfacet
  facet normal 0.104146 -0.00911903 0.99452
    outer loop
      vertex -2.43442 0.170231 3.95655
      vertex -2.42699 0.255087 3.95655
      vertex -3.39365 0.356687 4.05871
    endloop
  endfacet
  facet normal 0.137481 0.0217776 0.990265
    outer loop
      vertex -4.31362 -0.760607 4.19473
      vertex -3.3605 -0.592546 4.05871
      vertex -4.33754 -0.609601 4.19473
    endloop
  endfacet
  facet normal 0.173009 0.0151427 0.984804
    outer loop
      vertex -5.31338 -0.558458 4.36444
      vertex -4.36949 -0.305545 4.19473
      vertex -5.32964 -0.372684 4.36444
    endloop
  endfacet
  facet normal 0.200858 0.0538135 0.978141
    outer loop
      vertex -5.13569 -1.47263 4.36444
      vertex -5.18395 -1.2925 4.36444
      vertex -6.11153 -1.52378 4.56764
    endloop
  endfacet
  facet normal 0.236186 -0.141919 0.961288
    outer loop
      vertex -6.14575 3.84029 4.80408
      vertex -6.19255 3.85283 4.81743
      vertex -6.20591 3.74017 4.80408
    endloop
  endfacet
  facet normal 0.235728 -0.0544259 0.970294
    outer loop
      vertex -6.37789 1.51913 4.63209
      vertex -6.16099 1.30956 4.56764
      vertex -6.11153 1.52378 4.56764
    endloop
  endfacet
  facet normal 0.235763 -0.0543881 0.970288
    outer loop
      vertex -6.16099 1.30956 4.56764
      vertex -6.37789 1.51913 4.63209
      vertex -6.3852 1.35721 4.62479
    endloop
  endfacet
  facet normal 0.204121 -0.0396779 0.978141
    outer loop
      vertex -5.2259 1.1108 4.36444
      vertex -6.16099 1.30956 4.56764
      vertex -6.20294 1.09375 4.56764
    endloop
  endfacet
  facet normal 0.051026 -0.0475863 0.997563
    outer loop
      vertex -1.08901 0.980548 3.88837
      vertex -1.05412 1.01796 3.88837
      vertex -1.81354 1.63292 3.95655
    endloop
  endfacet
  facet normal 0.116742 -0.0758065 0.990265
    outer loop
      vertex -2.89383 1.80826 4.05871
      vertex -2.82896 1.90816 4.05871
      vertex -3.63132 2.44936 4.19473
    endloop
  endfacet
  facet normal 0.0913206 -0.105051 0.990265
    outer loop
      vertex -2.2833 2.53586 4.05871
      vertex -2.81552 3.3554 4.19473
      vertex -2.9309 3.2551 4.19473
    endloop
  endfacet
  facet normal 0.0758065 -0.116742 0.990265
    outer loop
      vertex -1.90816 2.82896 4.05871
      vertex -1.80826 2.89383 4.05871
      vertex -2.44936 3.63132 4.19473
    endloop
  endfacet
  facet normal 0.16502 -0.17695 0.970287
    outer loop
      vertex -4.37539 4.53085 4.56764
      vertex -4.21461 4.68079 4.56764
      vertex -5.03414 5.21301 4.80408
    endloop
  endfacet
  facet normal 0.182608 -0.158738 0.970287
    outer loop
      vertex -4.82503 4.04868 4.56764
      vertex -4.68079 4.21461 4.56764
      vertex -5.55147 4.65824 4.80408
    endloop
  endfacet
  facet normal 0.182607 -0.158741 0.970287
    outer loop
      vertex -4.68079 4.21461 4.56764
      vertex -5.38552 4.84914 4.80408
      vertex -5.55147 4.65824 4.80408
    endloop
  endfacet
  facet normal 0.201616 -0.188004 0.961252
    outer loop
      vertex -5.87856 5.37326 5.01
      vertex -5.38552 4.84914 4.80408
      vertex -5.21301 5.03414 4.80408
    endloop
  endfacet
  facet normal 0.201633 -0.187987 0.961252
    outer loop
      vertex -5.38552 4.84914 4.80408
      vertex -5.87856 5.37326 5.01
      vertex -5.9192 5.32967 5.01
    endloop
  endfacet
  facet normal 0.201609 -0.188016 0.961251
    outer loop
      vertex -5.21301 5.03414 4.80408
      vertex -5.72959 5.533 5.01
      vertex -5.87856 5.37326 5.01
    endloop
  endfacet
  facet normal 0.188016 -0.201609 0.961251
    outer loop
      vertex -5.03414 5.21301 4.80408
      vertex -5.37326 5.87856 5.01
      vertex -5.533 5.72959 5.01
    endloop
  endfacet
  facet normal 0.0467782 -0.202613 0.978141
    outer loop
      vertex -1.2925 5.18395 4.36444
      vertex -1.1108 5.2259 4.36444
      vertex -1.52378 6.11153 4.56764
    endloop
  endfacet
  facet normal 0.0608026 -0.198855 0.978141
    outer loop
      vertex -1.65097 5.08116 4.36444
      vertex -1.47263 5.13569 4.36444
      vertex -1.94638 5.99035 4.56764
    endloop
  endfacet
  facet normal 0.0607995 -0.198856 0.978141
    outer loop
      vertex -1.47263 5.13569 4.36444
      vertex -1.73614 6.05463 4.56764
      vertex -1.94638 5.99035 4.56764
    endloop
  endfacet
  facet normal 0.0676972 -0.196613 0.978141
    outer loop
      vertex -1.82729 5.02045 4.36444
      vertex -1.65097 5.08116 4.36444
      vertex -2.15426 5.91878 4.56764
    endloop
  endfacet
  facet normal 0.0565404 -0.16421 0.984804
    outer loop
      vertex -1.35355 4.16578 4.19473
      vertex -1.65097 5.08116 4.36444
      vertex -1.82729 5.02045 4.36444
    endloop
  endfacet
  facet normal 0.0622356 -0.162138 0.984804
    outer loop
      vertex -1.64084 4.06122 4.19473
      vertex -1.4981 4.11601 4.19473
      vertex -1.82729 5.02045 4.36444
    endloop
  endfacet
  facet normal 0.0565394 -0.164211 0.984804
    outer loop
      vertex -1.4981 4.11601 4.19473
      vertex -1.35355 4.16578 4.19473
      vertex -1.82729 5.02045 4.36444
    endloop
  endfacet
  facet normal 0.0543907 -0.128129 0.990265
    outer loop
      vertex -1.38792 3.11733 4.05871
      vertex -1.64084 4.06122 4.19473
      vertex -1.78157 4.00148 4.19473
    endloop
  endfacet
  facet normal 0.022712 -0.0659713 0.997563
    outer loop
      vertex -0.501198 1.37703 3.88837
      vertex -0.452835 1.39368 3.88837
      vertex -0.754112 2.32092 3.95655
    endloop
  endfacet
  facet normal 0.079836 -0.114023 0.990265
    outer loop
      vertex -2.00572 2.76064 4.05871
      vertex -2.44936 3.63132 4.19473
      vertex -2.5746 3.54363 4.19473
    endloop
  endfacet
  facet normal 0.0837697 -0.111165 0.990265
    outer loop
      vertex -2.00572 2.76064 4.05871
      vertex -2.5746 3.54363 4.19473
      vertex -2.6967 3.45162 4.19473
    endloop
  endfacet
  facet normal -0.0841948 -0.151897 0.984804
    outer loop
      vertex 2.67133 4.62687 4.36444
      vertex 2.50822 4.71728 4.36444
      vertex 2.19008 3.79333 4.19473
    endloop
  endfacet
  facet normal -0.113251 -0.174398 0.978141
    outer loop
      vertex 3.52215 5.2218 4.56764
      vertex 3.33776 5.34154 4.56764
      vertex 2.83117 4.53083 4.36444
    endloop
  endfacet
  facet normal -0.0878793 -0.188459 0.978141
    outer loop
      vertex 2.34206 4.80194 4.36444
      vertex 2.76114 5.66117 4.56764
      vertex 2.17305 4.88075 4.36444
    endloop
  endfacet
  facet normal -0.100809 -0.181871 0.978141
    outer loop
      vertex 2.67133 4.62687 4.36444
      vertex 2.95703 5.56136 4.56764
      vertex 2.50822 4.71728 4.36444
    endloop
  endfacet
  facet normal -0.109853 -0.215581 0.970287
    outer loop
      vertex 3.0594 6.27271 4.73728
      vertex 2.95703 5.56136 4.56764
      vertex 3.11996 6.2671 4.74289
    endloop
  endfacet
  facet normal -0.109844 -0.215583 0.970288
    outer loop
      vertex 2.95703 5.56136 4.56764
      vertex 3.0594 6.27271 4.73728
      vertex 2.76114 5.66117 4.56764
    endloop
  endfacet
  facet normal -0.0733969 -0.157402 0.984803
    outer loop
      vertex 2.34206 4.80194 4.36444
      vertex 2.17305 4.88075 4.36444
      vertex 1.92014 3.93687 4.19473
    endloop
  endfacet
  facet normal -0.0867509 -0.225867 0.970288
    outer loop
      vertex 2.43727 6.32296 4.68702
      vertex 2.35951 5.83999 4.56764
      vertex 2.5513 6.31469 4.69529
    endloop
  endfacet
  facet normal -0.0867074 -0.225875 0.97029
    outer loop
      vertex 2.35951 5.83999 4.56764
      vertex 2.43727 6.32296 4.68702
      vertex 2.15426 5.91878 4.56764
    endloop
  endfacet
  facet normal 0.0543881 -0.235763 0.970288
    outer loop
      vertex -1.51913 6.37789 4.63209
      vertex -1.30956 6.16099 4.56764
      vertex -1.35721 6.3852 4.62479
    endloop
  endfacet
  facet normal 0.0544259 -0.235728 0.970294
    outer loop
      vertex -1.30956 6.16099 4.56764
      vertex -1.51913 6.37789 4.63209
      vertex -1.52378 6.11153 4.56764
    endloop
  endfacet
  facet normal 0.0169614 -0.138158 0.990265
    outer loop
      vertex -0.356687 3.39365 4.05871
      vertex -0.457851 4.35617 4.19473
      vertex -0.609601 4.33754 4.19473
    endloop
  endfacet
  facet normal 0.0121306 -0.138666 0.990265
    outer loop
      vertex -0.356687 3.39365 4.05871
      vertex -0.238032 3.40403 4.05871
      vertex -0.457851 4.35617 4.19473
    endloop
  endfacet
  facet normal 0.0253388 -0.206393 0.978141
    outer loop
      vertex -0.558458 5.31338 4.36444
      vertex -0.658385 6.26412 4.56764
      vertex -0.876599 6.23733 4.56764
    endloop
  endfacet
  facet normal -0.00546163 -0.104402 0.99452
    outer loop
      vertex 0.170231 2.43442 3.95655
      vertex 0.119088 3.41026 4.05871
      vertex 0.0851669 2.43887 3.95655
    endloop
  endfacet
  facet normal 0.00546163 -0.104402 0.99452
    outer loop
      vertex -0.0851669 2.43887 3.95655
      vertex -0.119088 3.41026 4.05871
      vertex -0.170231 2.43442 3.95655
    endloop
  endfacet
  facet normal -0.00728068 -0.139004 0.990265
    outer loop
      vertex 0.238032 3.40403 4.05871
      vertex 0.152865 4.3775 4.19473
      vertex 0.119088 3.41026 4.05871
    endloop
  endfacet
  facet normal -0.0217776 -0.137481 0.990265
    outer loop
      vertex 0.760607 4.31362 4.19473
      vertex 0.609601 4.33754 4.19473
      vertex 0.592546 3.3605 4.05871
    endloop
  endfacet
  facet normal 0.0030267 -0.173645 0.984804
    outer loop
      vertex -0.152865 4.3775 4.19473
      vertex 0 5.34265 4.36444
      vertex -0.186456 5.3394 4.36444
    endloop
  endfacet
  facet normal -0.0253388 -0.206393 0.978141
    outer loop
      vertex 0.876599 6.23733 4.56764
      vertex 0.658385 6.26412 4.56764
      vertex 0.558458 5.31338 4.36444
    endloop
  endfacet
  facet normal -0.0745212 -0.19413 0.978141
    outer loop
      vertex 2.35951 5.83999 4.56764
      vertex 2.15426 5.91878 4.56764
      vertex 2.00139 4.95362 4.36444
    endloop
  endfacet
  facet normal -0.0607995 -0.198856 0.978141
    outer loop
      vertex 1.94638 5.99035 4.56764
      vertex 1.73614 6.05463 4.56764
      vertex 1.47263 5.13569 4.36444
    endloop
  endfacet
  facet normal -0.0151308 -0.173012 0.984804
    outer loop
      vertex 0.457851 4.35617 4.19473
      vertex 0.558458 5.31338 4.36444
      vertex 0.305545 4.36949 4.19473
    endloop
  endfacet
  facet normal -0.00363199 -0.20791 0.978141
    outer loop
      vertex 0.219818 6.29479 4.56764
      vertex 0 6.29863 4.56764
      vertex 0 5.34265 4.36444
    endloop
  endfacet
  facet normal -0.0745188 -0.19413 0.978141
    outer loop
      vertex 2.00139 4.95362 4.36444
      vertex 2.15426 5.91878 4.56764
      vertex 1.82729 5.02045 4.36444
    endloop
  endfacet
  facet normal -0.0676972 -0.196613 0.978141
    outer loop
      vertex 1.82729 5.02045 4.36444
      vertex 2.15426 5.91878 4.56764
      vertex 1.65097 5.08116 4.36444
    endloop
  endfacet
  facet normal 0.15227 -0.188035 0.970287
    outer loop
      vertex -3.87782 4.96339 4.56764
      vertex -4.46166 5.71066 4.80408
      vertex -4.65824 5.55147 4.80408
    endloop
  endfacet
  facet normal 0.158738 -0.182608 0.970287
    outer loop
      vertex -4.21461 4.68079 4.56764
      vertex -4.04868 4.82503 4.56764
      vertex -4.65824 5.55147 4.80408
    endloop
  endfacet
  facet normal 0.18087 -0.208061 0.961247
    outer loop
      vertex -5.32967 5.9192 5.01
      vertex -5.14022 6.00974 4.99395
      vertex -5.26922 5.97175 5.01
    endloop
  endfacet
  facet normal 0.180864 -0.208047 0.961252
    outer loop
      vertex -5.14022 6.00974 4.99395
      vertex -5.32967 5.9192 5.01
      vertex -4.84914 5.38552 4.80408
    endloop
  endfacet
  facet normal 0.194931 -0.194931 0.961251
    outer loop
      vertex -5.533 5.72959 5.01
      vertex -5.21301 5.03414 4.80408
      vertex -5.03414 5.21301 4.80408
    endloop
  endfacet
  facet normal 0.194931 -0.194931 0.961251
    outer loop
      vertex -5.21301 5.03414 4.80408
      vertex -5.533 5.72959 5.01
      vertex -5.72959 5.533 5.01
    endloop
  endfacet
  facet normal 0.125144 -0.16607 0.978141
    outer loop
      vertex -3.14033 4.3223 4.36444
      vertex -3.70224 5.0957 4.56764
      vertex -3.87782 4.96339 4.56764
    endloop
  endfacet
  facet normal 0.119271 -0.170337 0.978141
    outer loop
      vertex -3.14033 4.3223 4.36444
      vertex -3.52215 5.2218 4.56764
      vertex -3.70224 5.0957 4.56764
    endloop
  endfacet
  facet normal 0.0631951 -0.124023 0.990265
    outer loop
      vertex -1.602 3.01292 4.05871
      vertex -1.92014 3.93687 4.19473
      vertex -2.05636 3.86746 4.19473
    endloop
  endfacet
  facet normal 0.094401 -0.185278 0.978141
    outer loop
      vertex -2.50822 4.71728 4.36444
      vertex -2.34206 4.80194 4.36444
      vertex -2.76114 5.66117 4.56764
    endloop
  endfacet
  facet normal 0.113251 -0.174398 0.978141
    outer loop
      vertex -2.83117 4.53083 4.36444
      vertex -3.33776 5.34154 4.56764
      vertex -3.52215 5.2218 4.56764
    endloop
  endfacet
  facet normal 0.141919 -0.236186 0.961288
    outer loop
      vertex -3.84029 6.14575 4.80408
      vertex -3.74017 6.20591 4.80408
      vertex -3.85283 6.19255 4.81743
    endloop
  endfacet
  facet normal 0.0945478 -0.222717 0.970287
    outer loop
      vertex -2.5513 6.31469 4.69529
      vertex -2.56188 5.75408 4.56764
      vertex -2.35951 5.83999 4.56764
    endloop
  endfacet
  facet normal 0.0945521 -0.222717 0.970287
    outer loop
      vertex -2.56188 5.75408 4.56764
      vertex -2.5513 6.31469 4.69529
      vertex -2.64944 6.30692 4.70307
    endloop
  endfacet
  facet normal 0.0867074 -0.225875 0.97029
    outer loop
      vertex -2.43727 6.32296 4.68702
      vertex -2.35951 5.83999 4.56764
      vertex -2.15426 5.91878 4.56764
    endloop
  endfacet
  facet normal 0.0867509 -0.225867 0.970288
    outer loop
      vertex -2.35951 5.83999 4.56764
      vertex -2.43727 6.32296 4.68702
      vertex -2.5513 6.31469 4.69529
    endloop
  endfacet
  facet normal 0.102249 -0.21929 0.970287
    outer loop
      vertex -2.9869 6.27894 4.73105
      vertex -2.76114 5.66117 4.56764
      vertex -2.56188 5.75408 4.56764
    endloop
  endfacet
  facet normal 0.102222 -0.2193 0.970288
    outer loop
      vertex -2.76114 5.66117 4.56764
      vertex -2.9869 6.27894 4.73105
      vertex -3.0594 6.27271 4.73728
    endloop
  endfacet
  facet normal 0.158105 -0.225797 0.961259
    outer loop
      vertex -4.15163 6.15504 4.85494
      vertex -4.25964 5.86289 4.80408
      vertex -4.05243 6.00798 4.80408
    endloop
  endfacet
  facet normal 0.158128 -0.225804 0.961253
    outer loop
      vertex -4.25964 5.86289 4.80408
      vertex -4.15163 6.15504 4.85494
      vertex -4.35109 6.12847 4.88151
    endloop
  endfacet
  facet normal 0.00911903 -0.104146 0.99452
    outer loop
      vertex -0.255087 2.42699 3.95655
      vertex -0.170231 2.43442 3.95655
      vertex -0.356687 3.39365 4.05871
    endloop
  endfacet
  facet normal 0.00608593 -0.0695058 0.997563
    outer loop
      vertex -0.102221 1.46184 3.88837
      vertex -0.170231 2.43442 3.95655
      vertex -0.255087 2.42699 3.95655
    endloop
  endfacet
  facet normal 0.0199509 -0.102624 0.99452
    outer loop
      vertex -0.50738 2.38703 3.95655
      vertex -0.592546 3.3605 4.05871
      vertex -0.709465 3.33777 4.05871
    endloop
  endfacet
  facet normal 0.0163485 -0.103259 0.99452
    outer loop
      vertex -0.423763 2.40329 3.95655
      vertex -0.339632 2.41661 3.95655
      vertex -0.592546 3.3605 4.05871
    endloop
  endfacet
  facet normal 0.0340342 -0.0988503 0.99452
    outer loop
      vertex -0.834652 2.29319 3.95655
      vertex -0.754112 2.32092 3.95655
      vertex -1.16709 3.20655 4.05871
    endloop
  endfacet
  facet normal 0.0272606 -0.0642262 0.997563
    outer loop
      vertex -0.596034 1.33872 3.88837
      vertex -0.914175 2.26266 3.95655
      vertex -0.992583 2.22938 3.95655
    endloop
  endfacet
  facet normal 0.031674 -0.0621681 0.997563
    outer loop
      vertex -0.687966 1.29388 3.88837
      vertex -0.642391 1.3171 3.88837
      vertex -1.14568 2.15471 3.95655
    endloop
  endfacet
  facet normal 0.0294886 -0.0632342 0.997563
    outer loop
      vertex -0.596034 1.33872 3.88837
      vertex -0.992583 2.22938 3.95655
      vertex -1.06978 2.19338 3.95655
    endloop
  endfacet
  facet normal 0.0313082 -0.135628 0.990265
    outer loop
      vertex -0.82552 3.31098 4.05871
      vertex -0.709465 3.33777 4.05871
      vertex -1.05966 4.25006 4.19473
    endloop
  endfacet
  facet normal 0.0235146 -0.101866 0.99452
    outer loop
      vertex -0.590376 2.36787 3.95655
      vertex -0.709465 3.33777 4.05871
      vertex -0.82552 3.31098 4.05871
    endloop
  endfacet
  facet normal -0.102251 -0.219288 0.970287
    outer loop
      vertex 2.9869 6.27894 4.73105
      vertex 2.80262 6.29478 4.71521
      vertex 2.56188 5.75408 4.56764
    endloop
  endfacet
  facet normal -0.141919 -0.236186 0.961288
    outer loop
      vertex 3.84029 6.14575 4.80408
      vertex 3.85283 6.19255 4.81743
      vertex 3.74017 6.20591 4.80408
    endloop
  endfacet
  facet normal -0.142297 -0.236077 0.961259
    outer loop
      vertex 3.86838 6.19071 4.81928
      vertex 3.85283 6.19255 4.81743
      vertex 3.84029 6.14575 4.80408
    endloop
  endfacet
  facet normal -0.138781 -0.198201 0.970287
    outer loop
      vertex 3.70224 5.0957 4.56764
      vertex 4.25964 5.86289 4.80408
      vertex 3.52215 5.2218 4.56764
    endloop
  endfacet
  facet normal -0.124625 -0.207405 0.970284
    outer loop
      vertex 3.60636 6.22007 4.78992
      vertex 3.84029 6.14575 4.80408
      vertex 3.74017 6.20591 4.80408
    endloop
  endfacet
  facet normal -0.124622 -0.207394 0.970287
    outer loop
      vertex 3.84029 6.14575 4.80408
      vertex 3.60636 6.22007 4.78992
      vertex 3.33776 5.34154 4.56764
    endloop
  endfacet
  facet normal -0.136426 -0.156932 0.978141
    outer loop
      vertex 3.57493 3.97036 4.36444
      vertex 4.21461 4.68079 4.56764
      vertex 3.43419 4.09271 4.36444
    endloop
  endfacet
  facet normal -0.130863 -0.161602 0.978141
    outer loop
      vertex 4.04868 4.82503 4.56764
      vertex 3.87782 4.96339 4.56764
      vertex 3.43419 4.09271 4.36444
    endloop
  endfacet
  facet normal 0.0462261 -0.237497 0.970288
    outer loop
      vertex -1.30956 6.16099 4.56764
      vertex -1.29769 6.38747 4.62251
      vertex -1.35721 6.3852 4.62479
    endloop
  endfacet
  facet normal -0.161603 -0.130861 0.978141
    outer loop
      vertex 4.21007 3.28926 4.36444
      vertex 4.96339 3.87782 4.56764
      vertex 4.09271 3.43419 4.36444
    endloop
  endfacet
  facet normal 0.0348587 0.00182212 0.999391
    outer loop
      vertex -1.46184 -0.102221 3.88837
      vertex -0.487476 -0.0340872 3.85426
      vertex -1.46451 -0.0511417 3.88837
    endloop
  endfacet
  facet normal 0.0689129 0.0109106 0.997563
    outer loop
      vertex -2.40329 -0.423763 3.95655
      vertex -1.44314 -0.254465 3.88837
      vertex -2.41661 -0.339632 3.95655
    endloop
  endfacet
  facet normal -0.0342649 0.00666143 0.999391
    outer loop
      vertex 1.43338 -0.304675 3.88837
      vertex 0.481243 -0.084856 3.85426
      vertex 0.477988 -0.101599 3.85426
    endloop
  endfacet
  facet normal -0.0557239 -0.0419875 0.997563
    outer loop
      vertex 1.97429 1.43441 3.95655
      vertex 1.92303 1.50244 3.95655
      vertex 1.18554 0.861344 3.88837
    endloop
  endfacet
  facet normal 0.0109106 -0.0689129 0.997563
    outer loop
      vertex -0.254465 1.44314 3.88837
      vertex -0.339632 2.41661 3.95655
      vertex -0.423763 2.40329 3.95655
    endloop
  endfacet
  facet normal 0.00364501 -0.0696763 0.997563
    outer loop
      vertex -0.0511417 1.46451 3.88837
      vertex -0.0851669 2.43887 3.95655
      vertex -0.170231 2.43442 3.95655
    endloop
  endfacet
  facet normal 0.000614193 -0.034901 0.999391
    outer loop
      vertex -0.0170536 0.488369 3.85426
      vertex 0 1.46541 3.88837
      vertex -0.0511417 1.46451 3.88837
    endloop
  endfacet
  facet normal -0.0133182 -0.0684886 0.997563
    outer loop
      vertex 0.50738 2.38703 3.95655
      vertex 0.423763 2.40329 3.95655
      vertex 0.304675 1.43338 3.88837
    endloop
  endfacet
  facet normal -0.0270512 -0.100985 0.99452
    outer loop
      vertex 0.672654 2.34583 3.95655
      vertex 0.940568 3.28015 4.05871
      vertex 0.590376 2.36787 3.95655
    endloop
  endfacet
  facet normal 0.0179814 -0.0299187 0.999391
    outer loop
      vertex -0.258954 0.414412 3.85426
      vertex -0.732703 1.26908 3.88837
      vertex -0.776546 1.24273 3.88837
    endloop
  endfacet
  facet normal -0.0498774 -0.129952 0.990265
    outer loop
      vertex 1.27829 3.16387 4.05871
      vertex 1.64084 4.06122 4.19473
      vertex 1.16709 3.20655 4.05871
    endloop
  endfacet
  facet normal 0.0136385 -0.0321315 0.999391
    outer loop
      vertex -0.198758 0.44642 3.85426
      vertex -0.183058 0.453084 3.85426
      vertex -0.596034 1.33872 3.88837
    endloop
  endfacet
  facet normal 0.0229017 -0.0263431 0.999391
    outer loop
      vertex -0.326982 0.363151 3.85426
      vertex -0.941945 1.12257 3.88837
      vertex -0.980548 1.08901 3.88837
    endloop
  endfacet
  facet normal -0.0419875 -0.0557239 0.997563
    outer loop
      vertex 1.50244 1.92303 3.95655
      vertex 1.43441 1.97429 3.95655
      vertex 0.861344 1.18554 3.88837
    endloop
  endfacet
  facet normal -0.0294907 -0.0632331 0.997563
    outer loop
      vertex 0.642391 1.3171 3.88837
      vertex 1.06978 2.19338 3.95655
      vertex 0.596034 1.33872 3.88837
    endloop
  endfacet
  facet normal 0.0219678 0.0271267 0.999391
    outer loop
      vertex -0.300853 -0.385075 3.85426
      vertex -0.314109 -0.37434 3.85426
      vertex -0.941945 -1.12257 3.88837
    endloop
  endfacet
  facet normal -0.0758088 -0.11674 0.990265
    outer loop
      vertex 2.44936 3.63132 4.19473
      vertex 2.32113 3.71459 4.19473
      vertex 1.80826 2.89383 4.05871
    endloop
  endfacet
  facet normal -0.188016 -0.201609 0.961251
    outer loop
      vertex 5.533 5.72959 5.01
      vertex 5.37326 5.87856 5.01
      vertex 5.03414 5.21301 4.80408
    endloop
  endfacet
  facet normal -0.0984252 -0.0984252 0.990265
    outer loop
      vertex 3.04272 3.15083 4.19473
      vertex 2.45463 2.37041 4.05871
      vertex 3.15083 3.04272 4.19473
    endloop
  endfacet
  facet normal -0.0984252 -0.0984252 0.990265
    outer loop
      vertex 2.45463 2.37041 4.05871
      vertex 3.04272 3.15083 4.19473
      vertex 2.37041 2.45463 4.05871
    endloop
  endfacet
  facet normal -0.0856387 -0.0599643 0.99452
    outer loop
      vertex 2.02315 1.36463 3.95655
      vertex 2.76064 2.00572 4.05871
      vertex 1.97429 1.43441 3.95655
    endloop
  endfacet
  facet normal -0.126156 -0.0588217 0.990265
    outer loop
      vertex 4.00148 1.78157 4.19473
      vertex 3.93687 1.92014 4.19473
      vertex 3.11733 1.38792 4.05871
    endloop
  endfacet
  facet normal -0.198856 -0.0607995 0.978141
    outer loop
      vertex 6.05463 1.73614 4.56764
      vertex 5.99035 1.94638 4.56764
      vertex 5.13569 1.47263 4.36444
    endloop
  endfacet
  facet normal -0.185278 -0.094401 0.978141
    outer loop
      vertex 4.80194 2.34206 4.36444
      vertex 5.66117 2.76114 4.56764
      vertex 4.71728 2.50822 4.36444
    endloop
  endfacet
  facet normal -0.0976022 -0.037461 0.99452
    outer loop
      vertex 3.20655 1.16709 4.05871
      vertex 3.16387 1.27829 4.05871
      vertex 2.26266 0.914175 3.95655
    endloop
  endfacet
  facet normal -0.148866 -0.089446 0.984804
    outer loop
      vertex 4.62687 2.67133 4.36444
      vertex 4.53083 2.83117 4.36444
      vertex 3.71459 2.32113 4.19473
    endloop
  endfacet
  facet normal -0.181871 -0.100809 0.978141
    outer loop
      vertex 4.71728 2.50822 4.36444
      vertex 5.56136 2.95703 4.56764
      vertex 4.62687 2.67133 4.36444
    endloop
  endfacet
  facet normal -0.0585209 -0.0379917 0.997563
    outer loop
      vertex 1.24273 0.776546 3.88837
      vertex 2.06954 1.29319 3.95655
      vertex 1.21488 0.819445 3.88837
    endloop
  endfacet
  facet normal -0.116742 -0.0758065 0.990265
    outer loop
      vertex 2.89383 1.80826 4.05871
      vertex 3.63132 2.44936 4.19473
      vertex 2.82896 1.90816 4.05871
    endloop
  endfacet
  facet normal -0.104402 -0.00546834 0.99452
    outer loop
      vertex 3.41026 0.119088 4.05871
      vertex 3.40403 0.238032 4.05871
      vertex 2.43442 0.170231 3.95655
    endloop
  endfacet
  facet normal -0.104402 -0.00546163 0.99452
    outer loop
      vertex 2.43887 0.0851669 3.95655
      vertex 3.41026 0.119088 4.05871
      vertex 2.43442 0.170231 3.95655
    endloop
  endfacet
  facet normal -0.103259 -0.0163485 0.99452
    outer loop
      vertex 2.41661 0.339632 3.95655
      vertex 3.3605 0.592546 4.05871
      vertex 2.40329 0.423763 3.95655
    endloop
  endfacet
  facet normal -0.136636 -0.0265632 0.990265
    outer loop
      vertex 3.3605 0.592546 4.05871
      vertex 4.28445 0.910687 4.19473
      vertex 3.33777 0.709465 4.05871
    endloop
  endfacet
  facet normal -0.00425261 -0.0346463 0.999391
    outer loop
      vertex 0.0680084 0.483912 3.85426
      vertex 0.153176 1.45738 3.88837
      vertex 0.0510788 0.48599 3.85426
    endloop
  endfacet
  facet normal -0.0526559 -0.0457771 0.997563
    outer loop
      vertex 1.12257 0.941945 3.88837
      vertex 1.86942 1.56863 3.95655
      vertex 1.08901 0.980548 3.88837
    endloop
  endfacet
  facet normal -0.059802 -0.0359415 0.997563
    outer loop
      vertex 1.26908 0.732703 3.88837
      vertex 2.06954 1.29319 3.95655
      vertex 1.24273 0.776546 3.88837
    endloop
  endfacet
  facet normal -0.0169239 0.0305292 0.999391
    outer loop
      vertex 0.687966 -1.29388 3.88837
      vertex 0.732703 -1.26908 3.88837
      vertex 0.229415 -0.431467 3.85426
    endloop
  endfacet
  facet normal -0.0133132 -0.0684892 0.997563
    outer loop
      vertex 0.304675 1.43338 3.88837
      vertex 0.423763 2.40329 3.95655
      vertex 0.254465 1.44314 3.88837
    endloop
  endfacet
  facet normal -0.0271272 0.0219673 0.999391
    outer loop
      vertex 1.12257 -0.941945 3.88837
      vertex 1.15476 -0.902194 3.88837
      vertex 0.385075 -0.300853 3.85426
    endloop
  endfacet
  facet normal -0.0659708 -0.0227138 0.997563
    outer loop
      vertex 2.32092 0.754112 3.95655
      vertex 2.29319 0.834652 3.95655
      vertex 1.37703 0.501198 3.88837
    endloop
  endfacet
  facet normal -0.0651363 -0.0250067 0.997563
    outer loop
      vertex 2.29319 0.834652 3.95655
      vertex 2.26266 0.914175 3.95655
      vertex 1.37703 0.501198 3.88837
    endloop
  endfacet
  facet normal 0.0342651 -0.00666058 0.999391
    outer loop
      vertex -0.481243 0.084856 3.85426
      vertex -1.43338 0.304675 3.88837
      vertex -1.44314 0.254465 3.88837
    endloop
  endfacet
  facet normal -0.103765 -0.0127398 0.99452
    outer loop
      vertex 2.42699 0.255087 3.95655
      vertex 3.39365 0.356687 4.05871
      vertex 2.41661 0.339632 3.95655
    endloop
  endfacet
  facet normal -0.0337167 -0.00903533 0.999391
    outer loop
      vertex 1.42188 0.354513 3.88837
      vertex 1.40864 0.40392 3.88837
      vertex 0.469737 0.134694 3.85426
    endloop
  endfacet
  facet normal -0.0673957 -0.0180535 0.997563
    outer loop
      vertex 2.36787 0.590376 3.95655
      vertex 2.34583 0.672654 3.95655
      vertex 1.42188 0.354513 3.88837
    endloop
  endfacet
  facet normal -0.0689129 -0.0109106 0.997563
    outer loop
      vertex 2.41661 0.339632 3.95655
      vertex 2.40329 0.423763 3.95655
      vertex 1.44314 0.254465 3.88837
    endloop
  endfacet
  facet normal -0.0342651 -0.00666058 0.999391
    outer loop
      vertex 1.44314 0.254465 3.88837
      vertex 1.43338 0.304675 3.88837
      vertex 0.481243 0.084856 3.85426
    endloop
  endfacet
  facet normal -0.24012 -0.0295001 0.970295
    outer loop
      vertex 6.40216 0.85636 4.60782
      vertex 6.26412 0.658385 4.56764
      vertex 6.40662 0.673362 4.60336
    endloop
  endfacet
  facet normal -0.240144 -0.0294823 0.970289
    outer loop
      vertex 6.26412 0.658385 4.56764
      vertex 6.40216 0.85636 4.60782
      vertex 6.23733 0.876599 4.56764
    endloop
  endfacet
  facet normal -0.16775 -0.044959 0.984804
    outer loop
      vertex 4.25006 1.05966 4.19473
      vertex 5.13569 1.47263 4.36444
      vertex 4.21048 1.20734 4.19473
    endloop
  endfacet
  facet normal -0.170482 -0.0331355 0.984804
    outer loop
      vertex 5.26148 0.927741 4.36444
      vertex 5.2259 1.1108 4.36444
      vertex 4.28445 0.910687 4.19473
    endloop
  endfacet
  facet normal -0.235763 -0.0543881 0.970288
    outer loop
      vertex 6.37789 1.51913 4.63209
      vertex 6.16099 1.30956 4.56764
      vertex 6.3852 1.35721 4.62479
    endloop
  endfacet
  facet normal -0.235728 -0.0544259 0.970294
    outer loop
      vertex 6.16099 1.30956 4.56764
      vertex 6.37789 1.51913 4.63209
      vertex 6.11153 1.52378 4.56764
    endloop
  endfacet
  facet normal -0.139005 0.00729256 0.990265
    outer loop
      vertex 4.36949 -0.305545 4.19473
      vertex 4.3775 -0.152865 4.19473
      vertex 3.40403 -0.238032 4.05871
    endloop
  endfacet
  facet normal -0.138158 0.0169614 0.990265
    outer loop
      vertex 4.33754 -0.609601 4.19473
      vertex 4.35617 -0.457851 4.19473
      vertex 3.39365 -0.356687 4.05871
    endloop
  endfacet
  facet normal -0.0163524 -0.103258 0.99452
    outer loop
      vertex 0.592546 3.3605 4.05871
      vertex 0.474906 3.37913 4.05871
      vertex 0.339632 2.41661 3.95655
    endloop
  endfacet
  facet normal -0.0265574 -0.136638 0.990265
    outer loop
      vertex 0.910687 4.28445 4.19473
      vertex 0.760607 4.31362 4.19473
      vertex 0.592546 3.3605 4.05871
    endloop
  endfacet
  facet normal -0.0390643 -0.169222 0.984804
    outer loop
      vertex 1.05966 4.25006 4.19473
      vertex 1.1108 5.2259 4.36444
      vertex 0.910687 4.28445 4.19473
    endloop
  endfacet
  facet normal -0.0331355 -0.170482 0.984804
    outer loop
      vertex 1.1108 5.2259 4.36444
      vertex 0.927741 5.26148 4.36444
      vertex 0.910687 4.28445 4.19473
    endloop
  endfacet
  facet normal -0.0449449 -0.167756 0.984803
    outer loop
      vertex 1.47263 5.13569 4.36444
      vertex 1.2925 5.18395 4.36444
      vertex 1.05966 4.25006 4.19473
    endloop
  endfacet
  facet normal -0.044959 -0.16775 0.984804
    outer loop
      vertex 1.20734 4.21048 4.19473
      vertex 1.47263 5.13569 4.36444
      vertex 1.05966 4.25006 4.19473
    endloop
  endfacet
  facet normal -0.0360342 -0.13445 0.990265
    outer loop
      vertex 1.20734 4.21048 4.19473
      vertex 1.05966 4.25006 4.19473
      vertex 0.940568 3.28015 4.05871
    endloop
  endfacet
  facet normal -0.0340379 -0.0988486 0.99452
    outer loop
      vertex 1.16709 3.20655 4.05871
      vertex 1.05447 3.24533 4.05871
      vertex 0.754112 2.32092 3.95655
    endloop
  endfacet
  facet normal -0.0543928 -0.128128 0.990265
    outer loop
      vertex 1.38792 3.11733 4.05871
      vertex 1.64084 4.06122 4.19473
      vertex 1.27829 3.16387 4.05871
    endloop
  endfacet
  facet normal -0.0588217 -0.126156 0.990265
    outer loop
      vertex 1.92014 3.93687 4.19473
      vertex 1.78157 4.00148 4.19473
      vertex 1.38792 3.11733 4.05871
    endloop
  endfacet
  facet normal -0.0313092 -0.135627 0.990265
    outer loop
      vertex 1.05966 4.25006 4.19473
      vertex 0.910687 4.28445 4.19473
      vertex 0.709465 3.33777 4.05871
    endloop
  endfacet
  facet normal -0.0507757 -0.166083 0.984804
    outer loop
      vertex 1.35355 4.16578 4.19473
      vertex 1.65097 5.08116 4.36444
      vertex 1.20734 4.21048 4.19473
    endloop
  endfacet
  facet normal -0.0674886 -0.12174 0.990265
    outer loop
      vertex 2.19008 3.79333 4.19473
      vertex 2.05636 3.86746 4.19473
      vertex 1.70617 2.95517 4.05871
    endloop
  endfacet
  facet normal -0.0842048 -0.151894 0.984803
    outer loop
      vertex 2.19008 3.79333 4.19473
      vertex 2.50822 4.71728 4.36444
      vertex 2.05636 3.86746 4.19473
    endloop
  endfacet
  facet normal -0.10452 -0.138699 0.984804
    outer loop
      vertex 3.28926 4.21007 4.36444
      vertex 3.14033 4.3223 4.36444
      vertex 2.5746 3.54363 4.19473
    endloop
  endfacet
  facet normal -0.104519 -0.1387 0.984804
    outer loop
      vertex 2.6967 3.45162 4.19473
      vertex 3.28926 4.21007 4.36444
      vertex 2.5746 3.54363 4.19473
    endloop
  endfacet
  facet normal -0.201633 -0.187987 0.961252
    outer loop
      vertex 5.87856 5.37326 5.01
      vertex 5.38552 4.84914 4.80408
      vertex 5.9192 5.32967 5.01
    endloop
  endfacet
  facet normal -0.201616 -0.188004 0.961252
    outer loop
      vertex 5.38552 4.84914 4.80408
      vertex 5.87856 5.37326 5.01
      vertex 5.21301 5.03414 4.80408
    endloop
  endfacet
  facet normal -0.145652 -0.0945901 0.984804
    outer loop
      vertex 4.53083 2.83117 4.36444
      vertex 4.42926 2.98757 4.36444
      vertex 3.63132 2.44936 4.19473
    endloop
  endfacet
  facet normal -0.134968 -0.109296 0.984804
    outer loop
      vertex 3.45162 2.6967 4.19473
      vertex 4.21007 3.28926 4.36444
      vertex 3.3554 2.81552 4.19473
    endloop
  endfacet
  facet normal -0.138699 -0.10452 0.984804
    outer loop
      vertex 4.3223 3.14033 4.36444
      vertex 4.21007 3.28926 4.36444
      vertex 3.54363 2.5746 4.19473
    endloop
  endfacet
  facet normal -0.206393 0.0253388 0.978141
    outer loop
      vertex 6.23733 -0.876599 4.56764
      vertex 6.26412 -0.658385 4.56764
      vertex 5.31338 -0.558458 4.36444
    endloop
  endfacet
  facet normal -0.185286 0.0943703 0.978143
    outer loop
      vertex 5.18499 -2.75691 4.47703
      vertex 5.33072 -2.67259 4.4965
      vertex 4.71728 -2.50822 4.36444
    endloop
  endfacet
  facet normal -0.23748 0.04618 0.970294
    outer loop
      vertex 6.20294 -1.09375 4.56764
      vertex 6.38747 -1.29769 4.62251
      vertex 6.39398 -1.12743 4.616
    endloop
  endfacet
  facet normal -0.237495 0.0461652 0.970291
    outer loop
      vertex 6.38747 -1.29769 4.62251
      vertex 6.20294 -1.09375 4.56764
      vertex 6.16099 -1.30956 4.56764
    endloop
  endfacet
  facet normal -0.0270512 0.100985 0.99452
    outer loop
      vertex 0.940568 -3.28015 4.05871
      vertex 0.672654 -2.34583 3.95655
      vertex 0.590376 -2.36787 3.95655
    endloop
  endfacet
  facet normal -0.0360933 0.134434 0.990265
    outer loop
      vertex 0.940568 -3.28015 4.05871
      vertex 1.00118 -4.01552 4.16075
      vertex 1.03053 -4.01287 4.16146
    endloop
  endfacet
  facet normal -0.0360266 0.13444 0.990267
    outer loop
      vertex 1.00118 -4.01552 4.16075
      vertex 0.940568 -3.28015 4.05871
      vertex 0.82552 -3.31098 4.05871
    endloop
  endfacet
  facet normal 0.0270512 0.100985 0.99452
    outer loop
      vertex -0.590376 -2.36787 3.95655
      vertex -0.672654 -2.34583 3.95655
      vertex -0.940568 -3.28015 4.05871
    endloop
  endfacet
  facet normal 0.0674901 0.121739 0.990265
    outer loop
      vertex -1.602 -3.01292 4.05871
      vertex -1.70617 -2.95517 4.05871
      vertex -2.05636 -3.86746 4.19473
    endloop
  endfacet
  facet normal 0.00364212 0.0696767 0.997563
    outer loop
      vertex -0.0511417 -1.46451 3.88837
      vertex -0.102221 -1.46184 3.88837
      vertex -0.170231 -2.43442 3.95655
    endloop
  endfacet
  facet normal -0.00546615 0.0344757 0.999391
    outer loop
      vertex 0.203945 -1.45115 3.88837
      vertex 0.254465 -1.44314 3.88837
      vertex 0.0680084 -0.483912 3.85426
    endloop
  endfacet
  facet normal -0.0266034 0.136621 0.990266
    outer loop
      vertex 0.711723 -4.03639 4.15516
      vertex 0.822747 -4.02905 4.15713
      vertex 0.592546 -3.3605 4.05871
    endloop
  endfacet
  facet normal -0.0914349 0.0506881 0.99452
    outer loop
      vertex 2.95517 -1.70617 4.05871
      vertex 2.15471 -1.14568 3.95655
      vertex 2.11341 -1.22018 3.95655
    endloop
  endfacet
  facet normal -0.196613 0.0676972 0.978141
    outer loop
      vertex 5.91878 -2.15426 4.56764
      vertex 5.08116 -1.65097 4.36444
      vertex 5.02045 -1.82729 4.36444
    endloop
  endfacet
  facet normal -0.0621682 0.0316739 0.997563
    outer loop
      vertex 2.15471 -1.14568 3.95655
      vertex 2.19338 -1.06978 3.95655
      vertex 1.3171 -0.642391 3.88837
    endloop
  endfacet
  facet normal -0.0689129 0.0109106 0.997563
    outer loop
      vertex 2.40329 -0.423763 3.95655
      vertex 2.41661 -0.339632 3.95655
      vertex 1.44314 -0.254465 3.88837
    endloop
  endfacet
  facet normal -0.0285929 -0.0200223 0.999391
    outer loop
      vertex 1.21488 0.819445 3.88837
      vertex 1.18554 0.861344 3.88837
      vertex 0.39534 0.287231 3.85426
    endloop
  endfacet
  facet normal -0.103258 0.0163524 0.99452
    outer loop
      vertex 3.3605 -0.592546 4.05871
      vertex 3.37913 -0.474906 4.05871
      vertex 2.41661 -0.339632 3.95655
    endloop
  endfacet
  facet normal -0.104147 0.00911088 0.99452
    outer loop
      vertex 3.39365 -0.356687 4.05871
      vertex 3.40403 -0.238032 4.05871
      vertex 2.43442 -0.170231 3.95655
    endloop
  endfacet
  facet normal -0.104146 0.00911903 0.99452
    outer loop
      vertex 3.39365 -0.356687 4.05871
      vertex 2.43442 -0.170231 3.95655
      vertex 2.42699 -0.255087 3.95655
    endloop
  endfacet
  facet normal -0.103765 0.0127448 0.99452
    outer loop
      vertex 3.37913 -0.474906 4.05871
      vertex 3.39365 -0.356687 4.05871
      vertex 2.41661 -0.339632 3.95655
    endloop
  endfacet
  facet normal -0.138666 0.0121306 0.990265
    outer loop
      vertex 4.35617 -0.457851 4.19473
      vertex 3.40403 -0.238032 4.05871
      vertex 3.39365 -0.356687 4.05871
    endloop
  endfacet
  facet normal -0.2337 -0.0626494 0.970288
    outer loop
      vertex 6.05463 1.73614 4.56764
      vertex 6.37066 1.66741 4.63932
      vertex 6.36249 1.82442 4.64749
    endloop
  endfacet
  facet normal -0.233693 -0.0626161 0.970292
    outer loop
      vertex 6.37066 1.66741 4.63932
      vertex 6.05463 1.73614 4.56764
      vertex 6.11153 1.52378 4.56764
    endloop
  endfacet
  facet normal -0.202613 -0.0467782 0.978141
    outer loop
      vertex 5.2259 1.1108 4.36444
      vertex 6.11153 1.52378 4.56764
      vertex 5.18395 1.2925 4.36444
    endloop
  endfacet
  facet normal -0.161602 -0.130863 0.978141
    outer loop
      vertex 4.96339 3.87782 4.56764
      vertex 4.82503 4.04868 4.56764
      vertex 4.09271 3.43419 4.36444
    endloop
  endfacet
  facet normal -0.158128 -0.225804 0.961253
    outer loop
      vertex 4.15163 6.15504 4.85494
      vertex 4.25964 5.86289 4.80408
      vertex 4.35109 6.12847 4.88151
    endloop
  endfacet
  facet normal -0.158105 -0.225797 0.961259
    outer loop
      vertex 4.25964 5.86289 4.80408
      vertex 4.15163 6.15504 4.85494
      vertex 4.05243 6.00798 4.80408
    endloop
  endfacet
  facet normal -0.178243 -0.107098 0.978141
    outer loop
      vertex 4.62687 2.67133 4.36444
      vertex 5.34154 3.33776 4.56764
      vertex 4.53083 2.83117 4.36444
    endloop
  endfacet
  facet normal -0.202926 -0.131777 0.970287
    outer loop
      vertex 5.34154 3.33776 4.56764
      vertex 6.00798 4.05243 4.80408
      vertex 5.2218 3.52215 4.56764
    endloop
  endfacet
  facet normal -0.0453897 0.131598 0.990263
    outer loop
      vertex 1.16709 -3.20655 4.05871
      vertex 1.29552 -3.98721 4.16834
      vertex 1.31833 -3.98461 4.16904
    endloop
  endfacet
  facet normal -0.045319 0.13161 0.990265
    outer loop
      vertex 1.29552 -3.98721 4.16834
      vertex 1.16709 -3.20655 4.05871
      vertex 1.05447 -3.24533 4.05871
    endloop
  endfacet
  facet normal -0.00850242 -0.0692521 0.997563
    outer loop
      vertex 0.339632 2.41661 3.95655
      vertex 0.255087 2.42699 3.95655
      vertex 0.203945 1.45115 3.88837
    endloop
  endfacet
  facet normal 0.0102055 -0.0333811 0.999391
    outer loop
      vertex -0.151006 0.46475 3.85426
      vertex -0.134694 0.469737 3.85426
      vertex -0.40392 1.40864 3.88837
    endloop
  endfacet
  facet normal -0.0337167 -0.00903493 0.999391
    outer loop
      vertex 0.474152 0.118218 3.85426
      vertex 1.42188 0.354513 3.88837
      vertex 0.469737 0.134694 3.85426
    endloop
  endfacet
  facet normal 0.00304364 -0.0347733 0.999391
    outer loop
      vertex -0.0340872 0.487476 3.85426
      vertex -0.102221 1.46184 3.88837
      vertex -0.153176 1.45738 3.88837
    endloop
  endfacet
  facet normal -0.022899 0.0263454 0.999391
    outer loop
      vertex 0.941945 -1.12257 3.88837
      vertex 0.326982 -0.363151 3.85426
      vertex 0.314109 -0.37434 3.85426
    endloop
  endfacet
  facet normal -0.0316356 0.0147526 0.999391
    outer loop
      vertex 1.3171 -0.642391 3.88837
      vertex 0.44642 -0.198758 3.85426
      vertex 0.439211 -0.214217 3.85426
    endloop
  endfacet
  facet normal -0.0219673 0.0271272 0.999391
    outer loop
      vertex 0.902194 -1.15476 3.88837
      vertex 0.941945 -1.12257 3.88837
      vertex 0.300853 -0.385075 3.85426
    endloop
  endfacet
  facet normal 0.032588 0.0125092 0.999391
    outer loop
      vertex -1.3587 -0.54895 3.88837
      vertex -0.459197 -0.167133 3.85426
      vertex -1.37703 -0.501198 3.88837
    endloop
  endfacet
  facet normal -0.0359415 -0.059802 0.997563
    outer loop
      vertex 0.776546 1.24273 3.88837
      vertex 1.29319 2.06954 3.95655
      vertex 0.732703 1.26908 3.88837
    endloop
  endfacet
  facet normal 0.0136355 -0.0321329 0.999391
    outer loop
      vertex -0.183058 0.453084 3.85426
      vertex -0.54895 1.3587 3.88837
      vertex -0.596034 1.33872 3.88837
    endloop
  endfacet
  facet normal 0.0125093 -0.032588 0.999391
    outer loop
      vertex -0.183058 0.453084 3.85426
      vertex -0.167133 0.459197 3.85426
      vertex -0.54895 1.3587 3.88837
    endloop
  endfacet
  facet normal 0.054425 0.128113 0.990265
    outer loop
      vertex -1.61078 -3.94905 4.17856
      vertex -1.38792 -3.11733 4.05871
      vertex -1.74968 -3.92985 4.18371
    endloop
  endfacet
  facet normal 0.0441851 0.0947488 0.99452
    outer loop
      vertex -0.992583 -2.22938 3.95655
      vertex -1.06978 -2.19338 3.95655
      vertex -1.38792 -3.11733 4.05871
    endloop
  endfacet
  facet normal 0.0538433 0.089613 0.99452
    outer loop
      vertex -1.70617 -2.95517 4.05871
      vertex -1.29319 -2.06954 3.95655
      vertex -1.80826 -2.89383 4.05871
    endloop
  endfacet
  facet normal 0.037461 0.0976022 0.99452
    outer loop
      vertex -1.16709 -3.20655 4.05871
      vertex -0.914175 -2.26266 3.95655
      vertex -1.27829 -3.16387 4.05871
    endloop
  endfacet
  facet normal 0.0474594 0.0931515 0.99452
    outer loop
      vertex -1.06978 -2.19338 3.95655
      vertex -1.14568 -2.15471 3.95655
      vertex -1.602 -3.01292 4.05871
    endloop
  endfacet
  facet normal 0.0588253 0.126146 0.990266
    outer loop
      vertex -1.49587 -3.06699 4.05871
      vertex -1.90084 -3.90714 4.18979
      vertex -1.38792 -3.11733 4.05871
    endloop
  endfacet
  facet normal 0.058787 0.126164 0.990266
    outer loop
      vertex -1.90084 -3.90714 4.18979
      vertex -1.49587 -3.06699 4.05871
      vertex -1.90531 -3.90647 4.18997
    endloop
  endfacet
  facet normal 0.11674 0.0758088 0.990265
    outer loop
      vertex -3.63132 -2.44936 4.19473
      vertex -2.89383 -1.80826 4.05871
      vertex -3.71459 -2.32113 4.19473
    endloop
  endfacet
  facet normal 0.089613 0.0538433 0.99452
    outer loop
      vertex -2.89383 -1.80826 4.05871
      vertex -2.06954 -1.29319 3.95655
      vertex -2.95517 -1.70617 4.05871
    endloop
  endfacet
  facet normal -0.0271267 0.0219678 0.999391
    outer loop
      vertex 1.12257 -0.941945 3.88837
      vertex 0.385075 -0.300853 3.85426
      vertex 0.37434 -0.314109 3.85426
    endloop
  endfacet
  facet normal 0.0812407 0.0658002 0.99452
    outer loop
      vertex -1.86942 -1.56863 3.95655
      vertex -1.92303 -1.50244 3.95655
      vertex -2.68896 -2.10085 4.05871
    endloop
  endfacet
  facet normal 0.0834958 0.0629137 0.99452
    outer loop
      vertex -2.68896 -2.10085 4.05871
      vertex -1.92303 -1.50244 3.95655
      vertex -2.76064 -2.00572 4.05871
    endloop
  endfacet
  facet normal 0.108177 0.087596 0.990265
    outer loop
      vertex -2.61401 -2.19341 4.05871
      vertex -2.68896 -2.10085 4.05871
      vertex -3.3554 -2.81552 4.19473
    endloop
  endfacet
  facet normal 0.091434 0.0506894 0.99452
    outer loop
      vertex -2.95517 -1.70617 4.05871
      vertex -2.15471 -1.14568 3.95655
      vertex -3.01292 -1.602 4.05871
    endloop
  endfacet
  facet normal 0.0621681 0.031674 0.997563
    outer loop
      vertex -1.29388 -0.687966 3.88837
      vertex -1.3171 -0.642391 3.88837
      vertex -2.15471 -1.14568 3.95655
    endloop
  endfacet
  facet normal 0.0292756 0.0190102 0.999391
    outer loop
      vertex -0.405123 -0.273259 3.85426
      vertex -0.414412 -0.258954 3.85426
      vertex -1.21488 -0.819445 3.88837
    endloop
  endfacet
  facet normal 0.0379985 -0.0585171 0.997563
    outer loop
      vertex -0.819445 1.21488 3.88837
      vertex -1.29319 2.06954 3.95655
      vertex -1.36463 2.02315 3.95655
    endloop
  endfacet
  facet normal 0.0419874 -0.055724 0.997563
    outer loop
      vertex -0.902194 1.15476 3.88837
      vertex -0.861344 1.18554 3.88837
      vertex -1.50244 1.92303 3.95655
    endloop
  endfacet
  facet normal 0.0812407 -0.0658002 0.99452
    outer loop
      vertex -1.92303 1.50244 3.95655
      vertex -1.86942 1.56863 3.95655
      vertex -2.68896 2.10085 4.05871
    endloop
  endfacet
  facet normal 0.0557239 -0.0419875 0.997563
    outer loop
      vertex -1.18554 0.861344 3.88837
      vertex -1.92303 1.50244 3.95655
      vertex -1.97429 1.43441 3.95655
    endloop
  endfacet
  facet normal -0.0344765 -0.00546177 0.999391
    outer loop
      vertex 0.483912 0.0680084 3.85426
      vertex 1.44314 0.254465 3.88837
      vertex 0.481243 0.084856 3.85426
    endloop
  endfacet
  facet normal 0.124023 -0.0631951 0.990265
    outer loop
      vertex -3.01292 1.602 4.05871
      vertex -3.86746 2.05636 4.19473
      vertex -3.93687 1.92014 4.19473
    endloop
  endfacet
  facet normal 0.151897 -0.0841948 0.984804
    outer loop
      vertex -3.79333 2.19008 4.19473
      vertex -4.62687 2.67133 4.36444
      vertex -4.71728 2.50822 4.36444
    endloop
  endfacet
  facet normal 0.162137 -0.0622379 0.984804
    outer loop
      vertex -4.06122 1.64084 4.19473
      vertex -4.95362 2.00139 4.36444
      vertex -5.02045 1.82729 4.36444
    endloop
  endfacet
  facet normal 0.159864 -0.0678628 0.984804
    outer loop
      vertex -4.06122 1.64084 4.19473
      vertex -4.88075 2.17305 4.36444
      vertex -4.95362 2.00139 4.36444
    endloop
  endfacet
  facet normal 0.170338 -0.119268 0.978141
    outer loop
      vertex -4.42926 2.98757 4.36444
      vertex -4.3223 3.14033 4.36444
      vertex -5.2218 3.52215 4.56764
    endloop
  endfacet
  facet normal 0.170337 -0.119271 0.978141
    outer loop
      vertex -4.3223 3.14033 4.36444
      vertex -5.0957 3.70224 4.56764
      vertex -5.2218 3.52215 4.56764
    endloop
  endfacet
  facet normal 0.161603 -0.130861 0.978141
    outer loop
      vertex -4.21007 3.28926 4.36444
      vertex -4.09271 3.43419 4.36444
      vertex -4.96339 3.87782 4.56764
    endloop
  endfacet
  facet normal 0.161602 -0.130863 0.978141
    outer loop
      vertex -4.09271 3.43419 4.36444
      vertex -4.82503 4.04868 4.56764
      vertex -4.96339 3.87782 4.56764
    endloop
  endfacet
  facet normal 0.108177 -0.087596 0.990265
    outer loop
      vertex -2.68896 2.10085 4.05871
      vertex -2.61401 2.19341 4.05871
      vertex -3.3554 2.81552 4.19473
    endloop
  endfacet
  facet normal 0.134968 -0.109296 0.984804
    outer loop
      vertex -3.45162 2.6967 4.19473
      vertex -3.3554 2.81552 4.19473
      vertex -4.21007 3.28926 4.36444
    endloop
  endfacet
  facet normal 0.141823 -0.152076 0.978141
    outer loop
      vertex -3.71132 3.84318 4.36444
      vertex -4.21461 4.68079 4.56764
      vertex -4.37539 4.53085 4.56764
    endloop
  endfacet
  facet normal -0.215585 -0.109837 0.970288
    outer loop
      vertex 6.2671 3.11996 4.74289
      vertex 6.24835 3.32231 4.76163
      vertex 5.56136 2.95703 4.56764
    endloop
  endfacet
  facet normal -0.222718 -0.0945494 0.970287
    outer loop
      vertex 6.30692 2.64944 4.70307
      vertex 6.29478 2.80262 4.71521
      vertex 5.75408 2.56188 4.56764
    endloop
  endfacet
  facet normal -0.19413 -0.0745212 0.978141
    outer loop
      vertex 5.91878 2.15426 4.56764
      vertex 5.83999 2.35951 4.56764
      vertex 4.95362 2.00139 4.36444
    endloop
  endfacet
  facet normal -0.211622 -0.117291 0.970288
    outer loop
      vertex 6.24835 3.32231 4.76163
      vertex 6.22334 3.57433 4.78664
      vertex 5.56136 2.95703 4.56764
    endloop
  endfacet
  facet normal -0.225804 -0.158128 0.961253
    outer loop
      vertex 5.86289 4.25964 4.80408
      vertex 6.15504 4.15163 4.85494
      vertex 6.12847 4.35109 4.88151
    endloop
  endfacet
  facet normal -0.225797 -0.158105 0.961259
    outer loop
      vertex 6.15504 4.15163 4.85494
      vertex 5.86289 4.25964 4.80408
      vertex 6.00798 4.05243 4.80408
    endloop
  endfacet
  facet normal -0.172378 -0.0211591 0.984804
    outer loop
      vertex 5.31338 0.558458 4.36444
      vertex 5.29066 0.743553 4.36444
      vertex 4.35617 0.457851 4.19473
    endloop
  endfacet
  facet normal 0.00122767 0.0697614 0.997563
    outer loop
      vertex 0 -2.44036 3.95655
      vertex 0 -1.46541 3.88837
      vertex -0.0511417 -1.46451 3.88837
    endloop
  endfacet
  facet normal 0.00546163 0.104402 0.99452
    outer loop
      vertex -0.119088 -3.41026 4.05871
      vertex -0.0851669 -2.43887 3.95655
      vertex -0.170231 -2.43442 3.95655
    endloop
  endfacet
  facet normal 0.0569355 0.0876808 0.99452
    outer loop
      vertex -1.80826 -2.89383 4.05871
      vertex -1.36463 -2.02315 3.95655
      vertex -1.90816 -2.82896 4.05871
    endloop
  endfacet
  facet normal 0.165862 0.125374 0.978147
    outer loop
      vertex -4.36362 -3.18787 4.37754
      vertex -4.3223 -3.14033 4.36444
      vertex -4.37822 -3.18096 4.37913
    endloop
  endfacet
  facet normal 0.196616 0.067692 0.978141
    outer loop
      vertex -5.91878 -2.15426 4.56764
      vertex -5.08116 -1.65097 4.36444
      vertex -5.99035 -1.94638 4.56764
    endloop
  endfacet
  facet normal 0.148866 0.089446 0.984804
    outer loop
      vertex -4.53083 -2.83117 4.36444
      vertex -3.71459 -2.32113 4.19473
      vertex -4.62687 -2.67133 4.36444
    endloop
  endfacet
  facet normal 0.142266 0.099611 0.984804
    outer loop
      vertex -3.54363 -2.5746 4.19473
      vertex -3.63132 -2.44936 4.19473
      vertex -4.3223 -3.14033 4.36444
    endloop
  endfacet
  facet normal 0.174401 0.11326 0.978139
    outer loop
      vertex -4.53083 -2.83117 4.36444
      vertex -4.57325 -3.0847 4.40136
      vertex -4.42926 -2.98757 4.36444
    endloop
  endfacet
  facet normal 0.174385 0.113263 0.978142
    outer loop
      vertex -4.57325 -3.0847 4.40136
      vertex -4.53083 -2.83117 4.36444
      vertex -4.71265 -3.013 4.41791
    endloop
  endfacet
  facet normal 0.205384 0.0325264 0.978141
    outer loop
      vertex -6.20294 -1.09375 4.56764
      vertex -5.29066 -0.743553 4.36444
      vertex -6.23733 -0.876599 4.56764
    endloop
  endfacet
  facet normal 0.185278 -0.094401 0.978141
    outer loop
      vertex -4.80194 2.34206 4.36444
      vertex -4.71728 2.50822 4.36444
      vertex -5.66117 2.76114 4.56764
    endloop
  endfacet
  facet normal 0.188459 -0.0878793 0.978141
    outer loop
      vertex -4.88075 2.17305 4.36444
      vertex -4.80194 2.34206 4.36444
      vertex -5.66117 2.76114 4.56764
    endloop
  endfacet
  facet normal 0.0598059 0.0359359 0.997563
    outer loop
      vertex -2.06954 -1.29319 3.95655
      vertex -1.26908 -0.732703 3.88837
      vertex -2.11341 -1.22018 3.95655
    endloop
  endfacet
  facet normal 0.131611 -0.0453196 0.990265
    outer loop
      vertex -3.24533 1.05447 4.05871
      vertex -3.20655 1.16709 4.05871
      vertex -4.16578 1.35355 4.19473
    endloop
  endfacet
  facet normal 0.135628 -0.0313082 0.990265
    outer loop
      vertex -3.33777 0.709465 4.05871
      vertex -3.31098 0.82552 4.05871
      vertex -4.25006 1.05966 4.19473
    endloop
  endfacet
  facet normal 0.0692521 -0.00850242 0.997563
    outer loop
      vertex -1.45115 0.203945 3.88837
      vertex -2.41661 0.339632 3.95655
      vertex -2.42699 0.255087 3.95655
    endloop
  endfacet
  facet normal 0.16608 -0.0507815 0.984804
    outer loop
      vertex -4.21048 1.20734 4.19473
      vertex -5.08116 1.65097 4.36444
      vertex -5.13569 1.47263 4.36444
    endloop
  endfacet
  facet normal 0.133113 -0.040696 0.990265
    outer loop
      vertex -3.28015 0.940568 4.05871
      vertex -4.16578 1.35355 4.19473
      vertex -4.21048 1.20734 4.19473
    endloop
  endfacet
  facet normal 0.135627 -0.0313092 0.990265
    outer loop
      vertex -3.33777 0.709465 4.05871
      vertex -4.25006 1.05966 4.19473
      vertex -4.28445 0.910687 4.19473
    endloop
  endfacet
  facet normal 0.23893 -0.0379423 0.970295
    outer loop
      vertex -6.23733 0.876599 4.56764
      vertex -6.39967 0.94551 4.61031
      vertex -6.40111 0.899617 4.60887
    endloop
  endfacet
  facet normal 0.170482 -0.0331355 0.984804
    outer loop
      vertex -4.28445 0.910687 4.19473
      vertex -5.2259 1.1108 4.36444
      vertex -5.26148 0.927741 4.36444
    endloop
  endfacet
  facet normal 0.170482 -0.0331354 0.984804
    outer loop
      vertex -4.31362 0.760607 4.19473
      vertex -4.28445 0.910687 4.19473
      vertex -5.26148 0.927741 4.36444
    endloop
  endfacet
  facet normal 0.0330053 -0.0113628 0.999391
    outer loop
      vertex -0.459197 0.167133 3.85426
      vertex -1.37703 0.501198 3.88837
      vertex -1.39368 0.452835 3.88837
    endloop
  endfacet
  facet normal 0.162138 0.0622356 0.984804
    outer loop
      vertex -4.06122 -1.64084 4.19473
      vertex -4.11601 -1.4981 4.19473
      vertex -5.02045 -1.82729 4.36444
    endloop
  endfacet
  facet normal 0.16421 0.0565404 0.984804
    outer loop
      vertex -5.02045 -1.82729 4.36444
      vertex -4.16578 -1.35355 4.19473
      vertex -5.08116 -1.65097 4.36444
    endloop
  endfacet
  facet normal 0.173431 0.00909868 0.984804
    outer loop
      vertex -4.36949 -0.305545 4.19473
      vertex -4.3775 -0.152865 4.19473
      vertex -5.32964 -0.372684 4.36444
    endloop
  endfacet
  facet normal 0.196616 -0.067692 0.978141
    outer loop
      vertex -5.08116 1.65097 4.36444
      vertex -5.91878 2.15426 4.56764
      vertex -5.99035 1.94638 4.56764
    endloop
  endfacet
  facet normal 0.237497 -0.0462261 0.970288
    outer loop
      vertex -6.16099 1.30956 4.56764
      vertex -6.3852 1.35721 4.62479
      vertex -6.38747 1.29769 4.62251
    endloop
  endfacet
  facet normal 0.200858 -0.0538135 0.978141
    outer loop
      vertex -5.18395 1.2925 4.36444
      vertex -5.13569 1.47263 4.36444
      vertex -6.11153 1.52378 4.56764
    endloop
  endfacet
  facet normal 0.241911 -0.0042448 0.970289
    outer loop
      vertex -6.29479 0.219818 4.56764
      vertex -6.41288 0.223942 4.5971
      vertex -6.41299 0.192529 4.59699
    endloop
  endfacet
  facet normal 0.207151 -0.0181315 0.978141
    outer loop
      vertex -5.31338 0.558458 4.36444
      vertex -6.26412 0.658385 4.56764
      vertex -6.28329 0.43937 4.56764
    endloop
  endfacet
  facet normal 0.207659 -0.0108771 0.978141
    outer loop
      vertex -5.3394 0.186456 4.36444
      vertex -6.28329 0.43937 4.56764
      vertex -6.29479 0.219818 4.56764
    endloop
  endfacet
  facet normal 0.207151 0.0181315 0.978141
    outer loop
      vertex -6.26412 -0.658385 4.56764
      vertex -5.31338 -0.558458 4.36444
      vertex -6.28329 -0.43937 4.56764
    endloop
  endfacet
  facet normal 0.241611 0.0126554 0.970291
    outer loop
      vertex -6.29479 -0.219818 4.56764
      vertex -6.41089 -0.414566 4.59909
      vertex -6.28329 -0.43937 4.56764
    endloop
  endfacet
  facet normal 0.241617 0.0126516 0.970289
    outer loop
      vertex -6.41089 -0.414566 4.59909
      vertex -6.29479 -0.219818 4.56764
      vertex -6.41288 -0.223942 4.5971
    endloop
  endfacet
  facet normal 0.207151 0.018131 0.978141
    outer loop
      vertex -5.31338 -0.558458 4.36444
      vertex -5.32964 -0.372684 4.36444
      vertex -6.28329 -0.43937 4.56764
    endloop
  endfacet
  facet normal 0.241598 -0.0125853 0.970295
    outer loop
      vertex -6.28329 0.43937 4.56764
      vertex -6.41054 0.448269 4.59944
      vertex -6.41089 0.414566 4.59909
    endloop
  endfacet
  facet normal -0.00666143 -0.0342649 0.999391
    outer loop
      vertex 0.101599 0.477988 3.85426
      vertex 0.304675 1.43338 3.88837
      vertex 0.084856 0.481243 3.85426
    endloop
  endfacet
  facet normal 0.091434 -0.0506894 0.99452
    outer loop
      vertex -2.15471 1.14568 3.95655
      vertex -2.95517 1.70617 4.05871
      vertex -3.01292 1.602 4.05871
    endloop
  endfacet
  facet normal 0.0875989 -0.108174 0.990265
    outer loop
      vertex -2.10085 2.68896 4.05871
      vertex -2.6967 3.45162 4.19473
      vertex -2.81552 3.3554 4.19473
    endloop
  endfacet
  facet normal 0.0837654 -0.111169 0.990265
    outer loop
      vertex -2.10085 2.68896 4.05871
      vertex -2.00572 2.76064 4.05871
      vertex -2.6967 3.45162 4.19473
    endloop
  endfacet
  facet normal 0.089446 -0.148866 0.984804
    outer loop
      vertex -2.32113 3.71459 4.19473
      vertex -2.67133 4.62687 4.36444
      vertex -2.83117 4.53083 4.36444
    endloop
  endfacet
  facet normal 0.0841948 -0.151897 0.984804
    outer loop
      vertex -2.19008 3.79333 4.19473
      vertex -2.50822 4.71728 4.36444
      vertex -2.67133 4.62687 4.36444
    endloop
  endfacet
  facet normal 0.0543928 -0.128128 0.990265
    outer loop
      vertex -1.38792 3.11733 4.05871
      vertex -1.27829 3.16387 4.05871
      vertex -1.64084 4.06122 4.19473
    endloop
  endfacet
  facet normal 0.0498774 -0.129952 0.990265
    outer loop
      vertex -1.27829 3.16387 4.05871
      vertex -1.16709 3.20655 4.05871
      vertex -1.64084 4.06122 4.19473
    endloop
  endfacet
  facet normal 0.0788439 -0.154745 0.984803
    outer loop
      vertex -1.92014 3.93687 4.19473
      vertex -2.34206 4.80194 4.36444
      vertex -2.50822 4.71728 4.36444
    endloop
  endfacet
  facet normal 0.0733969 -0.157402 0.984803
    outer loop
      vertex -1.92014 3.93687 4.19473
      vertex -2.17305 4.88075 4.36444
      vertex -2.34206 4.80194 4.36444
    endloop
  endfacet
  facet normal -0.117511 -0.211495 0.970289
    outer loop
      vertex 3.57433 6.22334 4.78664
      vertex 3.14931 5.45477 4.56764
      vertex 3.59203 6.22158 4.7884
    endloop
  endfacet
  facet normal -0.117305 -0.211609 0.970289
    outer loop
      vertex 3.14931 5.45477 4.56764
      vertex 3.57433 6.22334 4.78664
      vertex 2.95703 5.56136 4.56764
    endloop
  endfacet
  facet normal 0.0271715 -0.171533 0.984804
    outer loop
      vertex -0.609601 4.33754 4.19473
      vertex -0.743553 5.29066 4.36444
      vertex -0.760607 4.31362 4.19473
    endloop
  endfacet
  facet normal 0.0271751 -0.171533 0.984804
    outer loop
      vertex -0.760607 4.31362 4.19473
      vertex -0.743553 5.29066 4.36444
      vertex -0.927741 5.26148 4.36444
    endloop
  endfacet
  facet normal -0.00908946 -0.173434 0.984804
    outer loop
      vertex 0.372684 5.32964 4.36444
      vertex 0.186456 5.3394 4.36444
      vertex 0.152865 4.3775 4.19473
    endloop
  endfacet
  facet normal 0.00729256 -0.139005 0.990265
    outer loop
      vertex -0.238032 3.40403 4.05871
      vertex -0.152865 4.3775 4.19473
      vertex -0.305545 4.36949 4.19473
    endloop
  endfacet
  facet normal 0.0121272 -0.138667 0.990265
    outer loop
      vertex -0.238032 3.40403 4.05871
      vertex -0.305545 4.36949 4.19473
      vertex -0.457851 4.35617 4.19473
    endloop
  endfacet
  facet normal 0.00182571 -0.104529 0.99452
    outer loop
      vertex -0.0851669 2.43887 3.95655
      vertex 0 3.41234 4.05871
      vertex -0.119088 3.41026 4.05871
    endloop
  endfacet
  facet normal 0.00243081 -0.139173 0.990265
    outer loop
      vertex -0.119088 3.41026 4.05871
      vertex 0 3.41234 4.05871
      vertex -0.152865 4.3775 4.19473
    endloop
  endfacet
  facet normal -0.00421847 -0.241918 0.970287
    outer loop
      vertex 0 6.29863 4.56764
      vertex 0.192529 6.41299 4.59699
      vertex 0 6.41366 4.59632
    endloop
  endfacet
  facet normal -0.00422586 -0.241906 0.97029
    outer loop
      vertex 0.192529 6.41299 4.59699
      vertex 0 6.29863 4.56764
      vertex 0.219818 6.29479 4.56764
    endloop
  endfacet
  facet normal -0.0151427 -0.173009 0.984804
    outer loop
      vertex 0.558458 5.31338 4.36444
      vertex 0.372684 5.32964 4.36444
      vertex 0.305545 4.36949 4.19473
    endloop
  endfacet
  facet normal -0.00729256 -0.139005 0.990265
    outer loop
      vertex 0.238032 3.40403 4.05871
      vertex 0.305545 4.36949 4.19473
      vertex 0.152865 4.3775 4.19473
    endloop
  endfacet
  facet normal -0.0866535 -0.225912 0.970286
    outer loop
      vertex 2.43727 6.32296 4.68702
      vertex 2.30486 6.33256 4.67743
      vertex 2.15426 5.91878 4.56764
    endloop
  endfacet
  facet normal -0.067692 -0.196616 0.978141
    outer loop
      vertex 2.15426 5.91878 4.56764
      vertex 1.94638 5.99035 4.56764
      vertex 1.65097 5.08116 4.36444
    endloop
  endfacet
  facet normal -0.0945521 -0.222717 0.970287
    outer loop
      vertex 2.5513 6.31469 4.69529
      vertex 2.56188 5.75408 4.56764
      vertex 2.64944 6.30692 4.70307
    endloop
  endfacet
  facet normal -0.0945478 -0.222717 0.970287
    outer loop
      vertex 2.56188 5.75408 4.56764
      vertex 2.5513 6.31469 4.69529
      vertex 2.35951 5.83999 4.56764
    endloop
  endfacet
  facet normal -0.0812566 -0.191408 0.978141
    outer loop
      vertex 2.56188 5.75408 4.56764
      vertex 2.35951 5.83999 4.56764
      vertex 2.00139 4.95362 4.36444
    endloop
  endfacet
  facet normal 0.130863 -0.161602 0.978141
    outer loop
      vertex -3.43419 4.09271 4.36444
      vertex -3.87782 4.96339 4.56764
      vertex -4.04868 4.82503 4.56764
    endloop
  endfacet
  facet normal 0.136422 -0.156937 0.978141
    outer loop
      vertex -3.43419 4.09271 4.36444
      vertex -4.04868 4.82503 4.56764
      vertex -4.21461 4.68079 4.56764
    endloop
  endfacet
  facet normal 0.107098 -0.178243 0.978141
    outer loop
      vertex -2.83117 4.53083 4.36444
      vertex -2.67133 4.62687 4.36444
      vertex -3.33776 5.34154 4.56764
    endloop
  endfacet
  facet normal 0.071689 -0.119315 0.990265
    outer loop
      vertex -1.70617 2.95517 4.05871
      vertex -2.19008 3.79333 4.19473
      vertex -2.32113 3.71459 4.19473
    endloop
  endfacet
  facet normal 0.0842048 -0.151894 0.984803
    outer loop
      vertex -2.19008 3.79333 4.19473
      vertex -2.05636 3.86746 4.19473
      vertex -2.50822 4.71728 4.36444
    endloop
  endfacet
  facet normal 0.0894446 -0.148866 0.984804
    outer loop
      vertex -2.32113 3.71459 4.19473
      vertex -2.19008 3.79333 4.19473
      vertex -2.67133 4.62687 4.36444
    endloop
  endfacet
  facet normal 0.0996117 -0.142265 0.984804
    outer loop
      vertex -2.44936 3.63132 4.19473
      vertex -2.98757 4.42926 4.36444
      vertex -3.14033 4.3223 4.36444
    endloop
  endfacet
  facet normal 0.119268 -0.170338 0.978141
    outer loop
      vertex -3.14033 4.3223 4.36444
      vertex -2.98757 4.42926 4.36444
      vertex -3.52215 5.2218 4.56764
    endloop
  endfacet
  facet normal 0.0787541 -0.228776 0.970288
    outer loop
      vertex -1.94638 5.99035 4.56764
      vertex -2.06274 6.34846 4.66152
      vertex -2.17419 6.34114 4.66884
    endloop
  endfacet
  facet normal 0.0787623 -0.22877 0.970289
    outer loop
      vertex -2.17419 6.34114 4.66884
      vertex -2.15426 5.91878 4.56764
      vertex -1.94638 5.99035 4.56764
    endloop
  endfacet
  facet normal 0.078806 -0.228768 0.970286
    outer loop
      vertex -2.15426 5.91878 4.56764
      vertex -2.17419 6.34114 4.66884
      vertex -2.30486 6.33256 4.67743
    endloop
  endfacet
  facet normal 0.131777 -0.202926 0.970287
    outer loop
      vertex -3.52215 5.2218 4.56764
      vertex -3.33776 5.34154 4.56764
      vertex -4.05243 6.00798 4.80408
    endloop
  endfacet
  facet normal 0.138782 -0.198201 0.970287
    outer loop
      vertex -3.52215 5.2218 4.56764
      vertex -4.05243 6.00798 4.80408
      vertex -4.25964 5.86289 4.80408
    endloop
  endfacet
  facet normal 0.00182874 -0.104529 0.99452
    outer loop
      vertex 0 2.44036 3.95655
      vertex 0 3.41234 4.05871
      vertex -0.0851669 2.43887 3.95655
    endloop
  endfacet
  facet normal 0.00122047 -0.069761 0.997563
    outer loop
      vertex -0.0511417 1.46451 3.88837
      vertex 0 2.44036 3.95655
      vertex -0.0851669 2.43887 3.95655
    endloop
  endfacet
  facet normal 0.010926 -0.0689115 0.997563
    outer loop
      vertex -0.254465 1.44314 3.88837
      vertex -0.203945 1.45115 3.88837
      vertex -0.339632 2.41661 3.95655
    endloop
  endfacet
  facet normal 0.0127398 -0.103765 0.99452
    outer loop
      vertex -0.339632 2.41661 3.95655
      vertex -0.255087 2.42699 3.95655
      vertex -0.356687 3.39365 4.05871
    endloop
  endfacet
  facet normal 0.0217776 -0.137481 0.990265
    outer loop
      vertex -0.592546 3.3605 4.05871
      vertex -0.609601 4.33754 4.19473
      vertex -0.760607 4.31362 4.19473
    endloop
  endfacet
  facet normal 0.0163524 -0.103258 0.99452
    outer loop
      vertex -0.339632 2.41661 3.95655
      vertex -0.474906 3.37913 4.05871
      vertex -0.592546 3.3605 4.05871
    endloop
  endfacet
  facet normal 0.0340379 -0.0988486 0.99452
    outer loop
      vertex -0.754112 2.32092 3.95655
      vertex -1.05447 3.24533 4.05871
      vertex -1.16709 3.20655 4.05871
    endloop
  endfacet
  facet normal 0.0453196 -0.131611 0.990265
    outer loop
      vertex -1.16709 3.20655 4.05871
      vertex -1.05447 3.24533 4.05871
      vertex -1.35355 4.16578 4.19473
    endloop
  endfacet
  facet normal 0.0305727 -0.0999757 0.99452
    outer loop
      vertex -0.754112 2.32092 3.95655
      vertex -0.672654 2.34583 3.95655
      vertex -0.940568 3.28015 4.05871
    endloop
  endfacet
  facet normal 0.0270512 -0.100985 0.99452
    outer loop
      vertex -0.672654 2.34583 3.95655
      vertex -0.590376 2.36787 3.95655
      vertex -0.940568 3.28015 4.05871
    endloop
  endfacet
  facet normal 0.0204035 -0.0667214 0.997563
    outer loop
      vertex -0.452835 1.39368 3.88837
      vertex -0.672654 2.34583 3.95655
      vertex -0.754112 2.32092 3.95655
    endloop
  endfacet
  facet normal 0.0204057 -0.0667209 0.997563
    outer loop
      vertex -0.452835 1.39368 3.88837
      vertex -0.40392 1.40864 3.88837
      vertex -0.672654 2.34583 3.95655
    endloop
  endfacet
  facet normal 0.0408523 -0.096232 0.99452
    outer loop
      vertex -0.914175 2.26266 3.95655
      vertex -1.27829 3.16387 4.05871
      vertex -1.38792 3.11733 4.05871
    endloop
  endfacet
  facet normal 0.037461 -0.0976022 0.99452
    outer loop
      vertex -0.914175 2.26266 3.95655
      vertex -1.16709 3.20655 4.05871
      vertex -1.27829 3.16387 4.05871
    endloop
  endfacet
  facet normal 0.0474594 -0.0931515 0.99452
    outer loop
      vertex -1.14568 2.15471 3.95655
      vertex -1.06978 2.19338 3.95655
      vertex -1.602 3.01292 4.05871
    endloop
  endfacet
  facet normal 0.0294907 -0.0632331 0.997563
    outer loop
      vertex -0.642391 1.3171 3.88837
      vertex -0.596034 1.33872 3.88837
      vertex -1.06978 2.19338 3.95655
    endloop
  endfacet
  facet normal 0.0441841 -0.0947491 0.99452
    outer loop
      vertex -1.06978 2.19338 3.95655
      vertex -1.38792 3.11733 4.05871
      vertex -1.49587 3.06699 4.05871
    endloop
  endfacet
  facet normal 0.0474582 -0.0931522 0.99452
    outer loop
      vertex -1.06978 2.19338 3.95655
      vertex -1.49587 3.06699 4.05871
      vertex -1.602 3.01292 4.05871
    endloop
  endfacet
  facet normal 0.0133182 -0.0684886 0.997563
    outer loop
      vertex -0.304675 1.43338 3.88837
      vertex -0.423763 2.40329 3.95655
      vertex -0.50738 2.38703 3.95655
    endloop
  endfacet
  facet normal 0.0316739 -0.0621682 0.997563
    outer loop
      vertex -0.642391 1.3171 3.88837
      vertex -1.06978 2.19338 3.95655
      vertex -1.14568 2.15471 3.95655
    endloop
  endfacet
  facet normal -0.165908 -0.220157 0.961252
    outer loop
      vertex 4.44364 6.11615 4.89384
      vertex 4.46166 5.71066 4.80408
      vertex 4.60843 6.093 4.91698
    endloop
  endfacet
  facet normal -0.165897 -0.220157 0.961254
    outer loop
      vertex 4.46166 5.71066 4.80408
      vertex 4.44364 6.11615 4.89384
      vertex 4.25964 5.86289 4.80408
    endloop
  endfacet
  facet normal -0.0996117 -0.142265 0.984804
    outer loop
      vertex 3.14033 4.3223 4.36444
      vertex 2.98757 4.42926 4.36444
      vertex 2.44936 3.63132 4.19473
    endloop
  endfacet
  facet normal -0.131782 -0.20292 0.970287
    outer loop
      vertex 4.05243 6.00798 4.80408
      vertex 3.84029 6.14575 4.80408
      vertex 3.33776 5.34154 4.56764
    endloop
  endfacet
  facet normal -0.109296 -0.134968 0.984804
    outer loop
      vertex 2.81552 3.3554 4.19473
      vertex 3.28926 4.21007 4.36444
      vertex 2.6967 3.45162 4.19473
    endloop
  endfacet
  facet normal -0.0716892 -0.119315 0.990265
    outer loop
      vertex 1.80826 2.89383 4.05871
      vertex 2.32113 3.71459 4.19473
      vertex 1.70617 2.95517 4.05871
    endloop
  endfacet
  facet normal -0.0543881 -0.235763 0.970288
    outer loop
      vertex 1.30956 6.16099 4.56764
      vertex 1.51913 6.37789 4.63209
      vertex 1.35721 6.3852 4.62479
    endloop
  endfacet
  facet normal -0.0544259 -0.235728 0.970294
    outer loop
      vertex 1.51913 6.37789 4.63209
      vertex 1.30956 6.16099 4.56764
      vertex 1.52378 6.11153 4.56764
    endloop
  endfacet
  facet normal 0.0108831 -0.207657 0.978141
    outer loop
      vertex -0.372684 5.32964 4.36444
      vertex -0.186456 5.3394 4.36444
      vertex -0.43937 6.28329 4.56764
    endloop
  endfacet
  facet normal 0.0545435 -0.235728 0.970287
    outer loop
      vertex -1.52378 6.11153 4.56764
      vertex -1.51913 6.37789 4.63209
      vertex -1.5894 6.37472 4.63527
    endloop
  endfacet
  facet normal -0.150125 -0.231179 0.961259
    outer loop
      vertex 3.88902 6.18811 4.82188
      vertex 4.05243 6.00798 4.80408
      vertex 4.15163 6.15504 4.85494
    endloop
  endfacet
  facet normal -0.150147 -0.231199 0.961251
    outer loop
      vertex 4.05243 6.00798 4.80408
      vertex 3.88902 6.18811 4.82188
      vertex 3.84029 6.14575 4.80408
    endloop
  endfacet
  facet normal -0.150204 -0.231136 0.961257
    outer loop
      vertex 3.88902 6.18811 4.82188
      vertex 3.86838 6.19071 4.81928
      vertex 3.84029 6.14575 4.80408
    endloop
  endfacet
  facet normal -0.0190102 0.0292756 0.999391
    outer loop
      vertex 0.819445 -1.21488 3.88837
      vertex 0.273259 -0.405123 3.85426
      vertex 0.258954 -0.414412 3.85426
    endloop
  endfacet
  facet normal 0.0689129 -0.0109106 0.997563
    outer loop
      vertex -1.44314 0.254465 3.88837
      vertex -2.40329 0.423763 3.95655
      vertex -2.41661 0.339632 3.95655
    endloop
  endfacet
  facet normal 0.173012 -0.0151308 0.984804
    outer loop
      vertex -4.36949 0.305545 4.19473
      vertex -4.35617 0.457851 4.19473
      vertex -5.31338 0.558458 4.36444
    endloop
  endfacet
  facet normal 0.104529 0.00182874 0.99452
    outer loop
      vertex -2.43887 -0.0851669 3.95655
      vertex -2.44036 0 3.95655
      vertex -3.41234 0 4.05871
    endloop
  endfacet
  facet normal -0.0158475 0.0311015 0.999391
    outer loop
      vertex 0.687966 -1.29388 3.88837
      vertex 0.229415 -0.431467 3.85426
      vertex 0.214217 -0.439211 3.85426
    endloop
  endfacet
  facet normal -0.025528 -0.0238071 0.999391
    outer loop
      vertex 1.08901 0.980548 3.88837
      vertex 1.05412 1.01796 3.88837
      vertex 0.351518 0.339457 3.85426
    endloop
  endfacet
  facet normal -0.010926 0.0689115 0.997563
    outer loop
      vertex 0.339632 -2.41661 3.95655
      vertex 0.254465 -1.44314 3.88837
      vertex 0.203945 -1.45115 3.88837
    endloop
  endfacet
  facet normal -0.0321329 -0.0136355 0.999391
    outer loop
      vertex 1.3587 0.54895 3.88837
      vertex 1.33872 0.596034 3.88837
      vertex 0.453084 0.183058 3.85426
    endloop
  endfacet
  facet normal 0.00850242 -0.0692521 0.997563
    outer loop
      vertex -0.203945 1.45115 3.88837
      vertex -0.255087 2.42699 3.95655
      vertex -0.339632 2.41661 3.95655
    endloop
  endfacet
  facet normal -0.043909 0.0542227 0.997563
    outer loop
      vertex 1.50244 -1.92303 3.95655
      vertex 0.941945 -1.12257 3.88837
      vertex 0.902194 -1.15476 3.88837
    endloop
  endfacet
  facet normal 0.00666058 -0.0342651 0.999391
    outer loop
      vertex -0.084856 0.481243 3.85426
      vertex -0.254465 1.44314 3.88837
      vertex -0.304675 1.43338 3.88837
    endloop
  endfacet
  facet normal -0.0238071 -0.025528 0.999391
    outer loop
      vertex 1.01796 1.05412 3.88837
      vertex 0.980548 1.08901 3.88837
      vertex 0.339457 0.351518 3.85426
    endloop
  endfacet
  facet normal -0.0321315 -0.0136385 0.999391
    outer loop
      vertex 0.453084 0.183058 3.85426
      vertex 1.33872 0.596034 3.88837
      vertex 0.44642 0.198758 3.85426
    endloop
  endfacet
  facet normal 0.00182749 0.0348586 0.999391
    outer loop
      vertex -0.0170536 -0.488369 3.85426
      vertex -0.0340872 -0.487476 3.85426
      vertex -0.0511417 -1.46451 3.88837
    endloop
  endfacet
  facet normal 0.0316356 0.0147526 0.999391
    outer loop
      vertex -0.439211 -0.214217 3.85426
      vertex -0.44642 -0.198758 3.85426
      vertex -1.3171 -0.642391 3.88837
    endloop
  endfacet
  facet normal -0.00182571 -0.104529 0.99452
    outer loop
      vertex 0.0851669 2.43887 3.95655
      vertex 0.119088 3.41026 4.05871
      vertex 0 3.41234 4.05871
    endloop
  endfacet
  facet normal 0.0538457 0.0896119 0.99452
    outer loop
      vertex -1.22018 -2.11341 3.95655
      vertex -1.29319 -2.06954 3.95655
      vertex -1.70617 -2.95517 4.05871
    endloop
  endfacet
  facet normal 0.0305292 -0.0169239 0.999391
    outer loop
      vertex -0.431467 0.229415 3.85426
      vertex -1.26908 0.732703 3.88837
      vertex -1.29388 0.687966 3.88837
    endloop
  endfacet
  facet normal 0.0250036 0.0651377 0.997563
    outer loop
      vertex -0.501198 -1.37703 3.88837
      vertex -0.54895 -1.3587 3.88837
      vertex -0.914175 -2.26266 3.95655
    endloop
  endfacet
  facet normal -0.0180535 -0.0673957 0.997563
    outer loop
      vertex 0.672654 2.34583 3.95655
      vertex 0.590376 2.36787 3.95655
      vertex 0.354513 1.42188 3.88837
    endloop
  endfacet
  facet normal -0.0374699 -0.0975998 0.99452
    outer loop
      vertex 0.914175 2.26266 3.95655
      vertex 1.16709 3.20655 4.05871
      vertex 0.834652 2.29319 3.95655
    endloop
  endfacet
  facet normal -0.0292756 -0.0190102 0.999391
    outer loop
      vertex 0.414412 0.258954 3.85426
      vertex 1.21488 0.819445 3.88837
      vertex 0.405123 0.273259 3.85426
    endloop
  endfacet
  facet normal 0.00304112 0.0347736 0.999391
    outer loop
      vertex -0.0340872 -0.487476 3.85426
      vertex -0.0510788 -0.48599 3.85426
      vertex -0.153176 -1.45738 3.88837
    endloop
  endfacet
  facet normal -0.0147539 -0.0316349 0.999391
    outer loop
      vertex 0.642391 1.3171 3.88837
      vertex 0.596034 1.33872 3.88837
      vertex 0.198758 0.44642 3.85426
    endloop
  endfacet
  facet normal -0.0333802 -0.0102089 0.999391
    outer loop
      vertex 1.40864 0.40392 3.88837
      vertex 1.39368 0.452835 3.88837
      vertex 0.46475 0.151006 3.85426
    endloop
  endfacet
  facet normal -0.0506881 -0.0914349 0.99452
    outer loop
      vertex 1.22018 2.11341 3.95655
      vertex 1.70617 2.95517 4.05871
      vertex 1.14568 2.15471 3.95655
    endloop
  endfacet
  facet normal 0.0344765 0.00546177 0.999391
    outer loop
      vertex -0.481243 -0.084856 3.85426
      vertex -0.483912 -0.0680084 3.85426
      vertex -1.44314 -0.254465 3.88837
    endloop
  endfacet
  facet normal -0.0408467 -0.0962351 0.99452
    outer loop
      vertex 0.992583 2.22938 3.95655
      vertex 1.38792 3.11733 4.05871
      vertex 0.914175 2.26266 3.95655
    endloop
  endfacet
  facet normal -0.0441851 -0.0947488 0.99452
    outer loop
      vertex 1.06978 2.19338 3.95655
      vertex 1.38792 3.11733 4.05871
      vertex 0.992583 2.22938 3.95655
    endloop
  endfacet
  facet normal -0.0658002 -0.0812407 0.99452
    outer loop
      vertex 1.56863 1.86942 3.95655
      vertex 2.10085 2.68896 4.05871
      vertex 1.50244 1.92303 3.95655
    endloop
  endfacet
  facet normal -0.0629137 -0.0834958 0.99452
    outer loop
      vertex 2.10085 2.68896 4.05871
      vertex 2.00572 2.76064 4.05871
      vertex 1.50244 1.92303 3.95655
    endloop
  endfacet
  facet normal -0.0400193 -0.0571541 0.997563
    outer loop
      vertex 1.43441 1.97429 3.95655
      vertex 1.36463 2.02315 3.95655
      vertex 0.819445 1.21488 3.88837
    endloop
  endfacet
  facet normal -0.0400213 -0.0571524 0.997563
    outer loop
      vertex 0.861344 1.18554 3.88837
      vertex 1.43441 1.97429 3.95655
      vertex 0.819445 1.21488 3.88837
    endloop
  endfacet
  facet normal -0.127018 -0.118441 0.984804
    outer loop
      vertex 3.97036 3.57493 4.36444
      vertex 3.84318 3.71132 4.36444
      vertex 3.15083 3.04272 4.19473
    endloop
  endfacet
  facet normal -0.101802 -0.0949285 0.990265
    outer loop
      vertex 3.2551 2.9309 4.19473
      vertex 3.15083 3.04272 4.19473
      vertex 2.53586 2.2833 4.05871
    endloop
  endfacet
  facet normal -0.0571524 -0.0400213 0.997563
    outer loop
      vertex 1.21488 0.819445 3.88837
      vertex 1.97429 1.43441 3.95655
      vertex 1.18554 0.861344 3.88837
    endloop
  endfacet
  facet normal -0.071299 -0.0764602 0.99452
    outer loop
      vertex 2.37041 2.45463 4.05871
      vertex 2.2833 2.53586 4.05871
      vertex 1.63292 1.81354 3.95655
    endloop
  endfacet
  facet normal -0.166083 -0.0507757 0.984804
    outer loop
      vertex 4.21048 1.20734 4.19473
      vertex 5.08116 1.65097 4.36444
      vertex 4.16578 1.35355 4.19473
    endloop
  endfacet
  facet normal -0.196616 -0.067692 0.978141
    outer loop
      vertex 5.99035 1.94638 4.56764
      vertex 5.91878 2.15426 4.56764
      vertex 5.08116 1.65097 4.36444
    endloop
  endfacet
  facet normal -0.129952 -0.0498774 0.990265
    outer loop
      vertex 3.20655 1.16709 4.05871
      vertex 4.06122 1.64084 4.19473
      vertex 3.16387 1.27829 4.05871
    endloop
  endfacet
  facet normal -0.0975998 -0.0374699 0.99452
    outer loop
      vertex 2.29319 0.834652 3.95655
      vertex 3.20655 1.16709 4.05871
      vertex 2.26266 0.914175 3.95655
    endloop
  endfacet
  facet normal -0.128129 -0.0543907 0.990265
    outer loop
      vertex 4.06122 1.64084 4.19473
      vertex 4.00148 1.78157 4.19473
      vertex 3.11733 1.38792 4.05871
    endloop
  endfacet
  facet normal -0.154745 -0.0788439 0.984803
    outer loop
      vertex 4.80194 2.34206 4.36444
      vertex 4.71728 2.50822 4.36444
      vertex 3.93687 1.92014 4.19473
    endloop
  endfacet
  facet normal -0.124023 -0.0631951 0.990265
    outer loop
      vertex 3.93687 1.92014 4.19473
      vertex 3.86746 2.05636 4.19473
      vertex 3.01292 1.602 4.05871
    endloop
  endfacet
  facet normal -0.174398 -0.113251 0.978141
    outer loop
      vertex 5.34154 3.33776 4.56764
      vertex 5.2218 3.52215 4.56764
      vertex 4.53083 2.83117 4.36444
    endloop
  endfacet
  facet normal -0.157403 -0.0733912 0.984804
    outer loop
      vertex 4.00148 1.78157 4.19473
      vertex 4.88075 2.17305 4.36444
      vertex 3.93687 1.92014 4.19473
    endloop
  endfacet
  facet normal -0.185278 -0.0944029 0.978141
    outer loop
      vertex 5.66117 2.76114 4.56764
      vertex 5.56136 2.95703 4.56764
      vertex 4.71728 2.50822 4.36444
    endloop
  endfacet
  facet normal -0.188462 -0.0878753 0.978141
    outer loop
      vertex 5.75408 2.56188 4.56764
      vertex 5.66117 2.76114 4.56764
      vertex 4.88075 2.17305 4.36444
    endloop
  endfacet
  facet normal -0.19141 -0.081254 0.978141
    outer loop
      vertex 4.95362 2.00139 4.36444
      vertex 5.75408 2.56188 4.56764
      vertex 4.88075 2.17305 4.36444
    endloop
  endfacet
  facet normal -0.108177 -0.087596 0.990265
    outer loop
      vertex 2.68896 2.10085 4.05871
      vertex 3.3554 2.81552 4.19473
      vertex 2.61401 2.19341 4.05871
    endloop
  endfacet
  facet normal -0.0571541 -0.0400193 0.997563
    outer loop
      vertex 2.02315 1.36463 3.95655
      vertex 1.97429 1.43441 3.95655
      vertex 1.21488 0.819445 3.88837
    endloop
  endfacet
  facet normal -0.0610226 -0.0338286 0.997563
    outer loop
      vertex 2.15471 1.14568 3.95655
      vertex 2.11341 1.22018 3.95655
      vertex 1.26908 0.732703 3.88837
    endloop
  endfacet
  facet normal -0.0914349 -0.0506881 0.99452
    outer loop
      vertex 2.15471 1.14568 3.95655
      vertex 2.95517 1.70617 4.05871
      vertex 2.11341 1.22018 3.95655
    endloop
  endfacet
  facet normal -0.0347733 -0.00304364 0.999391
    outer loop
      vertex 1.46184 0.102221 3.88837
      vertex 1.45738 0.153176 3.88837
      vertex 0.487476 0.0340872 3.85426
    endloop
  endfacet
  facet normal 0.0689115 -0.010926 0.997563
    outer loop
      vertex -1.45115 0.203945 3.88837
      vertex -1.44314 0.254465 3.88837
      vertex -2.41661 0.339632 3.95655
    endloop
  endfacet
  facet normal -0.102624 -0.0199509 0.99452
    outer loop
      vertex 3.3605 0.592546 4.05871
      vertex 3.33777 0.709465 4.05871
      vertex 2.38703 0.50738 3.95655
    endloop
  endfacet
  facet normal -0.135628 -0.0313082 0.990265
    outer loop
      vertex 3.33777 0.709465 4.05871
      vertex 4.25006 1.05966 4.19473
      vertex 3.31098 0.82552 4.05871
    endloop
  endfacet
  facet normal -0.138666 -0.0121306 0.990265
    outer loop
      vertex 3.40403 0.238032 4.05871
      vertex 4.35617 0.457851 4.19473
      vertex 3.39365 0.356687 4.05871
    endloop
  endfacet
  facet normal -0.103765 -0.0127448 0.99452
    outer loop
      vertex 3.39365 0.356687 4.05871
      vertex 3.37913 0.474906 4.05871
      vertex 2.41661 0.339632 3.95655
    endloop
  endfacet
  facet normal -0.0292778 0.0190071 0.999391
    outer loop
      vertex 1.21488 -0.819445 3.88837
      vertex 1.24273 -0.776546 3.88837
      vertex 0.414412 -0.258954 3.85426
    endloop
  endfacet
  facet normal -0.0789042 -0.0685824 0.99452
    outer loop
      vertex 1.86942 1.56863 3.95655
      vertex 2.61401 2.19341 4.05871
      vertex 1.81354 1.63292 3.95655
    endloop
  endfacet
  facet normal 0.0475815 0.0510299 0.997563
    outer loop
      vertex -1.63292 -1.81354 3.95655
      vertex -1.01796 -1.05412 3.88837
      vertex -1.69522 -1.75545 3.95655
    endloop
  endfacet
  facet normal -0.0311022 0.0158462 0.999391
    outer loop
      vertex 1.29388 -0.687966 3.88837
      vertex 1.3171 -0.642391 3.88837
      vertex 0.439211 -0.214217 3.85426
    endloop
  endfacet
  facet normal -0.0962351 -0.0408467 0.99452
    outer loop
      vertex 2.26266 0.914175 3.95655
      vertex 3.11733 1.38792 4.05871
      vertex 2.22938 0.992583 3.95655
    endloop
  endfacet
  facet normal -0.032588 -0.0125092 0.999391
    outer loop
      vertex 1.37703 0.501198 3.88837
      vertex 1.3587 0.54895 3.88837
      vertex 0.459197 0.167133 3.85426
    endloop
  endfacet
  facet normal -0.055724 0.0419874 0.997563
    outer loop
      vertex 1.92303 -1.50244 3.95655
      vertex 1.18554 -0.861344 3.88837
      vertex 1.15476 -0.902194 3.88837
    endloop
  endfacet
  facet normal -0.00182212 -0.0348587 0.999391
    outer loop
      vertex 0.102221 1.46184 3.88837
      vertex 0.0511417 1.46451 3.88837
      vertex 0.0340872 0.487476 3.85426
    endloop
  endfacet
  facet normal -0.0896119 -0.0538457 0.99452
    outer loop
      vertex 2.11341 1.22018 3.95655
      vertex 2.95517 1.70617 4.05871
      vertex 2.06954 1.29319 3.95655
    endloop
  endfacet
  facet normal -0.121739 -0.0674901 0.990265
    outer loop
      vertex 3.01292 1.602 4.05871
      vertex 3.86746 2.05636 4.19473
      vertex 2.95517 1.70617 4.05871
    endloop
  endfacet
  facet normal -0.0598059 -0.0359359 0.997563
    outer loop
      vertex 2.11341 1.22018 3.95655
      vertex 2.06954 1.29319 3.95655
      vertex 1.26908 0.732703 3.88837
    endloop
  endfacet
  facet normal -0.0359415 0.059802 0.997563
    outer loop
      vertex 1.29319 -2.06954 3.95655
      vertex 0.776546 -1.24273 3.88837
      vertex 0.732703 -1.26908 3.88837
    endloop
  endfacet
  facet normal -0.0299198 -0.0179793 0.999391
    outer loop
      vertex 0.423198 0.244333 3.85426
      vertex 1.26908 0.732703 3.88837
      vertex 0.414412 0.258954 3.85426
    endloop
  endfacet
  facet normal -0.0999757 -0.0305727 0.99452
    outer loop
      vertex 2.34583 0.672654 3.95655
      vertex 3.28015 0.940568 4.05871
      vertex 2.32092 0.754112 3.95655
    endloop
  endfacet
  facet normal -0.0271272 -0.0219673 0.999391
    outer loop
      vertex 1.15476 0.902194 3.88837
      vertex 1.12257 0.941945 3.88837
      vertex 0.385075 0.300853 3.85426
    endloop
  endfacet
  facet normal -0.0679856 -0.0156875 0.997563
    outer loop
      vertex 1.43338 0.304675 3.88837
      vertex 2.36787 0.590376 3.95655
      vertex 1.42188 0.354513 3.88837
    endloop
  endfacet
  facet normal -0.0219678 -0.0271267 0.999391
    outer loop
      vertex 0.314109 0.37434 3.85426
      vertex 0.941945 1.12257 3.88837
      vertex 0.300853 0.385075 3.85426
    endloop
  endfacet
  facet normal -0.0169226 0.0305299 0.999391
    outer loop
      vertex 0.732703 -1.26908 3.88837
      vertex 0.244333 -0.423198 3.85426
      vertex 0.229415 -0.431467 3.85426
    endloop
  endfacet
  facet normal -0.235728 -0.0545435 0.970287
    outer loop
      vertex 6.37789 1.51913 4.63209
      vertex 6.37472 1.5894 4.63527
      vertex 6.11153 1.52378 4.56764
    endloop
  endfacet
  facet normal -0.169221 -0.039069 0.984803
    outer loop
      vertex 5.2259 1.1108 4.36444
      vertex 5.18395 1.2925 4.36444
      vertex 4.25006 1.05966 4.19473
    endloop
  endfacet
  facet normal -0.134451 -0.0360294 0.990265
    outer loop
      vertex 3.31098 0.82552 4.05871
      vertex 4.25006 1.05966 4.19473
      vertex 3.28015 0.940568 4.05871
    endloop
  endfacet
  facet normal -0.13445 -0.0360342 0.990265
    outer loop
      vertex 4.25006 1.05966 4.19473
      vertex 4.21048 1.20734 4.19473
      vertex 3.28015 0.940568 4.05871
    endloop
  endfacet
  facet normal -0.240994 0.021218 0.970295
    outer loop
      vertex 6.40994 -0.482979 4.60005
      vertex 6.41054 -0.448269 4.59944
      vertex 6.28329 -0.43937 4.56764
    endloop
  endfacet
  facet normal -0.241598 -0.0125853 0.970295
    outer loop
      vertex 6.41089 0.414566 4.59909
      vertex 6.41054 0.448269 4.59944
      vertex 6.28329 0.43937 4.56764
    endloop
  endfacet
  facet normal -0.173009 -0.0151427 0.984804
    outer loop
      vertex 5.32964 0.372684 4.36444
      vertex 5.31338 0.558458 4.36444
      vertex 4.36949 0.305545 4.19473
    endloop
  endfacet
  facet normal -0.138667 0.0121272 0.990265
    outer loop
      vertex 4.35617 -0.457851 4.19473
      vertex 4.36949 -0.305545 4.19473
      vertex 3.40403 -0.238032 4.05871
    endloop
  endfacet
  facet normal -0.138156 0.0169687 0.990265
    outer loop
      vertex 4.33754 -0.609601 4.19473
      vertex 3.39365 -0.356687 4.05871
      vertex 3.37913 -0.474906 4.05871
    endloop
  endfacet
  facet normal -0.139174 -0.00242177 0.990265
    outer loop
      vertex 4.38016 0 4.19473
      vertex 4.3775 0.152865 4.19473
      vertex 3.41234 0 4.05871
    endloop
  endfacet
  facet normal -0.207659 0.0108771 0.978141
    outer loop
      vertex 6.28329 -0.43937 4.56764
      vertex 6.29479 -0.219818 4.56764
      vertex 5.3394 -0.186456 4.36444
    endloop
  endfacet
  facet normal -0.0305727 -0.0999757 0.99452
    outer loop
      vertex 0.754112 2.32092 3.95655
      vertex 0.940568 3.28015 4.05871
      vertex 0.672654 2.34583 3.95655
    endloop
  endfacet
  facet normal -0.0360294 -0.134451 0.990265
    outer loop
      vertex 0.940568 3.28015 4.05871
      vertex 1.05966 4.25006 4.19473
      vertex 0.82552 3.31098 4.05871
    endloop
  endfacet
  facet normal -0.0199509 -0.102624 0.99452
    outer loop
      vertex 0.709465 3.33777 4.05871
      vertex 0.592546 3.3605 4.05871
      vertex 0.50738 2.38703 3.95655
    endloop
  endfacet
  facet normal -0.0265632 -0.136636 0.990265
    outer loop
      vertex 0.709465 3.33777 4.05871
      vertex 0.910687 4.28445 4.19473
      vertex 0.592546 3.3605 4.05871
    endloop
  endfacet
  facet normal -0.0441841 -0.0947491 0.99452
    outer loop
      vertex 1.49587 3.06699 4.05871
      vertex 1.38792 3.11733 4.05871
      vertex 1.06978 2.19338 3.95655
    endloop
  endfacet
  facet normal -0.058828 -0.126152 0.990265
    outer loop
      vertex 1.49587 3.06699 4.05871
      vertex 1.92014 3.93687 4.19473
      vertex 1.38792 3.11733 4.05871
    endloop
  endfacet
  facet normal -0.0408523 -0.096232 0.99452
    outer loop
      vertex 1.38792 3.11733 4.05871
      vertex 1.27829 3.16387 4.05871
      vertex 0.914175 2.26266 3.95655
    endloop
  endfacet
  facet normal -0.037461 -0.0976022 0.99452
    outer loop
      vertex 1.27829 3.16387 4.05871
      vertex 1.16709 3.20655 4.05871
      vertex 0.914175 2.26266 3.95655
    endloop
  endfacet
  facet normal -0.0678626 -0.159865 0.984804
    outer loop
      vertex 1.78157 4.00148 4.19473
      vertex 2.17305 4.88075 4.36444
      vertex 1.64084 4.06122 4.19473
    endloop
  endfacet
  facet normal -0.0733912 -0.157403 0.984804
    outer loop
      vertex 1.92014 3.93687 4.19473
      vertex 2.17305 4.88075 4.36444
      vertex 1.78157 4.00148 4.19473
    endloop
  endfacet
  facet normal -0.0622356 -0.162138 0.984804
    outer loop
      vertex 1.64084 4.06122 4.19473
      vertex 1.82729 5.02045 4.36444
      vertex 1.4981 4.11601 4.19473
    endloop
  endfacet
  facet normal -0.0498808 -0.129951 0.990265
    outer loop
      vertex 1.64084 4.06122 4.19473
      vertex 1.4981 4.11601 4.19473
      vertex 1.16709 3.20655 4.05871
    endloop
  endfacet
  facet normal -0.0674901 -0.121739 0.990265
    outer loop
      vertex 1.70617 2.95517 4.05871
      vertex 2.05636 3.86746 4.19473
      vertex 1.602 3.01292 4.05871
    endloop
  endfacet
  facet normal -0.0631951 -0.124023 0.990265
    outer loop
      vertex 2.05636 3.86746 4.19473
      vertex 1.92014 3.93687 4.19473
      vertex 1.602 3.01292 4.05871
    endloop
  endfacet
  facet normal -0.071689 -0.119315 0.990265
    outer loop
      vertex 2.32113 3.71459 4.19473
      vertex 2.19008 3.79333 4.19473
      vertex 1.70617 2.95517 4.05871
    endloop
  endfacet
  facet normal -0.0894446 -0.148866 0.984804
    outer loop
      vertex 2.32113 3.71459 4.19473
      vertex 2.67133 4.62687 4.36444
      vertex 2.19008 3.79333 4.19473
    endloop
  endfacet
  facet normal -0.113942 -0.131069 0.984804
    outer loop
      vertex 3.57493 3.97036 4.36444
      vertex 3.43419 4.09271 4.36444
      vertex 2.81552 3.3554 4.19473
    endloop
  endfacet
  facet normal -0.11394 -0.131071 0.984803
    outer loop
      vertex 2.9309 3.2551 4.19473
      vertex 3.57493 3.97036 4.36444
      vertex 2.81552 3.3554 4.19473
    endloop
  endfacet
  facet normal -0.0599689 -0.0856347 0.99452
    outer loop
      vertex 2.00572 2.76064 4.05871
      vertex 1.90816 2.82896 4.05871
      vertex 1.36463 2.02315 3.95655
    endloop
  endfacet
  facet normal -0.099611 -0.142266 0.984804
    outer loop
      vertex 2.5746 3.54363 4.19473
      vertex 3.14033 4.3223 4.36444
      vertex 2.44936 3.63132 4.19473
    endloop
  endfacet
  facet normal -0.105046 -0.091327 0.990265
    outer loop
      vertex 2.61401 2.19341 4.05871
      vertex 3.3554 2.81552 4.19473
      vertex 2.53586 2.2833 4.05871
    endloop
  endfacet
  facet normal -0.214239 -0.173473 0.961254
    outer loop
      vertex 5.55147 4.65824 4.80408
      vertex 6.07378 4.74535 4.93621
      vertex 6.05508 4.87201 4.9549
    endloop
  endfacet
  facet normal -0.214236 -0.173488 0.961252
    outer loop
      vertex 6.07378 4.74535 4.93621
      vertex 5.55147 4.65824 4.80408
      vertex 5.71066 4.46166 4.80408
    endloop
  endfacet
  facet normal -0.237497 0.0462261 0.970288
    outer loop
      vertex 6.3852 -1.35721 4.62479
      vertex 6.38747 -1.29769 4.62251
      vertex 6.16099 -1.30956 4.56764
    endloop
  endfacet
  facet normal -0.235763 0.0543881 0.970288
    outer loop
      vertex 6.16099 -1.30956 4.56764
      vertex 6.37789 -1.51913 4.63209
      vertex 6.3852 -1.35721 4.62479
    endloop
  endfacet
  facet normal -0.235728 0.0544259 0.970294
    outer loop
      vertex 6.37789 -1.51913 4.63209
      vertex 6.16099 -1.30956 4.56764
      vertex 6.11153 -1.52378 4.56764
    endloop
  endfacet
  facet normal -0.24012 0.0295001 0.970295
    outer loop
      vertex 6.26412 -0.658385 4.56764
      vertex 6.40216 -0.85636 4.60782
      vertex 6.40662 -0.673362 4.60336
    endloop
  endfacet
  facet normal -0.240144 0.0294823 0.970289
    outer loop
      vertex 6.40216 -0.85636 4.60782
      vertex 6.26412 -0.658385 4.56764
      vertex 6.23733 -0.876599 4.56764
    endloop
  endfacet
  facet normal -0.238969 0.0378454 0.970289
    outer loop
      vertex 6.20294 -1.09375 4.56764
      vertex 6.39967 -0.94551 4.61031
      vertex 6.23733 -0.876599 4.56764
    endloop
  endfacet
  facet normal -0.238953 0.0378222 0.970294
    outer loop
      vertex 6.39967 -0.94551 4.61031
      vertex 6.20294 -1.09375 4.56764
      vertex 6.39398 -1.12743 4.616
    endloop
  endfacet
  facet normal -0.235728 0.0545435 0.970287
    outer loop
      vertex 6.37472 -1.5894 4.63527
      vertex 6.37789 -1.51913 4.63209
      vertex 6.11153 -1.52378 4.56764
    endloop
  endfacet
  facet normal -0.225837 0.0866997 0.970299
    outer loop
      vertex 5.99575 -2.20815 4.59037
      vertex 5.91878 -2.15426 4.56764
      vertex 5.85319 -2.32511 4.56764
    endloop
  endfacet
  facet normal -0.162138 0.0622356 0.984804
    outer loop
      vertex 5.02045 -1.82729 4.36444
      vertex 4.11601 -1.4981 4.19473
      vertex 4.06122 -1.64084 4.19473
    endloop
  endfacet
  facet normal -0.0506894 0.091434 0.99452
    outer loop
      vertex 1.602 -3.01292 4.05871
      vertex 1.70617 -2.95517 4.05871
      vertex 1.14568 -2.15471 3.95655
    endloop
  endfacet
  facet normal -0.058787 0.126164 0.990266
    outer loop
      vertex 1.49587 -3.06699 4.05871
      vertex 1.90084 -3.90714 4.18979
      vertex 1.90531 -3.90647 4.18997
    endloop
  endfacet
  facet normal -0.0588253 0.126146 0.990266
    outer loop
      vertex 1.90084 -3.90714 4.18979
      vertex 1.49587 -3.06699 4.05871
      vertex 1.38792 -3.11733 4.05871
    endloop
  endfacet
  facet normal -0.02662 0.136625 0.990265
    outer loop
      vertex 0.709465 -3.33777 4.05871
      vertex 0.822747 -4.02905 4.15713
      vertex 0.855935 -4.02686 4.15772
    endloop
  endfacet
  facet normal -0.0265629 0.136635 0.990265
    outer loop
      vertex 0.822747 -4.02905 4.15713
      vertex 0.709465 -3.33777 4.05871
      vertex 0.592546 -3.3605 4.05871
    endloop
  endfacet
  facet normal -0.0217716 0.137478 0.990266
    outer loop
      vertex 0.474906 -3.37913 4.05871
      vertex 0.604446 -4.04219 4.15361
      vertex 0.592546 -3.3605 4.05871
    endloop
  endfacet
  facet normal -0.021703 0.137491 0.990265
    outer loop
      vertex 0.604446 -4.04219 4.15361
      vertex 0.474906 -3.37913 4.05871
      vertex 0.568366 -4.04414 4.15309
    endloop
  endfacet
  facet normal 0.01213 0.13866 0.990266
    outer loop
      vertex -0.356687 -3.39365 4.05871
      vertex -0.387462 -4.05128 4.15117
      vertex -0.238032 -3.40403 4.05871
    endloop
  endfacet
  facet normal 0.0122027 0.138656 0.990265
    outer loop
      vertex -0.387462 -4.05128 4.15117
      vertex -0.356687 -3.39365 4.05871
      vertex -0.425686 -4.05013 4.15148
    endloop
  endfacet
  facet normal 0.00182874 0.104529 0.99452
    outer loop
      vertex 0 -3.41234 4.05871
      vertex 0 -2.44036 3.95655
      vertex -0.0851669 -2.43887 3.95655
    endloop
  endfacet
  facet normal -0.00723984 0.138996 0.990266
    outer loop
      vertex 0.283511 -4.0544 4.15033
      vertex 0.238032 -3.40403 4.05871
      vertex 0.180971 -4.05625 4.14984
    endloop
  endfacet
  facet normal -0.0121636 0.138652 0.990266
    outer loop
      vertex 0.283511 -4.0544 4.15033
      vertex 0.387462 -4.05128 4.15117
      vertex 0.238032 -3.40403 4.05871
    endloop
  endfacet
  facet normal 0.0199509 0.102624 0.99452
    outer loop
      vertex -0.592546 -3.3605 4.05871
      vertex -0.50738 -2.38703 3.95655
      vertex -0.709465 -3.33777 4.05871
    endloop
  endfacet
  facet normal -0.0217408 0.137478 0.990266
    outer loop
      vertex 0.604446 -4.04219 4.15361
      vertex 0.711723 -4.03639 4.15516
      vertex 0.592546 -3.3605 4.05871
    endloop
  endfacet
  facet normal -0.0610228 0.0338281 0.997563
    outer loop
      vertex 2.15471 -1.14568 3.95655
      vertex 1.29388 -0.687966 3.88837
      vertex 1.26908 -0.732703 3.88837
    endloop
  endfacet
  facet normal -0.0169239 -0.0305292 0.999391
    outer loop
      vertex 0.732703 1.26908 3.88837
      vertex 0.687966 1.29388 3.88837
      vertex 0.229415 0.431467 3.85426
    endloop
  endfacet
  facet normal 0.0330047 0.0113645 0.999391
    outer loop
      vertex -0.459197 -0.167133 3.85426
      vertex -0.46475 -0.151006 3.85426
      vertex -1.39368 -0.452835 3.88837
    endloop
  endfacet
  facet normal -0.0340121 0.00785069 0.999391
    outer loop
      vertex 1.43338 -0.304675 3.88837
      vertex 0.477988 -0.101599 3.85426
      vertex 0.474152 -0.118218 3.85426
    endloop
  endfacet
  facet normal -0.034901 0.000614193 0.999391
    outer loop
      vertex 1.46451 -0.0511417 3.88837
      vertex 1.46541 0 3.88837
      vertex 0.488369 -0.0170536 3.85426
    endloop
  endfacet
  facet normal -0.0976022 0.037461 0.99452
    outer loop
      vertex 3.16387 -1.27829 4.05871
      vertex 3.20655 -1.16709 4.05871
      vertex 2.26266 -0.914175 3.95655
    endloop
  endfacet
  facet normal -0.0136355 -0.0321329 0.999391
    outer loop
      vertex 0.596034 1.33872 3.88837
      vertex 0.54895 1.3587 3.88837
      vertex 0.183058 0.453084 3.85426
    endloop
  endfacet
  facet normal -0.0342651 0.00666058 0.999391
    outer loop
      vertex 1.43338 -0.304675 3.88837
      vertex 1.44314 -0.254465 3.88837
      vertex 0.481243 -0.084856 3.85426
    endloop
  endfacet
  facet normal -0.0179814 0.0299187 0.999391
    outer loop
      vertex 0.732703 -1.26908 3.88837
      vertex 0.776546 -1.24273 3.88837
      vertex 0.258954 -0.414412 3.85426
    endloop
  endfacet
  facet normal -0.0642281 0.0272551 0.997563
    outer loop
      vertex 2.26266 -0.914175 3.95655
      vertex 1.3587 -0.54895 3.88837
      vertex 1.33872 -0.596034 3.88837
    endloop
  endfacet
  facet normal -0.0695061 0.00608375 0.997563
    outer loop
      vertex 2.42699 -0.255087 3.95655
      vertex 1.46184 -0.102221 3.88837
      vertex 1.45738 -0.153176 3.88837
    endloop
  endfacet
  facet normal -0.131611 0.0453196 0.990265
    outer loop
      vertex 4.16578 -1.35355 4.19473
      vertex 3.24533 -1.05447 4.05871
      vertex 3.20655 -1.16709 4.05871
    endloop
  endfacet
  facet normal -0.0667214 0.0204035 0.997563
    outer loop
      vertex 2.32092 -0.754112 3.95655
      vertex 2.34583 -0.672654 3.95655
      vertex 1.39368 -0.452835 3.88837
    endloop
  endfacet
  facet normal -0.0692524 0.00849814 0.997563
    outer loop
      vertex 2.42699 -0.255087 3.95655
      vertex 1.45738 -0.153176 3.88837
      vertex 1.45115 -0.203945 3.88837
    endloop
  endfacet
  facet normal -0.0346464 0.00425155 0.999391
    outer loop
      vertex 1.45115 -0.203945 3.88837
      vertex 1.45738 -0.153176 3.88837
      vertex 0.483912 -0.0680084 3.85426
    endloop
  endfacet
  facet normal -0.139004 0.00728068 0.990265
    outer loop
      vertex 4.3775 -0.152865 4.19473
      vertex 3.41026 -0.119088 4.05871
      vertex 3.40403 -0.238032 4.05871
    endloop
  endfacet
  facet normal -0.104402 0.00546163 0.99452
    outer loop
      vertex 3.41026 -0.119088 4.05871
      vertex 2.43887 -0.0851669 3.95655
      vertex 2.43442 -0.170231 3.95655
    endloop
  endfacet
  facet normal -0.0692521 0.00850242 0.997563
    outer loop
      vertex 2.41661 -0.339632 3.95655
      vertex 2.42699 -0.255087 3.95655
      vertex 1.45115 -0.203945 3.88837
    endloop
  endfacet
  facet normal -0.103765 0.0127398 0.99452
    outer loop
      vertex 3.39365 -0.356687 4.05871
      vertex 2.42699 -0.255087 3.95655
      vertex 2.41661 -0.339632 3.95655
    endloop
  endfacet
  facet normal -0.198201 -0.138782 0.970287
    outer loop
      vertex 6.00798 4.05243 4.80408
      vertex 5.86289 4.25964 4.80408
      vertex 5.2218 3.52215 4.56764
    endloop
  endfacet
  facet normal -0.141823 -0.152076 0.978141
    outer loop
      vertex 4.37539 4.53085 4.56764
      vertex 4.21461 4.68079 4.56764
      vertex 3.71132 3.84318 4.36444
    endloop
  endfacet
  facet normal -0.171089 -0.171089 0.970287
    outer loop
      vertex 5.03414 5.21301 4.80408
      vertex 4.53085 4.37539 4.56764
      vertex 5.21301 5.03414 4.80408
    endloop
  endfacet
  facet normal -0.171089 -0.171089 0.970287
    outer loop
      vertex 4.53085 4.37539 4.56764
      vertex 5.03414 5.21301 4.80408
      vertex 4.37539 4.53085 4.56764
    endloop
  endfacet
  facet normal -0.119271 -0.170337 0.978141
    outer loop
      vertex 3.70224 5.0957 4.56764
      vertex 3.52215 5.2218 4.56764
      vertex 3.14033 4.3223 4.36444
    endloop
  endfacet
  facet normal -0.138782 -0.198201 0.970287
    outer loop
      vertex 4.25964 5.86289 4.80408
      vertex 4.05243 6.00798 4.80408
      vertex 3.52215 5.2218 4.56764
    endloop
  endfacet
  facet normal -0.236186 -0.141919 0.961288
    outer loop
      vertex 6.20591 3.74017 4.80408
      vertex 6.19255 3.85283 4.81743
      vertex 6.14575 3.84029 4.80408
    endloop
  endfacet
  facet normal -0.20292 -0.131782 0.970287
    outer loop
      vertex 6.14575 3.84029 4.80408
      vertex 6.00798 4.05243 4.80408
      vertex 5.34154 3.33776 4.56764
    endloop
  endfacet
  facet normal 0.0113645 0.0330047 0.999391
    outer loop
      vertex -0.151006 -0.46475 3.85426
      vertex -0.167133 -0.459197 3.85426
      vertex -0.452835 -1.39368 3.88837
    endloop
  endfacet
  facet normal -0.0651377 0.0250036 0.997563
    outer loop
      vertex 2.26266 -0.914175 3.95655
      vertex 1.37703 -0.501198 3.88837
      vertex 1.3587 -0.54895 3.88837
    endloop
  endfacet
  facet normal -0.0200223 -0.0285929 0.999391
    outer loop
      vertex 0.861344 1.18554 3.88837
      vertex 0.819445 1.21488 3.88837
      vertex 0.287231 0.39534 3.85426
    endloop
  endfacet
  facet normal -0.020021 -0.0285938 0.999391
    outer loop
      vertex 0.287231 0.39534 3.85426
      vertex 0.819445 1.21488 3.88837
      vertex 0.273259 0.405123 3.85426
    endloop
  endfacet
  facet normal -0.0632737 0.123989 0.990264
    outer loop
      vertex 1.602 -3.01292 4.05871
      vertex 1.90531 -3.90647 4.18997
      vertex 1.90944 -3.9058 4.19015
    endloop
  endfacet
  facet normal -0.0631843 0.12402 0.990266
    outer loop
      vertex 1.90531 -3.90647 4.18997
      vertex 1.602 -3.01292 4.05871
      vertex 1.49587 -3.06699 4.05871
    endloop
  endfacet
  facet normal -0.022899 -0.0263454 0.999391
    outer loop
      vertex 0.326982 0.363151 3.85426
      vertex 0.941945 1.12257 3.88837
      vertex 0.314109 0.37434 3.85426
    endloop
  endfacet
  facet normal -0.000609869 0.0349009 0.999391
    outer loop
      vertex 0.0170536 -0.488369 3.85426
      vertex 0 -0.488667 3.85426
      vertex 0 -1.46541 3.88837
    endloop
  endfacet
  facet normal -0.0338281 0.0610228 0.997563
    outer loop
      vertex 1.14568 -2.15471 3.95655
      vertex 0.732703 -1.26908 3.88837
      vertex 0.687966 -1.29388 3.88837
    endloop
  endfacet
  facet normal -0.022712 0.0659713 0.997563
    outer loop
      vertex 0.754112 -2.32092 3.95655
      vertex 0.501198 -1.37703 3.88837
      vertex 0.452835 -1.39368 3.88837
    endloop
  endfacet
  facet normal -0.021006 0.0278783 0.999391
    outer loop
      vertex 0.861344 -1.18554 3.88837
      vertex 0.902194 -1.15476 3.88837
      vertex 0.287231 -0.39534 3.85426
    endloop
  endfacet
  facet normal -0.0891614 0.148972 0.984814
    outer loop
      vertex 2.36059 -3.81737 4.21385
      vertex 2.38241 -3.81264 4.21511
      vertex 2.32113 -3.71459 4.19473
    endloop
  endfacet
  facet normal -0.0229017 -0.0263431 0.999391
    outer loop
      vertex 0.980548 1.08901 3.88837
      vertex 0.941945 1.12257 3.88837
      vertex 0.326982 0.363151 3.85426
    endloop
  endfacet
  facet normal 0.0684886 0.0133182 0.997563
    outer loop
      vertex -2.38703 -0.50738 3.95655
      vertex -1.43338 -0.304675 3.88837
      vertex -2.40329 -0.423763 3.95655
    endloop
  endfacet
  facet normal -0.0278773 -0.0210072 0.999391
    outer loop
      vertex 0.39534 0.287231 3.85426
      vertex 1.15476 0.902194 3.88837
      vertex 0.385075 0.300853 3.85426
    endloop
  endfacet
  facet normal 0.0210072 0.0278773 0.999391
    outer loop
      vertex -0.287231 -0.39534 3.85426
      vertex -0.300853 -0.385075 3.85426
      vertex -0.902194 -1.15476 3.88837
    endloop
  endfacet
  facet normal 0.0113645 -0.0330047 0.999391
    outer loop
      vertex -0.167133 0.459197 3.85426
      vertex -0.151006 0.46475 3.85426
      vertex -0.452835 1.39368 3.88837
    endloop
  endfacet
  facet normal 0.0102089 -0.0333802 0.999391
    outer loop
      vertex -0.151006 0.46475 3.85426
      vertex -0.40392 1.40864 3.88837
      vertex -0.452835 1.39368 3.88837
    endloop
  endfacet
  facet normal -0.0271267 -0.0219678 0.999391
    outer loop
      vertex 0.385075 0.300853 3.85426
      vertex 1.12257 0.941945 3.88837
      vertex 0.37434 0.314109 3.85426
    endloop
  endfacet
  facet normal -0.00364501 0.0696763 0.997563
    outer loop
      vertex 0.0851669 -2.43887 3.95655
      vertex 0.170231 -2.43442 3.95655
      vertex 0.0511417 -1.46451 3.88837
    endloop
  endfacet
  facet normal 0.0235162 0.101866 0.99452
    outer loop
      vertex -0.50738 -2.38703 3.95655
      vertex -0.590376 -2.36787 3.95655
      vertex -0.709465 -3.33777 4.05871
    endloop
  endfacet
  facet normal 0.0312431 0.135643 0.990265
    outer loop
      vertex -0.855935 -4.02686 4.15772
      vertex -0.709465 -3.33777 4.05871
      vertex -0.970544 -4.01791 4.16011
    endloop
  endfacet
  facet normal 0.071689 0.119315 0.990265
    outer loop
      vertex -2.19008 -3.79333 4.19473
      vertex -1.70617 -2.95517 4.05871
      vertex -2.32113 -3.71459 4.19473
    endloop
  endfacet
  facet normal 0.0408467 0.0962351 0.99452
    outer loop
      vertex -0.914175 -2.26266 3.95655
      vertex -0.992583 -2.22938 3.95655
      vertex -1.38792 -3.11733 4.05871
    endloop
  endfacet
  facet normal 0.0400213 0.0571524 0.997563
    outer loop
      vertex -0.819445 -1.21488 3.88837
      vertex -0.861344 -1.18554 3.88837
      vertex -1.43441 -1.97429 3.95655
    endloop
  endfacet
  facet normal 0.0599689 0.0856347 0.99452
    outer loop
      vertex -1.90816 -2.82896 4.05871
      vertex -1.36463 -2.02315 3.95655
      vertex -2.00572 -2.76064 4.05871
    endloop
  endfacet
  facet normal -0.0278773 0.0210072 0.999391
    outer loop
      vertex 1.15476 -0.902194 3.88837
      vertex 0.39534 -0.287231 3.85426
      vertex 0.385075 -0.300853 3.85426
    endloop
  endfacet
  facet normal 0.0856347 0.0599689 0.99452
    outer loop
      vertex -2.76064 -2.00572 4.05871
      vertex -2.02315 -1.36463 3.95655
      vertex -2.82896 -1.90816 4.05871
    endloop
  endfacet
  facet normal 0.0876808 0.0569355 0.99452
    outer loop
      vertex -2.82896 -1.90816 4.05871
      vertex -2.02315 -1.36463 3.95655
      vertex -2.89383 -1.80826 4.05871
    endloop
  endfacet
  facet normal 0.0949294 0.101801 0.990265
    outer loop
      vertex -2.2833 -2.53586 4.05871
      vertex -2.37041 -2.45463 4.05871
      vertex -3.04272 -3.15083 4.19473
    endloop
  endfacet
  facet normal 0.0764634 0.0712963 0.99452
    outer loop
      vertex -1.75545 -1.69522 3.95655
      vertex -1.81354 -1.63292 3.95655
      vertex -2.45463 -2.37041 4.05871
    endloop
  endfacet
  facet normal 0.0571541 0.0400193 0.997563
    outer loop
      vertex -1.97429 -1.43441 3.95655
      vertex -1.21488 -0.819445 3.88837
      vertex -2.02315 -1.36463 3.95655
    endloop
  endfacet
  facet normal 0.043909 0.0542227 0.997563
    outer loop
      vertex -0.902194 -1.15476 3.88837
      vertex -0.941945 -1.12257 3.88837
      vertex -1.50244 -1.92303 3.95655
    endloop
  endfacet
  facet normal 0.101802 0.0949285 0.990265
    outer loop
      vertex -3.15083 -3.04272 4.19473
      vertex -2.53586 -2.2833 4.05871
      vertex -3.2551 -2.9309 4.19473
    endloop
  endfacet
  facet normal 0.071299 0.0764602 0.99452
    outer loop
      vertex -2.2833 -2.53586 4.05871
      vertex -1.63292 -1.81354 3.95655
      vertex -2.37041 -2.45463 4.05871
    endloop
  endfacet
  facet normal 0.0914349 0.0506881 0.99452
    outer loop
      vertex -2.11341 -1.22018 3.95655
      vertex -2.15471 -1.14568 3.95655
      vertex -2.95517 -1.70617 4.05871
    endloop
  endfacet
  facet normal 0.0610228 0.0338281 0.997563
    outer loop
      vertex -1.26908 -0.732703 3.88837
      vertex -1.29388 -0.687966 3.88837
      vertex -2.15471 -1.14568 3.95655
    endloop
  endfacet
  facet normal 0.0338286 -0.0610226 0.997563
    outer loop
      vertex -0.732703 1.26908 3.88837
      vertex -1.14568 2.15471 3.95655
      vertex -1.22018 2.11341 3.95655
    endloop
  endfacet
  facet normal 0.0338281 -0.0610228 0.997563
    outer loop
      vertex -0.732703 1.26908 3.88837
      vertex -0.687966 1.29388 3.88837
      vertex -1.14568 2.15471 3.95655
    endloop
  endfacet
  facet normal 0.0285929 -0.0200223 0.999391
    outer loop
      vertex -0.39534 0.287231 3.85426
      vertex -1.18554 0.861344 3.88837
      vertex -1.21488 0.819445 3.88837
    endloop
  endfacet
  facet normal 0.022899 -0.0263454 0.999391
    outer loop
      vertex -0.326982 0.363151 3.85426
      vertex -0.314109 0.37434 3.85426
      vertex -0.941945 1.12257 3.88837
    endloop
  endfacet
  facet normal 0.00546177 -0.0344765 0.999391
    outer loop
      vertex -0.084856 0.481243 3.85426
      vertex -0.0680084 0.483912 3.85426
      vertex -0.254465 1.44314 3.88837
    endloop
  endfacet
  facet normal 0.0629135 -0.083496 0.99452
    outer loop
      vertex -1.50244 1.92303 3.95655
      vertex -1.43441 1.97429 3.95655
      vertex -2.00572 2.76064 4.05871
    endloop
  endfacet
  facet normal 0.0739249 -0.0739249 0.99452
    outer loop
      vertex -2.37041 2.45463 4.05871
      vertex -1.75545 1.69522 3.95655
      vertex -1.69522 1.75545 3.95655
    endloop
  endfacet
  facet normal 0.0739249 -0.0739249 0.99452
    outer loop
      vertex -1.75545 1.69522 3.95655
      vertex -2.37041 2.45463 4.05871
      vertex -2.45463 2.37041 4.05871
    endloop
  endfacet
  facet normal -0.0321315 0.0136385 0.999391
    outer loop
      vertex 1.33872 -0.596034 3.88837
      vertex 0.453084 -0.183058 3.85426
      vertex 0.44642 -0.198758 3.85426
    endloop
  endfacet
  facet normal 0.114023 -0.079836 0.990265
    outer loop
      vertex -2.76064 2.00572 4.05871
      vertex -3.54363 2.5746 4.19473
      vertex -3.63132 2.44936 4.19473
    endloop
  endfacet
  facet normal 0.0812475 -0.0657898 0.99452
    outer loop
      vertex -1.86942 1.56863 3.95655
      vertex -2.61401 2.19341 4.05871
      vertex -2.68896 2.10085 4.05871
    endloop
  endfacet
  facet normal 0.0542227 -0.043909 0.997563
    outer loop
      vertex -1.15476 0.902194 3.88837
      vertex -1.12257 0.941945 3.88837
      vertex -1.92303 1.50244 3.95655
    endloop
  endfacet
  facet normal 0.054219 -0.0439142 0.997563
    outer loop
      vertex -1.12257 0.941945 3.88837
      vertex -1.86942 1.56863 3.95655
      vertex -1.92303 1.50244 3.95655
    endloop
  endfacet
  facet normal 0.089613 -0.0538433 0.99452
    outer loop
      vertex -2.06954 1.29319 3.95655
      vertex -2.89383 1.80826 4.05871
      vertex -2.95517 1.70617 4.05871
    endloop
  endfacet
  facet normal 0.0632331 -0.0294907 0.997563
    outer loop
      vertex -1.33872 0.596034 3.88837
      vertex -1.3171 0.642391 3.88837
      vertex -2.19338 1.06978 3.95655
    endloop
  endfacet
  facet normal 0.119315 -0.071689 0.990265
    outer loop
      vertex -2.95517 1.70617 4.05871
      vertex -3.71459 2.32113 4.19473
      vertex -3.79333 2.19008 4.19473
    endloop
  endfacet
  facet normal 0.148866 -0.0894446 0.984804
    outer loop
      vertex -3.79333 2.19008 4.19473
      vertex -3.71459 2.32113 4.19473
      vertex -4.62687 2.67133 4.36444
    endloop
  endfacet
  facet normal 0.128129 -0.0543907 0.990265
    outer loop
      vertex -3.11733 1.38792 4.05871
      vertex -4.00148 1.78157 4.19473
      vertex -4.06122 1.64084 4.19473
    endloop
  endfacet
  facet normal 0.159865 -0.0678626 0.984804
    outer loop
      vertex -4.06122 1.64084 4.19473
      vertex -4.00148 1.78157 4.19473
      vertex -4.88075 2.17305 4.36444
    endloop
  endfacet
  facet normal 0.078897 -0.0685927 0.99452
    outer loop
      vertex -1.81354 1.63292 3.95655
      vertex -2.53586 2.2833 4.05871
      vertex -2.61401 2.19341 4.05871
    endloop
  endfacet
  facet normal 0.0789042 -0.0685824 0.99452
    outer loop
      vertex -1.86942 1.56863 3.95655
      vertex -1.81354 1.63292 3.95655
      vertex -2.61401 2.19341 4.05871
    endloop
  endfacet
  facet normal 0.071299 -0.0764602 0.99452
    outer loop
      vertex -1.63292 1.81354 3.95655
      vertex -2.2833 2.53586 4.05871
      vertex -2.37041 2.45463 4.05871
    endloop
  endfacet
  facet normal 0.141812 -0.152082 0.978141
    outer loop
      vertex -3.71132 3.84318 4.36444
      vertex -3.57493 3.97036 4.36444
      vertex -4.21461 4.68079 4.56764
    endloop
  endfacet
  facet normal 0.122805 -0.122805 0.984804
    outer loop
      vertex -3.71132 3.84318 4.36444
      vertex -3.15083 3.04272 4.19473
      vertex -3.04272 3.15083 4.19473
    endloop
  endfacet
  facet normal 0.122805 -0.122805 0.984804
    outer loop
      vertex -3.15083 3.04272 4.19473
      vertex -3.71132 3.84318 4.36444
      vertex -3.84318 3.71132 4.36444
    endloop
  endfacet
  facet normal 0.152076 -0.141823 0.978141
    outer loop
      vertex -3.84318 3.71132 4.36444
      vertex -4.53085 4.37539 4.56764
      vertex -4.68079 4.21461 4.56764
    endloop
  endfacet
  facet normal -0.2193 -0.102222 0.970288
    outer loop
      vertex 5.66117 2.76114 4.56764
      vertex 6.27894 2.9869 4.73105
      vertex 6.27271 3.0594 4.73728
    endloop
  endfacet
  facet normal -0.21929 -0.102249 0.970287
    outer loop
      vertex 6.27894 2.9869 4.73105
      vertex 5.66117 2.76114 4.56764
      vertex 5.75408 2.56188 4.56764
    endloop
  endfacet
  facet normal -0.215581 -0.109853 0.970287
    outer loop
      vertex 5.56136 2.95703 4.56764
      vertex 6.27271 3.0594 4.73728
      vertex 6.2671 3.11996 4.74289
    endloop
  endfacet
  facet normal -0.215583 -0.109844 0.970288
    outer loop
      vertex 6.27271 3.0594 4.73728
      vertex 5.56136 2.95703 4.56764
      vertex 5.66117 2.76114 4.56764
    endloop
  endfacet
  facet normal -0.231136 -0.150204 0.961257
    outer loop
      vertex 6.19071 3.86838 4.81928
      vertex 6.18811 3.88902 4.82188
      vertex 6.14575 3.84029 4.80408
    endloop
  endfacet
  facet normal -0.145612 -0.193237 0.970287
    outer loop
      vertex 4.46166 5.71066 4.80408
      vertex 4.25964 5.86289 4.80408
      vertex 3.87782 4.96339 4.56764
    endloop
  endfacet
  facet normal -0.182608 -0.158738 0.970287
    outer loop
      vertex 4.82503 4.04868 4.56764
      vertex 5.55147 4.65824 4.80408
      vertex 4.68079 4.21461 4.56764
    endloop
  endfacet
  facet normal 0.0338286 0.0610226 0.997563
    outer loop
      vertex -1.14568 -2.15471 3.95655
      vertex -0.732703 -1.26908 3.88837
      vertex -1.22018 -2.11341 3.95655
    endloop
  endfacet
  facet normal 0.104524 0.138707 0.984802
    outer loop
      vertex -2.6967 -3.45162 4.19473
      vertex -2.76434 -3.72057 4.23979
      vertex -2.5746 -3.54363 4.19473
    endloop
  endfacet
  facet normal 0.104509 0.138711 0.984803
    outer loop
      vertex -2.76434 -3.72057 4.23979
      vertex -2.6967 -3.45162 4.19473
      vertex -2.8828 -3.68982 4.24803
    endloop
  endfacet
  facet normal 0.0305633 0.0999776 0.99452
    outer loop
      vertex -0.940568 -3.28015 4.05871
      vertex -0.754112 -2.32092 3.95655
      vertex -1.05447 -3.24533 4.05871
    endloop
  endfacet
  facet normal 0.0360266 0.13444 0.990267
    outer loop
      vertex -0.940568 -3.28015 4.05871
      vertex -1.00118 -4.01552 4.16075
      vertex -0.82552 -3.31098 4.05871
    endloop
  endfacet
  facet normal 0.0360933 0.134434 0.990265
    outer loop
      vertex -1.00118 -4.01552 4.16075
      vertex -0.940568 -3.28015 4.05871
      vertex -1.03053 -4.01287 4.16146
    endloop
  endfacet
  facet normal 0.109298 0.134969 0.984803
    outer loop
      vertex -2.81552 -3.3554 4.19473
      vertex -2.8828 -3.68982 4.24803
      vertex -2.6967 -3.45162 4.19473
    endloop
  endfacet
  facet normal 0.109245 0.134981 0.984807
    outer loop
      vertex -2.8828 -3.68982 4.24803
      vertex -2.81552 -3.3554 4.19473
      vertex -2.98531 -3.66172 4.25555
    endloop
  endfacet
  facet normal 0.129952 -0.0498774 0.990265
    outer loop
      vertex -3.20655 1.16709 4.05871
      vertex -3.16387 1.27829 4.05871
      vertex -4.06122 1.64084 4.19473
    endloop
  endfacet
  facet normal 0.128128 -0.0543928 0.990265
    outer loop
      vertex -3.16387 1.27829 4.05871
      vertex -3.11733 1.38792 4.05871
      vertex -4.06122 1.64084 4.19473
    endloop
  endfacet
  facet normal 0.0659708 -0.0227138 0.997563
    outer loop
      vertex -1.37703 0.501198 3.88837
      vertex -2.29319 0.834652 3.95655
      vertex -2.32092 0.754112 3.95655
    endloop
  endfacet
  facet normal 0.0976022 -0.037461 0.99452
    outer loop
      vertex -2.26266 0.914175 3.95655
      vertex -3.16387 1.27829 4.05871
      vertex -3.20655 1.16709 4.05871
    endloop
  endfacet
  facet normal 0.173645 -0.0030267 0.984804
    outer loop
      vertex -4.3775 0.152865 4.19473
      vertex -5.3394 0.186456 4.36444
      vertex -5.34265 0 4.36444
    endloop
  endfacet
  facet normal 0.173434 -0.00908946 0.984804
    outer loop
      vertex -4.3775 0.152865 4.19473
      vertex -5.32964 0.372684 4.36444
      vertex -5.3394 0.186456 4.36444
    endloop
  endfacet
  facet normal 0.136636 -0.0265632 0.990265
    outer loop
      vertex -3.3605 0.592546 4.05871
      vertex -3.33777 0.709465 4.05871
      vertex -4.28445 0.910687 4.19473
    endloop
  endfacet
  facet normal 0.102623 -0.0199559 0.99452
    outer loop
      vertex -2.40329 0.423763 3.95655
      vertex -2.38703 0.50738 3.95655
      vertex -3.3605 0.592546 4.05871
    endloop
  endfacet
  facet normal 0.103259 -0.0163485 0.99452
    outer loop
      vertex -2.41661 0.339632 3.95655
      vertex -2.40329 0.423763 3.95655
      vertex -3.3605 0.592546 4.05871
    endloop
  endfacet
  facet normal 0.16421 -0.0565404 0.984804
    outer loop
      vertex -4.16578 1.35355 4.19473
      vertex -5.02045 1.82729 4.36444
      vertex -5.08116 1.65097 4.36444
    endloop
  endfacet
  facet normal 0.164211 -0.0565394 0.984804
    outer loop
      vertex -4.16578 1.35355 4.19473
      vertex -4.11601 1.4981 4.19473
      vertex -5.02045 1.82729 4.36444
    endloop
  endfacet
  facet normal 0.169221 -0.039069 0.984803
    outer loop
      vertex -4.25006 1.05966 4.19473
      vertex -5.18395 1.2925 4.36444
      vertex -5.2259 1.1108 4.36444
    endloop
  endfacet
  facet normal 0.167756 -0.0449449 0.984803
    outer loop
      vertex -4.25006 1.05966 4.19473
      vertex -5.13569 1.47263 4.36444
      vertex -5.18395 1.2925 4.36444
    endloop
  endfacet
  facet normal 0.0673935 0.01806 0.997563
    outer loop
      vertex -1.40864 -0.40392 3.88837
      vertex -1.42188 -0.354513 3.88837
      vertex -2.34583 -0.672654 3.95655
    endloop
  endfacet
  facet normal 0.0299198 0.0179793 0.999391
    outer loop
      vertex -0.414412 -0.258954 3.85426
      vertex -0.423198 -0.244333 3.85426
      vertex -1.26908 -0.732703 3.88837
    endloop
  endfacet
  facet normal 0.169221 0.039069 0.984803
    outer loop
      vertex -5.18395 -1.2925 4.36444
      vertex -4.25006 -1.05966 4.19473
      vertex -5.2259 -1.1108 4.36444
    endloop
  endfacet
  facet normal 0.0673957 0.0180535 0.997563
    outer loop
      vertex -2.34583 -0.672654 3.95655
      vertex -1.42188 -0.354513 3.88837
      vertex -2.36787 -0.590376 3.95655
    endloop
  endfacet
  facet normal 0.170482 0.0331355 0.984804
    outer loop
      vertex -5.2259 -1.1108 4.36444
      vertex -4.28445 -0.910687 4.19473
      vertex -5.26148 -0.927741 4.36444
    endloop
  endfacet
  facet normal 0.169222 0.0390643 0.984804
    outer loop
      vertex -4.25006 -1.05966 4.19473
      vertex -4.28445 -0.910687 4.19473
      vertex -5.2259 -1.1108 4.36444
    endloop
  endfacet
  facet normal 0.129951 0.0498808 0.990265
    outer loop
      vertex -4.06122 -1.64084 4.19473
      vertex -3.20655 -1.16709 4.05871
      vertex -4.11601 -1.4981 4.19473
    endloop
  endfacet
  facet normal 0.198855 -0.0608026 0.978141
    outer loop
      vertex -5.13569 1.47263 4.36444
      vertex -5.08116 1.65097 4.36444
      vertex -5.99035 1.94638 4.56764
    endloop
  endfacet
  facet normal 0.228776 -0.0787541 0.970288
    outer loop
      vertex -5.99035 1.94638 4.56764
      vertex -6.34114 2.17419 4.66884
      vertex -6.34846 2.06274 4.66152
    endloop
  endfacet
  facet normal 0.228768 -0.078806 0.970286
    outer loop
      vertex -6.34114 2.17419 4.66884
      vertex -5.91878 2.15426 4.56764
      vertex -6.33256 2.30486 4.67743
    endloop
  endfacet
  facet normal 0.22877 -0.0787623 0.970289
    outer loop
      vertex -5.91878 2.15426 4.56764
      vertex -6.34114 2.17419 4.66884
      vertex -5.99035 1.94638 4.56764
    endloop
  endfacet
  facet normal 0.204121 -0.0396738 0.978141
    outer loop
      vertex -5.26148 0.927741 4.36444
      vertex -5.2259 1.1108 4.36444
      vertex -6.20294 1.09375 4.56764
    endloop
  endfacet
  facet normal 0.20538 -0.0325373 0.978141
    outer loop
      vertex -5.29066 0.743553 4.36444
      vertex -5.26148 0.927741 4.36444
      vertex -6.20294 1.09375 4.56764
    endloop
  endfacet
  facet normal 0.241611 -0.0126554 0.970291
    outer loop
      vertex -6.41089 0.414566 4.59909
      vertex -6.29479 0.219818 4.56764
      vertex -6.28329 0.43937 4.56764
    endloop
  endfacet
  facet normal 0.241617 -0.0126516 0.970289
    outer loop
      vertex -6.29479 0.219818 4.56764
      vertex -6.41089 0.414566 4.59909
      vertex -6.41288 0.223942 4.5971
    endloop
  endfacet
  facet normal 0.207657 -0.0108831 0.978141
    outer loop
      vertex -5.3394 0.186456 4.36444
      vertex -5.32964 0.372684 4.36444
      vertex -6.28329 0.43937 4.56764
    endloop
  endfacet
  facet normal 0.207912 -0.00362399 0.978141
    outer loop
      vertex -5.34265 0 4.36444
      vertex -5.3394 0.186456 4.36444
      vertex -6.29479 0.219818 4.56764
    endloop
  endfacet
  facet normal 0.20791 -0.00363199 0.978141
    outer loop
      vertex -5.34265 0 4.36444
      vertex -6.29479 0.219818 4.56764
      vertex -6.29863 0 4.56764
    endloop
  endfacet
  facet normal 0.241906 -0.00422586 0.97029
    outer loop
      vertex -6.41299 0.192529 4.59699
      vertex -6.29863 0 4.56764
      vertex -6.29479 0.219818 4.56764
    endloop
  endfacet
  facet normal 0.241918 -0.00421847 0.970287
    outer loop
      vertex -6.29863 0 4.56764
      vertex -6.41299 0.192529 4.59699
      vertex -6.41366 0 4.59632
    endloop
  endfacet
  facet normal 0.241911 0.0042448 0.970289
    outer loop
      vertex -6.41288 -0.223942 4.5971
      vertex -6.29479 -0.219818 4.56764
      vertex -6.41299 -0.192529 4.59699
    endloop
  endfacet
  facet normal 0.237495 -0.0461652 0.970291
    outer loop
      vertex -6.38747 1.29769 4.62251
      vertex -6.20294 1.09375 4.56764
      vertex -6.16099 1.30956 4.56764
    endloop
  endfacet
  facet normal 0.23748 -0.04618 0.970294
    outer loop
      vertex -6.20294 1.09375 4.56764
      vertex -6.38747 1.29769 4.62251
      vertex -6.39398 1.12743 4.616
    endloop
  endfacet
  facet normal 0.206393 -0.0253388 0.978141
    outer loop
      vertex -5.31338 0.558458 4.36444
      vertex -6.23733 0.876599 4.56764
      vertex -6.26412 0.658385 4.56764
    endloop
  endfacet
  facet normal 0.240994 0.021218 0.970295
    outer loop
      vertex -6.40994 -0.482979 4.60005
      vertex -6.28329 -0.43937 4.56764
      vertex -6.41054 -0.448269 4.59944
    endloop
  endfacet
  facet normal 0.241598 0.0125853 0.970295
    outer loop
      vertex -6.41054 -0.448269 4.59944
      vertex -6.28329 -0.43937 4.56764
      vertex -6.41089 -0.414566 4.59909
    endloop
  endfacet
  facet normal 0.0598059 -0.0359359 0.997563
    outer loop
      vertex -1.26908 0.732703 3.88837
      vertex -2.06954 1.29319 3.95655
      vertex -2.11341 1.22018 3.95655
    endloop
  endfacet
  facet normal 0.0947491 -0.0441841 0.99452
    outer loop
      vertex -2.19338 1.06978 3.95655
      vertex -3.06699 1.49587 4.05871
      vertex -3.11733 1.38792 4.05871
    endloop
  endfacet
  facet normal 0.121739 -0.0674901 0.990265
    outer loop
      vertex -3.01292 1.602 4.05871
      vertex -2.95517 1.70617 4.05871
      vertex -3.86746 2.05636 4.19473
    endloop
  endfacet
  facet normal 0.154742 -0.0788478 0.984804
    outer loop
      vertex -3.93687 1.92014 4.19473
      vertex -3.86746 2.05636 4.19473
      vertex -4.71728 2.50822 4.36444
    endloop
  endfacet
  facet normal 0.0949285 -0.101802 0.990265
    outer loop
      vertex -2.2833 2.53586 4.05871
      vertex -2.9309 3.2551 4.19473
      vertex -3.04272 3.15083 4.19473
    endloop
  endfacet
  facet normal 0.0475815 -0.0510299 0.997563
    outer loop
      vertex -1.01796 1.05412 3.88837
      vertex -1.63292 1.81354 3.95655
      vertex -1.69522 1.75545 3.95655
    endloop
  endfacet
  facet normal 0.0685824 -0.0789042 0.99452
    outer loop
      vertex -1.63292 1.81354 3.95655
      vertex -1.56863 1.86942 3.95655
      vertex -2.19341 2.61401 4.05871
    endloop
  endfacet
  facet normal 0.0629137 -0.0834958 0.99452
    outer loop
      vertex -1.50244 1.92303 3.95655
      vertex -2.00572 2.76064 4.05871
      vertex -2.10085 2.68896 4.05871
    endloop
  endfacet
  facet normal 0.0674886 -0.12174 0.990265
    outer loop
      vertex -1.70617 2.95517 4.05871
      vertex -2.05636 3.86746 4.19473
      vertex -2.19008 3.79333 4.19473
    endloop
  endfacet
  facet normal 0.0674901 -0.121739 0.990265
    outer loop
      vertex -1.70617 2.95517 4.05871
      vertex -1.602 3.01292 4.05871
      vertex -2.05636 3.86746 4.19473
    endloop
  endfacet
  facet normal 0.0658002 -0.0812407 0.99452
    outer loop
      vertex -1.56863 1.86942 3.95655
      vertex -1.50244 1.92303 3.95655
      vertex -2.10085 2.68896 4.05871
    endloop
  endfacet
  facet normal 0.0657898 -0.0812475 0.99452
    outer loop
      vertex -1.56863 1.86942 3.95655
      vertex -2.10085 2.68896 4.05871
      vertex -2.19341 2.61401 4.05871
    endloop
  endfacet
  facet normal 0.0588217 -0.126156 0.990265
    outer loop
      vertex -1.38792 3.11733 4.05871
      vertex -1.78157 4.00148 4.19473
      vertex -1.92014 3.93687 4.19473
    endloop
  endfacet
  facet normal 0.0733912 -0.157403 0.984804
    outer loop
      vertex -1.92014 3.93687 4.19473
      vertex -1.78157 4.00148 4.19473
      vertex -2.17305 4.88075 4.36444
    endloop
  endfacet
  facet normal -0.0944029 -0.185278 0.978141
    outer loop
      vertex 2.95703 5.56136 4.56764
      vertex 2.76114 5.66117 4.56764
      vertex 2.50822 4.71728 4.36444
    endloop
  endfacet
  facet normal -0.094401 -0.185278 0.978141
    outer loop
      vertex 2.50822 4.71728 4.36444
      vertex 2.76114 5.66117 4.56764
      vertex 2.34206 4.80194 4.36444
    endloop
  endfacet
  facet normal -0.117291 -0.211622 0.970288
    outer loop
      vertex 3.57433 6.22334 4.78664
      vertex 3.32231 6.24835 4.76163
      vertex 2.95703 5.56136 4.56764
    endloop
  endfacet
  facet normal -0.109837 -0.215585 0.970288
    outer loop
      vertex 3.32231 6.24835 4.76163
      vertex 3.11996 6.2671 4.74289
      vertex 2.95703 5.56136 4.56764
    endloop
  endfacet
  facet normal 0.0378454 -0.238969 0.970289
    outer loop
      vertex -0.94551 6.39967 4.61031
      vertex -1.09375 6.20294 4.56764
      vertex -0.876599 6.23733 4.56764
    endloop
  endfacet
  facet normal 0.0378222 -0.238953 0.970294
    outer loop
      vertex -1.09375 6.20294 4.56764
      vertex -0.94551 6.39967 4.61031
      vertex -1.12743 6.39398 4.616
    endloop
  endfacet
  facet normal 0.0325373 -0.20538 0.978141
    outer loop
      vertex -0.927741 5.26148 4.36444
      vertex -0.743553 5.29066 4.36444
      vertex -1.09375 6.20294 4.56764
    endloop
  endfacet
  facet normal -0.0030267 -0.173645 0.984804
    outer loop
      vertex 0.152865 4.3775 4.19473
      vertex 0.186456 5.3394 4.36444
      vertex 0 5.34265 4.36444
    endloop
  endfacet
  facet normal 0.00302158 -0.173644 0.984804
    outer loop
      vertex 0 4.38016 4.19473
      vertex 0 5.34265 4.36444
      vertex -0.152865 4.3775 4.19473
    endloop
  endfacet
  facet normal -0.0271715 -0.171533 0.984804
    outer loop
      vertex 0.760607 4.31362 4.19473
      vertex 0.743553 5.29066 4.36444
      vertex 0.609601 4.33754 4.19473
    endloop
  endfacet
  facet normal -0.0378222 -0.238953 0.970294
    outer loop
      vertex 0.94551 6.39967 4.61031
      vertex 1.09375 6.20294 4.56764
      vertex 1.12743 6.39398 4.616
    endloop
  endfacet
  facet normal -0.0378454 -0.238969 0.970289
    outer loop
      vertex 1.09375 6.20294 4.56764
      vertex 0.94551 6.39967 4.61031
      vertex 0.876599 6.23733 4.56764
    endloop
  endfacet
  facet normal 0.00546834 -0.104402 0.99452
    outer loop
      vertex -0.170231 2.43442 3.95655
      vertex -0.119088 3.41026 4.05871
      vertex -0.238032 3.40403 4.05871
    endloop
  endfacet
  facet normal 0.00911088 -0.104147 0.99452
    outer loop
      vertex -0.170231 2.43442 3.95655
      vertex -0.238032 3.40403 4.05871
      vertex -0.356687 3.39365 4.05871
    endloop
  endfacet
  facet normal -0.0125853 -0.241598 0.970295
    outer loop
      vertex 0.43937 6.28329 4.56764
      vertex 0.448269 6.41054 4.59944
      vertex 0.414566 6.41089 4.59909
    endloop
  endfacet
  facet normal 0.0253345 -0.206395 0.978141
    outer loop
      vertex -0.743553 5.29066 4.36444
      vertex -0.558458 5.31338 4.36444
      vertex -0.876599 6.23733 4.56764
    endloop
  endfacet
  facet normal -0.0625385 -0.233735 0.970287
    outer loop
      vertex 1.66741 6.37066 4.63932
      vertex 1.5894 6.37472 4.63527
      vertex 1.52378 6.11153 4.56764
    endloop
  endfacet
  facet normal -0.0707218 -0.231385 0.970288
    outer loop
      vertex 1.73614 6.05463 4.56764
      vertex 1.96545 6.35419 4.65579
      vertex 1.82442 6.36249 4.64749
    endloop
  endfacet
  facet normal -0.0707407 -0.231371 0.97029
    outer loop
      vertex 1.96545 6.35419 4.65579
      vertex 1.73614 6.05463 4.56764
      vertex 1.94638 5.99035 4.56764
    endloop
  endfacet
  facet normal 0.0716892 -0.119315 0.990265
    outer loop
      vertex -1.80826 2.89383 4.05871
      vertex -1.70617 2.95517 4.05871
      vertex -2.32113 3.71459 4.19473
    endloop
  endfacet
  facet normal 0.0758088 -0.11674 0.990265
    outer loop
      vertex -1.80826 2.89383 4.05871
      vertex -2.32113 3.71459 4.19473
      vertex -2.44936 3.63132 4.19473
    endloop
  endfacet
  facet normal 0.0945901 -0.145652 0.984804
    outer loop
      vertex -2.44936 3.63132 4.19473
      vertex -2.83117 4.53083 4.36444
      vertex -2.98757 4.42926 4.36444
    endloop
  endfacet
  facet normal 0.113256 -0.174394 0.978141
    outer loop
      vertex -2.98757 4.42926 4.36444
      vertex -2.83117 4.53083 4.36444
      vertex -3.52215 5.2218 4.56764
    endloop
  endfacet
  facet normal 0.117291 -0.211622 0.970288
    outer loop
      vertex -2.95703 5.56136 4.56764
      vertex -3.32231 6.24835 4.76163
      vertex -3.57433 6.22334 4.78664
    endloop
  endfacet
  facet normal 0.117305 -0.211609 0.970289
    outer loop
      vertex -3.57433 6.22334 4.78664
      vertex -3.14931 5.45477 4.56764
      vertex -2.95703 5.56136 4.56764
    endloop
  endfacet
  facet normal 0.117511 -0.211495 0.970289
    outer loop
      vertex -3.14931 5.45477 4.56764
      vertex -3.57433 6.22334 4.78664
      vertex -3.59203 6.22158 4.7884
    endloop
  endfacet
  facet normal 0.142297 -0.236077 0.961259
    outer loop
      vertex -3.84029 6.14575 4.80408
      vertex -3.85283 6.19255 4.81743
      vertex -3.86838 6.19071 4.81928
    endloop
  endfacet
  facet normal 0.0217721 -0.137481 0.990265
    outer loop
      vertex -0.592546 3.3605 4.05871
      vertex -0.474906 3.37913 4.05871
      vertex -0.609601 4.33754 4.19473
    endloop
  endfacet
  facet normal 0.0169687 -0.138156 0.990265
    outer loop
      vertex -0.474906 3.37913 4.05871
      vertex -0.356687 3.39365 4.05871
      vertex -0.609601 4.33754 4.19473
    endloop
  endfacet
  facet normal 0.0113628 -0.0330053 0.999391
    outer loop
      vertex -0.167133 0.459197 3.85426
      vertex -0.452835 1.39368 3.88837
      vertex -0.501198 1.37703 3.88837
    endloop
  endfacet
  facet normal 0.0125092 -0.032588 0.999391
    outer loop
      vertex -0.167133 0.459197 3.85426
      vertex -0.501198 1.37703 3.88837
      vertex -0.54895 1.3587 3.88837
    endloop
  endfacet
  facet normal 0.0250067 -0.0651363 0.997563
    outer loop
      vertex -0.501198 1.37703 3.88837
      vertex -0.834652 2.29319 3.95655
      vertex -0.914175 2.26266 3.95655
    endloop
  endfacet
  facet normal 0.0374699 -0.0975998 0.99452
    outer loop
      vertex -0.914175 2.26266 3.95655
      vertex -0.834652 2.29319 3.95655
      vertex -1.16709 3.20655 4.05871
    endloop
  endfacet
  facet normal 0.0147539 -0.0316349 0.999391
    outer loop
      vertex -0.198758 0.44642 3.85426
      vertex -0.596034 1.33872 3.88837
      vertex -0.642391 1.3171 3.88837
    endloop
  endfacet
  facet normal 0.0158475 -0.0311015 0.999391
    outer loop
      vertex -0.229415 0.431467 3.85426
      vertex -0.214217 0.439211 3.85426
      vertex -0.687966 1.29388 3.88837
    endloop
  endfacet
  facet normal -0.107098 -0.178243 0.978141
    outer loop
      vertex 2.83117 4.53083 4.36444
      vertex 3.33776 5.34154 4.56764
      vertex 2.67133 4.62687 4.36444
    endloop
  endfacet
  facet normal -0.107097 -0.178243 0.978141
    outer loop
      vertex 3.33776 5.34154 4.56764
      vertex 3.14931 5.45477 4.56764
      vertex 2.67133 4.62687 4.36444
    endloop
  endfacet
  facet normal -0.113256 -0.174394 0.978141
    outer loop
      vertex 2.98757 4.42926 4.36444
      vertex 3.52215 5.2218 4.56764
      vertex 2.83117 4.53083 4.36444
    endloop
  endfacet
  facet normal -0.119268 -0.170338 0.978141
    outer loop
      vertex 3.14033 4.3223 4.36444
      vertex 3.52215 5.2218 4.56764
      vertex 2.98757 4.42926 4.36444
    endloop
  endfacet
  facet normal -0.165909 -0.220157 0.961252
    outer loop
      vertex 4.74535 6.07378 4.93621
      vertex 4.60843 6.093 4.91698
      vertex 4.46166 5.71066 4.80408
    endloop
  endfacet
  facet normal 0.137481 -0.0217721 0.990265
    outer loop
      vertex -3.37913 0.474906 4.05871
      vertex -3.3605 0.592546 4.05871
      vertex -4.33754 0.609601 4.19473
    endloop
  endfacet
  facet normal 0.0330053 0.0113628 0.999391
    outer loop
      vertex -1.37703 -0.501198 3.88837
      vertex -0.459197 -0.167133 3.85426
      vertex -1.39368 -0.452835 3.88837
    endloop
  endfacet
  facet normal 0.0696763 -0.00364501 0.997563
    outer loop
      vertex -1.46451 0.0511417 3.88837
      vertex -2.43442 0.170231 3.95655
      vertex -2.43887 0.0851669 3.95655
    endloop
  endfacet
  facet normal 0.136636 0.0265632 0.990265
    outer loop
      vertex -3.33777 -0.709465 4.05871
      vertex -3.3605 -0.592546 4.05871
      vertex -4.28445 -0.910687 4.19473
    endloop
  endfacet
  facet normal 0.000609869 -0.0349009 0.999391
    outer loop
      vertex 0 0.488667 3.85426
      vertex 0 1.46541 3.88837
      vertex -0.0170536 0.488369 3.85426
    endloop
  endfacet
  facet normal 0.01806 -0.0673935 0.997563
    outer loop
      vertex -0.40392 1.40864 3.88837
      vertex -0.354513 1.42188 3.88837
      vertex -0.672654 2.34583 3.95655
    endloop
  endfacet
  facet normal 0.0180535 -0.0673957 0.997563
    outer loop
      vertex -0.354513 1.42188 3.88837
      vertex -0.590376 2.36787 3.95655
      vertex -0.672654 2.34583 3.95655
    endloop
  endfacet
  facet normal 0.00849814 -0.0692524 0.997563
    outer loop
      vertex -0.203945 1.45115 3.88837
      vertex -0.153176 1.45738 3.88837
      vertex -0.255087 2.42699 3.95655
    endloop
  endfacet
  facet normal 0.00608375 -0.0695061 0.997563
    outer loop
      vertex -0.153176 1.45738 3.88837
      vertex -0.102221 1.46184 3.88837
      vertex -0.255087 2.42699 3.95655
    endloop
  endfacet
  facet normal -0.0305292 -0.0169239 0.999391
    outer loop
      vertex 1.29388 0.687966 3.88837
      vertex 1.26908 0.732703 3.88837
      vertex 0.431467 0.229415 3.85426
    endloop
  endfacet
  facet normal 0.00122767 -0.0697614 0.997563
    outer loop
      vertex 0 1.46541 3.88837
      vertex 0 2.44036 3.95655
      vertex -0.0511417 1.46451 3.88837
    endloop
  endfacet
  facet normal -0.00364501 -0.0696763 0.997563
    outer loop
      vertex 0.170231 2.43442 3.95655
      vertex 0.0851669 2.43887 3.95655
      vertex 0.0511417 1.46451 3.88837
    endloop
  endfacet
  facet normal -0.00122047 -0.069761 0.997563
    outer loop
      vertex 0.0511417 1.46451 3.88837
      vertex 0.0851669 2.43887 3.95655
      vertex 0 2.44036 3.95655
    endloop
  endfacet
  facet normal -0.0121272 -0.138667 0.990265
    outer loop
      vertex 0.457851 4.35617 4.19473
      vertex 0.305545 4.36949 4.19473
      vertex 0.238032 3.40403 4.05871
    endloop
  endfacet
  facet normal -0.0169614 -0.138158 0.990265
    outer loop
      vertex 0.609601 4.33754 4.19473
      vertex 0.457851 4.35617 4.19473
      vertex 0.356687 3.39365 4.05871
    endloop
  endfacet
  facet normal -0.00364212 -0.0696767 0.997563
    outer loop
      vertex 0.102221 1.46184 3.88837
      vertex 0.170231 2.43442 3.95655
      vertex 0.0511417 1.46451 3.88837
    endloop
  endfacet
  facet normal -0.0263431 -0.0229017 0.999391
    outer loop
      vertex 1.12257 0.941945 3.88837
      vertex 1.08901 0.980548 3.88837
      vertex 0.363151 0.326982 3.85426
    endloop
  endfacet
  facet normal -0.00546615 -0.0344757 0.999391
    outer loop
      vertex 0.254465 1.44314 3.88837
      vertex 0.203945 1.45115 3.88837
      vertex 0.0680084 0.483912 3.85426
    endloop
  endfacet
  facet normal -0.0340126 -0.00784833 0.999391
    outer loop
      vertex 1.43338 0.304675 3.88837
      vertex 1.42188 0.354513 3.88837
      vertex 0.474152 0.118218 3.85426
    endloop
  endfacet
  facet normal -0.0102089 -0.0333802 0.999391
    outer loop
      vertex 0.452835 1.39368 3.88837
      vertex 0.40392 1.40864 3.88837
      vertex 0.151006 0.46475 3.85426
    endloop
  endfacet
  facet normal -0.0272551 -0.0642281 0.997563
    outer loop
      vertex 0.596034 1.33872 3.88837
      vertex 0.914175 2.26266 3.95655
      vertex 0.54895 1.3587 3.88837
    endloop
  endfacet
  facet normal -0.0250067 -0.0651363 0.997563
    outer loop
      vertex 0.914175 2.26266 3.95655
      vertex 0.834652 2.29319 3.95655
      vertex 0.501198 1.37703 3.88837
    endloop
  endfacet
  facet normal -0.01806 -0.0673935 0.997563
    outer loop
      vertex 0.40392 1.40864 3.88837
      vertex 0.672654 2.34583 3.95655
      vertex 0.354513 1.42188 3.88837
    endloop
  endfacet
  facet normal -0.0204057 -0.0667209 0.997563
    outer loop
      vertex 0.452835 1.39368 3.88837
      vertex 0.672654 2.34583 3.95655
      vertex 0.40392 1.40864 3.88837
    endloop
  endfacet
  facet normal -0.0190102 -0.0292756 0.999391
    outer loop
      vertex 0.273259 0.405123 3.85426
      vertex 0.819445 1.21488 3.88837
      vertex 0.258954 0.414412 3.85426
    endloop
  endfacet
  facet normal -0.021006 -0.0278783 0.999391
    outer loop
      vertex 0.902194 1.15476 3.88837
      vertex 0.861344 1.18554 3.88837
      vertex 0.287231 0.39534 3.85426
    endloop
  endfacet
  facet normal -0.031674 -0.0621681 0.997563
    outer loop
      vertex 0.687966 1.29388 3.88837
      vertex 1.14568 2.15471 3.95655
      vertex 0.642391 1.3171 3.88837
    endloop
  endfacet
  facet normal -0.0316739 -0.0621682 0.997563
    outer loop
      vertex 1.14568 2.15471 3.95655
      vertex 1.06978 2.19338 3.95655
      vertex 0.642391 1.3171 3.88837
    endloop
  endfacet
  facet normal -0.020021 0.0285938 0.999391
    outer loop
      vertex 0.819445 -1.21488 3.88837
      vertex 0.287231 -0.39534 3.85426
      vertex 0.273259 -0.405123 3.85426
    endloop
  endfacet
  facet normal 0.000614193 0.034901 0.999391
    outer loop
      vertex 0 -1.46541 3.88837
      vertex -0.0170536 -0.488369 3.85426
      vertex -0.0511417 -1.46451 3.88837
    endloop
  endfacet
  facet normal -0.0338286 -0.0610226 0.997563
    outer loop
      vertex 1.22018 2.11341 3.95655
      vertex 1.14568 2.15471 3.95655
      vertex 0.732703 1.26908 3.88837
    endloop
  endfacet
  facet normal -0.0359359 -0.0598059 0.997563
    outer loop
      vertex 1.29319 2.06954 3.95655
      vertex 1.22018 2.11341 3.95655
      vertex 0.732703 1.26908 3.88837
    endloop
  endfacet
  facet normal -0.091327 -0.105046 0.990265
    outer loop
      vertex 2.2833 2.53586 4.05871
      vertex 2.81552 3.3554 4.19473
      vertex 2.19341 2.61401 4.05871
    endloop
  endfacet
  facet normal -0.0949294 -0.101801 0.990265
    outer loop
      vertex 2.37041 2.45463 4.05871
      vertex 3.04272 3.15083 4.19473
      vertex 2.2833 2.53586 4.05871
    endloop
  endfacet
  facet normal -0.0599643 -0.0856387 0.99452
    outer loop
      vertex 1.43441 1.97429 3.95655
      vertex 2.00572 2.76064 4.05871
      vertex 1.36463 2.02315 3.95655
    endloop
  endfacet
  facet normal -0.0569359 -0.0876806 0.99452
    outer loop
      vertex 1.36463 2.02315 3.95655
      vertex 1.80826 2.89383 4.05871
      vertex 1.29319 2.06954 3.95655
    endloop
  endfacet
  facet normal -0.00784833 0.0340126 0.999391
    outer loop
      vertex 0.304675 -1.43338 3.88837
      vertex 0.354513 -1.42188 3.88837
      vertex 0.118218 -0.474152 3.85426
    endloop
  endfacet
  facet normal -0.0379917 -0.0585209 0.997563
    outer loop
      vertex 0.819445 1.21488 3.88837
      vertex 1.29319 2.06954 3.95655
      vertex 0.776546 1.24273 3.88837
    endloop
  endfacet
  facet normal -0.118442 -0.127018 0.984804
    outer loop
      vertex 3.04272 3.15083 4.19473
      vertex 3.57493 3.97036 4.36444
      vertex 2.9309 3.2551 4.19473
    endloop
  endfacet
  facet normal -0.118441 -0.127018 0.984804
    outer loop
      vertex 3.71132 3.84318 4.36444
      vertex 3.57493 3.97036 4.36444
      vertex 3.04272 3.15083 4.19473
    endloop
  endfacet
  facet normal -0.0685927 -0.078897 0.99452
    outer loop
      vertex 2.2833 2.53586 4.05871
      vertex 2.19341 2.61401 4.05871
      vertex 1.63292 1.81354 3.95655
    endloop
  endfacet
  facet normal -0.166069 -0.125145 0.978141
    outer loop
      vertex 4.3223 3.14033 4.36444
      vertex 4.96339 3.87782 4.56764
      vertex 4.21007 3.28926 4.36444
    endloop
  endfacet
  facet normal -0.083496 -0.0629135 0.99452
    outer loop
      vertex 1.97429 1.43441 3.95655
      vertex 2.76064 2.00572 4.05871
      vertex 1.92303 1.50244 3.95655
    endloop
  endfacet
  facet normal -0.164211 -0.0565394 0.984804
    outer loop
      vertex 4.16578 1.35355 4.19473
      vertex 5.02045 1.82729 4.36444
      vertex 4.11601 1.4981 4.19473
    endloop
  endfacet
  facet normal -0.162137 -0.0622379 0.984804
    outer loop
      vertex 5.02045 1.82729 4.36444
      vertex 4.95362 2.00139 4.36444
      vertex 4.06122 1.64084 4.19473
    endloop
  endfacet
  facet normal -0.162138 -0.0622356 0.984804
    outer loop
      vertex 4.11601 1.4981 4.19473
      vertex 5.02045 1.82729 4.36444
      vertex 4.06122 1.64084 4.19473
    endloop
  endfacet
  facet normal -0.0988486 -0.0340379 0.99452
    outer loop
      vertex 3.24533 1.05447 4.05871
      vertex 3.20655 1.16709 4.05871
      vertex 2.32092 0.754112 3.95655
    endloop
  endfacet
  facet normal -0.089613 -0.0538433 0.99452
    outer loop
      vertex 2.95517 1.70617 4.05871
      vertex 2.89383 1.80826 4.05871
      vertex 2.06954 1.29319 3.95655
    endloop
  endfacet
  facet normal -0.148866 -0.0894446 0.984804
    outer loop
      vertex 3.79333 2.19008 4.19473
      vertex 4.62687 2.67133 4.36444
      vertex 3.71459 2.32113 4.19473
    endloop
  endfacet
  facet normal -0.188459 -0.0878793 0.978141
    outer loop
      vertex 4.88075 2.17305 4.36444
      vertex 5.66117 2.76114 4.56764
      vertex 4.80194 2.34206 4.36444
    endloop
  endfacet
  facet normal -0.157402 -0.0733969 0.984803
    outer loop
      vertex 4.88075 2.17305 4.36444
      vertex 4.80194 2.34206 4.36444
      vertex 3.93687 1.92014 4.19473
    endloop
  endfacet
  facet normal -0.108174 -0.0875989 0.990265
    outer loop
      vertex 3.45162 2.6967 4.19473
      vertex 3.3554 2.81552 4.19473
      vertex 2.68896 2.10085 4.05871
    endloop
  endfacet
  facet normal -0.0812475 -0.0657898 0.99452
    outer loop
      vertex 2.68896 2.10085 4.05871
      vertex 2.61401 2.19341 4.05871
      vertex 1.86942 1.56863 3.95655
    endloop
  endfacet
  facet normal -0.0876806 -0.0569359 0.99452
    outer loop
      vertex 2.06954 1.29319 3.95655
      vertex 2.89383 1.80826 4.05871
      vertex 2.02315 1.36463 3.95655
    endloop
  endfacet
  facet normal -0.0876808 -0.0569355 0.99452
    outer loop
      vertex 2.89383 1.80826 4.05871
      vertex 2.82896 1.90816 4.05871
      vertex 2.02315 1.36463 3.95655
    endloop
  endfacet
  facet normal -0.124026 -0.0631873 0.990265
    outer loop
      vertex 3.06699 1.49587 4.05871
      vertex 3.93687 1.92014 4.19473
      vertex 3.01292 1.602 4.05871
    endloop
  endfacet
  facet normal -0.0931522 -0.0474582 0.99452
    outer loop
      vertex 3.06699 1.49587 4.05871
      vertex 3.01292 1.602 4.05871
      vertex 2.19338 1.06978 3.95655
    endloop
  endfacet
  facet normal -0.0348587 -0.00182212 0.999391
    outer loop
      vertex 1.46451 0.0511417 3.88837
      vertex 1.46184 0.102221 3.88837
      vertex 0.487476 0.0340872 3.85426
    endloop
  endfacet
  facet normal 0.022899 0.0263454 0.999391
    outer loop
      vertex -0.314109 -0.37434 3.85426
      vertex -0.326982 -0.363151 3.85426
      vertex -0.941945 -1.12257 3.88837
    endloop
  endfacet
  facet normal -0.0316356 -0.0147526 0.999391
    outer loop
      vertex 0.44642 0.198758 3.85426
      vertex 1.3171 0.642391 3.88837
      vertex 0.439211 0.214217 3.85426
    endloop
  endfacet
  facet normal -0.0689115 -0.010926 0.997563
    outer loop
      vertex 1.45115 0.203945 3.88837
      vertex 2.41661 0.339632 3.95655
      vertex 1.44314 0.254465 3.88837
    endloop
  endfacet
  facet normal -0.0692524 -0.00849814 0.997563
    outer loop
      vertex 1.45738 0.153176 3.88837
      vertex 2.42699 0.255087 3.95655
      vertex 1.45115 0.203945 3.88837
    endloop
  endfacet
  facet normal -0.0692521 -0.00850242 0.997563
    outer loop
      vertex 2.42699 0.255087 3.95655
      vertex 2.41661 0.339632 3.95655
      vertex 1.45115 0.203945 3.88837
    endloop
  endfacet
  facet normal -0.0684886 -0.0133182 0.997563
    outer loop
      vertex 2.40329 0.423763 3.95655
      vertex 2.38703 0.50738 3.95655
      vertex 1.43338 0.304675 3.88837
    endloop
  endfacet
  facet normal -0.0679836 -0.0156943 0.997563
    outer loop
      vertex 2.38703 0.50738 3.95655
      vertex 2.36787 0.590376 3.95655
      vertex 1.43338 0.304675 3.88837
    endloop
  endfacet
  facet normal -0.103258 -0.0163524 0.99452
    outer loop
      vertex 3.37913 0.474906 4.05871
      vertex 3.3605 0.592546 4.05871
      vertex 2.41661 0.339632 3.95655
    endloop
  endfacet
  facet normal -0.138156 -0.0169687 0.990265
    outer loop
      vertex 3.39365 0.356687 4.05871
      vertex 4.33754 0.609601 4.19473
      vertex 3.37913 0.474906 4.05871
    endloop
  endfacet
  facet normal 0.0347733 0.00304364 0.999391
    outer loop
      vertex -1.45738 -0.153176 3.88837
      vertex -0.487476 -0.0340872 3.85426
      vertex -1.46184 -0.102221 3.88837
    endloop
  endfacet
  facet normal 0.0263431 0.0229017 0.999391
    outer loop
      vertex -1.08901 -0.980548 3.88837
      vertex -0.363151 -0.326982 3.85426
      vertex -1.12257 -0.941945 3.88837
    endloop
  endfacet
  facet normal -0.0542227 -0.043909 0.997563
    outer loop
      vertex 1.15476 0.902194 3.88837
      vertex 1.92303 1.50244 3.95655
      vertex 1.12257 0.941945 3.88837
    endloop
  endfacet
  facet normal -0.0292756 0.0190102 0.999391
    outer loop
      vertex 1.21488 -0.819445 3.88837
      vertex 0.414412 -0.258954 3.85426
      vertex 0.405123 -0.273259 3.85426
    endloop
  endfacet
  facet normal 0.0238059 -0.025529 0.999391
    outer loop
      vertex -0.339457 0.351518 3.85426
      vertex -0.326982 0.363151 3.85426
      vertex -0.980548 1.08901 3.88837
    endloop
  endfacet
  facet normal -0.096232 -0.0408523 0.99452
    outer loop
      vertex 3.16387 1.27829 4.05871
      vertex 3.11733 1.38792 4.05871
      vertex 2.26266 0.914175 3.95655
    endloop
  endfacet
  facet normal -0.0947488 -0.0441851 0.99452
    outer loop
      vertex 2.22938 0.992583 3.95655
      vertex 3.11733 1.38792 4.05871
      vertex 2.19338 1.06978 3.95655
    endloop
  endfacet
  facet normal -0.0316349 -0.0147539 0.999391
    outer loop
      vertex 1.33872 0.596034 3.88837
      vertex 1.3171 0.642391 3.88837
      vertex 0.44642 0.198758 3.85426
    endloop
  endfacet
  facet normal -0.0632331 -0.0294907 0.997563
    outer loop
      vertex 1.33872 0.596034 3.88837
      vertex 2.19338 1.06978 3.95655
      vertex 1.3171 0.642391 3.88837
    endloop
  endfacet
  facet normal -0.091434 -0.0506894 0.99452
    outer loop
      vertex 3.01292 1.602 4.05871
      vertex 2.95517 1.70617 4.05871
      vertex 2.15471 1.14568 3.95655
    endloop
  endfacet
  facet normal -0.0931515 -0.0474594 0.99452
    outer loop
      vertex 2.19338 1.06978 3.95655
      vertex 3.01292 1.602 4.05871
      vertex 2.15471 1.14568 3.95655
    endloop
  endfacet
  facet normal -0.00666058 -0.0342651 0.999391
    outer loop
      vertex 0.304675 1.43338 3.88837
      vertex 0.254465 1.44314 3.88837
      vertex 0.084856 0.481243 3.85426
    endloop
  endfacet
  facet normal -0.0299187 0.0179814 0.999391
    outer loop
      vertex 1.24273 -0.776546 3.88837
      vertex 1.26908 -0.732703 3.88837
      vertex 0.414412 -0.258954 3.85426
    endloop
  endfacet
  facet normal -0.00903493 0.0337167 0.999391
    outer loop
      vertex 0.354513 -1.42188 3.88837
      vertex 0.134694 -0.469737 3.85426
      vertex 0.118218 -0.474152 3.85426
    endloop
  endfacet
  facet normal -0.00182212 0.0348587 0.999391
    outer loop
      vertex 0.0511417 -1.46451 3.88837
      vertex 0.102221 -1.46184 3.88837
      vertex 0.0340872 -0.487476 3.85426
    endloop
  endfacet
  facet normal -0.0316349 0.0147539 0.999391
    outer loop
      vertex 1.3171 -0.642391 3.88837
      vertex 1.33872 -0.596034 3.88837
      vertex 0.44642 -0.198758 3.85426
    endloop
  endfacet
  facet normal -0.0330053 -0.0113628 0.999391
    outer loop
      vertex 1.39368 0.452835 3.88837
      vertex 1.37703 0.501198 3.88837
      vertex 0.459197 0.167133 3.85426
    endloop
  endfacet
  facet normal -0.0179793 -0.0299198 0.999391
    outer loop
      vertex 0.258954 0.414412 3.85426
      vertex 0.732703 1.26908 3.88837
      vertex 0.244333 0.423198 3.85426
    endloop
  endfacet
  facet normal 0.0263454 0.022899 0.999391
    outer loop
      vertex -0.363151 -0.326982 3.85426
      vertex -0.37434 -0.314109 3.85426
      vertex -1.12257 -0.941945 3.88837
    endloop
  endfacet
  facet normal -0.23748 -0.04618 0.970294
    outer loop
      vertex 6.38747 1.29769 4.62251
      vertex 6.20294 1.09375 4.56764
      vertex 6.39398 1.12743 4.616
    endloop
  endfacet
  facet normal -0.237495 -0.0461652 0.970291
    outer loop
      vertex 6.20294 1.09375 4.56764
      vertex 6.38747 1.29769 4.62251
      vertex 6.16099 1.30956 4.56764
    endloop
  endfacet
  facet normal -0.206393 -0.0253388 0.978141
    outer loop
      vertex 6.26412 0.658385 4.56764
      vertex 6.23733 0.876599 4.56764
      vertex 5.31338 0.558458 4.36444
    endloop
  endfacet
  facet normal -0.167756 -0.0449449 0.984803
    outer loop
      vertex 5.18395 1.2925 4.36444
      vertex 5.13569 1.47263 4.36444
      vertex 4.25006 1.05966 4.19473
    endloop
  endfacet
  facet normal -0.237497 -0.0462261 0.970288
    outer loop
      vertex 6.38747 1.29769 4.62251
      vertex 6.3852 1.35721 4.62479
      vertex 6.16099 1.30956 4.56764
    endloop
  endfacet
  facet normal -0.101866 -0.0235146 0.99452
    outer loop
      vertex 3.33777 0.709465 4.05871
      vertex 3.31098 0.82552 4.05871
      vertex 2.36787 0.590376 3.95655
    endloop
  endfacet
  facet normal -0.100982 -0.0270606 0.99452
    outer loop
      vertex 3.31098 0.82552 4.05871
      vertex 3.28015 0.940568 4.05871
      vertex 2.36787 0.590376 3.95655
    endloop
  endfacet
  facet normal -0.205384 -0.0325264 0.978141
    outer loop
      vertex 6.23733 0.876599 4.56764
      vertex 6.20294 1.09375 4.56764
      vertex 5.29066 0.743553 4.36444
    endloop
  endfacet
  facet normal -0.173012 0.0151308 0.984804
    outer loop
      vertex 5.31338 -0.558458 4.36444
      vertex 4.36949 -0.305545 4.19473
      vertex 4.35617 -0.457851 4.19473
    endloop
  endfacet
  facet normal -0.202612 0.0467799 0.978141
    outer loop
      vertex 6.11153 -1.52378 4.56764
      vertex 6.16099 -1.30956 4.56764
      vertex 5.2259 -1.1108 4.36444
    endloop
  endfacet
  facet normal -0.173009 0.0151427 0.984804
    outer loop
      vertex 5.31338 -0.558458 4.36444
      vertex 5.32964 -0.372684 4.36444
      vertex 4.36949 -0.305545 4.19473
    endloop
  endfacet
  facet normal -0.172377 0.0211624 0.984804
    outer loop
      vertex 5.29066 -0.743553 4.36444
      vertex 4.35617 -0.457851 4.19473
      vertex 4.33754 -0.609601 4.19473
    endloop
  endfacet
  facet normal -0.138158 -0.0169614 0.990265
    outer loop
      vertex 4.35617 0.457851 4.19473
      vertex 4.33754 0.609601 4.19473
      vertex 3.39365 0.356687 4.05871
    endloop
  endfacet
  facet normal -0.136638 -0.0265574 0.990265
    outer loop
      vertex 4.31362 0.760607 4.19473
      vertex 4.28445 0.910687 4.19473
      vertex 3.3605 0.592546 4.05871
    endloop
  endfacet
  facet normal -0.207151 0.018131 0.978141
    outer loop
      vertex 6.28329 -0.43937 4.56764
      vertex 5.32964 -0.372684 4.36444
      vertex 5.31338 -0.558458 4.36444
    endloop
  endfacet
  facet normal -0.139174 0.00242177 0.990265
    outer loop
      vertex 4.3775 -0.152865 4.19473
      vertex 4.38016 0 4.19473
      vertex 3.41234 0 4.05871
    endloop
  endfacet
  facet normal -0.0406933 -0.133115 0.990265
    outer loop
      vertex 1.05447 3.24533 4.05871
      vertex 1.35355 4.16578 4.19473
      vertex 0.940568 3.28015 4.05871
    endloop
  endfacet
  facet normal -0.0453196 -0.131611 0.990265
    outer loop
      vertex 1.16709 3.20655 4.05871
      vertex 1.35355 4.16578 4.19473
      vertex 1.05447 3.24533 4.05871
    endloop
  endfacet
  facet normal -0.0156875 -0.0679856 0.997563
    outer loop
      vertex 0.354513 1.42188 3.88837
      vertex 0.590376 2.36787 3.95655
      vertex 0.304675 1.43338 3.88837
    endloop
  endfacet
  facet normal -0.0156943 -0.0679836 0.997563
    outer loop
      vertex 0.590376 2.36787 3.95655
      vertex 0.50738 2.38703 3.95655
      vertex 0.304675 1.43338 3.88837
    endloop
  endfacet
  facet normal -0.0270606 -0.100982 0.99452
    outer loop
      vertex 0.940568 3.28015 4.05871
      vertex 0.82552 3.31098 4.05871
      vertex 0.590376 2.36787 3.95655
    endloop
  endfacet
  facet normal -0.0235162 -0.101866 0.99452
    outer loop
      vertex 0.590376 2.36787 3.95655
      vertex 0.709465 3.33777 4.05871
      vertex 0.50738 2.38703 3.95655
    endloop
  endfacet
  facet normal -0.122805 -0.122805 0.984804
    outer loop
      vertex 3.71132 3.84318 4.36444
      vertex 3.15083 3.04272 4.19473
      vertex 3.84318 3.71132 4.36444
    endloop
  endfacet
  facet normal -0.122805 -0.122805 0.984804
    outer loop
      vertex 3.15083 3.04272 4.19473
      vertex 3.71132 3.84318 4.36444
      vertex 3.04272 3.15083 4.19473
    endloop
  endfacet
  facet normal -0.152082 -0.141812 0.978141
    outer loop
      vertex 3.97036 3.57493 4.36444
      vertex 4.68079 4.21461 4.56764
      vertex 3.84318 3.71132 4.36444
    endloop
  endfacet
  facet normal -0.152076 -0.141823 0.978141
    outer loop
      vertex 4.68079 4.21461 4.56764
      vertex 4.53085 4.37539 4.56764
      vertex 3.84318 3.71132 4.36444
    endloop
  endfacet
  facet normal -0.127018 -0.118442 0.984804
    outer loop
      vertex 3.2551 2.9309 4.19473
      vertex 3.97036 3.57493 4.36444
      vertex 3.15083 3.04272 4.19473
    endloop
  endfacet
  facet normal -0.131071 -0.11394 0.984803
    outer loop
      vertex 3.3554 2.81552 4.19473
      vertex 3.97036 3.57493 4.36444
      vertex 3.2551 2.9309 4.19473
    endloop
  endfacet
  facet normal -0.202613 0.0467782 0.978141
    outer loop
      vertex 6.11153 -1.52378 4.56764
      vertex 5.2259 -1.1108 4.36444
      vertex 5.18395 -1.2925 4.36444
    endloop
  endfacet
  facet normal -0.169222 0.0390643 0.984804
    outer loop
      vertex 5.2259 -1.1108 4.36444
      vertex 4.28445 -0.910687 4.19473
      vertex 4.25006 -1.05966 4.19473
    endloop
  endfacet
  facet normal -0.231275 0.0707125 0.970315
    outer loop
      vertex 6.36249 -1.82442 4.64749
      vertex 6.28193 -1.96166 4.63829
      vertex 6.35843 -1.89341 4.65155
    endloop
  endfacet
  facet normal -0.231371 0.0707708 0.970288
    outer loop
      vertex 6.05463 -1.73614 4.56764
      vertex 6.28193 -1.96166 4.63829
      vertex 6.36249 -1.82442 4.64749
    endloop
  endfacet
  facet normal -0.231393 0.0707475 0.970285
    outer loop
      vertex 6.28193 -1.96166 4.63829
      vertex 6.05463 -1.73614 4.56764
      vertex 5.99035 -1.94638 4.56764
    endloop
  endfacet
  facet normal -0.233735 0.0625385 0.970287
    outer loop
      vertex 6.37066 -1.66741 4.63932
      vertex 6.37472 -1.5894 4.63527
      vertex 6.11153 -1.52378 4.56764
    endloop
  endfacet
  facet normal -0.191509 0.0811095 0.978134
    outer loop
      vertex 4.95362 -2.00139 4.36444
      vertex 5.60991 -2.49769 4.53409
      vertex 5.63606 -2.47924 4.53768
    endloop
  endfacet
  facet normal -0.191404 0.0812515 0.978142
    outer loop
      vertex 5.60991 -2.49769 4.53409
      vertex 4.95362 -2.00139 4.36444
      vertex 4.88075 -2.17305 4.36444
    endloop
  endfacet
  facet normal -0.154742 0.0788478 0.984804
    outer loop
      vertex 4.71728 -2.50822 4.36444
      vertex 3.93687 -1.92014 4.19473
      vertex 3.86746 -2.05636 4.19473
    endloop
  endfacet
  facet normal -0.0272606 0.0642262 0.997563
    outer loop
      vertex 0.914175 -2.26266 3.95655
      vertex 0.992583 -2.22938 3.95655
      vertex 0.596034 -1.33872 3.88837
    endloop
  endfacet
  facet normal -0.0408523 0.096232 0.99452
    outer loop
      vertex 1.27829 -3.16387 4.05871
      vertex 1.38792 -3.11733 4.05871
      vertex 0.914175 -2.26266 3.95655
    endloop
  endfacet
  facet normal -0.0204035 0.0667214 0.997563
    outer loop
      vertex 0.672654 -2.34583 3.95655
      vertex 0.754112 -2.32092 3.95655
      vertex 0.452835 -1.39368 3.88837
    endloop
  endfacet
  facet normal -0.0312677 0.135627 0.990267
    outer loop
      vertex 0.82552 -3.31098 4.05871
      vertex 0.970544 -4.01791 4.16011
      vertex 1.00118 -4.01552 4.16075
    endloop
  endfacet
  facet normal -0.031306 0.135619 0.990266
    outer loop
      vertex 0.970544 -4.01791 4.16011
      vertex 0.82552 -3.31098 4.05871
      vertex 0.709465 -3.33777 4.05871
    endloop
  endfacet
  facet normal -0.0270606 0.100982 0.99452
    outer loop
      vertex 0.82552 -3.31098 4.05871
      vertex 0.940568 -3.28015 4.05871
      vertex 0.590376 -2.36787 3.95655
    endloop
  endfacet
  facet normal -0.0312431 0.135643 0.990265
    outer loop
      vertex 0.855935 -4.02686 4.15772
      vertex 0.970544 -4.01791 4.16011
      vertex 0.709465 -3.33777 4.05871
    endloop
  endfacet
  facet normal -0.0199509 0.102624 0.99452
    outer loop
      vertex 0.592546 -3.3605 4.05871
      vertex 0.709465 -3.33777 4.05871
      vertex 0.50738 -2.38703 3.95655
    endloop
  endfacet
  facet normal -0.0235162 0.101866 0.99452
    outer loop
      vertex 0.709465 -3.33777 4.05871
      vertex 0.590376 -2.36787 3.95655
      vertex 0.50738 -2.38703 3.95655
    endloop
  endfacet
  facet normal 0.0217716 0.137478 0.990266
    outer loop
      vertex -0.604446 -4.04219 4.15361
      vertex -0.474906 -3.37913 4.05871
      vertex -0.592546 -3.3605 4.05871
    endloop
  endfacet
  facet normal 0.021703 0.137491 0.990265
    outer loop
      vertex -0.474906 -3.37913 4.05871
      vertex -0.604446 -4.04219 4.15361
      vertex -0.568366 -4.04414 4.15309
    endloop
  endfacet
  facet normal 0.0163524 0.103258 0.99452
    outer loop
      vertex -0.474906 -3.37913 4.05871
      vertex -0.339632 -2.41661 3.95655
      vertex -0.592546 -3.3605 4.05871
    endloop
  endfacet
  facet normal 0.0407157 0.1331 0.990266
    outer loop
      vertex -1.14765 -4.00232 4.16429
      vertex -0.940568 -3.28015 4.05871
      vertex -1.27142 -3.98968 4.16768
    endloop
  endfacet
  facet normal -0.0163524 0.103258 0.99452
    outer loop
      vertex 0.474906 -3.37913 4.05871
      vertex 0.592546 -3.3605 4.05871
      vertex 0.339632 -2.41661 3.95655
    endloop
  endfacet
  facet normal -0.0170442 0.138146 0.990265
    outer loop
      vertex 0.474906 -3.37913 4.05871
      vertex 0.531401 -4.04569 4.15267
      vertex 0.568366 -4.04414 4.15309
    endloop
  endfacet
  facet normal -0.0169683 0.138152 0.990266
    outer loop
      vertex 0.531401 -4.04569 4.15267
      vertex 0.474906 -3.37913 4.05871
      vertex 0.356687 -3.39365 4.05871
    endloop
  endfacet
  facet normal -0.0023476 0.139171 0.990266
    outer loop
      vertex 0.119088 -3.41026 4.05871
      vertex 0.102135 -4.0572 4.14959
      vertex 0.141672 -4.05696 4.14965
    endloop
  endfacet
  facet normal -0.0024308 0.139173 0.990265
    outer loop
      vertex 0.102135 -4.0572 4.14959
      vertex 0.119088 -3.41026 4.05871
      vertex 0 -3.41234 4.05871
    endloop
  endfacet
  facet normal 0.00182571 0.104529 0.99452
    outer loop
      vertex 0 -3.41234 4.05871
      vertex -0.0851669 -2.43887 3.95655
      vertex -0.119088 -3.41026 4.05871
    endloop
  endfacet
  facet normal -0.129952 0.0498774 0.990265
    outer loop
      vertex 4.06122 -1.64084 4.19473
      vertex 3.20655 -1.16709 4.05871
      vertex 3.16387 -1.27829 4.05871
    endloop
  endfacet
  facet normal -0.102623 0.0199559 0.99452
    outer loop
      vertex 3.3605 -0.592546 4.05871
      vertex 2.40329 -0.423763 3.95655
      vertex 2.38703 -0.50738 3.95655
    endloop
  endfacet
  facet normal -0.0812407 0.0658002 0.99452
    outer loop
      vertex 2.68896 -2.10085 4.05871
      vertex 1.92303 -1.50244 3.95655
      vertex 1.86942 -1.56863 3.95655
    endloop
  endfacet
  facet normal -0.054219 0.0439142 0.997563
    outer loop
      vertex 1.86942 -1.56863 3.95655
      vertex 1.92303 -1.50244 3.95655
      vertex 1.12257 -0.941945 3.88837
    endloop
  endfacet
  facet normal -0.0674886 0.12174 0.990265
    outer loop
      vertex 2.05636 -3.86746 4.19473
      vertex 2.19008 -3.79333 4.19473
      vertex 1.70617 -2.95517 4.05871
    endloop
  endfacet
  facet normal -0.0493358 0.0493358 0.997563
    outer loop
      vertex 1.05412 -1.01796 3.88837
      vertex 1.69522 -1.75545 3.95655
      vertex 1.75545 -1.69522 3.95655
    endloop
  endfacet
  facet normal -0.0493358 0.0493358 0.997563
    outer loop
      vertex 1.69522 -1.75545 3.95655
      vertex 1.05412 -1.01796 3.88837
      vertex 1.01796 -1.05412 3.88837
    endloop
  endfacet
  facet normal -0.0856387 0.0599643 0.99452
    outer loop
      vertex 2.76064 -2.00572 4.05871
      vertex 2.02315 -1.36463 3.95655
      vertex 1.97429 -1.43441 3.95655
    endloop
  endfacet
  facet normal -0.0585171 0.0379985 0.997563
    outer loop
      vertex 2.02315 -1.36463 3.95655
      vertex 2.06954 -1.29319 3.95655
      vertex 1.21488 -0.819445 3.88837
    endloop
  endfacet
  facet normal 0.0169239 -0.0305292 0.999391
    outer loop
      vertex -0.229415 0.431467 3.85426
      vertex -0.687966 1.29388 3.88837
      vertex -0.732703 1.26908 3.88837
    endloop
  endfacet
  facet normal -0.089613 0.0538433 0.99452
    outer loop
      vertex 2.89383 -1.80826 4.05871
      vertex 2.95517 -1.70617 4.05871
      vertex 2.06954 -1.29319 3.95655
    endloop
  endfacet
  facet normal -0.0632331 0.0294907 0.997563
    outer loop
      vertex 2.19338 -1.06978 3.95655
      vertex 1.33872 -0.596034 3.88837
      vertex 1.3171 -0.642391 3.88837
    endloop
  endfacet
  facet normal -0.0621681 0.031674 0.997563
    outer loop
      vertex 2.15471 -1.14568 3.95655
      vertex 1.3171 -0.642391 3.88837
      vertex 1.29388 -0.687966 3.88837
    endloop
  endfacet
  facet normal -0.104529 0.00182874 0.99452
    outer loop
      vertex 3.41234 0 4.05871
      vertex 2.44036 0 3.95655
      vertex 2.43887 -0.0851669 3.95655
    endloop
  endfacet
  facet normal -0.0348586 0.00182749 0.999391
    outer loop
      vertex 1.46451 -0.0511417 3.88837
      vertex 0.488369 -0.0170536 3.85426
      vertex 0.487476 -0.0340872 3.85426
    endloop
  endfacet
  facet normal -0.133113 0.040696 0.990265
    outer loop
      vertex 4.16578 -1.35355 4.19473
      vertex 4.21048 -1.20734 4.19473
      vertex 3.28015 -0.940568 4.05871
    endloop
  endfacet
  facet normal -0.0999776 0.0305633 0.99452
    outer loop
      vertex 3.24533 -1.05447 4.05871
      vertex 3.28015 -0.940568 4.05871
      vertex 2.32092 -0.754112 3.95655
    endloop
  endfacet
  facet normal -0.0679856 0.0156875 0.997563
    outer loop
      vertex 2.36787 -0.590376 3.95655
      vertex 1.43338 -0.304675 3.88837
      vertex 1.42188 -0.354513 3.88837
    endloop
  endfacet
  facet normal -0.102624 0.0199509 0.99452
    outer loop
      vertex 3.33777 -0.709465 4.05871
      vertex 3.3605 -0.592546 4.05871
      vertex 2.38703 -0.50738 3.95655
    endloop
  endfacet
  facet normal -0.136636 0.0265632 0.990265
    outer loop
      vertex 4.28445 -0.910687 4.19473
      vertex 3.3605 -0.592546 4.05871
      vertex 3.33777 -0.709465 4.05871
    endloop
  endfacet
  facet normal -0.104402 0.00546834 0.99452
    outer loop
      vertex 3.40403 -0.238032 4.05871
      vertex 3.41026 -0.119088 4.05871
      vertex 2.43442 -0.170231 3.95655
    endloop
  endfacet
  facet normal -0.104529 0.00182571 0.99452
    outer loop
      vertex 3.41026 -0.119088 4.05871
      vertex 3.41234 0 4.05871
      vertex 2.43887 -0.0851669 3.95655
    endloop
  endfacet
  facet normal -0.207405 -0.124625 0.970284
    outer loop
      vertex 6.14575 3.84029 4.80408
      vertex 6.22007 3.60636 4.78992
      vertex 6.20591 3.74017 4.80408
    endloop
  endfacet
  facet normal -0.207394 -0.124622 0.970287
    outer loop
      vertex 6.22007 3.60636 4.78992
      vertex 6.14575 3.84029 4.80408
      vertex 5.34154 3.33776 4.56764
    endloop
  endfacet
  facet normal -0.207347 -0.124767 0.970278
    outer loop
      vertex 5.34154 3.33776 4.56764
      vertex 6.22158 3.59203 4.7884
      vertex 6.22007 3.60636 4.78992
    endloop
  endfacet
  facet normal -0.207395 -0.124613 0.970288
    outer loop
      vertex 6.22158 3.59203 4.7884
      vertex 5.34154 3.33776 4.56764
      vertex 5.45477 3.14931 4.56764
    endloop
  endfacet
  facet normal -0.193236 -0.145615 0.970287
    outer loop
      vertex 5.0957 3.70224 4.56764
      vertex 5.86289 4.25964 4.80408
      vertex 4.96339 3.87782 4.56764
    endloop
  endfacet
  facet normal -0.142265 -0.0996117 0.984804
    outer loop
      vertex 4.42926 2.98757 4.36444
      vertex 4.3223 3.14033 4.36444
      vertex 3.63132 2.44936 4.19473
    endloop
  endfacet
  facet normal -0.198201 -0.138781 0.970287
    outer loop
      vertex 5.2218 3.52215 4.56764
      vertex 5.86289 4.25964 4.80408
      vertex 5.0957 3.70224 4.56764
    endloop
  endfacet
  facet normal -0.193237 -0.145612 0.970287
    outer loop
      vertex 5.86289 4.25964 4.80408
      vertex 5.71066 4.46166 4.80408
      vertex 4.96339 3.87782 4.56764
    endloop
  endfacet
  facet normal -0.158738 -0.182608 0.970287
    outer loop
      vertex 4.21461 4.68079 4.56764
      vertex 4.65824 5.55147 4.80408
      vertex 4.04868 4.82503 4.56764
    endloop
  endfacet
  facet normal -0.136422 -0.156937 0.978141
    outer loop
      vertex 4.21461 4.68079 4.56764
      vertex 4.04868 4.82503 4.56764
      vertex 3.43419 4.09271 4.36444
    endloop
  endfacet
  facet normal -0.147039 -0.147039 0.978141
    outer loop
      vertex 4.37539 4.53085 4.56764
      vertex 3.84318 3.71132 4.36444
      vertex 4.53085 4.37539 4.56764
    endloop
  endfacet
  facet normal -0.147039 -0.147039 0.978141
    outer loop
      vertex 3.84318 3.71132 4.36444
      vertex 4.37539 4.53085 4.56764
      vertex 3.71132 3.84318 4.36444
    endloop
  endfacet
  facet normal -0.145615 -0.193236 0.970287
    outer loop
      vertex 3.87782 4.96339 4.56764
      vertex 4.25964 5.86289 4.80408
      vertex 3.70224 5.0957 4.56764
    endloop
  endfacet
  facet normal -0.125144 -0.16607 0.978141
    outer loop
      vertex 3.87782 4.96339 4.56764
      vertex 3.70224 5.0957 4.56764
      vertex 3.14033 4.3223 4.36444
    endloop
  endfacet
  facet normal -0.0360383 0.134441 0.990266
    outer loop
      vertex 1.03053 -4.01287 4.16146
      vertex 1.14765 -4.00232 4.16429
      vertex 0.940568 -3.28015 4.05871
    endloop
  endfacet
  facet normal -0.054425 0.128113 0.990265
    outer loop
      vertex 1.61078 -3.94905 4.17856
      vertex 1.74968 -3.92985 4.18371
      vertex 1.38792 -3.11733 4.05871
    endloop
  endfacet
  facet normal -0.0474594 0.0931515 0.99452
    outer loop
      vertex 1.602 -3.01292 4.05871
      vertex 1.14568 -2.15471 3.95655
      vertex 1.06978 -2.19338 3.95655
    endloop
  endfacet
  facet normal -0.0348586 -0.00182749 0.999391
    outer loop
      vertex 0.488369 0.0170536 3.85426
      vertex 1.46451 0.0511417 3.88837
      vertex 0.487476 0.0340872 3.85426
    endloop
  endfacet
  facet normal -0.0190071 -0.0292778 0.999391
    outer loop
      vertex 0.819445 1.21488 3.88837
      vertex 0.776546 1.24273 3.88837
      vertex 0.258954 0.414412 3.85426
    endloop
  endfacet
  facet normal -0.0659713 0.022712 0.997563
    outer loop
      vertex 2.32092 -0.754112 3.95655
      vertex 1.39368 -0.452835 3.88837
      vertex 1.37703 -0.501198 3.88837
    endloop
  endfacet
  facet normal -0.0659708 0.0227138 0.997563
    outer loop
      vertex 2.29319 -0.834652 3.95655
      vertex 2.32092 -0.754112 3.95655
      vertex 1.37703 -0.501198 3.88837
    endloop
  endfacet
  facet normal -0.0632342 0.0294886 0.997563
    outer loop
      vertex 2.19338 -1.06978 3.95655
      vertex 2.22938 -0.992583 3.95655
      vertex 1.33872 -0.596034 3.88837
    endloop
  endfacet
  facet normal -0.0190071 0.0292778 0.999391
    outer loop
      vertex 0.776546 -1.24273 3.88837
      vertex 0.819445 -1.21488 3.88837
      vertex 0.258954 -0.414412 3.85426
    endloop
  endfacet
  facet normal -0.0526601 0.0457715 0.997563
    outer loop
      vertex 1.81354 -1.63292 3.95655
      vertex 1.86942 -1.56863 3.95655
      vertex 1.08901 -0.980548 3.88837
    endloop
  endfacet
  facet normal -0.0689115 0.010926 0.997563
    outer loop
      vertex 2.41661 -0.339632 3.95655
      vertex 1.45115 -0.203945 3.88837
      vertex 1.44314 -0.254465 3.88837
    endloop
  endfacet
  facet normal -0.170414 0.119109 0.978147
    outer loop
      vertex 4.37822 -3.18096 4.37913
      vertex 4.39662 -3.17188 4.38123
      vertex 4.3223 -3.14033 4.36444
    endloop
  endfacet
  facet normal 0.00425261 -0.0346463 0.999391
    outer loop
      vertex -0.0680084 0.483912 3.85426
      vertex -0.0510788 0.48599 3.85426
      vertex -0.153176 1.45738 3.88837
    endloop
  endfacet
  facet normal -0.0379917 0.0585209 0.997563
    outer loop
      vertex 1.29319 -2.06954 3.95655
      vertex 0.819445 -1.21488 3.88837
      vertex 0.776546 -1.24273 3.88837
    endloop
  endfacet
  facet normal -0.00728047 0.139 0.990266
    outer loop
      vertex 0.119088 -3.41026 4.05871
      vertex 0.180971 -4.05625 4.14984
      vertex 0.238032 -3.40403 4.05871
    endloop
  endfacet
  facet normal -0.00729889 0.138998 0.990266
    outer loop
      vertex 0.180971 -4.05625 4.14984
      vertex 0.119088 -3.41026 4.05871
      vertex 0.141672 -4.05696 4.14965
    endloop
  endfacet
  facet normal -0.037461 0.0976022 0.99452
    outer loop
      vertex 1.16709 -3.20655 4.05871
      vertex 1.27829 -3.16387 4.05871
      vertex 0.914175 -2.26266 3.95655
    endloop
  endfacet
  facet normal -0.0305727 0.0999757 0.99452
    outer loop
      vertex 0.940568 -3.28015 4.05871
      vertex 0.754112 -2.32092 3.95655
      vertex 0.672654 -2.34583 3.95655
    endloop
  endfacet
  facet normal -0.0408467 0.0962351 0.99452
    outer loop
      vertex 1.38792 -3.11733 4.05871
      vertex 0.992583 -2.22938 3.95655
      vertex 0.914175 -2.26266 3.95655
    endloop
  endfacet
  facet normal -0.00304112 0.0347736 0.999391
    outer loop
      vertex 0.153176 -1.45738 3.88837
      vertex 0.0510788 -0.48599 3.85426
      vertex 0.0340872 -0.487476 3.85426
    endloop
  endfacet
  facet normal -0.0311022 -0.0158462 0.999391
    outer loop
      vertex 1.3171 0.642391 3.88837
      vertex 1.29388 0.687966 3.88837
      vertex 0.439211 0.214217 3.85426
    endloop
  endfacet
  facet normal -0.0102055 0.0333811 0.999391
    outer loop
      vertex 0.40392 -1.40864 3.88837
      vertex 0.151006 -0.46475 3.85426
      vertex 0.134694 -0.469737 3.85426
    endloop
  endfacet
  facet normal -0.01806 0.0673935 0.997563
    outer loop
      vertex 0.672654 -2.34583 3.95655
      vertex 0.40392 -1.40864 3.88837
      vertex 0.354513 -1.42188 3.88837
    endloop
  endfacet
  facet normal -0.0179814 -0.0299187 0.999391
    outer loop
      vertex 0.776546 1.24273 3.88837
      vertex 0.732703 1.26908 3.88837
      vertex 0.258954 0.414412 3.85426
    endloop
  endfacet
  facet normal 0.0621682 0.0316739 0.997563
    outer loop
      vertex -2.15471 -1.14568 3.95655
      vertex -1.3171 -0.642391 3.88837
      vertex -2.19338 -1.06978 3.95655
    endloop
  endfacet
  facet normal 0.0158462 0.0311022 0.999391
    outer loop
      vertex -0.642391 -1.3171 3.88837
      vertex -0.214217 -0.439211 3.85426
      vertex -0.687966 -1.29388 3.88837
    endloop
  endfacet
  facet normal -0.0219673 -0.0271272 0.999391
    outer loop
      vertex 0.941945 1.12257 3.88837
      vertex 0.902194 1.15476 3.88837
      vertex 0.300853 0.385075 3.85426
    endloop
  endfacet
  facet normal 0.00546615 -0.0344757 0.999391
    outer loop
      vertex -0.0680084 0.483912 3.85426
      vertex -0.203945 1.45115 3.88837
      vertex -0.254465 1.44314 3.88837
    endloop
  endfacet
  facet normal 0.0696767 -0.00364212 0.997563
    outer loop
      vertex -1.46451 0.0511417 3.88837
      vertex -1.46184 0.102221 3.88837
      vertex -2.43442 0.170231 3.95655
    endloop
  endfacet
  facet normal -0.0311015 -0.0158475 0.999391
    outer loop
      vertex 0.439211 0.214217 3.85426
      vertex 1.29388 0.687966 3.88837
      vertex 0.431467 0.229415 3.85426
    endloop
  endfacet
  facet normal -0.00304364 0.0347733 0.999391
    outer loop
      vertex 0.102221 -1.46184 3.88837
      vertex 0.153176 -1.45738 3.88837
      vertex 0.0340872 -0.487476 3.85426
    endloop
  endfacet
  facet normal -0.00364212 0.0696767 0.997563
    outer loop
      vertex 0.170231 -2.43442 3.95655
      vertex 0.102221 -1.46184 3.88837
      vertex 0.0511417 -1.46451 3.88837
    endloop
  endfacet
  facet normal -0.032588 0.0125092 0.999391
    outer loop
      vertex 1.3587 -0.54895 3.88837
      vertex 1.37703 -0.501198 3.88837
      vertex 0.459197 -0.167133 3.85426
    endloop
  endfacet
  facet normal 0.00850242 0.0692521 0.997563
    outer loop
      vertex -0.255087 -2.42699 3.95655
      vertex -0.203945 -1.45115 3.88837
      vertex -0.339632 -2.41661 3.95655
    endloop
  endfacet
  facet normal -0.00785069 0.0340121 0.999391
    outer loop
      vertex 0.304675 -1.43338 3.88837
      vertex 0.118218 -0.474152 3.85426
      vertex 0.101599 -0.477988 3.85426
    endloop
  endfacet
  facet normal -0.00546177 -0.0344765 0.999391
    outer loop
      vertex 0.084856 0.481243 3.85426
      vertex 0.254465 1.44314 3.88837
      vertex 0.0680084 0.483912 3.85426
    endloop
  endfacet
  facet normal 0.0265629 0.136635 0.990265
    outer loop
      vertex -0.709465 -3.33777 4.05871
      vertex -0.822747 -4.02905 4.15713
      vertex -0.592546 -3.3605 4.05871
    endloop
  endfacet
  facet normal 0.02662 0.136625 0.990265
    outer loop
      vertex -0.822747 -4.02905 4.15713
      vertex -0.709465 -3.33777 4.05871
      vertex -0.855935 -4.02686 4.15772
    endloop
  endfacet
  facet normal 0.031306 0.135619 0.990266
    outer loop
      vertex -0.82552 -3.31098 4.05871
      vertex -0.970544 -4.01791 4.16011
      vertex -0.709465 -3.33777 4.05871
    endloop
  endfacet
  facet normal 0.0312677 0.135627 0.990267
    outer loop
      vertex -0.970544 -4.01791 4.16011
      vertex -0.82552 -3.31098 4.05871
      vertex -1.00118 -4.01552 4.16075
    endloop
  endfacet
  facet normal 0.0913206 0.105051 0.990265
    outer loop
      vertex -2.81552 -3.3554 4.19473
      vertex -2.2833 -2.53586 4.05871
      vertex -2.9309 -3.2551 4.19473
    endloop
  endfacet
  facet normal 0.0419874 0.055724 0.997563
    outer loop
      vertex -0.861344 -1.18554 3.88837
      vertex -0.902194 -1.15476 3.88837
      vertex -1.50244 -1.92303 3.95655
    endloop
  endfacet
  facet normal -0.0102055 -0.0333811 0.999391
    outer loop
      vertex 0.151006 0.46475 3.85426
      vertex 0.40392 1.40864 3.88837
      vertex 0.134694 0.469737 3.85426
    endloop
  endfacet
  facet normal 0.020021 0.0285938 0.999391
    outer loop
      vertex -0.273259 -0.405123 3.85426
      vertex -0.287231 -0.39534 3.85426
      vertex -0.819445 -1.21488 3.88837
    endloop
  endfacet
  facet normal 0.13107 0.113941 0.984804
    outer loop
      vertex -3.82926 -3.40068 4.3255
      vertex -3.3554 -2.81552 4.19473
      vertex -3.9874 -3.34582 4.3402
    endloop
  endfacet
  facet normal 0.087596 0.108177 0.990265
    outer loop
      vertex -2.10085 -2.68896 4.05871
      vertex -2.19341 -2.61401 4.05871
      vertex -2.81552 -3.3554 4.19473
    endloop
  endfacet
  facet normal 0.0629137 0.0834958 0.99452
    outer loop
      vertex -2.00572 -2.76064 4.05871
      vertex -1.50244 -1.92303 3.95655
      vertex -2.10085 -2.68896 4.05871
    endloop
  endfacet
  facet normal 0.0526559 0.0457771 0.997563
    outer loop
      vertex -1.08901 -0.980548 3.88837
      vertex -1.12257 -0.941945 3.88837
      vertex -1.86942 -1.56863 3.95655
    endloop
  endfacet
  facet normal 0.00425155 -0.0346464 0.999391
    outer loop
      vertex -0.0680084 0.483912 3.85426
      vertex -0.153176 1.45738 3.88837
      vertex -0.203945 1.45115 3.88837
    endloop
  endfacet
  facet normal 0.0949285 0.101802 0.990265
    outer loop
      vertex -2.9309 -3.2551 4.19473
      vertex -2.2833 -2.53586 4.05871
      vertex -3.04272 -3.15083 4.19473
    endloop
  endfacet
  facet normal 0.0658002 0.0812407 0.99452
    outer loop
      vertex -1.50244 -1.92303 3.95655
      vertex -1.56863 -1.86942 3.95655
      vertex -2.10085 -2.68896 4.05871
    endloop
  endfacet
  facet normal 0.0712963 0.0764634 0.99452
    outer loop
      vertex -1.63292 -1.81354 3.95655
      vertex -1.69522 -1.75545 3.95655
      vertex -2.37041 -2.45463 4.05871
    endloop
  endfacet
  facet normal 0.134988 0.109272 0.984803
    outer loop
      vertex -3.3554 -2.81552 4.19473
      vertex -4.05249 -3.32228 4.34651
      vertex -3.9874 -3.34582 4.3402
    endloop
  endfacet
  facet normal 0.134954 0.109318 0.984803
    outer loop
      vertex -4.05249 -3.32228 4.34651
      vertex -3.3554 -2.81552 4.19473
      vertex -4.1785 -3.27176 4.35817
    endloop
  endfacet
  facet normal 0.134967 0.109296 0.984804
    outer loop
      vertex -3.45162 -2.6967 4.19473
      vertex -4.1785 -3.27176 4.35817
      vertex -3.3554 -2.81552 4.19473
    endloop
  endfacet
  facet normal 0.134877 0.109409 0.984803
    outer loop
      vertex -4.1785 -3.27176 4.35817
      vertex -3.45162 -2.6967 4.19473
      vertex -4.18456 -3.26933 4.35873
    endloop
  endfacet
  facet normal 0.113933 0.131062 0.984806
    outer loop
      vertex -2.9309 -3.2551 4.19473
      vertex -3.13996 -3.61813 4.26723
      vertex -2.81552 -3.3554 4.19473
    endloop
  endfacet
  facet normal 0.113933 0.131062 0.984806
    outer loop
      vertex -3.13996 -3.61813 4.26723
      vertex -2.9309 -3.2551 4.19473
      vertex -3.23349 -3.59115 4.27446
    endloop
  endfacet
  facet normal 0.0798454 0.114018 0.990265
    outer loop
      vertex -1.90816 -2.82896 4.05871
      vertex -2.00572 -2.76064 4.05871
      vertex -2.44936 -3.63132 4.19473
    endloop
  endfacet
  facet normal 0.0931515 0.0474594 0.99452
    outer loop
      vertex -2.15471 -1.14568 3.95655
      vertex -2.19338 -1.06978 3.95655
      vertex -3.01292 -1.602 4.05871
    endloop
  endfacet
  facet normal 0.0947491 0.0441841 0.99452
    outer loop
      vertex -3.06699 -1.49587 4.05871
      vertex -2.19338 -1.06978 3.95655
      vertex -3.11733 -1.38792 4.05871
    endloop
  endfacet
  facet normal 0.0610226 0.0338286 0.997563
    outer loop
      vertex -2.11341 -1.22018 3.95655
      vertex -1.26908 -0.732703 3.88837
      vertex -2.15471 -1.14568 3.95655
    endloop
  endfacet
  facet normal 0.0896119 0.0538457 0.99452
    outer loop
      vertex -2.06954 -1.29319 3.95655
      vertex -2.11341 -1.22018 3.95655
      vertex -2.95517 -1.70617 4.05871
    endloop
  endfacet
  facet normal 0.0569359 -0.0876806 0.99452
    outer loop
      vertex -1.36463 2.02315 3.95655
      vertex -1.29319 2.06954 3.95655
      vertex -1.80826 2.89383 4.05871
    endloop
  endfacet
  facet normal 0.0359415 -0.059802 0.997563
    outer loop
      vertex -0.776546 1.24273 3.88837
      vertex -0.732703 1.26908 3.88837
      vertex -1.29319 2.06954 3.95655
    endloop
  endfacet
  facet normal 0.0526601 -0.0457715 0.997563
    outer loop
      vertex -1.08901 0.980548 3.88837
      vertex -1.81354 1.63292 3.95655
      vertex -1.86942 1.56863 3.95655
    endloop
  endfacet
  facet normal 0.0764602 -0.071299 0.99452
    outer loop
      vertex -1.81354 1.63292 3.95655
      vertex -2.45463 2.37041 4.05871
      vertex -2.53586 2.2833 4.05871
    endloop
  endfacet
  facet normal 0.0764634 -0.0712963 0.99452
    outer loop
      vertex -1.81354 1.63292 3.95655
      vertex -1.75545 1.69522 3.95655
      vertex -2.45463 2.37041 4.05871
    endloop
  endfacet
  facet normal 0.0526559 -0.0457771 0.997563
    outer loop
      vertex -1.12257 0.941945 3.88837
      vertex -1.08901 0.980548 3.88837
      vertex -1.86942 1.56863 3.95655
    endloop
  endfacet
  facet normal 0.0695058 0.00608593 0.997563
    outer loop
      vertex -2.42699 -0.255087 3.95655
      vertex -1.46184 -0.102221 3.88837
      vertex -2.43442 -0.170231 3.95655
    endloop
  endfacet
  facet normal 0.0585171 -0.0379985 0.997563
    outer loop
      vertex -1.21488 0.819445 3.88837
      vertex -2.02315 1.36463 3.95655
      vertex -2.06954 1.29319 3.95655
    endloop
  endfacet
  facet normal 0.0876806 -0.0569359 0.99452
    outer loop
      vertex -2.06954 1.29319 3.95655
      vertex -2.02315 1.36463 3.95655
      vertex -2.89383 1.80826 4.05871
    endloop
  endfacet
  facet normal 0.0305299 0.0169226 0.999391
    outer loop
      vertex -0.423198 -0.244333 3.85426
      vertex -0.431467 -0.229415 3.85426
      vertex -1.26908 -0.732703 3.88837
    endloop
  endfacet
  facet normal -0.00785069 -0.0340121 0.999391
    outer loop
      vertex 0.118218 0.474152 3.85426
      vertex 0.304675 1.43338 3.88837
      vertex 0.101599 0.477988 3.85426
    endloop
  endfacet
  facet normal 0.119315 -0.0716892 0.990265
    outer loop
      vertex -2.95517 1.70617 4.05871
      vertex -2.89383 1.80826 4.05871
      vertex -3.71459 2.32113 4.19473
    endloop
  endfacet
  facet normal 0.11674 -0.0758088 0.990265
    outer loop
      vertex -2.89383 1.80826 4.05871
      vertex -3.63132 2.44936 4.19473
      vertex -3.71459 2.32113 4.19473
    endloop
  endfacet
  facet normal 0.0856347 -0.0599689 0.99452
    outer loop
      vertex -2.02315 1.36463 3.95655
      vertex -2.76064 2.00572 4.05871
      vertex -2.82896 1.90816 4.05871
    endloop
  endfacet
  facet normal 0.142266 -0.099611 0.984804
    outer loop
      vertex -3.63132 2.44936 4.19473
      vertex -3.54363 2.5746 4.19473
      vertex -4.3223 3.14033 4.36444
    endloop
  endfacet
  facet normal 0.101802 -0.0949285 0.990265
    outer loop
      vertex -2.53586 2.2833 4.05871
      vertex -3.15083 3.04272 4.19473
      vertex -3.2551 2.9309 4.19473
    endloop
  endfacet
  facet normal 0.127018 -0.118442 0.984804
    outer loop
      vertex -3.2551 2.9309 4.19473
      vertex -3.15083 3.04272 4.19473
      vertex -3.97036 3.57493 4.36444
    endloop
  endfacet
  facet normal 0.118442 -0.127018 0.984804
    outer loop
      vertex -3.04272 3.15083 4.19473
      vertex -2.9309 3.2551 4.19473
      vertex -3.57493 3.97036 4.36444
    endloop
  endfacet
  facet normal 0.11394 -0.131071 0.984803
    outer loop
      vertex -2.9309 3.2551 4.19473
      vertex -2.81552 3.3554 4.19473
      vertex -3.57493 3.97036 4.36444
    endloop
  endfacet
  facet normal -0.225912 -0.0866535 0.970286
    outer loop
      vertex 6.33256 2.30486 4.67743
      vertex 6.32296 2.43727 4.68702
      vertex 5.91878 2.15426 4.56764
    endloop
  endfacet
  facet normal -0.17696 -0.165013 0.970287
    outer loop
      vertex 5.38552 4.84914 4.80408
      vertex 5.21301 5.03414 4.80408
      vertex 4.68079 4.21461 4.56764
    endloop
  endfacet
  facet normal -0.17695 -0.16502 0.970287
    outer loop
      vertex 4.68079 4.21461 4.56764
      vertex 5.21301 5.03414 4.80408
      vertex 4.53085 4.37539 4.56764
    endloop
  endfacet
  facet normal 0.0569359 0.0876806 0.99452
    outer loop
      vertex -1.29319 -2.06954 3.95655
      vertex -1.36463 -2.02315 3.95655
      vertex -1.80826 -2.89383 4.05871
    endloop
  endfacet
  facet normal 0.0716892 0.119315 0.990265
    outer loop
      vertex -1.70617 -2.95517 4.05871
      vertex -1.80826 -2.89383 4.05871
      vertex -2.32113 -3.71459 4.19473
    endloop
  endfacet
  facet normal 0.0316739 0.0621682 0.997563
    outer loop
      vertex -1.06978 -2.19338 3.95655
      vertex -0.642391 -1.3171 3.88837
      vertex -1.14568 -2.15471 3.95655
    endloop
  endfacet
  facet normal 0.0632299 0.124004 0.990265
    outer loop
      vertex -2.05636 -3.86746 4.19473
      vertex -1.90944 -3.9058 4.19015
      vertex -1.602 -3.01292 4.05871
    endloop
  endfacet
  facet normal 0.0633006 0.12428 0.990226
    outer loop
      vertex -1.90944 -3.9058 4.19015
      vertex -2.05636 -3.86746 4.19473
      vertex -2.0146 -3.88873 4.19473
    endloop
  endfacet
  facet normal 0.0340379 0.0988486 0.99452
    outer loop
      vertex -1.05447 -3.24533 4.05871
      vertex -0.754112 -2.32092 3.95655
      vertex -1.16709 -3.20655 4.05871
    endloop
  endfacet
  facet normal 0.0340342 0.0988503 0.99452
    outer loop
      vertex -0.754112 -2.32092 3.95655
      vertex -0.834652 -2.29319 3.95655
      vertex -1.16709 -3.20655 4.05871
    endloop
  endfacet
  facet normal 0.0543925 0.128128 0.990265
    outer loop
      vertex -1.38792 -3.11733 4.05871
      vertex -1.59633 -3.95105 4.17803
      vertex -1.27829 -3.16387 4.05871
    endloop
  endfacet
  facet normal 0.0540667 0.12821 0.990272
    outer loop
      vertex -1.59633 -3.95105 4.17803
      vertex -1.38792 -3.11733 4.05871
      vertex -1.61078 -3.94905 4.17856
    endloop
  endfacet
  facet normal 0.0408523 0.096232 0.99452
    outer loop
      vertex -1.27829 -3.16387 4.05871
      vertex -0.914175 -2.26266 3.95655
      vertex -1.38792 -3.11733 4.05871
    endloop
  endfacet
  facet normal 0.0102055 0.0333811 0.999391
    outer loop
      vertex -0.134694 -0.469737 3.85426
      vertex -0.151006 -0.46475 3.85426
      vertex -0.40392 -1.40864 3.88837
    endloop
  endfacet
  facet normal 0.0305727 0.0999757 0.99452
    outer loop
      vertex -0.672654 -2.34583 3.95655
      vertex -0.754112 -2.32092 3.95655
      vertex -0.940568 -3.28015 4.05871
    endloop
  endfacet
  facet normal 0.122805 0.122805 0.984804
    outer loop
      vertex -3.15083 -3.04272 4.19473
      vertex -3.41486 -3.53619 4.28919
      vertex -3.04272 -3.15083 4.19473
    endloop
  endfacet
  facet normal 0.122779 0.122819 0.984805
    outer loop
      vertex -3.41486 -3.53619 4.28919
      vertex -3.15083 -3.04272 4.19473
      vertex -3.60071 -3.47717 4.305
    endloop
  endfacet
  facet normal 0.127018 0.118442 0.984804
    outer loop
      vertex -3.2551 -2.9309 4.19473
      vertex -3.74567 -3.42901 4.31791
      vertex -3.15083 -3.04272 4.19473
    endloop
  endfacet
  facet normal 0.126975 0.118484 0.984804
    outer loop
      vertex -3.74567 -3.42901 4.31791
      vertex -3.2551 -2.9309 4.19473
      vertex -3.79142 -3.41381 4.32198
    endloop
  endfacet
  facet normal 0.235728 0.0544259 0.970294
    outer loop
      vertex -6.16099 -1.30956 4.56764
      vertex -6.37789 -1.51913 4.63209
      vertex -6.11153 -1.52378 4.56764
    endloop
  endfacet
  facet normal 0.235763 0.0543881 0.970288
    outer loop
      vertex -6.37789 -1.51913 4.63209
      vertex -6.16099 -1.30956 4.56764
      vertex -6.3852 -1.35721 4.62479
    endloop
  endfacet
  facet normal 0.133113 0.040696 0.990265
    outer loop
      vertex -4.16578 -1.35355 4.19473
      vertex -3.28015 -0.940568 4.05871
      vertex -4.21048 -1.20734 4.19473
    endloop
  endfacet
  facet normal 0.235728 0.0545435 0.970287
    outer loop
      vertex -6.37472 -1.5894 4.63527
      vertex -6.11153 -1.52378 4.56764
      vertex -6.37789 -1.51913 4.63209
    endloop
  endfacet
  facet normal 0.0962351 -0.0408467 0.99452
    outer loop
      vertex -2.26266 0.914175 3.95655
      vertex -2.22938 0.992583 3.95655
      vertex -3.11733 1.38792 4.05871
    endloop
  endfacet
  facet normal 0.0642262 -0.0272606 0.997563
    outer loop
      vertex -1.33872 0.596034 3.88837
      vertex -2.22938 0.992583 3.95655
      vertex -2.26266 0.914175 3.95655
    endloop
  endfacet
  facet normal 0.0679856 -0.0156875 0.997563
    outer loop
      vertex -1.43338 0.304675 3.88837
      vertex -1.42188 0.354513 3.88837
      vertex -2.36787 0.590376 3.95655
    endloop
  endfacet
  facet normal 0.0988486 -0.0340379 0.99452
    outer loop
      vertex -2.32092 0.754112 3.95655
      vertex -3.20655 1.16709 4.05871
      vertex -3.24533 1.05447 4.05871
    endloop
  endfacet
  facet normal 0.0999776 -0.0305633 0.99452
    outer loop
      vertex -2.32092 0.754112 3.95655
      vertex -3.24533 1.05447 4.05871
      vertex -3.28015 0.940568 4.05871
    endloop
  endfacet
  facet normal 0.103765 -0.0127398 0.99452
    outer loop
      vertex -2.42699 0.255087 3.95655
      vertex -2.41661 0.339632 3.95655
      vertex -3.39365 0.356687 4.05871
    endloop
  endfacet
  facet normal 0.172377 -0.0211624 0.984804
    outer loop
      vertex -4.35617 0.457851 4.19473
      vertex -4.33754 0.609601 4.19473
      vertex -5.29066 0.743553 4.36444
    endloop
  endfacet
  facet normal 0.103258 -0.0163524 0.99452
    outer loop
      vertex -2.41661 0.339632 3.95655
      vertex -3.3605 0.592546 4.05871
      vertex -3.37913 0.474906 4.05871
    endloop
  endfacet
  facet normal 0.138667 0.0121272 0.990265
    outer loop
      vertex -4.35617 -0.457851 4.19473
      vertex -3.40403 -0.238032 4.05871
      vertex -4.36949 -0.305545 4.19473
    endloop
  endfacet
  facet normal 0.172378 -0.0211591 0.984804
    outer loop
      vertex -4.35617 0.457851 4.19473
      vertex -5.29066 0.743553 4.36444
      vertex -5.31338 0.558458 4.36444
    endloop
  endfacet
  facet normal 0.207151 -0.018131 0.978141
    outer loop
      vertex -5.32964 0.372684 4.36444
      vertex -5.31338 0.558458 4.36444
      vertex -6.28329 0.43937 4.56764
    endloop
  endfacet
  facet normal 0.0344757 -0.00546615 0.999391
    outer loop
      vertex -0.483912 0.0680084 3.85426
      vertex -1.44314 0.254465 3.88837
      vertex -1.45115 0.203945 3.88837
    endloop
  endfacet
  facet normal 0.0346464 -0.00425155 0.999391
    outer loop
      vertex -0.483912 0.0680084 3.85426
      vertex -1.45115 0.203945 3.88837
      vertex -1.45738 0.153176 3.88837
    endloop
  endfacet
  facet normal 0.102624 -0.0199509 0.99452
    outer loop
      vertex -2.38703 0.50738 3.95655
      vertex -3.33777 0.709465 4.05871
      vertex -3.3605 0.592546 4.05871
    endloop
  endfacet
  facet normal 0.101866 -0.0235162 0.99452
    outer loop
      vertex -2.38703 0.50738 3.95655
      vertex -2.36787 0.590376 3.95655
      vertex -3.33777 0.709465 4.05871
    endloop
  endfacet
  facet normal 0.134451 -0.0360294 0.990265
    outer loop
      vertex -3.31098 0.82552 4.05871
      vertex -3.28015 0.940568 4.05871
      vertex -4.25006 1.05966 4.19473
    endloop
  endfacet
  facet normal 0.100982 -0.0270606 0.99452
    outer loop
      vertex -2.36787 0.590376 3.95655
      vertex -3.28015 0.940568 4.05871
      vertex -3.31098 0.82552 4.05871
    endloop
  endfacet
  facet normal 0.0947488 0.0441851 0.99452
    outer loop
      vertex -2.19338 -1.06978 3.95655
      vertex -2.22938 -0.992583 3.95655
      vertex -3.11733 -1.38792 4.05871
    endloop
  endfacet
  facet normal 0.0976022 0.037461 0.99452
    outer loop
      vertex -3.16387 -1.27829 4.05871
      vertex -2.26266 -0.914175 3.95655
      vertex -3.20655 -1.16709 4.05871
    endloop
  endfacet
  facet normal 0.0136355 0.0321329 0.999391
    outer loop
      vertex -0.54895 -1.3587 3.88837
      vertex -0.183058 -0.453084 3.85426
      vertex -0.596034 -1.33872 3.88837
    endloop
  endfacet
  facet normal 0.0158462 -0.0311022 0.999391
    outer loop
      vertex -0.214217 0.439211 3.85426
      vertex -0.642391 1.3171 3.88837
      vertex -0.687966 1.29388 3.88837
    endloop
  endfacet
  facet normal 0.101866 0.0235162 0.99452
    outer loop
      vertex -2.36787 -0.590376 3.95655
      vertex -2.38703 -0.50738 3.95655
      vertex -3.33777 -0.709465 4.05871
    endloop
  endfacet
  facet normal 0.0999757 0.0305727 0.99452
    outer loop
      vertex -2.32092 -0.754112 3.95655
      vertex -2.34583 -0.672654 3.95655
      vertex -3.28015 -0.940568 4.05871
    endloop
  endfacet
  facet normal 0.20538 0.0325373 0.978141
    outer loop
      vertex -5.26148 -0.927741 4.36444
      vertex -5.29066 -0.743553 4.36444
      vertex -6.20294 -1.09375 4.56764
    endloop
  endfacet
  facet normal 0.172377 0.0211624 0.984804
    outer loop
      vertex -4.33754 -0.609601 4.19473
      vertex -4.35617 -0.457851 4.19473
      vertex -5.29066 -0.743553 4.36444
    endloop
  endfacet
  facet normal 0.178239 0.107095 0.978142
    outer loop
      vertex -4.62687 -2.67133 4.36444
      vertex -4.77253 -2.98221 4.42502
      vertex -4.53083 -2.83117 4.36444
    endloop
  endfacet
  facet normal 0.178244 0.107092 0.978141
    outer loop
      vertex -4.77253 -2.98221 4.42502
      vertex -4.62687 -2.67133 4.36444
      vertex -4.89178 -2.91836 4.43976
    endloop
  endfacet
  facet normal 0.128129 0.0543907 0.990265
    outer loop
      vertex -4.00148 -1.78157 4.19473
      vertex -3.11733 -1.38792 4.05871
      vertex -4.06122 -1.64084 4.19473
    endloop
  endfacet
  facet normal 0.198855 0.0608026 0.978141
    outer loop
      vertex -5.08116 -1.65097 4.36444
      vertex -5.13569 -1.47263 4.36444
      vertex -5.99035 -1.94638 4.56764
    endloop
  endfacet
  facet normal 0.200858 0.0538182 0.978141
    outer loop
      vertex -6.05463 -1.73614 4.56764
      vertex -5.13569 -1.47263 4.36444
      vertex -6.11153 -1.52378 4.56764
    endloop
  endfacet
  facet normal 0.167756 0.0449449 0.984803
    outer loop
      vertex -5.13569 -1.47263 4.36444
      vertex -4.25006 -1.05966 4.19473
      vertex -5.18395 -1.2925 4.36444
    endloop
  endfacet
  facet normal 0.0988503 0.0340342 0.99452
    outer loop
      vertex -2.29319 -0.834652 3.95655
      vertex -2.32092 -0.754112 3.95655
      vertex -3.20655 -1.16709 4.05871
    endloop
  endfacet
  facet normal 0.138707 0.104509 0.984804
    outer loop
      vertex -4.3223 -3.14033 4.36444
      vertex -4.18954 -3.26725 4.35921
      vertex -3.54363 -2.5746 4.19473
    endloop
  endfacet
  facet normal 0.138753 0.104557 0.984792
    outer loop
      vertex -4.18954 -3.26725 4.35921
      vertex -4.3223 -3.14033 4.36444
      vertex -4.24372 -3.24461 4.36444
    endloop
  endfacet
  facet normal 0.188444 0.087899 0.978142
    outer loop
      vertex -4.88075 -2.17305 4.36444
      vertex -5.49726 -2.57406 4.51925
      vertex -5.45032 -2.60225 4.51274
    endloop
  endfacet
  facet normal 0.188445 0.0878975 0.978142
    outer loop
      vertex -5.49726 -2.57406 4.51925
      vertex -4.88075 -2.17305 4.36444
      vertex -5.60991 -2.49769 4.53409
    endloop
  endfacet
  facet normal 0.2337 -0.0626494 0.970288
    outer loop
      vertex -6.37066 1.66741 4.63932
      vertex -6.05463 1.73614 4.56764
      vertex -6.36249 1.82442 4.64749
    endloop
  endfacet
  facet normal 0.233693 -0.0626161 0.970292
    outer loop
      vertex -6.05463 1.73614 4.56764
      vertex -6.37066 1.66741 4.63932
      vertex -6.11153 1.52378 4.56764
    endloop
  endfacet
  facet normal 0.231371 -0.0707407 0.97029
    outer loop
      vertex -6.35419 1.96545 4.65579
      vertex -6.05463 1.73614 4.56764
      vertex -5.99035 1.94638 4.56764
    endloop
  endfacet
  facet normal 0.231385 -0.0707218 0.970288
    outer loop
      vertex -6.05463 1.73614 4.56764
      vertex -6.35419 1.96545 4.65579
      vertex -6.36249 1.82442 4.64749
    endloop
  endfacet
  facet normal 0.173645 0.0030267 0.984804
    outer loop
      vertex -5.3394 -0.186456 4.36444
      vertex -4.3775 -0.152865 4.19473
      vertex -5.34265 0 4.36444
    endloop
  endfacet
  facet normal 0.173434 0.00908946 0.984804
    outer loop
      vertex -5.32964 -0.372684 4.36444
      vertex -4.3775 -0.152865 4.19473
      vertex -5.3394 -0.186456 4.36444
    endloop
  endfacet
  facet normal 0.240994 -0.021218 0.970295
    outer loop
      vertex -6.28329 0.43937 4.56764
      vertex -6.40994 0.482979 4.60005
      vertex -6.41054 0.448269 4.59944
    endloop
  endfacet
  facet normal 0.233735 -0.0625385 0.970287
    outer loop
      vertex -6.11153 1.52378 4.56764
      vertex -6.37066 1.66741 4.63932
      vertex -6.37472 1.5894 4.63527
    endloop
  endfacet
  facet normal 0.20791 0.00363199 0.978141
    outer loop
      vertex -6.29479 -0.219818 4.56764
      vertex -5.34265 0 4.36444
      vertex -6.29863 0 4.56764
    endloop
  endfacet
  facet normal 0.207912 0.00362399 0.978141
    outer loop
      vertex -5.3394 -0.186456 4.36444
      vertex -5.34265 0 4.36444
      vertex -6.29479 -0.219818 4.56764
    endloop
  endfacet
  facet normal 0.206393 0.0253388 0.978141
    outer loop
      vertex -6.23733 -0.876599 4.56764
      vertex -5.31338 -0.558458 4.36444
      vertex -6.26412 -0.658385 4.56764
    endloop
  endfacet
  facet normal 0.206395 0.0253345 0.978141
    outer loop
      vertex -5.29066 -0.743553 4.36444
      vertex -5.31338 -0.558458 4.36444
      vertex -6.23733 -0.876599 4.56764
    endloop
  endfacet
  facet normal 0.0931522 -0.0474582 0.99452
    outer loop
      vertex -2.19338 1.06978 3.95655
      vertex -3.01292 1.602 4.05871
      vertex -3.06699 1.49587 4.05871
    endloop
  endfacet
  facet normal 0.124026 -0.0631873 0.990265
    outer loop
      vertex -3.06699 1.49587 4.05871
      vertex -3.01292 1.602 4.05871
      vertex -3.93687 1.92014 4.19473
    endloop
  endfacet
  facet normal 0.0475863 -0.051026 0.997563
    outer loop
      vertex -1.01796 1.05412 3.88837
      vertex -0.980548 1.08901 3.88837
      vertex -1.63292 1.81354 3.95655
    endloop
  endfacet
  facet normal 0.0599689 -0.0856347 0.99452
    outer loop
      vertex -1.36463 2.02315 3.95655
      vertex -1.90816 2.82896 4.05871
      vertex -2.00572 2.76064 4.05871
    endloop
  endfacet
  facet normal 0.0798454 -0.114018 0.990265
    outer loop
      vertex -2.00572 2.76064 4.05871
      vertex -1.90816 2.82896 4.05871
      vertex -2.44936 3.63132 4.19473
    endloop
  endfacet
  facet normal 0.0538433 -0.089613 0.99452
    outer loop
      vertex -1.29319 2.06954 3.95655
      vertex -1.70617 2.95517 4.05871
      vertex -1.80826 2.89383 4.05871
    endloop
  endfacet
  facet normal 0.0538457 -0.0896119 0.99452
    outer loop
      vertex -1.29319 2.06954 3.95655
      vertex -1.22018 2.11341 3.95655
      vertex -1.70617 2.95517 4.05871
    endloop
  endfacet
  facet normal 0.0396779 -0.204121 0.978141
    outer loop
      vertex -1.1108 5.2259 4.36444
      vertex -1.09375 6.20294 4.56764
      vertex -1.30956 6.16099 4.56764
    endloop
  endfacet
  facet normal 0.0467799 -0.202612 0.978141
    outer loop
      vertex -1.1108 5.2259 4.36444
      vertex -1.30956 6.16099 4.56764
      vertex -1.52378 6.11153 4.56764
    endloop
  endfacet
  facet normal 0.0126516 -0.241617 0.970289
    outer loop
      vertex -0.414566 6.41089 4.59909
      vertex -0.219818 6.29479 4.56764
      vertex -0.223942 6.41288 4.5971
    endloop
  endfacet
  facet normal 0.0126554 -0.241611 0.970291
    outer loop
      vertex -0.219818 6.29479 4.56764
      vertex -0.414566 6.41089 4.59909
      vertex -0.43937 6.28329 4.56764
    endloop
  endfacet
  facet normal 0.00363199 -0.20791 0.978141
    outer loop
      vertex 0 5.34265 4.36444
      vertex 0 6.29863 4.56764
      vertex -0.219818 6.29479 4.56764
    endloop
  endfacet
  facet normal 0.00908946 -0.173434 0.984804
    outer loop
      vertex -0.152865 4.3775 4.19473
      vertex -0.186456 5.3394 4.36444
      vertex -0.372684 5.32964 4.36444
    endloop
  endfacet
  facet normal -0.00242177 -0.139174 0.990265
    outer loop
      vertex 0.152865 4.3775 4.19473
      vertex 0 4.38016 4.19473
      vertex 0 3.41234 4.05871
    endloop
  endfacet
  facet normal 0.00242177 -0.139174 0.990265
    outer loop
      vertex 0 3.41234 4.05871
      vertex 0 4.38016 4.19473
      vertex -0.152865 4.3775 4.19473
    endloop
  endfacet
  facet normal -0.04618 -0.23748 0.970294
    outer loop
      vertex 1.09375 6.20294 4.56764
      vertex 1.29769 6.38747 4.62251
      vertex 1.12743 6.39398 4.616
    endloop
  endfacet
  facet normal -0.0461652 -0.237495 0.970291
    outer loop
      vertex 1.29769 6.38747 4.62251
      vertex 1.09375 6.20294 4.56764
      vertex 1.30956 6.16099 4.56764
    endloop
  endfacet
  facet normal -0.0295001 -0.24012 0.970295
    outer loop
      vertex 0.658385 6.26412 4.56764
      vertex 0.85636 6.40216 4.60782
      vertex 0.673362 6.40662 4.60336
    endloop
  endfacet
  facet normal -0.0294823 -0.240144 0.970289
    outer loop
      vertex 0.85636 6.40216 4.60782
      vertex 0.658385 6.26412 4.56764
      vertex 0.876599 6.23733 4.56764
    endloop
  endfacet
  facet normal -0.018131 -0.207151 0.978141
    outer loop
      vertex 0.558458 5.31338 4.36444
      vertex 0.43937 6.28329 4.56764
      vertex 0.372684 5.32964 4.36444
    endloop
  endfacet
  facet normal -0.0396738 -0.204121 0.978141
    outer loop
      vertex 1.1108 5.2259 4.36444
      vertex 1.09375 6.20294 4.56764
      vertex 0.927741 5.26148 4.36444
    endloop
  endfacet
  facet normal -0.0325373 -0.20538 0.978141
    outer loop
      vertex 0.927741 5.26148 4.36444
      vertex 1.09375 6.20294 4.56764
      vertex 0.743553 5.29066 4.36444
    endloop
  endfacet
  facet normal -0.0545435 -0.235728 0.970287
    outer loop
      vertex 1.52378 6.11153 4.56764
      vertex 1.5894 6.37472 4.63527
      vertex 1.51913 6.37789 4.63209
    endloop
  endfacet
  facet normal 0.0945494 -0.222718 0.970287
    outer loop
      vertex -2.56188 5.75408 4.56764
      vertex -2.64944 6.30692 4.70307
      vertex -2.80262 6.29478 4.71521
    endloop
  endfacet
  facet normal 0.0379423 -0.23893 0.970295
    outer loop
      vertex -0.876599 6.23733 4.56764
      vertex -0.899617 6.40111 4.60887
      vertex -0.94551 6.39967 4.61031
    endloop
  endfacet
  facet normal 0.04618 -0.23748 0.970294
    outer loop
      vertex -1.29769 6.38747 4.62251
      vertex -1.09375 6.20294 4.56764
      vertex -1.12743 6.39398 4.616
    endloop
  endfacet
  facet normal 0.0461652 -0.237495 0.970291
    outer loop
      vertex -1.09375 6.20294 4.56764
      vertex -1.29769 6.38747 4.62251
      vertex -1.30956 6.16099 4.56764
    endloop
  endfacet
  facet normal -0.180898 -0.208077 0.961239
    outer loop
      vertex 5.14073 6.01084 4.99428
      vertex 5.32967 5.9192 5.01
      vertex 5.25962 5.9801 5.01
    endloop
  endfacet
  facet normal -0.180878 -0.208034 0.961252
    outer loop
      vertex 5.32967 5.9192 5.01
      vertex 5.14073 6.01084 4.99428
      vertex 4.84914 5.38552 4.80408
    endloop
  endfacet
  facet normal -0.16502 -0.17695 0.970287
    outer loop
      vertex 4.37539 4.53085 4.56764
      vertex 5.03414 5.21301 4.80408
      vertex 4.21461 4.68079 4.56764
    endloop
  endfacet
  facet normal -0.173473 -0.214239 0.961254
    outer loop
      vertex 4.74535 6.07378 4.93621
      vertex 4.65824 5.55147 4.80408
      vertex 4.87201 6.05508 4.9549
    endloop
  endfacet
  facet normal -0.173488 -0.214236 0.961252
    outer loop
      vertex 4.65824 5.55147 4.80408
      vertex 4.74535 6.07378 4.93621
      vertex 4.46166 5.71066 4.80408
    endloop
  endfacet
  facet normal -0.158122 -0.225806 0.961254
    outer loop
      vertex 4.44364 6.11615 4.89384
      vertex 4.35109 6.12847 4.88151
      vertex 4.25964 5.86289 4.80408
    endloop
  endfacet
  facet normal -0.181066 -0.207964 0.961231
    outer loop
      vertex 4.84914 5.38552 4.80408
      vertex 5.10603 6.01981 4.9897
      vertex 5.09999 6.02114 4.98885
    endloop
  endfacet
  facet normal -0.180965 -0.208007 0.961241
    outer loop
      vertex 4.84914 5.38552 4.80408
      vertex 5.09999 6.02114 4.98885
      vertex 5.05781 6.02766 4.98232
    endloop
  endfacet
  facet normal -0.180679 -0.208132 0.961268
    outer loop
      vertex 5.10603 6.01981 4.9897
      vertex 4.84914 5.38552 4.80408
      vertex 5.14073 6.01084 4.99428
    endloop
  endfacet
  facet normal -0.180855 -0.208046 0.961253
    outer loop
      vertex 4.84914 5.38552 4.80408
      vertex 5.05781 6.02766 4.98232
      vertex 4.65824 5.55147 4.80408
    endloop
  endfacet
  facet normal -0.158741 -0.182607 0.970287
    outer loop
      vertex 4.84914 5.38552 4.80408
      vertex 4.65824 5.55147 4.80408
      vertex 4.21461 4.68079 4.56764
    endloop
  endfacet
  facet normal 0.139004 -0.00728068 0.990265
    outer loop
      vertex -3.41026 0.119088 4.05871
      vertex -3.40403 0.238032 4.05871
      vertex -4.3775 0.152865 4.19473
    endloop
  endfacet
  facet normal 0.104402 0.00546834 0.99452
    outer loop
      vertex -3.40403 -0.238032 4.05871
      vertex -2.43442 -0.170231 3.95655
      vertex -3.41026 -0.119088 4.05871
    endloop
  endfacet
  facet normal 0.139173 0.00243081 0.990265
    outer loop
      vertex -3.41026 -0.119088 4.05871
      vertex -3.41234 0 4.05871
      vertex -4.3775 -0.152865 4.19473
    endloop
  endfacet
  facet normal 0.104529 -0.00182571 0.99452
    outer loop
      vertex -2.43887 0.0851669 3.95655
      vertex -3.41026 0.119088 4.05871
      vertex -3.41234 0 4.05871
    endloop
  endfacet
  facet normal 0.0156875 -0.0679856 0.997563
    outer loop
      vertex -0.354513 1.42188 3.88837
      vertex -0.304675 1.43338 3.88837
      vertex -0.590376 2.36787 3.95655
    endloop
  endfacet
  facet normal -0.0109106 -0.0689129 0.997563
    outer loop
      vertex 0.423763 2.40329 3.95655
      vertex 0.339632 2.41661 3.95655
      vertex 0.254465 1.44314 3.88837
    endloop
  endfacet
  facet normal -0.010926 -0.0689115 0.997563
    outer loop
      vertex 0.254465 1.44314 3.88837
      vertex 0.339632 2.41661 3.95655
      vertex 0.203945 1.45115 3.88837
    endloop
  endfacet
  facet normal -0.00911088 -0.104147 0.99452
    outer loop
      vertex 0.356687 3.39365 4.05871
      vertex 0.238032 3.40403 4.05871
      vertex 0.170231 2.43442 3.95655
    endloop
  endfacet
  facet normal -0.00546834 -0.104402 0.99452
    outer loop
      vertex 0.170231 2.43442 3.95655
      vertex 0.238032 3.40403 4.05871
      vertex 0.119088 3.41026 4.05871
    endloop
  endfacet
  facet normal 0.0190102 -0.0292756 0.999391
    outer loop
      vertex -0.273259 0.405123 3.85426
      vertex -0.258954 0.414412 3.85426
      vertex -0.819445 1.21488 3.88837
    endloop
  endfacet
  facet normal 0.00785069 -0.0340121 0.999391
    outer loop
      vertex -0.118218 0.474152 3.85426
      vertex -0.101599 0.477988 3.85426
      vertex -0.304675 1.43338 3.88837
    endloop
  endfacet
  facet normal -0.00608375 -0.0695061 0.997563
    outer loop
      vertex 0.153176 1.45738 3.88837
      vertex 0.255087 2.42699 3.95655
      vertex 0.102221 1.46184 3.88837
    endloop
  endfacet
  facet normal -0.00849814 -0.0692524 0.997563
    outer loop
      vertex 0.203945 1.45115 3.88837
      vertex 0.255087 2.42699 3.95655
      vertex 0.153176 1.45738 3.88837
    endloop
  endfacet
  facet normal -0.0342649 -0.00666143 0.999391
    outer loop
      vertex 0.481243 0.084856 3.85426
      vertex 1.43338 0.304675 3.88837
      vertex 0.477988 0.101599 3.85426
    endloop
  endfacet
  facet normal -0.0340121 -0.00785069 0.999391
    outer loop
      vertex 0.477988 0.101599 3.85426
      vertex 1.43338 0.304675 3.88837
      vertex 0.474152 0.118218 3.85426
    endloop
  endfacet
  facet normal -0.0246826 -0.0246826 0.999391
    outer loop
      vertex 1.01796 1.05412 3.88837
      vertex 0.351518 0.339457 3.85426
      vertex 1.05412 1.01796 3.88837
    endloop
  endfacet
  facet normal -0.0246826 -0.0246826 0.999391
    outer loop
      vertex 0.351518 0.339457 3.85426
      vertex 1.01796 1.05412 3.88837
      vertex 0.339457 0.351518 3.85426
    endloop
  endfacet
  facet normal 0.021006 -0.0278783 0.999391
    outer loop
      vertex -0.287231 0.39534 3.85426
      vertex -0.861344 1.18554 3.88837
      vertex -0.902194 1.15476 3.88837
    endloop
  endfacet
  facet normal -0.0272606 -0.0642262 0.997563
    outer loop
      vertex 0.992583 2.22938 3.95655
      vertex 0.914175 2.26266 3.95655
      vertex 0.596034 1.33872 3.88837
    endloop
  endfacet
  facet normal -0.0294886 -0.0632342 0.997563
    outer loop
      vertex 1.06978 2.19338 3.95655
      vertex 0.992583 2.22938 3.95655
      vertex 0.596034 1.33872 3.88837
    endloop
  endfacet
  facet normal -0.0263454 -0.022899 0.999391
    outer loop
      vertex 0.37434 0.314109 3.85426
      vertex 1.12257 0.941945 3.88837
      vertex 0.363151 0.326982 3.85426
    endloop
  endfacet
  facet normal 0.0340126 0.00784833 0.999391
    outer loop
      vertex -1.42188 -0.354513 3.88837
      vertex -0.474152 -0.118218 3.85426
      vertex -1.43338 -0.304675 3.88837
    endloop
  endfacet
  facet normal -0.0346464 -0.00425155 0.999391
    outer loop
      vertex 1.45738 0.153176 3.88837
      vertex 1.45115 0.203945 3.88837
      vertex 0.483912 0.0680084 3.85426
    endloop
  endfacet
  facet normal -0.0338281 -0.0610228 0.997563
    outer loop
      vertex 0.732703 1.26908 3.88837
      vertex 1.14568 2.15471 3.95655
      vertex 0.687966 1.29388 3.88837
    endloop
  endfacet
  facet normal 0.000609869 0.0349009 0.999391
    outer loop
      vertex 0 -1.46541 3.88837
      vertex 0 -0.488667 3.85426
      vertex -0.0170536 -0.488369 3.85426
    endloop
  endfacet
  facet normal -0.087596 -0.108177 0.990265
    outer loop
      vertex 2.19341 2.61401 4.05871
      vertex 2.81552 3.3554 4.19473
      vertex 2.10085 2.68896 4.05871
    endloop
  endfacet
  facet normal -0.0657898 -0.0812475 0.99452
    outer loop
      vertex 2.19341 2.61401 4.05871
      vertex 2.10085 2.68896 4.05871
      vertex 1.56863 1.86942 3.95655
    endloop
  endfacet
  facet normal -0.0238059 0.025529 0.999391
    outer loop
      vertex 0.980548 -1.08901 3.88837
      vertex 0.339457 -0.351518 3.85426
      vertex 0.326982 -0.363151 3.85426
    endloop
  endfacet
  facet normal -0.0457715 -0.0526601 0.997563
    outer loop
      vertex 1.63292 1.81354 3.95655
      vertex 1.56863 1.86942 3.95655
      vertex 0.980548 1.08901 3.88837
    endloop
  endfacet
  facet normal -0.105051 -0.0913206 0.990265
    outer loop
      vertex 3.3554 2.81552 4.19473
      vertex 3.2551 2.9309 4.19473
      vertex 2.53586 2.2833 4.05871
    endloop
  endfacet
  facet normal -0.051026 -0.0475863 0.997563
    outer loop
      vertex 1.08901 0.980548 3.88837
      vertex 1.81354 1.63292 3.95655
      vertex 1.05412 1.01796 3.88837
    endloop
  endfacet
  facet normal -0.111169 -0.0837654 0.990265
    outer loop
      vertex 2.76064 2.00572 4.05871
      vertex 3.45162 2.6967 4.19473
      vertex 2.68896 2.10085 4.05871
    endloop
  endfacet
  facet normal -0.114023 -0.079836 0.990265
    outer loop
      vertex 3.63132 2.44936 4.19473
      vertex 3.54363 2.5746 4.19473
      vertex 2.76064 2.00572 4.05871
    endloop
  endfacet
  facet normal -0.114018 -0.0798454 0.990265
    outer loop
      vertex 2.82896 1.90816 4.05871
      vertex 3.63132 2.44936 4.19473
      vertex 2.76064 2.00572 4.05871
    endloop
  endfacet
  facet normal -0.198855 -0.0608026 0.978141
    outer loop
      vertex 5.13569 1.47263 4.36444
      vertex 5.99035 1.94638 4.56764
      vertex 5.08116 1.65097 4.36444
    endloop
  endfacet
  facet normal -0.16608 -0.0507815 0.984804
    outer loop
      vertex 5.13569 1.47263 4.36444
      vertex 5.08116 1.65097 4.36444
      vertex 4.21048 1.20734 4.19473
    endloop
  endfacet
  facet normal -0.131611 -0.0453196 0.990265
    outer loop
      vertex 3.24533 1.05447 4.05871
      vertex 4.16578 1.35355 4.19473
      vertex 3.20655 1.16709 4.05871
    endloop
  endfacet
  facet normal -0.133115 -0.0406933 0.990265
    outer loop
      vertex 3.28015 0.940568 4.05871
      vertex 4.16578 1.35355 4.19473
      vertex 3.24533 1.05447 4.05871
    endloop
  endfacet
  facet normal -0.131612 -0.0453154 0.990265
    outer loop
      vertex 4.16578 1.35355 4.19473
      vertex 4.11601 1.4981 4.19473
      vertex 3.20655 1.16709 4.05871
    endloop
  endfacet
  facet normal -0.129951 -0.0498808 0.990265
    outer loop
      vertex 4.11601 1.4981 4.19473
      vertex 4.06122 1.64084 4.19473
      vertex 3.20655 1.16709 4.05871
    endloop
  endfacet
  facet normal -0.11674 -0.0758088 0.990265
    outer loop
      vertex 3.71459 2.32113 4.19473
      vertex 3.63132 2.44936 4.19473
      vertex 2.89383 1.80826 4.05871
    endloop
  endfacet
  facet normal -0.145654 -0.094585 0.984804
    outer loop
      vertex 3.71459 2.32113 4.19473
      vertex 4.53083 2.83117 4.36444
      vertex 3.63132 2.44936 4.19473
    endloop
  endfacet
  facet normal -0.151894 -0.0842048 0.984803
    outer loop
      vertex 3.86746 2.05636 4.19473
      vertex 4.71728 2.50822 4.36444
      vertex 3.79333 2.19008 4.19473
    endloop
  endfacet
  facet normal -0.154742 -0.0788478 0.984804
    outer loop
      vertex 3.93687 1.92014 4.19473
      vertex 4.71728 2.50822 4.36444
      vertex 3.86746 2.05636 4.19473
    endloop
  endfacet
  facet normal -0.0278783 -0.021006 0.999391
    outer loop
      vertex 1.18554 0.861344 3.88837
      vertex 1.15476 0.902194 3.88837
      vertex 0.39534 0.287231 3.85426
    endloop
  endfacet
  facet normal -0.055724 -0.0419874 0.997563
    outer loop
      vertex 1.18554 0.861344 3.88837
      vertex 1.92303 1.50244 3.95655
      vertex 1.15476 0.902194 3.88837
    endloop
  endfacet
  facet normal -0.0695058 -0.00608593 0.997563
    outer loop
      vertex 2.43442 0.170231 3.95655
      vertex 2.42699 0.255087 3.95655
      vertex 1.46184 0.102221 3.88837
    endloop
  endfacet
  facet normal -0.0696767 -0.00364212 0.997563
    outer loop
      vertex 1.46451 0.0511417 3.88837
      vertex 2.43442 0.170231 3.95655
      vertex 1.46184 0.102221 3.88837
    endloop
  endfacet
  facet normal -0.034901 -0.000614193 0.999391
    outer loop
      vertex 1.46541 0 3.88837
      vertex 1.46451 0.0511417 3.88837
      vertex 0.488369 0.0170536 3.85426
    endloop
  endfacet
  facet normal -0.0349009 -0.000609869 0.999391
    outer loop
      vertex 0.488667 0 3.85426
      vertex 1.46541 0 3.88837
      vertex 0.488369 0.0170536 3.85426
    endloop
  endfacet
  facet normal 0.00666143 0.0342649 0.999391
    outer loop
      vertex -0.084856 -0.481243 3.85426
      vertex -0.101599 -0.477988 3.85426
      vertex -0.304675 -1.43338 3.88837
    endloop
  endfacet
  facet normal -0.0113645 0.0330047 0.999391
    outer loop
      vertex 0.452835 -1.39368 3.88837
      vertex 0.167133 -0.459197 3.85426
      vertex 0.151006 -0.46475 3.85426
    endloop
  endfacet
  facet normal -0.0136385 0.0321315 0.999391
    outer loop
      vertex 0.596034 -1.33872 3.88837
      vertex 0.198758 -0.44642 3.85426
      vertex 0.183058 -0.453084 3.85426
    endloop
  endfacet
  facet normal 0.0340126 -0.00784833 0.999391
    outer loop
      vertex -0.474152 0.118218 3.85426
      vertex -1.42188 0.354513 3.88837
      vertex -1.43338 0.304675 3.88837
    endloop
  endfacet
  facet normal -0.0475863 -0.051026 0.997563
    outer loop
      vertex 1.01796 1.05412 3.88837
      vertex 1.63292 1.81354 3.95655
      vertex 0.980548 1.08901 3.88837
    endloop
  endfacet
  facet normal -0.0330047 -0.0113645 0.999391
    outer loop
      vertex 0.46475 0.151006 3.85426
      vertex 1.39368 0.452835 3.88837
      vertex 0.459197 0.167133 3.85426
    endloop
  endfacet
  facet normal 0.0272606 0.0642262 0.997563
    outer loop
      vertex -0.914175 -2.26266 3.95655
      vertex -0.596034 -1.33872 3.88837
      vertex -0.992583 -2.22938 3.95655
    endloop
  endfacet
  facet normal -0.0642262 -0.0272606 0.997563
    outer loop
      vertex 2.26266 0.914175 3.95655
      vertex 2.22938 0.992583 3.95655
      vertex 1.33872 0.596034 3.88837
    endloop
  endfacet
  facet normal -0.0632342 -0.0294886 0.997563
    outer loop
      vertex 2.22938 0.992583 3.95655
      vertex 2.19338 1.06978 3.95655
      vertex 1.33872 0.596034 3.88837
    endloop
  endfacet
  facet normal -0.0642281 -0.0272551 0.997563
    outer loop
      vertex 1.3587 0.54895 3.88837
      vertex 2.26266 0.914175 3.95655
      vertex 1.33872 0.596034 3.88837
    endloop
  endfacet
  facet normal -0.0651377 -0.0250036 0.997563
    outer loop
      vertex 1.37703 0.501198 3.88837
      vertex 2.26266 0.914175 3.95655
      vertex 1.3587 0.54895 3.88837
    endloop
  endfacet
  facet normal -0.0610228 -0.0338281 0.997563
    outer loop
      vertex 1.29388 0.687966 3.88837
      vertex 2.15471 1.14568 3.95655
      vertex 1.26908 0.732703 3.88837
    endloop
  endfacet
  facet normal -0.0621681 -0.031674 0.997563
    outer loop
      vertex 1.3171 0.642391 3.88837
      vertex 2.15471 1.14568 3.95655
      vertex 1.29388 0.687966 3.88837
    endloop
  endfacet
  facet normal -0.00425155 -0.0346464 0.999391
    outer loop
      vertex 0.203945 1.45115 3.88837
      vertex 0.153176 1.45738 3.88837
      vertex 0.0680084 0.483912 3.85426
    endloop
  endfacet
  facet normal 0.0632331 0.0294907 0.997563
    outer loop
      vertex -1.3171 -0.642391 3.88837
      vertex -1.33872 -0.596034 3.88837
      vertex -2.19338 -1.06978 3.95655
    endloop
  endfacet
  facet normal 0.0610226 -0.0338286 0.997563
    outer loop
      vertex -1.26908 0.732703 3.88837
      vertex -2.11341 1.22018 3.95655
      vertex -2.15471 1.14568 3.95655
    endloop
  endfacet
  facet normal -0.0667209 -0.0204057 0.997563
    outer loop
      vertex 1.40864 0.40392 3.88837
      vertex 2.34583 0.672654 3.95655
      vertex 1.39368 0.452835 3.88837
    endloop
  endfacet
  facet normal -0.0673935 -0.01806 0.997563
    outer loop
      vertex 1.42188 0.354513 3.88837
      vertex 2.34583 0.672654 3.95655
      vertex 1.40864 0.40392 3.88837
    endloop
  endfacet
  facet normal -0.0876806 0.0569359 0.99452
    outer loop
      vertex 2.89383 -1.80826 4.05871
      vertex 2.06954 -1.29319 3.95655
      vertex 2.02315 -1.36463 3.95655
    endloop
  endfacet
  facet normal -0.0278783 0.021006 0.999391
    outer loop
      vertex 1.15476 -0.902194 3.88837
      vertex 1.18554 -0.861344 3.88837
      vertex 0.39534 -0.287231 3.85426
    endloop
  endfacet
  facet normal 0.00182212 0.0348587 0.999391
    outer loop
      vertex -0.0511417 -1.46451 3.88837
      vertex -0.0340872 -0.487476 3.85426
      vertex -0.102221 -1.46184 3.88837
    endloop
  endfacet
  facet normal -0.0113628 0.0330053 0.999391
    outer loop
      vertex 0.452835 -1.39368 3.88837
      vertex 0.501198 -1.37703 3.88837
      vertex 0.167133 -0.459197 3.85426
    endloop
  endfacet
  facet normal -0.238953 -0.0378222 0.970294
    outer loop
      vertex 6.20294 1.09375 4.56764
      vertex 6.39967 0.94551 4.61031
      vertex 6.39398 1.12743 4.616
    endloop
  endfacet
  facet normal -0.238969 -0.0378454 0.970289
    outer loop
      vertex 6.39967 0.94551 4.61031
      vertex 6.20294 1.09375 4.56764
      vertex 6.23733 0.876599 4.56764
    endloop
  endfacet
  facet normal -0.23893 -0.0379423 0.970295
    outer loop
      vertex 6.40111 0.899617 4.60887
      vertex 6.39967 0.94551 4.61031
      vertex 6.23733 0.876599 4.56764
    endloop
  endfacet
  facet normal -0.200858 -0.0538135 0.978141
    outer loop
      vertex 5.18395 1.2925 4.36444
      vertex 6.11153 1.52378 4.56764
      vertex 5.13569 1.47263 4.36444
    endloop
  endfacet
  facet normal -0.200858 -0.0538182 0.978141
    outer loop
      vertex 6.11153 1.52378 4.56764
      vertex 6.05463 1.73614 4.56764
      vertex 5.13569 1.47263 4.36444
    endloop
  endfacet
  facet normal -0.173434 0.00908946 0.984804
    outer loop
      vertex 5.32964 -0.372684 4.36444
      vertex 5.3394 -0.186456 4.36444
      vertex 4.3775 -0.152865 4.19473
    endloop
  endfacet
  facet normal -0.20791 0.00363199 0.978141
    outer loop
      vertex 6.29479 -0.219818 4.56764
      vertex 6.29863 0 4.56764
      vertex 5.34265 0 4.36444
    endloop
  endfacet
  facet normal -0.241598 0.0125853 0.970295
    outer loop
      vertex 6.41054 -0.448269 4.59944
      vertex 6.41089 -0.414566 4.59909
      vertex 6.28329 -0.43937 4.56764
    endloop
  endfacet
  facet normal -0.173431 -0.00909868 0.984804
    outer loop
      vertex 4.3775 0.152865 4.19473
      vertex 5.32964 0.372684 4.36444
      vertex 4.36949 0.305545 4.19473
    endloop
  endfacet
  facet normal -0.241617 -0.0126516 0.970289
    outer loop
      vertex 6.41089 0.414566 4.59909
      vertex 6.29479 0.219818 4.56764
      vertex 6.41288 0.223942 4.5971
    endloop
  endfacet
  facet normal -0.241611 -0.0126554 0.970291
    outer loop
      vertex 6.29479 0.219818 4.56764
      vertex 6.41089 0.414566 4.59909
      vertex 6.28329 0.43937 4.56764
    endloop
  endfacet
  facet normal -0.171533 0.0271715 0.984804
    outer loop
      vertex 5.29066 -0.743553 4.36444
      vertex 4.33754 -0.609601 4.19473
      vertex 4.31362 -0.760607 4.19473
    endloop
  endfacet
  facet normal -0.204121 0.0396738 0.978141
    outer loop
      vertex 6.20294 -1.09375 4.56764
      vertex 5.26148 -0.927741 4.36444
      vertex 5.2259 -1.1108 4.36444
    endloop
  endfacet
  facet normal -0.137481 -0.0217721 0.990265
    outer loop
      vertex 3.37913 0.474906 4.05871
      vertex 4.33754 0.609601 4.19473
      vertex 3.3605 0.592546 4.05871
    endloop
  endfacet
  facet normal -0.170482 -0.0331354 0.984804
    outer loop
      vertex 4.31362 0.760607 4.19473
      vertex 5.26148 0.927741 4.36444
      vertex 4.28445 0.910687 4.19473
    endloop
  endfacet
  facet normal -0.207657 -0.0108831 0.978141
    outer loop
      vertex 5.3394 0.186456 4.36444
      vertex 6.28329 0.43937 4.56764
      vertex 5.32964 0.372684 4.36444
    endloop
  endfacet
  facet normal -0.139005 -0.00729256 0.990265
    outer loop
      vertex 4.3775 0.152865 4.19473
      vertex 4.36949 0.305545 4.19473
      vertex 3.40403 0.238032 4.05871
    endloop
  endfacet
  facet normal -0.0235146 -0.101866 0.99452
    outer loop
      vertex 0.82552 3.31098 4.05871
      vertex 0.709465 3.33777 4.05871
      vertex 0.590376 2.36787 3.95655
    endloop
  endfacet
  facet normal -0.0313082 -0.135628 0.990265
    outer loop
      vertex 0.82552 3.31098 4.05871
      vertex 1.05966 4.25006 4.19473
      vertex 0.709465 3.33777 4.05871
    endloop
  endfacet
  facet normal -0.134969 -0.109294 0.984804
    outer loop
      vertex 4.21007 3.28926 4.36444
      vertex 4.09271 3.43419 4.36444
      vertex 3.3554 2.81552 4.19473
    endloop
  endfacet
  facet normal -0.214237 -0.173477 0.961253
    outer loop
      vertex 6.05508 4.87201 4.9549
      vertex 6.02766 5.05781 4.98232
      vertex 5.55147 4.65824 4.80408
    endloop
  endfacet
  facet normal -0.173644 0.00302158 0.984804
    outer loop
      vertex 5.34265 0 4.36444
      vertex 4.38016 0 4.19473
      vertex 4.3775 -0.152865 4.19473
    endloop
  endfacet
  facet normal -0.173644 -0.00302158 0.984804
    outer loop
      vertex 4.38016 0 4.19473
      vertex 5.34265 0 4.36444
      vertex 4.3775 0.152865 4.19473
    endloop
  endfacet
  facet normal -0.16608 0.0507815 0.984804
    outer loop
      vertex 5.08116 -1.65097 4.36444
      vertex 5.13569 -1.47263 4.36444
      vertex 4.21048 -1.20734 4.19473
    endloop
  endfacet
  facet normal -0.198855 0.0608026 0.978141
    outer loop
      vertex 5.99035 -1.94638 4.56764
      vertex 5.13569 -1.47263 4.36444
      vertex 5.08116 -1.65097 4.36444
    endloop
  endfacet
  facet normal 0.00425261 0.0346463 0.999391
    outer loop
      vertex -0.0510788 -0.48599 3.85426
      vertex -0.0680084 -0.483912 3.85426
      vertex -0.153176 -1.45738 3.88837
    endloop
  endfacet
  facet normal -0.0156875 0.0679856 0.997563
    outer loop
      vertex 0.590376 -2.36787 3.95655
      vertex 0.354513 -1.42188 3.88837
      vertex 0.304675 -1.43338 3.88837
    endloop
  endfacet
  facet normal -0.0180535 0.0673957 0.997563
    outer loop
      vertex 0.590376 -2.36787 3.95655
      vertex 0.672654 -2.34583 3.95655
      vertex 0.354513 -1.42188 3.88837
    endloop
  endfacet
  facet normal -0.0199559 0.102623 0.99452
    outer loop
      vertex 0.592546 -3.3605 4.05871
      vertex 0.50738 -2.38703 3.95655
      vertex 0.423763 -2.40329 3.95655
    endloop
  endfacet
  facet normal -0.00850242 0.0692521 0.997563
    outer loop
      vertex 0.255087 -2.42699 3.95655
      vertex 0.339632 -2.41661 3.95655
      vertex 0.203945 -1.45115 3.88837
    endloop
  endfacet
  facet normal 0.00911088 0.104147 0.99452
    outer loop
      vertex -0.238032 -3.40403 4.05871
      vertex -0.170231 -2.43442 3.95655
      vertex -0.356687 -3.39365 4.05871
    endloop
  endfacet
  facet normal 0.0127398 0.103765 0.99452
    outer loop
      vertex -0.255087 -2.42699 3.95655
      vertex -0.339632 -2.41661 3.95655
      vertex -0.356687 -3.39365 4.05871
    endloop
  endfacet
  facet normal 0.0024308 0.139173 0.990265
    outer loop
      vertex -0.119088 -3.41026 4.05871
      vertex -0.102135 -4.0572 4.14959
      vertex 0 -3.41234 4.05871
    endloop
  endfacet
  facet normal 0.0023476 0.139171 0.990266
    outer loop
      vertex -0.102135 -4.0572 4.14959
      vertex -0.119088 -3.41026 4.05871
      vertex -0.141672 -4.05696 4.14965
    endloop
  endfacet
  facet normal 0.045319 0.13161 0.990265
    outer loop
      vertex -1.16709 -3.20655 4.05871
      vertex -1.29552 -3.98721 4.16834
      vertex -1.05447 -3.24533 4.05871
    endloop
  endfacet
  facet normal 0.0453897 0.131598 0.990263
    outer loop
      vertex -1.29552 -3.98721 4.16834
      vertex -1.16709 -3.20655 4.05871
      vertex -1.31833 -3.98461 4.16904
    endloop
  endfacet
  facet normal 0.0406922 0.133111 0.990265
    outer loop
      vertex -1.05447 -3.24533 4.05871
      vertex -1.27142 -3.98968 4.16768
      vertex -0.940568 -3.28015 4.05871
    endloop
  endfacet
  facet normal 0.0407598 0.133091 0.990265
    outer loop
      vertex -1.27142 -3.98968 4.16768
      vertex -1.05447 -3.24533 4.05871
      vertex -1.29552 -3.98721 4.16834
    endloop
  endfacet
  facet normal -0.00546834 0.104402 0.99452
    outer loop
      vertex 0.238032 -3.40403 4.05871
      vertex 0.170231 -2.43442 3.95655
      vertex 0.119088 -3.41026 4.05871
    endloop
  endfacet
  facet normal -0.0169497 0.138157 0.990265
    outer loop
      vertex 0.425686 -4.05013 4.15148
      vertex 0.531401 -4.04569 4.15267
      vertex 0.356687 -3.39365 4.05871
    endloop
  endfacet
  facet normal 0.00546834 0.104402 0.99452
    outer loop
      vertex -0.119088 -3.41026 4.05871
      vertex -0.170231 -2.43442 3.95655
      vertex -0.238032 -3.40403 4.05871
    endloop
  endfacet
  facet normal -0.133115 0.0406933 0.990265
    outer loop
      vertex 4.16578 -1.35355 4.19473
      vertex 3.28015 -0.940568 4.05871
      vertex 3.24533 -1.05447 4.05871
    endloop
  endfacet
  facet normal -0.135627 0.0313092 0.990265
    outer loop
      vertex 4.25006 -1.05966 4.19473
      vertex 4.28445 -0.910687 4.19473
      vertex 3.33777 -0.709465 4.05871
    endloop
  endfacet
  facet normal -0.0557239 0.0419875 0.997563
    outer loop
      vertex 1.92303 -1.50244 3.95655
      vertex 1.97429 -1.43441 3.95655
      vertex 1.18554 -0.861344 3.88837
    endloop
  endfacet
  facet normal -0.0599643 0.0856387 0.99452
    outer loop
      vertex 2.00572 -2.76064 4.05871
      vertex 1.43441 -1.97429 3.95655
      vertex 1.36463 -2.02315 3.95655
    endloop
  endfacet
  facet normal -0.0379985 0.0585171 0.997563
    outer loop
      vertex 1.29319 -2.06954 3.95655
      vertex 1.36463 -2.02315 3.95655
      vertex 0.819445 -1.21488 3.88837
    endloop
  endfacet
  facet normal -0.0642262 0.0272606 0.997563
    outer loop
      vertex 2.22938 -0.992583 3.95655
      vertex 2.26266 -0.914175 3.95655
      vertex 1.33872 -0.596034 3.88837
    endloop
  endfacet
  facet normal -0.0876808 0.0569355 0.99452
    outer loop
      vertex 2.82896 -1.90816 4.05871
      vertex 2.89383 -1.80826 4.05871
      vertex 2.02315 -1.36463 3.95655
    endloop
  endfacet
  facet normal -0.114018 0.0798454 0.990265
    outer loop
      vertex 3.63132 -2.44936 4.19473
      vertex 2.82896 -1.90816 4.05871
      vertex 2.76064 -2.00572 4.05871
    endloop
  endfacet
  facet normal -0.0856347 0.0599689 0.99452
    outer loop
      vertex 2.76064 -2.00572 4.05871
      vertex 2.82896 -1.90816 4.05871
      vertex 2.02315 -1.36463 3.95655
    endloop
  endfacet
  facet normal -0.00182749 0.0348586 0.999391
    outer loop
      vertex 0.0511417 -1.46451 3.88837
      vertex 0.0340872 -0.487476 3.85426
      vertex 0.0170536 -0.488369 3.85426
    endloop
  endfacet
  facet normal -0.00666143 0.0342649 0.999391
    outer loop
      vertex 0.304675 -1.43338 3.88837
      vertex 0.101599 -0.477988 3.85426
      vertex 0.084856 -0.481243 3.85426
    endloop
  endfacet
  facet normal -0.0585209 0.0379917 0.997563
    outer loop
      vertex 2.06954 -1.29319 3.95655
      vertex 1.24273 -0.776546 3.88837
      vertex 1.21488 -0.819445 3.88837
    endloop
  endfacet
  facet normal -0.0337167 0.00903493 0.999391
    outer loop
      vertex 1.42188 -0.354513 3.88837
      vertex 0.474152 -0.118218 3.85426
      vertex 0.469737 -0.134694 3.85426
    endloop
  endfacet
  facet normal -0.0697614 -0.00122767 0.997563
    outer loop
      vertex 1.46541 0 3.88837
      vertex 2.44036 0 3.95655
      vertex 1.46451 0.0511417 3.88837
    endloop
  endfacet
  facet normal -0.069761 -0.00122047 0.997563
    outer loop
      vertex 2.44036 0 3.95655
      vertex 2.43887 0.0851669 3.95655
      vertex 1.46451 0.0511417 3.88837
    endloop
  endfacet
  facet normal -0.0684886 0.0133182 0.997563
    outer loop
      vertex 2.38703 -0.50738 3.95655
      vertex 2.40329 -0.423763 3.95655
      vertex 1.43338 -0.304675 3.88837
    endloop
  endfacet
  facet normal -0.0667209 0.0204057 0.997563
    outer loop
      vertex 2.34583 -0.672654 3.95655
      vertex 1.40864 -0.40392 3.88837
      vertex 1.39368 -0.452835 3.88837
    endloop
  endfacet
  facet normal -0.0346463 0.00425261 0.999391
    outer loop
      vertex 1.45738 -0.153176 3.88837
      vertex 0.48599 -0.0510788 3.85426
      vertex 0.483912 -0.0680084 3.85426
    endloop
  endfacet
  facet normal -0.0347736 0.00304112 0.999391
    outer loop
      vertex 1.45738 -0.153176 3.88837
      vertex 0.487476 -0.0340872 3.85426
      vertex 0.48599 -0.0510788 3.85426
    endloop
  endfacet
  facet normal -0.0684892 0.0133132 0.997563
    outer loop
      vertex 2.40329 -0.423763 3.95655
      vertex 1.44314 -0.254465 3.88837
      vertex 1.43338 -0.304675 3.88837
    endloop
  endfacet
  facet normal -0.101866 0.0235162 0.99452
    outer loop
      vertex 3.33777 -0.709465 4.05871
      vertex 2.38703 -0.50738 3.95655
      vertex 2.36787 -0.590376 3.95655
    endloop
  endfacet
  facet normal -0.0679836 0.0156943 0.997563
    outer loop
      vertex 2.36787 -0.590376 3.95655
      vertex 2.38703 -0.50738 3.95655
      vertex 1.43338 -0.304675 3.88837
    endloop
  endfacet
  facet normal -0.170338 -0.119268 0.978141
    outer loop
      vertex 4.42926 2.98757 4.36444
      vertex 5.2218 3.52215 4.56764
      vertex 4.3223 3.14033 4.36444
    endloop
  endfacet
  facet normal -0.174394 -0.113256 0.978141
    outer loop
      vertex 4.53083 2.83117 4.36444
      vertex 5.2218 3.52215 4.56764
      vertex 4.42926 2.98757 4.36444
    endloop
  endfacet
  facet normal -0.170337 -0.119271 0.978141
    outer loop
      vertex 5.2218 3.52215 4.56764
      vertex 5.0957 3.70224 4.56764
      vertex 4.3223 3.14033 4.36444
    endloop
  endfacet
  facet normal -0.16607 -0.125144 0.978141
    outer loop
      vertex 5.0957 3.70224 4.56764
      vertex 4.96339 3.87782 4.56764
      vertex 4.3223 3.14033 4.36444
    endloop
  endfacet
  facet normal -0.225806 -0.158122 0.961254
    outer loop
      vertex 6.12847 4.35109 4.88151
      vertex 6.11615 4.44364 4.89384
      vertex 5.86289 4.25964 4.80408
    endloop
  endfacet
  facet normal -0.220157 -0.165908 0.961252
    outer loop
      vertex 5.71066 4.46166 4.80408
      vertex 6.11615 4.44364 4.89384
      vertex 6.093 4.60843 4.91698
    endloop
  endfacet
  facet normal -0.220157 -0.165897 0.961254
    outer loop
      vertex 6.11615 4.44364 4.89384
      vertex 5.71066 4.46166 4.80408
      vertex 5.86289 4.25964 4.80408
    endloop
  endfacet
  facet normal -0.0685824 0.0789042 0.99452
    outer loop
      vertex 2.19341 -2.61401 4.05871
      vertex 1.63292 -1.81354 3.95655
      vertex 1.56863 -1.86942 3.95655
    endloop
  endfacet
  facet normal -0.0789042 0.0685824 0.99452
    outer loop
      vertex 2.61401 -2.19341 4.05871
      vertex 1.86942 -1.56863 3.95655
      vertex 1.81354 -1.63292 3.95655
    endloop
  endfacet
  facet normal -0.00546177 0.0344765 0.999391
    outer loop
      vertex 0.254465 -1.44314 3.88837
      vertex 0.084856 -0.481243 3.85426
      vertex 0.0680084 -0.483912 3.85426
    endloop
  endfacet
  facet normal 0.0158475 0.0311015 0.999391
    outer loop
      vertex -0.214217 -0.439211 3.85426
      vertex -0.229415 -0.431467 3.85426
      vertex -0.687966 -1.29388 3.88837
    endloop
  endfacet
  facet normal -0.0340126 0.00784833 0.999391
    outer loop
      vertex 1.42188 -0.354513 3.88837
      vertex 1.43338 -0.304675 3.88837
      vertex 0.474152 -0.118218 3.85426
    endloop
  endfacet
  facet normal 0.00182749 -0.0348586 0.999391
    outer loop
      vertex -0.0340872 0.487476 3.85426
      vertex -0.0170536 0.488369 3.85426
      vertex -0.0511417 1.46451 3.88837
    endloop
  endfacet
  facet normal 0.0337167 0.00903493 0.999391
    outer loop
      vertex -0.469737 -0.134694 3.85426
      vertex -0.474152 -0.118218 3.85426
      vertex -1.42188 -0.354513 3.88837
    endloop
  endfacet
  facet normal 0.0689115 0.010926 0.997563
    outer loop
      vertex -1.44314 -0.254465 3.88837
      vertex -1.45115 -0.203945 3.88837
      vertex -2.41661 -0.339632 3.95655
    endloop
  endfacet
  facet normal -0.0475815 0.0510299 0.997563
    outer loop
      vertex 1.63292 -1.81354 3.95655
      vertex 1.69522 -1.75545 3.95655
      vertex 1.01796 -1.05412 3.88837
    endloop
  endfacet
  facet normal -0.0475863 0.051026 0.997563
    outer loop
      vertex 1.63292 -1.81354 3.95655
      vertex 1.01796 -1.05412 3.88837
      vertex 0.980548 -1.08901 3.88837
    endloop
  endfacet
  facet normal -0.0158462 -0.0311022 0.999391
    outer loop
      vertex 0.687966 1.29388 3.88837
      vertex 0.642391 1.3171 3.88837
      vertex 0.214217 0.439211 3.85426
    endloop
  endfacet
  facet normal -0.0330047 0.0113645 0.999391
    outer loop
      vertex 1.39368 -0.452835 3.88837
      vertex 0.46475 -0.151006 3.85426
      vertex 0.459197 -0.167133 3.85426
    endloop
  endfacet
  facet normal -0.0400193 0.0571541 0.997563
    outer loop
      vertex 1.36463 -2.02315 3.95655
      vertex 1.43441 -1.97429 3.95655
      vertex 0.819445 -1.21488 3.88837
    endloop
  endfacet
  facet normal -0.0569359 0.0876806 0.99452
    outer loop
      vertex 1.80826 -2.89383 4.05871
      vertex 1.36463 -2.02315 3.95655
      vertex 1.29319 -2.06954 3.95655
    endloop
  endfacet
  facet normal 0.0190071 0.0292778 0.999391
    outer loop
      vertex -0.776546 -1.24273 3.88837
      vertex -0.258954 -0.414412 3.85426
      vertex -0.819445 -1.21488 3.88837
    endloop
  endfacet
  facet normal -0.0250067 0.0651363 0.997563
    outer loop
      vertex 0.834652 -2.29319 3.95655
      vertex 0.914175 -2.26266 3.95655
      vertex 0.501198 -1.37703 3.88837
    endloop
  endfacet
  facet normal -0.0340379 0.0988486 0.99452
    outer loop
      vertex 1.05447 -3.24533 4.05871
      vertex 1.16709 -3.20655 4.05871
      vertex 0.754112 -2.32092 3.95655
    endloop
  endfacet
  facet normal -0.0227138 0.0659708 0.997563
    outer loop
      vertex 0.754112 -2.32092 3.95655
      vertex 0.834652 -2.29319 3.95655
      vertex 0.501198 -1.37703 3.88837
    endloop
  endfacet
  facet normal 0.00304112 -0.0347736 0.999391
    outer loop
      vertex -0.0510788 0.48599 3.85426
      vertex -0.0340872 0.487476 3.85426
      vertex -0.153176 1.45738 3.88837
    endloop
  endfacet
  facet normal -0.0506881 0.0914349 0.99452
    outer loop
      vertex 1.70617 -2.95517 4.05871
      vertex 1.22018 -2.11341 3.95655
      vertex 1.14568 -2.15471 3.95655
    endloop
  endfacet
  facet normal -0.0294886 0.0632342 0.997563
    outer loop
      vertex 0.992583 -2.22938 3.95655
      vertex 1.06978 -2.19338 3.95655
      vertex 0.596034 -1.33872 3.88837
    endloop
  endfacet
  facet normal -0.0102089 0.0333802 0.999391
    outer loop
      vertex 0.40392 -1.40864 3.88837
      vertex 0.452835 -1.39368 3.88837
      vertex 0.151006 -0.46475 3.85426
    endloop
  endfacet
  facet normal -0.0204057 0.0667209 0.997563
    outer loop
      vertex 0.672654 -2.34583 3.95655
      vertex 0.452835 -1.39368 3.88837
      vertex 0.40392 -1.40864 3.88837
    endloop
  endfacet
  facet normal 0.059802 -0.0359415 0.997563
    outer loop
      vertex -1.26908 0.732703 3.88837
      vertex -1.24273 0.776546 3.88837
      vertex -2.06954 1.29319 3.95655
    endloop
  endfacet
  facet normal 0.00785069 0.0340121 0.999391
    outer loop
      vertex -0.101599 -0.477988 3.85426
      vertex -0.118218 -0.474152 3.85426
      vertex -0.304675 -1.43338 3.88837
    endloop
  endfacet
  facet normal 0.0457715 0.0526601 0.997563
    outer loop
      vertex -1.56863 -1.86942 3.95655
      vertex -0.980548 -1.08901 3.88837
      vertex -1.63292 -1.81354 3.95655
    endloop
  endfacet
  facet normal 0.031674 0.0621681 0.997563
    outer loop
      vertex -0.642391 -1.3171 3.88837
      vertex -0.687966 -1.29388 3.88837
      vertex -1.14568 -2.15471 3.95655
    endloop
  endfacet
  facet normal 0.0400193 0.0571541 0.997563
    outer loop
      vertex -1.36463 -2.02315 3.95655
      vertex -0.819445 -1.21488 3.88837
      vertex -1.43441 -1.97429 3.95655
    endloop
  endfacet
  facet normal 0.0102089 0.0333802 0.999391
    outer loop
      vertex -0.40392 -1.40864 3.88837
      vertex -0.151006 -0.46475 3.85426
      vertex -0.452835 -1.39368 3.88837
    endloop
  endfacet
  facet normal -0.0210072 0.0278773 0.999391
    outer loop
      vertex 0.902194 -1.15476 3.88837
      vertex 0.300853 -0.385075 3.85426
      vertex 0.287231 -0.39534 3.85426
    endloop
  endfacet
  facet normal -0.0526559 0.0457771 0.997563
    outer loop
      vertex 1.86942 -1.56863 3.95655
      vertex 1.12257 -0.941945 3.88837
      vertex 1.08901 -0.980548 3.88837
    endloop
  endfacet
  facet normal 0.0294886 0.0632342 0.997563
    outer loop
      vertex -0.992583 -2.22938 3.95655
      vertex -0.596034 -1.33872 3.88837
      vertex -1.06978 -2.19338 3.95655
    endloop
  endfacet
  facet normal 0.0272551 0.0642281 0.997563
    outer loop
      vertex -0.54895 -1.3587 3.88837
      vertex -0.596034 -1.33872 3.88837
      vertex -0.914175 -2.26266 3.95655
    endloop
  endfacet
  facet normal -0.032588 -0.0125093 0.999391
    outer loop
      vertex 0.459197 0.167133 3.85426
      vertex 1.3587 0.54895 3.88837
      vertex 0.453084 0.183058 3.85426
    endloop
  endfacet
  facet normal -0.0113645 -0.0330047 0.999391
    outer loop
      vertex 0.167133 0.459197 3.85426
      vertex 0.452835 1.39368 3.88837
      vertex 0.151006 0.46475 3.85426
    endloop
  endfacet
  facet normal 0.0342651 0.00666058 0.999391
    outer loop
      vertex -1.43338 -0.304675 3.88837
      vertex -0.481243 -0.084856 3.85426
      vertex -1.44314 -0.254465 3.88837
    endloop
  endfacet
  facet normal 0.0684892 0.0133132 0.997563
    outer loop
      vertex -1.43338 -0.304675 3.88837
      vertex -1.44314 -0.254465 3.88837
      vertex -2.40329 -0.423763 3.95655
    endloop
  endfacet
  facet normal 0.104402 0.00546163 0.99452
    outer loop
      vertex -2.43442 -0.170231 3.95655
      vertex -2.43887 -0.0851669 3.95655
      vertex -3.41026 -0.119088 4.05871
    endloop
  endfacet
  facet normal 0.069761 -0.00122047 0.997563
    outer loop
      vertex -1.46451 0.0511417 3.88837
      vertex -2.43887 0.0851669 3.95655
      vertex -2.44036 0 3.95655
    endloop
  endfacet
  facet normal 0.0695058 -0.00608593 0.997563
    outer loop
      vertex -1.46184 0.102221 3.88837
      vertex -2.42699 0.255087 3.95655
      vertex -2.43442 0.170231 3.95655
    endloop
  endfacet
  facet normal -0.0238059 -0.025529 0.999391
    outer loop
      vertex 0.339457 0.351518 3.85426
      vertex 0.980548 1.08901 3.88837
      vertex 0.326982 0.363151 3.85426
    endloop
  endfacet
  facet normal -0.00608375 0.0695061 0.997563
    outer loop
      vertex 0.255087 -2.42699 3.95655
      vertex 0.153176 -1.45738 3.88837
      vertex 0.102221 -1.46184 3.88837
    endloop
  endfacet
  facet normal 0.0692524 0.00849814 0.997563
    outer loop
      vertex -1.45115 -0.203945 3.88837
      vertex -1.45738 -0.153176 3.88837
      vertex -2.42699 -0.255087 3.95655
    endloop
  endfacet
  facet normal 0.0285929 0.0200223 0.999391
    outer loop
      vertex -1.18554 -0.861344 3.88837
      vertex -0.39534 -0.287231 3.85426
      vertex -1.21488 -0.819445 3.88837
    endloop
  endfacet
  facet normal -0.00546163 0.104402 0.99452
    outer loop
      vertex 0.119088 -3.41026 4.05871
      vertex 0.170231 -2.43442 3.95655
      vertex 0.0851669 -2.43887 3.95655
    endloop
  endfacet
  facet normal 0.0180535 0.0673957 0.997563
    outer loop
      vertex -0.590376 -2.36787 3.95655
      vertex -0.354513 -1.42188 3.88837
      vertex -0.672654 -2.34583 3.95655
    endloop
  endfacet
  facet normal 0.0109106 0.0689129 0.997563
    outer loop
      vertex -0.339632 -2.41661 3.95655
      vertex -0.254465 -1.44314 3.88837
      vertex -0.423763 -2.40329 3.95655
    endloop
  endfacet
  facet normal 0.0200223 -0.0285929 0.999391
    outer loop
      vertex -0.287231 0.39534 3.85426
      vertex -0.819445 1.21488 3.88837
      vertex -0.861344 1.18554 3.88837
    endloop
  endfacet
  facet normal -0.00903533 0.0337167 0.999391
    outer loop
      vertex 0.354513 -1.42188 3.88837
      vertex 0.40392 -1.40864 3.88837
      vertex 0.134694 -0.469737 3.85426
    endloop
  endfacet
  facet normal -0.00784833 -0.0340126 0.999391
    outer loop
      vertex 0.354513 1.42188 3.88837
      vertex 0.304675 1.43338 3.88837
      vertex 0.118218 0.474152 3.85426
    endloop
  endfacet
  facet normal -0.0305299 0.0169226 0.999391
    outer loop
      vertex 1.26908 -0.732703 3.88837
      vertex 0.431467 -0.229415 3.85426
      vertex 0.423198 -0.244333 3.85426
    endloop
  endfacet
  facet normal 0.0238059 0.025529 0.999391
    outer loop
      vertex -0.326982 -0.363151 3.85426
      vertex -0.339457 -0.351518 3.85426
      vertex -0.980548 -1.08901 3.88837
    endloop
  endfacet
  facet normal 0.0270606 0.100982 0.99452
    outer loop
      vertex -0.82552 -3.31098 4.05871
      vertex -0.590376 -2.36787 3.95655
      vertex -0.940568 -3.28015 4.05871
    endloop
  endfacet
  facet normal 0.0235146 0.101866 0.99452
    outer loop
      vertex -0.709465 -3.33777 4.05871
      vertex -0.590376 -2.36787 3.95655
      vertex -0.82552 -3.31098 4.05871
    endloop
  endfacet
  facet normal -0.0311015 0.0158475 0.999391
    outer loop
      vertex 1.29388 -0.687966 3.88837
      vertex 0.439211 -0.214217 3.85426
      vertex 0.431467 -0.229415 3.85426
    endloop
  endfacet
  facet normal 0.0585171 0.0379985 0.997563
    outer loop
      vertex -2.02315 -1.36463 3.95655
      vertex -1.21488 -0.819445 3.88837
      vertex -2.06954 -1.29319 3.95655
    endloop
  endfacet
  facet normal 0.114018 0.0798454 0.990265
    outer loop
      vertex -2.76064 -2.00572 4.05871
      vertex -2.82896 -1.90816 4.05871
      vertex -3.63132 -2.44936 4.19473
    endloop
  endfacet
  facet normal 0.116742 0.0758065 0.990265
    outer loop
      vertex -2.82896 -1.90816 4.05871
      vertex -2.89383 -1.80826 4.05871
      vertex -3.63132 -2.44936 4.19473
    endloop
  endfacet
  facet normal 0.0629135 0.083496 0.99452
    outer loop
      vertex -1.43441 -1.97429 3.95655
      vertex -1.50244 -1.92303 3.95655
      vertex -2.00572 -2.76064 4.05871
    endloop
  endfacet
  facet normal 0.0599643 0.0856387 0.99452
    outer loop
      vertex -1.36463 -2.02315 3.95655
      vertex -1.43441 -1.97429 3.95655
      vertex -2.00572 -2.76064 4.05871
    endloop
  endfacet
  facet normal 0.0984252 0.0984252 0.990265
    outer loop
      vertex -2.45463 -2.37041 4.05871
      vertex -3.04272 -3.15083 4.19473
      vertex -2.37041 -2.45463 4.05871
    endloop
  endfacet
  facet normal 0.0984252 0.0984252 0.990265
    outer loop
      vertex -3.04272 -3.15083 4.19473
      vertex -2.45463 -2.37041 4.05871
      vertex -3.15083 -3.04272 4.19473
    endloop
  endfacet
  facet normal 0.051026 0.0475863 0.997563
    outer loop
      vertex -1.05412 -1.01796 3.88837
      vertex -1.08901 -0.980548 3.88837
      vertex -1.81354 -1.63292 3.95655
    endloop
  endfacet
  facet normal 0.0493358 0.0493358 0.997563
    outer loop
      vertex -1.05412 -1.01796 3.88837
      vertex -1.69522 -1.75545 3.95655
      vertex -1.01796 -1.05412 3.88837
    endloop
  endfacet
  facet normal 0.0493358 0.0493358 0.997563
    outer loop
      vertex -1.69522 -1.75545 3.95655
      vertex -1.05412 -1.01796 3.88837
      vertex -1.75545 -1.69522 3.95655
    endloop
  endfacet
  facet normal 0.0526601 0.0457715 0.997563
    outer loop
      vertex -1.81354 -1.63292 3.95655
      vertex -1.08901 -0.980548 3.88837
      vertex -1.86942 -1.56863 3.95655
    endloop
  endfacet
  facet normal 0.025528 0.0238071 0.999391
    outer loop
      vertex -1.05412 -1.01796 3.88837
      vertex -0.351518 -0.339457 3.85426
      vertex -1.08901 -0.980548 3.88837
    endloop
  endfacet
  facet normal 0.054219 0.0439142 0.997563
    outer loop
      vertex -1.86942 -1.56863 3.95655
      vertex -1.12257 -0.941945 3.88837
      vertex -1.92303 -1.50244 3.95655
    endloop
  endfacet
  facet normal 0.0292778 0.0190071 0.999391
    outer loop
      vertex -1.21488 -0.819445 3.88837
      vertex -0.414412 -0.258954 3.85426
      vertex -1.24273 -0.776546 3.88837
    endloop
  endfacet
  facet normal 0.101801 0.0949294 0.990265
    outer loop
      vertex -2.45463 -2.37041 4.05871
      vertex -2.53586 -2.2833 4.05871
      vertex -3.15083 -3.04272 4.19473
    endloop
  endfacet
  facet normal 0.108174 0.0875989 0.990265
    outer loop
      vertex -3.3554 -2.81552 4.19473
      vertex -2.68896 -2.10085 4.05871
      vertex -3.45162 -2.6967 4.19473
    endloop
  endfacet
  facet normal 0.105051 0.0913206 0.990265
    outer loop
      vertex -3.2551 -2.9309 4.19473
      vertex -2.53586 -2.2833 4.05871
      vertex -3.3554 -2.81552 4.19473
    endloop
  endfacet
  facet normal 0.131068 0.113938 0.984804
    outer loop
      vertex -3.3554 -2.81552 4.19473
      vertex -3.79142 -3.41381 4.32198
      vertex -3.2551 -2.9309 4.19473
    endloop
  endfacet
  facet normal 0.131129 0.113893 0.984801
    outer loop
      vertex -3.79142 -3.41381 4.32198
      vertex -3.3554 -2.81552 4.19473
      vertex -3.82926 -3.40068 4.3255
    endloop
  endfacet
  facet normal 0.0840632 0.151638 0.984855
    outer loop
      vertex -2.19008 -3.79333 4.19473
      vertex -2.06284 -3.87965 4.19716
      vertex -2.05636 -3.86746 4.19473
    endloop
  endfacet
  facet normal 0.0841724 0.151798 0.984821
    outer loop
      vertex -2.06284 -3.87965 4.19716
      vertex -2.19008 -3.79333 4.19473
      vertex -2.20957 -3.84993 4.20512
    endloop
  endfacet
  facet normal 0.0631843 0.12402 0.990266
    outer loop
      vertex -1.602 -3.01292 4.05871
      vertex -1.90531 -3.90647 4.18997
      vertex -1.49587 -3.06699 4.05871
    endloop
  endfacet
  facet normal 0.0632737 0.123989 0.990264
    outer loop
      vertex -1.90531 -3.90647 4.18997
      vertex -1.602 -3.01292 4.05871
      vertex -1.90944 -3.9058 4.19015
    endloop
  endfacet
  facet normal 0.0498579 0.129952 0.990266
    outer loop
      vertex -1.44502 -3.97015 4.17291
      vertex -1.16709 -3.20655 4.05871
      vertex -1.58086 -3.95301 4.1775
    endloop
  endfacet
  facet normal 0.131069 -0.113942 0.984804
    outer loop
      vertex -3.3554 2.81552 4.19473
      vertex -3.97036 3.57493 4.36444
      vertex -4.09271 3.43419 4.36444
    endloop
  endfacet
  facet normal 0.0585209 -0.0379917 0.997563
    outer loop
      vertex -1.24273 0.776546 3.88837
      vertex -1.21488 0.819445 3.88837
      vertex -2.06954 1.29319 3.95655
    endloop
  endfacet
  facet normal 0.0621681 -0.031674 0.997563
    outer loop
      vertex -1.3171 0.642391 3.88837
      vertex -1.29388 0.687966 3.88837
      vertex -2.15471 1.14568 3.95655
    endloop
  endfacet
  facet normal 0.0914349 -0.0506881 0.99452
    outer loop
      vertex -2.15471 1.14568 3.95655
      vertex -2.11341 1.22018 3.95655
      vertex -2.95517 1.70617 4.05871
    endloop
  endfacet
  facet normal 0.114018 -0.0798454 0.990265
    outer loop
      vertex -2.82896 1.90816 4.05871
      vertex -2.76064 2.00572 4.05871
      vertex -3.63132 2.44936 4.19473
    endloop
  endfacet
  facet normal 0.083496 -0.0629135 0.99452
    outer loop
      vertex -1.97429 1.43441 3.95655
      vertex -1.92303 1.50244 3.95655
      vertex -2.76064 2.00572 4.05871
    endloop
  endfacet
  facet normal 0.0610228 -0.0338281 0.997563
    outer loop
      vertex -1.29388 0.687966 3.88837
      vertex -1.26908 0.732703 3.88837
      vertex -2.15471 1.14568 3.95655
    endloop
  endfacet
  facet normal 0.134969 -0.109294 0.984804
    outer loop
      vertex -3.3554 2.81552 4.19473
      vertex -4.09271 3.43419 4.36444
      vertex -4.21007 3.28926 4.36444
    endloop
  endfacet
  facet normal 0.111169 -0.0837654 0.990265
    outer loop
      vertex -2.76064 2.00572 4.05871
      vertex -2.68896 2.10085 4.05871
      vertex -3.45162 2.6967 4.19473
    endloop
  endfacet
  facet normal 0.0984252 -0.0984252 0.990265
    outer loop
      vertex -3.04272 3.15083 4.19473
      vertex -2.45463 2.37041 4.05871
      vertex -2.37041 2.45463 4.05871
    endloop
  endfacet
  facet normal 0.0984252 -0.0984252 0.990265
    outer loop
      vertex -2.45463 2.37041 4.05871
      vertex -3.04272 3.15083 4.19473
      vertex -3.15083 3.04272 4.19473
    endloop
  endfacet
  facet normal 0.101801 -0.0949294 0.990265
    outer loop
      vertex -2.53586 2.2833 4.05871
      vertex -2.45463 2.37041 4.05871
      vertex -3.15083 3.04272 4.19473
    endloop
  endfacet
  facet normal 0.091327 -0.105046 0.990265
    outer loop
      vertex -2.2833 2.53586 4.05871
      vertex -2.19341 2.61401 4.05871
      vertex -2.81552 3.3554 4.19473
    endloop
  endfacet
  facet normal 0.0685927 -0.078897 0.99452
    outer loop
      vertex -1.63292 1.81354 3.95655
      vertex -2.19341 2.61401 4.05871
      vertex -2.2833 2.53586 4.05871
    endloop
  endfacet
  facet normal -0.241918 0.00421847 0.970287
    outer loop
      vertex 6.29863 0 4.56764
      vertex 6.41299 -0.192529 4.59699
      vertex 6.41366 0 4.59632
    endloop
  endfacet
  facet normal -0.241906 0.00422586 0.97029
    outer loop
      vertex 6.41299 -0.192529 4.59699
      vertex 6.29863 0 4.56764
      vertex 6.29479 -0.219818 4.56764
    endloop
  endfacet
  facet normal -0.241918 -0.00421847 0.970287
    outer loop
      vertex 6.41299 0.192529 4.59699
      vertex 6.29863 0 4.56764
      vertex 6.41366 0 4.59632
    endloop
  endfacet
  facet normal -0.241906 -0.00422586 0.97029
    outer loop
      vertex 6.29863 0 4.56764
      vertex 6.41299 0.192529 4.59699
      vertex 6.29479 0.219818 4.56764
    endloop
  endfacet
  facet normal -0.188035 -0.15227 0.970287
    outer loop
      vertex 5.71066 4.46166 4.80408
      vertex 5.55147 4.65824 4.80408
      vertex 4.96339 3.87782 4.56764
    endloop
  endfacet
  facet normal -0.188037 -0.152269 0.970287
    outer loop
      vertex 4.96339 3.87782 4.56764
      vertex 5.55147 4.65824 4.80408
      vertex 4.82503 4.04868 4.56764
    endloop
  endfacet
  facet normal -0.165013 -0.17696 0.970287
    outer loop
      vertex 5.03414 5.21301 4.80408
      vertex 4.84914 5.38552 4.80408
      vertex 4.21461 4.68079 4.56764
    endloop
  endfacet
  facet normal -0.187987 -0.201633 0.961252
    outer loop
      vertex 4.84914 5.38552 4.80408
      vertex 5.37326 5.87856 5.01
      vertex 5.32967 5.9192 5.01
    endloop
  endfacet
  facet normal -0.188004 -0.201616 0.961252
    outer loop
      vertex 5.37326 5.87856 5.01
      vertex 4.84914 5.38552 4.80408
      vertex 5.03414 5.21301 4.80408
    endloop
  endfacet
  facet normal 0.0474582 0.0931522 0.99452
    outer loop
      vertex -1.49587 -3.06699 4.05871
      vertex -1.06978 -2.19338 3.95655
      vertex -1.602 -3.01292 4.05871
    endloop
  endfacet
  facet normal 0.0441841 0.0947491 0.99452
    outer loop
      vertex -1.38792 -3.11733 4.05871
      vertex -1.06978 -2.19338 3.95655
      vertex -1.49587 -3.06699 4.05871
    endloop
  endfacet
  facet normal 0.0506894 0.091434 0.99452
    outer loop
      vertex -1.602 -3.01292 4.05871
      vertex -1.14568 -2.15471 3.95655
      vertex -1.70617 -2.95517 4.05871
    endloop
  endfacet
  facet normal 0.0506881 0.0914349 0.99452
    outer loop
      vertex -1.14568 -2.15471 3.95655
      vertex -1.22018 -2.11341 3.95655
      vertex -1.70617 -2.95517 4.05871
    endloop
  endfacet
  facet normal 0.0374699 0.0975998 0.99452
    outer loop
      vertex -0.834652 -2.29319 3.95655
      vertex -0.914175 -2.26266 3.95655
      vertex -1.16709 -3.20655 4.05871
    endloop
  endfacet
  facet normal 0.0250067 0.0651363 0.997563
    outer loop
      vertex -0.834652 -2.29319 3.95655
      vertex -0.501198 -1.37703 3.88837
      vertex -0.914175 -2.26266 3.95655
    endloop
  endfacet
  facet normal 0.1661 0.125164 0.978133
    outer loop
      vertex -4.24372 -3.24461 4.36444
      vertex -4.3223 -3.14033 4.36444
      vertex -4.36362 -3.18787 4.37754
    endloop
  endfacet
  facet normal 0.170414 0.119109 0.978147
    outer loop
      vertex -4.37822 -3.18096 4.37913
      vertex -4.3223 -3.14033 4.36444
      vertex -4.39662 -3.17188 4.38123
    endloop
  endfacet
  facet normal 0.181873 0.10081 0.978141
    outer loop
      vertex -4.71728 -2.50822 4.36444
      vertex -5.08639 -2.81181 4.46436
      vertex -4.62687 -2.67133 4.36444
    endloop
  endfacet
  facet normal 0.181842 0.100848 0.978143
    outer loop
      vertex -5.08639 -2.81181 4.46436
      vertex -4.71728 -2.50822 4.36444
      vertex -5.18499 -2.75691 4.47703
    endloop
  endfacet
  facet normal 0.174383 0.113265 0.978142
    outer loop
      vertex -4.71265 -3.013 4.41791
      vertex -4.53083 -2.83117 4.36444
      vertex -4.77253 -2.98221 4.42502
    endloop
  endfacet
  facet normal 0.228732 0.0788208 0.970293
    outer loop
      vertex -6.16786 -2.06166 4.61885
      vertex -5.99035 -1.94638 4.56764
      vertex -6.21665 -2.01991 4.62696
    endloop
  endfacet
  facet normal 0.228777 0.0787646 0.970287
    outer loop
      vertex -5.99035 -1.94638 4.56764
      vertex -6.0176 -2.19023 4.59386
      vertex -5.91878 -2.15426 4.56764
    endloop
  endfacet
  facet normal 0.228767 0.078766 0.970289
    outer loop
      vertex -6.0176 -2.19023 4.59386
      vertex -5.99035 -1.94638 4.56764
      vertex -6.16786 -2.06166 4.61885
    endloop
  endfacet
  facet normal 0.233735 0.0625385 0.970287
    outer loop
      vertex -6.37066 -1.66741 4.63932
      vertex -6.11153 -1.52378 4.56764
      vertex -6.37472 -1.5894 4.63527
    endloop
  endfacet
  facet normal 0.237495 0.0461652 0.970291
    outer loop
      vertex -6.20294 -1.09375 4.56764
      vertex -6.38747 -1.29769 4.62251
      vertex -6.16099 -1.30956 4.56764
    endloop
  endfacet
  facet normal 0.23748 0.04618 0.970294
    outer loop
      vertex -6.38747 -1.29769 4.62251
      vertex -6.20294 -1.09375 4.56764
      vertex -6.39398 -1.12743 4.616
    endloop
  endfacet
  facet normal 0.204121 0.0396779 0.978141
    outer loop
      vertex -6.16099 -1.30956 4.56764
      vertex -5.2259 -1.1108 4.36444
      vertex -6.20294 -1.09375 4.56764
    endloop
  endfacet
  facet normal 0.204121 0.0396738 0.978141
    outer loop
      vertex -5.2259 -1.1108 4.36444
      vertex -5.26148 -0.927741 4.36444
      vertex -6.20294 -1.09375 4.56764
    endloop
  endfacet
  facet normal 0.0659713 -0.022712 0.997563
    outer loop
      vertex -1.39368 0.452835 3.88837
      vertex -1.37703 0.501198 3.88837
      vertex -2.32092 0.754112 3.95655
    endloop
  endfacet
  facet normal 0.0651363 -0.0250067 0.997563
    outer loop
      vertex -1.37703 0.501198 3.88837
      vertex -2.26266 0.914175 3.95655
      vertex -2.29319 0.834652 3.95655
    endloop
  endfacet
  facet normal 0.0667209 -0.0204057 0.997563
    outer loop
      vertex -1.40864 0.40392 3.88837
      vertex -1.39368 0.452835 3.88837
      vertex -2.34583 0.672654 3.95655
    endloop
  endfacet
  facet normal 0.136638 -0.0265574 0.990265
    outer loop
      vertex -3.3605 0.592546 4.05871
      vertex -4.28445 0.910687 4.19473
      vertex -4.31362 0.760607 4.19473
    endloop
  endfacet
  facet normal 0.137481 -0.0217776 0.990265
    outer loop
      vertex -3.3605 0.592546 4.05871
      vertex -4.31362 0.760607 4.19473
      vertex -4.33754 0.609601 4.19473
    endloop
  endfacet
  facet normal 0.173431 -0.00909868 0.984804
    outer loop
      vertex -4.3775 0.152865 4.19473
      vertex -4.36949 0.305545 4.19473
      vertex -5.32964 0.372684 4.36444
    endloop
  endfacet
  facet normal 0.173009 -0.0151427 0.984804
    outer loop
      vertex -4.36949 0.305545 4.19473
      vertex -5.31338 0.558458 4.36444
      vertex -5.32964 0.372684 4.36444
    endloop
  endfacet
  facet normal 0.240144 -0.0294823 0.970289
    outer loop
      vertex -6.40216 0.85636 4.60782
      vertex -6.26412 0.658385 4.56764
      vertex -6.23733 0.876599 4.56764
    endloop
  endfacet
  facet normal 0.24012 -0.0295001 0.970295
    outer loop
      vertex -6.26412 0.658385 4.56764
      vertex -6.40216 0.85636 4.60782
      vertex -6.40662 0.673362 4.60336
    endloop
  endfacet
  facet normal 0.238953 -0.0378222 0.970294
    outer loop
      vertex -6.39967 0.94551 4.61031
      vertex -6.20294 1.09375 4.56764
      vertex -6.39398 1.12743 4.616
    endloop
  endfacet
  facet normal 0.238969 -0.0378454 0.970289
    outer loop
      vertex -6.20294 1.09375 4.56764
      vertex -6.39967 0.94551 4.61031
      vertex -6.23733 0.876599 4.56764
    endloop
  endfacet
  facet normal 0.104147 -0.00911088 0.99452
    outer loop
      vertex -2.43442 0.170231 3.95655
      vertex -3.39365 0.356687 4.05871
      vertex -3.40403 0.238032 4.05871
    endloop
  endfacet
  facet normal 0.104402 -0.00546834 0.99452
    outer loop
      vertex -2.43442 0.170231 3.95655
      vertex -3.40403 0.238032 4.05871
      vertex -3.41026 0.119088 4.05871
    endloop
  endfacet
  facet normal 0.0642262 0.0272606 0.997563
    outer loop
      vertex -2.22938 -0.992583 3.95655
      vertex -1.33872 -0.596034 3.88837
      vertex -2.26266 -0.914175 3.95655
    endloop
  endfacet
  facet normal 0.0651363 0.0250067 0.997563
    outer loop
      vertex -2.26266 -0.914175 3.95655
      vertex -1.37703 -0.501198 3.88837
      vertex -2.29319 -0.834652 3.95655
    endloop
  endfacet
  facet normal 0.00784833 -0.0340126 0.999391
    outer loop
      vertex -0.118218 0.474152 3.85426
      vertex -0.304675 1.43338 3.88837
      vertex -0.354513 1.42188 3.88837
    endloop
  endfacet
  facet normal -0.0113628 -0.0330053 0.999391
    outer loop
      vertex 0.501198 1.37703 3.88837
      vertex 0.452835 1.39368 3.88837
      vertex 0.167133 0.459197 3.85426
    endloop
  endfacet
  facet normal 0.135627 0.0313092 0.990265
    outer loop
      vertex -4.25006 -1.05966 4.19473
      vertex -3.33777 -0.709465 4.05871
      vertex -4.28445 -0.910687 4.19473
    endloop
  endfacet
  facet normal 0.202612 0.0467799 0.978141
    outer loop
      vertex -6.11153 -1.52378 4.56764
      vertex -5.2259 -1.1108 4.36444
      vertex -6.16099 -1.30956 4.56764
    endloop
  endfacet
  facet normal 0.172378 0.0211591 0.984804
    outer loop
      vertex -5.29066 -0.743553 4.36444
      vertex -4.35617 -0.457851 4.19473
      vertex -5.31338 -0.558458 4.36444
    endloop
  endfacet
  facet normal 0.138158 0.0169614 0.990265
    outer loop
      vertex -4.33754 -0.609601 4.19473
      vertex -3.39365 -0.356687 4.05871
      vertex -4.35617 -0.457851 4.19473
    endloop
  endfacet
  facet normal 0.225837 0.0866997 0.970299
    outer loop
      vertex -5.85319 -2.32511 4.56764
      vertex -5.91878 -2.15426 4.56764
      vertex -5.99575 -2.20815 4.59037
    endloop
  endfacet
  facet normal 0.196613 0.0676972 0.978141
    outer loop
      vertex -5.02045 -1.82729 4.36444
      vertex -5.08116 -1.65097 4.36444
      vertex -5.91878 -2.15426 4.56764
    endloop
  endfacet
  facet normal 0.159865 0.0678626 0.984804
    outer loop
      vertex -4.00148 -1.78157 4.19473
      vertex -4.06122 -1.64084 4.19473
      vertex -4.88075 -2.17305 4.36444
    endloop
  endfacet
  facet normal 0.119315 0.071689 0.990265
    outer loop
      vertex -3.71459 -2.32113 4.19473
      vertex -2.95517 -1.70617 4.05871
      vertex -3.79333 -2.19008 4.19473
    endloop
  endfacet
  facet normal 0.185286 0.0943703 0.978143
    outer loop
      vertex -5.18499 -2.75691 4.47703
      vertex -4.71728 -2.50822 4.36444
      vertex -5.33072 -2.67259 4.4965
    endloop
  endfacet
  facet normal 0.0931522 0.0474582 0.99452
    outer loop
      vertex -3.01292 -1.602 4.05871
      vertex -2.19338 -1.06978 3.95655
      vertex -3.06699 -1.49587 4.05871
    endloop
  endfacet
  facet normal 0.096232 0.0408523 0.99452
    outer loop
      vertex -3.11733 -1.38792 4.05871
      vertex -2.26266 -0.914175 3.95655
      vertex -3.16387 -1.27829 4.05871
    endloop
  endfacet
  facet normal 0.135628 0.0313082 0.990265
    outer loop
      vertex -3.31098 -0.82552 4.05871
      vertex -3.33777 -0.709465 4.05871
      vertex -4.25006 -1.05966 4.19473
    endloop
  endfacet
  facet normal 0.100985 0.0270512 0.99452
    outer loop
      vertex -2.34583 -0.672654 3.95655
      vertex -2.36787 -0.590376 3.95655
      vertex -3.28015 -0.940568 4.05871
    endloop
  endfacet
  facet normal 0.181883 0.100776 0.978142
    outer loop
      vertex -4.97634 -2.87309 4.45021
      vertex -4.62687 -2.67133 4.36444
      vertex -5.08639 -2.81181 4.46436
    endloop
  endfacet
  facet normal 0.157402 0.0733969 0.984803
    outer loop
      vertex -4.80194 -2.34206 4.36444
      vertex -3.93687 -1.92014 4.19473
      vertex -4.88075 -2.17305 4.36444
    endloop
  endfacet
  facet normal 0.198856 -0.0607995 0.978141
    outer loop
      vertex -5.13569 1.47263 4.36444
      vertex -5.99035 1.94638 4.56764
      vertex -6.05463 1.73614 4.56764
    endloop
  endfacet
  facet normal 0.200858 -0.0538182 0.978141
    outer loop
      vertex -5.13569 1.47263 4.36444
      vertex -6.05463 1.73614 4.56764
      vertex -6.11153 1.52378 4.56764
    endloop
  endfacet
  facet normal 0.0712963 -0.0764634 0.99452
    outer loop
      vertex -1.69522 1.75545 3.95655
      vertex -1.63292 1.81354 3.95655
      vertex -2.37041 2.45463 4.05871
    endloop
  endfacet
  facet normal 0.0457771 -0.0526559 0.997563
    outer loop
      vertex -0.980548 1.08901 3.88837
      vertex -0.941945 1.12257 3.88837
      vertex -1.56863 1.86942 3.95655
    endloop
  endfacet
  facet normal 0.0457715 -0.0526601 0.997563
    outer loop
      vertex -0.980548 1.08901 3.88837
      vertex -1.56863 1.86942 3.95655
      vertex -1.63292 1.81354 3.95655
    endloop
  endfacet
  facet normal 0.0211591 -0.172378 0.984804
    outer loop
      vertex -0.457851 4.35617 4.19473
      vertex -0.558458 5.31338 4.36444
      vertex -0.743553 5.29066 4.36444
    endloop
  endfacet
  facet normal 0.0325264 -0.205384 0.978141
    outer loop
      vertex -0.743553 5.29066 4.36444
      vertex -0.876599 6.23733 4.56764
      vertex -1.09375 6.20294 4.56764
    endloop
  endfacet
  facet normal 0.0293814 -0.240133 0.970295
    outer loop
      vertex -0.876599 6.23733 4.56764
      vertex -0.85636 6.40216 4.60782
      vertex -0.899617 6.40111 4.60887
    endloop
  endfacet
  facet normal 0.0295001 -0.24012 0.970295
    outer loop
      vertex -0.85636 6.40216 4.60782
      vertex -0.658385 6.26412 4.56764
      vertex -0.673362 6.40662 4.60336
    endloop
  endfacet
  facet normal 0.0294823 -0.240144 0.970289
    outer loop
      vertex -0.658385 6.26412 4.56764
      vertex -0.85636 6.40216 4.60782
      vertex -0.876599 6.23733 4.56764
    endloop
  endfacet
  facet normal 0.00362399 -0.207912 0.978141
    outer loop
      vertex -0.186456 5.3394 4.36444
      vertex 0 5.34265 4.36444
      vertex -0.219818 6.29479 4.56764
    endloop
  endfacet
  facet normal 0.0108771 -0.207659 0.978141
    outer loop
      vertex -0.186456 5.3394 4.36444
      vertex -0.219818 6.29479 4.56764
      vertex -0.43937 6.28329 4.56764
    endloop
  endfacet
  facet normal 0.0125853 -0.241598 0.970295
    outer loop
      vertex -0.43937 6.28329 4.56764
      vertex -0.414566 6.41089 4.59909
      vertex -0.448269 6.41054 4.59944
    endloop
  endfacet
  facet normal -0.0211624 -0.172377 0.984804
    outer loop
      vertex 0.609601 4.33754 4.19473
      vertex 0.743553 5.29066 4.36444
      vertex 0.457851 4.35617 4.19473
    endloop
  endfacet
  facet normal -0.0211591 -0.172378 0.984804
    outer loop
      vertex 0.743553 5.29066 4.36444
      vertex 0.558458 5.31338 4.36444
      vertex 0.457851 4.35617 4.19473
    endloop
  endfacet
  facet normal -0.0108831 -0.207657 0.978141
    outer loop
      vertex 0.372684 5.32964 4.36444
      vertex 0.43937 6.28329 4.56764
      vertex 0.186456 5.3394 4.36444
    endloop
  endfacet
  facet normal -0.0108771 -0.207659 0.978141
    outer loop
      vertex 0.43937 6.28329 4.56764
      vertex 0.219818 6.29479 4.56764
      vertex 0.186456 5.3394 4.36444
    endloop
  endfacet
  facet normal -0.0293814 -0.240133 0.970295
    outer loop
      vertex 0.876599 6.23733 4.56764
      vertex 0.899617 6.40111 4.60887
      vertex 0.85636 6.40216 4.60782
    endloop
  endfacet
  facet normal -0.0379423 -0.23893 0.970295
    outer loop
      vertex 0.94551 6.39967 4.61031
      vertex 0.899617 6.40111 4.60887
      vertex 0.876599 6.23733 4.56764
    endloop
  endfacet
  facet normal -0.021218 -0.240994 0.970295
    outer loop
      vertex 0.482979 6.40994 4.60005
      vertex 0.448269 6.41054 4.59944
      vertex 0.43937 6.28329 4.56764
    endloop
  endfacet
  facet normal -0.0126516 -0.241617 0.970289
    outer loop
      vertex 0.219818 6.29479 4.56764
      vertex 0.414566 6.41089 4.59909
      vertex 0.223942 6.41288 4.5971
    endloop
  endfacet
  facet normal -0.0126554 -0.241611 0.970291
    outer loop
      vertex 0.414566 6.41089 4.59909
      vertex 0.219818 6.29479 4.56764
      vertex 0.43937 6.28329 4.56764
    endloop
  endfacet
  facet normal 0.00421847 -0.241918 0.970287
    outer loop
      vertex -0.192529 6.41299 4.59699
      vertex 0 6.29863 4.56764
      vertex 0 6.41366 4.59632
    endloop
  endfacet
  facet normal 0.00422586 -0.241906 0.97029
    outer loop
      vertex 0 6.29863 4.56764
      vertex -0.192529 6.41299 4.59699
      vertex -0.219818 6.29479 4.56764
    endloop
  endfacet
  facet normal 0.0042448 -0.241911 0.970289
    outer loop
      vertex -0.219818 6.29479 4.56764
      vertex -0.192529 6.41299 4.59699
      vertex -0.223942 6.41288 4.5971
    endloop
  endfacet
  facet normal -0.0538182 -0.200858 0.978141
    outer loop
      vertex 1.73614 6.05463 4.56764
      vertex 1.52378 6.11153 4.56764
      vertex 1.47263 5.13569 4.36444
    endloop
  endfacet
  facet normal -0.0626494 -0.2337 0.970288
    outer loop
      vertex 1.66741 6.37066 4.63932
      vertex 1.73614 6.05463 4.56764
      vertex 1.82442 6.36249 4.64749
    endloop
  endfacet
  facet normal -0.0626161 -0.233693 0.970292
    outer loop
      vertex 1.73614 6.05463 4.56764
      vertex 1.66741 6.37066 4.63932
      vertex 1.52378 6.11153 4.56764
    endloop
  endfacet
  facet normal 0.104402 -0.00546163 0.99452
    outer loop
      vertex -2.43887 0.0851669 3.95655
      vertex -2.43442 0.170231 3.95655
      vertex -3.41026 0.119088 4.05871
    endloop
  endfacet
  facet normal 0.139173 -0.00243081 0.990265
    outer loop
      vertex -3.41234 0 4.05871
      vertex -3.41026 0.119088 4.05871
      vertex -4.3775 0.152865 4.19473
    endloop
  endfacet
  facet normal 0.173012 0.0151308 0.984804
    outer loop
      vertex -4.35617 -0.457851 4.19473
      vertex -4.36949 -0.305545 4.19473
      vertex -5.31338 -0.558458 4.36444
    endloop
  endfacet
  facet normal 0.104147 0.00911088 0.99452
    outer loop
      vertex -3.39365 -0.356687 4.05871
      vertex -2.43442 -0.170231 3.95655
      vertex -3.40403 -0.238032 4.05871
    endloop
  endfacet
  facet normal -0.00903493 -0.0337167 0.999391
    outer loop
      vertex 0.134694 0.469737 3.85426
      vertex 0.354513 1.42188 3.88837
      vertex 0.118218 0.474152 3.85426
    endloop
  endfacet
  facet normal 0.0333802 -0.0102089 0.999391
    outer loop
      vertex -0.46475 0.151006 3.85426
      vertex -1.39368 0.452835 3.88837
      vertex -1.40864 0.40392 3.88837
    endloop
  endfacet
  facet normal -0.0330053 0.0113628 0.999391
    outer loop
      vertex 1.37703 -0.501198 3.88837
      vertex 1.39368 -0.452835 3.88837
      vertex 0.459197 -0.167133 3.85426
    endloop
  endfacet
  facet normal -0.0346463 -0.00425261 0.999391
    outer loop
      vertex 0.48599 0.0510788 3.85426
      vertex 1.45738 0.153176 3.88837
      vertex 0.483912 0.0680084 3.85426
    endloop
  endfacet
  facet normal -0.0344765 0.00546177 0.999391
    outer loop
      vertex 1.44314 -0.254465 3.88837
      vertex 0.483912 -0.0680084 3.85426
      vertex 0.481243 -0.084856 3.85426
    endloop
  endfacet
  facet normal -0.00911903 -0.104146 0.99452
    outer loop
      vertex 0.255087 2.42699 3.95655
      vertex 0.356687 3.39365 4.05871
      vertex 0.170231 2.43442 3.95655
    endloop
  endfacet
  facet normal -0.0127398 -0.103765 0.99452
    outer loop
      vertex 0.339632 2.41661 3.95655
      vertex 0.356687 3.39365 4.05871
      vertex 0.255087 2.42699 3.95655
    endloop
  endfacet
  facet normal -0.0299198 0.0179793 0.999391
    outer loop
      vertex 1.26908 -0.732703 3.88837
      vertex 0.423198 -0.244333 3.85426
      vertex 0.414412 -0.258954 3.85426
    endloop
  endfacet
  facet normal 0.0263431 -0.0229017 0.999391
    outer loop
      vertex -0.363151 0.326982 3.85426
      vertex -1.08901 0.980548 3.88837
      vertex -1.12257 0.941945 3.88837
    endloop
  endfacet
  facet normal -0.00182749 -0.0348586 0.999391
    outer loop
      vertex 0.0340872 0.487476 3.85426
      vertex 0.0511417 1.46451 3.88837
      vertex 0.0170536 0.488369 3.85426
    endloop
  endfacet
  facet normal -0.0292778 -0.0190071 0.999391
    outer loop
      vertex 1.24273 0.776546 3.88837
      vertex 1.21488 0.819445 3.88837
      vertex 0.414412 0.258954 3.85426
    endloop
  endfacet
  facet normal -0.0837697 -0.111165 0.990265
    outer loop
      vertex 2.6967 3.45162 4.19473
      vertex 2.5746 3.54363 4.19473
      vertex 2.00572 2.76064 4.05871
    endloop
  endfacet
  facet normal -0.0837654 -0.111169 0.990265
    outer loop
      vertex 2.10085 2.68896 4.05871
      vertex 2.6967 3.45162 4.19473
      vertex 2.00572 2.76064 4.05871
    endloop
  endfacet
  facet normal -0.0712963 -0.0764634 0.99452
    outer loop
      vertex 1.69522 1.75545 3.95655
      vertex 2.37041 2.45463 4.05871
      vertex 1.63292 1.81354 3.95655
    endloop
  endfacet
  facet normal -0.078897 -0.0685927 0.99452
    outer loop
      vertex 2.61401 2.19341 4.05871
      vertex 2.53586 2.2833 4.05871
      vertex 1.81354 1.63292 3.95655
    endloop
  endfacet
  facet normal -0.0526601 -0.0457715 0.997563
    outer loop
      vertex 1.86942 1.56863 3.95655
      vertex 1.81354 1.63292 3.95655
      vertex 1.08901 0.980548 3.88837
    endloop
  endfacet
  facet normal -0.0510299 -0.0475815 0.997563
    outer loop
      vertex 1.81354 1.63292 3.95655
      vertex 1.75545 1.69522 3.95655
      vertex 1.05412 1.01796 3.88837
    endloop
  endfacet
  facet normal -0.0764634 -0.0712963 0.99452
    outer loop
      vertex 1.81354 1.63292 3.95655
      vertex 2.45463 2.37041 4.05871
      vertex 1.75545 1.69522 3.95655
    endloop
  endfacet
  facet normal -0.0834958 -0.0629137 0.99452
    outer loop
      vertex 2.76064 2.00572 4.05871
      vertex 2.68896 2.10085 4.05871
      vertex 1.92303 1.50244 3.95655
    endloop
  endfacet
  facet normal -0.0812407 -0.0658002 0.99452
    outer loop
      vertex 1.92303 1.50244 3.95655
      vertex 2.68896 2.10085 4.05871
      vertex 1.86942 1.56863 3.95655
    endloop
  endfacet
  facet normal 0.0348586 -0.00182749 0.999391
    outer loop
      vertex -0.488369 0.0170536 3.85426
      vertex -0.487476 0.0340872 3.85426
      vertex -1.46451 0.0511417 3.88837
    endloop
  endfacet
  facet normal 0.0571524 0.0400213 0.997563
    outer loop
      vertex -1.18554 -0.861344 3.88837
      vertex -1.21488 -0.819445 3.88837
      vertex -1.97429 -1.43441 3.95655
    endloop
  endfacet
  facet normal 0.00666143 -0.0342649 0.999391
    outer loop
      vertex -0.101599 0.477988 3.85426
      vertex -0.084856 0.481243 3.85426
      vertex -0.304675 1.43338 3.88837
    endloop
  endfacet
  facet normal -0.032588 0.0125093 0.999391
    outer loop
      vertex 1.3587 -0.54895 3.88837
      vertex 0.459197 -0.167133 3.85426
      vertex 0.453084 -0.183058 3.85426
    endloop
  endfacet
  facet normal -0.0147526 0.0316356 0.999391
    outer loop
      vertex 0.642391 -1.3171 3.88837
      vertex 0.214217 -0.439211 3.85426
      vertex 0.198758 -0.44642 3.85426
    endloop
  endfacet
  facet normal -0.204121 -0.0396779 0.978141
    outer loop
      vertex 6.20294 1.09375 4.56764
      vertex 6.16099 1.30956 4.56764
      vertex 5.2259 1.1108 4.36444
    endloop
  endfacet
  facet normal -0.202612 -0.0467799 0.978141
    outer loop
      vertex 6.16099 1.30956 4.56764
      vertex 6.11153 1.52378 4.56764
      vertex 5.2259 1.1108 4.36444
    endloop
  endfacet
  facet normal -0.240133 0.0293814 0.970295
    outer loop
      vertex 6.40111 -0.899617 4.60887
      vertex 6.40216 -0.85636 4.60782
      vertex 6.23733 -0.876599 4.56764
    endloop
  endfacet
  facet normal -0.207151 0.0181315 0.978141
    outer loop
      vertex 6.26412 -0.658385 4.56764
      vertex 6.28329 -0.43937 4.56764
      vertex 5.31338 -0.558458 4.36444
    endloop
  endfacet
  facet normal -0.241006 -0.0210723 0.970295
    outer loop
      vertex 6.26412 0.658385 4.56764
      vertex 6.40994 0.482979 4.60005
      vertex 6.40662 0.673362 4.60336
    endloop
  endfacet
  facet normal -0.241034 -0.0210973 0.970287
    outer loop
      vertex 6.40994 0.482979 4.60005
      vertex 6.26412 0.658385 4.56764
      vertex 6.28329 0.43937 4.56764
    endloop
  endfacet
  facet normal -0.240994 -0.021218 0.970295
    outer loop
      vertex 6.41054 0.448269 4.59944
      vertex 6.40994 0.482979 4.60005
      vertex 6.28329 0.43937 4.56764
    endloop
  endfacet
  facet normal -0.171533 0.0271751 0.984804
    outer loop
      vertex 5.26148 -0.927741 4.36444
      vertex 5.29066 -0.743553 4.36444
      vertex 4.31362 -0.760607 4.19473
    endloop
  endfacet
  facet normal -0.20538 0.0325373 0.978141
    outer loop
      vertex 6.20294 -1.09375 4.56764
      vertex 5.29066 -0.743553 4.36444
      vertex 5.26148 -0.927741 4.36444
    endloop
  endfacet
  facet normal -0.171533 -0.0271751 0.984804
    outer loop
      vertex 5.29066 0.743553 4.36444
      vertex 5.26148 0.927741 4.36444
      vertex 4.31362 0.760607 4.19473
    endloop
  endfacet
  facet normal -0.171533 -0.0271715 0.984804
    outer loop
      vertex 4.33754 0.609601 4.19473
      vertex 5.29066 0.743553 4.36444
      vertex 4.31362 0.760607 4.19473
    endloop
  endfacet
  facet normal -0.156932 -0.136426 0.978141
    outer loop
      vertex 4.09271 3.43419 4.36444
      vertex 4.68079 4.21461 4.56764
      vertex 3.97036 3.57493 4.36444
    endloop
  endfacet
  facet normal -0.156937 -0.136422 0.978141
    outer loop
      vertex 4.82503 4.04868 4.56764
      vertex 4.68079 4.21461 4.56764
      vertex 4.09271 3.43419 4.36444
    endloop
  endfacet
  facet normal -0.207659 -0.0108771 0.978141
    outer loop
      vertex 6.29479 0.219818 4.56764
      vertex 6.28329 0.43937 4.56764
      vertex 5.3394 0.186456 4.36444
    endloop
  endfacet
  facet normal -0.173012 -0.0151308 0.984804
    outer loop
      vertex 4.36949 0.305545 4.19473
      vertex 5.31338 0.558458 4.36444
      vertex 4.35617 0.457851 4.19473
    endloop
  endfacet
  facet normal -0.196616 0.067692 0.978141
    outer loop
      vertex 5.91878 -2.15426 4.56764
      vertex 5.99035 -1.94638 4.56764
      vertex 5.08116 -1.65097 4.36444
    endloop
  endfacet
  facet normal -0.194188 0.0745494 0.978128
    outer loop
      vertex 5.91878 -2.15426 4.56764
      vertex 5.81827 -2.35073 4.56266
      vertex 5.85319 -2.32511 4.56764
    endloop
  endfacet
  facet normal -0.19413 0.0745196 0.978141
    outer loop
      vertex 5.81827 -2.35073 4.56266
      vertex 5.91878 -2.15426 4.56764
      vertex 4.95362 -2.00139 4.36444
    endloop
  endfacet
  facet normal -0.0962351 0.0408467 0.99452
    outer loop
      vertex 3.11733 -1.38792 4.05871
      vertex 2.26266 -0.914175 3.95655
      vertex 2.22938 -0.992583 3.95655
    endloop
  endfacet
  facet normal -0.0685927 0.078897 0.99452
    outer loop
      vertex 2.19341 -2.61401 4.05871
      vertex 2.2833 -2.53586 4.05871
      vertex 1.63292 -1.81354 3.95655
    endloop
  endfacet
  facet normal -0.0812475 0.0657898 0.99452
    outer loop
      vertex 2.61401 -2.19341 4.05871
      vertex 2.68896 -2.10085 4.05871
      vertex 1.86942 -1.56863 3.95655
    endloop
  endfacet
  facet normal -0.0133182 0.0684886 0.997563
    outer loop
      vertex 0.423763 -2.40329 3.95655
      vertex 0.50738 -2.38703 3.95655
      vertex 0.304675 -1.43338 3.88837
    endloop
  endfacet
  facet normal -0.0156943 0.0679836 0.997563
    outer loop
      vertex 0.50738 -2.38703 3.95655
      vertex 0.590376 -2.36787 3.95655
      vertex 0.304675 -1.43338 3.88837
    endloop
  endfacet
  facet normal 0.00608375 0.0695061 0.997563
    outer loop
      vertex -0.102221 -1.46184 3.88837
      vertex -0.153176 -1.45738 3.88837
      vertex -0.255087 -2.42699 3.95655
    endloop
  endfacet
  facet normal 0.00608593 0.0695058 0.997563
    outer loop
      vertex -0.170231 -2.43442 3.95655
      vertex -0.102221 -1.46184 3.88837
      vertex -0.255087 -2.42699 3.95655
    endloop
  endfacet
  facet normal 0.00247942 0.139165 0.990266
    outer loop
      vertex 0 -4.05781 4.14942
      vertex 0 -3.41234 4.05871
      vertex -0.102135 -4.0572 4.14959
    endloop
  endfacet
  facet normal 0.0127448 0.103765 0.99452
    outer loop
      vertex -0.356687 -3.39365 4.05871
      vertex -0.339632 -2.41661 3.95655
      vertex -0.474906 -3.37913 4.05871
    endloop
  endfacet
  facet normal 0.0169683 0.138152 0.990266
    outer loop
      vertex -0.474906 -3.37913 4.05871
      vertex -0.531401 -4.04569 4.15267
      vertex -0.356687 -3.39365 4.05871
    endloop
  endfacet
  facet normal 0.0170442 0.138146 0.990265
    outer loop
      vertex -0.531401 -4.04569 4.15267
      vertex -0.474906 -3.37913 4.05871
      vertex -0.568366 -4.04414 4.15309
    endloop
  endfacet
  facet normal 0.0360383 0.134441 0.990266
    outer loop
      vertex -1.03053 -4.01287 4.16146
      vertex -0.940568 -3.28015 4.05871
      vertex -1.14765 -4.00232 4.16429
    endloop
  endfacet
  facet normal -0.00911088 0.104147 0.99452
    outer loop
      vertex 0.238032 -3.40403 4.05871
      vertex 0.356687 -3.39365 4.05871
      vertex 0.170231 -2.43442 3.95655
    endloop
  endfacet
  facet normal -0.00911903 0.104146 0.99452
    outer loop
      vertex 0.356687 -3.39365 4.05871
      vertex 0.255087 -2.42699 3.95655
      vertex 0.170231 -2.43442 3.95655
    endloop
  endfacet
  facet normal -0.169221 0.039069 0.984803
    outer loop
      vertex 5.18395 -1.2925 4.36444
      vertex 5.2259 -1.1108 4.36444
      vertex 4.25006 -1.05966 4.19473
    endloop
  endfacet
  facet normal -0.16775 0.044959 0.984804
    outer loop
      vertex 5.13569 -1.47263 4.36444
      vertex 4.25006 -1.05966 4.19473
      vertex 4.21048 -1.20734 4.19473
    endloop
  endfacet
  facet normal -0.0999757 0.0305727 0.99452
    outer loop
      vertex 3.28015 -0.940568 4.05871
      vertex 2.34583 -0.672654 3.95655
      vertex 2.32092 -0.754112 3.95655
    endloop
  endfacet
  facet normal -0.134451 0.0360294 0.990265
    outer loop
      vertex 4.25006 -1.05966 4.19473
      vertex 3.31098 -0.82552 4.05871
      vertex 3.28015 -0.940568 4.05871
    endloop
  endfacet
  facet normal -0.059802 0.0359415 0.997563
    outer loop
      vertex 2.06954 -1.29319 3.95655
      vertex 1.26908 -0.732703 3.88837
      vertex 1.24273 -0.776546 3.88837
    endloop
  endfacet
  facet normal -0.0896119 0.0538457 0.99452
    outer loop
      vertex 2.95517 -1.70617 4.05871
      vertex 2.11341 -1.22018 3.95655
      vertex 2.06954 -1.29319 3.95655
    endloop
  endfacet
  facet normal -0.0931515 0.0474594 0.99452
    outer loop
      vertex 3.01292 -1.602 4.05871
      vertex 2.19338 -1.06978 3.95655
      vertex 2.15471 -1.14568 3.95655
    endloop
  endfacet
  facet normal -0.124026 0.0631873 0.990265
    outer loop
      vertex 3.93687 -1.92014 4.19473
      vertex 3.06699 -1.49587 4.05871
      vertex 3.01292 -1.602 4.05871
    endloop
  endfacet
  facet normal -0.0834958 0.0629137 0.99452
    outer loop
      vertex 2.68896 -2.10085 4.05871
      vertex 2.76064 -2.00572 4.05871
      vertex 1.92303 -1.50244 3.95655
    endloop
  endfacet
  facet normal -0.083496 0.0629135 0.99452
    outer loop
      vertex 2.76064 -2.00572 4.05871
      vertex 1.97429 -1.43441 3.95655
      vertex 1.92303 -1.50244 3.95655
    endloop
  endfacet
  facet normal -0.0179793 0.0299198 0.999391
    outer loop
      vertex 0.732703 -1.26908 3.88837
      vertex 0.258954 -0.414412 3.85426
      vertex 0.244333 -0.423198 3.85426
    endloop
  endfacet
  facet normal 0.0305299 -0.0169226 0.999391
    outer loop
      vertex -0.431467 0.229415 3.85426
      vertex -0.423198 0.244333 3.85426
      vertex -1.26908 0.732703 3.88837
    endloop
  endfacet
  facet normal -0.0695058 0.00608593 0.997563
    outer loop
      vertex 2.42699 -0.255087 3.95655
      vertex 2.43442 -0.170231 3.95655
      vertex 1.46184 -0.102221 3.88837
    endloop
  endfacet
  facet normal -0.069761 0.00122047 0.997563
    outer loop
      vertex 2.43887 -0.0851669 3.95655
      vertex 2.44036 0 3.95655
      vertex 1.46451 -0.0511417 3.88837
    endloop
  endfacet
  facet normal -0.0136355 0.0321329 0.999391
    outer loop
      vertex 0.54895 -1.3587 3.88837
      vertex 0.596034 -1.33872 3.88837
      vertex 0.183058 -0.453084 3.85426
    endloop
  endfacet
  facet normal -0.0337167 0.00903533 0.999391
    outer loop
      vertex 1.40864 -0.40392 3.88837
      vertex 1.42188 -0.354513 3.88837
      vertex 0.469737 -0.134694 3.85426
    endloop
  endfacet
  facet normal -0.000609869 -0.0349009 0.999391
    outer loop
      vertex 0.0170536 0.488369 3.85426
      vertex 0 1.46541 3.88837
      vertex 0 0.488667 3.85426
    endloop
  endfacet
  facet normal -0.0333802 0.0102089 0.999391
    outer loop
      vertex 1.39368 -0.452835 3.88837
      vertex 1.40864 -0.40392 3.88837
      vertex 0.46475 -0.151006 3.85426
    endloop
  endfacet
  facet normal 0.0695061 0.00608375 0.997563
    outer loop
      vertex -1.45738 -0.153176 3.88837
      vertex -1.46184 -0.102221 3.88837
      vertex -2.42699 -0.255087 3.95655
    endloop
  endfacet
  facet normal -0.100985 0.0270512 0.99452
    outer loop
      vertex 3.28015 -0.940568 4.05871
      vertex 2.36787 -0.590376 3.95655
      vertex 2.34583 -0.672654 3.95655
    endloop
  endfacet
  facet normal -0.0673957 0.0180535 0.997563
    outer loop
      vertex 2.34583 -0.672654 3.95655
      vertex 2.36787 -0.590376 3.95655
      vertex 1.42188 -0.354513 3.88837
    endloop
  endfacet
  facet normal -0.0407157 0.1331 0.990266
    outer loop
      vertex 1.14765 -4.00232 4.16429
      vertex 1.27142 -3.98968 4.16768
      vertex 0.940568 -3.28015 4.05871
    endloop
  endfacet
  facet normal -0.0407598 0.133091 0.990265
    outer loop
      vertex 1.05447 -3.24533 4.05871
      vertex 1.27142 -3.98968 4.16768
      vertex 1.29552 -3.98721 4.16834
    endloop
  endfacet
  facet normal -0.0406922 0.133111 0.990265
    outer loop
      vertex 1.27142 -3.98968 4.16768
      vertex 1.05447 -3.24533 4.05871
      vertex 0.940568 -3.28015 4.05871
    endloop
  endfacet
  facet normal -0.07869 0.154494 0.984855
    outer loop
      vertex 2.06284 -3.87965 4.19716
      vertex 2.05636 -3.86746 4.19473
      vertex 2.0146 -3.88873 4.19473
    endloop
  endfacet
  facet normal -0.0587864 0.126171 0.990265
    outer loop
      vertex 1.74968 -3.92985 4.18371
      vertex 1.90084 -3.90714 4.18979
      vertex 1.38792 -3.11733 4.05871
    endloop
  endfacet
  facet normal -0.071299 0.0764602 0.99452
    outer loop
      vertex 2.2833 -2.53586 4.05871
      vertex 2.37041 -2.45463 4.05871
      vertex 1.63292 -1.81354 3.95655
    endloop
  endfacet
  facet normal -0.0712963 0.0764634 0.99452
    outer loop
      vertex 2.37041 -2.45463 4.05871
      vertex 1.69522 -1.75545 3.95655
      vertex 1.63292 -1.81354 3.95655
    endloop
  endfacet
  facet normal -0.0837697 0.111165 0.990265
    outer loop
      vertex 2.5746 -3.54363 4.19473
      vertex 2.6967 -3.45162 4.19473
      vertex 2.00572 -2.76064 4.05871
    endloop
  endfacet
  facet normal -0.0599689 0.0856347 0.99452
    outer loop
      vertex 1.90816 -2.82896 4.05871
      vertex 2.00572 -2.76064 4.05871
      vertex 1.36463 -2.02315 3.95655
    endloop
  endfacet
  facet normal -0.0229017 0.0263431 0.999391
    outer loop
      vertex 0.941945 -1.12257 3.88837
      vertex 0.980548 -1.08901 3.88837
      vertex 0.326982 -0.363151 3.85426
    endloop
  endfacet
  facet normal -0.0629137 0.0834958 0.99452
    outer loop
      vertex 2.00572 -2.76064 4.05871
      vertex 2.10085 -2.68896 4.05871
      vertex 1.50244 -1.92303 3.95655
    endloop
  endfacet
  facet normal 0.0342649 0.00666143 0.999391
    outer loop
      vertex -0.477988 -0.101599 3.85426
      vertex -0.481243 -0.084856 3.85426
      vertex -1.43338 -0.304675 3.88837
    endloop
  endfacet
  facet normal -0.0125092 0.032588 0.999391
    outer loop
      vertex 0.501198 -1.37703 3.88837
      vertex 0.54895 -1.3587 3.88837
      vertex 0.167133 -0.459197 3.85426
    endloop
  endfacet
  facet normal -0.0764602 0.071299 0.99452
    outer loop
      vertex 2.45463 -2.37041 4.05871
      vertex 2.53586 -2.2833 4.05871
      vertex 1.81354 -1.63292 3.95655
    endloop
  endfacet
  facet normal -0.0238071 0.025528 0.999391
    outer loop
      vertex 0.980548 -1.08901 3.88837
      vertex 1.01796 -1.05412 3.88837
      vertex 0.339457 -0.351518 3.85426
    endloop
  endfacet
  facet normal -0.025529 0.0238059 0.999391
    outer loop
      vertex 1.08901 -0.980548 3.88837
      vertex 0.363151 -0.326982 3.85426
      vertex 0.351518 -0.339457 3.85426
    endloop
  endfacet
  facet normal -0.0263431 0.0229017 0.999391
    outer loop
      vertex 1.08901 -0.980548 3.88837
      vertex 1.12257 -0.941945 3.88837
      vertex 0.363151 -0.326982 3.85426
    endloop
  endfacet
  facet normal -0.0147526 -0.0316356 0.999391
    outer loop
      vertex 0.214217 0.439211 3.85426
      vertex 0.642391 1.3171 3.88837
      vertex 0.198758 0.44642 3.85426
    endloop
  endfacet
  facet normal -0.0419874 0.055724 0.997563
    outer loop
      vertex 1.50244 -1.92303 3.95655
      vertex 0.902194 -1.15476 3.88837
      vertex 0.861344 -1.18554 3.88837
    endloop
  endfacet
  facet normal -0.0419875 0.0557239 0.997563
    outer loop
      vertex 1.43441 -1.97429 3.95655
      vertex 1.50244 -1.92303 3.95655
      vertex 0.861344 -1.18554 3.88837
    endloop
  endfacet
  facet normal 0.0321315 0.0136385 0.999391
    outer loop
      vertex -0.44642 -0.198758 3.85426
      vertex -0.453084 -0.183058 3.85426
      vertex -1.33872 -0.596034 3.88837
    endloop
  endfacet
  facet normal 0.0542227 0.043909 0.997563
    outer loop
      vertex -1.12257 -0.941945 3.88837
      vertex -1.15476 -0.902194 3.88837
      vertex -1.92303 -1.50244 3.95655
    endloop
  endfacet
  facet normal -0.0374699 0.0975998 0.99452
    outer loop
      vertex 1.16709 -3.20655 4.05871
      vertex 0.914175 -2.26266 3.95655
      vertex 0.834652 -2.29319 3.95655
    endloop
  endfacet
  facet normal -0.0340342 0.0988503 0.99452
    outer loop
      vertex 1.16709 -3.20655 4.05871
      vertex 0.834652 -2.29319 3.95655
      vertex 0.754112 -2.32092 3.95655
    endloop
  endfacet
  facet normal 0.0190071 -0.0292778 0.999391
    outer loop
      vertex -0.258954 0.414412 3.85426
      vertex -0.776546 1.24273 3.88837
      vertex -0.819445 1.21488 3.88837
    endloop
  endfacet
  facet normal -0.0294907 0.0632331 0.997563
    outer loop
      vertex 1.06978 -2.19338 3.95655
      vertex 0.642391 -1.3171 3.88837
      vertex 0.596034 -1.33872 3.88837
    endloop
  endfacet
  facet normal -0.031674 0.0621681 0.997563
    outer loop
      vertex 1.14568 -2.15471 3.95655
      vertex 0.687966 -1.29388 3.88837
      vertex 0.642391 -1.3171 3.88837
    endloop
  endfacet
  facet normal 0.0419875 0.0557239 0.997563
    outer loop
      vertex -1.43441 -1.97429 3.95655
      vertex -0.861344 -1.18554 3.88837
      vertex -1.50244 -1.92303 3.95655
    endloop
  endfacet
  facet normal 0.00903533 0.0337167 0.999391
    outer loop
      vertex -0.354513 -1.42188 3.88837
      vertex -0.134694 -0.469737 3.85426
      vertex -0.40392 -1.40864 3.88837
    endloop
  endfacet
  facet normal 0.0379985 0.0585171 0.997563
    outer loop
      vertex -1.29319 -2.06954 3.95655
      vertex -0.819445 -1.21488 3.88837
      vertex -1.36463 -2.02315 3.95655
    endloop
  endfacet
  facet normal 0.0379917 0.0585209 0.997563
    outer loop
      vertex -0.776546 -1.24273 3.88837
      vertex -0.819445 -1.21488 3.88837
      vertex -1.29319 -2.06954 3.95655
    endloop
  endfacet
  facet normal 0.0359359 0.0598059 0.997563
    outer loop
      vertex -1.22018 -2.11341 3.95655
      vertex -0.732703 -1.26908 3.88837
      vertex -1.29319 -2.06954 3.95655
    endloop
  endfacet
  facet normal 0.0359415 0.059802 0.997563
    outer loop
      vertex -0.732703 -1.26908 3.88837
      vertex -0.776546 -1.24273 3.88837
      vertex -1.29319 -2.06954 3.95655
    endloop
  endfacet
  facet normal -0.0158475 -0.0311015 0.999391
    outer loop
      vertex 0.229415 0.431467 3.85426
      vertex 0.687966 1.29388 3.88837
      vertex 0.214217 0.439211 3.85426
    endloop
  endfacet
  facet normal 0.0204035 0.0667214 0.997563
    outer loop
      vertex -0.672654 -2.34583 3.95655
      vertex -0.452835 -1.39368 3.88837
      vertex -0.754112 -2.32092 3.95655
    endloop
  endfacet
  facet normal 0.022712 0.0659713 0.997563
    outer loop
      vertex -0.452835 -1.39368 3.88837
      vertex -0.501198 -1.37703 3.88837
      vertex -0.754112 -2.32092 3.95655
    endloop
  endfacet
  facet normal 0.0294907 0.0632331 0.997563
    outer loop
      vertex -0.596034 -1.33872 3.88837
      vertex -0.642391 -1.3171 3.88837
      vertex -1.06978 -2.19338 3.95655
    endloop
  endfacet
  facet normal 0.00903493 0.0337167 0.999391
    outer loop
      vertex -0.118218 -0.474152 3.85426
      vertex -0.134694 -0.469737 3.85426
      vertex -0.354513 -1.42188 3.88837
    endloop
  endfacet
  facet normal 0.00784833 0.0340126 0.999391
    outer loop
      vertex -0.304675 -1.43338 3.88837
      vertex -0.118218 -0.474152 3.85426
      vertex -0.354513 -1.42188 3.88837
    endloop
  endfacet
  facet normal 0.0147526 0.0316356 0.999391
    outer loop
      vertex -0.198758 -0.44642 3.85426
      vertex -0.214217 -0.439211 3.85426
      vertex -0.642391 -1.3171 3.88837
    endloop
  endfacet
  facet normal 0.0348587 -0.00182212 0.999391
    outer loop
      vertex -0.487476 0.0340872 3.85426
      vertex -1.46184 0.102221 3.88837
      vertex -1.46451 0.0511417 3.88837
    endloop
  endfacet
  facet normal 0.0347733 -0.00304364 0.999391
    outer loop
      vertex -0.487476 0.0340872 3.85426
      vertex -1.45738 0.153176 3.88837
      vertex -1.46184 0.102221 3.88837
    endloop
  endfacet
  facet normal 0.0679856 0.0156875 0.997563
    outer loop
      vertex -1.42188 -0.354513 3.88837
      vertex -1.43338 -0.304675 3.88837
      vertex -2.36787 -0.590376 3.95655
    endloop
  endfacet
  facet normal 0.0679836 0.0156943 0.997563
    outer loop
      vertex -2.36787 -0.590376 3.95655
      vertex -1.43338 -0.304675 3.88837
      vertex -2.38703 -0.50738 3.95655
    endloop
  endfacet
  facet normal 0.0340121 0.00785069 0.999391
    outer loop
      vertex -0.474152 -0.118218 3.85426
      vertex -0.477988 -0.101599 3.85426
      vertex -1.43338 -0.304675 3.88837
    endloop
  endfacet
  facet normal 0.0344757 0.00546615 0.999391
    outer loop
      vertex -1.44314 -0.254465 3.88837
      vertex -0.483912 -0.0680084 3.85426
      vertex -1.45115 -0.203945 3.88837
    endloop
  endfacet
  facet normal 0.0696767 0.00364212 0.997563
    outer loop
      vertex -1.46184 -0.102221 3.88837
      vertex -1.46451 -0.0511417 3.88837
      vertex -2.43442 -0.170231 3.95655
    endloop
  endfacet
  facet normal 0.0696763 0.00364501 0.997563
    outer loop
      vertex -2.43442 -0.170231 3.95655
      vertex -1.46451 -0.0511417 3.88837
      vertex -2.43887 -0.0851669 3.95655
    endloop
  endfacet
  facet normal 0.0219673 -0.0271272 0.999391
    outer loop
      vertex -0.300853 0.385075 3.85426
      vertex -0.902194 1.15476 3.88837
      vertex -0.941945 1.12257 3.88837
    endloop
  endfacet
  facet normal 0.0305292 0.0169239 0.999391
    outer loop
      vertex -1.26908 -0.732703 3.88837
      vertex -0.431467 -0.229415 3.85426
      vertex -1.29388 -0.687966 3.88837
    endloop
  endfacet
  facet normal 0.0695061 -0.00608375 0.997563
    outer loop
      vertex -1.46184 0.102221 3.88837
      vertex -1.45738 0.153176 3.88837
      vertex -2.42699 0.255087 3.95655
    endloop
  endfacet
  facet normal 0.0692524 -0.00849814 0.997563
    outer loop
      vertex -1.45738 0.153176 3.88837
      vertex -1.45115 0.203945 3.88837
      vertex -2.42699 0.255087 3.95655
    endloop
  endfacet
  facet normal 0.055724 -0.0419874 0.997563
    outer loop
      vertex -1.18554 0.861344 3.88837
      vertex -1.15476 0.902194 3.88837
      vertex -1.92303 1.50244 3.95655
    endloop
  endfacet
  facet normal -0.000614193 -0.034901 0.999391
    outer loop
      vertex 0.0170536 0.488369 3.85426
      vertex 0.0511417 1.46451 3.88837
      vertex 0 1.46541 3.88837
    endloop
  endfacet
  facet normal -0.0305292 0.0169239 0.999391
    outer loop
      vertex 1.26908 -0.732703 3.88837
      vertex 1.29388 -0.687966 3.88837
      vertex 0.431467 -0.229415 3.85426
    endloop
  endfacet
  facet normal -0.00425155 0.0346464 0.999391
    outer loop
      vertex 0.153176 -1.45738 3.88837
      vertex 0.203945 -1.45115 3.88837
      vertex 0.0680084 -0.483912 3.85426
    endloop
  endfacet
  facet normal -0.00849814 0.0692524 0.997563
    outer loop
      vertex 0.255087 -2.42699 3.95655
      vertex 0.203945 -1.45115 3.88837
      vertex 0.153176 -1.45738 3.88837
    endloop
  endfacet
  facet normal -0.00182571 0.104529 0.99452
    outer loop
      vertex 0.119088 -3.41026 4.05871
      vertex 0.0851669 -2.43887 3.95655
      vertex 0 -3.41234 4.05871
    endloop
  endfacet
  facet normal -0.00182874 0.104529 0.99452
    outer loop
      vertex 0.0851669 -2.43887 3.95655
      vertex 0 -2.44036 3.95655
      vertex 0 -3.41234 4.05871
    endloop
  endfacet
  facet normal 0.00122047 0.069761 0.997563
    outer loop
      vertex 0 -2.44036 3.95655
      vertex -0.0511417 -1.46451 3.88837
      vertex -0.0851669 -2.43887 3.95655
    endloop
  endfacet
  facet normal 0.00364501 0.0696763 0.997563
    outer loop
      vertex -0.0851669 -2.43887 3.95655
      vertex -0.0511417 -1.46451 3.88837
      vertex -0.170231 -2.43442 3.95655
    endloop
  endfacet
  facet normal 0.0163485 0.103259 0.99452
    outer loop
      vertex -0.339632 -2.41661 3.95655
      vertex -0.423763 -2.40329 3.95655
      vertex -0.592546 -3.3605 4.05871
    endloop
  endfacet
  facet normal 0.0199559 0.102623 0.99452
    outer loop
      vertex -0.423763 -2.40329 3.95655
      vertex -0.50738 -2.38703 3.95655
      vertex -0.592546 -3.3605 4.05871
    endloop
  endfacet
  facet normal 0.0133132 0.0684892 0.997563
    outer loop
      vertex -0.254465 -1.44314 3.88837
      vertex -0.304675 -1.43338 3.88837
      vertex -0.423763 -2.40329 3.95655
    endloop
  endfacet
  facet normal 0.0133182 0.0684886 0.997563
    outer loop
      vertex -0.423763 -2.40329 3.95655
      vertex -0.304675 -1.43338 3.88837
      vertex -0.50738 -2.38703 3.95655
    endloop
  endfacet
  facet normal 0.00546177 0.0344765 0.999391
    outer loop
      vertex -0.0680084 -0.483912 3.85426
      vertex -0.084856 -0.481243 3.85426
      vertex -0.254465 -1.44314 3.88837
    endloop
  endfacet
  facet normal 0.00666058 0.0342651 0.999391
    outer loop
      vertex -0.254465 -1.44314 3.88837
      vertex -0.084856 -0.481243 3.85426
      vertex -0.304675 -1.43338 3.88837
    endloop
  endfacet
  facet normal -0.0333811 0.0102055 0.999391
    outer loop
      vertex 1.40864 -0.40392 3.88837
      vertex 0.469737 -0.134694 3.85426
      vertex 0.46475 -0.151006 3.85426
    endloop
  endfacet
  facet normal 0.0299187 -0.0179814 0.999391
    outer loop
      vertex -0.414412 0.258954 3.85426
      vertex -1.24273 0.776546 3.88837
      vertex -1.26908 0.732703 3.88837
    endloop
  endfacet
  facet normal 0.010926 0.0689115 0.997563
    outer loop
      vertex -0.203945 -1.45115 3.88837
      vertex -0.254465 -1.44314 3.88837
      vertex -0.339632 -2.41661 3.95655
    endloop
  endfacet
  facet normal 0.00546615 0.0344757 0.999391
    outer loop
      vertex -0.203945 -1.45115 3.88837
      vertex -0.0680084 -0.483912 3.85426
      vertex -0.254465 -1.44314 3.88837
    endloop
  endfacet
  facet normal 0.0316349 0.0147539 0.999391
    outer loop
      vertex -1.3171 -0.642391 3.88837
      vertex -0.44642 -0.198758 3.85426
      vertex -1.33872 -0.596034 3.88837
    endloop
  endfacet
  facet normal -0.0263454 0.022899 0.999391
    outer loop
      vertex 1.12257 -0.941945 3.88837
      vertex 0.37434 -0.314109 3.85426
      vertex 0.363151 -0.326982 3.85426
    endloop
  endfacet
  facet normal 0.0156875 0.0679856 0.997563
    outer loop
      vertex -0.304675 -1.43338 3.88837
      vertex -0.354513 -1.42188 3.88837
      vertex -0.590376 -2.36787 3.95655
    endloop
  endfacet
  facet normal 0.0156943 0.0679836 0.997563
    outer loop
      vertex -0.50738 -2.38703 3.95655
      vertex -0.304675 -1.43338 3.88837
      vertex -0.590376 -2.36787 3.95655
    endloop
  endfacet
  facet normal 0.145652 0.0945901 0.984804
    outer loop
      vertex -4.42926 -2.98757 4.36444
      vertex -3.63132 -2.44936 4.19473
      vertex -4.53083 -2.83117 4.36444
    endloop
  endfacet
  facet normal 0.145654 0.094585 0.984804
    outer loop
      vertex -3.63132 -2.44936 4.19473
      vertex -3.71459 -2.32113 4.19473
      vertex -4.53083 -2.83117 4.36444
    endloop
  endfacet
  facet normal 0.0685927 0.078897 0.99452
    outer loop
      vertex -2.19341 -2.61401 4.05871
      vertex -1.63292 -1.81354 3.95655
      vertex -2.2833 -2.53586 4.05871
    endloop
  endfacet
  facet normal 0.091327 0.105046 0.990265
    outer loop
      vertex -2.19341 -2.61401 4.05871
      vertex -2.2833 -2.53586 4.05871
      vertex -2.81552 -3.3554 4.19473
    endloop
  endfacet
  facet normal 0.0994975 0.142341 0.984804
    outer loop
      vertex -2.54615 -3.77482 4.22525
      vertex -2.44936 -3.63132 4.19473
      vertex -2.58366 -3.76562 4.22771
    endloop
  endfacet
  facet normal 0.0837654 0.111169 0.990265
    outer loop
      vertex -2.00572 -2.76064 4.05871
      vertex -2.10085 -2.68896 4.05871
      vertex -2.6967 -3.45162 4.19473
    endloop
  endfacet
  facet normal 0.0510299 0.0475815 0.997563
    outer loop
      vertex -1.75545 -1.69522 3.95655
      vertex -1.05412 -1.01796 3.88837
      vertex -1.81354 -1.63292 3.95655
    endloop
  endfacet
  facet normal 0.0278773 0.0210072 0.999391
    outer loop
      vertex -0.385075 -0.300853 3.85426
      vertex -0.39534 -0.287231 3.85426
      vertex -1.15476 -0.902194 3.88837
    endloop
  endfacet
  facet normal 0.0585209 0.0379917 0.997563
    outer loop
      vertex -1.21488 -0.819445 3.88837
      vertex -1.24273 -0.776546 3.88837
      vertex -2.06954 -1.29319 3.95655
    endloop
  endfacet
  facet normal 0.0812475 0.0657898 0.99452
    outer loop
      vertex -2.61401 -2.19341 4.05871
      vertex -1.86942 -1.56863 3.95655
      vertex -2.68896 -2.10085 4.05871
    endloop
  endfacet
  facet normal 0.0789042 0.0685824 0.99452
    outer loop
      vertex -1.81354 -1.63292 3.95655
      vertex -1.86942 -1.56863 3.95655
      vertex -2.61401 -2.19341 4.05871
    endloop
  endfacet
  facet normal 0.127043 0.118403 0.984805
    outer loop
      vertex -3.60071 -3.47717 4.305
      vertex -3.15083 -3.04272 4.19473
      vertex -3.74567 -3.42901 4.31791
    endloop
  endfacet
  facet normal 0.118434 0.12701 0.984806
    outer loop
      vertex -3.04272 -3.15083 4.19473
      vertex -3.23349 -3.59115 4.27446
      vertex -2.9309 -3.2551 4.19473
    endloop
  endfacet
  facet normal 0.118475 0.126991 0.984803
    outer loop
      vertex -3.23349 -3.59115 4.27446
      vertex -3.04272 -3.15083 4.19473
      vertex -3.31302 -3.56705 4.28092
    endloop
  endfacet
  facet normal 0.0674886 0.12174 0.990265
    outer loop
      vertex -2.05636 -3.86746 4.19473
      vertex -1.70617 -2.95517 4.05871
      vertex -2.19008 -3.79333 4.19473
    endloop
  endfacet
  facet normal 0.11393 0.131066 0.984805
    outer loop
      vertex -3.05624 -3.64229 4.26076
      vertex -2.81552 -3.3554 4.19473
      vertex -3.13996 -3.61813 4.26723
    endloop
  endfacet
  facet normal 0.109303 0.134948 0.984805
    outer loop
      vertex -2.98531 -3.66172 4.25555
      vertex -2.81552 -3.3554 4.19473
      vertex -3.05624 -3.64229 4.26076
    endloop
  endfacet
  facet normal 0.079836 0.114023 0.990265
    outer loop
      vertex -2.44936 -3.63132 4.19473
      vertex -2.00572 -2.76064 4.05871
      vertex -2.5746 -3.54363 4.19473
    endloop
  endfacet
  facet normal 0.0837697 0.111165 0.990265
    outer loop
      vertex -2.5746 -3.54363 4.19473
      vertex -2.00572 -2.76064 4.05871
      vertex -2.6967 -3.45162 4.19473
    endloop
  endfacet
  facet normal 0.0621682 -0.0316739 0.997563
    outer loop
      vertex -1.3171 0.642391 3.88837
      vertex -2.15471 1.14568 3.95655
      vertex -2.19338 1.06978 3.95655
    endloop
  endfacet
  facet normal 0.0931515 -0.0474594 0.99452
    outer loop
      vertex -2.19338 1.06978 3.95655
      vertex -2.15471 1.14568 3.95655
      vertex -3.01292 1.602 4.05871
    endloop
  endfacet
  facet normal 0.0834958 -0.0629137 0.99452
    outer loop
      vertex -1.92303 1.50244 3.95655
      vertex -2.68896 2.10085 4.05871
      vertex -2.76064 2.00572 4.05871
    endloop
  endfacet
  facet normal 0.0856387 -0.0599643 0.99452
    outer loop
      vertex -2.02315 1.36463 3.95655
      vertex -1.97429 1.43441 3.95655
      vertex -2.76064 2.00572 4.05871
    endloop
  endfacet
  facet normal 0.0333811 0.0102055 0.999391
    outer loop
      vertex -0.46475 -0.151006 3.85426
      vertex -0.469737 -0.134694 3.85426
      vertex -1.40864 -0.40392 3.88837
    endloop
  endfacet
  facet normal 0.0337167 0.00903533 0.999391
    outer loop
      vertex -1.40864 -0.40392 3.88837
      vertex -0.469737 -0.134694 3.85426
      vertex -1.42188 -0.354513 3.88837
    endloop
  endfacet
  facet normal 0.138699 -0.10452 0.984804
    outer loop
      vertex -3.54363 2.5746 4.19473
      vertex -4.21007 3.28926 4.36444
      vertex -4.3223 3.14033 4.36444
    endloop
  endfacet
  facet normal 0.1387 -0.104519 0.984804
    outer loop
      vertex -3.54363 2.5746 4.19473
      vertex -3.45162 2.6967 4.19473
      vertex -4.21007 3.28926 4.36444
    endloop
  endfacet
  facet normal 0.131071 -0.11394 0.984803
    outer loop
      vertex -3.3554 2.81552 4.19473
      vertex -3.2551 2.9309 4.19473
      vertex -3.97036 3.57493 4.36444
    endloop
  endfacet
  facet normal 0.105051 -0.0913206 0.990265
    outer loop
      vertex -2.53586 2.2833 4.05871
      vertex -3.2551 2.9309 4.19473
      vertex -3.3554 2.81552 4.19473
    endloop
  endfacet
  facet normal -0.208061 -0.18087 0.961247
    outer loop
      vertex 5.9192 5.32967 5.01
      vertex 6.00974 5.14022 4.99395
      vertex 5.97175 5.26922 5.01
    endloop
  endfacet
  facet normal -0.208047 -0.180864 0.961252
    outer loop
      vertex 6.00974 5.14022 4.99395
      vertex 5.9192 5.32967 5.01
      vertex 5.38552 4.84914 4.80408
    endloop
  endfacet
  facet normal -0.206387 -0.180774 0.961626
    outer loop
      vertex 6.01981 5.10603 4.9897
      vertex 6.02766 5.05781 4.98232
      vertex 6.02114 5.09999 4.98885
    endloop
  endfacet
  facet normal -0.209646 -0.181185 0.960844
    outer loop
      vertex 6.00974 5.14022 4.99395
      vertex 6.02766 5.05781 4.98232
      vertex 6.01981 5.10603 4.9897
    endloop
  endfacet
  facet normal -0.208033 -0.180892 0.961249
    outer loop
      vertex 5.38552 4.84914 4.80408
      vertex 6.02766 5.05781 4.98232
      vertex 6.00974 5.14022 4.99395
    endloop
  endfacet
  facet normal -0.208046 -0.180855 0.961253
    outer loop
      vertex 6.02766 5.05781 4.98232
      vertex 5.38552 4.84914 4.80408
      vertex 5.55147 4.65824 4.80408
    endloop
  endfacet
  facet normal 0.142265 0.0996117 0.984804
    outer loop
      vertex -4.3223 -3.14033 4.36444
      vertex -3.63132 -2.44936 4.19473
      vertex -4.42926 -2.98757 4.36444
    endloop
  endfacet
  facet normal 0.170344 0.119272 0.97814
    outer loop
      vertex -4.42926 -2.98757 4.36444
      vertex -4.39662 -3.17188 4.38123
      vertex -4.3223 -3.14033 4.36444
    endloop
  endfacet
  facet normal 0.170345 0.119272 0.978139
    outer loop
      vertex -4.39662 -3.17188 4.38123
      vertex -4.42926 -2.98757 4.36444
      vertex -4.57325 -3.0847 4.40136
    endloop
  endfacet
  facet normal 0.198856 0.0607995 0.978141
    outer loop
      vertex -5.99035 -1.94638 4.56764
      vertex -5.13569 -1.47263 4.36444
      vertex -6.05463 -1.73614 4.56764
    endloop
  endfacet
  facet normal 0.233693 0.0626161 0.970292
    outer loop
      vertex -6.37066 -1.66741 4.63932
      vertex -6.05463 -1.73614 4.56764
      vertex -6.11153 -1.52378 4.56764
    endloop
  endfacet
  facet normal 0.2337 0.0626494 0.970288
    outer loop
      vertex -6.05463 -1.73614 4.56764
      vertex -6.37066 -1.66741 4.63932
      vertex -6.36249 -1.82442 4.64749
    endloop
  endfacet
  facet normal -0.0125093 -0.032588 0.999391
    outer loop
      vertex 0.183058 0.453084 3.85426
      vertex 0.54895 1.3587 3.88837
      vertex 0.167133 0.459197 3.85426
    endloop
  endfacet
  facet normal 0.0651377 -0.0250036 0.997563
    outer loop
      vertex -1.37703 0.501198 3.88837
      vertex -1.3587 0.54895 3.88837
      vertex -2.26266 0.914175 3.95655
    endloop
  endfacet
  facet normal 0.0988503 -0.0340342 0.99452
    outer loop
      vertex -2.32092 0.754112 3.95655
      vertex -2.29319 0.834652 3.95655
      vertex -3.20655 1.16709 4.05871
    endloop
  endfacet
  facet normal 0.0975998 -0.0374699 0.99452
    outer loop
      vertex -2.29319 0.834652 3.95655
      vertex -2.26266 0.914175 3.95655
      vertex -3.20655 1.16709 4.05871
    endloop
  endfacet
  facet normal 0.0673935 -0.01806 0.997563
    outer loop
      vertex -1.42188 0.354513 3.88837
      vertex -1.40864 0.40392 3.88837
      vertex -2.34583 0.672654 3.95655
    endloop
  endfacet
  facet normal 0.0673957 -0.0180535 0.997563
    outer loop
      vertex -1.42188 0.354513 3.88837
      vertex -2.34583 0.672654 3.95655
      vertex -2.36787 0.590376 3.95655
    endloop
  endfacet
  facet normal 0.0684892 -0.0133132 0.997563
    outer loop
      vertex -1.44314 0.254465 3.88837
      vertex -1.43338 0.304675 3.88837
      vertex -2.40329 0.423763 3.95655
    endloop
  endfacet
  facet normal 0.0684886 -0.0133182 0.997563
    outer loop
      vertex -1.43338 0.304675 3.88837
      vertex -2.38703 0.50738 3.95655
      vertex -2.40329 0.423763 3.95655
    endloop
  endfacet
  facet normal 0.138667 -0.0121272 0.990265
    outer loop
      vertex -3.40403 0.238032 4.05871
      vertex -4.35617 0.457851 4.19473
      vertex -4.36949 0.305545 4.19473
    endloop
  endfacet
  facet normal 0.139005 -0.00729256 0.990265
    outer loop
      vertex -3.40403 0.238032 4.05871
      vertex -4.36949 0.305545 4.19473
      vertex -4.3775 0.152865 4.19473
    endloop
  endfacet
  facet normal 0.240133 -0.0293814 0.970295
    outer loop
      vertex -6.23733 0.876599 4.56764
      vertex -6.40111 0.899617 4.60887
      vertex -6.40216 0.85636 4.60782
    endloop
  endfacet
  facet normal 0.205384 -0.0325264 0.978141
    outer loop
      vertex -5.29066 0.743553 4.36444
      vertex -6.20294 1.09375 4.56764
      vertex -6.23733 0.876599 4.56764
    endloop
  endfacet
  facet normal 0.206395 -0.0253345 0.978141
    outer loop
      vertex -5.31338 0.558458 4.36444
      vertex -5.29066 0.743553 4.36444
      vertex -6.23733 0.876599 4.56764
    endloop
  endfacet
  facet normal 0.0659713 0.022712 0.997563
    outer loop
      vertex -1.37703 -0.501198 3.88837
      vertex -1.39368 -0.452835 3.88837
      vertex -2.32092 -0.754112 3.95655
    endloop
  endfacet
  facet normal 0.0667214 0.0204035 0.997563
    outer loop
      vertex -2.32092 -0.754112 3.95655
      vertex -1.39368 -0.452835 3.88837
      vertex -2.34583 -0.672654 3.95655
    endloop
  endfacet
  facet normal -0.0158462 0.0311022 0.999391
    outer loop
      vertex 0.642391 -1.3171 3.88837
      vertex 0.687966 -1.29388 3.88837
      vertex 0.214217 -0.439211 3.85426
    endloop
  endfacet
  facet normal 0.025529 0.0238059 0.999391
    outer loop
      vertex -0.351518 -0.339457 3.85426
      vertex -0.363151 -0.326982 3.85426
      vertex -1.08901 -0.980548 3.88837
    endloop
  endfacet
  facet normal 0.020021 -0.0285938 0.999391
    outer loop
      vertex -0.287231 0.39534 3.85426
      vertex -0.273259 0.405123 3.85426
      vertex -0.819445 1.21488 3.88837
    endloop
  endfacet
  facet normal 0.134451 0.0360294 0.990265
    outer loop
      vertex -3.28015 -0.940568 4.05871
      vertex -3.31098 -0.82552 4.05871
      vertex -4.25006 -1.05966 4.19473
    endloop
  endfacet
  facet normal 0.202613 0.0467782 0.978141
    outer loop
      vertex -5.18395 -1.2925 4.36444
      vertex -5.2259 -1.1108 4.36444
      vertex -6.11153 -1.52378 4.56764
    endloop
  endfacet
  facet normal 0.238969 0.0378454 0.970289
    outer loop
      vertex -6.39967 -0.94551 4.61031
      vertex -6.20294 -1.09375 4.56764
      vertex -6.23733 -0.876599 4.56764
    endloop
  endfacet
  facet normal 0.238953 0.0378222 0.970294
    outer loop
      vertex -6.20294 -1.09375 4.56764
      vertex -6.39967 -0.94551 4.61031
      vertex -6.39398 -1.12743 4.616
    endloop
  endfacet
  facet normal 0.23893 0.0379423 0.970295
    outer loop
      vertex -6.39967 -0.94551 4.61031
      vertex -6.23733 -0.876599 4.56764
      vertex -6.40111 -0.899617 4.60887
    endloop
  endfacet
  facet normal 0.138666 0.0121306 0.990265
    outer loop
      vertex -3.39365 -0.356687 4.05871
      vertex -3.40403 -0.238032 4.05871
      vertex -4.35617 -0.457851 4.19473
    endloop
  endfacet
  facet normal 0.103765 0.0127448 0.99452
    outer loop
      vertex -3.37913 -0.474906 4.05871
      vertex -2.41661 -0.339632 3.95655
      vertex -3.39365 -0.356687 4.05871
    endloop
  endfacet
  facet normal 0.225949 0.086534 0.970288
    outer loop
      vertex -5.99575 -2.20815 4.59037
      vertex -5.91878 -2.15426 4.56764
      vertex -6.0176 -2.19023 4.59386
    endloop
  endfacet
  facet normal 0.159864 0.0678628 0.984804
    outer loop
      vertex -4.88075 -2.17305 4.36444
      vertex -4.06122 -1.64084 4.19473
      vertex -4.95362 -2.00139 4.36444
    endloop
  endfacet
  facet normal 0.191404 0.0812515 0.978142
    outer loop
      vertex -4.95362 -2.00139 4.36444
      vertex -5.60991 -2.49769 4.53409
      vertex -4.88075 -2.17305 4.36444
    endloop
  endfacet
  facet normal 0.191509 0.0811095 0.978134
    outer loop
      vertex -5.60991 -2.49769 4.53409
      vertex -4.95362 -2.00139 4.36444
      vertex -5.63606 -2.47924 4.53768
    endloop
  endfacet
  facet normal 0.164211 0.0565394 0.984804
    outer loop
      vertex -4.11601 -1.4981 4.19473
      vertex -4.16578 -1.35355 4.19473
      vertex -5.02045 -1.82729 4.36444
    endloop
  endfacet
  facet normal 0.131612 0.0453154 0.990265
    outer loop
      vertex -4.11601 -1.4981 4.19473
      vertex -3.20655 -1.16709 4.05871
      vertex -4.16578 -1.35355 4.19473
    endloop
  endfacet
  facet normal 0.178224 0.107114 0.978143
    outer loop
      vertex -4.89178 -2.91836 4.43976
      vertex -4.62687 -2.67133 4.36444
      vertex -4.97634 -2.87309 4.45021
    endloop
  endfacet
  facet normal 0.154745 0.0788439 0.984803
    outer loop
      vertex -4.71728 -2.50822 4.36444
      vertex -3.93687 -1.92014 4.19473
      vertex -4.80194 -2.34206 4.36444
    endloop
  endfacet
  facet normal 0.128128 0.0543928 0.990265
    outer loop
      vertex -3.11733 -1.38792 4.05871
      vertex -3.16387 -1.27829 4.05871
      vertex -4.06122 -1.64084 4.19473
    endloop
  endfacet
  facet normal 0.129952 0.0498774 0.990265
    outer loop
      vertex -3.16387 -1.27829 4.05871
      vertex -3.20655 -1.16709 4.05871
      vertex -4.06122 -1.64084 4.19473
    endloop
  endfacet
  facet normal 0.124026 0.0631873 0.990265
    outer loop
      vertex -3.01292 -1.602 4.05871
      vertex -3.06699 -1.49587 4.05871
      vertex -3.93687 -1.92014 4.19473
    endloop
  endfacet
  facet normal 0.126152 0.058828 0.990265
    outer loop
      vertex -3.06699 -1.49587 4.05871
      vertex -3.11733 -1.38792 4.05871
      vertex -3.93687 -1.92014 4.19473
    endloop
  endfacet
  facet normal 0.0999776 0.0305633 0.99452
    outer loop
      vertex -3.24533 -1.05447 4.05871
      vertex -2.32092 -0.754112 3.95655
      vertex -3.28015 -0.940568 4.05871
    endloop
  endfacet
  facet normal 0.0988486 0.0340379 0.99452
    outer loop
      vertex -3.20655 -1.16709 4.05871
      vertex -2.32092 -0.754112 3.95655
      vertex -3.24533 -1.05447 4.05871
    endloop
  endfacet
  facet normal 0.16775 0.044959 0.984804
    outer loop
      vertex -4.21048 -1.20734 4.19473
      vertex -4.25006 -1.05966 4.19473
      vertex -5.13569 -1.47263 4.36444
    endloop
  endfacet
  facet normal 0.13445 0.0360342 0.990265
    outer loop
      vertex -4.21048 -1.20734 4.19473
      vertex -3.28015 -0.940568 4.05871
      vertex -4.25006 -1.05966 4.19473
    endloop
  endfacet
  facet normal 0.124023 0.0631951 0.990265
    outer loop
      vertex -3.86746 -2.05636 4.19473
      vertex -3.01292 -1.602 4.05871
      vertex -3.93687 -1.92014 4.19473
    endloop
  endfacet
  facet normal 0.154742 0.0788478 0.984804
    outer loop
      vertex -3.86746 -2.05636 4.19473
      vertex -3.93687 -1.92014 4.19473
      vertex -4.71728 -2.50822 4.36444
    endloop
  endfacet
  facet normal 0.043909 -0.0542227 0.997563
    outer loop
      vertex -0.941945 1.12257 3.88837
      vertex -0.902194 1.15476 3.88837
      vertex -1.50244 1.92303 3.95655
    endloop
  endfacet
  facet normal 0.0439142 -0.054219 0.997563
    outer loop
      vertex -0.941945 1.12257 3.88837
      vertex -1.50244 1.92303 3.95655
      vertex -1.56863 1.86942 3.95655
    endloop
  endfacet
  facet normal 0.018131 -0.207151 0.978141
    outer loop
      vertex -0.372684 5.32964 4.36444
      vertex -0.43937 6.28329 4.56764
      vertex -0.558458 5.31338 4.36444
    endloop
  endfacet
  facet normal 0.0181315 -0.207151 0.978141
    outer loop
      vertex -0.558458 5.31338 4.36444
      vertex -0.43937 6.28329 4.56764
      vertex -0.658385 6.26412 4.56764
    endloop
  endfacet
  facet normal -0.0325264 -0.205384 0.978141
    outer loop
      vertex 1.09375 6.20294 4.56764
      vertex 0.876599 6.23733 4.56764
      vertex 0.743553 5.29066 4.36444
    endloop
  endfacet
  facet normal -0.0253345 -0.206395 0.978141
    outer loop
      vertex 0.743553 5.29066 4.36444
      vertex 0.876599 6.23733 4.56764
      vertex 0.558458 5.31338 4.36444
    endloop
  endfacet
  facet normal -0.0210723 -0.241006 0.970295
    outer loop
      vertex 0.482979 6.40994 4.60005
      vertex 0.658385 6.26412 4.56764
      vertex 0.673362 6.40662 4.60336
    endloop
  endfacet
  facet normal -0.0210973 -0.241034 0.970287
    outer loop
      vertex 0.658385 6.26412 4.56764
      vertex 0.482979 6.40994 4.60005
      vertex 0.43937 6.28329 4.56764
    endloop
  endfacet
  facet normal -0.0181315 -0.207151 0.978141
    outer loop
      vertex 0.558458 5.31338 4.36444
      vertex 0.658385 6.26412 4.56764
      vertex 0.43937 6.28329 4.56764
    endloop
  endfacet
  facet normal -0.0042448 -0.241911 0.970289
    outer loop
      vertex 0.219818 6.29479 4.56764
      vertex 0.223942 6.41288 4.5971
      vertex 0.192529 6.41299 4.59699
    endloop
  endfacet
  facet normal -0.194931 -0.194931 0.961251
    outer loop
      vertex 5.533 5.72959 5.01
      vertex 5.21301 5.03414 4.80408
      vertex 5.72959 5.533 5.01
    endloop
  endfacet
  facet normal -0.194931 -0.194931 0.961251
    outer loop
      vertex 5.21301 5.03414 4.80408
      vertex 5.533 5.72959 5.01
      vertex 5.03414 5.21301 4.80408
    endloop
  endfacet
  facet normal -0.152269 -0.188037 0.970287
    outer loop
      vertex 4.04868 4.82503 4.56764
      vertex 4.65824 5.55147 4.80408
      vertex 3.87782 4.96339 4.56764
    endloop
  endfacet
  facet normal -0.15227 -0.188035 0.970287
    outer loop
      vertex 4.65824 5.55147 4.80408
      vertex 4.46166 5.71066 4.80408
      vertex 3.87782 4.96339 4.56764
    endloop
  endfacet
  facet normal 0.138666 -0.0121306 0.990265
    outer loop
      vertex -3.40403 0.238032 4.05871
      vertex -3.39365 0.356687 4.05871
      vertex -4.35617 0.457851 4.19473
    endloop
  endfacet
  facet normal 0.138158 -0.0169614 0.990265
    outer loop
      vertex -3.39365 0.356687 4.05871
      vertex -4.33754 0.609601 4.19473
      vertex -4.35617 0.457851 4.19473
    endloop
  endfacet
  facet normal 0.104529 -0.00182874 0.99452
    outer loop
      vertex -2.44036 0 3.95655
      vertex -2.43887 0.0851669 3.95655
      vertex -3.41234 0 4.05871
    endloop
  endfacet
  facet normal 0.104529 0.00182571 0.99452
    outer loop
      vertex -3.41026 -0.119088 4.05871
      vertex -2.43887 -0.0851669 3.95655
      vertex -3.41234 0 4.05871
    endloop
  endfacet
  facet normal 0.139005 0.00729256 0.990265
    outer loop
      vertex -4.36949 -0.305545 4.19473
      vertex -3.40403 -0.238032 4.05871
      vertex -4.3775 -0.152865 4.19473
    endloop
  endfacet
  facet normal 0.139004 0.00728068 0.990265
    outer loop
      vertex -3.40403 -0.238032 4.05871
      vertex -3.41026 -0.119088 4.05871
      vertex -4.3775 -0.152865 4.19473
    endloop
  endfacet
  facet normal 0.0692521 0.00850242 0.997563
    outer loop
      vertex -2.41661 -0.339632 3.95655
      vertex -1.45115 -0.203945 3.88837
      vertex -2.42699 -0.255087 3.95655
    endloop
  endfacet
  facet normal 0.103765 0.0127398 0.99452
    outer loop
      vertex -2.41661 -0.339632 3.95655
      vertex -2.42699 -0.255087 3.95655
      vertex -3.39365 -0.356687 4.05871
    endloop
  endfacet
  facet normal 0.103259 0.0163485 0.99452
    outer loop
      vertex -2.40329 -0.423763 3.95655
      vertex -2.41661 -0.339632 3.95655
      vertex -3.3605 -0.592546 4.05871
    endloop
  endfacet
  facet normal 0.102623 0.0199559 0.99452
    outer loop
      vertex -2.38703 -0.50738 3.95655
      vertex -2.40329 -0.423763 3.95655
      vertex -3.3605 -0.592546 4.05871
    endloop
  endfacet
  facet normal 0.0285938 -0.020021 0.999391
    outer loop
      vertex -0.405123 0.273259 3.85426
      vertex -0.39534 0.287231 3.85426
      vertex -1.21488 0.819445 3.88837
    endloop
  endfacet
  facet normal -0.0219678 0.0271267 0.999391
    outer loop
      vertex 0.941945 -1.12257 3.88837
      vertex 0.314109 -0.37434 3.85426
      vertex 0.300853 -0.385075 3.85426
    endloop
  endfacet
  facet normal 0.0210072 -0.0278773 0.999391
    outer loop
      vertex -0.300853 0.385075 3.85426
      vertex -0.287231 0.39534 3.85426
      vertex -0.902194 1.15476 3.88837
    endloop
  endfacet
  facet normal 0.0179814 0.0299187 0.999391
    outer loop
      vertex -0.732703 -1.26908 3.88837
      vertex -0.258954 -0.414412 3.85426
      vertex -0.776546 -1.24273 3.88837
    endloop
  endfacet
  facet normal 0.0179793 0.0299198 0.999391
    outer loop
      vertex -0.244333 -0.423198 3.85426
      vertex -0.258954 -0.414412 3.85426
      vertex -0.732703 -1.26908 3.88837
    endloop
  endfacet
  facet normal -0.0758065 -0.116742 0.990265
    outer loop
      vertex 1.90816 2.82896 4.05871
      vertex 2.44936 3.63132 4.19473
      vertex 1.80826 2.89383 4.05871
    endloop
  endfacet
  facet normal -0.0798454 -0.114018 0.990265
    outer loop
      vertex 2.00572 2.76064 4.05871
      vertex 2.44936 3.63132 4.19473
      vertex 1.90816 2.82896 4.05871
    endloop
  endfacet
  facet normal -0.0493358 -0.0493358 0.997563
    outer loop
      vertex 1.69522 1.75545 3.95655
      vertex 1.05412 1.01796 3.88837
      vertex 1.75545 1.69522 3.95655
    endloop
  endfacet
  facet normal -0.0493358 -0.0493358 0.997563
    outer loop
      vertex 1.05412 1.01796 3.88837
      vertex 1.69522 1.75545 3.95655
      vertex 1.01796 1.05412 3.88837
    endloop
  endfacet
  facet normal -0.0475815 -0.0510299 0.997563
    outer loop
      vertex 1.69522 1.75545 3.95655
      vertex 1.63292 1.81354 3.95655
      vertex 1.01796 1.05412 3.88837
    endloop
  endfacet
  facet normal -0.1387 -0.104519 0.984804
    outer loop
      vertex 3.54363 2.5746 4.19473
      vertex 4.21007 3.28926 4.36444
      vertex 3.45162 2.6967 4.19473
    endloop
  endfacet
  facet normal -0.111165 -0.0837697 0.990265
    outer loop
      vertex 3.54363 2.5746 4.19473
      vertex 3.45162 2.6967 4.19473
      vertex 2.76064 2.00572 4.05871
    endloop
  endfacet
  facet normal -0.205384 0.0325264 0.978141
    outer loop
      vertex 6.20294 -1.09375 4.56764
      vertex 6.23733 -0.876599 4.56764
      vertex 5.29066 -0.743553 4.36444
    endloop
  endfacet
  facet normal -0.206395 0.0253345 0.978141
    outer loop
      vertex 6.23733 -0.876599 4.56764
      vertex 5.31338 -0.558458 4.36444
      vertex 5.29066 -0.743553 4.36444
    endloop
  endfacet
  facet normal -0.170482 0.0331355 0.984804
    outer loop
      vertex 5.2259 -1.1108 4.36444
      vertex 5.26148 -0.927741 4.36444
      vertex 4.28445 -0.910687 4.19473
    endloop
  endfacet
  facet normal -0.170482 0.0331354 0.984804
    outer loop
      vertex 5.26148 -0.927741 4.36444
      vertex 4.31362 -0.760607 4.19473
      vertex 4.28445 -0.910687 4.19473
    endloop
  endfacet
  facet normal -0.20791 -0.00363199 0.978141
    outer loop
      vertex 6.29863 0 4.56764
      vertex 6.29479 0.219818 4.56764
      vertex 5.34265 0 4.36444
    endloop
  endfacet
  facet normal -0.207657 0.0108831 0.978141
    outer loop
      vertex 6.28329 -0.43937 4.56764
      vertex 5.3394 -0.186456 4.36444
      vertex 5.32964 -0.372684 4.36444
    endloop
  endfacet
  facet normal -0.200858 0.0538135 0.978141
    outer loop
      vertex 6.11153 -1.52378 4.56764
      vertex 5.18395 -1.2925 4.36444
      vertex 5.13569 -1.47263 4.36444
    endloop
  endfacet
  facet normal -0.233693 0.0626161 0.970292
    outer loop
      vertex 6.05463 -1.73614 4.56764
      vertex 6.37066 -1.66741 4.63932
      vertex 6.11153 -1.52378 4.56764
    endloop
  endfacet
  facet normal -0.2337 0.0626494 0.970288
    outer loop
      vertex 6.37066 -1.66741 4.63932
      vertex 6.05463 -1.73614 4.56764
      vertex 6.36249 -1.82442 4.64749
    endloop
  endfacet
  facet normal -0.188445 0.0878975 0.978142
    outer loop
      vertex 4.88075 -2.17305 4.36444
      vertex 5.49726 -2.57406 4.51925
      vertex 5.60991 -2.49769 4.53409
    endloop
  endfacet
  facet normal -0.188444 0.087899 0.978142
    outer loop
      vertex 5.49726 -2.57406 4.51925
      vertex 4.88075 -2.17305 4.36444
      vertex 5.45032 -2.60225 4.51274
    endloop
  endfacet
  facet normal -0.0947488 0.0441851 0.99452
    outer loop
      vertex 3.11733 -1.38792 4.05871
      vertex 2.22938 -0.992583 3.95655
      vertex 2.19338 -1.06978 3.95655
    endloop
  endfacet
  facet normal -0.131612 0.0453154 0.990265
    outer loop
      vertex 4.11601 -1.4981 4.19473
      vertex 4.16578 -1.35355 4.19473
      vertex 3.20655 -1.16709 4.05871
    endloop
  endfacet
  facet normal -0.164211 0.0565394 0.984804
    outer loop
      vertex 5.02045 -1.82729 4.36444
      vertex 4.16578 -1.35355 4.19473
      vertex 4.11601 -1.4981 4.19473
    endloop
  endfacet
  facet normal -0.191408 0.0812576 0.978141
    outer loop
      vertex 5.63606 -2.47924 4.53768
      vertex 5.81827 -2.35073 4.56266
      vertex 4.95362 -2.00139 4.36444
    endloop
  endfacet
  facet normal -0.111169 0.0837654 0.990265
    outer loop
      vertex 3.45162 -2.6967 4.19473
      vertex 2.76064 -2.00572 4.05871
      vertex 2.68896 -2.10085 4.05871
    endloop
  endfacet
  facet normal -0.116742 0.0758065 0.990265
    outer loop
      vertex 3.63132 -2.44936 4.19473
      vertex 2.89383 -1.80826 4.05871
      vertex 2.82896 -1.90816 4.05871
    endloop
  endfacet
  facet normal -0.0163485 0.103259 0.99452
    outer loop
      vertex 0.592546 -3.3605 4.05871
      vertex 0.423763 -2.40329 3.95655
      vertex 0.339632 -2.41661 3.95655
    endloop
  endfacet
  facet normal -0.0109106 0.0689129 0.997563
    outer loop
      vertex 0.339632 -2.41661 3.95655
      vertex 0.423763 -2.40329 3.95655
      vertex 0.254465 -1.44314 3.88837
    endloop
  endfacet
  facet normal 0.0266034 0.136621 0.990266
    outer loop
      vertex -0.711723 -4.03639 4.15516
      vertex -0.592546 -3.3605 4.05871
      vertex -0.822747 -4.02905 4.15713
    endloop
  endfacet
  facet normal 0.0217408 0.137478 0.990266
    outer loop
      vertex -0.604446 -4.04219 4.15361
      vertex -0.592546 -3.3605 4.05871
      vertex -0.711723 -4.03639 4.15516
    endloop
  endfacet
  facet normal 0.0121636 0.138652 0.990266
    outer loop
      vertex -0.283511 -4.0544 4.15033
      vertex -0.238032 -3.40403 4.05871
      vertex -0.387462 -4.05128 4.15117
    endloop
  endfacet
  facet normal 0.00729889 0.138998 0.990266
    outer loop
      vertex -0.119088 -3.41026 4.05871
      vertex -0.180971 -4.05625 4.14984
      vertex -0.141672 -4.05696 4.14965
    endloop
  endfacet
  facet normal 0.00728047 0.139 0.990266
    outer loop
      vertex -0.180971 -4.05625 4.14984
      vertex -0.119088 -3.41026 4.05871
      vertex -0.238032 -3.40403 4.05871
    endloop
  endfacet
  facet normal -0.0988503 0.0340342 0.99452
    outer loop
      vertex 3.20655 -1.16709 4.05871
      vertex 2.32092 -0.754112 3.95655
      vertex 2.29319 -0.834652 3.95655
    endloop
  endfacet
  facet normal -0.0988486 0.0340379 0.99452
    outer loop
      vertex 3.20655 -1.16709 4.05871
      vertex 3.24533 -1.05447 4.05871
      vertex 2.32092 -0.754112 3.95655
    endloop
  endfacet
  facet normal -0.100982 0.0270606 0.99452
    outer loop
      vertex 3.28015 -0.940568 4.05871
      vertex 3.31098 -0.82552 4.05871
      vertex 2.36787 -0.590376 3.95655
    endloop
  endfacet
  facet normal -0.13445 0.0360342 0.990265
    outer loop
      vertex 4.21048 -1.20734 4.19473
      vertex 4.25006 -1.05966 4.19473
      vertex 3.28015 -0.940568 4.05871
    endloop
  endfacet
  facet normal -0.0598059 0.0359359 0.997563
    outer loop
      vertex 2.06954 -1.29319 3.95655
      vertex 2.11341 -1.22018 3.95655
      vertex 1.26908 -0.732703 3.88837
    endloop
  endfacet
  facet normal -0.0610226 0.0338286 0.997563
    outer loop
      vertex 2.11341 -1.22018 3.95655
      vertex 2.15471 -1.14568 3.95655
      vertex 1.26908 -0.732703 3.88837
    endloop
  endfacet
  facet normal -0.119315 0.0716892 0.990265
    outer loop
      vertex 3.71459 -2.32113 4.19473
      vertex 2.95517 -1.70617 4.05871
      vertex 2.89383 -1.80826 4.05871
    endloop
  endfacet
  facet normal -0.11674 0.0758088 0.990265
    outer loop
      vertex 3.63132 -2.44936 4.19473
      vertex 3.71459 -2.32113 4.19473
      vertex 2.89383 -1.80826 4.05871
    endloop
  endfacet
  facet normal -0.124023 0.0631951 0.990265
    outer loop
      vertex 3.86746 -2.05636 4.19473
      vertex 3.93687 -1.92014 4.19473
      vertex 3.01292 -1.602 4.05871
    endloop
  endfacet
  facet normal -0.159865 0.0678626 0.984804
    outer loop
      vertex 4.88075 -2.17305 4.36444
      vertex 4.06122 -1.64084 4.19473
      vertex 4.00148 -1.78157 4.19473
    endloop
  endfacet
  facet normal -0.121739 0.0674901 0.990265
    outer loop
      vertex 3.86746 -2.05636 4.19473
      vertex 3.01292 -1.602 4.05871
      vertex 2.95517 -1.70617 4.05871
    endloop
  endfacet
  facet normal -0.091434 0.0506894 0.99452
    outer loop
      vertex 2.95517 -1.70617 4.05871
      vertex 3.01292 -1.602 4.05871
      vertex 2.15471 -1.14568 3.95655
    endloop
  endfacet
  facet normal 0.0292778 -0.0190071 0.999391
    outer loop
      vertex -0.414412 0.258954 3.85426
      vertex -1.21488 0.819445 3.88837
      vertex -1.24273 0.776546 3.88837
    endloop
  endfacet
  facet normal 0.0348586 0.00182749 0.999391
    outer loop
      vertex -0.487476 -0.0340872 3.85426
      vertex -0.488369 -0.0170536 3.85426
      vertex -1.46451 -0.0511417 3.88837
    endloop
  endfacet
  facet normal -0.0696767 0.00364212 0.997563
    outer loop
      vertex 2.43442 -0.170231 3.95655
      vertex 1.46451 -0.0511417 3.88837
      vertex 1.46184 -0.102221 3.88837
    endloop
  endfacet
  facet normal -0.0696763 0.00364501 0.997563
    outer loop
      vertex 2.43442 -0.170231 3.95655
      vertex 2.43887 -0.0851669 3.95655
      vertex 1.46451 -0.0511417 3.88837
    endloop
  endfacet
  facet normal -0.0452725 0.131621 0.990266
    outer loop
      vertex 1.31833 -3.98461 4.16904
      vertex 1.44502 -3.97015 4.17291
      vertex 1.16709 -3.20655 4.05871
    endloop
  endfacet
  facet normal -0.0498579 0.129952 0.990266
    outer loop
      vertex 1.44502 -3.97015 4.17291
      vertex 1.58086 -3.95301 4.1775
      vertex 1.16709 -3.20655 4.05871
    endloop
  endfacet
  facet normal -0.131129 0.113893 0.984801
    outer loop
      vertex 3.3554 -2.81552 4.19473
      vertex 3.79142 -3.41381 4.32198
      vertex 3.82926 -3.40068 4.3255
    endloop
  endfacet
  facet normal -0.131068 0.113938 0.984804
    outer loop
      vertex 3.79142 -3.41381 4.32198
      vertex 3.3554 -2.81552 4.19473
      vertex 3.2551 -2.9309 4.19473
    endloop
  endfacet
  facet normal -0.0629135 0.083496 0.99452
    outer loop
      vertex 2.00572 -2.76064 4.05871
      vertex 1.50244 -1.92303 3.95655
      vertex 1.43441 -1.97429 3.95655
    endloop
  endfacet
  facet normal -0.0716892 0.119315 0.990265
    outer loop
      vertex 2.32113 -3.71459 4.19473
      vertex 1.80826 -2.89383 4.05871
      vertex 1.70617 -2.95517 4.05871
    endloop
  endfacet
  facet normal -0.0538457 0.0896119 0.99452
    outer loop
      vertex 1.70617 -2.95517 4.05871
      vertex 1.29319 -2.06954 3.95655
      vertex 1.22018 -2.11341 3.95655
    endloop
  endfacet
  facet normal -0.0538433 0.089613 0.99452
    outer loop
      vertex 1.70617 -2.95517 4.05871
      vertex 1.80826 -2.89383 4.05871
      vertex 1.29319 -2.06954 3.95655
    endloop
  endfacet
  facet normal 0.0147539 0.0316349 0.999391
    outer loop
      vertex -0.596034 -1.33872 3.88837
      vertex -0.198758 -0.44642 3.85426
      vertex -0.642391 -1.3171 3.88837
    endloop
  endfacet
  facet normal 0.032588 -0.0125092 0.999391
    outer loop
      vertex -0.459197 0.167133 3.85426
      vertex -1.3587 0.54895 3.88837
      vertex -1.37703 0.501198 3.88837
    endloop
  endfacet
  facet normal 0.0311015 0.0158475 0.999391
    outer loop
      vertex -0.431467 -0.229415 3.85426
      vertex -0.439211 -0.214217 3.85426
      vertex -1.29388 -0.687966 3.88837
    endloop
  endfacet
  facet normal -0.0136385 -0.0321315 0.999391
    outer loop
      vertex 0.198758 0.44642 3.85426
      vertex 0.596034 1.33872 3.88837
      vertex 0.183058 0.453084 3.85426
    endloop
  endfacet
  facet normal 0.0169226 0.0305299 0.999391
    outer loop
      vertex -0.229415 -0.431467 3.85426
      vertex -0.244333 -0.423198 3.85426
      vertex -0.732703 -1.26908 3.88837
    endloop
  endfacet
  facet normal -0.00425261 0.0346463 0.999391
    outer loop
      vertex 0.153176 -1.45738 3.88837
      vertex 0.0680084 -0.483912 3.85426
      vertex 0.0510788 -0.48599 3.85426
    endloop
  endfacet
  facet normal -0.13861 0.104601 0.984808
    outer loop
      vertex 3.54363 -2.5746 4.19473
      vertex 4.18456 -3.26933 4.35873
      vertex 4.18954 -3.26725 4.35921
    endloop
  endfacet
  facet normal -0.138699 0.104518 0.984804
    outer loop
      vertex 4.18456 -3.26933 4.35873
      vertex 3.54363 -2.5746 4.19473
      vertex 3.45162 -2.6967 4.19473
    endloop
  endfacet
  facet normal -0.0764634 0.0712963 0.99452
    outer loop
      vertex 2.45463 -2.37041 4.05871
      vertex 1.81354 -1.63292 3.95655
      vertex 1.75545 -1.69522 3.95655
    endloop
  endfacet
  facet normal -0.0510299 0.0475815 0.997563
    outer loop
      vertex 1.75545 -1.69522 3.95655
      vertex 1.81354 -1.63292 3.95655
      vertex 1.05412 -1.01796 3.88837
    endloop
  endfacet
  facet normal 0.0219673 0.0271272 0.999391
    outer loop
      vertex -0.902194 -1.15476 3.88837
      vertex -0.300853 -0.385075 3.85426
      vertex -0.941945 -1.12257 3.88837
    endloop
  endfacet
  facet normal 0.034901 0.000614193 0.999391
    outer loop
      vertex -1.46451 -0.0511417 3.88837
      vertex -0.488369 -0.0170536 3.85426
      vertex -1.46541 0 3.88837
    endloop
  endfacet
  facet normal -0.0457771 0.0526559 0.997563
    outer loop
      vertex 1.56863 -1.86942 3.95655
      vertex 0.980548 -1.08901 3.88837
      vertex 0.941945 -1.12257 3.88837
    endloop
  endfacet
  facet normal -0.0439142 0.054219 0.997563
    outer loop
      vertex 1.50244 -1.92303 3.95655
      vertex 1.56863 -1.86942 3.95655
      vertex 0.941945 -1.12257 3.88837
    endloop
  endfacet
  facet normal -0.0400213 0.0571524 0.997563
    outer loop
      vertex 1.43441 -1.97429 3.95655
      vertex 0.861344 -1.18554 3.88837
      vertex 0.819445 -1.21488 3.88837
    endloop
  endfacet
  facet normal -0.0200223 0.0285929 0.999391
    outer loop
      vertex 0.819445 -1.21488 3.88837
      vertex 0.861344 -1.18554 3.88837
      vertex 0.287231 -0.39534 3.85426
    endloop
  endfacet
  facet normal 0.0125093 0.032588 0.999391
    outer loop
      vertex -0.167133 -0.459197 3.85426
      vertex -0.183058 -0.453084 3.85426
      vertex -0.54895 -1.3587 3.88837
    endloop
  endfacet
  facet normal -0.0272551 0.0642281 0.997563
    outer loop
      vertex 0.914175 -2.26266 3.95655
      vertex 0.596034 -1.33872 3.88837
      vertex 0.54895 -1.3587 3.88837
    endloop
  endfacet
  facet normal -0.0250036 0.0651377 0.997563
    outer loop
      vertex 0.914175 -2.26266 3.95655
      vertex 0.54895 -1.3587 3.88837
      vertex 0.501198 -1.37703 3.88837
    endloop
  endfacet
  facet normal 0.00304364 0.0347733 0.999391
    outer loop
      vertex -0.102221 -1.46184 3.88837
      vertex -0.0340872 -0.487476 3.85426
      vertex -0.153176 -1.45738 3.88837
    endloop
  endfacet
  facet normal -0.0441841 0.0947491 0.99452
    outer loop
      vertex 1.38792 -3.11733 4.05871
      vertex 1.49587 -3.06699 4.05871
      vertex 1.06978 -2.19338 3.95655
    endloop
  endfacet
  facet normal -0.0441851 0.0947488 0.99452
    outer loop
      vertex 1.38792 -3.11733 4.05871
      vertex 1.06978 -2.19338 3.95655
      vertex 0.992583 -2.22938 3.95655
    endloop
  endfacet
  facet normal 0.021006 0.0278783 0.999391
    outer loop
      vertex -0.861344 -1.18554 3.88837
      vertex -0.287231 -0.39534 3.85426
      vertex -0.902194 -1.15476 3.88837
    endloop
  endfacet
  facet normal 0.0200223 0.0285929 0.999391
    outer loop
      vertex -0.819445 -1.21488 3.88837
      vertex -0.287231 -0.39534 3.85426
      vertex -0.861344 -1.18554 3.88837
    endloop
  endfacet
  facet normal 0.0263454 -0.022899 0.999391
    outer loop
      vertex -0.37434 0.314109 3.85426
      vertex -0.363151 0.326982 3.85426
      vertex -1.12257 0.941945 3.88837
    endloop
  endfacet
  facet normal 0.0338281 0.0610228 0.997563
    outer loop
      vertex -0.687966 -1.29388 3.88837
      vertex -0.732703 -1.26908 3.88837
      vertex -1.14568 -2.15471 3.95655
    endloop
  endfacet
  facet normal 0.0271267 0.0219678 0.999391
    outer loop
      vertex -0.37434 -0.314109 3.85426
      vertex -0.385075 -0.300853 3.85426
      vertex -1.12257 -0.941945 3.88837
    endloop
  endfacet
  facet normal 0.0299198 -0.0179793 0.999391
    outer loop
      vertex -0.423198 0.244333 3.85426
      vertex -0.414412 0.258954 3.85426
      vertex -1.26908 0.732703 3.88837
    endloop
  endfacet
  facet normal 0.01806 0.0673935 0.997563
    outer loop
      vertex -0.354513 -1.42188 3.88837
      vertex -0.40392 -1.40864 3.88837
      vertex -0.672654 -2.34583 3.95655
    endloop
  endfacet
  facet normal 0.0204057 0.0667209 0.997563
    outer loop
      vertex -0.40392 -1.40864 3.88837
      vertex -0.452835 -1.39368 3.88837
      vertex -0.672654 -2.34583 3.95655
    endloop
  endfacet
  facet normal 0.0238071 0.025528 0.999391
    outer loop
      vertex -0.980548 -1.08901 3.88837
      vertex -0.339457 -0.351518 3.85426
      vertex -1.01796 -1.05412 3.88837
    endloop
  endfacet
  facet normal 0.0125092 0.032588 0.999391
    outer loop
      vertex -0.501198 -1.37703 3.88837
      vertex -0.167133 -0.459197 3.85426
      vertex -0.54895 -1.3587 3.88837
    endloop
  endfacet
  facet normal -0.0169226 -0.0305299 0.999391
    outer loop
      vertex 0.244333 0.423198 3.85426
      vertex 0.732703 1.26908 3.88837
      vertex 0.229415 0.431467 3.85426
    endloop
  endfacet
  facet normal 0.0179793 -0.0299198 0.999391
    outer loop
      vertex -0.258954 0.414412 3.85426
      vertex -0.244333 0.423198 3.85426
      vertex -0.732703 1.26908 3.88837
    endloop
  endfacet
  facet normal 0.0457771 0.0526559 0.997563
    outer loop
      vertex -0.941945 -1.12257 3.88837
      vertex -0.980548 -1.08901 3.88837
      vertex -1.56863 -1.86942 3.95655
    endloop
  endfacet
  facet normal 0.0229017 0.0263431 0.999391
    outer loop
      vertex -0.941945 -1.12257 3.88837
      vertex -0.326982 -0.363151 3.85426
      vertex -0.980548 -1.08901 3.88837
    endloop
  endfacet
  facet normal 0.0190102 0.0292756 0.999391
    outer loop
      vertex -0.258954 -0.414412 3.85426
      vertex -0.273259 -0.405123 3.85426
      vertex -0.819445 -1.21488 3.88837
    endloop
  endfacet
  facet normal 0.0333811 -0.0102055 0.999391
    outer loop
      vertex -0.469737 0.134694 3.85426
      vertex -0.46475 0.151006 3.85426
      vertex -1.40864 0.40392 3.88837
    endloop
  endfacet
  facet normal 0.0330047 -0.0113645 0.999391
    outer loop
      vertex -0.46475 0.151006 3.85426
      vertex -0.459197 0.167133 3.85426
      vertex -1.39368 0.452835 3.88837
    endloop
  endfacet
  facet normal -0.0125093 0.032588 0.999391
    outer loop
      vertex 0.54895 -1.3587 3.88837
      vertex 0.183058 -0.453084 3.85426
      vertex 0.167133 -0.459197 3.85426
    endloop
  endfacet
  facet normal 0.0697614 0.00122767 0.997563
    outer loop
      vertex -1.46451 -0.0511417 3.88837
      vertex -1.46541 0 3.88837
      vertex -2.44036 0 3.95655
    endloop
  endfacet
  facet normal 0.0697614 -0.00122767 0.997563
    outer loop
      vertex -1.46541 0 3.88837
      vertex -1.46451 0.0511417 3.88837
      vertex -2.44036 0 3.95655
    endloop
  endfacet
  facet normal 0.0147526 -0.0316356 0.999391
    outer loop
      vertex -0.214217 0.439211 3.85426
      vertex -0.198758 0.44642 3.85426
      vertex -0.642391 1.3171 3.88837
    endloop
  endfacet
  facet normal 0.0342649 -0.00666143 0.999391
    outer loop
      vertex -0.481243 0.084856 3.85426
      vertex -0.477988 0.101599 3.85426
      vertex -1.43338 0.304675 3.88837
    endloop
  endfacet
  facet normal 0.0169239 0.0305292 0.999391
    outer loop
      vertex -0.687966 -1.29388 3.88837
      vertex -0.229415 -0.431467 3.85426
      vertex -0.732703 -1.26908 3.88837
    endloop
  endfacet
  facet normal -0.000614193 0.034901 0.999391
    outer loop
      vertex 0.0511417 -1.46451 3.88837
      vertex 0.0170536 -0.488369 3.85426
      vertex 0 -1.46541 3.88837
    endloop
  endfacet
  facet normal -0.00122767 0.0697614 0.997563
    outer loop
      vertex 0.0511417 -1.46451 3.88837
      vertex 0 -1.46541 3.88837
      vertex 0 -2.44036 3.95655
    endloop
  endfacet
  facet normal 0.0136385 0.0321315 0.999391
    outer loop
      vertex -0.183058 -0.453084 3.85426
      vertex -0.198758 -0.44642 3.85426
      vertex -0.596034 -1.33872 3.88837
    endloop
  endfacet
  facet normal 0.0685824 0.0789042 0.99452
    outer loop
      vertex -1.56863 -1.86942 3.95655
      vertex -1.63292 -1.81354 3.95655
      vertex -2.19341 -2.61401 4.05871
    endloop
  endfacet
  facet normal 0.0657898 0.0812475 0.99452
    outer loop
      vertex -2.10085 -2.68896 4.05871
      vertex -1.56863 -1.86942 3.95655
      vertex -2.19341 -2.61401 4.05871
    endloop
  endfacet
  facet normal 0.0739249 0.0739249 0.99452
    outer loop
      vertex -1.75545 -1.69522 3.95655
      vertex -2.37041 -2.45463 4.05871
      vertex -1.69522 -1.75545 3.95655
    endloop
  endfacet
  facet normal 0.0739249 0.0739249 0.99452
    outer loop
      vertex -2.37041 -2.45463 4.05871
      vertex -1.75545 -1.69522 3.95655
      vertex -2.45463 -2.37041 4.05871
    endloop
  endfacet
  facet normal 0.0758065 0.116742 0.990265
    outer loop
      vertex -1.80826 -2.89383 4.05871
      vertex -1.90816 -2.82896 4.05871
      vertex -2.44936 -3.63132 4.19473
    endloop
  endfacet
  facet normal 0.0758088 0.11674 0.990265
    outer loop
      vertex -2.32113 -3.71459 4.19473
      vertex -1.80826 -2.89383 4.05871
      vertex -2.44936 -3.63132 4.19473
    endloop
  endfacet
  facet normal 0.0246826 -0.0246826 0.999391
    outer loop
      vertex -1.01796 1.05412 3.88837
      vertex -0.351518 0.339457 3.85426
      vertex -0.339457 0.351518 3.85426
    endloop
  endfacet
  facet normal 0.0246826 -0.0246826 0.999391
    outer loop
      vertex -0.351518 0.339457 3.85426
      vertex -1.01796 1.05412 3.88837
      vertex -1.05412 1.01796 3.88837
    endloop
  endfacet
  facet normal 0.0246826 0.0246826 0.999391
    outer loop
      vertex -0.351518 -0.339457 3.85426
      vertex -1.01796 -1.05412 3.88837
      vertex -0.339457 -0.351518 3.85426
    endloop
  endfacet
  facet normal 0.0246826 0.0246826 0.999391
    outer loop
      vertex -1.01796 -1.05412 3.88837
      vertex -0.351518 -0.339457 3.85426
      vertex -1.05412 -1.01796 3.88837
    endloop
  endfacet
  facet normal 0.0321329 -0.0136355 0.999391
    outer loop
      vertex -0.453084 0.183058 3.85426
      vertex -1.33872 0.596034 3.88837
      vertex -1.3587 0.54895 3.88837
    endloop
  endfacet
  facet normal 0.0285938 0.020021 0.999391
    outer loop
      vertex -0.39534 -0.287231 3.85426
      vertex -0.405123 -0.273259 3.85426
      vertex -1.21488 -0.819445 3.88837
    endloop
  endfacet
  facet normal 0.0271272 0.0219673 0.999391
    outer loop
      vertex -1.12257 -0.941945 3.88837
      vertex -0.385075 -0.300853 3.85426
      vertex -1.15476 -0.902194 3.88837
    endloop
  endfacet
  facet normal 0.0557239 0.0419875 0.997563
    outer loop
      vertex -1.92303 -1.50244 3.95655
      vertex -1.18554 -0.861344 3.88837
      vertex -1.97429 -1.43441 3.95655
    endloop
  endfacet
  facet normal 0.105046 0.091327 0.990265
    outer loop
      vertex -2.53586 -2.2833 4.05871
      vertex -2.61401 -2.19341 4.05871
      vertex -3.3554 -2.81552 4.19473
    endloop
  endfacet
  facet normal 0.078897 0.0685927 0.99452
    outer loop
      vertex -2.53586 -2.2833 4.05871
      vertex -1.81354 -1.63292 3.95655
      vertex -2.61401 -2.19341 4.05871
    endloop
  endfacet
  facet normal 0.0891614 0.148972 0.984814
    outer loop
      vertex -2.36059 -3.81737 4.21385
      vertex -2.32113 -3.71459 4.19473
      vertex -2.38241 -3.81264 4.21511
    endloop
  endfacet
  facet normal 0.0587864 0.126171 0.990265
    outer loop
      vertex -1.74968 -3.92985 4.18371
      vertex -1.38792 -3.11733 4.05871
      vertex -1.90084 -3.90714 4.18979
    endloop
  endfacet
  facet normal 0.118457 0.127003 0.984804
    outer loop
      vertex -3.31302 -3.56705 4.28092
      vertex -3.04272 -3.15083 4.19473
      vertex -3.41486 -3.53619 4.28919
    endloop
  endfacet
  facet normal 0.0571524 -0.0400213 0.997563
    outer loop
      vertex -1.21488 0.819445 3.88837
      vertex -1.18554 0.861344 3.88837
      vertex -1.97429 1.43441 3.95655
    endloop
  endfacet
  facet normal 0.0571541 -0.0400193 0.997563
    outer loop
      vertex -1.21488 0.819445 3.88837
      vertex -1.97429 1.43441 3.95655
      vertex -2.02315 1.36463 3.95655
    endloop
  endfacet
  facet normal 0.07869 0.154494 0.984855
    outer loop
      vertex -2.0146 -3.88873 4.19473
      vertex -2.05636 -3.86746 4.19473
      vertex -2.06284 -3.87965 4.19716
    endloop
  endfacet
  facet normal 0.231393 0.0707475 0.970285
    outer loop
      vertex -6.05463 -1.73614 4.56764
      vertex -6.28193 -1.96166 4.63829
      vertex -5.99035 -1.94638 4.56764
    endloop
  endfacet
  facet normal 0.231371 0.0707708 0.970288
    outer loop
      vertex -6.36249 -1.82442 4.64749
      vertex -6.28193 -1.96166 4.63829
      vertex -6.05463 -1.73614 4.56764
    endloop
  endfacet
  facet normal 0.231275 0.0707125 0.970315
    outer loop
      vertex -6.28193 -1.96166 4.63829
      vertex -6.36249 -1.82442 4.64749
      vertex -6.35843 -1.89341 4.65155
    endloop
  endfacet
  facet normal 0.231403 0.0706017 0.970293
    outer loop
      vertex -6.21665 -2.01991 4.62696
      vertex -5.99035 -1.94638 4.56764
      vertex -6.28193 -1.96166 4.63829
    endloop
  endfacet
  facet normal 0.240144 0.0294823 0.970289
    outer loop
      vertex -6.26412 -0.658385 4.56764
      vertex -6.40216 -0.85636 4.60782
      vertex -6.23733 -0.876599 4.56764
    endloop
  endfacet
  facet normal 0.24012 0.0295001 0.970295
    outer loop
      vertex -6.40216 -0.85636 4.60782
      vertex -6.26412 -0.658385 4.56764
      vertex -6.40662 -0.673362 4.60336
    endloop
  endfacet
  facet normal 0.240133 0.0293814 0.970295
    outer loop
      vertex -6.40111 -0.899617 4.60887
      vertex -6.23733 -0.876599 4.56764
      vertex -6.40216 -0.85636 4.60782
    endloop
  endfacet
  facet normal 0.0999757 -0.0305727 0.99452
    outer loop
      vertex -2.34583 0.672654 3.95655
      vertex -2.32092 0.754112 3.95655
      vertex -3.28015 0.940568 4.05871
    endloop
  endfacet
  facet normal 0.0667214 -0.0204035 0.997563
    outer loop
      vertex -1.39368 0.452835 3.88837
      vertex -2.32092 0.754112 3.95655
      vertex -2.34583 0.672654 3.95655
    endloop
  endfacet
  facet normal 0.0333802 0.0102089 0.999391
    outer loop
      vertex -1.39368 -0.452835 3.88837
      vertex -0.46475 -0.151006 3.85426
      vertex -1.40864 -0.40392 3.88837
    endloop
  endfacet
  facet normal 0.0667209 0.0204057 0.997563
    outer loop
      vertex -1.39368 -0.452835 3.88837
      vertex -1.40864 -0.40392 3.88837
      vertex -2.34583 -0.672654 3.95655
    endloop
  endfacet
  facet normal 0.025528 -0.0238071 0.999391
    outer loop
      vertex -0.351518 0.339457 3.85426
      vertex -1.05412 1.01796 3.88837
      vertex -1.08901 0.980548 3.88837
    endloop
  endfacet
  facet normal 0.034901 -0.000614193 0.999391
    outer loop
      vertex -0.488369 0.0170536 3.85426
      vertex -1.46451 0.0511417 3.88837
      vertex -1.46541 0 3.88837
    endloop
  endfacet
  facet normal 0.0642281 0.0272551 0.997563
    outer loop
      vertex -1.33872 -0.596034 3.88837
      vertex -1.3587 -0.54895 3.88837
      vertex -2.26266 -0.914175 3.95655
    endloop
  endfacet
  facet normal 0.0651377 0.0250036 0.997563
    outer loop
      vertex -1.3587 -0.54895 3.88837
      vertex -1.37703 -0.501198 3.88837
      vertex -2.26266 -0.914175 3.95655
    endloop
  endfacet
  facet normal 0.170482 0.0331354 0.984804
    outer loop
      vertex -4.28445 -0.910687 4.19473
      vertex -4.31362 -0.760607 4.19473
      vertex -5.26148 -0.927741 4.36444
    endloop
  endfacet
  facet normal 0.136638 0.0265574 0.990265
    outer loop
      vertex -4.28445 -0.910687 4.19473
      vertex -3.3605 -0.592546 4.05871
      vertex -4.31362 -0.760607 4.19473
    endloop
  endfacet
  facet normal 0.19413 0.0745196 0.978141
    outer loop
      vertex -5.91878 -2.15426 4.56764
      vertex -5.81827 -2.35073 4.56266
      vertex -4.95362 -2.00139 4.36444
    endloop
  endfacet
  facet normal 0.194188 0.0745494 0.978128
    outer loop
      vertex -5.81827 -2.35073 4.56266
      vertex -5.91878 -2.15426 4.56764
      vertex -5.85319 -2.32511 4.56764
    endloop
  endfacet
  facet normal 0.191408 0.0812576 0.978141
    outer loop
      vertex -5.63606 -2.47924 4.53768
      vertex -4.95362 -2.00139 4.36444
      vertex -5.81827 -2.35073 4.56266
    endloop
  endfacet
  facet normal 0.162137 0.0622379 0.984804
    outer loop
      vertex -4.95362 -2.00139 4.36444
      vertex -4.06122 -1.64084 4.19473
      vertex -5.02045 -1.82729 4.36444
    endloop
  endfacet
  facet normal 0.19413 0.0745188 0.978141
    outer loop
      vertex -4.95362 -2.00139 4.36444
      vertex -5.02045 -1.82729 4.36444
      vertex -5.91878 -2.15426 4.56764
    endloop
  endfacet
  facet normal 0.126156 0.0588217 0.990265
    outer loop
      vertex -3.93687 -1.92014 4.19473
      vertex -3.11733 -1.38792 4.05871
      vertex -4.00148 -1.78157 4.19473
    endloop
  endfacet
  facet normal 0.157403 0.0733912 0.984804
    outer loop
      vertex -3.93687 -1.92014 4.19473
      vertex -4.00148 -1.78157 4.19473
      vertex -4.88075 -2.17305 4.36444
    endloop
  endfacet
  facet normal 0.121739 0.0674901 0.990265
    outer loop
      vertex -2.95517 -1.70617 4.05871
      vertex -3.01292 -1.602 4.05871
      vertex -3.86746 -2.05636 4.19473
    endloop
  endfacet
  facet normal 0.148866 0.0894446 0.984804
    outer loop
      vertex -3.71459 -2.32113 4.19473
      vertex -3.79333 -2.19008 4.19473
      vertex -4.62687 -2.67133 4.36444
    endloop
  endfacet
  facet normal 0.101866 0.0235146 0.99452
    outer loop
      vertex -3.31098 -0.82552 4.05871
      vertex -2.36787 -0.590376 3.95655
      vertex -3.33777 -0.709465 4.05871
    endloop
  endfacet
  facet normal 0.100982 0.0270606 0.99452
    outer loop
      vertex -3.28015 -0.940568 4.05871
      vertex -2.36787 -0.590376 3.95655
      vertex -3.31098 -0.82552 4.05871
    endloop
  endfacet
  facet normal 0.166083 0.0507757 0.984804
    outer loop
      vertex -4.16578 -1.35355 4.19473
      vertex -4.21048 -1.20734 4.19473
      vertex -5.08116 -1.65097 4.36444
    endloop
  endfacet
  facet normal 0.16608 0.0507815 0.984804
    outer loop
      vertex -5.08116 -1.65097 4.36444
      vertex -4.21048 -1.20734 4.19473
      vertex -5.13569 -1.47263 4.36444
    endloop
  endfacet
  facet normal 0.185278 0.0944006 0.978141
    outer loop
      vertex -4.80194 -2.34206 4.36444
      vertex -5.33072 -2.67259 4.4965
      vertex -4.71728 -2.50822 4.36444
    endloop
  endfacet
  facet normal 0.185287 0.0943858 0.978141
    outer loop
      vertex -5.33072 -2.67259 4.4965
      vertex -4.80194 -2.34206 4.36444
      vertex -5.39883 -2.63319 4.5056
    endloop
  endfacet
  facet normal 0.18846 0.0878797 0.978141
    outer loop
      vertex -4.88075 -2.17305 4.36444
      vertex -5.39883 -2.63319 4.5056
      vertex -4.80194 -2.34206 4.36444
    endloop
  endfacet
  facet normal 0.18845 0.0878914 0.978142
    outer loop
      vertex -5.39883 -2.63319 4.5056
      vertex -4.88075 -2.17305 4.36444
      vertex -5.45032 -2.60225 4.51274
    endloop
  endfacet
  facet normal 0.0400213 -0.0571524 0.997563
    outer loop
      vertex -0.861344 1.18554 3.88837
      vertex -0.819445 1.21488 3.88837
      vertex -1.43441 1.97429 3.95655
    endloop
  endfacet
  facet normal 0.0419875 -0.0557239 0.997563
    outer loop
      vertex -0.861344 1.18554 3.88837
      vertex -1.43441 1.97429 3.95655
      vertex -1.50244 1.92303 3.95655
    endloop
  endfacet
  facet normal 0.103765 -0.0127448 0.99452
    outer loop
      vertex -2.41661 0.339632 3.95655
      vertex -3.37913 0.474906 4.05871
      vertex -3.39365 0.356687 4.05871
    endloop
  endfacet
  facet normal 0.138156 -0.0169687 0.990265
    outer loop
      vertex -3.39365 0.356687 4.05871
      vertex -3.37913 0.474906 4.05871
      vertex -4.33754 0.609601 4.19473
    endloop
  endfacet
  facet normal 0.139174 0.00242177 0.990265
    outer loop
      vertex -4.3775 -0.152865 4.19473
      vertex -3.41234 0 4.05871
      vertex -4.38016 0 4.19473
    endloop
  endfacet
  facet normal 0.139174 -0.00242177 0.990265
    outer loop
      vertex -3.41234 0 4.05871
      vertex -4.3775 0.152865 4.19473
      vertex -4.38016 0 4.19473
    endloop
  endfacet
  facet normal 0.0347736 0.00304112 0.999391
    outer loop
      vertex -0.48599 -0.0510788 3.85426
      vertex -0.487476 -0.0340872 3.85426
      vertex -1.45738 -0.153176 3.88837
    endloop
  endfacet
  facet normal 0.0346463 0.00425261 0.999391
    outer loop
      vertex -0.483912 -0.0680084 3.85426
      vertex -0.48599 -0.0510788 3.85426
      vertex -1.45738 -0.153176 3.88837
    endloop
  endfacet
  facet normal -0.0246826 0.0246826 0.999391
    outer loop
      vertex 0.351518 -0.339457 3.85426
      vertex 1.01796 -1.05412 3.88837
      vertex 1.05412 -1.01796 3.88837
    endloop
  endfacet
  facet normal -0.0246826 0.0246826 0.999391
    outer loop
      vertex 1.01796 -1.05412 3.88837
      vertex 0.351518 -0.339457 3.85426
      vertex 0.339457 -0.351518 3.85426
    endloop
  endfacet
  facet normal 0.0316356 -0.0147526 0.999391
    outer loop
      vertex -0.44642 0.198758 3.85426
      vertex -0.439211 0.214217 3.85426
      vertex -1.3171 0.642391 3.88837
    endloop
  endfacet
  facet normal -0.241911 0.0042448 0.970289
    outer loop
      vertex 6.41288 -0.223942 4.5971
      vertex 6.41299 -0.192529 4.59699
      vertex 6.29479 -0.219818 4.56764
    endloop
  endfacet
  facet normal -0.241617 0.0126516 0.970289
    outer loop
      vertex 6.29479 -0.219818 4.56764
      vertex 6.41089 -0.414566 4.59909
      vertex 6.41288 -0.223942 4.5971
    endloop
  endfacet
  facet normal -0.241611 0.0126554 0.970291
    outer loop
      vertex 6.41089 -0.414566 4.59909
      vertex 6.29479 -0.219818 4.56764
      vertex 6.28329 -0.43937 4.56764
    endloop
  endfacet
  facet normal -0.206395 -0.0253345 0.978141
    outer loop
      vertex 5.31338 0.558458 4.36444
      vertex 6.23733 0.876599 4.56764
      vertex 5.29066 0.743553 4.36444
    endloop
  endfacet
  facet normal -0.207912 -0.00362399 0.978141
    outer loop
      vertex 5.34265 0 4.36444
      vertex 6.29479 0.219818 4.56764
      vertex 5.3394 0.186456 4.36444
    endloop
  endfacet
  facet normal -0.231403 0.0706017 0.970293
    outer loop
      vertex 6.21665 -2.01991 4.62696
      vertex 6.28193 -1.96166 4.63829
      vertex 5.99035 -1.94638 4.56764
    endloop
  endfacet
  facet normal -0.228732 0.0788208 0.970293
    outer loop
      vertex 6.16786 -2.06166 4.61885
      vertex 6.21665 -2.01991 4.62696
      vertex 5.99035 -1.94638 4.56764
    endloop
  endfacet
  facet normal -0.18845 0.0878914 0.978142
    outer loop
      vertex 4.88075 -2.17305 4.36444
      vertex 5.39883 -2.63319 4.5056
      vertex 5.45032 -2.60225 4.51274
    endloop
  endfacet
  facet normal -0.18846 0.0878797 0.978141
    outer loop
      vertex 5.39883 -2.63319 4.5056
      vertex 4.88075 -2.17305 4.36444
      vertex 4.80194 -2.34206 4.36444
    endloop
  endfacet
  facet normal -0.185287 0.0943858 0.978141
    outer loop
      vertex 4.80194 -2.34206 4.36444
      vertex 5.33072 -2.67259 4.4965
      vertex 5.39883 -2.63319 4.5056
    endloop
  endfacet
  facet normal -0.185278 0.0944006 0.978141
    outer loop
      vertex 5.33072 -2.67259 4.4965
      vertex 4.80194 -2.34206 4.36444
      vertex 4.71728 -2.50822 4.36444
    endloop
  endfacet
  facet normal -0.159864 0.0678628 0.984804
    outer loop
      vertex 4.88075 -2.17305 4.36444
      vertex 4.95362 -2.00139 4.36444
      vertex 4.06122 -1.64084 4.19473
    endloop
  endfacet
  facet normal -0.126152 0.058828 0.990265
    outer loop
      vertex 3.93687 -1.92014 4.19473
      vertex 3.11733 -1.38792 4.05871
      vertex 3.06699 -1.49587 4.05871
    endloop
  endfacet
  facet normal -0.200858 0.0538182 0.978141
    outer loop
      vertex 6.05463 -1.73614 4.56764
      vertex 6.11153 -1.52378 4.56764
      vertex 5.13569 -1.47263 4.36444
    endloop
  endfacet
  facet normal -0.198856 0.0607995 0.978141
    outer loop
      vertex 5.99035 -1.94638 4.56764
      vertex 6.05463 -1.73614 4.56764
      vertex 5.13569 -1.47263 4.36444
    endloop
  endfacet
  facet normal -0.19413 0.0745188 0.978141
    outer loop
      vertex 5.91878 -2.15426 4.56764
      vertex 5.02045 -1.82729 4.36444
      vertex 4.95362 -2.00139 4.36444
    endloop
  endfacet
  facet normal -0.162137 0.0622379 0.984804
    outer loop
      vertex 4.95362 -2.00139 4.36444
      vertex 5.02045 -1.82729 4.36444
      vertex 4.06122 -1.64084 4.19473
    endloop
  endfacet
  facet normal -0.166083 0.0507757 0.984804
    outer loop
      vertex 5.08116 -1.65097 4.36444
      vertex 4.21048 -1.20734 4.19473
      vertex 4.16578 -1.35355 4.19473
    endloop
  endfacet
  facet normal -0.16421 0.0565404 0.984804
    outer loop
      vertex 5.02045 -1.82729 4.36444
      vertex 5.08116 -1.65097 4.36444
      vertex 4.16578 -1.35355 4.19473
    endloop
  endfacet
  facet normal -0.079836 0.114023 0.990265
    outer loop
      vertex 2.44936 -3.63132 4.19473
      vertex 2.5746 -3.54363 4.19473
      vertex 2.00572 -2.76064 4.05871
    endloop
  endfacet
  facet normal -0.165862 0.125374 0.978147
    outer loop
      vertex 4.36362 -3.18787 4.37754
      vertex 4.37822 -3.18096 4.37913
      vertex 4.3223 -3.14033 4.36444
    endloop
  endfacet
  facet normal -0.126975 0.118484 0.984804
    outer loop
      vertex 3.2551 -2.9309 4.19473
      vertex 3.74567 -3.42901 4.31791
      vertex 3.79142 -3.41381 4.32198
    endloop
  endfacet
  facet normal -0.127018 0.118442 0.984804
    outer loop
      vertex 3.74567 -3.42901 4.31791
      vertex 3.2551 -2.9309 4.19473
      vertex 3.15083 -3.04272 4.19473
    endloop
  endfacet
  facet normal -0.084094 0.151826 0.984823
    outer loop
      vertex 2.20957 -3.84993 4.20512
      vertex 2.22138 -3.84754 4.20576
      vertex 2.19008 -3.79333 4.19473
    endloop
  endfacet
  facet normal -0.0841724 0.151798 0.984821
    outer loop
      vertex 2.19008 -3.79333 4.19473
      vertex 2.06284 -3.87965 4.19716
      vertex 2.20957 -3.84993 4.20512
    endloop
  endfacet
  facet normal -0.0840632 0.151638 0.984855
    outer loop
      vertex 2.06284 -3.87965 4.19716
      vertex 2.19008 -3.79333 4.19473
      vertex 2.05636 -3.86746 4.19473
    endloop
  endfacet
  facet normal -0.0127448 0.103765 0.99452
    outer loop
      vertex 0.356687 -3.39365 4.05871
      vertex 0.474906 -3.37913 4.05871
      vertex 0.339632 -2.41661 3.95655
    endloop
  endfacet
  facet normal -0.0127398 0.103765 0.99452
    outer loop
      vertex 0.356687 -3.39365 4.05871
      vertex 0.339632 -2.41661 3.95655
      vertex 0.255087 -2.42699 3.95655
    endloop
  endfacet
  facet normal -0.00247942 0.139165 0.990266
    outer loop
      vertex 0.102135 -4.0572 4.14959
      vertex 0 -3.41234 4.05871
      vertex 0 -4.05781 4.14942
    endloop
  endfacet
  facet normal -0.101866 0.0235146 0.99452
    outer loop
      vertex 3.31098 -0.82552 4.05871
      vertex 3.33777 -0.709465 4.05871
      vertex 2.36787 -0.590376 3.95655
    endloop
  endfacet
  facet normal -0.135628 0.0313082 0.990265
    outer loop
      vertex 4.25006 -1.05966 4.19473
      vertex 3.33777 -0.709465 4.05871
      vertex 3.31098 -0.82552 4.05871
    endloop
  endfacet
  facet normal -0.096232 0.0408523 0.99452
    outer loop
      vertex 3.11733 -1.38792 4.05871
      vertex 3.16387 -1.27829 4.05871
      vertex 2.26266 -0.914175 3.95655
    endloop
  endfacet
  facet normal -0.128128 0.0543928 0.990265
    outer loop
      vertex 4.06122 -1.64084 4.19473
      vertex 3.16387 -1.27829 4.05871
      vertex 3.11733 -1.38792 4.05871
    endloop
  endfacet
  facet normal -0.105046 0.091327 0.990265
    outer loop
      vertex 3.3554 -2.81552 4.19473
      vertex 2.61401 -2.19341 4.05871
      vertex 2.53586 -2.2833 4.05871
    endloop
  endfacet
  facet normal -0.1661 0.125164 0.978133
    outer loop
      vertex 4.36362 -3.18787 4.37754
      vertex 4.3223 -3.14033 4.36444
      vertex 4.24372 -3.24461 4.36444
    endloop
  endfacet
  facet normal -0.0837654 0.111169 0.990265
    outer loop
      vertex 2.6967 -3.45162 4.19473
      vertex 2.10085 -2.68896 4.05871
      vertex 2.00572 -2.76064 4.05871
    endloop
  endfacet
  facet normal -0.119315 0.071689 0.990265
    outer loop
      vertex 3.71459 -2.32113 4.19473
      vertex 3.79333 -2.19008 4.19473
      vertex 2.95517 -1.70617 4.05871
    endloop
  endfacet
  facet normal -0.12174 0.0674886 0.990265
    outer loop
      vertex 3.79333 -2.19008 4.19473
      vertex 3.86746 -2.05636 4.19473
      vertex 2.95517 -1.70617 4.05871
    endloop
  endfacet
  facet normal -0.0658002 0.0812407 0.99452
    outer loop
      vertex 2.10085 -2.68896 4.05871
      vertex 1.56863 -1.86942 3.95655
      vertex 1.50244 -1.92303 3.95655
    endloop
  endfacet
  facet normal -0.0657898 0.0812475 0.99452
    outer loop
      vertex 2.10085 -2.68896 4.05871
      vertex 2.19341 -2.61401 4.05871
      vertex 1.56863 -1.86942 3.95655
    endloop
  endfacet
  facet normal -0.0949294 0.101801 0.990265
    outer loop
      vertex 3.04272 -3.15083 4.19473
      vertex 2.37041 -2.45463 4.05871
      vertex 2.2833 -2.53586 4.05871
    endloop
  endfacet
  facet normal -0.0569355 0.0876808 0.99452
    outer loop
      vertex 1.80826 -2.89383 4.05871
      vertex 1.90816 -2.82896 4.05871
      vertex 1.36463 -2.02315 3.95655
    endloop
  endfacet
  facet normal -0.0674901 0.121739 0.990265
    outer loop
      vertex 2.05636 -3.86746 4.19473
      vertex 1.70617 -2.95517 4.05871
      vertex 1.602 -3.01292 4.05871
    endloop
  endfacet
  facet normal -0.0633006 0.12428 0.990226
    outer loop
      vertex 2.05636 -3.86746 4.19473
      vertex 1.90944 -3.9058 4.19015
      vertex 2.0146 -3.88873 4.19473
    endloop
  endfacet
  facet normal -0.0632299 0.124004 0.990265
    outer loop
      vertex 1.90944 -3.9058 4.19015
      vertex 2.05636 -3.86746 4.19473
      vertex 1.602 -3.01292 4.05871
    endloop
  endfacet
  facet normal -0.101802 0.0949285 0.990265
    outer loop
      vertex 3.15083 -3.04272 4.19473
      vertex 3.2551 -2.9309 4.19473
      vertex 2.53586 -2.2833 4.05871
    endloop
  endfacet
  facet normal -0.0739249 0.0739249 0.99452
    outer loop
      vertex 1.75545 -1.69522 3.95655
      vertex 2.37041 -2.45463 4.05871
      vertex 2.45463 -2.37041 4.05871
    endloop
  endfacet
  facet normal -0.0739249 0.0739249 0.99452
    outer loop
      vertex 2.37041 -2.45463 4.05871
      vertex 1.75545 -1.69522 3.95655
      vertex 1.69522 -1.75545 3.95655
    endloop
  endfacet
  facet normal 0.0340121 -0.00785069 0.999391
    outer loop
      vertex -0.477988 0.101599 3.85426
      vertex -0.474152 0.118218 3.85426
      vertex -1.43338 0.304675 3.88837
    endloop
  endfacet
  facet normal 0.0311022 -0.0158462 0.999391
    outer loop
      vertex -0.439211 0.214217 3.85426
      vertex -1.29388 0.687966 3.88837
      vertex -1.3171 0.642391 3.88837
    endloop
  endfacet
  facet normal -0.051026 0.0475863 0.997563
    outer loop
      vertex 1.81354 -1.63292 3.95655
      vertex 1.08901 -0.980548 3.88837
      vertex 1.05412 -1.01796 3.88837
    endloop
  endfacet
  facet normal -0.025528 0.0238071 0.999391
    outer loop
      vertex 1.05412 -1.01796 3.88837
      vertex 1.08901 -0.980548 3.88837
      vertex 0.351518 -0.339457 3.85426
    endloop
  endfacet
  facet normal 0.0337167 -0.00903533 0.999391
    outer loop
      vertex -0.469737 0.134694 3.85426
      vertex -1.40864 0.40392 3.88837
      vertex -1.42188 0.354513 3.88837
    endloop
  endfacet
  facet normal 0.0278783 -0.021006 0.999391
    outer loop
      vertex -0.39534 0.287231 3.85426
      vertex -1.15476 0.902194 3.88837
      vertex -1.18554 0.861344 3.88837
    endloop
  endfacet
  facet normal 0.0271272 -0.0219673 0.999391
    outer loop
      vertex -0.385075 0.300853 3.85426
      vertex -1.12257 0.941945 3.88837
      vertex -1.15476 0.902194 3.88837
    endloop
  endfacet
  facet normal 0.0271267 -0.0219678 0.999391
    outer loop
      vertex -0.385075 0.300853 3.85426
      vertex -0.37434 0.314109 3.85426
      vertex -1.12257 0.941945 3.88837
    endloop
  endfacet
  facet normal 0.0337167 -0.00903493 0.999391
    outer loop
      vertex -0.474152 0.118218 3.85426
      vertex -0.469737 0.134694 3.85426
      vertex -1.42188 0.354513 3.88837
    endloop
  endfacet
  facet normal 0.00849814 0.0692524 0.997563
    outer loop
      vertex -0.153176 -1.45738 3.88837
      vertex -0.203945 -1.45115 3.88837
      vertex -0.255087 -2.42699 3.95655
    endloop
  endfacet
  facet normal 0.00425155 0.0346464 0.999391
    outer loop
      vertex -0.153176 -1.45738 3.88837
      vertex -0.0680084 -0.483912 3.85426
      vertex -0.203945 -1.45115 3.88837
    endloop
  endfacet
  facet normal 0.0995955 0.142244 0.984808
    outer loop
      vertex -2.5746 -3.54363 4.19473
      vertex -2.58366 -3.76562 4.22771
      vertex -2.44936 -3.63132 4.19473
    endloop
  endfacet
  facet normal 0.0995922 0.142244 0.984809
    outer loop
      vertex -2.58366 -3.76562 4.22771
      vertex -2.5746 -3.54363 4.19473
      vertex -2.71286 -3.73394 4.2362
    endloop
  endfacet
  facet normal 0.104662 0.13856 0.984808
    outer loop
      vertex -2.71286 -3.73394 4.2362
      vertex -2.5746 -3.54363 4.19473
      vertex -2.76434 -3.72057 4.23979
    endloop
  endfacet
  facet normal 0.059802 0.0359415 0.997563
    outer loop
      vertex -1.24273 -0.776546 3.88837
      vertex -1.26908 -0.732703 3.88837
      vertex -2.06954 -1.29319 3.95655
    endloop
  endfacet
  facet normal 0.0299187 0.0179814 0.999391
    outer loop
      vertex -1.24273 -0.776546 3.88837
      vertex -0.414412 -0.258954 3.85426
      vertex -1.26908 -0.732703 3.88837
    endloop
  endfacet
  facet normal 0.0278773 -0.0210072 0.999391
    outer loop
      vertex -0.39534 0.287231 3.85426
      vertex -0.385075 0.300853 3.85426
      vertex -1.15476 0.902194 3.88837
    endloop
  endfacet
  facet normal 0.0349009 0.000609869 0.999391
    outer loop
      vertex -0.488369 -0.0170536 3.85426
      vertex -0.488667 0 3.85426
      vertex -1.46541 0 3.88837
    endloop
  endfacet
  facet normal 0.0344765 -0.00546177 0.999391
    outer loop
      vertex -0.483912 0.0680084 3.85426
      vertex -0.481243 0.084856 3.85426
      vertex -1.44314 0.254465 3.88837
    endloop
  endfacet
  facet normal 0.055724 0.0419874 0.997563
    outer loop
      vertex -1.15476 -0.902194 3.88837
      vertex -1.18554 -0.861344 3.88837
      vertex -1.92303 -1.50244 3.95655
    endloop
  endfacet
  facet normal 0.0278783 0.021006 0.999391
    outer loop
      vertex -1.15476 -0.902194 3.88837
      vertex -0.39534 -0.287231 3.85426
      vertex -1.18554 -0.861344 3.88837
    endloop
  endfacet
  facet normal 0.0498739 0.129943 0.990266
    outer loop
      vertex -1.27829 -3.16387 4.05871
      vertex -1.58086 -3.95301 4.1775
      vertex -1.16709 -3.20655 4.05871
    endloop
  endfacet
  facet normal 0.0503659 0.129755 0.990266
    outer loop
      vertex -1.58086 -3.95301 4.1775
      vertex -1.27829 -3.16387 4.05871
      vertex -1.59633 -3.95105 4.17803
    endloop
  endfacet
  facet normal 0.0452725 0.131621 0.990266
    outer loop
      vertex -1.31833 -3.98461 4.16904
      vertex -1.16709 -3.20655 4.05871
      vertex -1.44502 -3.97015 4.17291
    endloop
  endfacet
  facet normal 0.0321315 -0.0136385 0.999391
    outer loop
      vertex -0.453084 0.183058 3.85426
      vertex -0.44642 0.198758 3.85426
      vertex -1.33872 0.596034 3.88837
    endloop
  endfacet
  facet normal 0.0292756 -0.0190102 0.999391
    outer loop
      vertex -0.414412 0.258954 3.85426
      vertex -0.405123 0.273259 3.85426
      vertex -1.21488 0.819445 3.88837
    endloop
  endfacet
  facet normal 0.0893867 0.14877 0.984824
    outer loop
      vertex -2.32113 -3.71459 4.19473
      vertex -2.22138 -3.84754 4.20576
      vertex -2.19008 -3.79333 4.19473
    endloop
  endfacet
  facet normal 0.0894885 0.148844 0.984803
    outer loop
      vertex -2.22138 -3.84754 4.20576
      vertex -2.32113 -3.71459 4.19473
      vertex -2.36059 -3.81737 4.21385
    endloop
  endfacet
  facet normal 0.084094 0.151826 0.984823
    outer loop
      vertex -2.20957 -3.84993 4.20512
      vertex -2.19008 -3.79333 4.19473
      vertex -2.22138 -3.84754 4.20576
    endloop
  endfacet
  facet normal 0.0311015 -0.0158475 0.999391
    outer loop
      vertex -0.439211 0.214217 3.85426
      vertex -0.431467 0.229415 3.85426
      vertex -1.29388 0.687966 3.88837
    endloop
  endfacet
  facet normal 0.032588 -0.0125093 0.999391
    outer loop
      vertex -0.459197 0.167133 3.85426
      vertex -0.453084 0.183058 3.85426
      vertex -1.3587 0.54895 3.88837
    endloop
  endfacet
  facet normal 0.171533 0.0271751 0.984804
    outer loop
      vertex -5.26148 -0.927741 4.36444
      vertex -4.31362 -0.760607 4.19473
      vertex -5.29066 -0.743553 4.36444
    endloop
  endfacet
  facet normal 0.171533 0.0271715 0.984804
    outer loop
      vertex -4.31362 -0.760607 4.19473
      vertex -4.33754 -0.609601 4.19473
      vertex -5.29066 -0.743553 4.36444
    endloop
  endfacet
  facet normal 0.103258 0.0163524 0.99452
    outer loop
      vertex -3.3605 -0.592546 4.05871
      vertex -2.41661 -0.339632 3.95655
      vertex -3.37913 -0.474906 4.05871
    endloop
  endfacet
  facet normal 0.137481 0.0217721 0.990265
    outer loop
      vertex -3.3605 -0.592546 4.05871
      vertex -3.37913 -0.474906 4.05871
      vertex -4.33754 -0.609601 4.19473
    endloop
  endfacet
  facet normal 0.151897 0.0841948 0.984804
    outer loop
      vertex -4.62687 -2.67133 4.36444
      vertex -3.79333 -2.19008 4.19473
      vertex -4.71728 -2.50822 4.36444
    endloop
  endfacet
  facet normal 0.151894 0.0842048 0.984803
    outer loop
      vertex -3.79333 -2.19008 4.19473
      vertex -3.86746 -2.05636 4.19473
      vertex -4.71728 -2.50822 4.36444
    endloop
  endfacet
  facet normal -0.173645 0.0030267 0.984804
    outer loop
      vertex 5.3394 -0.186456 4.36444
      vertex 5.34265 0 4.36444
      vertex 4.3775 -0.152865 4.19473
    endloop
  endfacet
  facet normal -0.207912 0.00362399 0.978141
    outer loop
      vertex 6.29479 -0.219818 4.56764
      vertex 5.34265 0 4.36444
      vertex 5.3394 -0.186456 4.36444
    endloop
  endfacet
  facet normal -0.173645 -0.0030267 0.984804
    outer loop
      vertex 5.34265 0 4.36444
      vertex 5.3394 0.186456 4.36444
      vertex 4.3775 0.152865 4.19473
    endloop
  endfacet
  facet normal -0.173434 -0.00908946 0.984804
    outer loop
      vertex 5.3394 0.186456 4.36444
      vertex 5.32964 0.372684 4.36444
      vertex 4.3775 0.152865 4.19473
    endloop
  endfacet
  facet normal -0.207151 -0.0181315 0.978141
    outer loop
      vertex 6.28329 0.43937 4.56764
      vertex 6.26412 0.658385 4.56764
      vertex 5.31338 0.558458 4.36444
    endloop
  endfacet
  facet normal -0.207151 -0.018131 0.978141
    outer loop
      vertex 5.32964 0.372684 4.36444
      vertex 6.28329 0.43937 4.56764
      vertex 5.31338 0.558458 4.36444
    endloop
  endfacet
  facet normal -0.157403 0.0733912 0.984804
    outer loop
      vertex 4.88075 -2.17305 4.36444
      vertex 4.00148 -1.78157 4.19473
      vertex 3.93687 -1.92014 4.19473
    endloop
  endfacet
  facet normal -0.157402 0.0733969 0.984803
    outer loop
      vertex 4.80194 -2.34206 4.36444
      vertex 4.88075 -2.17305 4.36444
      vertex 3.93687 -1.92014 4.19473
    endloop
  endfacet
  facet normal -0.181883 0.100776 0.978142
    outer loop
      vertex 4.97634 -2.87309 4.45021
      vertex 5.08639 -2.81181 4.46436
      vertex 4.62687 -2.67133 4.36444
    endloop
  endfacet
  facet normal -0.178224 0.107114 0.978143
    outer loop
      vertex 4.89178 -2.91836 4.43976
      vertex 4.97634 -2.87309 4.45021
      vertex 4.62687 -2.67133 4.36444
    endloop
  endfacet
  facet normal -0.104662 0.13856 0.984808
    outer loop
      vertex 2.71286 -3.73394 4.2362
      vertex 2.76434 -3.72057 4.23979
      vertex 2.5746 -3.54363 4.19473
    endloop
  endfacet
  facet normal -0.105051 0.0913206 0.990265
    outer loop
      vertex 3.2551 -2.9309 4.19473
      vertex 3.3554 -2.81552 4.19473
      vertex 2.53586 -2.2833 4.05871
    endloop
  endfacet
  facet normal -0.101801 0.0949294 0.990265
    outer loop
      vertex 3.15083 -3.04272 4.19473
      vertex 2.53586 -2.2833 4.05871
      vertex 2.45463 -2.37041 4.05871
    endloop
  endfacet
  facet normal 0.00723984 0.138996 0.990266
    outer loop
      vertex -0.180971 -4.05625 4.14984
      vertex -0.238032 -3.40403 4.05871
      vertex -0.283511 -4.0544 4.15033
    endloop
  endfacet
  facet normal -0.170345 0.119272 0.978139
    outer loop
      vertex 4.42926 -2.98757 4.36444
      vertex 4.39662 -3.17188 4.38123
      vertex 4.57325 -3.0847 4.40136
    endloop
  endfacet
  facet normal -0.170344 0.119272 0.97814
    outer loop
      vertex 4.39662 -3.17188 4.38123
      vertex 4.42926 -2.98757 4.36444
      vertex 4.3223 -3.14033 4.36444
    endloop
  endfacet
  facet normal -0.145654 0.094585 0.984804
    outer loop
      vertex 4.53083 -2.83117 4.36444
      vertex 3.71459 -2.32113 4.19473
      vertex 3.63132 -2.44936 4.19473
    endloop
  endfacet
  facet normal -0.111165 0.0837697 0.990265
    outer loop
      vertex 3.45162 -2.6967 4.19473
      vertex 3.54363 -2.5746 4.19473
      vertex 2.76064 -2.00572 4.05871
    endloop
  endfacet
  facet normal -0.114023 0.079836 0.990265
    outer loop
      vertex 3.54363 -2.5746 4.19473
      vertex 3.63132 -2.44936 4.19473
      vertex 2.76064 -2.00572 4.05871
    endloop
  endfacet
  facet normal -0.142265 0.0996117 0.984804
    outer loop
      vertex 4.3223 -3.14033 4.36444
      vertex 4.42926 -2.98757 4.36444
      vertex 3.63132 -2.44936 4.19473
    endloop
  endfacet
  facet normal -0.148866 0.089446 0.984804
    outer loop
      vertex 4.53083 -2.83117 4.36444
      vertex 4.62687 -2.67133 4.36444
      vertex 3.71459 -2.32113 4.19473
    endloop
  endfacet
  facet normal -0.108177 0.087596 0.990265
    outer loop
      vertex 3.3554 -2.81552 4.19473
      vertex 2.68896 -2.10085 4.05871
      vertex 2.61401 -2.19341 4.05871
    endloop
  endfacet
  facet normal -0.127043 0.118403 0.984805
    outer loop
      vertex 3.60071 -3.47717 4.305
      vertex 3.74567 -3.42901 4.31791
      vertex 3.15083 -3.04272 4.19473
    endloop
  endfacet
  facet normal 0.0321329 0.0136355 0.999391
    outer loop
      vertex -1.33872 -0.596034 3.88837
      vertex -0.453084 -0.183058 3.85426
      vertex -1.3587 -0.54895 3.88837
    endloop
  endfacet
  facet normal 0.0169226 -0.0305299 0.999391
    outer loop
      vertex -0.244333 0.423198 3.85426
      vertex -0.229415 0.431467 3.85426
      vertex -0.732703 1.26908 3.88837
    endloop
  endfacet
  facet normal 0.0316349 -0.0147539 0.999391
    outer loop
      vertex -0.44642 0.198758 3.85426
      vertex -1.3171 0.642391 3.88837
      vertex -1.33872 0.596034 3.88837
    endloop
  endfacet
  facet normal 0.025529 -0.0238059 0.999391
    outer loop
      vertex -0.363151 0.326982 3.85426
      vertex -0.351518 0.339457 3.85426
      vertex -1.08901 0.980548 3.88837
    endloop
  endfacet
  facet normal 0.0349009 -0.000609869 0.999391
    outer loop
      vertex -0.488667 0 3.85426
      vertex -0.488369 0.0170536 3.85426
      vertex -1.46541 0 3.88837
    endloop
  endfacet
  facet normal -0.0931522 0.0474582 0.99452
    outer loop
      vertex 3.01292 -1.602 4.05871
      vertex 3.06699 -1.49587 4.05871
      vertex 2.19338 -1.06978 3.95655
    endloop
  endfacet
  facet normal -0.0947491 0.0441841 0.99452
    outer loop
      vertex 3.06699 -1.49587 4.05871
      vertex 3.11733 -1.38792 4.05871
      vertex 2.19338 -1.06978 3.95655
    endloop
  endfacet
  facet normal -0.126156 0.0588217 0.990265
    outer loop
      vertex 3.93687 -1.92014 4.19473
      vertex 4.00148 -1.78157 4.19473
      vertex 3.11733 -1.38792 4.05871
    endloop
  endfacet
  facet normal -0.128129 0.0543907 0.990265
    outer loop
      vertex 4.00148 -1.78157 4.19473
      vertex 4.06122 -1.64084 4.19473
      vertex 3.11733 -1.38792 4.05871
    endloop
  endfacet
  facet normal -0.151894 0.0842048 0.984803
    outer loop
      vertex 4.71728 -2.50822 4.36444
      vertex 3.86746 -2.05636 4.19473
      vertex 3.79333 -2.19008 4.19473
    endloop
  endfacet
  facet normal -0.181842 0.100848 0.978143
    outer loop
      vertex 4.71728 -2.50822 4.36444
      vertex 5.08639 -2.81181 4.46436
      vertex 5.18499 -2.75691 4.47703
    endloop
  endfacet
  facet normal -0.181873 0.10081 0.978141
    outer loop
      vertex 5.08639 -2.81181 4.46436
      vertex 4.71728 -2.50822 4.36444
      vertex 4.62687 -2.67133 4.36444
    endloop
  endfacet
  facet normal -0.0758065 0.116742 0.990265
    outer loop
      vertex 2.44936 -3.63132 4.19473
      vertex 1.90816 -2.82896 4.05871
      vertex 1.80826 -2.89383 4.05871
    endloop
  endfacet
  facet normal -0.13107 0.113941 0.984804
    outer loop
      vertex 3.82926 -3.40068 4.3255
      vertex 3.9874 -3.34582 4.3402
      vertex 3.3554 -2.81552 4.19473
    endloop
  endfacet
  facet normal -0.134954 0.109318 0.984803
    outer loop
      vertex 3.3554 -2.81552 4.19473
      vertex 4.05249 -3.32228 4.34651
      vertex 4.1785 -3.27176 4.35817
    endloop
  endfacet
  facet normal -0.134988 0.109272 0.984803
    outer loop
      vertex 4.05249 -3.32228 4.34651
      vertex 3.3554 -2.81552 4.19473
      vertex 3.9874 -3.34582 4.3402
    endloop
  endfacet
  facet normal -0.109245 0.134981 0.984807
    outer loop
      vertex 2.81552 -3.3554 4.19473
      vertex 2.8828 -3.68982 4.24803
      vertex 2.98531 -3.66172 4.25555
    endloop
  endfacet
  facet normal -0.109298 0.134969 0.984803
    outer loop
      vertex 2.8828 -3.68982 4.24803
      vertex 2.81552 -3.3554 4.19473
      vertex 2.6967 -3.45162 4.19473
    endloop
  endfacet
  facet normal -0.104509 0.138711 0.984803
    outer loop
      vertex 2.6967 -3.45162 4.19473
      vertex 2.76434 -3.72057 4.23979
      vertex 2.8828 -3.68982 4.24803
    endloop
  endfacet
  facet normal -0.104524 0.138707 0.984802
    outer loop
      vertex 2.76434 -3.72057 4.23979
      vertex 2.6967 -3.45162 4.19473
      vertex 2.5746 -3.54363 4.19473
    endloop
  endfacet
  facet normal -0.0758088 0.11674 0.990265
    outer loop
      vertex 2.32113 -3.71459 4.19473
      vertex 2.44936 -3.63132 4.19473
      vertex 1.80826 -2.89383 4.05871
    endloop
  endfacet
  facet normal -0.108174 0.0875989 0.990265
    outer loop
      vertex 3.3554 -2.81552 4.19473
      vertex 3.45162 -2.6967 4.19473
      vertex 2.68896 -2.10085 4.05871
    endloop
  endfacet
  facet normal -0.134877 0.109409 0.984803
    outer loop
      vertex 3.45162 -2.6967 4.19473
      vertex 4.1785 -3.27176 4.35817
      vertex 4.18456 -3.26933 4.35873
    endloop
  endfacet
  facet normal -0.134967 0.109296 0.984804
    outer loop
      vertex 4.1785 -3.27176 4.35817
      vertex 3.45162 -2.6967 4.19473
      vertex 3.3554 -2.81552 4.19473
    endloop
  endfacet
  facet normal -0.142266 0.099611 0.984804
    outer loop
      vertex 4.3223 -3.14033 4.36444
      vertex 3.63132 -2.44936 4.19473
      vertex 3.54363 -2.5746 4.19473
    endloop
  endfacet
  facet normal -0.138753 0.104557 0.984792
    outer loop
      vertex 4.3223 -3.14033 4.36444
      vertex 4.18954 -3.26725 4.35921
      vertex 4.24372 -3.24461 4.36444
    endloop
  endfacet
  facet normal -0.138707 0.104509 0.984804
    outer loop
      vertex 4.18954 -3.26725 4.35921
      vertex 4.3223 -3.14033 4.36444
      vertex 3.54363 -2.5746 4.19473
    endloop
  endfacet
  facet normal -0.151897 0.0841948 0.984804
    outer loop
      vertex 4.62687 -2.67133 4.36444
      vertex 4.71728 -2.50822 4.36444
      vertex 3.79333 -2.19008 4.19473
    endloop
  endfacet
  facet normal -0.148866 0.0894446 0.984804
    outer loop
      vertex 4.62687 -2.67133 4.36444
      vertex 3.79333 -2.19008 4.19473
      vertex 3.71459 -2.32113 4.19473
    endloop
  endfacet
  facet normal 0.0238071 -0.025528 0.999391
    outer loop
      vertex -0.339457 0.351518 3.85426
      vertex -0.980548 1.08901 3.88837
      vertex -1.01796 1.05412 3.88837
    endloop
  endfacet
  facet normal 0 0 1
    outer loop
      vertex 0.488369 0.0170536 3.85426
      vertex 0.488369 -0.0170536 3.85426
      vertex 0.488667 0 3.85426
    endloop
  endfacet
  facet normal 0 0 1
    outer loop
      vertex 0.487476 0.0340872 3.85426
      vertex 0.488369 -0.0170536 3.85426
      vertex 0.488369 0.0170536 3.85426
    endloop
  endfacet
  facet normal 0 0 1
    outer loop
      vertex 0.487476 0.0340872 3.85426
      vertex 0.487476 -0.0340872 3.85426
      vertex 0.488369 -0.0170536 3.85426
    endloop
  endfacet
  facet normal 0 0 1
    outer loop
      vertex 0.48599 0.0510788 3.85426
      vertex 0.487476 -0.0340872 3.85426
      vertex 0.487476 0.0340872 3.85426
    endloop
  endfacet
  facet normal 0 0 1
    outer loop
      vertex 0.48599 0.0510788 3.85426
      vertex 0.48599 -0.0510788 3.85426
      vertex 0.487476 -0.0340872 3.85426
    endloop
  endfacet
  facet normal 0 0 1
    outer loop
      vertex 0.483912 0.0680084 3.85426
      vertex 0.48599 -0.0510788 3.85426
      vertex 0.48599 0.0510788 3.85426
    endloop
  endfacet
  facet normal 0 0 1
    outer loop
      vertex 0.483912 0.0680084 3.85426
      vertex 0.483912 -0.0680084 3.85426
      vertex 0.48599 -0.0510788 3.85426
    endloop
  endfacet
  facet normal 0 0 1
    outer loop
      vertex 0.481243 0.084856 3.85426
      vertex 0.483912 -0.0680084 3.85426
      vertex 0.483912 0.0680084 3.85426
    endloop
  endfacet
  facet normal 0 0 1
    outer loop
      vertex 0.481243 0.084856 3.85426
      vertex 0.481243 -0.084856 3.85426
      vertex 0.483912 -0.0680084 3.85426
    endloop
  endfacet
  facet normal 0 0 1
    outer loop
      vertex 0.477988 0.101599 3.85426
      vertex 0.481243 -0.084856 3.85426
      vertex 0.481243 0.084856 3.85426
    endloop
  endfacet
  facet normal 0 0 1
    outer loop
      vertex 0.477988 0.101599 3.85426
      vertex 0.477988 -0.101599 3.85426
      vertex 0.481243 -0.084856 3.85426
    endloop
  endfacet
  facet normal 0 0 1
    outer loop
      vertex 0.474152 0.118218 3.85426
      vertex 0.477988 -0.101599 3.85426
      vertex 0.477988 0.101599 3.85426
    endloop
  endfacet
  facet normal 0 0 1
    outer loop
      vertex 0.474152 0.118218 3.85426
      vertex 0.474152 -0.118218 3.85426
      vertex 0.477988 -0.101599 3.85426
    endloop
  endfacet
  facet normal 0 0 1
    outer loop
      vertex 0.469737 0.134694 3.85426
      vertex 0.474152 -0.118218 3.85426
      vertex 0.474152 0.118218 3.85426
    endloop
  endfacet
  facet normal 0 0 1
    outer loop
      vertex 0.469737 0.134694 3.85426
      vertex 0.469737 -0.134694 3.85426
      vertex 0.474152 -0.118218 3.85426
    endloop
  endfacet
  facet normal 0 0 1
    outer loop
      vertex 0.46475 0.151006 3.85426
      vertex 0.469737 -0.134694 3.85426
      vertex 0.469737 0.134694 3.85426
    endloop
  endfacet
  facet normal 0 0 1
    outer loop
      vertex 0.46475 0.151006 3.85426
      vertex 0.46475 -0.151006 3.85426
      vertex 0.469737 -0.134694 3.85426
    endloop
  endfacet
  facet normal 0 0 1
    outer loop
      vertex 0.459197 0.167133 3.85426
      vertex 0.46475 -0.151006 3.85426
      vertex 0.46475 0.151006 3.85426
    endloop
  endfacet
  facet normal 0 0 1
    outer loop
      vertex 0.459197 0.167133 3.85426
      vertex 0.459197 -0.167133 3.85426
      vertex 0.46475 -0.151006 3.85426
    endloop
  endfacet
  facet normal 0 0 1
    outer loop
      vertex 0.453084 0.183058 3.85426
      vertex 0.459197 -0.167133 3.85426
      vertex 0.459197 0.167133 3.85426
    endloop
  endfacet
  facet normal 0 0 1
    outer loop
      vertex 0.453084 0.183058 3.85426
      vertex 0.453084 -0.183058 3.85426
      vertex 0.459197 -0.167133 3.85426
    endloop
  endfacet
  facet normal 0 0 1
    outer loop
      vertex 0.44642 0.198758 3.85426
      vertex 0.453084 -0.183058 3.85426
      vertex 0.453084 0.183058 3.85426
    endloop
  endfacet
  facet normal 0 0 1
    outer loop
      vertex 0.44642 0.198758 3.85426
      vertex 0.44642 -0.198758 3.85426
      vertex 0.453084 -0.183058 3.85426
    endloop
  endfacet
  facet normal 0 0 1
    outer loop
      vertex 0.439211 0.214217 3.85426
      vertex 0.44642 -0.198758 3.85426
      vertex 0.44642 0.198758 3.85426
    endloop
  endfacet
  facet normal 0 0 1
    outer loop
      vertex 0.439211 0.214217 3.85426
      vertex 0.439211 -0.214217 3.85426
      vertex 0.44642 -0.198758 3.85426
    endloop
  endfacet
  facet normal 0 0 1
    outer loop
      vertex 0.431467 0.229415 3.85426
      vertex 0.439211 -0.214217 3.85426
      vertex 0.439211 0.214217 3.85426
    endloop
  endfacet
  facet normal 0 0 1
    outer loop
      vertex 0.431467 0.229415 3.85426
      vertex 0.431467 -0.229415 3.85426
      vertex 0.439211 -0.214217 3.85426
    endloop
  endfacet
  facet normal 0 0 1
    outer loop
      vertex 0.423198 0.244333 3.85426
      vertex 0.431467 -0.229415 3.85426
      vertex 0.431467 0.229415 3.85426
    endloop
  endfacet
  facet normal 0 0 1
    outer loop
      vertex 0.423198 0.244333 3.85426
      vertex 0.423198 -0.244333 3.85426
      vertex 0.431467 -0.229415 3.85426
    endloop
  endfacet
  facet normal 0 0 1
    outer loop
      vertex 0.414412 0.258954 3.85426
      vertex 0.423198 -0.244333 3.85426
      vertex 0.423198 0.244333 3.85426
    endloop
  endfacet
  facet normal 0 0 1
    outer loop
      vertex 0.414412 0.258954 3.85426
      vertex 0.414412 -0.258954 3.85426
      vertex 0.423198 -0.244333 3.85426
    endloop
  endfacet
  facet normal 0 0 1
    outer loop
      vertex 0.405123 0.273259 3.85426
      vertex 0.414412 -0.258954 3.85426
      vertex 0.414412 0.258954 3.85426
    endloop
  endfacet
  facet normal 0 0 1
    outer loop
      vertex 0.405123 0.273259 3.85426
      vertex 0.405123 -0.273259 3.85426
      vertex 0.414412 -0.258954 3.85426
    endloop
  endfacet
  facet normal 0 0 1
    outer loop
      vertex 0.39534 0.287231 3.85426
      vertex 0.405123 -0.273259 3.85426
      vertex 0.405123 0.273259 3.85426
    endloop
  endfacet
  facet normal 0 0 1
    outer loop
      vertex 0.39534 0.287231 3.85426
      vertex 0.39534 -0.287231 3.85426
      vertex 0.405123 -0.273259 3.85426
    endloop
  endfacet
  facet normal 0 0 1
    outer loop
      vertex 0.385075 0.300853 3.85426
      vertex 0.39534 -0.287231 3.85426
      vertex 0.39534 0.287231 3.85426
    endloop
  endfacet
  facet normal 0 0 1
    outer loop
      vertex 0.385075 0.300853 3.85426
      vertex 0.385075 -0.300853 3.85426
      vertex 0.39534 -0.287231 3.85426
    endloop
  endfacet
  facet normal 0 0 1
    outer loop
      vertex 0.37434 0.314109 3.85426
      vertex 0.385075 -0.300853 3.85426
      vertex 0.385075 0.300853 3.85426
    endloop
  endfacet
  facet normal 0 0 1
    outer loop
      vertex 0.37434 0.314109 3.85426
      vertex 0.37434 -0.314109 3.85426
      vertex 0.385075 -0.300853 3.85426
    endloop
  endfacet
  facet normal 0 0 1
    outer loop
      vertex 0.363151 0.326982 3.85426
      vertex 0.37434 -0.314109 3.85426
      vertex 0.37434 0.314109 3.85426
    endloop
  endfacet
  facet normal 0 0 1
    outer loop
      vertex 0.363151 0.326982 3.85426
      vertex 0.363151 -0.326982 3.85426
      vertex 0.37434 -0.314109 3.85426
    endloop
  endfacet
  facet normal 0 0 1
    outer loop
      vertex 0.351518 0.339457 3.85426
      vertex 0.363151 -0.326982 3.85426
      vertex 0.363151 0.326982 3.85426
    endloop
  endfacet
  facet normal 0 0 1
    outer loop
      vertex 0.351518 0.339457 3.85426
      vertex 0.351518 -0.339457 3.85426
      vertex 0.363151 -0.326982 3.85426
    endloop
  endfacet
  facet normal 0 0 1
    outer loop
      vertex 0.339457 0.351518 3.85426
      vertex 0.351518 -0.339457 3.85426
      vertex 0.351518 0.339457 3.85426
    endloop
  endfacet
  facet normal 0 0 1
    outer loop
      vertex 0.339457 0.351518 3.85426
      vertex 0.339457 -0.351518 3.85426
      vertex 0.351518 -0.339457 3.85426
    endloop
  endfacet
  facet normal 0 0 1
    outer loop
      vertex 0.326982 0.363151 3.85426
      vertex 0.339457 -0.351518 3.85426
      vertex 0.339457 0.351518 3.85426
    endloop
  endfacet
  facet normal 0 0 1
    outer loop
      vertex 0.326982 0.363151 3.85426
      vertex 0.326982 -0.363151 3.85426
      vertex 0.339457 -0.351518 3.85426
    endloop
  endfacet
  facet normal 0 0 1
    outer loop
      vertex 0.314109 0.37434 3.85426
      vertex 0.326982 -0.363151 3.85426
      vertex 0.326982 0.363151 3.85426
    endloop
  endfacet
  facet normal 0 0 1
    outer loop
      vertex 0.314109 0.37434 3.85426
      vertex 0.314109 -0.37434 3.85426
      vertex 0.326982 -0.363151 3.85426
    endloop
  endfacet
  facet normal 0 0 1
    outer loop
      vertex 0.300853 0.385075 3.85426
      vertex 0.314109 -0.37434 3.85426
      vertex 0.314109 0.37434 3.85426
    endloop
  endfacet
  facet normal 0 0 1
    outer loop
      vertex 0.300853 0.385075 3.85426
      vertex 0.300853 -0.385075 3.85426
      vertex 0.314109 -0.37434 3.85426
    endloop
  endfacet
  facet normal 0 0 1
    outer loop
      vertex 0.287231 0.39534 3.85426
      vertex 0.300853 -0.385075 3.85426
      vertex 0.300853 0.385075 3.85426
    endloop
  endfacet
  facet normal 0 0 1
    outer loop
      vertex 0.287231 0.39534 3.85426
      vertex 0.287231 -0.39534 3.85426
      vertex 0.300853 -0.385075 3.85426
    endloop
  endfacet
  facet normal 0 0 1
    outer loop
      vertex 0.273259 0.405123 3.85426
      vertex 0.287231 -0.39534 3.85426
      vertex 0.287231 0.39534 3.85426
    endloop
  endfacet
  facet normal 0 0 1
    outer loop
      vertex 0.273259 0.405123 3.85426
      vertex 0.273259 -0.405123 3.85426
      vertex 0.287231 -0.39534 3.85426
    endloop
  endfacet
  facet normal 0 0 1
    outer loop
      vertex 0.258954 0.414412 3.85426
      vertex 0.273259 -0.405123 3.85426
      vertex 0.273259 0.405123 3.85426
    endloop
  endfacet
  facet normal 0 0 1
    outer loop
      vertex 0.258954 0.414412 3.85426
      vertex 0.258954 -0.414412 3.85426
      vertex 0.273259 -0.405123 3.85426
    endloop
  endfacet
  facet normal 0 0 1
    outer loop
      vertex 0.244333 0.423198 3.85426
      vertex 0.258954 -0.414412 3.85426
      vertex 0.258954 0.414412 3.85426
    endloop
  endfacet
  facet normal 0 0 1
    outer loop
      vertex 0.244333 0.423198 3.85426
      vertex 0.244333 -0.423198 3.85426
      vertex 0.258954 -0.414412 3.85426
    endloop
  endfacet
  facet normal 0 0 1
    outer loop
      vertex 0.229415 0.431467 3.85426
      vertex 0.244333 -0.423198 3.85426
      vertex 0.244333 0.423198 3.85426
    endloop
  endfacet
  facet normal 0 0 1
    outer loop
      vertex 0.229415 0.431467 3.85426
      vertex 0.229415 -0.431467 3.85426
      vertex 0.244333 -0.423198 3.85426
    endloop
  endfacet
  facet normal 0 0 1
    outer loop
      vertex 0.214217 0.439211 3.85426
      vertex 0.229415 -0.431467 3.85426
      vertex 0.229415 0.431467 3.85426
    endloop
  endfacet
  facet normal 0 0 1
    outer loop
      vertex 0.214217 0.439211 3.85426
      vertex 0.214217 -0.439211 3.85426
      vertex 0.229415 -0.431467 3.85426
    endloop
  endfacet
  facet normal 0 0 1
    outer loop
      vertex 0.198758 0.44642 3.85426
      vertex 0.214217 -0.439211 3.85426
      vertex 0.214217 0.439211 3.85426
    endloop
  endfacet
  facet normal 0 0 1
    outer loop
      vertex 0.198758 0.44642 3.85426
      vertex 0.198758 -0.44642 3.85426
      vertex 0.214217 -0.439211 3.85426
    endloop
  endfacet
  facet normal 0 0 1
    outer loop
      vertex 0.183058 0.453084 3.85426
      vertex 0.198758 -0.44642 3.85426
      vertex 0.198758 0.44642 3.85426
    endloop
  endfacet
  facet normal 0 0 1
    outer loop
      vertex 0.183058 0.453084 3.85426
      vertex 0.183058 -0.453084 3.85426
      vertex 0.198758 -0.44642 3.85426
    endloop
  endfacet
  facet normal 0 0 1
    outer loop
      vertex 0.167133 0.459197 3.85426
      vertex 0.183058 -0.453084 3.85426
      vertex 0.183058 0.453084 3.85426
    endloop
  endfacet
  facet normal 0 0 1
    outer loop
      vertex 0.167133 0.459197 3.85426
      vertex 0.167133 -0.459197 3.85426
      vertex 0.183058 -0.453084 3.85426
    endloop
  endfacet
  facet normal 0 0 1
    outer loop
      vertex 0.151006 0.46475 3.85426
      vertex 0.167133 -0.459197 3.85426
      vertex 0.167133 0.459197 3.85426
    endloop
  endfacet
  facet normal 0 0 1
    outer loop
      vertex 0.151006 0.46475 3.85426
      vertex 0.151006 -0.46475 3.85426
      vertex 0.167133 -0.459197 3.85426
    endloop
  endfacet
  facet normal 0 0 1
    outer loop
      vertex 0.134694 0.469737 3.85426
      vertex 0.151006 -0.46475 3.85426
      vertex 0.151006 0.46475 3.85426
    endloop
  endfacet
  facet normal 0 0 1
    outer loop
      vertex 0.134694 0.469737 3.85426
      vertex 0.134694 -0.469737 3.85426
      vertex 0.151006 -0.46475 3.85426
    endloop
  endfacet
  facet normal 0 0 1
    outer loop
      vertex 0.118218 0.474152 3.85426
      vertex 0.134694 -0.469737 3.85426
      vertex 0.134694 0.469737 3.85426
    endloop
  endfacet
  facet normal 0 0 1
    outer loop
      vertex 0.118218 0.474152 3.85426
      vertex 0.118218 -0.474152 3.85426
      vertex 0.134694 -0.469737 3.85426
    endloop
  endfacet
  facet normal 0 0 1
    outer loop
      vertex 0.101599 0.477988 3.85426
      vertex 0.118218 -0.474152 3.85426
      vertex 0.118218 0.474152 3.85426
    endloop
  endfacet
  facet normal 0 0 1
    outer loop
      vertex 0.101599 0.477988 3.85426
      vertex 0.101599 -0.477988 3.85426
      vertex 0.118218 -0.474152 3.85426
    endloop
  endfacet
  facet normal 0 0 1
    outer loop
      vertex 0.084856 0.481243 3.85426
      vertex 0.101599 -0.477988 3.85426
      vertex 0.101599 0.477988 3.85426
    endloop
  endfacet
  facet normal 0 0 1
    outer loop
      vertex 0.084856 0.481243 3.85426
      vertex 0.084856 -0.481243 3.85426
      vertex 0.101599 -0.477988 3.85426
    endloop
  endfacet
  facet normal 0 0 1
    outer loop
      vertex 0.0680084 0.483912 3.85426
      vertex 0.084856 -0.481243 3.85426
      vertex 0.084856 0.481243 3.85426
    endloop
  endfacet
  facet normal 0 0 1
    outer loop
      vertex 0.0680084 0.483912 3.85426
      vertex 0.0680084 -0.483912 3.85426
      vertex 0.084856 -0.481243 3.85426
    endloop
  endfacet
  facet normal 0 0 1
    outer loop
      vertex 0.0510788 0.48599 3.85426
      vertex 0.0680084 -0.483912 3.85426
      vertex 0.0680084 0.483912 3.85426
    endloop
  endfacet
  facet normal 0 0 1
    outer loop
      vertex 0.0510788 0.48599 3.85426
      vertex 0.0510788 -0.48599 3.85426
      vertex 0.0680084 -0.483912 3.85426
    endloop
  endfacet
  facet normal 0 0 1
    outer loop
      vertex 0.0340872 0.487476 3.85426
      vertex 0.0510788 -0.48599 3.85426
      vertex 0.0510788 0.48599 3.85426
    endloop
  endfacet
  facet normal 0 0 1
    outer loop
      vertex 0.0340872 0.487476 3.85426
      vertex 0.0340872 -0.487476 3.85426
      vertex 0.0510788 -0.48599 3.85426
    endloop
  endfacet
  facet normal 0 0 1
    outer loop
      vertex 0.0170536 0.488369 3.85426
      vertex 0.0340872 -0.487476 3.85426
      vertex 0.0340872 0.487476 3.85426
    endloop
  endfacet
  facet normal 0 0 1
    outer loop
      vertex 0.0170536 0.488369 3.85426
      vertex 0.0170536 -0.488369 3.85426
      vertex 0.0340872 -0.487476 3.85426
    endloop
  endfacet
  facet normal 0 0 1
    outer loop
      vertex 0 0.488667 3.85426
      vertex 0.0170536 -0.488369 3.85426
      vertex 0.0170536 0.488369 3.85426
    endloop
  endfacet
  facet normal 0 0 1
    outer loop
      vertex 0 0.488667 3.85426
      vertex 0 -0.488667 3.85426
      vertex 0.0170536 -0.488369 3.85426
    endloop
  endfacet
  facet normal -0 0 1
    outer loop
      vertex -0.0170536 0.488369 3.85426
      vertex 0 -0.488667 3.85426
      vertex 0 0.488667 3.85426
    endloop
  endfacet
  facet normal 0 0 1
    outer loop
      vertex -0.0170536 0.488369 3.85426
      vertex -0.0170536 -0.488369 3.85426
      vertex 0 -0.488667 3.85426
    endloop
  endfacet
  facet normal -0 0 1
    outer loop
      vertex -0.0340872 0.487476 3.85426
      vertex -0.0170536 -0.488369 3.85426
      vertex -0.0170536 0.488369 3.85426
    endloop
  endfacet
  facet normal 0 0 1
    outer loop
      vertex -0.0340872 0.487476 3.85426
      vertex -0.0340872 -0.487476 3.85426
      vertex -0.0170536 -0.488369 3.85426
    endloop
  endfacet
  facet normal -0 0 1
    outer loop
      vertex -0.0510788 0.48599 3.85426
      vertex -0.0340872 -0.487476 3.85426
      vertex -0.0340872 0.487476 3.85426
    endloop
  endfacet
  facet normal 0 0 1
    outer loop
      vertex -0.0510788 0.48599 3.85426
      vertex -0.0510788 -0.48599 3.85426
      vertex -0.0340872 -0.487476 3.85426
    endloop
  endfacet
  facet normal -0 0 1
    outer loop
      vertex -0.0680084 0.483912 3.85426
      vertex -0.0510788 -0.48599 3.85426
      vertex -0.0510788 0.48599 3.85426
    endloop
  endfacet
  facet normal 0 0 1
    outer loop
      vertex -0.0680084 0.483912 3.85426
      vertex -0.0680084 -0.483912 3.85426
      vertex -0.0510788 -0.48599 3.85426
    endloop
  endfacet
  facet normal -0 0 1
    outer loop
      vertex -0.084856 0.481243 3.85426
      vertex -0.0680084 -0.483912 3.85426
      vertex -0.0680084 0.483912 3.85426
    endloop
  endfacet
  facet normal 0 0 1
    outer loop
      vertex -0.084856 0.481243 3.85426
      vertex -0.084856 -0.481243 3.85426
      vertex -0.0680084 -0.483912 3.85426
    endloop
  endfacet
  facet normal -0 0 1
    outer loop
      vertex -0.101599 0.477988 3.85426
      vertex -0.084856 -0.481243 3.85426
      vertex -0.084856 0.481243 3.85426
    endloop
  endfacet
  facet normal 0 0 1
    outer loop
      vertex -0.101599 0.477988 3.85426
      vertex -0.101599 -0.477988 3.85426
      vertex -0.084856 -0.481243 3.85426
    endloop
  endfacet
  facet normal -0 0 1
    outer loop
      vertex -0.118218 0.474152 3.85426
      vertex -0.101599 -0.477988 3.85426
      vertex -0.101599 0.477988 3.85426
    endloop
  endfacet
  facet normal 0 0 1
    outer loop
      vertex -0.118218 0.474152 3.85426
      vertex -0.118218 -0.474152 3.85426
      vertex -0.101599 -0.477988 3.85426
    endloop
  endfacet
  facet normal -0 0 1
    outer loop
      vertex -0.134694 0.469737 3.85426
      vertex -0.118218 -0.474152 3.85426
      vertex -0.118218 0.474152 3.85426
    endloop
  endfacet
  facet normal 0 0 1
    outer loop
      vertex -0.134694 0.469737 3.85426
      vertex -0.134694 -0.469737 3.85426
      vertex -0.118218 -0.474152 3.85426
    endloop
  endfacet
  facet normal -0 0 1
    outer loop
      vertex -0.151006 0.46475 3.85426
      vertex -0.134694 -0.469737 3.85426
      vertex -0.134694 0.469737 3.85426
    endloop
  endfacet
  facet normal 0 0 1
    outer loop
      vertex -0.151006 0.46475 3.85426
      vertex -0.151006 -0.46475 3.85426
      vertex -0.134694 -0.469737 3.85426
    endloop
  endfacet
  facet normal -0 0 1
    outer loop
      vertex -0.167133 0.459197 3.85426
      vertex -0.151006 -0.46475 3.85426
      vertex -0.151006 0.46475 3.85426
    endloop
  endfacet
  facet normal 0 0 1
    outer loop
      vertex -0.167133 0.459197 3.85426
      vertex -0.167133 -0.459197 3.85426
      vertex -0.151006 -0.46475 3.85426
    endloop
  endfacet
  facet normal -0 0 1
    outer loop
      vertex -0.183058 0.453084 3.85426
      vertex -0.167133 -0.459197 3.85426
      vertex -0.167133 0.459197 3.85426
    endloop
  endfacet
  facet normal 0 0 1
    outer loop
      vertex -0.183058 0.453084 3.85426
      vertex -0.183058 -0.453084 3.85426
      vertex -0.167133 -0.459197 3.85426
    endloop
  endfacet
  facet normal -0 0 1
    outer loop
      vertex -0.198758 0.44642 3.85426
      vertex -0.183058 -0.453084 3.85426
      vertex -0.183058 0.453084 3.85426
    endloop
  endfacet
  facet normal 0 0 1
    outer loop
      vertex -0.198758 0.44642 3.85426
      vertex -0.198758 -0.44642 3.85426
      vertex -0.183058 -0.453084 3.85426
    endloop
  endfacet
  facet normal -0 0 1
    outer loop
      vertex -0.214217 0.439211 3.85426
      vertex -0.198758 -0.44642 3.85426
      vertex -0.198758 0.44642 3.85426
    endloop
  endfacet
  facet normal 0 0 1
    outer loop
      vertex -0.214217 0.439211 3.85426
      vertex -0.214217 -0.439211 3.85426
      vertex -0.198758 -0.44642 3.85426
    endloop
  endfacet
  facet normal -0 0 1
    outer loop
      vertex -0.229415 0.431467 3.85426
      vertex -0.214217 -0.439211 3.85426
      vertex -0.214217 0.439211 3.85426
    endloop
  endfacet
  facet normal 0 0 1
    outer loop
      vertex -0.229415 0.431467 3.85426
      vertex -0.229415 -0.431467 3.85426
      vertex -0.214217 -0.439211 3.85426
    endloop
  endfacet
  facet normal -0 0 1
    outer loop
      vertex -0.244333 0.423198 3.85426
      vertex -0.229415 -0.431467 3.85426
      vertex -0.229415 0.431467 3.85426
    endloop
  endfacet
  facet normal 0 0 1
    outer loop
      vertex -0.244333 0.423198 3.85426
      vertex -0.244333 -0.423198 3.85426
      vertex -0.229415 -0.431467 3.85426
    endloop
  endfacet
  facet normal -0 0 1
    outer loop
      vertex -0.258954 0.414412 3.85426
      vertex -0.244333 -0.423198 3.85426
      vertex -0.244333 0.423198 3.85426
    endloop
  endfacet
  facet normal 0 0 1
    outer loop
      vertex -0.258954 0.414412 3.85426
      vertex -0.258954 -0.414412 3.85426
      vertex -0.244333 -0.423198 3.85426
    endloop
  endfacet
  facet normal -0 0 1
    outer loop
      vertex -0.273259 0.405123 3.85426
      vertex -0.258954 -0.414412 3.85426
      vertex -0.258954 0.414412 3.85426
    endloop
  endfacet
  facet normal 0 0 1
    outer loop
      vertex -0.273259 0.405123 3.85426
      vertex -0.273259 -0.405123 3.85426
      vertex -0.258954 -0.414412 3.85426
    endloop
  endfacet
  facet normal -0 0 1
    outer loop
      vertex -0.287231 0.39534 3.85426
      vertex -0.273259 -0.405123 3.85426
      vertex -0.273259 0.405123 3.85426
    endloop
  endfacet
  facet normal 0 0 1
    outer loop
      vertex -0.287231 0.39534 3.85426
      vertex -0.287231 -0.39534 3.85426
      vertex -0.273259 -0.405123 3.85426
    endloop
  endfacet
  facet normal -0 0 1
    outer loop
      vertex -0.300853 0.385075 3.85426
      vertex -0.287231 -0.39534 3.85426
      vertex -0.287231 0.39534 3.85426
    endloop
  endfacet
  facet normal 0 0 1
    outer loop
      vertex -0.300853 0.385075 3.85426
      vertex -0.300853 -0.385075 3.85426
      vertex -0.287231 -0.39534 3.85426
    endloop
  endfacet
  facet normal -0 0 1
    outer loop
      vertex -0.314109 0.37434 3.85426
      vertex -0.300853 -0.385075 3.85426
      vertex -0.300853 0.385075 3.85426
    endloop
  endfacet
  facet normal 0 0 1
    outer loop
      vertex -0.314109 0.37434 3.85426
      vertex -0.314109 -0.37434 3.85426
      vertex -0.300853 -0.385075 3.85426
    endloop
  endfacet
  facet normal -0 0 1
    outer loop
      vertex -0.326982 0.363151 3.85426
      vertex -0.314109 -0.37434 3.85426
      vertex -0.314109 0.37434 3.85426
    endloop
  endfacet
  facet normal 0 0 1
    outer loop
      vertex -0.326982 0.363151 3.85426
      vertex -0.326982 -0.363151 3.85426
      vertex -0.314109 -0.37434 3.85426
    endloop
  endfacet
  facet normal -0 0 1
    outer loop
      vertex -0.339457 0.351518 3.85426
      vertex -0.326982 -0.363151 3.85426
      vertex -0.326982 0.363151 3.85426
    endloop
  endfacet
  facet normal 0 0 1
    outer loop
      vertex -0.339457 0.351518 3.85426
      vertex -0.339457 -0.351518 3.85426
      vertex -0.326982 -0.363151 3.85426
    endloop
  endfacet
  facet normal -0 0 1
    outer loop
      vertex -0.351518 0.339457 3.85426
      vertex -0.339457 -0.351518 3.85426
      vertex -0.339457 0.351518 3.85426
    endloop
  endfacet
  facet normal 0 0 1
    outer loop
      vertex -0.351518 0.339457 3.85426
      vertex -0.351518 -0.339457 3.85426
      vertex -0.339457 -0.351518 3.85426
    endloop
  endfacet
  facet normal -0 0 1
    outer loop
      vertex -0.363151 0.326982 3.85426
      vertex -0.351518 -0.339457 3.85426
      vertex -0.351518 0.339457 3.85426
    endloop
  endfacet
  facet normal 0 0 1
    outer loop
      vertex -0.363151 0.326982 3.85426
      vertex -0.363151 -0.326982 3.85426
      vertex -0.351518 -0.339457 3.85426
    endloop
  endfacet
  facet normal -0 0 1
    outer loop
      vertex -0.37434 0.314109 3.85426
      vertex -0.363151 -0.326982 3.85426
      vertex -0.363151 0.326982 3.85426
    endloop
  endfacet
  facet normal 0 0 1
    outer loop
      vertex -0.37434 0.314109 3.85426
      vertex -0.37434 -0.314109 3.85426
      vertex -0.363151 -0.326982 3.85426
    endloop
  endfacet
  facet normal -0 0 1
    outer loop
      vertex -0.385075 0.300853 3.85426
      vertex -0.37434 -0.314109 3.85426
      vertex -0.37434 0.314109 3.85426
    endloop
  endfacet
  facet normal 0 0 1
    outer loop
      vertex -0.385075 0.300853 3.85426
      vertex -0.385075 -0.300853 3.85426
      vertex -0.37434 -0.314109 3.85426
    endloop
  endfacet
  facet normal -0 0 1
    outer loop
      vertex -0.39534 0.287231 3.85426
      vertex -0.385075 -0.300853 3.85426
      vertex -0.385075 0.300853 3.85426
    endloop
  endfacet
  facet normal 0 0 1
    outer loop
      vertex -0.39534 0.287231 3.85426
      vertex -0.39534 -0.287231 3.85426
      vertex -0.385075 -0.300853 3.85426
    endloop
  endfacet
  facet normal -0 0 1
    outer loop
      vertex -0.405123 0.273259 3.85426
      vertex -0.39534 -0.287231 3.85426
      vertex -0.39534 0.287231 3.85426
    endloop
  endfacet
  facet normal 0 0 1
    outer loop
      vertex -0.405123 0.273259 3.85426
      vertex -0.405123 -0.273259 3.85426
      vertex -0.39534 -0.287231 3.85426
    endloop
  endfacet
  facet normal -0 0 1
    outer loop
      vertex -0.414412 0.258954 3.85426
      vertex -0.405123 -0.273259 3.85426
      vertex -0.405123 0.273259 3.85426
    endloop
  endfacet
  facet normal 0 0 1
    outer loop
      vertex -0.414412 0.258954 3.85426
      vertex -0.414412 -0.258954 3.85426
      vertex -0.405123 -0.273259 3.85426
    endloop
  endfacet
  facet normal -0 0 1
    outer loop
      vertex -0.423198 0.244333 3.85426
      vertex -0.414412 -0.258954 3.85426
      vertex -0.414412 0.258954 3.85426
    endloop
  endfacet
  facet normal 0 0 1
    outer loop
      vertex -0.423198 0.244333 3.85426
      vertex -0.423198 -0.244333 3.85426
      vertex -0.414412 -0.258954 3.85426
    endloop
  endfacet
  facet normal -0 0 1
    outer loop
      vertex -0.431467 0.229415 3.85426
      vertex -0.423198 -0.244333 3.85426
      vertex -0.423198 0.244333 3.85426
    endloop
  endfacet
  facet normal 0 0 1
    outer loop
      vertex -0.431467 0.229415 3.85426
      vertex -0.431467 -0.229415 3.85426
      vertex -0.423198 -0.244333 3.85426
    endloop
  endfacet
  facet normal -0 0 1
    outer loop
      vertex -0.439211 0.214217 3.85426
      vertex -0.431467 -0.229415 3.85426
      vertex -0.431467 0.229415 3.85426
    endloop
  endfacet
  facet normal 0 0 1
    outer loop
      vertex -0.439211 0.214217 3.85426
      vertex -0.439211 -0.214217 3.85426
      vertex -0.431467 -0.229415 3.85426
    endloop
  endfacet
  facet normal -0 0 1
    outer loop
      vertex -0.44642 0.198758 3.85426
      vertex -0.439211 -0.214217 3.85426
      vertex -0.439211 0.214217 3.85426
    endloop
  endfacet
  facet normal 0 0 1
    outer loop
      vertex -0.44642 0.198758 3.85426
      vertex -0.44642 -0.198758 3.85426
      vertex -0.439211 -0.214217 3.85426
    endloop
  endfacet
  facet normal -0 0 1
    outer loop
      vertex -0.453084 0.183058 3.85426
      vertex -0.44642 -0.198758 3.85426
      vertex -0.44642 0.198758 3.85426
    endloop
  endfacet
  facet normal 0 0 1
    outer loop
      vertex -0.453084 0.183058 3.85426
      vertex -0.453084 -0.183058 3.85426
      vertex -0.44642 -0.198758 3.85426
    endloop
  endfacet
  facet normal -0 0 1
    outer loop
      vertex -0.459197 0.167133 3.85426
      vertex -0.453084 -0.183058 3.85426
      vertex -0.453084 0.183058 3.85426
    endloop
  endfacet
  facet normal 0 0 1
    outer loop
      vertex -0.459197 0.167133 3.85426
      vertex -0.459197 -0.167133 3.85426
      vertex -0.453084 -0.183058 3.85426
    endloop
  endfacet
  facet normal -0 0 1
    outer loop
      vertex -0.46475 0.151006 3.85426
      vertex -0.459197 -0.167133 3.85426
      vertex -0.459197 0.167133 3.85426
    endloop
  endfacet
  facet normal 0 0 1
    outer loop
      vertex -0.46475 0.151006 3.85426
      vertex -0.46475 -0.151006 3.85426
      vertex -0.459197 -0.167133 3.85426
    endloop
  endfacet
  facet normal -0 0 1
    outer loop
      vertex -0.469737 0.134694 3.85426
      vertex -0.46475 -0.151006 3.85426
      vertex -0.46475 0.151006 3.85426
    endloop
  endfacet
  facet normal 0 0 1
    outer loop
      vertex -0.469737 0.134694 3.85426
      vertex -0.469737 -0.134694 3.85426
      vertex -0.46475 -0.151006 3.85426
    endloop
  endfacet
  facet normal -0 0 1
    outer loop
      vertex -0.474152 0.118218 3.85426
      vertex -0.469737 -0.134694 3.85426
      vertex -0.469737 0.134694 3.85426
    endloop
  endfacet
  facet normal 0 0 1
    outer loop
      vertex -0.474152 0.118218 3.85426
      vertex -0.474152 -0.118218 3.85426
      vertex -0.469737 -0.134694 3.85426
    endloop
  endfacet
  facet normal -0 0 1
    outer loop
      vertex -0.477988 0.101599 3.85426
      vertex -0.474152 -0.118218 3.85426
      vertex -0.474152 0.118218 3.85426
    endloop
  endfacet
  facet normal 0 0 1
    outer loop
      vertex -0.477988 0.101599 3.85426
      vertex -0.477988 -0.101599 3.85426
      vertex -0.474152 -0.118218 3.85426
    endloop
  endfacet
  facet normal -0 0 1
    outer loop
      vertex -0.481243 0.084856 3.85426
      vertex -0.477988 -0.101599 3.85426
      vertex -0.477988 0.101599 3.85426
    endloop
  endfacet
  facet normal 0 0 1
    outer loop
      vertex -0.481243 0.084856 3.85426
      vertex -0.481243 -0.084856 3.85426
      vertex -0.477988 -0.101599 3.85426
    endloop
  endfacet
  facet normal -0 0 1
    outer loop
      vertex -0.483912 0.0680084 3.85426
      vertex -0.481243 -0.084856 3.85426
      vertex -0.481243 0.084856 3.85426
    endloop
  endfacet
  facet normal 0 0 1
    outer loop
      vertex -0.483912 0.0680084 3.85426
      vertex -0.483912 -0.0680084 3.85426
      vertex -0.481243 -0.084856 3.85426
    endloop
  endfacet
  facet normal -0 0 1
    outer loop
      vertex -0.48599 0.0510788 3.85426
      vertex -0.483912 -0.0680084 3.85426
      vertex -0.483912 0.0680084 3.85426
    endloop
  endfacet
  facet normal 0 0 1
    outer loop
      vertex -0.48599 0.0510788 3.85426
      vertex -0.48599 -0.0510788 3.85426
      vertex -0.483912 -0.0680084 3.85426
    endloop
  endfacet
  facet normal -0 0 1
    outer loop
      vertex -0.487476 0.0340872 3.85426
      vertex -0.48599 -0.0510788 3.85426
      vertex -0.48599 0.0510788 3.85426
    endloop
  endfacet
  facet normal 0 0 1
    outer loop
      vertex -0.487476 0.0340872 3.85426
      vertex -0.487476 -0.0340872 3.85426
      vertex -0.48599 -0.0510788 3.85426
    endloop
  endfacet
  facet normal -0 0 1
    outer loop
      vertex -0.488369 0.0170536 3.85426
      vertex -0.487476 -0.0340872 3.85426
      vertex -0.487476 0.0340872 3.85426
    endloop
  endfacet
  facet normal 0 0 1
    outer loop
      vertex -0.488369 0.0170536 3.85426
      vertex -0.488369 -0.0170536 3.85426
      vertex -0.487476 -0.0340872 3.85426
    endloop
  endfacet
  facet normal 0 -0 1
    outer loop
      vertex -0.488369 -0.0170536 3.85426
      vertex -0.488369 0.0170536 3.85426
      vertex -0.488667 0 3.85426
    endloop
  endfacet
  facet normal -0.178244 0.107092 0.978141
    outer loop
      vertex 4.62687 -2.67133 4.36444
      vertex 4.77253 -2.98221 4.42502
      vertex 4.89178 -2.91836 4.43976
    endloop
  endfacet
  facet normal -0.178239 0.107095 0.978142
    outer loop
      vertex 4.77253 -2.98221 4.42502
      vertex 4.62687 -2.67133 4.36444
      vertex 4.53083 -2.83117 4.36444
    endloop
  endfacet
  facet normal -0.174383 0.113265 0.978142
    outer loop
      vertex 4.71265 -3.013 4.41791
      vertex 4.77253 -2.98221 4.42502
      vertex 4.53083 -2.83117 4.36444
    endloop
  endfacet
  facet normal -0.0945308 0.14569 0.984804
    outer loop
      vertex 2.51347 -3.78237 4.22323
      vertex 2.54615 -3.77482 4.22525
      vertex 2.44936 -3.63132 4.19473
    endloop
  endfacet
  facet normal -0.0875989 0.108174 0.990265
    outer loop
      vertex 2.6967 -3.45162 4.19473
      vertex 2.81552 -3.3554 4.19473
      vertex 2.10085 -2.68896 4.05871
    endloop
  endfacet
  facet normal -0.071689 0.119315 0.990265
    outer loop
      vertex 2.19008 -3.79333 4.19473
      vertex 2.32113 -3.71459 4.19473
      vertex 1.70617 -2.95517 4.05871
    endloop
  endfacet
  facet normal -0.0894885 0.148844 0.984803
    outer loop
      vertex 2.32113 -3.71459 4.19473
      vertex 2.22138 -3.84754 4.20576
      vertex 2.36059 -3.81737 4.21385
    endloop
  endfacet
  facet normal -0.0893867 0.14877 0.984824
    outer loop
      vertex 2.22138 -3.84754 4.20576
      vertex 2.32113 -3.71459 4.19473
      vertex 2.19008 -3.79333 4.19473
    endloop
  endfacet
  facet normal -0.0995922 0.142244 0.984809
    outer loop
      vertex 2.5746 -3.54363 4.19473
      vertex 2.58366 -3.76562 4.22771
      vertex 2.71286 -3.73394 4.2362
    endloop
  endfacet
  facet normal -0.0995955 0.142244 0.984808
    outer loop
      vertex 2.58366 -3.76562 4.22771
      vertex 2.5746 -3.54363 4.19473
      vertex 2.44936 -3.63132 4.19473
    endloop
  endfacet
  facet normal -0.0946517 0.145638 0.9848
    outer loop
      vertex 2.44936 -3.63132 4.19473
      vertex 2.38241 -3.81264 4.21511
      vertex 2.51347 -3.78237 4.22323
    endloop
  endfacet
  facet normal -0.0945518 0.145603 0.984815
    outer loop
      vertex 2.38241 -3.81264 4.21511
      vertex 2.44936 -3.63132 4.19473
      vertex 2.32113 -3.71459 4.19473
    endloop
  endfacet
  facet normal -0.087596 0.108177 0.990265
    outer loop
      vertex 2.81552 -3.3554 4.19473
      vertex 2.19341 -2.61401 4.05871
      vertex 2.10085 -2.68896 4.05871
    endloop
  endfacet
  facet normal -0.091327 0.105046 0.990265
    outer loop
      vertex 2.81552 -3.3554 4.19473
      vertex 2.2833 -2.53586 4.05871
      vertex 2.19341 -2.61401 4.05871
    endloop
  endfacet
  facet normal -0.145652 0.0945901 0.984804
    outer loop
      vertex 4.42926 -2.98757 4.36444
      vertex 4.53083 -2.83117 4.36444
      vertex 3.63132 -2.44936 4.19473
    endloop
  endfacet
  facet normal -0.174385 0.113263 0.978142
    outer loop
      vertex 4.53083 -2.83117 4.36444
      vertex 4.57325 -3.0847 4.40136
      vertex 4.71265 -3.013 4.41791
    endloop
  endfacet
  facet normal -0.174401 0.11326 0.978139
    outer loop
      vertex 4.57325 -3.0847 4.40136
      vertex 4.53083 -2.83117 4.36444
      vertex 4.42926 -2.98757 4.36444
    endloop
  endfacet
  facet normal -0.109303 0.134948 0.984805
    outer loop
      vertex 2.98531 -3.66172 4.25555
      vertex 3.05624 -3.64229 4.26076
      vertex 2.81552 -3.3554 4.19473
    endloop
  endfacet
  facet normal -0.122779 0.122819 0.984805
    outer loop
      vertex 3.15083 -3.04272 4.19473
      vertex 3.41486 -3.53619 4.28919
      vertex 3.60071 -3.47717 4.305
    endloop
  endfacet
  facet normal -0.122805 0.122805 0.984804
    outer loop
      vertex 3.41486 -3.53619 4.28919
      vertex 3.15083 -3.04272 4.19473
      vertex 3.04272 -3.15083 4.19473
    endloop
  endfacet
  facet normal -0.118475 0.126991 0.984803
    outer loop
      vertex 3.04272 -3.15083 4.19473
      vertex 3.23349 -3.59115 4.27446
      vertex 3.31302 -3.56705 4.28092
    endloop
  endfacet
  facet normal -0.118434 0.12701 0.984806
    outer loop
      vertex 3.23349 -3.59115 4.27446
      vertex 3.04272 -3.15083 4.19473
      vertex 2.9309 -3.2551 4.19473
    endloop
  endfacet
  facet normal -0.0949285 0.101802 0.990265
    outer loop
      vertex 2.9309 -3.2551 4.19473
      vertex 3.04272 -3.15083 4.19473
      vertex 2.2833 -2.53586 4.05871
    endloop
  endfacet
  facet normal -0.118457 0.127003 0.984804
    outer loop
      vertex 3.31302 -3.56705 4.28092
      vertex 3.41486 -3.53619 4.28919
      vertex 3.04272 -3.15083 4.19473
    endloop
  endfacet
  facet normal -0.0994975 0.142341 0.984804
    outer loop
      vertex 2.54615 -3.77482 4.22525
      vertex 2.58366 -3.76562 4.22771
      vertex 2.44936 -3.63132 4.19473
    endloop
  endfacet
  facet normal -0.0984252 0.0984252 0.990265
    outer loop
      vertex 2.45463 -2.37041 4.05871
      vertex 3.04272 -3.15083 4.19473
      vertex 3.15083 -3.04272 4.19473
    endloop
  endfacet
  facet normal -0.0984252 0.0984252 0.990265
    outer loop
      vertex 3.04272 -3.15083 4.19473
      vertex 2.45463 -2.37041 4.05871
      vertex 2.37041 -2.45463 4.05871
    endloop
  endfacet
  facet normal -0.11393 0.131066 0.984805
    outer loop
      vertex 3.05624 -3.64229 4.26076
      vertex 3.13996 -3.61813 4.26723
      vertex 2.81552 -3.3554 4.19473
    endloop
  endfacet
  facet normal -0.113933 0.131062 0.984806
    outer loop
      vertex 2.9309 -3.2551 4.19473
      vertex 3.13996 -3.61813 4.26723
      vertex 3.23349 -3.59115 4.27446
    endloop
  endfacet
  facet normal -0.113933 0.131062 0.984806
    outer loop
      vertex 3.13996 -3.61813 4.26723
      vertex 2.9309 -3.2551 4.19473
      vertex 2.81552 -3.3554 4.19473
    endloop
  endfacet
  facet normal -0.0913206 0.105051 0.990265
    outer loop
      vertex 2.81552 -3.3554 4.19473
      vertex 2.9309 -3.2551 4.19473
      vertex 2.2833 -2.53586 4.05871
    endloop
  endfacet
  facet normal -0.304505 -0.735173 -0.605638
    outer loop
      vertex 7.18712 8.407 0
      vertex 6.26257 7.09291 2.06
      vertex 5.98712 7.207 2.06
    endloop
  endfacet
  facet normal -0.304505 -0.735173 -0.605638
    outer loop
      vertex 6.26257 7.09291 2.06
      vertex 7.18712 8.407 0
      vertex 7.46257 8.29291 0
    endloop
  endfacet
  facet normal 0.735173 0.304505 -0.605638
    outer loop
      vertex -7.09291 -6.26257 2.06
      vertex -8.407 -7.18712 0
      vertex -7.207 -5.98712 2.06
    endloop
  endfacet
  facet normal 0.735173 0.304505 -0.605638
    outer loop
      vertex -8.407 -7.18712 0
      vertex -7.09291 -6.26257 2.06
      vertex -8.29291 -7.46257 0
    endloop
  endfacet
  facet normal -0.407793 -0.665459 -0.625195
    outer loop
      vertex 7.46257 8.29291 0
      vertex 6.51678 6.93713 2.06
      vertex 6.26257 7.09291 2.06
    endloop
  endfacet
  facet normal -0.407793 -0.665459 -0.625195
    outer loop
      vertex 6.51678 6.93713 2.06
      vertex 7.46257 8.29291 0
      vertex 7.71678 8.13713 0
    endloop
  endfacet
  facet normal -0.191007 0.795702 -0.574782
    outer loop
      vertex 6.89722 -8.47659 0
      vertex 5.98712 -7.207 2.06
      vertex 7.18712 -8.407 0
    endloop
  endfacet
  facet normal -0.191032 0.795692 -0.574787
    outer loop
      vertex 5.98712 -7.207 2.06
      vertex 6.89722 -8.47659 0
      vertex 5.69722 -7.2766 2.06
    endloop
  endfacet
  facet normal -0.58764 -0.501873 -0.634668
    outer loop
      vertex 6.7435 6.7435 2.06
      vertex 8.13713 7.71678 0
      vertex 6.93713 6.51678 2.06
    endloop
  endfacet
  facet normal -0.58764 -0.501873 -0.634668
    outer loop
      vertex 8.13713 7.71678 0
      vertex 6.7435 6.7435 2.06
      vertex 7.9435 7.9435 0
    endloop
  endfacet
  facet normal 0.795702 -0.191007 -0.574782
    outer loop
      vertex -7.207 5.98712 2.06
      vertex -8.47659 6.89722 0
      vertex -8.407 7.18712 0
    endloop
  endfacet
  facet normal 0.795692 -0.191032 -0.574787
    outer loop
      vertex -8.47659 6.89722 0
      vertex -7.207 5.98712 2.06
      vertex -7.2766 5.69722 2.06
    endloop
  endfacet
  facet normal 0.304505 -0.735173 -0.605638
    outer loop
      vertex -7.18712 8.407 0
      vertex -6.26257 7.09291 2.06
      vertex -7.46257 8.29291 0
    endloop
  endfacet
  facet normal 0.304505 -0.735173 -0.605638
    outer loop
      vertex -6.26257 7.09291 2.06
      vertex -7.18712 8.407 0
      vertex -5.98712 7.207 2.06
    endloop
  endfacet
  facet normal 0.407793 0.665459 -0.625195
    outer loop
      vertex -7.46257 -8.29291 0
      vertex -6.51678 -6.93713 2.06
      vertex -6.26257 -7.09291 2.06
    endloop
  endfacet
  facet normal 0.407793 0.665459 -0.625195
    outer loop
      vertex -6.51678 -6.93713 2.06
      vertex -7.46257 -8.29291 0
      vertex -7.71678 -8.13713 0
    endloop
  endfacet
  facet normal -0.501873 0.58764 -0.634668
    outer loop
      vertex 7.71678 -8.13713 0
      vertex 6.7435 -6.7435 2.06
      vertex 7.9435 -7.9435 0
    endloop
  endfacet
  facet normal -0.501873 0.58764 -0.634668
    outer loop
      vertex 6.7435 -6.7435 2.06
      vertex 7.71678 -8.13713 0
      vertex 6.51678 -6.93713 2.06
    endloop
  endfacet
  facet normal -0.0664835 -0.844844 -0.530866
    outer loop
      vertex 6.59999 8.49998 0
      vertex 5.69722 7.2766 2.06
      vertex 5.39999 7.29999 2.06
    endloop
  endfacet
  facet normal -0.0664835 -0.844844 -0.530866
    outer loop
      vertex 5.69722 7.2766 2.06
      vertex 6.59999 8.49998 0
      vertex 6.89722 8.47659 0
    endloop
  endfacet
  facet normal -0.407793 0.665459 -0.625195
    outer loop
      vertex 7.46257 -8.29291 0
      vertex 6.51678 -6.93713 2.06
      vertex 7.71678 -8.13713 0
    endloop
  endfacet
  facet normal -0.407793 0.665459 -0.625195
    outer loop
      vertex 6.51678 -6.93713 2.06
      vertex 7.46257 -8.29291 0
      vertex 6.26257 -7.09291 2.06
    endloop
  endfacet
  facet normal 0.844844 0.0664835 -0.530866
    outer loop
      vertex -7.2766 -5.69722 2.06
      vertex -8.49998 -6.59999 0
      vertex -7.29999 -5.39999 2.06
    endloop
  endfacet
  facet normal 0.844844 0.0664835 -0.530866
    outer loop
      vertex -8.49998 -6.59999 0
      vertex -7.2766 -5.69722 2.06
      vertex -8.47659 -6.89722 0
    endloop
  endfacet
  facet normal 0 0.864085 -0.503346
    outer loop
      vertex 6.59999 -8.49998 0
      vertex -5.39999 -7.29999 2.06
      vertex 5.39999 -7.29999 2.06
    endloop
  endfacet
  facet normal 0 0.864085 -0.503346
    outer loop
      vertex -5.39999 -7.29999 2.06
      vertex 6.59999 -8.49998 0
      vertex -6.59999 -8.49998 0
    endloop
  endfacet
  facet normal 0 -0.864085 -0.503346
    outer loop
      vertex -6.59999 8.49998 0
      vertex 5.39999 7.29999 2.06
      vertex -5.39999 7.29999 2.06
    endloop
  endfacet
  facet normal 0 -0.864085 -0.503346
    outer loop
      vertex 5.39999 7.29999 2.06
      vertex -6.59999 8.49998 0
      vertex 6.59999 8.49998 0
    endloop
  endfacet
  facet normal -0.864085 0 -0.503346
    outer loop
      vertex 8.49998 6.59999 0
      vertex 7.29999 -5.39999 2.06
      vertex 7.29999 5.39999 2.06
    endloop
  endfacet
  facet normal -0.864085 0 -0.503346
    outer loop
      vertex 7.29999 -5.39999 2.06
      vertex 8.49998 6.59999 0
      vertex 8.49998 -6.59999 0
    endloop
  endfacet
  facet normal 0.407793 -0.665459 -0.625195
    outer loop
      vertex -7.46257 8.29291 0
      vertex -6.51678 6.93713 2.06
      vertex -7.71678 8.13713 0
    endloop
  endfacet
  facet normal 0.407793 -0.665459 -0.625195
    outer loop
      vertex -6.51678 6.93713 2.06
      vertex -7.46257 8.29291 0
      vertex -6.26257 7.09291 2.06
    endloop
  endfacet
  facet normal 0.501873 -0.58764 -0.634668
    outer loop
      vertex -6.7435 6.7435 2.06
      vertex -7.71678 8.13713 0
      vertex -6.51678 6.93713 2.06
    endloop
  endfacet
  facet normal 0.501873 -0.58764 -0.634668
    outer loop
      vertex -7.71678 8.13713 0
      vertex -6.7435 6.7435 2.06
      vertex -7.9435 7.9435 0
    endloop
  endfacet
  facet normal 0.191007 -0.795702 -0.574782
    outer loop
      vertex -6.89722 8.47659 0
      vertex -5.98712 7.207 2.06
      vertex -7.18712 8.407 0
    endloop
  endfacet
  facet normal 0.191032 -0.795692 -0.574787
    outer loop
      vertex -5.98712 7.207 2.06
      vertex -6.89722 8.47659 0
      vertex -5.69722 7.2766 2.06
    endloop
  endfacet
  facet normal -0.665459 -0.407793 -0.625195
    outer loop
      vertex 8.29291 7.46257 0
      vertex 6.93713 6.51678 2.06
      vertex 8.13713 7.71678 0
    endloop
  endfacet
  facet normal -0.665459 -0.407793 -0.625195
    outer loop
      vertex 6.93713 6.51678 2.06
      vertex 8.29291 7.46257 0
      vertex 7.09291 6.26257 2.06
    endloop
  endfacet
  facet normal -0.844844 -0.0664835 -0.530866
    outer loop
      vertex 8.49998 6.59999 0
      vertex 7.2766 5.69722 2.06
      vertex 8.47659 6.89722 0
    endloop
  endfacet
  facet normal -0.844844 -0.0664835 -0.530866
    outer loop
      vertex 7.2766 5.69722 2.06
      vertex 8.49998 6.59999 0
      vertex 7.29999 5.39999 2.06
    endloop
  endfacet
  facet normal 0.864085 0 -0.503346
    outer loop
      vertex -7.29999 -5.39999 2.06
      vertex -8.49998 6.59999 0
      vertex -7.29999 5.39999 2.06
    endloop
  endfacet
  facet normal 0.864085 0 -0.503346
    outer loop
      vertex -8.49998 6.59999 0
      vertex -7.29999 -5.39999 2.06
      vertex -8.49998 -6.59999 0
    endloop
  endfacet
  facet normal 0.0664835 -0.844844 -0.530866
    outer loop
      vertex -6.59999 8.49998 0
      vertex -5.69722 7.2766 2.06
      vertex -6.89722 8.47659 0
    endloop
  endfacet
  facet normal 0.0664835 -0.844844 -0.530866
    outer loop
      vertex -5.69722 7.2766 2.06
      vertex -6.59999 8.49998 0
      vertex -5.39999 7.29999 2.06
    endloop
  endfacet
  facet normal 0.191032 0.795692 -0.574787
    outer loop
      vertex -6.89722 -8.47659 0
      vertex -5.98712 -7.207 2.06
      vertex -5.69722 -7.2766 2.06
    endloop
  endfacet
  facet normal 0.191007 0.795702 -0.574782
    outer loop
      vertex -5.98712 -7.207 2.06
      vertex -6.89722 -8.47659 0
      vertex -7.18712 -8.407 0
    endloop
  endfacet
  facet normal 0.665459 0.407793 -0.625195
    outer loop
      vertex -6.93713 -6.51678 2.06
      vertex -8.29291 -7.46257 0
      vertex -7.09291 -6.26257 2.06
    endloop
  endfacet
  facet normal 0.665459 0.407793 -0.625195
    outer loop
      vertex -8.29291 -7.46257 0
      vertex -6.93713 -6.51678 2.06
      vertex -8.13713 -7.71678 0
    endloop
  endfacet
  facet normal -0.191032 -0.795692 -0.574787
    outer loop
      vertex 6.89722 8.47659 0
      vertex 5.98712 7.207 2.06
      vertex 5.69722 7.2766 2.06
    endloop
  endfacet
  facet normal -0.191007 -0.795702 -0.574782
    outer loop
      vertex 5.98712 7.207 2.06
      vertex 6.89722 8.47659 0
      vertex 7.18712 8.407 0
    endloop
  endfacet
  facet normal -0.665459 0.407793 -0.625195
    outer loop
      vertex 8.29291 -7.46257 0
      vertex 6.93713 -6.51678 2.06
      vertex 7.09291 -6.26257 2.06
    endloop
  endfacet
  facet normal -0.665459 0.407793 -0.625195
    outer loop
      vertex 6.93713 -6.51678 2.06
      vertex 8.29291 -7.46257 0
      vertex 8.13713 -7.71678 0
    endloop
  endfacet
  facet normal 0.665459 -0.407793 -0.625195
    outer loop
      vertex -6.93713 6.51678 2.06
      vertex -8.29291 7.46257 0
      vertex -8.13713 7.71678 0
    endloop
  endfacet
  facet normal 0.665459 -0.407793 -0.625195
    outer loop
      vertex -8.29291 7.46257 0
      vertex -6.93713 6.51678 2.06
      vertex -7.09291 6.26257 2.06
    endloop
  endfacet
  facet normal 0.304505 0.735173 -0.605638
    outer loop
      vertex -7.18712 -8.407 0
      vertex -6.26257 -7.09291 2.06
      vertex -5.98712 -7.207 2.06
    endloop
  endfacet
  facet normal 0.304505 0.735173 -0.605638
    outer loop
      vertex -6.26257 -7.09291 2.06
      vertex -7.18712 -8.407 0
      vertex -7.46257 -8.29291 0
    endloop
  endfacet
  facet normal 0.795692 0.191032 -0.574787
    outer loop
      vertex -7.207 -5.98712 2.06
      vertex -8.47659 -6.89722 0
      vertex -7.2766 -5.69722 2.06
    endloop
  endfacet
  facet normal 0.795702 0.191007 -0.574782
    outer loop
      vertex -8.47659 -6.89722 0
      vertex -7.207 -5.98712 2.06
      vertex -8.407 -7.18712 0
    endloop
  endfacet
  facet normal -0.58764 0.501873 -0.634668
    outer loop
      vertex 6.7435 -6.7435 2.06
      vertex 8.13713 -7.71678 0
      vertex 7.9435 -7.9435 0
    endloop
  endfacet
  facet normal -0.58764 0.501873 -0.634668
    outer loop
      vertex 8.13713 -7.71678 0
      vertex 6.7435 -6.7435 2.06
      vertex 6.93713 -6.51678 2.06
    endloop
  endfacet
  facet normal 0.58764 0.501873 -0.634668
    outer loop
      vertex -8.13713 -7.71678 0
      vertex -6.7435 -6.7435 2.06
      vertex -7.9435 -7.9435 0
    endloop
  endfacet
  facet normal 0.58764 0.501873 -0.634668
    outer loop
      vertex -6.7435 -6.7435 2.06
      vertex -8.13713 -7.71678 0
      vertex -6.93713 -6.51678 2.06
    endloop
  endfacet
  facet normal -0.304505 0.735173 -0.605638
    outer loop
      vertex 7.18712 -8.407 0
      vertex 6.26257 -7.09291 2.06
      vertex 7.46257 -8.29291 0
    endloop
  endfacet
  facet normal -0.304505 0.735173 -0.605638
    outer loop
      vertex 6.26257 -7.09291 2.06
      vertex 7.18712 -8.407 0
      vertex 5.98712 -7.207 2.06
    endloop
  endfacet
  facet normal -0.501873 -0.58764 -0.634668
    outer loop
      vertex 6.7435 6.7435 2.06
      vertex 7.71678 8.13713 0
      vertex 7.9435 7.9435 0
    endloop
  endfacet
  facet normal -0.501873 -0.58764 -0.634668
    outer loop
      vertex 7.71678 8.13713 0
      vertex 6.7435 6.7435 2.06
      vertex 6.51678 6.93713 2.06
    endloop
  endfacet
  facet normal -0.735173 -0.304505 -0.605638
    outer loop
      vertex 8.407 7.18712 0
      vertex 7.09291 6.26257 2.06
      vertex 8.29291 7.46257 0
    endloop
  endfacet
  facet normal -0.735173 -0.304505 -0.605638
    outer loop
      vertex 7.09291 6.26257 2.06
      vertex 8.407 7.18712 0
      vertex 7.207 5.98712 2.06
    endloop
  endfacet
  facet normal -0.795702 -0.191007 -0.574782
    outer loop
      vertex 8.47659 6.89722 0
      vertex 7.207 5.98712 2.06
      vertex 8.407 7.18712 0
    endloop
  endfacet
  facet normal -0.795692 -0.191032 -0.574787
    outer loop
      vertex 7.207 5.98712 2.06
      vertex 8.47659 6.89722 0
      vertex 7.2766 5.69722 2.06
    endloop
  endfacet
  facet normal 0.0664835 0.844844 -0.530866
    outer loop
      vertex -6.59999 -8.49998 0
      vertex -5.69722 -7.2766 2.06
      vertex -5.39999 -7.29999 2.06
    endloop
  endfacet
  facet normal 0.0664835 0.844844 -0.530866
    outer loop
      vertex -5.69722 -7.2766 2.06
      vertex -6.59999 -8.49998 0
      vertex -6.89722 -8.47659 0
    endloop
  endfacet
  facet normal 0.501873 0.58764 -0.634668
    outer loop
      vertex -7.71678 -8.13713 0
      vertex -6.7435 -6.7435 2.06
      vertex -6.51678 -6.93713 2.06
    endloop
  endfacet
  facet normal 0.501873 0.58764 -0.634668
    outer loop
      vertex -6.7435 -6.7435 2.06
      vertex -7.71678 -8.13713 0
      vertex -7.9435 -7.9435 0
    endloop
  endfacet
  facet normal 0.844844 -0.0664835 -0.530866
    outer loop
      vertex -7.2766 5.69722 2.06
      vertex -8.49998 6.59999 0
      vertex -8.47659 6.89722 0
    endloop
  endfacet
  facet normal 0.844844 -0.0664835 -0.530866
    outer loop
      vertex -8.49998 6.59999 0
      vertex -7.2766 5.69722 2.06
      vertex -7.29999 5.39999 2.06
    endloop
  endfacet
  facet normal -0.0664835 0.844844 -0.530866
    outer loop
      vertex 6.59999 -8.49998 0
      vertex 5.69722 -7.2766 2.06
      vertex 6.89722 -8.47659 0
    endloop
  endfacet
  facet normal -0.0664835 0.844844 -0.530866
    outer loop
      vertex 5.69722 -7.2766 2.06
      vertex 6.59999 -8.49998 0
      vertex 5.39999 -7.29999 2.06
    endloop
  endfacet
  facet normal 0.58764 -0.501873 -0.634668
    outer loop
      vertex -8.13713 7.71678 0
      vertex -6.7435 6.7435 2.06
      vertex -6.93713 6.51678 2.06
    endloop
  endfacet
  facet normal 0.58764 -0.501873 -0.634668
    outer loop
      vertex -6.7435 6.7435 2.06
      vertex -8.13713 7.71678 0
      vertex -7.9435 7.9435 0
    endloop
  endfacet
  facet normal 0.735173 -0.304505 -0.605638
    outer loop
      vertex -7.09291 6.26257 2.06
      vertex -8.407 7.18712 0
      vertex -8.29291 7.46257 0
    endloop
  endfacet
  facet normal 0.735173 -0.304505 -0.605638
    outer loop
      vertex -8.407 7.18712 0
      vertex -7.09291 6.26257 2.06
      vertex -7.207 5.98712 2.06
    endloop
  endfacet
  facet normal 0 0 -1
    outer loop
      vertex 5.39999 -7.29999 2.06
      vertex 7.29999 -5.39999 2.06
      vertex 7.2766 -5.69722 2.06
    endloop
  endfacet
  facet normal 0 0 -1
    outer loop
      vertex 7.29999 -5.39999 2.06
      vertex 3.425 -1.375 2.06
      vertex 7.29999 5.39999 2.06
    endloop
  endfacet
  facet normal 0 0 -1
    outer loop
      vertex 5.39999 -7.29999 2.06
      vertex 7.2766 -5.69722 2.06
      vertex 7.207 -5.98712 2.06
    endloop
  endfacet
  facet normal 0 0 -1
    outer loop
      vertex 3.425 1.375 2.06
      vertex 7.29999 5.39999 2.06
      vertex 3.425 -1.375 2.06
    endloop
  endfacet
  facet normal 0 0 -1
    outer loop
      vertex 5.39999 -7.29999 2.06
      vertex 7.207 -5.98712 2.06
      vertex 7.09291 -6.26257 2.06
    endloop
  endfacet
  facet normal 0 0 -1
    outer loop
      vertex 3.32499 1.47501 2.06
      vertex 7.29999 5.39999 2.06
      vertex 3.425 1.375 2.06
    endloop
  endfacet
  facet normal 0 0 -1
    outer loop
      vertex 5.39999 -7.29999 2.06
      vertex 7.09291 -6.26257 2.06
      vertex 6.93713 -6.51678 2.06
    endloop
  endfacet
  facet normal 0 -0 -1
    outer loop
      vertex 5.39999 7.29999 2.06
      vertex 7.29999 5.39999 2.06
      vertex 3.32499 1.47501 2.06
    endloop
  endfacet
  facet normal 0 0 -1
    outer loop
      vertex 5.39999 -7.29999 2.06
      vertex 6.93713 -6.51678 2.06
      vertex 6.7435 -6.7435 2.06
    endloop
  endfacet
  facet normal 0 0 -1
    outer loop
      vertex 7.29999 5.39999 2.06
      vertex 5.39999 7.29999 2.06
      vertex 7.2766 5.69722 2.06
    endloop
  endfacet
  facet normal 0 0 -1
    outer loop
      vertex 5.39999 -7.29999 2.06
      vertex 6.7435 -6.7435 2.06
      vertex 6.51678 -6.93713 2.06
    endloop
  endfacet
  facet normal 0 0 -1
    outer loop
      vertex 7.2766 5.69722 2.06
      vertex 5.39999 7.29999 2.06
      vertex 7.207 5.98712 2.06
    endloop
  endfacet
  facet normal 0 0 -1
    outer loop
      vertex 5.39999 -7.29999 2.06
      vertex 6.51678 -6.93713 2.06
      vertex 6.26257 -7.09291 2.06
    endloop
  endfacet
  facet normal 0 0 -1
    outer loop
      vertex 7.207 5.98712 2.06
      vertex 5.39999 7.29999 2.06
      vertex 7.09291 6.26257 2.06
    endloop
  endfacet
  facet normal 0 0 -1
    outer loop
      vertex 5.39999 -7.29999 2.06
      vertex 6.26257 -7.09291 2.06
      vertex 5.98712 -7.207 2.06
    endloop
  endfacet
  facet normal 0 0 -1
    outer loop
      vertex 7.09291 6.26257 2.06
      vertex 5.39999 7.29999 2.06
      vertex 6.93713 6.51678 2.06
    endloop
  endfacet
  facet normal 0 0 -1
    outer loop
      vertex 5.39999 -7.29999 2.06
      vertex 5.98712 -7.207 2.06
      vertex 5.69722 -7.2766 2.06
    endloop
  endfacet
  facet normal 0 0 -1
    outer loop
      vertex 6.93713 6.51678 2.06
      vertex 5.39999 7.29999 2.06
      vertex 6.7435 6.7435 2.06
    endloop
  endfacet
  facet normal -0 0 -1
    outer loop
      vertex 7.29999 -5.39999 2.06
      vertex 5.39999 -7.29999 2.06
      vertex 3.32499 -1.47501 2.06
    endloop
  endfacet
  facet normal 0 0 -1
    outer loop
      vertex 6.7435 6.7435 2.06
      vertex 5.39999 7.29999 2.06
      vertex 6.51678 6.93713 2.06
    endloop
  endfacet
  facet normal 0 0 -1
    outer loop
      vertex 6.51678 6.93713 2.06
      vertex 5.39999 7.29999 2.06
      vertex 6.26257 7.09291 2.06
    endloop
  endfacet
  facet normal 0 0 -1
    outer loop
      vertex 7.29999 -5.39999 2.06
      vertex 3.32499 -1.47501 2.06
      vertex 3.425 -1.375 2.06
    endloop
  endfacet
  facet normal 0 0 -1
    outer loop
      vertex 5.39999 -7.29999 2.06
      vertex 2.37501 -1.47501 2.06
      vertex 3.32499 -1.47501 2.06
    endloop
  endfacet
  facet normal 0 0 -1
    outer loop
      vertex -2.37501 -1.47501 2.06
      vertex 2.37501 -1.47501 2.06
      vertex 5.39999 -7.29999 2.06
    endloop
  endfacet
  facet normal 0 0 -1
    outer loop
      vertex 2.275 -1.375 2.06
      vertex -2.275 -1.375 2.06
      vertex 2.275 1.375 2.06
    endloop
  endfacet
  facet normal 0 0 -1
    outer loop
      vertex 2.37501 -1.47501 2.06
      vertex -2.37501 -1.47501 2.06
      vertex 2.275 -1.375 2.06
    endloop
  endfacet
  facet normal -0 0 -1
    outer loop
      vertex 2.275 -1.375 2.06
      vertex -2.37501 -1.47501 2.06
      vertex -2.275 -1.375 2.06
    endloop
  endfacet
  facet normal 0 0 -1
    outer loop
      vertex -5.39999 -7.29999 2.06
      vertex -2.37501 -1.47501 2.06
      vertex 5.39999 -7.29999 2.06
    endloop
  endfacet
  facet normal -0 0 -1
    outer loop
      vertex -3.32499 -1.47501 2.06
      vertex -7.29999 -5.39999 2.06
      vertex -3.425 -1.375 2.06
    endloop
  endfacet
  facet normal 0 0 -1
    outer loop
      vertex -7.29999 -5.39999 2.06
      vertex -3.32499 -1.47501 2.06
      vertex -5.39999 -7.29999 2.06
    endloop
  endfacet
  facet normal -0 0 -1
    outer loop
      vertex -2.37501 -1.47501 2.06
      vertex -5.39999 -7.29999 2.06
      vertex -3.32499 -1.47501 2.06
    endloop
  endfacet
  facet normal 0 0 -1
    outer loop
      vertex 6.26257 7.09291 2.06
      vertex 5.39999 7.29999 2.06
      vertex 5.98712 7.207 2.06
    endloop
  endfacet
  facet normal 0 0 -1
    outer loop
      vertex 5.98712 7.207 2.06
      vertex 5.39999 7.29999 2.06
      vertex 5.69722 7.2766 2.06
    endloop
  endfacet
  facet normal 0 0 -1
    outer loop
      vertex 2.37501 1.47501 2.06
      vertex 5.39999 7.29999 2.06
      vertex 3.32499 1.47501 2.06
    endloop
  endfacet
  facet normal 0 0 -1
    outer loop
      vertex -2.37501 1.47501 2.06
      vertex 2.37501 1.47501 2.06
      vertex 2.275 1.375 2.06
    endloop
  endfacet
  facet normal 0 0 -1
    outer loop
      vertex -2.275 1.375 2.06
      vertex 2.275 1.375 2.06
      vertex -2.275 -1.375 2.06
    endloop
  endfacet
  facet normal 0 0 -1
    outer loop
      vertex -2.37501 1.47501 2.06
      vertex 2.275 1.375 2.06
      vertex -2.275 1.375 2.06
    endloop
  endfacet
  facet normal 0 0 -1
    outer loop
      vertex 2.37501 1.47501 2.06
      vertex -2.37501 1.47501 2.06
      vertex 5.39999 7.29999 2.06
    endloop
  endfacet
  facet normal 0 0 -1
    outer loop
      vertex -5.39999 7.29999 2.06
      vertex -2.37501 1.47501 2.06
      vertex -3.32499 1.47501 2.06
    endloop
  endfacet
  facet normal 0 0 -1
    outer loop
      vertex -2.37501 1.47501 2.06
      vertex -5.39999 7.29999 2.06
      vertex 5.39999 7.29999 2.06
    endloop
  endfacet
  facet normal 0 0 -1
    outer loop
      vertex -7.29999 5.39999 2.06
      vertex -3.32499 1.47501 2.06
      vertex -3.425 1.375 2.06
    endloop
  endfacet
  facet normal -0 0 -1
    outer loop
      vertex -3.425 -1.375 2.06
      vertex -7.29999 -5.39999 2.06
      vertex -3.425 1.375 2.06
    endloop
  endfacet
  facet normal 0 0 -1
    outer loop
      vertex -7.29999 -5.39999 2.06
      vertex -5.39999 -7.29999 2.06
      vertex -5.69722 -7.2766 2.06
    endloop
  endfacet
  facet normal 0 0 -1
    outer loop
      vertex -7.29999 5.39999 2.06
      vertex -3.425 1.375 2.06
      vertex -7.29999 -5.39999 2.06
    endloop
  endfacet
  facet normal 0 0 -1
    outer loop
      vertex -7.29999 -5.39999 2.06
      vertex -5.69722 -7.2766 2.06
      vertex -5.98712 -7.207 2.06
    endloop
  endfacet
  facet normal 0 0 -1
    outer loop
      vertex -3.32499 1.47501 2.06
      vertex -7.29999 5.39999 2.06
      vertex -5.39999 7.29999 2.06
    endloop
  endfacet
  facet normal 0 0 -1
    outer loop
      vertex -7.29999 -5.39999 2.06
      vertex -5.98712 -7.207 2.06
      vertex -6.26257 -7.09291 2.06
    endloop
  endfacet
  facet normal 0 0 -1
    outer loop
      vertex -5.39999 7.29999 2.06
      vertex -7.29999 5.39999 2.06
      vertex -5.69722 7.2766 2.06
    endloop
  endfacet
  facet normal 0 0 -1
    outer loop
      vertex -7.29999 -5.39999 2.06
      vertex -6.26257 -7.09291 2.06
      vertex -6.51678 -6.93713 2.06
    endloop
  endfacet
  facet normal 0 0 -1
    outer loop
      vertex -5.69722 7.2766 2.06
      vertex -7.29999 5.39999 2.06
      vertex -5.98712 7.207 2.06
    endloop
  endfacet
  facet normal 0 0 -1
    outer loop
      vertex -7.29999 -5.39999 2.06
      vertex -6.51678 -6.93713 2.06
      vertex -6.7435 -6.7435 2.06
    endloop
  endfacet
  facet normal 0 0 -1
    outer loop
      vertex -5.98712 7.207 2.06
      vertex -7.29999 5.39999 2.06
      vertex -6.26257 7.09291 2.06
    endloop
  endfacet
  facet normal 0 0 -1
    outer loop
      vertex -7.29999 -5.39999 2.06
      vertex -6.7435 -6.7435 2.06
      vertex -6.93713 -6.51678 2.06
    endloop
  endfacet
  facet normal 0 0 -1
    outer loop
      vertex -6.26257 7.09291 2.06
      vertex -7.29999 5.39999 2.06
      vertex -6.51678 6.93713 2.06
    endloop
  endfacet
  facet normal 0 0 -1
    outer loop
      vertex -7.29999 -5.39999 2.06
      vertex -6.93713 -6.51678 2.06
      vertex -7.09291 -6.26257 2.06
    endloop
  endfacet
  facet normal 0 0 -1
    outer loop
      vertex -6.51678 6.93713 2.06
      vertex -7.29999 5.39999 2.06
      vertex -6.7435 6.7435 2.06
    endloop
  endfacet
  facet normal 0 0 -1
    outer loop
      vertex -7.29999 -5.39999 2.06
      vertex -7.09291 -6.26257 2.06
      vertex -7.207 -5.98712 2.06
    endloop
  endfacet
  facet normal 0 0 -1
    outer loop
      vertex -6.7435 6.7435 2.06
      vertex -7.29999 5.39999 2.06
      vertex -6.93713 6.51678 2.06
    endloop
  endfacet
  facet normal 0 0 -1
    outer loop
      vertex -7.29999 -5.39999 2.06
      vertex -7.207 -5.98712 2.06
      vertex -7.2766 -5.69722 2.06
    endloop
  endfacet
  facet normal 0 0 -1
    outer loop
      vertex -6.93713 6.51678 2.06
      vertex -7.29999 5.39999 2.06
      vertex -7.09291 6.26257 2.06
    endloop
  endfacet
  facet normal 0 0 -1
    outer loop
      vertex -7.09291 6.26257 2.06
      vertex -7.29999 5.39999 2.06
      vertex -7.207 5.98712 2.06
    endloop
  endfacet
  facet normal 0 0 -1
    outer loop
      vertex -7.207 5.98712 2.06
      vertex -7.29999 5.39999 2.06
      vertex -7.2766 5.69722 2.06
    endloop
  endfacet
  facet normal -0.735173 0.304505 -0.605638
    outer loop
      vertex 8.407 -7.18712 0
      vertex 7.09291 -6.26257 2.06
      vertex 7.207 -5.98712 2.06
    endloop
  endfacet
  facet normal -0.735173 0.304505 -0.605638
    outer loop
      vertex 7.09291 -6.26257 2.06
      vertex 8.407 -7.18712 0
      vertex 8.29291 -7.46257 0
    endloop
  endfacet
  facet normal -0.844844 0.0664835 -0.530866
    outer loop
      vertex 8.49998 -6.59999 0
      vertex 7.2766 -5.69722 2.06
      vertex 7.29999 -5.39999 2.06
    endloop
  endfacet
  facet normal -0.844844 0.0664835 -0.530866
    outer loop
      vertex 7.2766 -5.69722 2.06
      vertex 8.49998 -6.59999 0
      vertex 8.47659 -6.89722 0
    endloop
  endfacet
  facet normal -0.795692 0.191032 -0.574787
    outer loop
      vertex 8.47659 -6.89722 0
      vertex 7.207 -5.98712 2.06
      vertex 7.2766 -5.69722 2.06
    endloop
  endfacet
  facet normal -0.795702 0.191007 -0.574782
    outer loop
      vertex 7.207 -5.98712 2.06
      vertex 8.47659 -6.89722 0
      vertex 8.407 -7.18712 0
    endloop
  endfacet
  facet normal -0.707107 0.707107 0
    outer loop
      vertex -3.425 1.375 -1.45
      vertex -3.32499 1.47501 2.06
      vertex -3.32499 1.47501 -1.45
    endloop
  endfacet
  facet normal -0.707107 0.707107 0
    outer loop
      vertex -3.32499 1.47501 2.06
      vertex -3.425 1.375 -1.45
      vertex -3.425 1.375 2.06
    endloop
  endfacet
  facet normal -1 0 0
    outer loop
      vertex -3.425 -1.375 -1.45
      vertex -3.425 1.375 2.06
      vertex -3.425 1.375 -1.45
    endloop
  endfacet
  facet normal -1 -0 0
    outer loop
      vertex -3.425 1.375 2.06
      vertex -3.425 -1.375 -1.45
      vertex -3.425 -1.375 2.06
    endloop
  endfacet
  facet normal 0 -1 0
    outer loop
      vertex -3.32499 -1.47501 -1.45
      vertex -2.37501 -1.47501 2.06
      vertex -3.32499 -1.47501 2.06
    endloop
  endfacet
  facet normal 0 -1 -0
    outer loop
      vertex -2.37501 -1.47501 2.06
      vertex -3.32499 -1.47501 -1.45
      vertex -2.37501 -1.47501 -1.45
    endloop
  endfacet
  facet normal -0.408244 -0.408244 -0.816501
    outer loop
      vertex -3.32499 -1.47501 -1.45
      vertex -3.12499 -1.075 -1.75
      vertex -3.02499 -1.175 -1.75
    endloop
  endfacet
  facet normal -0.408244 -0.408244 -0.816501
    outer loop
      vertex -3.12499 -1.075 -1.75
      vertex -3.32499 -1.47501 -1.45
      vertex -3.425 -1.375 -1.45
    endloop
  endfacet
  facet normal -0.707107 -0.707107 0
    outer loop
      vertex -3.32499 -1.47501 -1.45
      vertex -3.425 -1.375 2.06
      vertex -3.425 -1.375 -1.45
    endloop
  endfacet
  facet normal -0.707107 -0.707107 0
    outer loop
      vertex -3.425 -1.375 2.06
      vertex -3.32499 -1.47501 -1.45
      vertex -3.32499 -1.47501 2.06
    endloop
  endfacet
  facet normal -0.707095 0 -0.707119
    outer loop
      vertex -3.425 -1.375 -1.45
      vertex -3.12499 1.075 -1.75
      vertex -3.12499 -1.075 -1.75
    endloop
  endfacet
  facet normal -0.707095 0 -0.707119
    outer loop
      vertex -3.12499 1.075 -1.75
      vertex -3.425 -1.375 -1.45
      vertex -3.425 1.375 -1.45
    endloop
  endfacet
  facet normal 0.707107 0.707107 0
    outer loop
      vertex -2.275 1.375 2.06
      vertex -2.37501 1.47501 -1.45
      vertex -2.37501 1.47501 2.06
    endloop
  endfacet
  facet normal 0.707107 0.707107 0
    outer loop
      vertex -2.37501 1.47501 -1.45
      vertex -2.275 1.375 2.06
      vertex -2.275 1.375 -1.45
    endloop
  endfacet
  facet normal 0.408244 0.408244 -0.816501
    outer loop
      vertex -2.57501 1.075 -1.75
      vertex -2.37501 1.47501 -1.45
      vertex -2.275 1.375 -1.45
    endloop
  endfacet
  facet normal 0.408244 0.408244 -0.816501
    outer loop
      vertex -2.37501 1.47501 -1.45
      vertex -2.57501 1.075 -1.75
      vertex -2.67501 1.175 -1.75
    endloop
  endfacet
  facet normal 0.707107 -0.707107 0
    outer loop
      vertex -2.37501 -1.47501 2.06
      vertex -2.275 -1.375 -1.45
      vertex -2.275 -1.375 2.06
    endloop
  endfacet
  facet normal 0.707107 -0.707107 0
    outer loop
      vertex -2.275 -1.375 -1.45
      vertex -2.37501 -1.47501 2.06
      vertex -2.37501 -1.47501 -1.45
    endloop
  endfacet
  facet normal 1 -0 0
    outer loop
      vertex -2.275 -1.375 2.06
      vertex -2.275 1.375 -1.45
      vertex -2.275 1.375 2.06
    endloop
  endfacet
  facet normal 1 0 0
    outer loop
      vertex -2.275 1.375 -1.45
      vertex -2.275 -1.375 2.06
      vertex -2.275 -1.375 -1.45
    endloop
  endfacet
  facet normal 0 -0.707095 -0.707119
    outer loop
      vertex -2.37501 -1.47501 -1.45
      vertex -3.02499 -1.175 -1.75
      vertex -2.67501 -1.175 -1.75
    endloop
  endfacet
  facet normal 0 -0.707095 -0.707119
    outer loop
      vertex -3.02499 -1.175 -1.75
      vertex -2.37501 -1.47501 -1.45
      vertex -3.32499 -1.47501 -1.45
    endloop
  endfacet
  facet normal -0.408244 0.408244 -0.816501
    outer loop
      vertex -3.12499 1.075 -1.75
      vertex -3.32499 1.47501 -1.45
      vertex -3.02499 1.175 -1.75
    endloop
  endfacet
  facet normal -0.408244 0.408244 -0.816501
    outer loop
      vertex -3.32499 1.47501 -1.45
      vertex -3.12499 1.075 -1.75
      vertex -3.425 1.375 -1.45
    endloop
  endfacet
  facet normal 0.707095 0 -0.707119
    outer loop
      vertex -2.57501 -1.075 -1.75
      vertex -2.275 1.375 -1.45
      vertex -2.275 -1.375 -1.45
    endloop
  endfacet
  facet normal 0.707095 0 -0.707119
    outer loop
      vertex -2.275 1.375 -1.45
      vertex -2.57501 -1.075 -1.75
      vertex -2.57501 1.075 -1.75
    endloop
  endfacet
  facet normal 0 0.707095 -0.707119
    outer loop
      vertex -3.02499 1.175 -1.75
      vertex -2.37501 1.47501 -1.45
      vertex -2.67501 1.175 -1.75
    endloop
  endfacet
  facet normal 0 0.707095 -0.707119
    outer loop
      vertex -2.37501 1.47501 -1.45
      vertex -3.02499 1.175 -1.75
      vertex -3.32499 1.47501 -1.45
    endloop
  endfacet
  facet normal 0 1 -0
    outer loop
      vertex -2.37501 1.47501 -1.45
      vertex -3.32499 1.47501 2.06
      vertex -2.37501 1.47501 2.06
    endloop
  endfacet
  facet normal 0 1 0
    outer loop
      vertex -3.32499 1.47501 2.06
      vertex -2.37501 1.47501 -1.45
      vertex -3.32499 1.47501 -1.45
    endloop
  endfacet
  facet normal 0.408244 -0.408244 -0.816501
    outer loop
      vertex -2.37501 -1.47501 -1.45
      vertex -2.57501 -1.075 -1.75
      vertex -2.275 -1.375 -1.45
    endloop
  endfacet
  facet normal 0.408244 -0.408244 -0.816501
    outer loop
      vertex -2.57501 -1.075 -1.75
      vertex -2.37501 -1.47501 -1.45
      vertex -2.67501 -1.175 -1.75
    endloop
  endfacet
  facet normal 0 0 -1
    outer loop
      vertex -3.12499 -1.075 -1.75
      vertex -2.57501 -1.075 -1.75
      vertex -2.67501 -1.175 -1.75
    endloop
  endfacet
  facet normal 0 0 -1
    outer loop
      vertex -2.57501 -1.075 -1.75
      vertex -3.12499 -1.075 -1.75
      vertex -2.57501 1.075 -1.75
    endloop
  endfacet
  facet normal 0 0 -1
    outer loop
      vertex -3.12499 -1.075 -1.75
      vertex -2.67501 -1.175 -1.75
      vertex -3.02499 -1.175 -1.75
    endloop
  endfacet
  facet normal 0 0 -1
    outer loop
      vertex -3.12499 1.075 -1.75
      vertex -2.57501 1.075 -1.75
      vertex -3.12499 -1.075 -1.75
    endloop
  endfacet
  facet normal 0 0 -1
    outer loop
      vertex -2.57501 1.075 -1.75
      vertex -3.12499 1.075 -1.75
      vertex -2.67501 1.175 -1.75
    endloop
  endfacet
  facet normal -0 0 -1
    outer loop
      vertex -2.67501 1.175 -1.75
      vertex -3.12499 1.075 -1.75
      vertex -3.02499 1.175 -1.75
    endloop
  endfacet
  facet normal -0.707107 0.707107 0
    outer loop
      vertex 2.275 1.375 -1.45
      vertex 2.37501 1.47501 2.06
      vertex 2.37501 1.47501 -1.45
    endloop
  endfacet
  facet normal -0.707107 0.707107 0
    outer loop
      vertex 2.37501 1.47501 2.06
      vertex 2.275 1.375 -1.45
      vertex 2.275 1.375 2.06
    endloop
  endfacet
  facet normal -1 0 0
    outer loop
      vertex 2.275 -1.375 -1.45
      vertex 2.275 1.375 2.06
      vertex 2.275 1.375 -1.45
    endloop
  endfacet
  facet normal -1 -0 0
    outer loop
      vertex 2.275 1.375 2.06
      vertex 2.275 -1.375 -1.45
      vertex 2.275 -1.375 2.06
    endloop
  endfacet
  facet normal -0.408244 0.408244 -0.816501
    outer loop
      vertex 2.57501 1.075 -1.75
      vertex 2.37501 1.47501 -1.45
      vertex 2.67501 1.175 -1.75
    endloop
  endfacet
  facet normal -0.408244 0.408244 -0.816501
    outer loop
      vertex 2.37501 1.47501 -1.45
      vertex 2.57501 1.075 -1.75
      vertex 2.275 1.375 -1.45
    endloop
  endfacet
  facet normal 0 -1 0
    outer loop
      vertex 2.37501 -1.47501 -1.45
      vertex 3.32499 -1.47501 2.06
      vertex 2.37501 -1.47501 2.06
    endloop
  endfacet
  facet normal 0 -1 -0
    outer loop
      vertex 3.32499 -1.47501 2.06
      vertex 2.37501 -1.47501 -1.45
      vertex 3.32499 -1.47501 -1.45
    endloop
  endfacet
  facet normal -0.408244 -0.408244 -0.816501
    outer loop
      vertex 2.37501 -1.47501 -1.45
      vertex 2.57501 -1.075 -1.75
      vertex 2.67501 -1.175 -1.75
    endloop
  endfacet
  facet normal -0.408244 -0.408244 -0.816501
    outer loop
      vertex 2.57501 -1.075 -1.75
      vertex 2.37501 -1.47501 -1.45
      vertex 2.275 -1.375 -1.45
    endloop
  endfacet
  facet normal -0.707107 -0.707107 0
    outer loop
      vertex 2.37501 -1.47501 -1.45
      vertex 2.275 -1.375 2.06
      vertex 2.275 -1.375 -1.45
    endloop
  endfacet
  facet normal -0.707107 -0.707107 0
    outer loop
      vertex 2.275 -1.375 2.06
      vertex 2.37501 -1.47501 -1.45
      vertex 2.37501 -1.47501 2.06
    endloop
  endfacet
  facet normal -0.707095 0 -0.707119
    outer loop
      vertex 2.275 -1.375 -1.45
      vertex 2.57501 1.075 -1.75
      vertex 2.57501 -1.075 -1.75
    endloop
  endfacet
  facet normal -0.707095 0 -0.707119
    outer loop
      vertex 2.57501 1.075 -1.75
      vertex 2.275 -1.375 -1.45
      vertex 2.275 1.375 -1.45
    endloop
  endfacet
  facet normal 0.707107 0.707107 0
    outer loop
      vertex 3.425 1.375 2.06
      vertex 3.32499 1.47501 -1.45
      vertex 3.32499 1.47501 2.06
    endloop
  endfacet
  facet normal 0.707107 0.707107 0
    outer loop
      vertex 3.32499 1.47501 -1.45
      vertex 3.425 1.375 2.06
      vertex 3.425 1.375 -1.45
    endloop
  endfacet
  facet normal 0.408244 0.408244 -0.816501
    outer loop
      vertex 3.12499 1.075 -1.75
      vertex 3.32499 1.47501 -1.45
      vertex 3.425 1.375 -1.45
    endloop
  endfacet
  facet normal 0.408244 0.408244 -0.816501
    outer loop
      vertex 3.32499 1.47501 -1.45
      vertex 3.12499 1.075 -1.75
      vertex 3.02499 1.175 -1.75
    endloop
  endfacet
  facet normal 0.707107 -0.707107 0
    outer loop
      vertex 3.32499 -1.47501 2.06
      vertex 3.425 -1.375 -1.45
      vertex 3.425 -1.375 2.06
    endloop
  endfacet
  facet normal 0.707107 -0.707107 0
    outer loop
      vertex 3.425 -1.375 -1.45
      vertex 3.32499 -1.47501 2.06
      vertex 3.32499 -1.47501 -1.45
    endloop
  endfacet
  facet normal 1 -0 0
    outer loop
      vertex 3.425 -1.375 2.06
      vertex 3.425 1.375 -1.45
      vertex 3.425 1.375 2.06
    endloop
  endfacet
  facet normal 1 0 0
    outer loop
      vertex 3.425 1.375 -1.45
      vertex 3.425 -1.375 2.06
      vertex 3.425 -1.375 -1.45
    endloop
  endfacet
  facet normal 0 -0.707095 -0.707119
    outer loop
      vertex 3.32499 -1.47501 -1.45
      vertex 2.67501 -1.175 -1.75
      vertex 3.02499 -1.175 -1.75
    endloop
  endfacet
  facet normal 0 -0.707095 -0.707119
    outer loop
      vertex 2.67501 -1.175 -1.75
      vertex 3.32499 -1.47501 -1.45
      vertex 2.37501 -1.47501 -1.45
    endloop
  endfacet
  facet normal 0.707095 0 -0.707119
    outer loop
      vertex 3.12499 -1.075 -1.75
      vertex 3.425 1.375 -1.45
      vertex 3.425 -1.375 -1.45
    endloop
  endfacet
  facet normal 0.707095 0 -0.707119
    outer loop
      vertex 3.425 1.375 -1.45
      vertex 3.12499 -1.075 -1.75
      vertex 3.12499 1.075 -1.75
    endloop
  endfacet
  facet normal 0 0.707095 -0.707119
    outer loop
      vertex 2.67501 1.175 -1.75
      vertex 3.32499 1.47501 -1.45
      vertex 3.02499 1.175 -1.75
    endloop
  endfacet
  facet normal 0 0.707095 -0.707119
    outer loop
      vertex 3.32499 1.47501 -1.45
      vertex 2.67501 1.175 -1.75
      vertex 2.37501 1.47501 -1.45
    endloop
  endfacet
  facet normal 0 1 -0
    outer loop
      vertex 3.32499 1.47501 -1.45
      vertex 2.37501 1.47501 2.06
      vertex 3.32499 1.47501 2.06
    endloop
  endfacet
  facet normal 0 1 0
    outer loop
      vertex 2.37501 1.47501 2.06
      vertex 3.32499 1.47501 -1.45
      vertex 2.37501 1.47501 -1.45
    endloop
  endfacet
  facet normal 0.408244 -0.408244 -0.816501
    outer loop
      vertex 3.32499 -1.47501 -1.45
      vertex 3.12499 -1.075 -1.75
      vertex 3.425 -1.375 -1.45
    endloop
  endfacet
  facet normal 0.408244 -0.408244 -0.816501
    outer loop
      vertex 3.12499 -1.075 -1.75
      vertex 3.32499 -1.47501 -1.45
      vertex 3.02499 -1.175 -1.75
    endloop
  endfacet
  facet normal 0 0 -1
    outer loop
      vertex 2.57501 -1.075 -1.75
      vertex 3.12499 -1.075 -1.75
      vertex 3.02499 -1.175 -1.75
    endloop
  endfacet
  facet normal 0 0 -1
    outer loop
      vertex 3.12499 -1.075 -1.75
      vertex 2.57501 -1.075 -1.75
      vertex 3.12499 1.075 -1.75
    endloop
  endfacet
  facet normal 0 0 -1
    outer loop
      vertex 2.57501 -1.075 -1.75
      vertex 3.02499 -1.175 -1.75
      vertex 2.67501 -1.175 -1.75
    endloop
  endfacet
  facet normal 0 0 -1
    outer loop
      vertex 2.57501 1.075 -1.75
      vertex 3.12499 1.075 -1.75
      vertex 2.57501 -1.075 -1.75
    endloop
  endfacet
  facet normal 0 0 -1
    outer loop
      vertex 3.12499 1.075 -1.75
      vertex 2.57501 1.075 -1.75
      vertex 3.02499 1.175 -1.75
    endloop
  endfacet
  facet normal -0 0 -1
    outer loop
      vertex 3.02499 1.175 -1.75
      vertex 2.57501 1.075 -1.75
      vertex 2.67501 1.175 -1.75
    endloop
  endfacet
endsolid OpenSCAD_Model
